timestamp,elapsed_time,stimulus_id,stimulus_type,paper_category,frame_index,face_detected,left_ear,right_ear,avg_ear,eye_open,blink_state,gaze_x,gaze_y,yaw_proxy,pitch_proxy,roll_proxy_deg,head_center_x,head_center_y,head_movement,head_acceleration,mouth_open,eyebrow_signal
1781867860.417516,29.708354949951172,mechanical_puppy,mixed_social_nonsocial_movie,mixed,844,1,0.43298543628253194,0.4371966292415158,0.4350910327620239,1,0,0.5269737154245376,0.6373805224895477,0.04275290279956813,0.2475564055533338,-13.241827429288373,0.5287111401557922,0.685796320438385,0.0,0.0,0.002244530906551488,0.12592174022039102
1781867860.45218,29.743018865585327,mechanical_puppy,mixed_social_nonsocial_movie,mixed,845,1,0.45481448285097825,0.4484402903886387,0.4516273866198085,1,0,0.5270776003599167,0.6389183402061462,0.046508812949420955,0.24572301460519924,-12.54424960817288,0.5283416211605072,0.6863721609115601,0.0006842050412142,0.0006842050412142,0.009286910499798365,0.1270728404098833
1781867860.486727,29.777565956115723,mechanical_puppy,mixed_social_nonsocial_movie,mixed,846,1,0.4429483154727897,0.4487844952605859,0.44586640536668776,1,0,0.5267539292573928,0.6386401951313019,0.04744596501616636,0.2457676871731886,-12.713868261421304,0.5285979360342026,0.6857581734657288,0.0006653404377579326,1.8864603456267433e-05,0.005415384265204027,0.12800241931680237
1781867860.520384,29.811223030090332,mechanical_puppy,mixed_social_nonsocial_movie,mixed,847,1,0.43335666963593794,0.4637710587502614,0.4485638641930997,1,0,0.5271471083164215,0.6389446139335633,0.044741004524238764,0.24273737055532973,-12.860911480423873,0.5288031548261642,0.6859019100666046,0.0002505493225006842,0.00041479111525724843,0.006252582441508417,0.12794748599084996
1781867860.5556989,29.846537828445435,mechanical_puppy,mixed_social_nonsocial_movie,mixed,848,1,0.4224674596215154,0.44764026911048227,0.4350538643659988,1,0,0.5271858304738999,0.6389895975589752,0.04225002583368153,0.24558241631218786,-12.85772023553658,0.5293596088886261,0.6851498782634735,0.0009355174806228468,0.0006849681581221627,0.005895079548243587,0.12845666436877215
1781867860.589807,29.880645990371704,mechanical_puppy,mixed_social_nonsocial_movie,mixed,849,1,0.42079251019187386,0.4422359225192788,0.4315142163555763,1,0,0.5272610694169998,0.6386919856071471,0.04191846044720762,0.24496164417096108,-12.434482228112934,0.52942755818367,0.684868335723877,0.00028962615265104834,0.0006458913279717985,0.011841569523175497,0.12941323181346504
1781867860.625364,29.916203022003174,mechanical_puppy,mixed_social_nonsocial_movie,mixed,850,1,0.4260774913763357,0.42618599992503076,0.42613174565068324,1,0,0.5271070808172226,0.6387132227420806,0.0408169886269427,0.24807878966242813,-12.30390443933864,0.5294625759124756,0.6844351589679718,0.0004345898562866022,0.00014496370363555386,0.0029558985031144943,0.1291885266861047
1781867860.6589,29.9497389793396,mechanical_puppy,mixed_social_nonsocial_movie,mixed,851,1,0.43393969467182786,0.4088542028852887,0.42139694877855827,1,0,0.5268434405326843,0.6384902596473694,0.04442934335268191,0.24555891441243505,-12.368405078787449,0.5291863679885864,0.6845448315143585,0.00029718493341706785,0.00013740492286953436,0.004980317043518758,0.12856297440381784
1781867860.693381,29.984220027923584,mechanical_puppy,mixed_social_nonsocial_movie,mixed,852,1,0.41138657457639977,0.4149843911710633,0.4131854828737315,1,0,0.5266554355621338,0.6384435653686524,0.0444091637972586,0.24570481213096318,-12.623522067745418,0.5290398746728897,0.6842327117919922,0.0003447883591913372,4.760342577426937e-05,0.003417820662417429,0.13100722022232056
1781867860.728482,30.019320964813232,mechanical_puppy,mixed_social_nonsocial_movie,mixed,853,1,0.4174606929830015,0.41968202644345143,0.41857135971322645,1,0,0.526631373167038,0.6381172001361847,0.04150721021094798,0.24653893983839317,-13.027242457603581,0.5288242995738983,0.6839732229709625,0.00033735303695759706,7.435322233740151e-06,0.0020777472253554283,0.12921207207671742
1781867860.762136,30.052974939346313,mechanical_puppy,mixed_social_nonsocial_movie,mixed,854,1,0.3955616605589157,0.41058632637370596,0.4030739934663108,1,0,0.526091918349266,0.6378673315048218,0.03658601434036031,0.24512715014143566,-13.111773328183666,0.5291800051927567,0.6843166053295135,0.0004944066458407065,0.00015705360888310945,0.001640390067552404,0.13056541147238127
1781867860.79661,30.087449073791504,mechanical_puppy,mixed_social_nonsocial_movie,mixed,855,1,0.3854839423715849,0.4045090486963553,0.3949964955339701,1,0,0.5262072443962097,0.6374352812767028,0.04165313996721606,0.24427941335748804,-13.219253795225436,0.5287089049816132,0.6840339303016663,0.0005494002004986079,5.499355465790135e-05,0.0005789288629693502,0.13183148164310926
1781867860.8328068,30.123645782470703,mechanical_puppy,mixed_social_nonsocial_movie,mixed,856,1,0.3948133984094855,0.4243886662429141,0.4096010323261998,1,0,0.5257637172937393,0.6372889518737793,0.03547198576380376,0.24331948559879193,-12.946419658210692,0.5286813229322433,0.6843260228633881,0.0002933919461414088,0.00025600825435719905,0.0013675562251616832,0.1305419460624171
1781867860.8644428,30.15528178215027,mechanical_puppy,mixed_social_nonsocial_movie,mixed,857,1,0.423791656060484,0.4151377167554023,0.41946468640794315,1,0,0.5256141066551209,0.6372177720069885,0.03586260843035116,0.24695232415072707,-12.494481495767818,0.528345987200737,0.6837553679943085,0.0006618889879950724,0.00036849704185366357,0.0009682560371317149,0.13193667988453442
1781867860.899442,30.19028091430664,mechanical_puppy,mixed_social_nonsocial_movie,mixed,858,1,0.4231769696914332,0.40526610129320517,0.4142215354923192,1,0,0.5252256214618682,0.6369261980056763,0.03175021720857148,0.24675543181309986,-13.418283217899376,0.5282239615917206,0.6841253936290741,0.0003896270263207258,0.0002722619616743466,0.0007209470565121597,0.13069622222795588
1781867860.932526,30.22336506843567,mechanical_puppy,mixed_social_nonsocial_movie,mixed,859,1,0.41663589012862157,0.4047293818059257,0.4106826359672736,1,0,0.5251120537519456,0.6366977453231811,0.027582293002582647,0.24541814837336048,-13.31928990548373,0.528196781873703,0.6839155852794647,0.00021156152919972192,0.00017806549712100388,0.00302073885425506,0.12803462005090024
1781867860.9689841,30.259823083877563,mechanical_puppy,mixed_social_nonsocial_movie,mixed,860,1,0.4373648086648599,0.42939683217460284,0.43338082041973136,1,0,0.5251985222101212,0.6378041863441467,0.029723047384182716,0.24636402286140285,-13.625010826501066,0.5279105603694916,0.6835048496723175,0.0005006260964548733,0.0002890645672551514,0.0008738448997790536,0.12865964362531238
1781867861.0029492,30.293788194656372,mechanical_puppy,mixed_social_nonsocial_movie,mixed,861,1,0.42943202294825933,0.40846009615363055,0.41894605955094494,1,0,0.5245020627975464,0.6374308288097381,0.02238104752850784,0.24755823062461393,-13.181686837516853,0.5281228423118591,0.68422070145607,0.0007466641811128303,0.00024603808465795704,0.003768548108369394,0.1294181264406012
1781867861.0377119,30.328550815582275,mechanical_puppy,mixed_social_nonsocial_movie,mixed,862,1,0.44280886727782437,0.4232883671737501,0.43304861722578725,1,0,0.5241162419319152,0.6374262392520904,0.023266117326668268,0.24736869937655953,-12.822261983445088,0.5274048298597336,0.6843990683555603,0.0007398355440509379,6.828637061892452e-06,0.0009279507718199998,0.12845943570735438
1781867861.073007,30.36384606361389,mechanical_puppy,mixed_social_nonsocial_movie,mixed,863,1,0.4010265219800512,0.43175439399626,0.41639045798815555,1,0,0.5229822248220444,0.6363157808780671,0.02371250740233198,0.24328023342448146,-11.943469254331877,0.5266775786876678,0.6842919290065765,0.0007351007464093953,4.734797641542604e-06,0.0007990350667130082,0.12969528195594196
1781867861.10606,30.396898984909058,mechanical_puppy,mixed_social_nonsocial_movie,mixed,864,1,0.4261032655367297,0.4215062052845161,0.4238047354106229,1,0,0.5224801480770112,0.6354479432106017,0.019617950723123608,0.24649472967837943,-12.734165926488277,0.5259114801883698,0.6823311448097229,0.0021051321994729356,0.0013700314530635403,0.0015203514585667437,0.13166602503450628
1781867861.140945,30.43178391456604,mechanical_puppy,mixed_social_nonsocial_movie,mixed,865,1,0.41861411986154146,0.40237999941752356,0.41049705963953254,1,0,0.521387168765068,0.6336366236209869,0.020167377586141257,0.2441453041663321,-12.895975195341052,0.525129958987236,0.6806069910526276,0.0018930086016517387,0.00021212359782119689,0.006829330315657387,0.13171584920687304
1781867861.177556,30.468394994735718,mechanical_puppy,mixed_social_nonsocial_movie,mixed,866,1,0.4058477702578164,0.42652708181634824,0.4161874260370823,1,0,0.5211058855056763,0.6324378252029419,0.02012749451365083,0.24484441455975134,-12.49751300537467,0.5243463218212128,0.6808104813098907,0.0008096267613993464,0.0010833818402523924,0.003285610810357248,0.13165522287188833
1781867861.209284,30.500123023986816,mechanical_puppy,mixed_social_nonsocial_movie,mixed,867,1,0.3965534805486911,0.4255516599629688,0.41105257025583,1,0,0.520466873049736,0.6312327802181243,0.011721390433982572,0.2446050569106585,-13.108809247233369,0.5245822966098785,0.6795596480369568,0.0012728974733121822,0.00046327071191283587,0.0006505179718124219,0.1290642608018646
1781867861.2442071,30.535046100616455,mechanical_puppy,mixed_social_nonsocial_movie,mixed,868,1,0.4169178040045786,0.43245376493741366,0.42468578447099614,1,0,0.5202191829681396,0.6309258103370667,0.012317409923002143,0.24079285161094785,-13.522975095779739,0.5240907669067383,0.6794844567775726,0.0004972475988448071,0.0007756498744673751,0.0023006579188010854,0.13051043068084048
1781867861.279586,30.570425033569336,mechanical_puppy,mixed_social_nonsocial_movie,mixed,869,1,0.4218621362021871,0.4258379638051073,0.42385005000364717,1,0,0.519905561208725,0.6308543086051941,0.01945348867566896,0.24331746417240294,-13.675775236715245,0.5231502801179886,0.6790944039821625,0.0010181633380848037,0.0005209157392399966,0.0021095415581321294,0.1295522593290268
1781867861.3113868,30.60222578048706,mechanical_puppy,mixed_social_nonsocial_movie,mixed,870,1,0.4087427453930376,0.4217964003922789,0.41526957289265826,1,0,0.5188528597354889,0.6310402274131774,0.015371160664587189,0.24128212054144094,-12.644750730830747,0.5231636464595795,0.6792627573013306,0.0001688830931811624,0.0008492802449036413,0.0037042375910377396,0.12960534303218874
1781867861.346404,30.637243032455444,mechanical_puppy,mixed_social_nonsocial_movie,mixed,871,1,0.42647452826503107,0.4143992272414323,0.4204368777532317,1,0,0.5192430287599563,0.63199942111969,0.01243838925406593,0.2419916038091807,-11.900176264151284,0.5231514722108841,0.6788856983184814,0.00037725546898422906,0.00020837237580306666,0.0003173729497248147,0.13068754905735933
1781867861.381054,30.671892881393433,mechanical_puppy,mixed_social_nonsocial_movie,mixed,872,1,0.4511040565238637,0.4292292141973614,0.4401666353606125,1,0,0.519013062119484,0.631812995672226,0.00953477704531897,0.24424706620681652,-13.655766185066879,0.5230805277824402,0.6788707971572876,7.249245845022716e-05,0.0003047630105340019,0.0059459612390412924,0.12904993507967424
1781867861.415887,30.70672607421875,mechanical_puppy,mixed_social_nonsocial_movie,mixed,873,1,0.41673357497501995,0.44225835452306816,0.42949596474904406,1,0,0.5185775458812714,0.6321999967098236,0.012857032326615555,0.24391271923891497,-13.310926582991055,0.5227915644645691,0.6797033846378326,0.0008813068204861544,0.0008088143620359272,0.0003877793576362254,0.1299279511294301
1781867861.448554,30.73939299583435,mechanical_puppy,mixed_social_nonsocial_movie,mixed,874,1,0.4281369580756993,0.42277751148467235,0.4254572347801858,1,0,0.5185987740755081,0.6325436592102051,0.011959219896127856,0.24597047057309718,-13.30967550804823,0.5226063132286072,0.6798183917999268,0.00021804739796282615,0.0006632594225233282,0.0004624438249836065,0.1318687318206421
1781867861.483737,30.77457594871521,mechanical_puppy,mixed_social_nonsocial_movie,mixed,875,1,0.4166691562259068,0.4282740365378665,0.42247159638188664,1,0,0.5183926582336427,0.6323296070098877,0.015343482480454067,0.24600993926658243,-12.779751236447431,0.5220267623662949,0.6790920197963715,0.00092924458005193,0.0007111971820891038,0.0006424697479846782,0.12914051498186352
1781867861.519605,30.810443878173828,mechanical_puppy,mixed_social_nonsocial_movie,mixed,876,1,0.41930523309465667,0.42273590389649474,0.4210205684955757,1,0,0.5178416222333908,0.6325709640979766,0.010560263235649165,0.2440793404296328,-13.529132529947967,0.5219374299049377,0.6796694993972778,0.0005843483362816253,0.00034489624377030464,0.0009022366018886954,0.13023478201158326
1781867861.553845,30.84468388557434,mechanical_puppy,mixed_social_nonsocial_movie,mixed,877,1,0.43017486179144787,0.42448987074713407,0.42733236626929094,1,0,0.517683407664299,0.6323655307292938,0.005963982117752459,0.24238000397178155,-13.443134489754334,0.522330105304718,0.6805985867977142,0.0010086611756394055,0.00042431283935778015,0.0006091570839582812,0.12982928033075114
1781867861.588067,30.87890601158142,mechanical_puppy,mixed_social_nonsocial_movie,mixed,878,1,0.43086082735205067,0.42610597077462964,0.42848339906334015,1,0,0.5175391048192978,0.6320761561393737,0.006855492665488274,0.24471928795337045,-13.632012165998134,0.5219625681638718,0.6803247928619385,0.0004583084869048546,0.0005503526887345509,0.000506890759895654,0.1294062306619849
1781867861.624424,30.915262937545776,mechanical_puppy,mixed_social_nonsocial_movie,mixed,879,1,0.39647848444307626,0.4307368795438173,0.4136076819934468,1,0,0.5170186012983322,0.6328659355640411,0.0035836507333338397,0.2422911504574492,-12.925528211149274,0.5221961587667465,0.6810270547866821,0.0007400921433821947,0.0002817836564773401,0.0003898392471869457,0.13077928276933673
1781867861.6566248,30.947463750839233,mechanical_puppy,mixed_social_nonsocial_movie,mixed,880,1,0.4310168450105524,0.4470573217987101,0.4390370834046312,1,0,0.5171267211437225,0.6330384194850922,0.010468168370625103,0.24368187903879104,-13.051012766233738,0.5213740468025208,0.6799662709236145,0.001342062027578394,0.0006019698841961993,0.00030596333788789493,0.13060700572162828
1781867861.691058,30.98189687728882,mechanical_puppy,mixed_social_nonsocial_movie,mixed,881,1,0.4166079887898816,0.43240773634388574,0.42450786256688366,1,0,0.5170445293188095,0.6329952657222748,0.006141978102194422,0.2441839722891741,-13.025327180406835,0.5214781165122986,0.6794353723526001,0.000541002585204894,0.0008010594423734999,0.0003929497958707264,0.13139837984369873
1781867861.7266948,31.017533779144287,mechanical_puppy,mixed_social_nonsocial_movie,mixed,882,1,0.4483512349854552,0.43797349023162585,0.4431623626085405,1,0,0.5172309875488281,0.6328785657882691,0.004620408297753557,0.24296601453273203,-13.301062255727388,0.5214816033840179,0.6792904138565063,0.00014500042711712615,0.00039600215808776793,0.0014830419877943392,0.12894959758749328
1781867861.7594728,31.05031180381775,mechanical_puppy,mixed_social_nonsocial_movie,mixed,883,1,0.4329487378964532,0.41662848189036933,0.4247886098934113,1,0,0.5172294348478317,0.632362675666809,0.004440274924125365,0.24283711900073343,-13.51772818302628,0.5218609273433685,0.6798202693462372,0.0006516390919330331,0.000506638664815907,0.00034591224857728005,0.1287007212353395
1781867861.794857,31.08569598197937,mechanical_puppy,mixed_social_nonsocial_movie,mixed,884,1,0.42346619253221846,0.4086806890281408,0.4160734407801796,1,0,0.5169278442859649,0.6326652705669402,0.005824909100090569,0.2414644722249151,-13.38136825338086,0.521926999092102,0.680014967918396,0.000205604012561492,0.0004460350793715411,0.00031244283858075775,0.12968690447769599
1781867861.829431,31.120270013809204,mechanical_puppy,mixed_social_nonsocial_movie,mixed,885,1,0.42596808459311486,0.4195964912788629,0.4227822879359889,1,0,0.5168948650360108,0.6309025943279266,0.003439376555054903,0.2450421225719009,-13.268375198875393,0.5219265669584274,0.6788053810596466,0.0012095869359408313,0.0010039829233793392,0.0002997362032652742,0.12610318916647448
1781867861.863691,31.15453004837036,mechanical_puppy,mixed_social_nonsocial_movie,mixed,886,1,0.4399104552711298,0.4170274424992234,0.4284689488851766,1,0,0.5169957011938096,0.6306273639202118,0.004617601871511365,0.2443485816571874,-13.563724192290444,0.5219736546278,0.6790986657142639,0.00029704063230631255,0.0009125463036345188,0.0007651201342821646,0.1265900498870894
1781867861.897469,31.188308000564575,mechanical_puppy,mixed_social_nonsocial_movie,mixed,887,1,0.43538946471261153,0.40824213643309865,0.42181580057285506,1,0,0.5170220613479615,0.6296474039554596,-0.0012312876527568915,0.24492553752583962,-13.532596588625616,0.522231325507164,0.6788093149662018,0.0003874508194291767,9.041018712286416e-05,0.00035065838372254755,0.12614614422512632
1781867861.932257,31.223095893859863,mechanical_puppy,mixed_social_nonsocial_movie,mixed,888,1,0.4286175987718973,0.41434140084413745,0.42147949980801735,1,0,0.517209130525589,0.6294267654418946,0.005910850394694355,0.24908657356232686,-13.108734745125838,0.5221027582883835,0.6768987476825714,0.0019148882147592044,0.0015274373953300276,0.0004022668592963721,0.12606286596184552
1781867861.96618,31.25701904296875,mechanical_puppy,mixed_social_nonsocial_movie,mixed,889,1,0.449641382321186,0.43005360885518334,0.4398474955881847,1,0,0.5171524077653885,0.6295141398906707,0.003906607353059202,0.24779184639193677,-13.429239824148492,0.5222591459751129,0.6773988008499146,0.0005239372851119576,0.0013909509296472467,0.0004065792697718576,0.12564567331744111
1781867862.000968,31.291806936264038,mechanical_puppy,mixed_social_nonsocial_movie,mixed,890,1,0.4395112564493557,0.4184694111890911,0.42899033381922336,1,0,0.5172574013471603,0.6294726252555847,0.007603118067200937,0.2498135993023149,-13.546608198352672,0.5221890062093735,0.6775141656398773,0.0001350134123009168,0.0003889238728110408,0.0005923190685073302,0.12720701854784378
1781867862.0357609,31.326599836349487,mechanical_puppy,mixed_social_nonsocial_movie,mixed,891,1,0.45348205582138884,0.4296030476954001,0.44154255175839446,1,0,0.5175293058156967,0.6297813653945923,0.0008948678859952023,0.2464115821918843,-13.402531270315052,0.5225027799606323,0.6777437627315521,0.0003888043100128642,0.00025379089771194736,0.0005295156045883863,0.1259851225009593
1781867862.0713441,31.362183094024658,mechanical_puppy,mixed_social_nonsocial_movie,mixed,892,1,0.4459538299470975,0.4253451818552646,0.435649505901181,1,0,0.5173284530639648,0.6297825455665589,0.005117699102122091,0.24439052270583575,-13.256338262030512,0.5223242789506912,0.6787430346012115,0.0010150895921260516,0.0006262852821131874,0.00039370987536051455,0.12678942846076807
1781867862.105289,31.396127939224243,mechanical_puppy,mixed_social_nonsocial_movie,mixed,893,1,0.4649991758176088,0.43204868230866195,0.4485239290631354,1,0,0.517497119307518,0.6298476219177246,0.007120690442181684,0.2472717032225882,-12.934535883927204,0.5224881321191788,0.6785495579242706,0.0002535371478570929,0.0007615524442689586,0.00032156965269822247,0.1267057097558735
1781867862.13844,31.42927885055542,mechanical_puppy,mixed_social_nonsocial_movie,mixed,894,1,0.47028559863879554,0.4343845501713895,0.4523350744050925,1,0,0.5176928967237473,0.6291331708431245,0.0029912387584234658,0.24766194714943573,-13.63434904678149,0.5227776318788528,0.6770122051239014,0.0015643732750384607,0.0013108361271813678,0.0005412755341474364,0.12417900010773031
1781867862.175833,31.46667194366455,mechanical_puppy,mixed_social_nonsocial_movie,mixed,895,1,0.45036677048880003,0.4234206395233974,0.4368937050060987,1,0,0.5176319122314453,0.6291859447956085,0.004943969670313441,0.24690957428065255,-13.605379208026562,0.5225372165441513,0.6764448881149292,0.0006161559233090107,0.00094821735172945,0.0006448231355203457,0.12452130312125037
1781867862.207437,31.498275995254517,mechanical_puppy,mixed_social_nonsocial_movie,mixed,896,1,0.4404327893970485,0.4327632440847205,0.4365980167408845,1,0,0.5175019949674606,0.6292783379554749,0.009049372730551848,0.245059748165173,-12.976286719798114,0.5224157869815826,0.677897572517395,0.001457750702909484,0.0008415947796004732,0.0004262425052437998,0.12596141059034652
1781867862.2425652,31.533404111862183,mechanical_puppy,mixed_social_nonsocial_movie,mixed,897,1,0.44887665628400464,0.424215831195296,0.43654624373965034,1,0,0.5176409095525741,0.6290860772132874,0.001374526114081883,0.2448975590693099,-12.77686443055209,0.5228137075901031,0.6779355108737946,0.0003997250674796734,0.0010580256354298105,0.001706905456943545,0.12607138872581478
1781867862.27699,31.5678288936615,mechanical_puppy,mixed_social_nonsocial_movie,mixed,898,1,0.4315232884109808,0.43030485594722345,0.43091407217910216,1,0,0.5176729768514634,0.6289092242717743,0.007811415861936625,0.24641506940851304,-13.186639264065397,0.5223536491394043,0.6771073341369629,0.0009473808555636817,0.0005476557880840083,0.0003922915350963504,0.12670979726399914
1781867862.3113751,31.602214097976685,mechanical_puppy,mixed_social_nonsocial_movie,mixed,899,1,0.4364981562309534,0.4179155194025514,0.4272068378167524,1,0,0.5176732569932938,0.6285249054431915,0.002692161139721798,0.24567407984044917,-13.008000630872468,0.5226146429777145,0.6773075759410858,0.0003289598208813903,0.0006184210346822914,0.0007346696583874896,0.12634630730910676
1781867862.345005,31.635843992233276,mechanical_puppy,mixed_social_nonsocial_movie,mixed,900,1,0.44400734680690135,0.42646881130078207,0.4352380790538417,1,0,0.5175806611776352,0.6284031033515931,0.006901817793440153,0.24614816042105325,-13.24319102214246,0.5221739113330841,0.6768268048763275,0.0006522156079759788,0.00032325578709458856,0.002174647045224379,0.12612491252298474
1781867862.380162,31.671000957489014,mechanical_puppy,mixed_social_nonsocial_movie,mixed,901,1,0.4569584637693296,0.41614689779621916,0.43655268078277437,1,0,0.517388454079628,0.6291173577308655,0.0055549435663664925,0.24794747272941178,-13.127550120036636,0.5226083844900131,0.6770680546760559,0.0004969591431504761,0.00015525646482550273,0.00043294553048106235,0.1275108625228499
1781867862.4151459,31.705984830856323,mechanical_puppy,mixed_social_nonsocial_movie,mixed,902,1,0.4524741269006014,0.4194420730040231,0.4359580999523123,1,0,0.5177733391523361,0.6289567053318024,0.006633227622462361,0.245630092309291,-13.193594639222374,0.522434800863266,0.6775496304035187,0.0005119047340628744,1.4945590912398264e-05,0.0006972583338873079,0.12800759769958292
1781867862.448907,31.73974585533142,mechanical_puppy,mixed_social_nonsocial_movie,mixed,903,1,0.4466481623339858,0.41053002313008,0.42858909273203294,1,0,0.5180237770080567,0.6284965455532074,0.0064823130911189405,0.2424278470964853,-13.078080070363763,0.52242711186409,0.6772571802139282,0.0002925512503815724,0.00021935348368130197,0.0004224132315629282,0.12665407308283114
1781867862.483169,31.77400803565979,mechanical_puppy,mixed_social_nonsocial_movie,mixed,904,1,0.4472172520345159,0.4209167805026268,0.43406701626857136,1,0,0.5178999960422516,0.6285495400428771,0.006315483570844805,0.24284269559562238,-12.871776218438363,0.5223522633314133,0.6782541573047638,0.0009997827876568057,0.0007072315372752333,0.00030926263364209716,0.12668131825889065
1781867862.518323,31.809161901474,mechanical_puppy,mixed_social_nonsocial_movie,mixed,905,1,0.4499836231677662,0.43215947308881003,0.4410715481282881,1,0,0.5183185279369353,0.6285573482513428,0.005013843792345383,0.24641344002287338,-13.591891792127864,0.5223022252321243,0.6771239936351776,0.001131270847955057,0.00013148806029825134,0.000265774372013741,0.12628181006508085
1781867862.55258,31.843419075012207,mechanical_puppy,mixed_social_nonsocial_movie,mixed,906,1,0.44743887377185837,0.4370740796064451,0.44225647668915175,1,0,0.5182517707347869,0.6283808588981628,0.003221049278804597,0.244495021206057,-13.022405343036699,0.5223229229450226,0.6769168376922607,0.00020818736754422954,0.0009230834804108275,0.0005784195159342982,0.12682408382525667
1781867862.5859258,31.87676477432251,mechanical_puppy,mixed_social_nonsocial_movie,mixed,907,1,0.45431508810529786,0.4343409626288293,0.4443280253670636,1,0,0.5181994020938874,0.6277629792690278,0.0019114692724865696,0.24461206759641804,-12.813357206722712,0.5227784812450409,0.676860898733139,0.00045897988176301664,0.00025079251421878713,0.0004876188640276098,0.12644525750614347
1781867862.623981,31.914819955825806,mechanical_puppy,mixed_social_nonsocial_movie,mixed,908,1,0.4495440853889121,0.43491018703421586,0.44222713621156395,1,0,0.5186903148889541,0.6274888277053833,0.004707606404337185,0.24617477656058442,-12.890188031579408,0.5227497667074203,0.6766230762004852,0.0002395497478784595,0.00021943013388455715,0.0016155161861119904,0.1261411831495604
1781867862.655328,31.9461669921875,mechanical_puppy,mixed_social_nonsocial_movie,mixed,909,1,0.4359225585565701,0.4353297443273993,0.4356261514419847,1,0,0.5187247693538666,0.627522200345993,0.0061810717961821365,0.24590649695115016,-12.689538964176755,0.5229839980602264,0.6764838397502899,0.0002724905791038717,3.29408312254122e-05,0.0005723850515755762,0.1261374490571991
1781867862.6896498,31.980488777160645,mechanical_puppy,mixed_social_nonsocial_movie,mixed,910,1,0.4640503520796279,0.42669162225150353,0.4453709871655657,1,0,0.5187227666378021,0.6276521921157836,0.0046841261287201745,0.24524616497784785,-12.58623459406571,0.5233127325773239,0.6766387224197388,0.00036339375892674794,9.090317982287624e-05,0.00073295021929632,0.12668224000365108
1781867862.7255218,32.01636075973511,mechanical_puppy,mixed_social_nonsocial_movie,mixed,911,1,0.43900880721749413,0.4255714523892075,0.4322901298033508,1,0,0.5190908253192902,0.6270274341106414,0.005514631134994344,0.2444597379522541,-11.98056952935845,0.5237869620323181,0.6764150857925415,0.000524315665423289,0.00016092190649654104,0.0022684084994887437,0.1267581848230026
1781867862.75866,32.04949903488159,mechanical_puppy,mixed_social_nonsocial_movie,mixed,912,1,0.4637437264141177,0.44925305812175187,0.45649839226793476,1,0,0.5194860249757767,0.6279650628566742,0.002853884929791763,0.24344156714236728,-12.722322459691501,0.5239936411380768,0.6765807569026947,0.00026488331298251956,0.0002594323524407694,0.0004021477535409363,0.12701758645207137
1781867862.792613,32.083451986312866,mechanical_puppy,mixed_social_nonsocial_movie,mixed,913,1,0.43513229790502767,0.4290735025918077,0.4321029002484177,1,0,0.5189975887537002,0.6273227274417876,0.004435406582560672,0.24050257738647615,-12.168300078689033,0.5240932255983353,0.6770059764385223,0.00043672499169894593,0.00017184167871642637,0.000444577074456378,0.12578113208774377
1781867862.828465,32.119303941726685,mechanical_puppy,mixed_social_nonsocial_movie,mixed,914,1,0.431860425182193,0.43072437697409205,0.4312924010781425,1,0,0.5182266116142273,0.6266307234764099,0.0021918767896704655,0.24357511166351342,-11.932022239624718,0.5237590223550797,0.6767051815986633,0.00044963245377572413,1.2907462076778198e-05,0.0004537339059368732,0.12655114038260445
1781867862.862117,32.15295600891113,mechanical_puppy,mixed_social_nonsocial_movie,mixed,915,1,0.4256209502352878,0.42544787345899454,0.42553441184714114,1,0,0.5122180700302124,0.6269553005695343,-0.038406864875150604,0.2484573178165663,-10.638554900696011,0.5222980976104736,0.6758408546447754,0.001697457567251495,0.0012478251134757708,0.001934237974026112,0.12782157540879094
1781867862.896184,32.18702292442322,mechanical_puppy,mixed_social_nonsocial_movie,mixed,916,1,0.37831283617966455,0.36936315665700115,0.3738379964183328,1,0,0.5025536566972733,0.6284926056861877,-0.11238619013046017,0.24947727126570335,-8.274798973581124,0.5193986296653748,0.6719971895217896,0.004814631444078939,0.003117173876827444,0.0018243256565969714,0.13653986795619072
1781867862.930763,32.22160196304321,mechanical_puppy,mixed_social_nonsocial_movie,mixed,917,1,0.2733375873238672,0.2577174173268266,0.26552750232534694,1,0,0.4825979083776474,0.6282246291637421,-0.24787553670283835,0.2375903208175498,-8.80044316623038,0.5138343721628189,0.6689485907554626,0.006344676192903698,0.0015300447488247586,0.0021486735591374384,0.15130630548055024
1781867862.965495,32.25633406639099,mechanical_puppy,mixed_social_nonsocial_movie,mixed,918,1,0.3405754346948144,0.2819861702059537,0.31128080245038403,1,0,0.4562347173690796,0.6272082149982452,-0.5100476074434865,0.2273096562993633,-8.176266554162464,0.5142944157123566,0.6600791811943054,0.008881332446824543,0.0025366562539208453,0.008654925538249507,0.16004887048478775
1781867862.999836,32.290674924850464,mechanical_puppy,mixed_social_nonsocial_movie,mixed,919,1,0.506790462348088,0.24839275161479296,0.37759160698144045,1,0,0.43324487209320073,0.6192065834999085,-0.7946410856899417,0.24054782561142846,-4.4220909843759335,0.5177449136972427,0.6491530239582062,0.011458047315824253,0.0025767148689997098,0.00180114801167142,0.1510424926020368
1781867863.033212,32.32405090332031,mechanical_puppy,mixed_social_nonsocial_movie,mixed,920,1,1.542669739053718,0.3775373233530006,0.9601035312033593,1,0,0.4334003418684006,0.6080761313438415,-1.045491437057387,0.20584696641187478,0.809431401590338,0.5178392082452774,0.6500478386878967,0.0008997693383641374,0.010558277977460116,0.002162576328143457,0.1313729314764384
1781867863.070091,32.3609299659729,mechanical_puppy,mixed_social_nonsocial_movie,mixed,921,1,1.6804362823418224,0.42125789407913367,1.0508470882104781,1,0,0.4240305334329605,0.5977586805820465,-0.9807065225500649,0.2103845668663865,10.677706318346791,0.5137532502412796,0.6443320214748383,0.007026067123471653,0.006126297785107515,0.013013319407274905,0.1100971991607654
1781867863.101722,32.392560958862305,mechanical_puppy,mixed_social_nonsocial_movie,mixed,922,0,0,0,0,0,0,0,0,0,0,0,0,0,0,0,0,0
1781867863.137774,32.42861294746399,mechanical_puppy,mixed_social_nonsocial_movie,mixed,923,0,0,0,0,0,0,0,0,0,0,0,0,0,0,0,0,0
1781867863.172412,32.46325087547302,mechanical_puppy,mixed_social_nonsocial_movie,mixed,924,0,0,0,0,0,0,0,0,0,0,0,0,0,0,0,0,0
1781867863.20668,32.49751901626587,mechanical_puppy,mixed_social_nonsocial_movie,mixed,925,0,0,0,0,0,0,0,0,0,0,0,0,0,0,0,0,0
1781867863.239635,32.530473947525024,mechanical_puppy,mixed_social_nonsocial_movie,mixed,926,0,0,0,0,0,0,0,0,0,0,0,0,0,0,0,0,0
1781867863.2762518,32.5670907497406,mechanical_puppy,mixed_social_nonsocial_movie,mixed,927,0,0,0,0,0,0,0,0,0,0,0,0,0,0,0,0,0
1781867863.309987,32.600826025009155,mechanical_puppy,mixed_social_nonsocial_movie,mixed,928,0,0,0,0,0,0,0,0,0,0,0,0,0,0,0,0,0
1781867863.344247,32.63508605957031,mechanical_puppy,mixed_social_nonsocial_movie,mixed,929,0,0,0,0,0,0,0,0,0,0,0,0,0,0,0,0,0
1781867863.378717,32.66955590248108,mechanical_puppy,mixed_social_nonsocial_movie,mixed,930,0,0,0,0,0,0,0,0,0,0,0,0,0,0,0,0,0
1781867863.414825,32.70566391944885,mechanical_puppy,mixed_social_nonsocial_movie,mixed,931,0,0,0,0,0,0,0,0,0,0,0,0,0,0,0,0,0
1781867863.447144,32.737982988357544,mechanical_puppy,mixed_social_nonsocial_movie,mixed,932,0,0,0,0,0,0,0,0,0,0,0,0,0,0,0,0,0
1781867863.482531,32.773370027542114,mechanical_puppy,mixed_social_nonsocial_movie,mixed,933,0,0,0,0,0,0,0,0,0,0,0,0,0,0,0,0,0
1781867863.516282,32.80712103843689,mechanical_puppy,mixed_social_nonsocial_movie,mixed,934,0,0,0,0,0,0,0,0,0,0,0,0,0,0,0,0,0
1781867863.549422,32.84026098251343,mechanical_puppy,mixed_social_nonsocial_movie,mixed,935,0,0,0,0,0,0,0,0,0,0,0,0,0,0,0,0,0
1781867863.584544,32.87538290023804,mechanical_puppy,mixed_social_nonsocial_movie,mixed,936,0,0,0,0,0,0,0,0,0,0,0,0,0,0,0,0,0
1781867863.618836,32.909674882888794,mechanical_puppy,mixed_social_nonsocial_movie,mixed,937,0,0,0,0,0,0,0,0,0,0,0,0,0,0,0,0,0
1781867863.6534898,32.94432878494263,mechanical_puppy,mixed_social_nonsocial_movie,mixed,938,0,0,0,0,0,0,0,0,0,0,0,0,0,0,0,0,0
1781867863.687826,32.97866487503052,mechanical_puppy,mixed_social_nonsocial_movie,mixed,939,0,0,0,0,0,0,0,0,0,0,0,0,0,0,0,0,0
1781867863.723236,33.01407504081726,mechanical_puppy,mixed_social_nonsocial_movie,mixed,940,0,0,0,0,0,0,0,0,0,0,0,0,0,0,0,0,0
1781867863.756974,33.047812938690186,mechanical_puppy,mixed_social_nonsocial_movie,mixed,941,0,0,0,0,0,0,0,0,0,0,0,0,0,0,0,0,0
1781867863.792473,33.083312034606934,mechanical_puppy,mixed_social_nonsocial_movie,mixed,942,0,0,0,0,0,0,0,0,0,0,0,0,0,0,0,0,0
1781867863.82799,33.118829011917114,mechanical_puppy,mixed_social_nonsocial_movie,mixed,943,0,0,0,0,0,0,0,0,0,0,0,0,0,0,0,0,0
1781867863.8605802,33.151419162750244,mechanical_puppy,mixed_social_nonsocial_movie,mixed,944,0,0,0,0,0,0,0,0,0,0,0,0,0,0,0,0,0
1781867863.895635,33.18647384643555,mechanical_puppy,mixed_social_nonsocial_movie,mixed,945,1,0.9958959794703561,0.39582153077161986,0.695858755120988,1,0,0.426169353723526,0.5653329849243164,-0.8909381222846794,0.14801841494280762,1.8850983219377004,0.4955788552761078,0.6299197971820831,0.02319527627373176,0.016169209150260107,0.01562036139254051,0.11948650072827686
1781867863.929667,33.22050595283508,mechanical_puppy,mixed_social_nonsocial_movie,mixed,946,1,0.6598354496776682,0.20645604307998525,0.4331457463788267,1,0,0.4354728817939758,0.5633525609970094,-1.0241267072567584,0.1823597916747642,-0.9214029162664553,0.5150872021913528,0.6224519312381744,0.020888863567023998,0.0023064127067077625,0.000643410078881314,0.1392612940917041
1781867863.963661,33.25449991226196,mechanical_puppy,mixed_social_nonsocial_movie,mixed,947,1,0.31694671257976587,0.2663578774814783,0.29165229503062207,1,0,0.46515917479991914,0.5629566252231598,-0.5192823863388395,0.1927870238460298,3.5124519468560846,0.5127251297235489,0.6224132180213928,0.0023623896918821517,0.018526473875141846,0.01773195861784474,0.1572364517112957
1781867863.998274,33.28911304473877,mechanical_puppy,mixed_social_nonsocial_movie,mixed,948,1,0.39048679845427453,0.2998334467991578,0.34516012262671614,1,0,0.48307254910469055,0.5665290594100952,-0.3554374144710471,0.19657694780069232,5.16236760473942,0.5227628350257874,0.6288981139659882,0.01195028883110426,0.009587899139222108,0.013655102937486124,0.14841922786309197
1781867864.032845,33.323683977127075,mechanical_puppy,mixed_social_nonsocial_movie,mixed,949,1,0.4563432061365627,0.26238364764359035,0.3593634268900765,1,0,0.510929498076439,0.5747333109378814,-0.22271625085096983,0.20323017384639952,6.147109039123918,0.5293756425380707,0.6397104859352112,0.012674249910560802,0.0007239610794565424,0.0012174905267454993,0.14796250366999503
1781867864.065804,33.356642961502075,mechanical_puppy,mixed_social_nonsocial_movie,mixed,950,1,0.37552303356257694,0.29208862574244016,0.33380582965250855,1,0,0.5225362092256546,0.585136765241623,-0.0968939069670932,0.21019560890533862,5.823282625724799,0.5312023460865021,0.6489482223987579,0.009416614084892357,0.003257635825668445,0.0024912569071867787,0.14560886272454818
1781867864.101023,33.39186191558838,mechanical_puppy,mixed_social_nonsocial_movie,mixed,951,1,0.4568772607599646,0.3518934405283818,0.4043853506441732,1,0,0.5315694957971573,0.5968933939933777,-0.016916906500160502,0.21193339815281614,5.386421597624101,0.5331230759620667,0.6572698950767517,0.008540458969783438,0.0008761551151089189,0.00022774772183335534,0.13677817494057604
1781867864.135038,33.42587685585022,mechanical_puppy,mixed_social_nonsocial_movie,mixed,952,1,0.3948465844593854,0.3957580130164026,0.395302298737894,1,0,0.5361675411462784,0.6070999503135681,0.03286683049674493,0.2215569684551423,7.227275007054837,0.5329265594482422,0.666260689496994,0.00899294184609608,0.0004524828763126411,0.006031685618917444,0.1307806682887561
1781867864.1707861,33.46162509918213,mechanical_puppy,mixed_social_nonsocial_movie,mixed,953,1,0.4360553797456017,0.4402190883155423,0.43813723403057203,1,0,0.5371544182300567,0.6151520192623139,0.04193785452924717,0.22500599993354126,8.36195695887767,0.5322515070438385,0.6722410619258881,0.006018351114463764,0.0029745907316323155,0.0014277158022210205,0.126330829401119
1781867864.204009,33.494848012924194,mechanical_puppy,mixed_social_nonsocial_movie,mixed,954,1,0.45984033392368234,0.4175086589215661,0.43867449642262424,1,0,0.5381026297807694,0.6227995395660401,0.03795757432460648,0.2355326005623044,7.705725118289851,0.5319825857877731,0.6769023239612579,0.004669013001089659,0.0013493381133741046,0.002787801976747449,0.12775239178841896
1781867864.239211,33.53005003929138,mechanical_puppy,mixed_social_nonsocial_movie,mixed,955,1,0.4630679678874072,0.4503753877878366,0.45672167783762185,1,0,0.5372674733400344,0.6280347347259522,0.03425189081004409,0.2384295093992079,6.655493340644631,0.5305443853139877,0.6804376244544983,0.003816643837234758,0.0008523691638549014,0.0006935126349932815,0.1293597225104841
1781867864.2730172,33.56385612487793,mechanical_puppy,mixed_social_nonsocial_movie,mixed,956,1,0.4253397979341346,0.42933833370291913,0.4273390658185269,1,0,0.5343567550182342,0.6338143050670624,0.0374153254193413,0.24114301145659148,6.408650721733106,0.5278535634279251,0.6849132180213928,0.005222208364144552,0.0014055645269097942,0.0012543669984438424,0.12807228231635032
1781867864.308547,33.59938597679138,mechanical_puppy,mixed_social_nonsocial_movie,mixed,957,1,0.45584434407408236,0.41510140698032827,0.4354728755272053,1,0,0.5315283060073852,0.6369444370269775,0.021426885939827802,0.2498035888206596,5.798279565719568,0.5262848734855652,0.6881405115127563,0.0035883438261485696,0.0016338645379959825,0.0004397997020209889,0.12569850596750864
1781867864.342189,33.63302803039551,mechanical_puppy,mixed_social_nonsocial_movie,mixed,958,1,0.43659522196977885,0.41439327110637797,0.42549424653807844,1,0,0.5275373220443725,0.6423524796962738,0.01759707978937021,0.2442074152332221,5.693498484810706,0.5248101651668549,0.6932952404022217,0.005361529124154968,0.0017731852980063982,0.001500792829804995,0.131174083820633
1781867864.3762372,33.667076110839844,mechanical_puppy,mixed_social_nonsocial_movie,mixed,959,1,0.4646913120584714,0.43531673788819836,0.4500040249733349,1,0,0.5251255989074707,0.6457446038722991,0.013648054419920253,0.24940953416059045,4.5109879457080355,0.5225633233785629,0.6956340670585632,0.0032432095445759732,0.0021183195795789946,0.00045103782415419676,0.12614442943078602
1781867864.4118888,33.70272779464722,mechanical_puppy,mixed_social_nonsocial_movie,mixed,960,1,0.44820954538210883,0.43225890005983797,0.4402342227209734,1,0,0.5227090924978256,0.6502149999141693,0.001337372771141116,0.2476852602809296,4.341445008692465,0.5214154720306396,0.6995079815387726,0.004040393064654102,0.0007971835200781289,0.00024072951410491325,0.12900923564578362
1781867864.4454982,33.736337184906006,mechanical_puppy,mixed_social_nonsocial_movie,mixed,961,1,0.4416944332653054,0.4279467129048895,0.4348205730850975,1,0,0.5215480923652649,0.6524694979190826,0.002600618564635742,0.25255675274179235,4.109277929459001,0.5197015106678009,0.7024123072624207,0.0033723539942224247,0.0006680390704316775,0.003974629882971608,0.12709067735327986
1781867864.480809,33.771647930145264,mechanical_puppy,mixed_social_nonsocial_movie,mixed,962,1,0.48063610526959005,0.4321402265885857,0.4563881659290879,1,0,0.5202739596366882,0.654892361164093,-0.002559693752157504,0.2560780856777902,3.9168503959686296,0.5203442275524139,0.7028719484806061,0.0007901614032725651,0.0025821925909498594,0.0007075773533357243,0.12565911008171218
1781867864.514312,33.80515098571777,mechanical_puppy,mixed_social_nonsocial_movie,mixed,963,1,0.4486065528431746,0.4301183266816577,0.4393624397624162,1,0,0.5201938092708587,0.6573238790035247,-0.0016921247964559586,0.25336931822732595,2.8381414779537972,0.5210390686988831,0.7064299881458282,0.003625251781341648,0.0028350903780690827,6.113866292337949e-05,0.12931717123723493
1781867864.548692,33.83953094482422,mechanical_puppy,mixed_social_nonsocial_movie,mixed,964,1,0.4662880160295754,0.4103236076121959,0.4383058118208857,1,0,0.5216313749551773,0.6586870968341827,-0.015055846041803048,0.25980335587747444,2.9501147061598227,0.5232475101947784,0.7063117623329163,0.0022116037582784465,0.0014136480230632015,0.0009616524737021848,0.1300242329324663
1781867864.584474,33.87531304359436,mechanical_puppy,mixed_social_nonsocial_movie,mixed,965,1,0.4409116513182709,0.4273436036042579,0.43412762746126443,1,0,0.5236213088035584,0.6595887660980224,-0.011945212904520233,0.25731515563635815,3.2000509809463864,0.5250322371721268,0.7076049149036407,0.002203972312631501,7.631445646945258e-06,0.00172449132900447,0.12989646623753612
1781867864.618112,33.90895104408264,mechanical_puppy,mixed_social_nonsocial_movie,mixed,966,1,0.46086748319738896,0.43995975525097897,0.450413619224184,1,0,0.5265515118837356,0.6599521279335022,-0.009109707938596914,0.2617610415000691,3.420753223317425,0.5277852118015289,0.7083524465560913,0.0028526606670873826,0.0006486883544558814,0.0004928394212827943,0.1277720525412562
1781867864.65248,33.94331884384155,mechanical_puppy,mixed_social_nonsocial_movie,mixed,967,1,0.47675163479590593,0.4174648321909234,0.44710823349341466,1,0,0.5296744555234909,0.661588978767395,-0.011974346366067699,0.2613970125778688,5.3006539976577285,0.5297794193029404,0.7081983685493469,0.002000150892019893,0.0008525097750674898,0.0004218166969225609,0.12956508542444853
1781867864.686626,33.9774649143219,mechanical_puppy,mixed_social_nonsocial_movie,mixed,968,1,0.4478984526664808,0.3985876768318926,0.4232430647491867,1,0,0.5326049298048019,0.6617130279541016,-0.01314557638296224,0.2613595523723837,6.011906104994159,0.5317621976137161,0.7076983153820038,0.0020448625870343145,4.471169501442168e-05,0.0004407385230775218,0.12876474149950398
1781867864.721921,34.01275992393494,mechanical_puppy,mixed_social_nonsocial_movie,mixed,969,1,0.4586512364125883,0.41475722632138673,0.43670423136698755,1,0,0.5350777536630631,0.6637733817100525,-0.00648000183109356,0.2570135736291945,7.654494834975592,0.5330322086811066,0.7107249200344086,0.0032822650461613394,0.0012374024591270249,0.0013819853699083284,0.12762025372176763
1781867864.7552419,34.04608082771301,mechanical_puppy,mixed_social_nonsocial_movie,mixed,970,1,0.44233383512068025,0.4074252624575064,0.4248795487890933,1,0,0.5359298348426819,0.6627506613731384,0.0002472599169404186,0.2608822432614291,8.089815574040172,0.533796027302742,0.7088960111141205,0.0019820006875544698,0.0013002643586068697,0.00023608818765925334,0.1279858516226005
1781867864.790739,34.08157801628113,mechanical_puppy,mixed_social_nonsocial_movie,mixed,971,1,0.41306577118820614,0.3930711725253133,0.40306847185675976,1,0,0.5369925081729889,0.6622904181480408,-0.007134138829390056,0.2627827880107545,8.745812492301226,0.5347152054309845,0.7078862190246582,0.0013654920341693577,0.0006165086533851121,0.0006269173098061361,0.1274605519175396
1781867864.82618,34.117018938064575,mechanical_puppy,mixed_social_nonsocial_movie,mixed,972,1,0.4189077535142141,0.43185284271026414,0.4253802981122391,1,0,0.5376305729150772,0.6622902572154998,0.005651241966516763,0.2593157773851738,9.630642002901974,0.5342287421226501,0.7096171975135803,0.0017980358949327747,0.000432543860763417,0.00020427862036144408,0.1274928348260292
1781867864.8589592,34.14979815483093,mechanical_puppy,mixed_social_nonsocial_movie,mixed,973,1,0.4114283417392955,0.41991945198529246,0.41567389686229395,1,0,0.5370817333459854,0.6618167281150817,-8.458950015025478e-05,0.2566701552134905,8.345098443085398,0.5344380438327789,0.7076745331287384,0.001953906885702608,0.00015587099076983337,0.00025173232266196004,0.12793532908223895
1781867864.892971,34.183809995651245,mechanical_puppy,mixed_social_nonsocial_movie,mixed,974,1,0.4247717785522599,0.4257366328591009,0.4252542057056804,1,0,0.5364999264478684,0.6609124183654785,0.0027518018373816067,0.2579317737861783,9.18049575731368,0.5338560938835144,0.707541435956955,0.0005969762144220968,0.0013569306712805113,0.00044653480009216576,0.1265634282152744
1781867864.929491,34.220329999923706,mechanical_puppy,mixed_social_nonsocial_movie,mixed,975,1,0.4045633752084627,0.4000200953933365,0.40229173530089957,1,0,0.5360854059457779,0.6605242609977722,0.0006586798540435093,0.2577929118678686,8.338322849419773,0.5335271060466766,0.7067461013793945,0.0008606916329617789,0.00026371541853968217,0.007293446663991525,0.12816992029056795
1781867864.9616551,34.25249409675598,mechanical_puppy,mixed_social_nonsocial_movie,mixed,976,1,0.3955943277776657,0.3987905601815784,0.39719244397962206,1,0,0.5360982537269592,0.6610557377338409,-0.0038799942134922507,0.25936732119861683,8.04536481212093,0.5338588058948517,0.7057137489318848,0.0010843322208432035,0.00022364058788142452,0.0045159588849785215,0.12878597625245244
1781867864.99934,34.29017901420593,mechanical_puppy,mixed_social_nonsocial_movie,mixed,977,1,0.40315649871849585,0.3916043610586343,0.39738042988856503,1,0,0.5370322614908218,0.6612184107303619,0.00035322215237132025,0.25809713031007814,8.03285894178641,0.5338759422302246,0.7070211172103882,0.0013074805809751072,0.00022314836013190373,0.003866296671352554,0.1292706647872356
1781867865.032213,34.32305192947388,mechanical_puppy,mixed_social_nonsocial_movie,mixed,978,1,0.4106304014468373,0.37526086480645793,0.39294563312664765,1,0,0.5377525895833969,0.6623063325881957,0.009045223007485111,0.26349405453357144,7.770243650643968,0.5333610326051712,0.7061777114868164,0.0009881625051206264,0.00031931807585448076,0.005010758145096313,0.12887499988394846
1781867865.065883,34.35672187805176,mechanical_puppy,mixed_social_nonsocial_movie,mixed,979,1,0.4476219834402519,0.40748064737234263,0.42755131540629726,1,0,0.5396767377853393,0.6625551760196686,0.009554276278687285,0.26512691608746936,7.853656495617681,0.5343726873397827,0.7048127055168152,0.0016990251911613496,0.0007108626860407232,0.006377684002387626,0.12723806602578486
1781867865.100408,34.391247034072876,mechanical_puppy,mixed_social_nonsocial_movie,mixed,980,1,0.43192240746344684,0.42362000762072133,0.4277712075420841,1,0,0.540634462237358,0.6633538961410522,0.01665815245007377,0.259772932322794,8.038937381903914,0.535077303647995,0.7061499059200287,0.001511485712851118,0.0001875394783102315,0.0005780515241882416,0.12806891004652537
1781867865.134232,34.425071001052856,mechanical_puppy,mixed_social_nonsocial_movie,mixed,981,1,0.44723082331387,0.45565517217919876,0.4514429977465344,1,0,0.541727602481842,0.6624940037727356,0.015778276820776354,0.259977853138704,8.052946159605115,0.5362222790718079,0.706561267375946,0.0012166293472335365,0.0002948563656175816,0.0002295933465404356,0.12709912838420384
1781867865.1681752,34.45901417732239,mechanical_puppy,mixed_social_nonsocial_movie,mixed,982,1,0.4327243769851447,0.4202821236860538,0.4265032503355992,1,0,0.5420667648315429,0.6622541129589081,0.02366768768277432,0.2583590272221516,7.613685664494123,0.5357836484909058,0.7071026861667633,0.000696800612480025,0.0005198287347535115,0.000400094718203689,0.12813859497196983
1781867865.203208,34.49404692649841,mechanical_puppy,mixed_social_nonsocial_movie,mixed,983,1,0.4511837592748188,0.4270815548153318,0.4391326570450753,1,0,0.5423317372798919,0.6614396929740906,0.018376744306190972,0.2572714322497476,8.173597198934448,0.5365211665630341,0.7068605720996857,0.0007762423128074846,7.944170032745952e-05,0.0009512738700144356,0.12590040050514675
1781867865.23718,34.528018951416016,mechanical_puppy,mixed_social_nonsocial_movie,mixed,984,1,0.47450869468787754,0.4445869694970404,0.459547832092459,1,0,0.5423068642616271,0.6604269742965698,0.01650578063376714,0.25814603680463766,7.809355519087527,0.5374220609664917,0.7060097455978394,0.0012391595790798434,0.00046291726627235884,0.000556890833247608,0.12556960306760964
1781867865.2714791,34.562318086624146,mechanical_puppy,mixed_social_nonsocial_movie,mixed,985,1,0.47246240420300195,0.41480446627608114,0.4436334352395416,1,0,0.5425044029951096,0.6591585934162141,0.01852726674062228,0.25626789675565054,7.887130202153517,0.537247970700264,0.7046287953853607,0.0013918803505115064,0.00015272077143166298,0.0006606765161843246,0.1290018238773687
1781867865.305473,34.596312046051025,mechanical_puppy,mixed_social_nonsocial_movie,mixed,986,1,0.47066249877577016,0.4282680580635824,0.4494652784196763,1,0,0.5425971508026123,0.6578980386257172,0.025162386939224988,0.2592488828333911,8.392453918031759,0.5367395430803299,0.7037420868873596,0.001022130424720446,0.0003697499257910603,0.0010239451964266866,0.12697545583900757
1781867865.3400052,34.63084411621094,mechanical_puppy,mixed_social_nonsocial_movie,mixed,987,1,0.45254444979247815,0.4129817793595767,0.43276311457602745,1,0,0.5429822355508804,0.6571749389171601,0.023772909130499727,0.25551665051439587,7.698269065433879,0.5370529294013977,0.7036984264850616,0.0003164130480262112,0.0007057173766942349,0.0014351431199477109,0.12779514131946484
1781867865.37519,34.66602897644043,mechanical_puppy,mixed_social_nonsocial_movie,mixed,988,1,0.4327783795826633,0.43679941982108217,0.43478889970187273,1,0,0.5429007053375244,0.6566182136535645,0.029730401286924654,0.258683208322789,8.246614720880427,0.5367604494094849,0.7029339373111725,0.0008185280952191358,0.0005021150471929245,0.0012547262404454852,0.12983256841403953
1781867865.409478,34.70031690597534,mechanical_puppy,mixed_social_nonsocial_movie,mixed,989,1,0.3618148249416655,0.28101635823860094,0.3214155915901332,1,0,0.5413951694965362,0.6606900095939636,0.031576588740646734,0.2539027347059551,7.6470055660945,0.5361085385084152,0.7039244771003723,0.0011858148662086646,0.0003672867709895288,0.001674836123999915,0.14675564002930785
1781867865.443895,34.73473405838013,mechanical_puppy,mixed_social_nonsocial_movie,mixed,990,1,0.2654605073920928,0.10788550827280699,0.1866730078324499,1,0,0.5433282554149628,0.6645673334598541,0.025364033128247473,0.24752696771761235,6.721729198460316,0.5374723374843597,0.705707848072052,0.0022450745353811913,0.0010592596691725267,0.0011727717764938963,0.1610427993308548
1781867865.4779751,34.76881408691406,mechanical_puppy,mixed_social_nonsocial_movie,mixed,991,1,0.23578483378756918,0.05124412277221473,0.14351447827989194,0,1,0.5438416093587876,0.6645975232124328,0.031075975911145942,0.2527470277075402,7.8676283529126465,0.5379626899957657,0.7057868540287018,0.0004966764808487153,0.0017483980545324762,0.0008929489933364996,0.1642394545725043
1781867865.513696,34.804534912109375,mechanical_puppy,mixed_social_nonsocial_movie,mixed,992,1,0.2731398442125006,0.27960151105601333,0.27637067763425693,1,0,0.5440276443958283,0.6626608729362488,0.03848648971594397,0.2551389832215149,8.195933000405361,0.5388361215591431,0.7070110440254211,0.001503836375398468,0.001007159894549753,0.0010172529428622836,0.14888038572850157
1781867865.5463731,34.83721208572388,mechanical_puppy,mixed_social_nonsocial_movie,mixed,993,1,0.30499561168785266,0.3096683945761315,0.30733200313199205,1,0,0.545897462964058,0.6621001064777374,0.04015003787052066,0.25419558494235184,8.602779525803605,0.5399590879678726,0.7068860232830048,0.0011299043061999956,0.00037393206919847247,0.0012222195495784263,0.14423641160868297
1781867865.583359,34.8741979598999,mechanical_puppy,mixed_social_nonsocial_movie,mixed,994,1,0.3671656660130322,0.34247453952666196,0.3548201027698471,1,0,0.5486230403184891,0.6620321154594422,0.038755353206730875,0.2534800072025244,9.597619223926888,0.54144686460495,0.7069393694400787,0.0014887327276269892,0.0003588284214269936,0.0010258001158377295,0.13846125879041793
1781867865.615515,34.90635395050049,mechanical_puppy,mixed_social_nonsocial_movie,mixed,995,1,0.3578727873722498,0.371850275063392,0.36486153121782094,1,0,0.5500247180461884,0.6609929978847504,0.036071486046605684,0.25905357638110943,9.658233376925887,0.5429025888442993,0.7060444056987762,0.0017088280075172688,0.00022009527989027959,0.0008027943731630477,0.13540627202876834
1781867865.651065,34.941904067993164,mechanical_puppy,mixed_social_nonsocial_movie,mixed,996,1,0.3822250915824314,0.34220490228166134,0.3622149969320464,1,0,0.5512757241725921,0.6611933231353759,0.03947031607355262,0.2610231986222986,9.589602157763878,0.543337494134903,0.7047488987445831,0.0013665580412692893,0.0003422699662479795,0.0010676343239086562,0.13644402187506716
1781867865.685503,34.97634196281433,mechanical_puppy,mixed_social_nonsocial_movie,mixed,997,1,0.3824430996612919,0.3665147179441217,0.37447890880270684,1,0,0.5514588296413422,0.6602511584758759,0.03342387180613083,0.2584363229085109,9.859802781661493,0.5439601838588715,0.705117404460907,0.0007235599182509557,0.0006429981230183337,0.001334203961254652,0.13452383271470253
1781867865.720564,35.01140284538269,mechanical_puppy,mixed_social_nonsocial_movie,mixed,998,1,0.3925639553077258,0.36122424041043544,0.3768940978590806,1,0,0.552018204331398,0.6605005443096161,0.02944824144741807,0.25575347320887903,9.178261860531743,0.5446440577507019,0.7057324051856995,0.0009197333262541891,0.00019617340800323342,0.0011083386030794433,0.13469227983691232
1781867865.75438,35.04521894454956,mechanical_puppy,mixed_social_nonsocial_movie,mixed,999,1,0.3837318602127456,0.3651166969732116,0.37442427859297855,1,0,0.5520347684621811,0.6602975010871888,0.04266871119293164,0.2596855222278641,10.00478815265328,0.5443128496408463,0.7044576406478882,0.001317089001888391,0.00039735567563420186,0.000639774125637484,0.1338850311554946
1781867865.790472,35.081310987472534,mechanical_puppy,mixed_social_nonsocial_movie,mixed,1000,1,0.4035464954772001,0.39270882344328917,0.39812765946024464,1,0,0.5529096513986588,0.6605012476444245,0.042904219765339036,0.26044907617119106,9.992309635900687,0.5447922199964523,0.704222172498703,0.0005340797572597123,0.0007830092446286786,0.0011704602526618779,0.13182052652758505
1781867865.8241751,35.11501407623291,mechanical_puppy,mixed_social_nonsocial_movie,mixed,1001,1,0.3920791103921642,0.382418369988117,0.3872487401901406,1,0,0.5532443344593048,0.660951280593872,0.049216844022854485,0.26001617911896674,9.800381926379885,0.5448369532823563,0.7048734128475189,0.0006527748913627433,0.00011869513410303102,0.0006134482666979444,0.13165430104443338
1781867865.8567512,35.14759016036987,mechanical_puppy,mixed_social_nonsocial_movie,mixed,1002,1,0.40712182757498094,0.4079582912744126,0.40754005942469673,1,0,0.5537695229053496,0.6610157072544098,0.04426816462043831,0.25922004232008644,9.62528153996294,0.545777827501297,0.7051904499530792,0.000992852870353605,0.0003400779789908616,0.0011598082143866465,0.13036160936818023
1781867865.892019,35.18285799026489,mechanical_puppy,mixed_social_nonsocial_movie,mixed,1003,1,0.40200889492519104,0.4001127593263017,0.40106082712574637,1,0,0.5540824800729751,0.6622792303562164,0.04024242931348794,0.2569674976673797,9.296870318340341,0.5463189631700516,0.7066367566585541,0.001544225015436542,0.000551372145082937,0.003764096140037989,0.13021094349192636
1781867865.926854,35.217692852020264,mechanical_puppy,mixed_social_nonsocial_movie,mixed,1004,1,0.38916292879283,0.40514553096491196,0.39715422987887095,1,0,0.5543547928333283,0.6623902916908264,0.05001289266095194,0.25786777398228655,10.252201062049458,0.5455996543169022,0.7074715793132782,0.0011019682804236039,0.00044225673501293813,0.0048591197396456965,0.13123412686919028
1781867865.960026,35.25086498260498,mechanical_puppy,mixed_social_nonsocial_movie,mixed,1005,1,0.381516345278075,0.4222127989875219,0.40186457213279847,1,0,0.55487439930439,0.6621293187141418,0.04662773835337161,0.259047784958911,9.950216239629142,0.5462121367454529,0.7073545753955841,0.000623558050256072,0.0004784102301675319,0.0016652194699143406,0.12889487240192007
1781867865.9951339,35.28597283363342,mechanical_puppy,mixed_social_nonsocial_movie,mixed,1006,1,0.39156417027645923,0.397441928675735,0.39450304947609716,1,0,0.5548586368560791,0.6627526521682738,0.044528059510273936,0.2624443567023721,8.951893077283023,0.5471029281616211,0.7085352838039398,0.0014790475626837872,0.0008554895124277152,0.0014994019266898744,0.1306939280234547
1781867866.030336,35.32117486000061,mechanical_puppy,mixed_social_nonsocial_movie,mixed,1007,1,0.39611173349871376,0.37741035922299193,0.38676104636085284,1,0,0.5552418202161788,0.6636289119720459,0.04442818116646984,0.26340357778267365,10.383454898068837,0.547250047326088,0.708326905965805,0.00025507914846012984,0.0012239684142236573,0.0010109567200009336,0.13161795439191823
1781867866.0643651,35.3552041053772,mechanical_puppy,mixed_social_nonsocial_movie,mixed,1008,1,0.40434644437022366,0.407244354813126,0.4057953995916748,1,0,0.5545267343521119,0.6643326878547668,0.041412109193863136,0.25957215353387797,10.486820931224651,0.5480288118124008,0.7085285186767578,0.0008044388170394707,0.0005493596685793409,0.0010420648935613693,0.13113336027168074
1781867866.097578,35.38841700553894,mechanical_puppy,mixed_social_nonsocial_movie,mixed,1009,1,0.44345115939618024,0.4017781908487262,0.4226146751224532,1,0,0.554116490483284,0.6653528749942779,0.043433312630816075,0.25845965354554623,10.016662846785534,0.5483988523483276,0.7089278399944305,0.0005444148353754628,0.00026002398166400785,0.0011261422693085016,0.13024607953490766
1781867866.131595,35.422433853149414,mechanical_puppy,mixed_social_nonsocial_movie,mixed,1010,1,0.4043760751304302,0.38131728692484546,0.39284668102763787,1,0,0.5542022407054901,0.6654585719108581,0.04622962654495943,0.2566118961962955,9.77141733337016,0.548134446144104,0.7087638080120087,0.0003111545148141028,0.00023326032056136,0.0010670230238897654,0.1322606737030987
1781867866.166911,35.45774984359741,mechanical_puppy,mixed_social_nonsocial_movie,mixed,1011,1,0.37449273469421973,0.39677008417990556,0.38563140943706264,1,0,0.5550309956073761,0.664270931482315,0.04284337977970299,0.2609835228834451,11.128430246207758,0.5484296977519989,0.7074590027332306,0.0013377930809701684,0.0010266385661560655,0.002713389662127755,0.13129723074427008
1781867866.201973,35.49281191825867,mechanical_puppy,mixed_social_nonsocial_movie,mixed,1012,1,0.37997545792461845,0.38704657173982304,0.3835110148322207,1,0,0.5551139503717423,0.6647406339645385,0.048765788936296926,0.25981724246770616,10.256232843159438,0.5479836612939835,0.7084007859230042,0.0010420672235604677,0.0002957258574097007,0.0030629367360398663,0.1311490072023446
1781867866.2363021,35.527141094207764,mechanical_puppy,mixed_social_nonsocial_movie,mixed,1013,1,0.4063537299122659,0.3878590977782712,0.39710641384526857,1,0,0.5546232610940933,0.6651416957378388,0.04659740058756812,0.2595225362191094,10.896231661316389,0.5482001900672913,0.7087346911430359,0.00039796658859083176,0.000644100634969636,0.003077344932181199,0.13159403253393862
1781867866.271376,35.562214851379395,mechanical_puppy,mixed_social_nonsocial_movie,mixed,1014,1,0.40496741241258233,0.4022395837350098,0.40360349807379603,1,0,0.5550221383571625,0.6649774432182312,0.04749802619883997,0.26027007539256175,10.980213288797636,0.5479556918144226,0.708115965127945,0.0006652828551872809,0.00026731626659644915,0.0016356805353372863,0.1302660767494379
1781867866.303335,35.59417390823364,mechanical_puppy,mixed_social_nonsocial_movie,mixed,1015,1,0.41002701114135237,0.3848976629196352,0.3974623370304938,1,0,0.5544738739728927,0.6655239164829254,0.05058145055770903,0.25593754416293796,10.419935706395936,0.5480511039495468,0.709539532661438,0.001426761366853064,0.000761478511665783,0.001148889346908342,0.1315193089338609
1781867866.339355,35.63019394874573,mechanical_puppy,mixed_social_nonsocial_movie,mixed,1016,1,0.42389758541616807,0.3811671383162587,0.4025323618662134,1,0,0.5555325120687484,0.6653436481952667,0.04331455812912517,0.25675544803453365,10.622951118881232,0.5488333702087402,0.7092942893505096,0.0008198077712656573,0.0006069535955874066,0.0010509610387836558,0.13154471953427047
1781867866.374449,35.66528797149658,mechanical_puppy,mixed_social_nonsocial_movie,mixed,1017,1,0.41614057264310816,0.3813102592226045,0.3987254159328563,1,0,0.5554858237504958,0.664367252588272,0.042356221876731416,0.2568650493725393,10.256956651148823,0.5487930476665497,0.7090253233909607,0.0002719716801521738,0.0005478360911134835,0.000793967774917748,0.1327645775827442
1781867866.407658,35.69849705696106,mechanical_puppy,mixed_social_nonsocial_movie,mixed,1018,1,0.40603708347987205,0.3757219218192853,0.3908795026495787,1,0,0.5556185930967331,0.6640214681625366,0.045752780569092454,0.2561340294722717,10.641838668321686,0.548679307103157,0.708779901266098,0.00027049756955097287,1.4741106012009474e-06,0.0016746606654574247,0.13343355135094812
1781867866.440346,35.73118495941162,mechanical_puppy,mixed_social_nonsocial_movie,mixed,1019,1,0.3997015183529902,0.4041901029055347,0.4019458106292625,1,0,0.555894535779953,0.6633713722229004,0.05010632546265144,0.25490186533359765,10.272386335315222,0.5483999848365784,0.707728385925293,0.0010879822795225188,0.0008174847099715459,0.0008616841022131117,0.13154699056195904
1781867866.476133,35.766972064971924,mechanical_puppy,mixed_social_nonsocial_movie,mixed,1020,1,0.39324061179911146,0.4259343828192007,0.4095874973091561,1,0,0.5557238578796386,0.6628382802009583,0.048476827042738146,0.2587796346223569,11.026059625504223,0.548928439617157,0.7075227499008179,0.0005670543445546585,0.0005209279349678603,0.0006213097838664627,0.1309658976157504
1781867866.511272,35.80211091041565,mechanical_puppy,mixed_social_nonsocial_movie,mixed,1021,1,0.3973454096387873,0.3754927489240678,0.38641907928142755,1,0,0.5558022707700729,0.6626332402229309,0.040041811656923096,0.25863199401868625,10.886228573830456,0.5493803769350052,0.705790638923645,0.0017900993761538829,0.0012230450315992244,0.0004443818367890962,0.13182609411599647
1781867866.545341,35.836179971694946,mechanical_puppy,mixed_social_nonsocial_movie,mixed,1022,1,0.4147288702480544,0.37681400645700036,0.39577143835252737,1,0,0.5565025091171265,0.6613322198390961,0.03988543735325051,0.2570565107959266,10.550069435356423,0.5493458956480026,0.7067233920097351,0.0009333902071287956,0.0008567091690250872,0.0008232728987517538,0.1284181727930473
1781867866.582635,35.87347388267517,mechanical_puppy,mixed_social_nonsocial_movie,mixed,1023,1,0.4036897595215052,0.374730155460309,0.38920995749090714,1,0,0.5569526135921479,0.6606862485408783,0.04127829553506614,0.2588468229627914,10.131987194976233,0.549086332321167,0.706300288438797,0.0004963766235214566,0.0004370135836073391,0.0006141756794174385,0.1284505683326277
1781867866.6143732,35.90521216392517,mechanical_puppy,mixed_social_nonsocial_movie,mixed,1024,1,0.406863598022884,0.3808993764929868,0.39388148725793537,1,0,0.5574484467506409,0.6605172872543335,0.039173472792203755,0.26024255566482274,9.950378310883353,0.5495232194662094,0.7053735852241516,0.0010245239018868266,0.00052814727836537,0.0006169497661801768,0.1295323416918435
1781867866.649555,35.940393924713135,mechanical_puppy,mixed_social_nonsocial_movie,mixed,1025,1,0.4211132688847676,0.39173108892586905,0.4064221789053183,1,0,0.55740305185318,0.6609216332435608,0.03795239184068918,0.2574682772651562,10.828851519049461,0.5496973395347595,0.7060108482837677,0.000660622437874429,0.00036390146401239754,0.0022251352323492007,0.12846716510224102
1781867866.682965,35.973803997039795,mechanical_puppy,mixed_social_nonsocial_movie,mixed,1026,1,0.4201042735882177,0.3937199552723996,0.40691211443030867,1,0,0.5571653962135314,0.6611877799034118,0.03515097610906124,0.26008139465571056,10.789510663130653,0.549770176410675,0.7061300277709961,0.00013967448109499726,0.0005209479567794317,0.0012529781016302323,0.12998303757585059
1781867866.718837,36.00967597961426,mechanical_puppy,mixed_social_nonsocial_movie,mixed,1027,1,0.40426488553242784,0.3907908239295799,0.3975278547310039,1,0,0.5571518301963806,0.660483318567276,0.0361462896783383,0.26185980978834955,11.165513987906323,0.5498524904251099,0.7053340673446655,0.0008002053469308437,0.0006605308658358464,0.0011929186916125227,0.12912304047901157
1781867866.752657,36.043495893478394,mechanical_puppy,mixed_social_nonsocial_movie,mixed,1028,1,0.4131358707951075,0.3905356812479652,0.40183577602153636,1,0,0.5569751799106597,0.660604727268219,0.03947990940332487,0.25859051460151544,10.184042748428713,0.549101710319519,0.7068113684654236,0.0016571328758865336,0.00085692752895569,0.0009978680117319495,0.12910882415598332
1781867866.786292,36.077131032943726,mechanical_puppy,mixed_social_nonsocial_movie,mixed,1029,1,0.42664594141156004,0.3956235923621117,0.41113476688683587,1,0,0.5575031399726867,0.6610548615455627,0.037018240815639085,0.26021532982214085,9.942440503539876,0.5495810210704803,0.7054307162761688,0.0014614852936930473,0.0001956475821934863,0.0015564501800549267,0.1282091194012728
1781867866.821902,36.112740993499756,mechanical_puppy,mixed_social_nonsocial_movie,mixed,1030,1,0.43876413449076035,0.3915844703338402,0.41517430241230024,1,0,0.5575111746788024,0.6613433003425598,0.03747905996069688,0.2619024584585937,9.886481093411133,0.5495637953281403,0.7051264941692352,0.0003047093968788656,0.0011567758968141816,0.0009193746648536113,0.12738574643535208
1781867866.855623,36.146461963653564,mechanical_puppy,mixed_social_nonsocial_movie,mixed,1031,1,0.417351955737339,0.39610753091843925,0.40672974332788914,1,0,0.5576492130756379,0.661505252122879,0.041505708957359624,0.25883732221047534,10.270755454423773,0.5491322576999664,0.7068203985691071,0.0017480093936918717,0.0014432999968130062,0.0038342803446061112,0.12818975898415277
1781867866.889367,36.180206060409546,mechanical_puppy,mixed_social_nonsocial_movie,mixed,1032,1,0.4297229681403052,0.4127126530777355,0.42121781060902036,1,0,0.5576956748962403,0.6617410600185394,0.03578158129008323,0.2604018204765884,10.406715793879554,0.5494635254144669,0.7061479091644287,0.0007496534519862969,0.0009983559417055749,0.0009432502612042302,0.1271873284278842
1781867866.924146,36.21498489379883,mechanical_puppy,mixed_social_nonsocial_movie,mixed,1033,1,0.399452176105005,0.39690210878640714,0.39817714244570607,1,0,0.5576401770114898,0.6619224071502685,0.035235461464694307,0.2612255313756862,10.250114197127033,0.549750491976738,0.7061654031276703,0.00028749929845410267,0.0004621541535321942,0.0008669521137667047,0.12846429640646673
1781867866.959052,36.24989104270935,mechanical_puppy,mixed_social_nonsocial_movie,mixed,1034,1,0.41312041353660034,0.3909527897530731,0.40203660164483673,1,0,0.5577810883522034,0.6615201354026794,0.03741342400892135,0.2625243962869029,10.310879310885598,0.5496699064970016,0.7062540054321289,0.00011976805876239215,0.0001677312396917105,0.0012020979161454558,0.12753991782731824
1781867866.99372,36.28455901145935,mechanical_puppy,mixed_social_nonsocial_movie,mixed,1035,1,0.41689025032906274,0.40643948334285607,0.4116648668359594,1,0,0.5581502974033355,0.6611556768417358,0.03700165308899422,0.25956744116286173,10.81485649895301,0.5498135536909103,0.7065848708152771,0.00036070267268713437,0.0002409346139247422,0.0013345738598940888,0.12813683109494556
1781867867.0284748,36.319313764572144,mechanical_puppy,mixed_social_nonsocial_movie,mixed,1036,1,0.42400149057946845,0.38134294707908395,0.4026722188292762,1,0,0.5575917780399322,0.6606823742389678,0.04141114161596511,0.2592133819369765,10.730748932669613,0.549695685505867,0.706806480884552,0.00025100584026957793,0.00010969683241755644,0.001528120719211206,0.12824670863712612
1781867867.062165,36.35300397872925,mechanical_puppy,mixed_social_nonsocial_movie,mixed,1037,1,0.4341663936315005,0.3737114255274372,0.4039389095794689,1,0,0.5577273786067962,0.6613943517208098,0.03896513359817094,0.25682461995379396,10.755859936340185,0.5499589145183563,0.7070312201976776,0.00034611742498792675,9.511158471834882e-05,0.0006202722822552628,0.12975161380867017
1781867867.09633,36.387168884277344,mechanical_puppy,mixed_social_nonsocial_movie,mixed,1038,1,0.42127534177259957,0.39944829388213376,0.4103618178273667,1,0,0.55804483294487,0.6613745033740996,0.040733726738426235,0.2575524427315974,10.644734706311665,0.5494997352361679,0.7071775197982788,0.00048192238620667756,0.0001358049612187508,0.000933523668214489,0.13060469909086495
1781867867.131835,36.42267394065857,mechanical_puppy,mixed_social_nonsocial_movie,mixed,1039,1,0.41202247649046486,0.41371485933708324,0.4128686679137741,1,0,0.5579875767230987,0.6621385395526886,0.04571434993010121,0.2576244345864767,10.81741829686709,0.5488879084587097,0.7069399356842041,0.0006563369689995667,0.0001744145827928891,0.0010844836268914572,0.13014795472355176
1781867867.167586,36.45842504501343,mechanical_puppy,mixed_social_nonsocial_movie,mixed,1040,1,0.4297216506025685,0.4010808602891763,0.41540125544587236,1,0,0.5585654139518738,0.6632156133651734,0.040155762964680944,0.2566100318221606,10.520992497007677,0.5493126064538956,0.7074873745441437,0.0006928619577425389,3.652498874297228e-05,0.004545323987246574,0.13038098037117835
1781867867.20089,36.49172902107239,mechanical_puppy,mixed_social_nonsocial_movie,mixed,1041,1,0.43067113922918,0.3762220696937492,0.40344660446146463,1,0,0.5589268326759338,0.6655843734741211,0.031767126968400346,0.2620231067159723,10.556303627553923,0.5502331256866455,0.7067252397537231,0.0011950753518635907,0.0005022133941210517,0.0017600048520553238,0.1300961436380699
1781867867.233804,36.52464294433594,mechanical_puppy,mixed_social_nonsocial_movie,mixed,1042,1,0.44140358069162977,0.36427208906473074,0.40283783487818026,1,0,0.5584121406078338,0.6699687480926513,0.04184015665836086,0.2609232209278083,10.781959297141764,0.5499187856912613,0.71092689037323,0.00421339264264563,0.0030183172907820395,0.0012055196784978167,0.13290311084786238
1781867867.269216,36.56005501747131,mechanical_puppy,mixed_social_nonsocial_movie,mixed,1043,1,0.46281257094809086,0.4039241543753783,0.4333683626617346,1,0,0.5584170579910279,0.6700547933578491,0.04040635184974869,0.263004879701549,10.862886189364188,0.5495764911174774,0.7121256291866302,0.0012466516425987527,0.0029667410000468776,0.0016551688995798425,0.12807510157485336
1781867867.302691,36.59352993965149,mechanical_puppy,mixed_social_nonsocial_movie,mixed,1044,1,0.4309011223406147,0.4091633097156591,0.4200322160281369,1,0,0.5587600290775299,0.6718651354312897,0.036931194103599185,0.2600860849838554,10.233442688485038,0.5497144758701324,0.7138668894767761,0.0017467189785435328,0.0005000673359447801,0.002272298388384719,0.1302304583868458
1781867867.337893,36.62873196601868,mechanical_puppy,mixed_social_nonsocial_movie,mixed,1045,1,0.3905688805354516,0.42422798314230004,0.4073984318388758,1,0,0.5589678466320038,0.6722008287906647,0.045975816312796625,0.2594063754607244,10.274765540892803,0.5494248867034912,0.7136619091033936,0.00035479407958423196,0.0013919248989593008,0.0019976659166659008,0.1310383177082061
1781867867.374505,36.66534399986267,mechanical_puppy,mixed_social_nonsocial_movie,mixed,1046,1,0.40448905547697284,0.41089545730706967,0.4076922563920212,1,0,0.5584713876247406,0.6721196234226227,0.051862417440320774,0.2643296299731418,11.000657163886718,0.5492384731769562,0.7144320607185364,0.0007923910102861628,0.00043759693070193084,0.0008733964989746435,0.1308661837287925
1781867867.4070559,36.69789481163025,mechanical_puppy,mixed_social_nonsocial_movie,mixed,1047,1,0.43139312065792584,0.4075721128617147,0.41948261675982024,1,0,0.5586855590343476,0.6717787384986877,0.041845618249030964,0.2663687325609081,10.575787533668208,0.550205186009407,0.713327020406723,0.0014682124475557798,0.000675821437269617,0.0009346451253817761,0.1322840448170896
1781867867.440829,36.73166799545288,mechanical_puppy,mixed_social_nonsocial_movie,mixed,1048,1,0.4203785242056899,0.4048007410730311,0.4125896326393605,1,0,0.5591804802417755,0.6706636846065521,0.04692607760309333,0.2644863157883163,10.73651543237929,0.5500747710466385,0.7128002643585205,0.0005426601117014715,0.0009255523358543083,0.0030228816691409183,0.12955779239971238
1781867867.477095,36.76793384552002,mechanical_puppy,mixed_social_nonsocial_movie,mixed,1049,1,0.40915457125005367,0.3962792571027057,0.40271691417637967,1,0,0.558910071849823,0.670297646522522,0.05083276689705597,0.25864760446314183,9.756571419835913,0.5494444668292999,0.7131830155849457,0.0007374156953338799,0.00019475558363240848,0.007869651223315717,0.13083148623402394
1781867867.510002,36.800840854644775,mechanical_puppy,mixed_social_nonsocial_movie,mixed,1050,1,0.41474413062693166,0.42586852616919724,0.4203063283980645,1,0,0.5582473278045654,0.6701201975345612,0.05033026121008579,0.261463100617245,10.234641001303297,0.549211248755455,0.71296226978302,0.00032112206251787203,0.0004162936328160079,0.0019990482537693846,0.1297701178095296
1781867867.544648,36.8354868888855,mechanical_puppy,mixed_social_nonsocial_movie,mixed,1051,1,0.4152582467539192,0.4072412984941468,0.411249772624033,1,0,0.5583652377128601,0.6698855340480805,0.04747757746936891,0.26260696786648513,10.200648037049751,0.5491301715373993,0.711878776550293,0.0010865224805097088,0.0007654004179918367,0.002412176845304716,0.129840117751776
1781867867.578466,36.869304895401,mechanical_puppy,mixed_social_nonsocial_movie,mixed,1052,1,0.4103497563111384,0.40137552032205664,0.4058626383165975,1,0,0.5581598460674286,0.6699151575565339,0.050822023468314576,0.2662433071649316,10.484329017369006,0.548638254404068,0.7111893594264984,0.000846922922494155,0.00023959955801555375,0.0018633121910199076,0.12988591689014367
1781867867.613635,36.90447402000427,mechanical_puppy,mixed_social_nonsocial_movie,mixed,1053,1,0.40668550208039955,0.3865479863804491,0.39661674423042437,1,0,0.5579135954380035,0.6704611897468566,0.04515680125265389,0.2643762777145033,10.193171662949574,0.5486001968383789,0.7119502127170563,0.0007618045077701395,8.511841472401557e-05,0.0039325645460386895,0.13027750807836247
1781867867.64785,36.93868899345398,mechanical_puppy,mixed_social_nonsocial_movie,mixed,1054,1,0.42325442311491784,0.38469815343494335,0.4039762882749306,1,0,0.5578207612037659,0.6705898582935333,0.04241275918603832,0.26173770625167003,10.43740120659847,0.5487780272960663,0.7134137153625488,0.001474267162031701,0.0007124626542615616,0.0027061268679344384,0.12899593091290318
1781867867.682077,36.97291588783264,mechanical_puppy,mixed_social_nonsocial_movie,mixed,1055,1,0.4292968155397662,0.38512015229460955,0.4072084839171879,1,0,0.5573436141014099,0.6711799502372742,0.03928730498248525,0.26519743505913473,10.789942697144825,0.5488977581262589,0.7119481265544891,0.0014704713618457284,3.7958001859726177e-06,0.0017304316689713242,0.12953332058672662
1781867867.716927,37.007766008377075,mechanical_puppy,mixed_social_nonsocial_movie,mixed,1056,1,0.4301513759987886,0.3747253867629999,0.4024383813808943,1,0,0.5572326958179474,0.6713273882865906,0.03421574670796445,0.26698774871041103,10.901754122076944,0.5494937598705292,0.7117083966732025,0.0006424083554523298,0.0008280630063933986,0.0013109775178369674,0.1296793960485084
1781867867.750883,37.04172205924988,mechanical_puppy,mixed_social_nonsocial_movie,mixed,1057,1,0.40167853245630597,0.3820775015808596,0.3918780170185828,1,0,0.5572195827960968,0.6710066497325897,0.04445148765884659,0.2632065405533891,10.16930318595878,0.5485964119434357,0.7131145596504211,0.001668091010934166,0.0010256826554818361,0.001564915695562891,0.13119330403984902
1781867867.785572,37.07641100883484,mechanical_puppy,mixed_social_nonsocial_movie,mixed,1058,1,0.41315002990295535,0.41052363517300067,0.411836832537978,1,0,0.5571156293153763,0.6704116284847259,0.04335153404094645,0.26190258308527986,9.980681710930364,0.5484954714775085,0.7123817801475525,0.0007396991128060207,0.0009283918981281452,0.0013219321158398447,0.1302303065085379
1781867867.8213089,37.11214780807495,mechanical_puppy,mixed_social_nonsocial_movie,mixed,1059,1,0.3972370393164231,0.40100888154654274,0.39912296043148293,1,0,0.5574777960777283,0.6706349015235902,0.04568230429492413,0.26224958731734405,10.302797808156612,0.5488102734088898,0.7129200994968414,0.0006236088339818625,0.00011609027882415821,0.0016081611721153733,0.12998128373780474
1781867867.85478,37.14561891555786,mechanical_puppy,mixed_social_nonsocial_movie,mixed,1060,1,0.3992702329625184,0.4182950541895712,0.40878264357604477,1,0,0.5579849779605865,0.6716664910316468,0.04768866100711065,0.25763105725203844,10.582048759676367,0.5486726760864258,0.7151471674442291,0.0022313145599468717,0.001607705725965009,0.0009487341834932082,0.1317627060775362
1781867867.887462,37.178300857543945,mechanical_puppy,mixed_social_nonsocial_movie,mixed,1061,1,0.3951117479152553,0.4253771252733967,0.41024443659432597,1,0,0.5578143060207367,0.6725829899311067,0.051861867000021086,0.2571219632959719,10.46709391971759,0.5490131676197052,0.7152477502822876,0.0003550371692469204,0.0018762773906999513,0.006768288262541532,0.13168589752954113
1781867867.9249,37.215739011764526,mechanical_puppy,mixed_social_nonsocial_movie,mixed,1062,1,0.3856114218259487,0.3981156451020162,0.39186353346398245,1,0,0.5585735201835632,0.6727398216724396,0.04999511931011912,0.259549671433506,10.922800176534869,0.5492733865976334,0.7144096493721008,0.0008775688304229277,0.0005225316611760073,0.005896534305404341,0.13044879624120218
1781867867.9572558,37.2480947971344,mechanical_puppy,mixed_social_nonsocial_movie,mixed,1063,1,0.41442161433859925,0.3959877181782074,0.40520466625840335,1,0,0.5586128532886505,0.6744483709335327,0.045737036079565925,0.26220759481770706,10.72556406042995,0.5492202788591385,0.7151938676834106,0.0007860144983915098,9.155433203141786e-05,0.0036214889537064506,0.1326811825069919
1781867867.992198,37.283036947250366,mechanical_puppy,mixed_social_nonsocial_movie,mixed,1064,1,0.40301157710708707,0.3872297645722353,0.3951206708396612,1,0,0.5586125254631042,0.6745397567749023,0.04967717687790027,0.2660581539516937,10.818671497589591,0.5491708368062973,0.7156798243522644,0.0004884653524996357,0.00029754914589187414,0.0013491311400080734,0.13268537862849134
1781867868.0272908,37.318129777908325,mechanical_puppy,mixed_social_nonsocial_movie,mixed,1065,1,0.41109847512203956,0.39850510687949564,0.40480179100076763,1,0,0.5587404668331146,0.67499680519104,0.04451539330350868,0.2661007041997087,10.725009234095424,0.549700990319252,0.7158057391643524,0.0005449011719581648,5.643581945852911e-05,0.0014661611558096832,0.1329092334543054
1781867868.060998,37.351836919784546,mechanical_puppy,mixed_social_nonsocial_movie,mixed,1066,1,0.4011022232359455,0.3860124497414421,0.39355733648869384,1,0,0.5588570654392242,0.6748561263084412,0.04974349218181392,0.26231691136657986,10.304045212974522,0.5494108945131302,0.7156686782836914,0.00032084460683802057,0.00022405656512014424,0.0015193432466930885,0.13113500921732765
1781867868.095478,37.386317014694214,mechanical_puppy,mixed_social_nonsocial_movie,mixed,1067,1,0.40324250814683,0.41263199683769797,0.407937252492264,1,0,0.5581270992755889,0.6743346631526947,0.04789674433150088,0.25960765559624516,11.591552455876888,0.5496464371681213,0.7159500122070312,0.0003669184088350828,4.607380199706223e-05,0.0016067255629102224,0.13137984181540016
1781867868.129813,37.42065191268921,mechanical_puppy,mixed_social_nonsocial_movie,mixed,1068,1,0.4071575826588216,0.3740705724077174,0.3906140775332695,1,0,0.5587116301059722,0.6747052907943726,0.05365401243959529,0.26173504093683575,11.217200401018678,0.5492332577705383,0.7148996293544769,0.001128725543047206,0.0007618071342121233,0.0006360096439505394,0.13361741292388987
1781867868.166086,37.45692491531372,mechanical_puppy,mixed_social_nonsocial_movie,mixed,1069,1,0.4132653823389528,0.386472139479225,0.3998687609090889,1,0,0.5587175071239472,0.6742230653762817,0.046166657337321795,0.26086691029629955,10.911515360046515,0.549687922000885,0.7156933546066284,0.0009147236403743394,0.0002140019026728667,0.0008394564934463472,0.13318294767987823
1781867868.197933,37.48877191543579,mechanical_puppy,mixed_social_nonsocial_movie,mixed,1070,1,0.4117816302095707,0.38987040618794166,0.4008260181987562,1,0,0.5590540111064911,0.6747178733348846,0.055161650070324045,0.2630836170133104,11.358803773253452,0.5490018129348755,0.7150388658046722,0.0009482094928582447,3.348585248390528e-05,0.0008425890794089826,0.13380916179350666
1781867868.232387,37.52322602272034,mechanical_puppy,mixed_social_nonsocial_movie,mixed,1071,1,0.4059123832444845,0.3830542597704726,0.39448332150747856,1,0,0.5590851604938507,0.6743720471858978,0.04772390821022406,0.26190903612100497,10.61372321934496,0.5489688515663147,0.7149838805198669,6.410798204997582e-05,0.0008841015108082688,0.0015052846877560944,0.13375846270995276
1781867868.266634,37.557472944259644,mechanical_puppy,mixed_social_nonsocial_movie,mixed,1072,1,0.4188914122243795,0.391960828173592,0.4054261201989857,1,0,0.5587150394916535,0.6742825865745545,0.04874767007931653,0.2620755338891759,11.300253375646069,0.549566924571991,0.7154546678066254,0.000761138613849018,0.0006970306317990422,0.0012799335459813337,0.1322820422571121
1781867868.302012,37.59285092353821,mechanical_puppy,mixed_social_nonsocial_movie,mixed,1073,1,0.4241260828415575,0.3902009519047386,0.40716351737314804,1,0,0.558701479434967,0.6750848233699799,0.05179534775782018,0.26494749987138333,11.489228458421577,0.5488047301769257,0.7145865559577942,0.0011552309197515682,0.0003940923059025502,0.0008055093988284043,0.1334527352194197
1781867868.3352058,37.62604475021362,mechanical_puppy,mixed_social_nonsocial_movie,mixed,1074,1,0.43978789534924884,0.4017254467186109,0.4207566710339299,1,0,0.5585251748561859,0.6753139436244964,0.051196626157038544,0.26140530121234046,11.127270342982682,0.5485850870609283,0.7166736423969269,0.0020986121372985013,0.000943381217546933,0.0010881802226983045,0.13107496782880432
1781867868.374903,37.66574192047119,mechanical_puppy,mixed_social_nonsocial_movie,mixed,1075,1,0.44267908549951707,0.418101813000306,0.43039044924991154,1,0,0.5580573379993439,0.6764231026172638,0.0526817372737481,0.2629793848211214,10.531203973530308,0.5482209622859955,0.7163402438163757,0.000493701797883527,0.0016049103394149742,0.0012835037035785898,0.13130939258664662
1781867868.405426,37.69626498222351,mechanical_puppy,mixed_social_nonsocial_movie,mixed,1076,1,0.42177577906511426,0.4063732371552136,0.41407450811016394,1,0,0.5579811155796051,0.6771903276443482,0.04666959135194591,0.2634237761204523,10.06828811568484,0.5489898920059204,0.7175856530666351,0.0014636588109308486,0.0009699570130473216,0.001677539190140273,0.13174887133964827
1781867868.439549,37.730387926101685,mechanical_puppy,mixed_social_nonsocial_movie,mixed,1077,1,0.4468985486475518,0.4060753126073338,0.4264869306274428,1,0,0.5577073454856872,0.6777184307575226,0.04991465969551829,0.2639378969101505,9.873527126977528,0.5478872358798981,0.718274861574173,0.0013003303038524986,0.00016332850707834992,0.0014997869121890699,0.13079246732947736
1781867868.4755259,37.76636481285095,mechanical_puppy,mixed_social_nonsocial_movie,mixed,1078,1,0.4029170765255172,0.3924666475636478,0.3976918620445825,1,0,0.5573450654745102,0.6770976126193999,0.04782505576292887,0.26585369905854256,10.722270375917907,0.5483551323413849,0.7169512212276459,0.0014039055757515404,0.00010357527189904176,0.0015721110727120859,0.13157967474006302
1781867868.5089622,37.79980111122131,mechanical_puppy,mixed_social_nonsocial_movie,mixed,1079,1,0.42775298691215213,0.4067641567602231,0.41725857183618764,1,0,0.5583069026470184,0.6776582419872283,0.04764072713670469,0.2666289335003472,10.406194300614334,0.5476672649383545,0.7177218496799469,0.0010329713334103973,0.0003709342423411431,0.0013922468234108172,0.131798393056584
1781867868.541389,37.83222794532776,mechanical_puppy,mixed_social_nonsocial_movie,mixed,1080,1,0.4241061186308918,0.3948292605593118,0.4094676895951018,1,0,0.5580039322376251,0.6773265719413757,0.045838916648474184,0.26228361340435713,10.070285153411838,0.5477761775255203,0.7176859080791473,0.00011468980037993805,0.0009182815330304592,0.0018134212219135138,0.13297651993577908
1781867868.578787,37.86962604522705,mechanical_puppy,mixed_social_nonsocial_movie,mixed,1081,1,0.4328867079712968,0.38404751420961425,0.4084671110904555,1,0,0.5576962560415268,0.6766658127307892,0.047271752835403635,0.2662663326242385,10.83010276073834,0.5479148626327515,0.7165708243846893,0.0011236748660594987,0.0010089850656795608,0.0016630570518083858,0.13146039459101758
1781867868.611922,37.90276098251343,mechanical_puppy,mixed_social_nonsocial_movie,mixed,1082,1,0.42922404621166804,0.3772429415815116,0.4032334938965898,1,0,0.5576745778322221,0.6765297770500183,0.043661876670475795,0.2666430254490297,10.292423111897147,0.5475005656480789,0.7166115939617157,0.00041629815027174096,0.0007073767157877577,0.0009476861390736901,0.1312882102256052
1781867868.645292,37.9361310005188,mechanical_puppy,mixed_social_nonsocial_movie,mixed,1083,1,0.42293611962714345,0.38827079165009765,0.40560345563862055,1,0,0.5579625368118286,0.6772454023361206,0.044418657989243535,0.2651065597782802,10.142278625164705,0.5475133806467056,0.7167305052280426,0.00011959980538976858,0.0002966983448819724,0.0006251180834540276,0.13170199358449375
1781867868.680275,37.97111392021179,mechanical_puppy,mixed_social_nonsocial_movie,mixed,1084,1,0.41211460237067005,0.3853877536657134,0.3987511780181917,1,0,0.5574922859668732,0.6771158933639526,0.04849547026773483,0.26748569813458345,9.993615308740193,0.5469658076763153,0.7175787091255188,0.001009596954034573,0.0008899971486448045,0.0008990670751483947,0.1318082095879932
1781867868.713585,38.00442385673523,mechanical_puppy,mixed_social_nonsocial_movie,mixed,1085,1,0.4363352074681094,0.40206946983989805,0.4192023386540037,1,0,0.5573146522045136,0.6777007222175598,0.042434520542406304,0.264980155078946,10.259688284051437,0.5471345484256744,0.7174765169620514,0.00019727310705828683,0.0008123238469762863,0.0010618828251882306,0.13128616298369666
1781867868.749585,38.04042387008667,mechanical_puppy,mixed_social_nonsocial_movie,mixed,1086,1,0.4308060231350213,0.38213830247762404,0.4064721628063227,1,0,0.5572721600532532,0.6779236793518066,0.04010625952347518,0.27062646251792816,9.79958767151493,0.5472478419542313,0.7180073857307434,0.0005428232430408942,0.00034555013598260736,0.001434738270458873,0.13090711705920288
1781867868.7836668,38.07450580596924,mechanical_puppy,mixed_social_nonsocial_movie,mixed,1087,1,0.441902215626042,0.387520026313327,0.4147111209696845,1,0,0.5566195368766784,0.678855049610138,0.037701660371995065,0.2684674413402149,9.888061657579419,0.5470340549945831,0.7185927033424377,0.0006231384843477038,8.031524130680968e-05,0.0013154951781452703,0.13169228588016826
1781867868.818774,38.10961294174194,mechanical_puppy,mixed_social_nonsocial_movie,mixed,1088,1,0.4335069363933581,0.407470189173411,0.42048856278338453,1,0,0.5562943458557128,0.6785854816436767,0.03632861528801977,0.2662559917229688,9.845733234496958,0.5467958152294159,0.719257652759552,0.0007063397999741563,8.320131562645247e-05,0.0021708629627818334,0.1295439888427873
1781867868.852011,38.142849922180176,mechanical_puppy,mixed_social_nonsocial_movie,mixed,1089,1,0.44736062566553025,0.4224381698329161,0.43489939774922315,1,0,0.5546650588512421,0.6777908742427825,0.0405107402546466,0.2655193660198046,9.534023444593902,0.5458767116069794,0.7188481390476227,0.0010062072097903447,0.00029986740981618836,0.0013957480398859006,0.12716809499059387
1781867868.887527,38.17836594581604,mechanical_puppy,mixed_social_nonsocial_movie,mixed,1090,1,0.41100572321860557,0.4143303255907724,0.41266802440468897,1,0,0.5533875048160553,0.6760212481021881,0.038041095660905785,0.2712976838480226,10.655701042298796,0.5460866987705231,0.7174979448318481,0.0013664256398224323,0.00036021843003208767,0.0015603642538425835,0.12768693558212058
1781867868.9211159,38.211954832077026,mechanical_puppy,mixed_social_nonsocial_movie,mixed,1091,1,0.4050133049729023,0.42581602642278926,0.4154146656978458,1,0,0.5523339569568635,0.6758078157901763,0.04063741711400375,0.26692625848852203,10.155255346622024,0.5452746748924255,0.7179225981235504,0.0009163586616353516,0.00045006697818708076,0.001790857801172838,0.12686563336545081
1781867868.956474,38.247313022613525,mechanical_puppy,mixed_social_nonsocial_movie,mixed,1092,1,0.42620217472544875,0.42832040744820377,0.42726129108682626,1,0,0.5530363142490387,0.6748171210289002,0.039660107340822134,0.26702648896638115,9.713092417457354,0.5450422614812851,0.7173748016357422,0.0005950604891378403,0.0003212981724975113,0.0009128003846751584,0.1251327206443126
1781867868.9906838,38.28152275085449,mechanical_puppy,mixed_social_nonsocial_movie,mixed,1093,1,0.4090801489396148,0.4244993627926849,0.41678975586614986,1,0,0.5527304351329804,0.6745832502841949,0.0410320004000721,0.27000989139273,10.513690443739774,0.5449979305267334,0.7164735198020935,0.0009023714186501003,0.00030731092951226,0.000991114609228981,0.1253491756937431
1781867869.02634,38.31717896461487,mechanical_puppy,mixed_social_nonsocial_movie,mixed,1094,1,0.42462156358548286,0.4283503539312974,0.4264859587583901,1,0,0.552094081044197,0.6748563349246979,0.04310811847195958,0.2688540228439098,10.076437123443284,0.5444908142089844,0.7157638669013977,0.0008722237093735142,3.014770927658604e-05,0.0011584194243555496,0.12587553981845354
1781867869.060182,38.35102105140686,mechanical_puppy,mixed_social_nonsocial_movie,mixed,1095,1,0.4410542420039839,0.41095211059547126,0.4260031762997276,1,0,0.5517260432243347,0.6754326105117798,0.037071738899731387,0.26653301577620564,10.112434981659312,0.5442977249622345,0.7170578241348267,0.0013082846705337302,0.0004360609611602159,0.0016290676251760803,0.1261916799572936
1781867869.093515,38.38435387611389,mechanical_puppy,mixed_social_nonsocial_movie,mixed,1096,1,0.44388845936974264,0.4103674012633516,0.4271279303165471,1,0,0.5514573007822037,0.6752529919147492,0.03378221034394438,0.26871346708096777,9.759557177623973,0.5443366765975952,0.7166200876235962,0.0004394661342600777,0.0008688185362736525,0.0018703751984468697,0.12451787724721554
1781867869.1290329,38.41987180709839,mechanical_puppy,mixed_social_nonsocial_movie,mixed,1097,1,0.4602887410735683,0.41946169641588044,0.43987521874472435,1,0,0.551057693362236,0.6755786180496215,0.031493599190998325,0.2697845585939102,9.40755310324706,0.5443658828735352,0.7165206074714661,0.00010367886584117905,0.00033578726841889864,0.0011707633985945836,0.12461581750743234
1781867869.162082,38.45292091369629,mechanical_puppy,mixed_social_nonsocial_movie,mixed,1098,1,0.44253310514044575,0.4315372380855273,0.43703517161298655,1,0,0.5505455255508422,0.6758698105812073,0.03173086424524141,0.2697158931980683,9.978000393653616,0.5438609719276428,0.7171201109886169,0.0007837981438853791,0.0006801192780442,0.0011672382243045037,0.12542074819980772
1781867869.1970391,38.48787808418274,mechanical_puppy,mixed_social_nonsocial_movie,mixed,1099,1,0.39465813314973736,0.42209289525461235,0.4083755142021749,1,0,0.5495951384305954,0.6751742362976074,0.03753684875467648,0.26994183267987276,10.183019164876413,0.5428179055452347,0.7177031636238098,0.0011949635364794022,0.00041116539259402306,0.0005388929637709767,0.12521267099706967
1781867869.231137,38.52197599411011,mechanical_puppy,mixed_social_nonsocial_movie,mixed,1100,1,0.460694044482788,0.44340574826602364,0.45204989637440585,1,0,0.5490072280168534,0.6759508967399597,0.03212343345559432,0.26742172237176115,9.595245375646677,0.5425831377506256,0.7175323367118835,0.00029034075019513164,0.0009046227862842705,0.001115072232527672,0.12453957694200374
1781867869.2670069,38.55784583091736,mechanical_puppy,mixed_social_nonsocial_movie,mixed,1101,1,0.44005058056378565,0.41975675682832236,0.429903668696054,1,0,0.5485495954751969,0.6746761918067932,0.03578481133796752,0.2710566143793886,9.732873443744069,0.541877806186676,0.7161249816417694,0.001574211201992773,0.0012838704517976413,0.0013223509662704431,0.1255798205609237
1781867869.300828,38.59166693687439,mechanical_puppy,mixed_social_nonsocial_movie,mixed,1102,1,0.43155724060175427,0.4306252017537141,0.4310912211777342,1,0,0.5482337594032287,0.6742190897464753,0.03655809288868935,0.2702679715980212,9.894727068676438,0.5412459373474121,0.7157594561576843,0.0007299774719457874,0.0008442337300469857,0.0029646589177572983,0.12477071849868718
1781867869.334708,38.62554693222046,mechanical_puppy,mixed_social_nonsocial_movie,mixed,1103,1,0.4346483400967603,0.4128226586988174,0.4237354993977889,1,0,0.547915843129158,0.6735032260417938,0.036287594326010544,0.26743340410644595,9.00019237392225,0.5410318523645401,0.715794712305069,0.0002169686056085447,0.0005130088663372427,0.0013032589486870335,0.12489568419626992
1781867869.36965,38.66048884391785,mechanical_puppy,mixed_social_nonsocial_movie,mixed,1104,1,0.42948112279002976,0.41542776744047444,0.4224544451152521,1,0,0.5468971461057663,0.6734314978122711,0.028655750988889502,0.2685875056149686,9.777866892778851,0.5411119610071182,0.7147929966449738,0.0010049137566456644,0.0007879451510371196,0.0021946944306929913,0.125206722574213
1781867869.404212,38.695050954818726,mechanical_puppy,mixed_social_nonsocial_movie,mixed,1105,1,0.4245744537841168,0.4267177181347298,0.4256460859594233,1,0,0.5466589331626892,0.6733116745948792,0.034082886527365165,0.26568843460609465,8.878346688806461,0.5402273833751678,0.7154885530471802,0.0011252894274795615,0.00012037567083389715,0.0014677414674424357,0.1254866064843248
1781867869.4381561,38.72899508476257,mechanical_puppy,mixed_social_nonsocial_movie,mixed,1106,1,0.4385941106929524,0.4258139777945869,0.4322040442437697,1,0,0.546851733326912,0.673410815000534,0.036083713517299,0.2681070348776462,10.260104805178035,0.539795771241188,0.7157939970493317,0.0005287580473609017,0.0005965313801186598,0.001499626058976417,0.12534859796832246
1781867869.4734359,38.76427483558655,mechanical_puppy,mixed_social_nonsocial_movie,mixed,1107,1,0.4435511868104415,0.41656571770722334,0.43005845225883244,1,0,0.5466381251811981,0.673800778388977,0.03070536166608181,0.26396138661107676,9.603502629787247,0.5400246381759644,0.7164044976234436,0.0006519900496364254,0.00012323200227552366,0.0039709385502361685,0.12590796902643614
1781867869.505985,38.79682397842407,mechanical_puppy,mixed_social_nonsocial_movie,mixed,1108,1,0.4367352026676257,0.4276115116195446,0.4321733571435852,1,0,0.5464959889650345,0.6735314071178435,0.024616560784721894,0.269209096874163,9.567025772823103,0.5406414419412613,0.7156444191932678,0.000978859594070037,0.0003268695444336116,0.0007996464933088503,0.12418519397869734
1781867869.540386,38.83122491836548,mechanical_puppy,mixed_social_nonsocial_movie,mixed,1109,1,0.43686640026339246,0.4470613288101201,0.4419638645367563,1,0,0.5464740335941315,0.6740354359149934,0.03680758984868121,0.26905538751772323,9.5422000083959,0.539977103471756,0.7157934010028839,0.0006808385870829755,0.0002980210069870615,0.0012175938380857363,0.12421416026479935
1781867869.57777,38.8686089515686,mechanical_puppy,mixed_social_nonsocial_movie,mixed,1110,1,0.43935984769354014,0.4315701343600021,0.4354649910267711,1,0,0.5466625213623046,0.6743124544620513,0.03560306684165612,0.26653414674898407,9.312097884626331,0.540024146437645,0.7167891561985016,0.0009968658135572847,0.0003160272264743092,0.0011191117832059679,0.1264407469152047
1781867869.6095848,38.900423765182495,mechanical_puppy,mixed_social_nonsocial_movie,mixed,1111,1,0.44118594416089585,0.4400017361542922,0.44059384015759406,1,0,0.5469002693891525,0.6738524377346038,0.029670428654324413,0.2708189184722344,9.061830109298661,0.5402146428823471,0.7154948711395264,0.0013082288444040081,0.00031136303084672344,0.001354930904941532,0.1268246464890108
1781867869.644734,38.93557286262512,mechanical_puppy,mixed_social_nonsocial_movie,mixed,1112,1,0.4373504342297014,0.437694538710744,0.4375224864702227,1,0,0.546838715672493,0.6734675884246826,0.03209722063244787,0.2688626638530335,8.691020795746818,0.5400694459676743,0.7155132591724396,0.00014635663218635689,0.0011618722122176512,0.001594243156399148,0.12610028988847843
1781867869.679486,38.970324993133545,mechanical_puppy,mixed_social_nonsocial_movie,mixed,1113,1,0.42759725580183555,0.41788621885816385,0.4227417373299997,1,0,0.5471713423728943,0.672641372680664,0.03560183360508914,0.26830192221765514,9.212379025967264,0.5400394648313522,0.7154764831066132,4.744836723037495e-05,9.890826495598194e-05,0.0012295513901522733,0.12558468808228482
1781867869.713404,39.00424289703369,mechanical_puppy,mixed_social_nonsocial_movie,mixed,1114,1,0.42870770892243226,0.40430252101051983,0.416505114966476,1,0,0.5472837746143341,0.6724837839603424,0.03905000204592895,0.2673755620348433,9.301190653693643,0.5397938191890717,0.715031236410141,0.0005085139155331119,0.00046106554830273696,0.003475705942239376,0.12679630987029322
1781867869.748887,39.03972601890564,mechanical_puppy,mixed_social_nonsocial_movie,mixed,1115,1,0.41312704969266284,0.40833730496021353,0.4107321773264382,1,0,0.5474745392799377,0.6722832083702087,0.037630504653765315,0.2662500707151771,9.458918653491706,0.5399346053600311,0.7147897481918335,0.00027953050909472883,0.0002289834064383831,0.0008385903680772197,0.12719463611250106
1781867869.7824728,39.0733118057251,mechanical_puppy,mixed_social_nonsocial_movie,mixed,1116,1,0.3960401994394687,0.4305535828318464,0.4132968911356576,1,0,0.5475250244140626,0.6720907688140869,0.038280216483756506,0.2667709341574689,8.930495175485296,0.5399639755487442,0.7154897153377533,0.0007005830524300112,0.0004210525433352824,0.0011627832971198937,0.125033306370378
1781867869.818812,39.10965085029602,mechanical_puppy,mixed_social_nonsocial_movie,mixed,1117,1,0.3800622322608352,0.41732555483257683,0.39869389354670604,1,0,0.5475768625736237,0.6724174320697784,0.031172649459989637,0.2703268600007735,9.001603008058819,0.5404874980449677,0.7144507169723511,0.0011634403325312909,0.00046285728010127963,0.0015663051669773363,0.12608833827088906
1781867869.850583,39.14142203330994,mechanical_puppy,mixed_social_nonsocial_movie,mixed,1118,1,0.42024612459200733,0.4255356692844142,0.4228908969382108,1,0,0.5476165264844894,0.6728339731693267,0.036653710585849895,0.2670501269650391,9.08507020301555,0.5402274131774902,0.7159625291824341,0.001534020957108088,0.0003705806245767971,0.000786378945453546,0.12401690816881929
1781867869.885792,39.17663097381592,mechanical_puppy,mixed_social_nonsocial_movie,mixed,1119,1,0.423828060511595,0.39398033831564905,0.408904199413622,1,0,0.5489420861005783,0.6731305599212647,0.03880605226202348,0.26521192982926917,8.57041050406597,0.5399048030376434,0.7154867649078369,0.0005748294941240772,0.0009591914629840108,0.0009074595077123328,0.12593746740046824
1781867869.9201841,39.2110230922699,mechanical_puppy,mixed_social_nonsocial_movie,mixed,1120,1,0.4281635392701763,0.39506154817520445,0.4116125437226904,1,0,0.5492169559001923,0.6738708555698395,0.04592903286422763,0.2671509766330365,8.184342115607523,0.5397979170084,0.7150522470474243,0.0004474711099780381,0.00012735838414603908,0.0010286173014485336,0.1263717301600022
1781867869.95731,39.248148918151855,mechanical_puppy,mixed_social_nonsocial_movie,mixed,1121,1,0.4232795167893201,0.40197328275738153,0.4126263997733508,1,0,0.5486695319414139,0.6739886403083801,0.041289525575767545,0.2667479737115287,8.815956866733952,0.5401299297809601,0.7158277630805969,0.0008435980078513903,0.00039612689787335223,0.0010353245262330632,0.12681754054297553
1781867869.9879382,39.27877712249756,mechanical_puppy,mixed_social_nonsocial_movie,mixed,1122,1,0.4356322358970475,0.41508514056497464,0.4253586882310111,1,0,0.5493567287921906,0.6735140919685363,0.03634583884599043,0.26882642879879176,8.853895835534688,0.5408598929643631,0.7148928940296173,0.0011860971257040415,0.00034249911785265116,0.0010980386614276628,0.12707402810503907
1781867870.025397,39.31623601913452,mechanical_puppy,mixed_social_nonsocial_movie,mixed,1123,1,0.4466649625556062,0.43521428757586655,0.44093962506573636,1,0,0.5495262533426284,0.6734244167804718,0.04091249407115626,0.26826871871407665,9.804879714177064,0.5402299612760544,0.7149005830287933,0.0006299786128463394,0.000556118512857702,0.0010365663567466433,0.12742113694616347
1781867870.05723,39.348068952560425,mechanical_puppy,mixed_social_nonsocial_movie,mixed,1124,1,0.42611314381556853,0.43039493026513037,0.4282540370403495,1,0,0.5494407743215561,0.672579401731491,0.03746276929681667,0.2688637549667783,9.352814841412117,0.5404908061027527,0.714012622833252,0.0009254800551503835,0.0002955014423040441,0.000982753728480872,0.12792986884136578
1781867870.092501,39.38333988189697,mechanical_puppy,mixed_social_nonsocial_movie,mixed,1125,1,0.4176076854506236,0.4354069662592416,0.42650732585493256,1,0,0.5488256633281707,0.6723095834255219,0.034831349403493264,0.2659826262693395,9.027025221964616,0.5405261665582657,0.7150735557079315,0.0010615219858250385,0.000136041930674655,0.0012981378841190455,0.1263281893177159
1781867870.1255848,39.41642379760742,mechanical_puppy,mixed_social_nonsocial_movie,mixed,1126,1,0.45003032682066807,0.4101548621726006,0.43009259449663434,1,0,0.5490297049283981,0.6721511304378509,0.03187537026856102,0.26792004233962846,8.89144485880414,0.5407673418521881,0.7142831385135651,0.000826392681204708,0.00023512930462033052,0.001272452116353543,0.12752541667669615
1781867870.161587,39.452425956726074,mechanical_puppy,mixed_social_nonsocial_movie,mixed,1127,1,0.44131106512596147,0.4329825791192203,0.4371468221225909,1,0,0.5487094134092331,0.6731188058853149,0.033911983639454996,0.2642521500800264,8.61926448508029,0.5405969321727753,0.7148682177066803,0.0006093907786092281,0.0002170019025954799,0.0014268766641963738,0.12655393956761415
1781867870.194714,39.48555302619934,mechanical_puppy,mixed_social_nonsocial_movie,mixed,1128,1,0.406872925490872,0.4033696088406542,0.40512126716576313,1,0,0.5482638776302338,0.6719282209873199,0.03212351668621977,0.26180518940509173,8.125629165465451,0.5405108332633972,0.715477705001831,0.0006155386138547896,6.147835245561483e-06,0.001415078345412961,0.1282819758729316
1781867870.2310898,39.521928787231445,mechanical_puppy,mixed_social_nonsocial_movie,mixed,1129,1,0.4370476584427292,0.4238005209295266,0.4304240896861279,1,0,0.5460527330636978,0.6714838027954102,0.032953073042633174,0.2621751150115203,8.44621514304337,0.5401514619588852,0.7161039710044861,0.0007220504418585886,0.00010651182800379899,0.0010839181674267618,0.12631887966358274
1781867870.2634299,39.5542688369751,mechanical_puppy,mixed_social_nonsocial_movie,mixed,1130,1,0.4290979625163399,0.42202704501834926,0.4255625037673446,1,0,0.5456803470849991,0.6713448107242583,0.02780124426976901,0.26314711788371975,8.362490222405924,0.5402357280254364,0.7160123288631439,0.00012449518882988892,0.0005975552530286996,0.0016956151104529416,0.12622976885803772
1781867870.298804,39.5896430015564,mechanical_puppy,mixed_social_nonsocial_movie,mixed,1131,1,0.44740132520559733,0.4271782082644993,0.4372897667350483,1,0,0.5455761164426803,0.6708920717239379,0.02910177554253087,0.26477237761479094,8.11692174545982,0.5398010909557343,0.7145817875862122,0.0014951112759138793,0.0013706160870839905,0.0012844577341659202,0.12478999883745383
1781867870.333617,39.62445592880249,mechanical_puppy,mixed_social_nonsocial_movie,mixed,1132,1,0.4655673174241891,0.43189143279147146,0.4487293751078303,1,0,0.5456762433052063,0.670652800798416,0.03704002772418501,0.2631920146939956,8.61525720318505,0.538984477519989,0.7156648933887482,0.0013564570332033447,0.0001386542427105346,0.0009350859594010082,0.12276062110184713
1781867870.369733,39.66057205200195,mechanical_puppy,mixed_social_nonsocial_movie,mixed,1133,1,0.4307733639447049,0.42505116348928923,0.4279122637169971,1,0,0.5456174105405808,0.6703898727893829,0.04362098346438955,0.26621432284759844,8.069765203369986,0.538118302822113,0.7147163450717926,0.0012845242375446938,7.193279565865097e-05,0.0011817275179612078,0.12590751060874675
