timestamp,elapsed_time,stimulus_id,stimulus_type,paper_category,frame_index,face_detected,left_ear,right_ear,avg_ear,eye_open,blink_state,gaze_x,gaze_y,yaw_proxy,pitch_proxy,roll_proxy_deg,head_center_x,head_center_y,head_movement,head_acceleration,mouth_open,eyebrow_signal
1781867880.424684,49.71552300453186,rhymes_and_toys,speech_attention_movie,speech_social,1425,1,0.40696877730277076,0.4211426258566716,0.41405570157972116,1,0,0.5390917122364045,0.6484772801399231,0.04192460113126012,0.24068793805071603,4.947718735350589,0.5330642312765121,0.7002755105495453,0.0,0.0,0.0068328585154232195,0.1285544101081592
1781867880.457509,49.748347997665405,rhymes_and_toys,speech_attention_movie,speech_social,1426,1,0.42086707753115704,0.4390087883480352,0.42993793293959615,1,0,0.5389689326286315,0.6482869684696198,0.03831696178667567,0.23872229327965377,6.138307552532394,0.5333575159311295,0.7007684111595154,0.0005735563616096365,0.0005735563616096365,0.0009966932035971703,0.12672734049996973
1781867880.491719,49.78255796432495,rhymes_and_toys,speech_attention_movie,speech_social,1427,1,0.42357918729430427,0.4293336918458216,0.42645643957006296,1,0,0.5395012646913528,0.6486052751541138,0.03812633063239209,0.24183084033502322,5.688895802493641,0.533223494887352,0.7006454169750214,0.0001819043968532649,0.0003916519647563716,0.0009433865668622035,0.12804770557351752
1781867880.5263202,49.8171591758728,rhymes_and_toys,speech_attention_movie,speech_social,1428,1,0.4391758484688653,0.44304609498963626,0.4411109717292508,1,0,0.5391175091266632,0.648369288444519,0.04422235359534971,0.23860090075281454,5.78976946329744,0.5327157080173492,0.7007339000701904,0.0005154384187057504,0.00033353402185248556,0.0015861918307336581,0.1266264417183921
1781867880.560024,49.850862979888916,rhymes_and_toys,speech_attention_movie,speech_social,1429,1,0.4104864922631762,0.4138853304761177,0.41218591136964694,1,0,0.5390255659818649,0.6480445206165314,0.036953002755680434,0.2371938184085517,5.786288622107765,0.5333293676376343,0.7005460560321808,0.0006417659325518462,0.00012632751384609574,0.0031402349336061104,0.12632734698573705
1781867880.594134,49.88497304916382,rhymes_and_toys,speech_attention_movie,speech_social,1430,1,0.40511654796374763,0.40951318610892334,0.40731486703633546,1,0,0.5392062604427338,0.6479114115238189,0.040353373925029135,0.24045092333947396,5.774491449789826,0.5331351459026337,0.7000179290771484,0.0005627078842333628,7.905804831848334e-05,0.00485935624639469,0.12829695219657333
1781867880.628958,49.91979694366455,rhymes_and_toys,speech_attention_movie,speech_social,1431,1,0.42330936993348883,0.41022095771501915,0.416765163824254,1,0,0.5391052782535553,0.6479094922542572,0.039559422317765214,0.23691101279612836,5.788762162904379,0.5331310927867889,0.7002076804637909,0.0001897946692633532,0.0003729132149700096,0.0061171167867657104,0.12641018914526791
1781867880.662307,49.95314598083496,rhymes_and_toys,speech_attention_movie,speech_social,1432,1,0.4228733005444559,0.40355497793341066,0.41321413923893324,1,0,0.5394069910049439,0.6476639568805694,0.03768039892213998,0.2378300860132122,5.601672385206414,0.5331426709890366,0.7000755667686462,0.00013262007092465746,5.7174598338695734e-05,0.0010868753072793235,0.12774612793553758
1781867880.6977081,49.9885470867157,rhymes_and_toys,speech_attention_movie,speech_social,1433,1,0.40159252978433696,0.42365366877387095,0.41262309927910396,1,0,0.5390129297971726,0.6477962553501129,0.03266118358807491,0.23681522683614423,5.711931232210216,0.5335292369127274,0.700749933719635,0.0007773056013852002,0.0006446855304605427,0.009035727590573183,0.1281742012808572
1781867880.731978,50.0228168964386,rhymes_and_toys,speech_attention_movie,speech_social,1434,1,0.41813029791726297,0.40110095403194507,0.409615625974604,1,0,0.5394772112369537,0.6475729823112488,0.037111255133724375,0.23914248020069964,5.985838678429243,0.5336454659700394,0.6998098194599152,0.0009472718802393734,0.00016996627885417328,0.006990622296525182,0.1267098606070354
1781867880.766837,50.05767583847046,rhymes_and_toys,speech_attention_movie,speech_social,1435,1,0.4408435563296882,0.4364903703160896,0.4386669633228889,1,0,0.5393049001693726,0.6473003983497619,0.03724274595597013,0.23840871983115716,5.173143693484184,0.5334083437919617,0.7004134058952332,0.000648493263061532,0.00029877861717784147,0.006897759232985747,0.1255993869502537
1781867880.8007061,50.09154510498047,rhymes_and_toys,speech_attention_movie,speech_social,1436,1,0.42644657388731827,0.413413388369735,0.41992998112852664,1,0,0.5390132546424866,0.6468824744224548,0.038403242221223696,0.2405230330538736,5.550885345326394,0.5330698788166046,0.6994128823280334,0.0010562224898502583,0.0004077292267887264,0.005015038957723706,0.12541074521382234
1781867880.8355892,50.12642812728882,rhymes_and_toys,speech_attention_movie,speech_social,1437,1,0.4414087388463151,0.40804053233633103,0.42472463559132306,1,0,0.5394364595413208,0.6472376942634582,0.036895788391708165,0.23664860842077623,5.166543732405974,0.5329540818929672,0.7010039687156677,0.0015952945873533757,0.0005390720975031174,0.002976813797781375,0.12656316755333155
1781867880.87373,50.16456890106201,rhymes_and_toys,speech_attention_movie,speech_social,1438,1,0.4272547008324766,0.4102092405927993,0.4187319707126379,1,0,0.5389512985944749,0.6477412641048432,0.03932232809402767,0.23931955766950166,5.133695058962724,0.532815009355545,0.7002250552177429,0.0007912315766667168,0.000804063010686659,0.0004316615239567013,0.1272560534784451
1781867880.904274,50.19511294364929,rhymes_and_toys,speech_attention_movie,speech_social,1439,1,0.4347934231773345,0.4101705414478086,0.42248198231257156,1,0,0.5386621594429015,0.6477155625820159,0.035408992274927074,0.24059710990290825,5.446091594366767,0.5331082940101624,0.7003325521945953,0.0003123643524258228,0.00047886722424089393,0.0006882788123475646,0.12569053400437258
1781867880.939011,50.22985005378723,rhymes_and_toys,speech_attention_movie,speech_social,1440,1,0.4412787173996497,0.4362678904246227,0.4387733039121362,1,0,0.5387679606676101,0.6480590879917145,0.0352797576464064,0.23913199762836276,5.479660580806758,0.5332717746496201,0.70097216963768,0.0006601790612975621,0.00034781470887173925,0.010349196066920176,0.1270803357643001
1781867880.974006,50.26484489440918,rhymes_and_toys,speech_attention_movie,speech_social,1441,1,0.45273763842300146,0.4184460654626653,0.43559185194283334,1,0,0.538884487748146,0.6481071352958679,0.034864911292823104,0.2393689045595391,5.124454034433457,0.5331348180770874,0.7014457583427429,0.0004929942842701267,0.00016718477702743536,0.009079067099696591,0.12813638547374884
1781867881.007435,50.29827404022217,rhymes_and_toys,speech_attention_movie,speech_social,1442,1,0.4364214432629871,0.4095383781556118,0.4229799107092994,1,0,0.5386602997779846,0.6475636959075928,0.03524535882961826,0.24032935870496946,5.6368188633697605,0.5333897471427917,0.7006010413169861,0.0008823466904479019,0.00038935240617777515,0.00850932709753995,0.12764338947921744
1781867881.042303,50.333142042160034,rhymes_and_toys,speech_attention_movie,speech_social,1443,1,0.4498716402312134,0.41203531447375835,0.4309534773524859,1,0,0.5388814389705658,0.6474924564361573,0.03641462305251802,0.23773731435260625,5.368152218373089,0.5329006463289261,0.7010164260864258,0.0006416884857986179,0.000240658204649284,0.003999017241367478,0.12680245958677844
1781867881.077407,50.36824584007263,rhymes_and_toys,speech_attention_movie,speech_social,1444,1,0.42328052191631454,0.43238578264996014,0.42783315228313734,1,0,0.5388043940067291,0.6474904239177703,0.03727372695150934,0.2399823353263829,6.210927949206817,0.5333591103553772,0.7010137438774109,0.0004584718724141803,0.00018321661338443758,0.00952575917112419,0.1261969708852488
1781867881.1115048,50.40234375,rhymes_and_toys,speech_attention_movie,speech_social,1445,1,0.43669922887176976,0.4017646586469047,0.41923194375933726,1,0,0.5389046639204025,0.6475929737091064,0.03434615427339166,0.23870057167832393,5.9141456340832175,0.5330376327037811,0.7010473608970642,0.0003232305438631929,0.0001352413285509874,0.010760513930342266,0.12761714478634698
1781867881.1448169,50.43565583229065,rhymes_and_toys,speech_attention_movie,speech_social,1446,1,0.424136769666904,0.4091983940125316,0.4166675818397178,1,0,0.5390944063663483,0.6483882963657379,0.04174558871649707,0.23755742061414606,5.411834624875003,0.5327900648117065,0.7010964155197144,0.00025238109515096733,7.084944871222558e-05,0.0018725987364964266,0.1293838668477451
1781867881.180159,50.47099804878235,rhymes_and_toys,speech_attention_movie,speech_social,1447,1,0.43517303940598856,0.43477331552465426,0.4349731774653214,1,0,0.5389600038528443,0.6479515433311462,0.03866217922118231,0.23858267966983304,5.609125884208211,0.5331541895866394,0.7007738649845123,0.0004864418767735983,0.00023406078162263095,0.00015946423959000658,0.12612055595298777
1781867881.214554,50.50539302825928,rhymes_and_toys,speech_attention_movie,speech_social,1448,1,0.4127143942066018,0.42666229026829894,0.41968834223745033,1,0,0.5389941900968551,0.6482524931430818,0.04091436800884432,0.24044027896673606,5.363590203889798,0.5331891626119614,0.7003017663955688,0.00047339221601394837,1.3049660759649907e-05,0.0013029072500317688,0.12784120733831508
1781867881.248867,50.539705991744995,rhymes_and_toys,speech_attention_movie,speech_social,1449,1,0.4312844669585988,0.4468356648090415,0.4390600658838202,1,0,0.538816151022911,0.6476944267749787,0.03611573321033602,0.23817456127218806,5.392145555522697,0.5331257283687592,0.7012846767902374,0.000984955200584361,0.0005115629845704126,0.004475648374091825,0.12746533921153097
1781867881.282323,50.57316184043884,rhymes_and_toys,speech_attention_movie,speech_social,1450,1,0.42553553385959186,0.39718019050489173,0.4113578621822418,1,0,0.5355580896139145,0.6495804011821746,0.03198823760309615,0.237468960808315,5.696437835843315,0.5332932472229004,0.7015249133110046,0.00029287566031189333,0.0006920795402724677,0.0076491826693007485,0.13086983974108207
1781867881.3184159,50.60925483703613,rhymes_and_toys,speech_attention_movie,speech_social,1451,1,0.3902150633814168,0.3909028969519704,0.3905589801666936,1,0,0.5340434312820435,0.6499010860919953,0.03191968207981892,0.2376203666236701,5.614133866353369,0.5334137082099915,0.702491819858551,0.0009743814043273951,0.0006815057440155018,0.008377608421638316,0.1336650306489277
1781867881.3518069,50.642645835876465,rhymes_and_toys,speech_attention_movie,speech_social,1452,1,0.38515757924639765,0.3940078939536547,0.3895827366000262,1,0,0.5336521387100219,0.6505946099758149,0.03360675955744453,0.2372265815281976,4.886730502771288,0.5330648124217987,0.703243613243103,0.0008288073142020369,0.00014557409012535823,0.012186339020867144,0.13426197349864352
1781867881.386328,50.67716693878174,rhymes_and_toys,speech_attention_movie,speech_social,1453,1,0.42592970176461203,0.37942762312946976,0.40267866244704087,1,0,0.5345059394836426,0.6508605599403381,0.03145033940888117,0.23286506478963123,5.053311319026106,0.5332106351852417,0.7044045925140381,0.0011701013400039551,0.00034129402580191823,0.006658864994852512,0.13307702630741242
1781867881.4191492,50.70998811721802,rhymes_and_toys,speech_attention_movie,speech_social,1454,1,0.42001355321678563,0.3564639996504932,0.3882387764336394,1,0,0.5348649144172668,0.6509152948856354,0.03283288511024756,0.2333543328110754,5.029695266408318,0.5334592759609222,0.7032451331615448,0.0011858196428695099,1.5718302865554753e-05,0.007856295901936596,0.1349229400527956
1781867881.456546,50.747385025024414,rhymes_and_toys,speech_attention_movie,speech_social,1455,1,0.4030943070237296,0.39169960156422357,0.3973969542939766,1,0,0.5340229451656342,0.6510149955749511,0.033180871150727514,0.23579811744431506,4.884034778937801,0.5332559794187546,0.7031450867652893,0.00022658059374324133,0.0009592390491262686,0.0036640987563763302,0.13491269158015703
1781867881.488796,50.779634952545166,rhymes_and_toys,speech_attention_movie,speech_social,1456,1,0.443272990217219,0.3826435398172397,0.4129582650172293,1,0,0.5337943285703659,0.6509990394115448,0.03343422464058756,0.23805567411130785,5.085039650437306,0.533622220158577,0.7032618820667267,0.0003844130876329497,0.00015783249388970835,0.003072416951753993,0.13325087885677978
1781867881.5254579,50.81629681587219,rhymes_and_toys,speech_attention_movie,speech_social,1457,1,0.4055005899499512,0.4018871231546839,0.40369385655231754,1,0,0.53410624563694,0.6507182121276855,0.03834267523700085,0.23598460428776813,5.86086021309123,0.5332917869091034,0.7042860090732574,0.0010761144260083696,0.00069170133837542,0.0023257935126828545,0.13517226582180536
1781867881.558007,50.84884595870972,rhymes_and_toys,speech_attention_movie,speech_social,1458,1,0.4090548361977221,0.39806332020304946,0.4035590782003858,1,0,0.5340309590101242,0.6510554730892182,0.03399300558875266,0.23401361702572912,5.177820805345201,0.5335578918457031,0.7050539553165436,0.0008127442831912332,0.00026337014281713645,0.0006407909778015381,0.1346771435401269
1781867881.5926578,50.88349676132202,rhymes_and_toys,speech_attention_movie,speech_social,1459,1,0.41601245373814877,0.4016990662613617,0.4088557599997552,1,0,0.5346354633569717,0.6513694703578949,0.031551972091663924,0.233878538888825,4.749293536647674,0.5336409509181976,0.7045375406742096,0.0005230515197765749,0.00028969276341465823,0.005703875110089787,0.13574848728760044
1781867881.6264179,50.9172568321228,rhymes_and_toys,speech_attention_movie,speech_social,1460,1,0.3943273076417664,0.42627382870405156,0.41030056817290894,1,0,0.5344285875558853,0.6517169356346131,0.03289707915646997,0.2339386869382337,4.254327309404114,0.5337628424167633,0.7049127221107483,0.0003944852947142966,0.00012856622506227832,0.007333012429450249,0.13492900561234936
1781867881.661632,50.952471017837524,rhymes_and_toys,speech_attention_movie,speech_social,1461,1,0.3833007954954205,0.3915302397015365,0.3874155175984785,1,0,0.5346167087554932,0.6517716944217682,0.033108488916417905,0.2355069110970323,4.707696286926643,0.5338055044412613,0.7042623162269592,0.000651803545557784,0.0002573182508434874,0.0024882718685335075,0.13624701680444584
1781867881.696167,50.987005949020386,rhymes_and_toys,speech_attention_movie,speech_social,1462,1,0.40192944169779765,0.4139975541572383,0.40796349792751796,1,0,0.5345727741718292,0.6520071089267732,0.03244824862006551,0.2366329934512088,5.0947088037855215,0.5342463254928589,0.7042123079299927,0.0004436485425391417,0.00020815500301864232,0.0007200063674882917,0.13584298590530558
1781867881.7306519,51.021490812301636,rhymes_and_toys,speech_attention_movie,speech_social,1463,1,0.4011569635775452,0.3867785014122179,0.3939677324948816,1,0,0.5350371032953263,0.6514609038829804,0.03366401210417942,0.231267828220928,5.062309432587688,0.5339931398630142,0.7049193978309631,0.0007510519896879666,0.00030740344714882495,0.004846141200689503,0.13510767145150665
1781867881.765456,51.0562949180603,rhymes_and_toys,speech_attention_movie,speech_social,1464,1,0.3898132160326994,0.38477264476580175,0.3872929303992506,1,0,0.5348013699054718,0.6513225078582764,0.03178946310029743,0.23604621731108152,5.530776373936942,0.5342716574668884,0.7036999464035034,0.0012508532446299887,0.000499801254942022,0.004067912568860925,0.13764286190629785
1781867881.799841,51.09067988395691,rhymes_and_toys,speech_attention_movie,speech_social,1465,1,0.391705269097924,0.39904371909420044,0.39537449409606223,1,0,0.5349290162324905,0.6510162711143493,0.03991513177969369,0.23417482846327056,6.062955811946481,0.5332212895154953,0.7040084898471832,0.0010947474092006754,0.00015610583542931332,0.000244281101134091,0.13673410555006432
1781867881.833977,51.124815940856934,rhymes_and_toys,speech_attention_movie,speech_social,1466,1,0.3998606358365224,0.3816060386818042,0.3907333372591633,1,0,0.5349274903535843,0.6519709765911101,0.03202419455225896,0.23283976949759833,4.726274830266301,0.5339420586824417,0.7052215039730072,0.0014109966199354004,0.000316249210734725,0.0018979746179828999,0.1377089930688256
1781867881.869498,51.16033697128296,rhymes_and_toys,speech_attention_movie,speech_social,1467,1,0.41659871851925734,0.3818810022112065,0.39923986036523196,1,0,0.5354106336832046,0.6518026828765869,0.03385564826882335,0.23192522681811004,5.0733326607375115,0.5337076932191849,0.7045977413654327,0.0006663384732819236,0.0007446581466534768,0.005166446144211105,0.13673430504517148
1781867881.902923,51.1937620639801,rhymes_and_toys,speech_attention_movie,speech_social,1468,1,0.4298137193048012,0.4059119284147206,0.4178628238597609,1,0,0.5353504598140717,0.6514549732208252,0.030247257825197715,0.23398355262207854,4.846243447822788,0.5339181274175644,0.703984260559082,0.0006485686175019145,1.7769855780009084e-05,0.005640587581034864,0.13550332774156512
1781867881.937519,51.228358030319214,rhymes_and_toys,speech_attention_movie,speech_social,1469,1,0.40723077896728965,0.37866691802388647,0.3929488484955881,1,0,0.534776148200035,0.6515857994556427,0.03348146295077999,0.23577487836136987,5.006149182244867,0.5336778312921524,0.7031519114971161,0.0008663412658090331,0.00021777264830711858,0.0005436620672644988,0.13609256274381162
1781867881.9729679,51.26380681991577,rhymes_and_toys,speech_attention_movie,speech_social,1470,1,0.4183862871623468,0.37182555950068663,0.39510592333151673,1,0,0.5351920962333679,0.6517822623252869,0.03503235544990612,0.23602349548161802,4.110831359191695,0.533503994345665,0.702638566493988,0.0005419800514784764,0.0003243612143305567,0.0043081913159053525,0.1376255953741828
1781867882.0065432,51.29738211631775,rhymes_and_toys,speech_attention_movie,speech_social,1471,1,0.42073020585576504,0.3840311886638073,0.4023806972597862,1,0,0.5346957981586457,0.6513388454914093,0.03146515967106375,0.23346046394555448,4.72958599302757,0.5333636552095413,0.7033461630344391,0.0007213791909850384,0.00017939913950656202,0.00031254026523760026,0.13597551750062803
1781867882.041583,51.33242201805115,rhymes_and_toys,speech_attention_movie,speech_social,1472,1,0.4116142894976376,0.3775239444179288,0.3945691169577832,1,0,0.5351613998413086,0.6513916909694673,0.031104730800451258,0.23558188772393335,4.633718482727582,0.533611848950386,0.7029200494289398,0.0004931256815316809,0.00022825350945335752,0.0021456601474038684,0.13609505167045516
1781867882.0770729,51.36791181564331,rhymes_and_toys,speech_attention_movie,speech_social,1473,1,0.3989961099407808,0.3847719964154399,0.39188405317811037,1,0,0.5353574454784393,0.6508804917335511,0.031420166217446664,0.23569109881395914,4.903851319272817,0.5336542427539825,0.7033619284629822,0.0004439080032051529,4.921767832652798e-05,0.009156069945916149,0.13662512527923915
1781867882.108802,51.399641036987305,rhymes_and_toys,speech_attention_movie,speech_social,1474,1,0.4020567579612428,0.3937925235027417,0.39792464073199224,1,0,0.5392446398735047,0.6500279307365417,0.030674524573358924,0.23538608799070773,5.342663873077498,0.5336016714572906,0.7031970918178558,0.0001730169379349174,0.0002708910652702355,0.004185901349555995,0.13385869598348504
1781867882.1432161,51.43405508995056,rhymes_and_toys,speech_attention_movie,speech_social,1475,1,0.41908127452296473,0.38965348410829753,0.40436737931563116,1,0,0.539356529712677,0.6492406368255615,0.03301317847798727,0.23617347151551402,4.955285275691795,0.5331452488899231,0.7026137113571167,0.0007407120371470923,0.0005676950992121749,0.010600301245238768,0.1326629259953612
1781867882.1781492,51.46898818016052,rhymes_and_toys,speech_attention_movie,speech_social,1476,1,0.42473267350733496,0.3926597704996981,0.4086962220035165,1,0,0.5392734169960022,0.6488987684249878,0.03159157705941282,0.2358301407085452,5.149777924212516,0.533491849899292,0.7021740078926086,0.0005598851635790376,0.00018082687356805473,0.006369253358327841,0.13338797435281485
1781867882.213185,51.504024028778076,rhymes_and_toys,speech_attention_movie,speech_social,1477,1,0.40418755714588694,0.3878084539414686,0.3959980055436778,1,0,0.5394896417856216,0.6496907830238342,0.03890302813868938,0.23494309042952735,5.027686875011508,0.5329881757497787,0.703040599822998,0.0010023318924906681,0.0004424467289116306,0.002885694359285801,0.13462108905626927
1781867882.2457972,51.53663611412048,rhymes_and_toys,speech_attention_movie,speech_social,1478,1,0.41338335552008953,0.41651880804180547,0.41495108178094753,1,0,0.5395453542470932,0.6497713685035706,0.03591457601623562,0.23863117653073782,5.223853838047522,0.5334294140338898,0.7029199004173279,0.00045744898064633513,0.000544882911844333,0.005889477027362044,0.13247997728347427
1781867882.281706,51.57254505157471,rhymes_and_toys,speech_attention_movie,speech_social,1479,1,0.41991275395303873,0.4155890262838871,0.4177508901184629,1,0,0.5393458336591721,0.6496874928474425,0.03405771112661477,0.2378940014004527,4.857495292569115,0.533329427242279,0.7024088799953461,0.0005207103131099612,6.326133246362608e-05,0.007235195256499551,0.13329249717951971
1781867882.316381,51.6072199344635,rhymes_and_toys,speech_attention_movie,speech_social,1480,1,0.43225928632072735,0.4136016287282317,0.42293045752447955,1,0,0.5389328926801682,0.6502281606197358,0.03646868484182212,0.233048324010737,4.83750001361185,0.5329517126083374,0.7035650908946991,0.0012163436966895547,0.0006956333835795935,0.007426338778100595,0.13260390253501256
1781867882.350367,51.64120602607727,rhymes_and_toys,speech_attention_movie,speech_social,1481,1,0.42190914568132376,0.3984525664089677,0.41018085604514576,1,0,0.5395869255065917,0.6496463537216186,0.03545824047739983,0.23631606268127636,4.853930563771966,0.5331980288028717,0.703019917011261,0.0005982359324487709,0.0006181077642407838,0.004914061256854258,0.13202794946456642
1781867882.3850172,51.67585611343384,rhymes_and_toys,speech_attention_movie,speech_social,1482,1,0.41067803401888836,0.39537334559894893,0.4030256898089186,1,0,0.5395881593227386,0.6504057765007019,0.032618529151141384,0.23300028607864737,4.954272561157006,0.5334334671497345,0.7034607827663422,0.0004997937866528364,9.844214579593448e-05,0.0016270439665875894,0.13591333894385396
1781867882.420803,51.711642026901245,rhymes_and_toys,speech_attention_movie,speech_social,1483,1,0.4188305223861792,0.40223176287421797,0.4105311426301986,1,0,0.5406932294368744,0.6506431877613068,0.034872385113220376,0.23357589252363845,4.979728608092558,0.5332849323749542,0.7028223872184753,0.0006554475225791958,0.0001556537359263594,0.004706156712552793,0.13702469937992234
1781867882.454048,51.74488687515259,rhymes_and_toys,speech_attention_movie,speech_social,1484,1,0.43250043425924173,0.4184983966805585,0.4254994154699001,1,0,0.5407896608114242,0.6499221503734589,0.032531967922716024,0.23394732812394245,5.066157440922873,0.5337078273296356,0.703158438205719,0.0005401577628086204,0.00011528975977057542,0.002350389160269229,0.13385736863287404
1781867882.4884548,51.77929377555847,rhymes_and_toys,speech_attention_movie,speech_social,1485,1,0.413807413342678,0.40647210127998445,0.41013975731133123,1,0,0.5399762332439423,0.6494733035564422,0.041541470636747235,0.23484806188038249,5.386432868343321,0.5326802730560303,0.7020398080348969,0.0015189474132695278,0.0009787896504609075,0.006524806821713043,0.13438120887018676
1781867882.5226932,51.81353211402893,rhymes_and_toys,speech_attention_movie,speech_social,1486,1,0.43649662878822487,0.40388924176430313,0.420192935276264,1,0,0.540326726436615,0.6500748276710511,0.038069922683687744,0.2334026997568615,5.627903181398486,0.5334156155586243,0.7025713920593262,0.0009073644092368135,0.0006115830040327143,0.004706591491405956,0.13324208044618951
1781867882.556563,51.8474018573761,rhymes_and_toys,speech_attention_movie,speech_social,1487,1,0.42243756285420964,0.43404041708908786,0.4282389899716488,1,0,0.540279096364975,0.6488826036453248,0.03888536670045778,0.23505442491831138,5.499691285427826,0.5330571085214615,0.7026830613613129,0.00037549611010159745,0.0005318682991352161,0.0020949323155005,0.13341315966193543
1781867882.5910919,51.88193082809448,rhymes_and_toys,speech_attention_movie,speech_social,1488,1,0.4135484396596843,0.4082230696737873,0.4108857546667358,1,0,0.5396379142999649,0.6482361316680909,0.03962790305123761,0.23333738562244472,5.610666321471158,0.5332579910755157,0.7016135156154633,0.001088247169988675,0.0007127510598870775,0.002221623515400581,0.13095476284502425
1781867882.6255739,51.91641283035278,rhymes_and_toys,speech_attention_movie,speech_social,1489,1,0.4409630068256824,0.4073245964025734,0.4241438016141279,1,0,0.5397202104330063,0.6466618657112122,0.03958984047003158,0.23544211107833274,5.061214883332567,0.5333174616098404,0.6998585164546967,0.0017560064916577998,0.0006677593216691249,0.0004004015674359539,0.12822669591267702
1781867882.66027,51.95110893249512,rhymes_and_toys,speech_attention_movie,speech_social,1490,1,0.44168503088630645,0.40572428672728794,0.4237046588067972,1,0,0.5391120254993439,0.6460191190242768,0.04036455564542254,0.23981287181848718,4.733447027134328,0.5327990055084229,0.698692262172699,0.00127630160204201,0.00047970488961578974,5.211017044613549e-05,0.12707499262039454
1781867882.695051,51.98588991165161,rhymes_and_toys,speech_attention_movie,speech_social,1491,1,0.43140440135514124,0.4063360118663889,0.4188702066107651,1,0,0.5384239763021469,0.6463652789592742,0.03632467350174435,0.23751848085674218,5.418692865473331,0.5332684516906738,0.7001427710056305,0.0015245837439912485,0.00024828214194923845,0.004194519738714988,0.1270916443176544
1781867882.7301278,52.02096676826477,rhymes_and_toys,speech_attention_movie,speech_social,1492,1,0.4428637099857615,0.40449113540307347,0.4236774226944175,1,0,0.5390538483858108,0.6460535109043122,0.03610491482327503,0.23524470394184355,5.053550118549609,0.5331160426139832,0.6995398104190826,0.0006219244291614802,0.0009026593148297684,0.003375743910948313,0.12695180232575595
1781867882.7631161,52.053955078125,rhymes_and_toys,speech_attention_movie,speech_social,1493,1,0.44432832710094444,0.41450225584911565,0.42941529147503005,1,0,0.5389177590608596,0.6459298193454742,0.03510783766610106,0.23683346759836452,5.211033770375891,0.5334490239620209,0.699735164642334,0.00038605679722438836,0.0002358676319370918,0.003225445946697141,0.12706441479485536
1781867882.798027,52.088865995407104,rhymes_and_toys,speech_attention_movie,speech_social,1494,1,0.45401652616263327,0.41574614504905033,0.4348813356058418,1,0,0.5387311339378357,0.6449305772781372,0.04064883426559401,0.238850779042403,4.6200432236232025,0.5322843044996262,0.6998164653778076,0.0011675535258263692,0.0007814967286019808,0.009784101775906884,0.12733056825368497
1781867882.833388,52.12422704696655,rhymes_and_toys,speech_attention_movie,speech_social,1495,1,0.4068806815917149,0.41402934328631896,0.41045501243901694,1,0,0.5384462356567383,0.645374310016632,0.03548950207415848,0.23885731631556814,5.851294301449885,0.5331341922283173,0.6988390684127808,0.001295227384911015,0.0001276738590846459,0.00738893944191988,0.12732461020641592
1781867882.8686678,52.15950679779053,rhymes_and_toys,speech_attention_movie,speech_social,1496,1,0.41467809046441995,0.4365174632419149,0.42559777685316746,1,0,0.5384407758712768,0.645761126279831,0.041457169820131715,0.23604312626200524,5.064296193035033,0.5324756950139999,0.6990145146846771,0.0006814689835832626,0.0006137584013277524,0.006475068857553276,0.127851146647983
1781867882.9006112,52.191450119018555,rhymes_and_toys,speech_attention_movie,speech_social,1497,1,0.3992036442552273,0.37952713451161785,0.3893653893834226,1,0,0.5385322749614716,0.6456113338470459,0.03774014097919188,0.23818795667612158,4.895553764678063,0.5330002009868622,0.6986013948917389,0.0006676634473187046,1.3805536264558022e-05,0.005492768993778433,0.1274442426307043
1781867882.9344058,52.225244760513306,rhymes_and_toys,speech_attention_movie,speech_social,1498,1,0.41008292796160245,0.41091257039084156,0.410497749176222,1,0,0.538544699549675,0.6452336132526397,0.035540848129011704,0.23659315141516837,4.810708104208266,0.533251166343689,0.699702799320221,0.0011296350408017085,0.0004619715934830039,0.005403996061856417,0.1258836239626024
1781867882.971383,52.26222205162048,rhymes_and_toys,speech_attention_movie,speech_social,1499,1,0.40382685318860756,0.40106212976717664,0.4024444914778921,1,0,0.5384867429733275,0.6458750009536743,0.03707611338242796,0.2366654945733858,4.659236599779416,0.5328818559646606,0.6997630596160889,0.0003741944137959984,0.0007554406270057102,0.002677004965816774,0.12657663767884664
1781867883.0047748,52.29561376571655,rhymes_and_toys,speech_attention_movie,speech_social,1500,1,0.41522060417434187,0.4182813285577681,0.416750966366055,1,0,0.5386556118726731,0.6464060187339783,0.03496567505953742,0.2370877504937533,5.122238556135397,0.5331606417894363,0.7001252472400665,0.0004570573389176118,8.286292512161338e-05,0.01064127704927944,0.12713514314435517
1781867883.039867,52.330705881118774,rhymes_and_toys,speech_attention_movie,speech_social,1501,1,0.4322177682955262,0.41370737026445703,0.42296256927999165,1,0,0.538699421286583,0.6461454451084137,0.03210222311615302,0.2376719398267824,4.834863621237758,0.5333540439605713,0.7007089555263519,0.0006149144357371609,0.00015785709681954914,0.007471125197439745,0.12711987031661
1781867883.074004,52.364842891693115,rhymes_and_toys,speech_attention_movie,speech_social,1502,1,0.39261330170431713,0.41218157954324663,0.4023974406237819,1,0,0.5390308737754822,0.6466761469841004,0.03685733082136797,0.23520506342680683,4.909501734258164,0.5330286026000977,0.7010781764984131,0.0004921749742893424,0.0001227394614478185,0.0006027339418251967,0.1297737956916332
1781867883.106981,52.39781999588013,rhymes_and_toys,speech_attention_movie,speech_social,1503,1,0.41935603556624956,0.4111426013165616,0.41524931844140556,1,0,0.5389733880758285,0.646533590555191,0.04083412509145317,0.23614588630658473,4.797382515951306,0.5328439772129059,0.7000516653060913,0.0010429821482449203,0.0005508071739555779,0.001710900534084034,0.1285922467882015
1781867883.1415172,52.432356119155884,rhymes_and_toys,speech_attention_movie,speech_social,1504,1,0.4138222200911558,0.40987830833971417,0.411850264215435,1,0,0.5385282635688782,0.646320754289627,0.036118505750986546,0.24018724862186988,5.120232999902889,0.5331389009952545,0.6988902390003204,0.0011982867357737893,0.00015530458752886908,0.008172170966159242,0.12729845026768827
1781867883.177841,52.468679904937744,rhymes_and_toys,speech_attention_movie,speech_social,1505,1,0.4389938016036957,0.41929108198077963,0.4291424417922377,1,0,0.5388670086860656,0.6455656468868256,0.04110600294668571,0.23960761524295987,5.482154974106333,0.5325384736061096,0.6995057761669159,0.0008598831624678576,0.00033840357330593173,0.005752582239596575,0.1262825025784353
1781867883.210164,52.50100302696228,rhymes_and_toys,speech_attention_movie,speech_social,1506,1,0.43929087157375984,0.42600641149521534,0.43264864153448757,1,0,0.5390925496816635,0.6455197095870971,0.037485953353375796,0.23880859118105097,5.016782841048812,0.5327600836753845,0.6984261274337769,0.0011021580693225256,0.00024227490685466797,0.0028734761896480466,0.12697927928928526
1781867883.245346,52.53618502616882,rhymes_and_toys,speech_attention_movie,speech_social,1507,1,0.42687032816766163,0.4196590045895241,0.42326466637859284,1,0,0.5390200436115264,0.6457031786441803,0.03895576422331837,0.23854706787475816,4.937993755815069,0.5325779467821121,0.6981180906295776,0.00035785544655934665,0.000744302622763179,0.008642233347274408,0.12792317876199638
1781867883.280311,52.571150064468384,rhymes_and_toys,speech_attention_movie,speech_social,1508,1,0.41770836688516455,0.4374189180435843,0.4275636424643744,1,0,0.538582730293274,0.6450503706932067,0.03881718571525636,0.23801016510942846,4.94195504688244,0.5323700904846191,0.6988141536712646,0.0007264351302147117,0.0003685796836553651,0.007769822032282645,0.12682470058741294
1781867883.3151062,52.605945110321045,rhymes_and_toys,speech_attention_movie,speech_social,1509,1,0.39985312134512757,0.4344994264880861,0.41717627391660683,1,0,0.5385972410440445,0.6453167200088501,0.038259371724257724,0.2349973755524386,5.267318250610776,0.5325324237346649,0.6997155547142029,0.000915901700118827,0.00018946656990411522,0.00032979640881383406,0.12757243022009046
1781867883.348833,52.63967204093933,rhymes_and_toys,speech_attention_movie,speech_social,1510,1,0.4212281352443437,0.4374231013336262,0.42932561828898497,1,0,0.5387781798839569,0.6451502859592437,0.042186340573903476,0.23676723203507977,5.143512487991506,0.5325716435909271,0.6994935274124146,0.00022546467542529667,0.0006904370246935303,0.002572064957650566,0.12764173647213997
1781867883.3834682,52.674307107925415,rhymes_and_toys,speech_attention_movie,speech_social,1511,1,0.42434385009535247,0.426745199090599,0.42554452459297576,1,0,0.5387942314147949,0.6451020598411561,0.04158382622210884,0.23784103130651346,5.130187449428186,0.5328275710344315,0.6989827156066895,0.0005713383911543129,0.00034587371572901627,0.005340947222655506,0.12619931220075592
1781867883.419132,52.70997095108032,rhymes_and_toys,speech_attention_movie,speech_social,1512,1,0.421888817586387,0.41530932648675917,0.4185990720365731,1,0,0.539040869474411,0.6448282599449158,0.03736032781556731,0.23637679408787982,5.0915524789852675,0.5327201634645462,0.6990956664085388,0.0001558661916743662,0.00041547219947994673,0.0032263793578947643,0.1269306289831675
1781867883.4518368,52.74267578125,rhymes_and_toys,speech_attention_movie,speech_social,1513,1,0.4328548256886613,0.43219669815659145,0.4325257619226264,1,0,0.5388057112693787,0.6450726330280304,0.0340181728581898,0.23584816122684016,5.078600260940585,0.533184289932251,0.6992172300815582,0.00047978235130325444,0.0003239161596288882,0.011316781603545604,0.12648342546289487
1781867883.4868312,52.77767014503479,rhymes_and_toys,speech_attention_movie,speech_social,1514,1,0.4357790330286512,0.43368196942168036,0.43473050122516577,1,0,0.5384217619895935,0.6448573648929596,0.03272397810771112,0.23502713522459742,5.47739748464959,0.53352090716362,0.6996424794197083,0.0005423542754063779,6.257192410312349e-05,0.006513418048192853,0.1247544027154901
1781867883.521317,52.812155961990356,rhymes_and_toys,speech_attention_movie,speech_social,1515,1,0.45735598632454155,0.4213448579146639,0.43935042211960273,1,0,0.53870669901371,0.6448824107646942,0.03796568961706803,0.23524198931734244,4.902209274916933,0.5324986279010773,0.6987291574478149,0.001370843504915124,0.0008284892295087462,0.009152320400752827,0.1252294858286647
1781867883.555773,52.846611976623535,rhymes_and_toys,speech_attention_movie,speech_social,1516,1,0.45142172777916584,0.40300697770521693,0.4272143527421914,1,0,0.538440826535225,0.6452061057090759,0.038859631751357995,0.2337608660233572,4.7095475442876715,0.5326443016529083,0.7005992233753204,0.0018757311681553718,0.0005048876632402477,0.0065217426331549535,0.12830605982116386
1781867883.590285,52.8811240196228,rhymes_and_toys,speech_attention_movie,speech_social,1517,1,0.44172552639513585,0.40460980626249976,0.4231676663288178,1,0,0.5383291333913803,0.6444657266139984,0.03527340618522976,0.23461458291058623,4.1295279691383735,0.5328829288482666,0.6992687284946442,0.0013517246634837724,0.0005240065046715995,0.004166641835035698,0.12694084643877265
1781867883.625064,52.915902853012085,rhymes_and_toys,speech_attention_movie,speech_social,1518,1,0.42607545955857723,0.39644594223903795,0.4112607008988076,1,0,0.5383131235837937,0.6449352860450746,0.03815811823974162,0.23413136480803637,4.694400958376517,0.5326626002788544,0.6992909610271454,0.00022144742942887895,0.0011302772340548934,0.007863042136243788,0.12824810748598103
1781867883.658991,52.949830055236816,rhymes_and_toys,speech_attention_movie,speech_social,1519,1,0.43503215333758805,0.42903006011028044,0.43203110672393424,1,0,0.5384171515703201,0.6451878786087035,0.03968843990482379,0.2346923999427617,4.708892362468992,0.5322614014148712,0.6990277171134949,0.0004798519423065954,0.0002584045128777164,0.002129591957621914,0.12860529180097996
1781867883.693108,52.98394703865051,rhymes_and_toys,speech_attention_movie,speech_social,1520,1,0.442624158544998,0.4070771796748368,0.4248506691099174,1,0,0.5384862333536149,0.6448726117610931,0.036912257430383934,0.23699576682374218,4.344267888640327,0.5326120555400848,0.698503315448761,0.0006308370800016459,0.00015098513769505053,0.0014613744669489629,0.12493844871829189
1781867883.728041,53.018879890441895,rhymes_and_toys,speech_attention_movie,speech_social,1521,1,0.4422962957690471,0.43961274362756597,0.44095451969830657,1,0,0.5383314728736878,0.6457027792930603,0.03420136656128676,0.2378054352273925,4.858740586341344,0.5329471826553345,0.6990220844745636,0.0006176013969444473,1.323568305719859e-05,0.0002902959366946098,0.1270729623937901
1781867883.76227,53.05310893058777,rhymes_and_toys,speech_attention_movie,speech_social,1522,1,0.43492043274216385,0.432057261568034,0.43348884715509894,1,0,0.5384805858135224,0.6456351757049561,0.03632223403302898,0.23762672351327502,4.608526549990786,0.532850056886673,0.699677586555481,0.0006626585795302691,4.505718258582183e-05,0.011013428716836283,0.12620393804549265
1781867883.795687,53.08652591705322,rhymes_and_toys,speech_attention_movie,speech_social,1523,1,0.4356462564900065,0.42968012820742485,0.43266319234871564,1,0,0.5386086165904999,0.6459916412830353,0.03670819373346623,0.23989131876827413,5.125543330194234,0.5328352451324463,0.6990028619766235,0.0006748871352882621,1.222855575799299e-05,0.0004419324090232828,0.12635297569297244
1781867883.832386,53.12322497367859,rhymes_and_toys,speech_attention_movie,speech_social,1524,1,0.4300809948809195,0.42597329759901603,0.42802714623996774,1,0,0.5388414263725281,0.6460542857646943,0.038049480669533314,0.23870155962061923,5.548789638779945,0.5329886078834534,0.6991215944290161,0.00019395238757905373,0.0004809347477092084,0.004284766054318167,0.12742889574404573
1781867883.865845,53.156683921813965,rhymes_and_toys,speech_attention_movie,speech_social,1525,1,0.4500625627402493,0.42677997933654704,0.4384212710383982,1,0,0.5389951556921005,0.645941436290741,0.03873129856198002,0.2355183232972395,5.463068436112104,0.5324856787919998,0.6994427740573883,0.00059673614329249,0.00040278375571343626,0.001251105758235119,0.1269066531378682
1781867883.899254,53.19009304046631,rhymes_and_toys,speech_attention_movie,speech_social,1526,1,0.4321768137655826,0.4145730264633455,0.42337492011446404,1,0,0.5385298192501068,0.6458867847919464,0.0349830203027067,0.2357957701700256,5.415514271343612,0.5329115390777588,0.6999387145042419,0.0006536925193178359,5.6956376025345886e-05,0.0015265064476725322,0.12885658049537768
1781867883.934602,53.225440979003906,rhymes_and_toys,speech_attention_movie,speech_social,1527,1,0.4288748584178795,0.3999090026538831,0.4143919305358813,1,0,0.538558429479599,0.6467032492160798,0.031206868770604686,0.2379923090616989,5.392065159785919,0.5334660112857819,0.7007258236408234,0.0009627981212901955,0.0003091056019723596,0.007126397085137501,0.12985149321236364
1781867883.9689631,53.2598021030426,rhymes_and_toys,speech_attention_movie,speech_social,1528,1,0.4425156233871189,0.4203395336076496,0.4314275784973842,1,0,0.5383041262626648,0.6463142991065979,0.03740890693440742,0.24069061376798107,4.891670490442529,0.5322564244270325,0.6989778280258179,0.0021256973065179453,0.0011628991852277498,0.0007562681251785778,0.12784361004424138
1781867884.0026171,53.293456077575684,rhymes_and_toys,speech_attention_movie,speech_social,1529,1,0.4171822366994269,0.4277036196631038,0.42244292818126533,1,0,0.538335257768631,0.6463844656944275,0.03939148259304229,0.23877588304027397,5.17418177322327,0.5324572026729584,0.6997664272785187,0.0008137571415338557,0.0013119401649840895,0.006057982770273006,0.12765424882135282
1781867884.036789,53.32762789726257,rhymes_and_toys,speech_attention_movie,speech_social,1530,1,0.40151115373630386,0.42151741401159043,0.4115142838739472,1,0,0.5381624430418015,0.6461655616760253,0.03204587318089561,0.23841979711051825,5.389007873568807,0.5328782498836517,0.6992243826389313,0.0006863622548902985,0.00012739488664355726,0.004060883208821785,0.12696097135293388
1781867884.073469,53.36430788040161,rhymes_and_toys,speech_attention_movie,speech_social,1531,1,0.4376869221048342,0.4170033142615623,0.4273451181831982,1,0,0.5384267628192901,0.646369743347168,0.03590963907754625,0.23756098786561,4.638894447327253,0.5327882468700409,0.6993211805820465,0.0001321755811425589,0.0005541866737477396,0.008381272101245958,0.12620310393070927
1781867884.106569,53.39740800857544,rhymes_and_toys,speech_attention_movie,speech_social,1532,1,0.432027659384089,0.42888576178772914,0.43045671058590906,1,0,0.5382518708705902,0.6462398052215577,0.03346182599442739,0.2384590321834967,5.292432549966741,0.5326822102069855,0.6988226473331451,0.0005096853678222293,0.00037750978667967046,0.001881050388712914,0.12607373099072858
1781867884.1409311,53.43177008628845,rhymes_and_toys,speech_attention_movie,speech_social,1533,1,0.41943974349292146,0.4243644759278118,0.4219021097103666,1,0,0.5380799233913421,0.645961195230484,0.03564239914776746,0.23913005727396058,5.404492788968152,0.5326505303382874,0.6992767453193665,0.0004552017082250267,5.448365959720262e-05,0.004450923051072646,0.1262876082793346
1781867884.175492,53.466331005096436,rhymes_and_toys,speech_attention_movie,speech_social,1534,1,0.45543989404851026,0.43430053759668785,0.44487021582259906,1,0,0.5383349478244781,0.6461390554904938,0.038609515227943286,0.2401860970734699,4.843801866020911,0.5323918759822845,0.6992923319339752,0.0002591235582385154,0.0001960781499865113,0.004493695505515246,0.1271043973495504
1781867884.209541,53.50038003921509,rhymes_and_toys,speech_attention_movie,speech_social,1535,1,0.4364467231258419,0.42696196722553675,0.43170434517568934,1,0,0.5383391350507736,0.6457550227642059,0.03704874441226728,0.23595040030367606,4.542053481029484,0.5323373526334763,0.699690967798233,0.0004023472975401269,0.00014322373930161151,0.0029796622552961823,0.12794237370839384
1781867884.2441149,53.53495383262634,rhymes_and_toys,speech_attention_movie,speech_social,1536,1,0.41309550860377947,0.4205388264787822,0.41681716754128084,1,0,0.5381987512111663,0.6455815434455872,0.03661470434646006,0.23833381451062974,5.135594166263559,0.5324396789073944,0.6993069350719452,0.00039743150503457206,4.915792505554863e-06,0.009225111654014703,0.12913105893490082
1781867884.277281,53.56812000274658,rhymes_and_toys,speech_attention_movie,speech_social,1537,1,0.42699504896605855,0.42852986636357193,0.42776245766481524,1,0,0.53827363550663,0.6455531716346741,0.03791148587280091,0.23654311600450137,4.527688053733803,0.5321562141180038,0.6990635693073273,0.0003736029740410287,2.382853099354334e-05,0.00047976104868705877,0.12968474459240248
1781867884.312078,53.602916955947876,rhymes_and_toys,speech_attention_movie,speech_social,1538,1,0.4291533513842439,0.41283160440814776,0.4209924778961958,1,0,0.5374558329582214,0.6454632341861725,0.040160806706706874,0.2353669071146042,5.1163118159488725,0.5321737229824066,0.699923187494278,0.0008597964803772199,0.0004861935063361912,0.00043669709587773766,0.12728844563831118
1781867884.345351,53.63618993759155,rhymes_and_toys,speech_attention_movie,speech_social,1539,1,0.4323046754465197,0.4351984995535707,0.43375158750004517,1,0,0.5379178822040558,0.645165640115738,0.03851773842163833,0.2384313687336791,4.515259910220337,0.5321836322546005,0.6990987360477448,0.0008245109952972757,3.528548507994423e-05,0.00300301486031007,0.12786573993679057
1781867884.380928,53.67176699638367,rhymes_and_toys,speech_attention_movie,speech_social,1540,1,0.4148282577843222,0.4184368335988402,0.4166325456915812,1,0,0.5376703321933747,0.645126861333847,0.03436159475967351,0.2393144056919065,5.400117108064503,0.5327536761760712,0.6987976133823395,0.0006446897951933192,0.00017982120010395645,0.005741709017981882,0.1281321664459406
1781867884.415741,53.70657992362976,rhymes_and_toys,speech_attention_movie,speech_social,1541,1,0.44762227593498843,0.430985387534593,0.4393038317347907,1,0,0.5379493713378907,0.6452082931995391,0.03822321662037423,0.238355965905988,4.793771212558943,0.5318657010793686,0.6994152367115021,0.0010816461293278127,0.00043695633413449347,0.0094020796362857,0.12868036780741837
1781867884.4508202,53.74165916442871,rhymes_and_toys,speech_attention_movie,speech_social,1542,1,0.419401046995931,0.4127615898688627,0.4160813184323968,1,0,0.5376687616109848,0.6455933690071106,0.03767747808731494,0.23779717493751734,4.7106648910058935,0.5322914123535156,0.6986182034015656,0.0009035995717596711,0.00017804655756814157,0.005241334630910365,0.12967088584284361
1781867884.4846468,53.77548575401306,rhymes_and_toys,speech_attention_movie,speech_social,1543,1,0.4269318763194785,0.4042999961565059,0.4156159362379922,1,0,0.5376724153757095,0.6454684376716614,0.03675362186094455,0.23622736117179402,4.406500444135293,0.5325066894292831,0.6992994844913483,0.0007144845293262387,0.00018911504243343243,0.010409424391874178,0.12876985986366618
1781867884.52066,53.81149888038635,rhymes_and_toys,speech_attention_movie,speech_social,1544,1,0.42136503753351645,0.41162269202971363,0.41649386478161504,1,0,0.5380014777183533,0.644883930683136,0.03853077759901238,0.2382816470446941,5.017269456840327,0.5321153402328491,0.6985384523868561,0.0008557593456208128,0.00014127481629457408,0.008233442808252788,0.1273062658010766
1781867884.553327,53.84416604042053,rhymes_and_toys,speech_attention_movie,speech_social,1545,1,0.43476126805098636,0.428788475041266,0.43177487154612615,1,0,0.5378913581371307,0.6458691537380219,0.040902164351658894,0.23630082450057938,4.868847005662625,0.532312273979187,0.6994493901729584,0.0009319820548678107,7.622270924699797e-05,0.00602071651524059,0.12754634261218273
1781867884.589026,53.87986493110657,rhymes_and_toys,speech_attention_movie,speech_social,1546,1,0.42492175046259745,0.43233690949280557,0.42862932997770153,1,0,0.5378481209278106,0.6457094788551331,0.042460501186449257,0.23795865639680822,5.102903647443164,0.5323115289211273,0.6993512511253357,9.814187577073864e-05,0.0008338401790970721,0.00520878720957644,0.12755768845230392
1781867884.624369,53.915207862854004,rhymes_and_toys,speech_attention_movie,speech_social,1547,1,0.41763904698647336,0.4335542633072371,0.42559665514685524,1,0,0.5383563429117202,0.6460346817970276,0.042597688171704895,0.23793162806313048,4.857515139520765,0.5323040187358856,0.6987545490264893,0.0005967493591534942,0.0004986074833827556,0.008947594179665326,0.12860572223351685
1781867884.658497,53.94933605194092,rhymes_and_toys,speech_attention_movie,speech_social,1548,1,0.4135528617464244,0.4383545812369294,0.4259537214916769,1,0,0.5379487752914429,0.6459967613220214,0.04772651657158411,0.2388374497845281,4.5636504363528,0.5315825194120407,0.7000133395195007,0.0014509013679794823,0.0008541520088259881,0.004023557478356651,0.12808098699863735
1781867884.6917078,53.98254680633545,rhymes_and_toys,speech_attention_movie,speech_social,1549,1,0.4179197642194128,0.4224942787257954,0.42020702147260414,1,0,0.5378183573484421,0.6456177830696106,0.04526721134378974,0.23682346035675003,4.9780438584770215,0.5319473594427109,0.6999130249023438,0.0003783797964938927,0.0010725215714855896,0.00837295481192554,0.12919256701765883
1781867884.727794,54.018632888793945,rhymes_and_toys,speech_attention_movie,speech_social,1550,1,0.4365859461070343,0.4362649327213453,0.43642543941418976,1,0,0.5381511956453323,0.64590824842453,0.041433461704507735,0.23868059101499212,4.411016176413105,0.5323272496461868,0.6994287967681885,0.0006154619830700332,0.00023708218657614056,0.009620097994078114,0.12740561547978918
1781867884.760776,54.05161499977112,rhymes_and_toys,speech_attention_movie,speech_social,1551,1,0.4114102817840517,0.42381292400724124,0.41761160289564647,1,0,0.538017338514328,0.6460766017436981,0.03907446230156206,0.236042359946079,4.475036713587925,0.5324597656726837,0.7000775933265686,0.0006621914160153552,4.6729432945321974e-05,0.009416039584347636,0.12928140756705617
1781867884.794718,54.085556983947754,rhymes_and_toys,speech_attention_movie,speech_social,1552,1,0.4167124890779265,0.41443010475097486,0.4155712969144507,1,0,0.5384631723165512,0.646190619468689,0.0379980859072767,0.23610535700042934,5.339480279635471,0.5328072905540466,0.7007026374340057,0.0007151598977908307,5.296848177547544e-05,0.013795295612067732,0.1293986021858306
1781867884.832148,54.122987031936646,rhymes_and_toys,speech_attention_movie,speech_social,1553,1,0.41458260964220883,0.42650857285830385,0.42054559125025637,1,0,0.5388299614191054,0.6458010613918305,0.038147508427177686,0.2372359770173474,5.190131830061195,0.5328799784183502,0.699127584695816,0.0015767290996540528,0.0008615692018632222,0.01533234109315556,0.12788883999163245
1781867884.862957,54.15379595756531,rhymes_and_toys,speech_attention_movie,speech_social,1554,1,0.4251403839776145,0.4407085434111533,0.43292446369438387,1,0,0.5383306950330734,0.6451828002929687,0.03784520240278159,0.23678419651028373,4.963249538013118,0.5328879058361053,0.6994181275367737,0.0002906509700379507,0.001286078129616102,0.004207321135408406,0.12644757342612362
1781867884.898709,54.18954801559448,rhymes_and_toys,speech_attention_movie,speech_social,1555,1,0.42642149496806775,0.44313702792819415,0.43477926144813095,1,0,0.5383609682321548,0.6455317854881286,0.04222904593815908,0.23685512537617354,4.816773705093737,0.5326438844203949,0.6990738809108734,0.00042196230965460806,0.00013131133961665734,0.0005882044880375771,0.12809599270125602
1781867884.9324238,54.223262786865234,rhymes_and_toys,speech_attention_movie,speech_social,1556,1,0.4494035400557897,0.4319876830041664,0.44069561152997805,1,0,0.5382237434387207,0.6459575355052948,0.040303277708327326,0.23319221447581764,5.12781214546311,0.5327463448047638,0.7002744674682617,0.0012049507094261263,0.0007829883997715183,0.00522924809981553,0.1278451407045694
1781867884.967697,54.258535861968994,rhymes_and_toys,speech_attention_movie,speech_social,1557,1,0.4278558424334307,0.4474504286263464,0.43765313552988855,1,0,0.5381866127252579,0.6460345625877381,0.04162129127160182,0.23492370094457923,5.107835754892922,0.532613143324852,0.6997843086719513,0.0005079353106953476,0.0006970153987307787,0.007968640276955458,0.12688970310557707
1781867885.0012212,54.292060136795044,rhymes_and_toys,speech_attention_movie,speech_social,1558,1,0.43329571417428514,0.43575121165077907,0.4345234629125321,1,0,0.538160890340805,0.6459245443344116,0.03832930027593993,0.23584870951178008,5.030363554539372,0.5328223556280136,0.6995154321193695,0.0003406822395172026,0.00016725307117814505,0.002028869091514779,0.1277401575670572
1781867885.039698,54.33053684234619,rhymes_and_toys,speech_attention_movie,speech_social,1559,1,0.43144048947374525,0.4294584972050661,0.4304494933394057,1,0,0.5383841514587402,0.6460626065731048,0.03976230766251181,0.23500423778007032,4.711617199443512,0.5328902006149292,0.7001142799854279,0.0006026787775691255,0.00026199653805192286,0.006962536077960577,0.12941643162190383
1781867885.071279,54.36211800575256,rhymes_and_toys,speech_attention_movie,speech_social,1560,1,0.450745377965263,0.43509614295608956,0.4429207604606763,1,0,0.5385984629392624,0.646008813381195,0.04352267008394456,0.23487591659099477,4.795434898167032,0.532008022069931,0.6997571289539337,0.0009517330742137814,0.0003490542966446559,0.0010929554366036736,0.1296147827336304
1781867885.105293,54.39613199234009,rhymes_and_toys,speech_attention_movie,speech_social,1561,1,0.4453227936492023,0.4298077168926547,0.4375652552709285,1,0,0.5381889402866363,0.6455530524253845,0.04062438846513771,0.2356107312112358,5.076208146279382,0.5325268656015396,0.6998249292373657,0.0005232547073132984,0.0004284783669004829,0.004418460026063231,0.128418820147878
1781867885.139135,54.4299738407135,rhymes_and_toys,speech_attention_movie,speech_social,1562,1,0.45050061950193115,0.4249791752944496,0.4377398973981904,1,0,0.5385236293077469,0.6453906059265136,0.038338710634636466,0.23636885467278165,4.846456823558639,0.5325858443975449,0.6991302371025085,0.0006971912654434592,0.00017393655813016076,0.0031044631408019725,0.12799892686580233
1781867885.174227,54.46506595611572,rhymes_and_toys,speech_attention_movie,speech_social,1563,1,0.43362741360537416,0.4015625305791507,0.41759497209226243,1,0,0.5383291482925415,0.6453942954540253,0.04026280047447375,0.23265027428655302,4.672705923004013,0.5323231518268585,0.6999382078647614,0.0008496023418924768,0.00015241107644901756,0.00013551386817758836,0.12989706999089878
1781867885.207834,54.49867296218872,rhymes_and_toys,speech_attention_movie,speech_social,1564,1,0.4211700059227916,0.436531094677111,0.4288505502999513,1,0,0.5384060710668563,0.645320212841034,0.04235759392977792,0.2343933379835003,4.560874635417993,0.5320666283369064,0.6992561519145966,0.0007287006381583591,0.00012090170373411761,0.006323729483538889,0.13010295507607675
1781867885.2433841,54.5342230796814,rhymes_and_toys,speech_attention_movie,speech_social,1565,1,0.40623237903895965,0.3820743864891908,0.3941533827640752,1,0,0.5383703768253326,0.6452337741851806,0.041651313286413694,0.23528395981251227,4.56635599834865,0.5319007933139801,0.6988228261470795,0.000463974649763596,0.00026472598839476317,0.009068808212300404,0.13399126598105096
1781867885.277063,54.567901849746704,rhymes_and_toys,speech_attention_movie,speech_social,1566,1,0.4148940904952812,0.3810192105438134,0.3979566505195473,1,0,0.5381723672151566,0.6456618428230285,0.038683335432441825,0.232318899190404,4.685285388801176,0.532307893037796,0.6996420621871948,0.0009148102942987069,0.0004508356445351109,0.005834301382434854,0.13178270759655653
1781867885.311459,54.60229802131653,rhymes_and_toys,speech_attention_movie,speech_social,1567,1,0.418086933520648,0.4031062937432865,0.41059661363196726,1,0,0.5381677478551865,0.6452942013740539,0.038579560063320105,0.23659652233745784,4.667502342409523,0.532124474644661,0.6996136605739594,0.0001856043064549657,0.0007292059878437412,0.0005709525590793767,0.13119201792915042
1781867885.3466492,54.63748812675476,rhymes_and_toys,speech_attention_movie,speech_social,1568,1,0.41776633982917655,0.4038851392857049,0.41082573955744073,1,0,0.5377390593290329,0.6452439486980438,0.03317886394407307,0.23709223184577788,5.053956919147108,0.5327300280332565,0.6995518803596497,0.000608696723598659,0.0004230924171436933,0.00875264604632309,0.12913406577848904
1781867885.3802612,54.67110013961792,rhymes_and_toys,speech_attention_movie,speech_social,1569,1,0.4382355891970065,0.39196752386984646,0.4151015565334265,1,0,0.5383529752492905,0.6448189616203308,0.03908786196386821,0.23744407271836798,4.855278192612616,0.5323314070701599,0.6995614469051361,0.0003987357408267036,0.00020996098277195542,0.005247619257130724,0.1296096261800756
1781867885.415863,54.70670199394226,rhymes_and_toys,speech_attention_movie,speech_social,1570,1,0.4329609011586574,0.41152308911543606,0.42224199513704674,1,0,0.5379935532808304,0.6450310707092285,0.03762314421433178,0.23656998899714074,5.089940903064807,0.5328705608844757,0.6992081105709076,0.0006446188025316334,0.0002458830617049298,0.008262672170604468,0.12864748206043447
1781867885.44929,54.74012899398804,rhymes_and_toys,speech_attention_movie,speech_social,1571,1,0.42229037750784426,0.38787627720935075,0.40508332735859753,1,0,0.5381712853908539,0.6451618313789367,0.04301244504918686,0.23356038512991287,4.9242563916184725,0.5322914868593216,0.6996973752975464,0.0007580941230092217,0.0001134753204775883,0.008206787707938088,0.13025508473284006
1781867885.4845061,54.77534508705139,rhymes_and_toys,speech_attention_movie,speech_social,1572,1,0.4340174386439172,0.41172432470819215,0.4228708816760547,1,0,0.5381589561700821,0.6453386962413787,0.03982908325353889,0.23601479418067295,5.364709889258223,0.5328051894903183,0.6995489299297333,0.0005347208807575272,0.00022337324225169453,0.0032507910421580087,0.12828006376074966
1781867885.51881,54.8096489906311,rhymes_and_toys,speech_attention_movie,speech_social,1573,1,0.4425678726618448,0.4216374185598879,0.4321026456108663,1,0,0.5385569751262664,0.6450252592563629,0.038565466736544395,0.23512718000303978,4.768514242540084,0.5326899737119675,0.6996882855892181,0.00018081669007989493,0.00035390419067763226,0.000456496880305646,0.12657172969430663
1781867885.552896,54.84373497962952,rhymes_and_toys,speech_attention_movie,speech_social,1574,1,0.4440223981997987,0.3914280642494907,0.4177252312246447,1,0,0.5381972312927246,0.6453513205051422,0.037263908213361605,0.23443019485514888,4.821100613400233,0.5326676517724991,0.7000081837177277,0.00032067597603425876,0.00013985928595436383,0.0002542170357101145,0.12957236903988062
1781867885.5872698,54.878108739852905,rhymes_and_toys,speech_attention_movie,speech_social,1575,1,0.4498020626171234,0.40301176525871135,0.4264069139379174,1,0,0.538525041937828,0.645613569021225,0.03771554075682309,0.23442307828471104,4.955205485528946,0.5330750495195389,0.6999597549438477,0.000410266097103601,8.959012106934223e-05,0.0004061097844041178,0.12992999128995278
1781867885.624182,54.91502094268799,rhymes_and_toys,speech_attention_movie,speech_social,1576,1,0.4390661975256703,0.40131210994390604,0.42018915373478816,1,0,0.5385922253131867,0.6454077064990997,0.038765293373907064,0.23560997743436812,4.755919842810313,0.5328571051359177,0.6997198164463043,0.0003241453947773817,8.612070232621929e-05,0.007881143330068981,0.1290033072801582
1781867885.656478,54.94731688499451,rhymes_and_toys,speech_attention_movie,speech_social,1577,1,0.41250918567585937,0.43578866637407176,0.42414892602496557,1,0,0.5384953439235687,0.6445005297660827,0.041150616742791774,0.2391636907786671,5.503655752134822,0.5328827947378159,0.698318749666214,0.0014013022792810901,0.0010771568845037085,0.006909063569879537,0.12771407054466352
1781867885.689802,54.98064088821411,rhymes_and_toys,speech_attention_movie,speech_social,1578,1,0.4223483513315849,0.42562799902164833,0.4239881751766166,1,0,0.5386888563632966,0.6452680289745331,0.038668719068727986,0.23550233730245207,5.651595958575053,0.5332545787096024,0.6982051730155945,0.00038874538871000106,0.001012556890571089,0.0007644868120880611,0.12852474191889357
1781867885.7260668,55.016905784606934,rhymes_and_toys,speech_attention_movie,speech_social,1579,1,0.42891764320107667,0.4351096542154953,0.43201364870828596,1,0,0.5390700727701188,0.6449316203594208,0.04333162438081413,0.23630019677834707,4.895724453217935,0.5327402949333191,0.698573499917984,0.0006325760899465282,0.00024383070123652718,0.0003794725303697811,0.12835739481469044
1781867885.759306,55.05014491081238,rhymes_and_toys,speech_attention_movie,speech_social,1580,1,0.42017610248756243,0.42857776681312,0.4243769346503412,1,0,0.5391895025968552,0.6451233506202698,0.04254656874559851,0.23793696940531964,4.600041233329487,0.53281669318676,0.6983858048915863,0.00020264776352885963,0.0004299283264176686,0.008363011182024389,0.12924307496575066
1781867885.793747,55.08458590507507,rhymes_and_toys,speech_attention_movie,speech_social,1581,1,0.41243792441896615,0.420090002772959,0.41626396359596257,1,0,0.5389329135417938,0.6448758363723754,0.03760370695754059,0.23487405779666132,4.762664679083964,0.5331595540046692,0.6990227699279785,0.0007233795670624968,0.0005207318035336372,0.004937311061446602,0.1291866944096896
1781867885.828636,55.1194748878479,rhymes_and_toys,speech_attention_movie,speech_social,1582,1,0.4328397362823505,0.4048074290737468,0.41882358267804864,1,0,0.5388601034879685,0.6451889514923096,0.034461405137921654,0.2354250638014244,4.855582593861145,0.5335847437381744,0.6997603476047516,0.0008513560587393654,0.00012797649167686862,0.003559657184209377,0.13047304957125397
1781867885.862514,55.15335297584534,rhymes_and_toys,speech_attention_movie,speech_social,1583,1,0.43382212995611674,0.42404838288532853,0.4289352564207226,1,0,0.5390568792819976,0.6447375833988189,0.03879805304859268,0.23569046819580733,5.118474765428439,0.5332304090261459,0.7006262540817261,0.0009355998690758196,8.42438103364542e-05,0.003923013345572494,0.13066633162948432
1781867885.896418,55.187257051467896,rhymes_and_toys,speech_attention_movie,speech_social,1584,1,0.43003098846454546,0.4204236024238546,0.4252272954442,1,0,0.5391645014286042,0.6438893973827362,0.03654537757222815,0.23734212932058368,5.493921109475375,0.5337746441364288,0.6995112001895905,0.001240780817723837,0.0003051809486480173,0.0002727676626668344,0.12888212405576316
1781867885.931232,55.222070932388306,rhymes_and_toys,speech_attention_movie,speech_social,1585,1,0.45028669101886937,0.41494872543464234,0.4326177082267558,1,0,0.5390857070684433,0.6437471032142639,0.03290704467305491,0.23547719958834756,4.642814210931148,0.5332324057817459,0.6995306611061096,0.0005425874681201259,0.000698193349603711,0.00587502623051438,0.1292867782302741
1781867885.9659011,55.2567400932312,rhymes_and_toys,speech_attention_movie,speech_social,1586,1,0.42109318709637694,0.4249831685227605,0.42303817780956876,1,0,0.5386771440505982,0.6444244742393493,0.036271543134208425,0.23322632851939715,4.89384423235086,0.5332801640033722,0.6985699832439423,0.0009618642329306934,0.0004192767648105675,0.006627826153507546,0.12941589979198131
1781867886.000412,55.29125094413757,rhymes_and_toys,speech_attention_movie,speech_social,1587,1,0.42406201252577685,0.43862161128081706,0.43134181190329696,1,0,0.5386657029390335,0.6443941771984101,0.03941193593244596,0.2357257868909578,4.818531386931164,0.5327621400356293,0.6979049146175385,0.000843009554502656,0.00011885467842803743,0.002373381367982356,0.12908090590479077
1781867886.034837,55.32567596435547,rhymes_and_toys,speech_attention_movie,speech_social,1588,1,0.432070485170069,0.4209176664888675,0.4264940758294683,1,0,0.5382773905992508,0.6438111722469331,0.03462289594566842,0.23523330307234097,4.887920794371349,0.533178061246872,0.698906660079956,0.0010846586677088009,0.0002416491132061449,0.009890129931144903,0.12808864226291955
1781867886.0683048,55.35914373397827,rhymes_and_toys,speech_attention_movie,speech_social,1589,1,0.43428166732217094,0.4299564405788446,0.43211905395050776,1,0,0.5385229885578156,0.6440340757369996,0.03707094133737415,0.2363505961191057,4.977571774272682,0.5330066680908203,0.6981517672538757,0.0007741051561699328,0.0003105535115388681,0.008064921829457337,0.1285497451817864
1781867886.102675,55.393513917922974,rhymes_and_toys,speech_attention_movie,speech_social,1590,1,0.4305575364841278,0.41635112502494515,0.4234543307545365,1,0,0.5384052217006683,0.6441501498222351,0.043914843571486055,0.23689813689004563,5.433782613438183,0.5325205773115158,0.6982762813568115,0.0005017848219653172,0.00027232033420461553,0.007076919670315364,0.1293589540234946
1781867886.136441,55.42727994918823,rhymes_and_toys,speech_attention_movie,speech_social,1591,1,0.44363623647064526,0.4162707634176186,0.4299534999441319,1,0,0.5384328842163086,0.6443576216697693,0.03301164217133923,0.23558478393519458,4.938775216466226,0.5332275032997131,0.6988697350025177,0.0009230013989104887,0.0004212165769451715,0.0032053923320331207,0.12967798887404663
1781867886.1743512,55.465190172195435,rhymes_and_toys,speech_attention_movie,speech_social,1592,1,0.4172569781251301,0.40818656414162074,0.4127217711333754,1,0,0.5386296451091767,0.6441626369953155,0.040833709732556185,0.23321830791243167,4.9885296710056375,0.5322309881448746,0.6992248892784119,0.0010579116284023123,0.00013491022949182357,0.0015362295815768347,0.1301941948205029
1781867886.2070668,55.49790573120117,rhymes_and_toys,speech_attention_movie,speech_social,1593,1,0.4262365491407669,0.40557735095140557,0.41590695004608624,1,0,0.5384085446596145,0.6439180910587311,0.031913688825146995,0.23479857814616878,4.99838970395064,0.5330986827611923,0.6985091269016266,0.0011248154191724597,6.690379077014738e-05,0.003961124627763695,0.12892544465752118
1781867886.242341,55.53317999839783,rhymes_and_toys,speech_attention_movie,speech_social,1594,1,0.4154956536464603,0.443976203482161,0.42973592856431064,1,0,0.5387121498584747,0.6433315753936768,0.03949510740872269,0.2339907204317916,4.96250615339974,0.5327646434307098,0.6987163722515106,0.00039310674041250014,0.0007317086787599596,0.011490436125360853,0.12753132497179348
1781867886.2762828,55.567121744155884,rhymes_and_toys,speech_attention_movie,speech_social,1595,1,0.4373670889972965,0.41981451089268595,0.4285907999449912,1,0,0.5387652546167374,0.643524569272995,0.0413040108908408,0.23292078141925088,4.588529712292213,0.5323789566755295,0.698548823595047,0.0004205078184817962,2.7401078069296068e-05,0.01066914083664923,0.12753084655839345
1781867886.311083,55.601922035217285,rhymes_and_toys,speech_attention_movie,speech_social,1596,1,0.42680604172724346,0.4182551298378838,0.42253058578256364,1,0,0.5382095754146576,0.6436651110649109,0.03346014494697606,0.2330618812901696,4.836364959713538,0.532933235168457,0.69800665974617,0.0007753491386150559,0.0003548413201332597,0.00539320213845516,0.12999538220386322
1781867886.344009,55.63484787940979,rhymes_and_toys,speech_attention_movie,speech_social,1597,1,0.443127529568334,0.39835691070048507,0.42074222013440954,1,0,0.5385237276554108,0.6435235559940338,0.030715361025343866,0.23246599591842215,4.6294145520882495,0.5331978350877762,0.6973866820335388,0.0006740812128098133,0.00010126792580524263,0.00629421284846836,0.1298399702736679
1781867886.379058,55.669896841049194,rhymes_and_toys,speech_attention_movie,speech_social,1598,1,0.4467296450535964,0.42055435961032855,0.4336420023319625,1,0,0.5384567767381667,0.6428903818130494,0.03695649176106313,0.23587808433366014,4.346575147833253,0.5328826010227203,0.6971331834793091,0.00040451703643752836,0.0002695641763722849,0.01115440753444902,0.12824240327648084
1781867886.41535,55.706188917160034,rhymes_and_toys,speech_attention_movie,speech_social,1599,1,0.4393965184231925,0.41737232071141517,0.42838441956730383,1,0,0.5380507707595825,0.6432825982570649,0.034971411511519286,0.2365391552440098,4.822476833900147,0.533075213432312,0.6970849931240082,0.00019854936583313078,0.00020596767060439758,0.007705130885332331,0.12664742182363048
1781867886.4481401,55.73897910118103,rhymes_and_toys,speech_attention_movie,speech_social,1600,1,0.4295766394797641,0.416084334924557,0.42283048720216054,1,0,0.5382192671298981,0.6440459549427033,0.04070131040975921,0.23449478514266267,4.9933413347888305,0.5329724103212357,0.6986224055290222,0.0015408456712915886,0.0013422963054584578,0.013593798523713313,0.12912731261482446
1781867886.4829981,55.773837089538574,rhymes_and_toys,speech_attention_movie,speech_social,1601,1,0.4247268194566591,0.4522350467780877,0.43848093311737335,1,0,0.5388576865196228,0.6437869846820832,0.04140475578185775,0.23447083066681879,5.21139270705964,0.5326257795095444,0.6979818344116211,0.00072834351515084,0.0008125021561407487,0.005621640854618382,0.1274056273429823
1781867886.517227,55.80806589126587,rhymes_and_toys,speech_attention_movie,speech_social,1602,1,0.43317028501466714,0.4323793901906815,0.4327748376026743,1,0,0.5385195434093475,0.6439565062522888,0.03759007570584088,0.23540706861346733,4.739134501678497,0.5331077575683594,0.698491632938385,0.0007015678064661584,2.677570868468151e-05,0.001652083831187025,0.12917253515065394
1781867886.5514848,55.842323780059814,rhymes_and_toys,speech_attention_movie,speech_social,1603,1,0.4491099290506497,0.43970632790903375,0.44440812847984174,1,0,0.5385013222694397,0.6440800547599792,0.041833138272157816,0.23474470145433562,4.860519948954275,0.5328663289546967,0.6974267661571503,0.0010918924110334045,0.00039032460456724604,0.004527852973575709,0.12708926031227147
1781867886.585546,55.876384973526,rhymes_and_toys,speech_attention_movie,speech_social,1604,1,0.44214886951157517,0.430943342209461,0.4365461058605181,1,0,0.5383995682001114,0.6442889153957367,0.0368502107788807,0.23713104808000518,4.968041772711402,0.5329131335020065,0.6979874074459076,0.0005625916105918713,0.0005293008004415332,0.014484124040216217,0.12910596756503195
1781867886.6194901,55.91032910346985,rhymes_and_toys,speech_attention_movie,speech_social,1605,1,0.4321119602962831,0.4454621937430419,0.4387870770196625,1,0,0.5385607957839966,0.6437658369541168,0.04107412567242498,0.23867933515060502,5.048711927110706,0.5325753539800644,0.697406142950058,0.000672282246960873,0.00010969063636900173,0.0035087672154413795,0.1273354780275301
1781867886.653582,55.94442105293274,rhymes_and_toys,speech_attention_movie,speech_social,1606,1,0.4502101959633361,0.4352528662242999,0.442731531093818,1,0,0.538228875398636,0.6437971234321593,0.036314761840143615,0.2374934198218259,4.994767240675341,0.5328645408153534,0.697671115398407,0.00039222369139118945,0.0002800585555696836,0.003458454537905916,0.12771386614978555
1781867886.6892428,55.98008179664612,rhymes_and_toys,speech_attention_movie,speech_social,1607,1,0.43819771168588045,0.4400505945779042,0.43912415313189235,1,0,0.5382259458303451,0.6437365710735321,0.03940187362486991,0.23752339998892863,4.566022210836985,0.5323722064495087,0.6982780992984772,0.0007815513948142809,0.00038932770342309144,0.008090805556698695,0.12764140807898208
1781867886.724597,56.01543593406677,rhymes_and_toys,speech_attention_movie,speech_social,1608,1,0.42171420093256323,0.4460999325057289,0.43390706671914603,1,0,0.5375739872455597,0.6434062838554382,0.039567493589651025,0.2360840930206351,4.963207818431941,0.5324140191078186,0.6977733671665192,0.0005064610778982126,0.00027509031691606834,0.009868918565791269,0.1279312867001901
1781867886.758175,56.04901385307312,rhymes_and_toys,speech_attention_movie,speech_social,1609,1,0.40498726616964603,0.40739517918503193,0.406191222677339,1,0,0.5380789250135423,0.6431114852428437,0.03827740114843235,0.23441119094542007,4.410134635361353,0.5323206782341003,0.6988667845726013,0.001097394251228752,0.0005909331733305395,0.006389966005947012,0.12937789199618385
1781867886.7925801,56.08341908454895,rhymes_and_toys,speech_attention_movie,speech_social,1610,1,0.41620632411830205,0.4092852556463163,0.41274578988230914,1,0,0.537873062491417,0.643295407295227,0.03758363037074141,0.2337413275255889,4.397568192553998,0.5324640870094299,0.6979425847530365,0.0009352600618679157,0.00016213418936083634,0.007086309656975763,0.12808986354317886
1781867886.827986,56.11882495880127,rhymes_and_toys,speech_attention_movie,speech_social,1611,1,0.41885450854930123,0.418760983606578,0.4188077460779396,1,0,0.5379577845335006,0.6435867249965668,0.03293010765785939,0.2350095545706904,4.299841065121702,0.5329091995954514,0.697820246219635,0.00046161881567967556,0.0004736412461882401,0.0047548874903767715,0.12818441331757421
1781867886.8607502,56.151589155197144,rhymes_and_toys,speech_attention_movie,speech_social,1612,1,0.4457981974322948,0.4182312495311581,0.4320147234817264,1,0,0.5379061818122863,0.6433716654777527,0.03543279815112118,0.23824337826879347,4.741522547288674,0.5327622294425964,0.6978259086608887,0.00014707919319587512,0.00031453962248380047,0.008959877678927319,0.12806774418527117
1781867886.895453,56.18629193305969,rhymes_and_toys,speech_attention_movie,speech_social,1613,1,0.4415393849355265,0.4430375772600616,0.44228848109779406,1,0,0.5377953618764877,0.6429275631904602,0.03526021145462015,0.23251554038783376,4.649716393864234,0.5328172594308853,0.6972431242465973,0.0005853767787946692,0.0004382975855987941,0.009364577302250673,0.12833230374999788
1781867886.929402,56.2202410697937,rhymes_and_toys,speech_attention_movie,speech_social,1614,1,0.4446857638915971,0.42398842043525636,0.43433709216342675,1,0,0.5380186766386033,0.6420489847660065,0.04373633051653732,0.23297507996167416,4.677823193411128,0.5320110321044922,0.6969811320304871,0.0008477278001371429,0.00026235102134247366,0.007609739120583903,0.1285862036308047
1781867886.964252,56.255090951919556,rhymes_and_toys,speech_attention_movie,speech_social,1615,1,0.4289161817542935,0.4085682121090697,0.4187421969316816,1,0,0.5378758013248444,0.6411803185939788,0.042608253609972016,0.23114219515713028,4.889248686417171,0.5320272445678711,0.6960786581039429,0.0009026195389314921,5.489173879434921e-05,0.0007842866806719755,0.12832088963443433
1781867887.000318,56.29115700721741,rhymes_and_toys,speech_attention_movie,speech_social,1616,1,0.4327427027451082,0.4297659767627012,0.4312543397539047,1,0,0.5374739229679107,0.6404793858528137,0.03571835994330505,0.23297975546775704,5.091896720603399,0.5325698852539062,0.6958414614200592,0.0005922171738358432,0.0003104023650956489,0.00104577282232365,0.12933035517922972
1781867887.0340621,56.32490110397339,rhymes_and_toys,speech_attention_movie,speech_social,1617,1,0.46812790231143797,0.4240994053897997,0.44611365385061885,1,0,0.5381341367959975,0.6395496070384978,0.036321640879722845,0.23360945181536152,4.368758868296626,0.5324500203132629,0.6945326626300812,0.0013142761797443386,0.0007220590059084954,0.000444039302784644,0.1275347915122859
1781867887.069001,56.35983991622925,rhymes_and_toys,speech_attention_movie,speech_social,1618,1,0.44503407729966715,0.40358684414429546,0.4243104607219813,1,0,0.5381915688514709,0.6393878519535064,0.03574084120163655,0.23141157684263336,4.81980112231756,0.5325993001461029,0.694859653711319,0.00035945463650061474,0.0009548215432437239,0.002988835333459661,0.13010062172278192
1781867887.1015549,56.392393827438354,rhymes_and_toys,speech_attention_movie,speech_social,1619,1,0.4557255189430955,0.4030970135304506,0.42941126623677306,1,0,0.5382118046283721,0.6388883650302888,0.03612467856676376,0.23152523859951502,3.966740685608572,0.5324720442295074,0.6945007741451263,0.0003807737009552505,2.131906445463575e-05,0.0005436862636193314,0.12931263351382083
1781867887.137237,56.42807602882385,rhymes_and_toys,speech_attention_movie,speech_social,1620,1,0.4302313667708506,0.38658929934222686,0.40841033305653873,1,0,0.5379104018211365,0.6394041061401368,0.029951043809529412,0.23098129980841392,4.877734705640384,0.5330793559551239,0.6955243349075317,0.0011901698057030143,0.0008093961047477638,0.0014871744388606964,0.13074872245222607
1781867887.1709929,56.46183180809021,rhymes_and_toys,speech_attention_movie,speech_social,1621,1,0.4475292536093266,0.4107895210853663,0.4291593873473465,1,0,0.5381423085927963,0.6395824611186981,0.036214642275414856,0.2351840428329383,5.088766968653552,0.5324795246124268,0.6954638659954071,0.0006028715692545095,0.0005872982364485049,0.003041737400349231,0.1293237783608
1781867887.206988,56.49782705307007,rhymes_and_toys,speech_attention_movie,speech_social,1622,1,0.4054407798686266,0.4066842812434948,0.4060625305560607,1,0,0.5378903359174728,0.6395268321037293,0.041062031938321544,0.23461618098648868,5.500159994122077,0.5326768159866333,0.6955022513866425,0.0002009908569975191,0.00040188071225699033,0.0008328518116697823,0.12891205804886238
1781867887.239351,56.530189990997314,rhymes_and_toys,speech_attention_movie,speech_social,1623,1,0.4114499542097581,0.42150186627319625,0.4164759102414772,1,0,0.5380737006664276,0.6391246974468231,0.03491223284819861,0.2330608026687418,4.829421617915622,0.5327150523662567,0.6954140365123749,9.614512347878272e-05,0.00010484573351873638,0.0038092075705736914,0.12799014832680308
1781867887.276165,56.56700396537781,rhymes_and_toys,speech_attention_movie,speech_social,1624,1,0.43689447916065693,0.43831885190220854,0.43760666553143274,1,0,0.5379212468862533,0.6390774965286254,0.03727412689503501,0.2294944154854583,5.110615273831953,0.5327847898006439,0.6953427493572235,9.972546437337408e-05,3.5803408945913533e-06,0.0018188101458346292,0.12786684329582085
1781867887.30923,56.60006904602051,rhymes_and_toys,speech_attention_movie,speech_social,1625,1,0.41107674414956347,0.43366372567575623,0.42237023491265985,1,0,0.5377623111009597,0.63866286277771,0.0376497772976555,0.2293636619514022,4.074123596409175,0.5325911343097687,0.6951349973678589,0.00028401291912708937,0.0001842874547537153,0.005986532002562362,0.12953132399577363
1781867887.3438132,56.63465213775635,rhymes_and_toys,speech_attention_movie,speech_social,1626,1,0.42906258606369957,0.3990224947545372,0.41404254040911836,1,0,0.5379020571708679,0.6381993114948272,0.03637565264407878,0.22828132372843857,4.365008209914249,0.5327481180429459,0.6945295035839081,0.0006255130813063069,0.00034150016217921754,0.004619925207282799,0.12986783085576364
1781867887.3779662,56.66880512237549,rhymes_and_toys,speech_attention_movie,speech_social,1627,1,0.41828499895643395,0.41729284825392626,0.4177889236051801,1,0,0.537589931488037,0.6372166931629182,0.03498732613229167,0.22717954191736547,4.810135432577924,0.5328157246112823,0.6941329538822174,0.00040227144317388284,0.00022324163813242407,0.0005462253684322608,0.1300961497278696
1781867887.41528,56.70611906051636,rhymes_and_toys,speech_attention_movie,speech_social,1628,1,0.43601059443108336,0.42403499305040204,0.4300227937407427,1,0,0.5379007965326309,0.6366806387901307,0.03828526837724643,0.2301333667576314,4.726590265104774,0.5323916226625443,0.6932192444801331,0.0010073367532165169,0.000605065310042634,0.0005939538895516358,0.12966102514506556
1781867887.446846,56.73768496513367,rhymes_and_toys,speech_attention_movie,speech_social,1629,1,0.4252181763989813,0.4133057324413179,0.4192619544201496,1,0,0.5374255836009979,0.6368979215621948,0.04155371801356512,0.22749739383191153,4.750216695569567,0.5323710739612579,0.6929426789283752,0.0002773278809345672,0.0007300088722819497,0.0019933183002417824,0.1304143706640441
1781867887.4813938,56.7722327709198,rhymes_and_toys,speech_attention_movie,speech_social,1630,1,0.43376414438667493,0.42828952049226227,0.4310268324394686,1,0,0.537688398361206,0.6361231446266173,0.03924207971153413,0.22948543498351687,4.196818462259234,0.5321071892976761,0.6925892233848572,0.0004410962898476442,0.00016376840891307696,0.00084710745138252,0.12937321577841662
1781867887.515863,56.80670189857483,rhymes_and_toys,speech_attention_movie,speech_social,1631,1,0.43803756510882874,0.4111473779272867,0.4245924715180577,1,0,0.5372145086526872,0.6368141412734986,0.0364824562981282,0.22907293971887896,5.285072903139388,0.5323709100484848,0.6935114860534668,0.0009592273267156482,0.0005181310368680041,0.004956209666237708,0.12902204721909102
1781867887.549174,56.84001302719116,rhymes_and_toys,speech_attention_movie,speech_social,1632,1,0.4236863810465387,0.4154520180777904,0.41956919956216454,1,0,0.5374701708555221,0.6374685227870942,0.03840367793824386,0.22816438020498173,4.617533586726457,0.5321550965309143,0.6946569681167603,0.0011656348620786813,0.00020640753536303302,0.001191440411936893,0.13131068610620655
1781867887.583839,56.874677896499634,rhymes_and_toys,speech_attention_movie,speech_social,1633,1,0.41113123987059785,0.4303142816221045,0.4207227607463512,1,0,0.5373258233070374,0.6370556831359864,0.0348946899296206,0.2297527879348147,4.483033481478912,0.5322243422269821,0.6937671005725861,0.0008925576802641537,0.00027307718181452756,0.0037214767375963634,0.12911526660330386
1781867887.618877,56.9097158908844,rhymes_and_toys,speech_attention_movie,speech_social,1634,1,0.4270259033416822,0.42636788356159716,0.4266968934516397,1,0,0.5374072223901749,0.6375340640544891,0.036214738873752574,0.22872772615956352,4.4750950523477515,0.5322771370410919,0.6944402158260345,0.0006751825211170003,0.00021737515914715337,0.0006870801299376739,0.13003373823766967
1781867887.653478,56.94431686401367,rhymes_and_toys,speech_attention_movie,speech_social,1635,1,0.44258865900722144,0.4188968861886654,0.4307427725979434,1,0,0.537387204170227,0.6374331474304199,0.03811583773435708,0.231714886031503,4.228487720416789,0.5321191251277924,0.693795770406723,0.0006635342215863422,1.1648299530658151e-05,0.007372197702558832,0.12971617166656424
1781867887.6865458,56.97738480567932,rhymes_and_toys,speech_attention_movie,speech_social,1636,1,0.43371758214453754,0.42965986387535976,0.43168872300994865,1,0,0.5371284723281861,0.637177461385727,0.02756024335358595,0.2301148030332439,4.165731257440453,0.5326111167669296,0.6941449046134949,0.0006032830739538323,6.025114763250983e-05,0.005125668532559692,0.12919251459034153
1781867887.720723,57.01156187057495,rhymes_and_toys,speech_attention_movie,speech_social,1637,1,0.44566899398463244,0.4582221936954081,0.4519455938400203,1,0,0.5369414389133453,0.6373969197273255,0.03509549860308683,0.2307626251116032,3.9604016457153204,0.5320987701416016,0.6944551169872284,0.0005989413838619277,4.341690091904673e-06,0.009832472586971413,0.12781284756742592
1781867887.754584,57.04542303085327,rhymes_and_toys,speech_attention_movie,speech_social,1638,1,0.43290220726543227,0.43129109471044463,0.4320966509879385,1,0,0.5370440989732743,0.6370694816112519,0.03806221146019018,0.23072347490315934,4.749494442810239,0.5320025682449341,0.6942634582519531,0.00021444783918178346,0.0003844935446801442,0.01415301628770399,0.12887300178088762
1781867887.792227,57.0830659866333,rhymes_and_toys,speech_attention_movie,speech_social,1639,1,0.43621396451865535,0.4272557655980785,0.4317348650583669,1,0,0.5370381832122803,0.6373497664928436,0.03738610384302413,0.2300968331282179,3.9800103477641335,0.5319067090749741,0.6945767104625702,0.000327591098660972,0.00011314325947918853,0.006020024660518069,0.12998736643990744
1781867887.823243,57.11408185958862,rhymes_and_toys,speech_attention_movie,speech_social,1640,1,0.4180254669751396,0.42480334658800567,0.4214144067815726,1,0,0.5368151038885116,0.6371395707130432,0.03521828007620874,0.22979581173602234,4.432070288745465,0.5319757610559464,0.6938013434410095,0.0007784357354336069,0.0004508446367726349,0.010129338424532503,0.1287381023818881
1781867887.858668,57.14950704574585,rhymes_and_toys,speech_attention_movie,speech_social,1641,1,0.424569976362361,0.4138748872111165,0.41922243178673874,1,0,0.5368145108222961,0.6371646046638488,0.03651214438677698,0.23130121515988533,4.094105308014743,0.5318033546209335,0.6937804222106934,0.00017367117409567635,0.0006047645613379305,0.012152511074521878,0.129088995507801
1781867887.8943539,57.185192823410034,rhymes_and_toys,speech_attention_movie,speech_social,1642,1,0.4462182766413571,0.4297645703713531,0.4379914235063551,1,0,0.5366168826818467,0.6377673983573914,0.035121321341805116,0.22758306890811614,3.8954383807049213,0.5317682325839996,0.6953115165233612,0.0015314970949245094,0.0013578259208288331,0.005250614492352177,0.1297103418200349
1781867887.927218,57.21805691719055,rhymes_and_toys,speech_attention_movie,speech_social,1643,1,0.43767718455188087,0.42990122935689534,0.4337892069543881,1,0,0.5364033639431,0.6381442844867706,0.03473961339504329,0.2268108802305812,4.829637375233241,0.5319172590970993,0.6952983736991882,0.00014960493118172254,0.001381892163742787,0.0032164093366276124,0.12982566837530035
1781867887.96275,57.253588914871216,rhymes_and_toys,speech_attention_movie,speech_social,1644,1,0.4591362056089918,0.4399760372780228,0.4495561214435073,1,0,0.536465859413147,0.6375664293766021,0.03644719444072505,0.23132788361038792,3.970870524264607,0.5315027236938477,0.6942663192749023,0.0011121941985269854,0.0009625892673452628,0.0009425519604138205,0.12789561027412438
1781867887.997967,57.28880596160889,rhymes_and_toys,speech_attention_movie,speech_social,1645,1,0.42181763977548403,0.4491788516315539,0.43549824570351897,1,0,0.5363251119852066,0.637965852022171,0.03702754755643583,0.23088729271572964,4.399437726540547,0.5315587967634201,0.6945732235908508,0.0003119846923794259,0.0008002095061475595,0.0010567854500162716,0.12960151264631217
1781867888.031452,57.322290897369385,rhymes_and_toys,speech_attention_movie,speech_social,1646,1,0.40513467161466843,0.445911474903844,0.4255230732592562,1,0,0.536295872926712,0.6376748561859131,0.03793900721852044,0.22998856323678596,4.255424465677,0.5314966887235641,0.6944983303546906,9.729545435069599e-05,0.0002146892380287299,0.0046386704668546575,0.1294233043091837
1781867888.065112,57.35595107078552,rhymes_and_toys,speech_attention_movie,speech_social,1647,1,0.4169962330603389,0.4186248549945361,0.4178105440274375,1,0,0.5359587341547012,0.637706422805786,0.03620337148245636,0.22897071887103906,4.175823411757523,0.5316652208566666,0.6945639848709106,0.00018086900062792746,8.357354627723147e-05,0.0013379566102809572,0.12919669940372241
1781867888.100055,57.39089393615723,rhymes_and_toys,speech_attention_movie,speech_social,1648,1,0.43429560388908356,0.4161312446895316,0.4252134242893076,1,0,0.5361496537923813,0.637561422586441,0.03661953520086007,0.22844876284431712,3.649095288056582,0.531410276889801,0.695162296295166,0.0006503637341024083,0.0004694947334744808,0.008538306976738626,0.129006723486757
1781867888.134884,57.4257230758667,rhymes_and_toys,speech_attention_movie,speech_social,1649,1,0.43352833381175804,0.4337947274591236,0.43366153063544083,1,0,0.5358202785253525,0.6373583614826203,0.03127033595591115,0.23013730386580994,4.34861165801401,0.531711757183075,0.6946193277835846,0.0006210516659678774,2.9312068134530874e-05,0.0048286472738167914,0.12878519452114562
1781867888.1688058,57.45964479446411,rhymes_and_toys,speech_attention_movie,speech_social,1650,1,0.4411033929558356,0.4533360907427747,0.44721974184930513,1,0,0.5356947213411332,0.6369953453540802,0.0323342472689821,0.23354356292056533,4.714587918602249,0.5314858257770538,0.6926123797893524,0.0020196250275185345,0.0013985733615506572,0.0008416045341744887,0.12785728693041915
1781867888.2036421,57.49448108673096,rhymes_and_toys,speech_attention_movie,speech_social,1651,1,0.4371999125327538,0.4235533733745334,0.43037664295364364,1,0,0.5355971276760101,0.6369090557098389,0.0349608955908509,0.2333343277997148,4.724117570305679,0.5314385145902634,0.6935438811779022,0.0009327020881641343,0.0010869229393544002,0.003444167769959799,0.12918148128671744
1781867888.2374668,57.528305768966675,rhymes_and_toys,speech_attention_movie,speech_social,1652,1,0.4407781359861578,0.4342186090739806,0.4374983725300692,1,0,0.5354684382677078,0.6374494314193726,0.03513988157269677,0.22893379008578735,4.191361278781429,0.5311310887336731,0.6946157813072205,0.0011151145880727755,0.00018241249990864124,0.00265287664164309,0.12818792108818225
1781867888.27176,57.56259894371033,rhymes_and_toys,speech_attention_movie,speech_social,1653,1,0.4317070222110424,0.4152563193632597,0.42348167078715104,1,0,0.5354888409376144,0.6375765800476074,0.034950544723332644,0.22634351683437418,4.610136567378175,0.5313712805509567,0.6947093605995178,0.00025777740986534923,0.0008573371782074264,0.0005163322904400654,0.1281995050448725
1781867888.306558,57.59739685058594,rhymes_and_toys,speech_attention_movie,speech_social,1654,1,0.430098755033625,0.42092171455530847,0.4255102347944667,1,0,0.5358325809240341,0.6380125164985657,0.0376206734650881,0.22953688835189193,4.653775919052535,0.5313982367515564,0.6942844390869141,0.00042577567876081983,0.0001679982688954706,0.0018901873870390356,0.1285489318145675
1781867888.34062,57.63145899772644,rhymes_and_toys,speech_attention_movie,speech_social,1655,1,0.4195513268863407,0.4050322081879995,0.4122917675371701,1,0,0.5361054956912994,0.6377143263816833,0.03261738402519999,0.22933533103566853,5.566367109058891,0.5323023200035095,0.6948026120662689,0.001042050748762088,0.0006162750700012681,0.0006347036820619652,0.12949035868134828
1781867888.375051,57.66588997840881,rhymes_and_toys,speech_attention_movie,speech_social,1656,1,0.44461846334765065,0.43827542051932444,0.44144694193348755,1,0,0.5370297282934189,0.6372728109359741,0.035645647094474854,0.23153181314387156,4.680680842753413,0.5321882963180542,0.6936555504798889,0.001152714918699948,0.00011066416993785991,0.0035430353318787943,0.1265593842309376
1781867888.4100611,57.700900077819824,rhymes_and_toys,speech_attention_movie,speech_social,1657,1,0.4229522212738475,0.4187575087039111,0.4208548649888793,1,0,0.5370469123125077,0.6379308819770813,0.03449624706687461,0.230562328491751,4.553458852602524,0.5321538001298904,0.6946975588798523,0.0010425792500294978,0.0001101356686704501,0.0007179750494959847,0.12990409138161538
1781867888.444149,57.73498797416687,rhymes_and_toys,speech_attention_movie,speech_social,1658,1,0.4443494472518497,0.41784216079003816,0.43109580402094394,1,0,0.5374527633190155,0.6377957284450531,0.03451432386197606,0.23083448722098765,4.356605725721891,0.5323287099599838,0.6941081285476685,0.0006148345835764656,0.0004277446664530323,0.0006796260289113271,0.12923781981300786
1781867888.479249,57.7700879573822,rhymes_and_toys,speech_attention_movie,speech_social,1659,1,0.4396795064340951,0.44027506738533057,0.43997728690971283,1,0,0.5374683380126952,0.6375667393207549,0.036735123369173145,0.2308218034641144,4.096906030926404,0.5316431224346161,0.6933505237102509,0.0010217609038412113,0.00040692632026474577,0.004428807339249628,0.1302836827577982
1781867888.5118709,57.80270981788635,rhymes_and_toys,speech_attention_movie,speech_social,1660,1,0.4193813284545509,0.4089303667791413,0.4141558476168461,1,0,0.5370006769895553,0.6379806101322174,0.03560894942843544,0.22876628265193913,5.268130686583448,0.5323809236288071,0.6946149170398712,0.0014639129393984119,0.00044215203555720054,0.0036640349733592192,0.1303590433976821
1781867888.547133,57.837971925735474,rhymes_and_toys,speech_attention_movie,speech_social,1661,1,0.4448441046523974,0.4208013677103949,0.4328227361813961,1,0,0.537637734413147,0.637506765127182,0.03381314753606527,0.23161206480114152,3.994279333876111,0.532249316573143,0.6940810978412628,0.0005498030137271679,0.000914109925671244,0.005815874762804919,0.1294751892681004
1781867888.583949,57.87478804588318,rhymes_and_toys,speech_attention_movie,speech_social,1662,1,0.4124659277418736,0.43223844775317793,0.42235218774752575,1,0,0.537156730890274,0.6384488582611083,0.0358722998395002,0.23139569889774653,4.780965017116061,0.5320231318473816,0.6942544877529144,0.00028499752916528846,0.00026480548456187946,0.009500670480517306,0.13051903188578146
1781867888.619227,57.91006588935852,rhymes_and_toys,speech_attention_movie,speech_social,1663,1,0.43111508648579544,0.43018668711226127,0.43065088679902835,1,0,0.5369142025709153,0.6390583932399749,0.03072357401507172,0.23052854009936308,4.714181070910443,0.5323705673217773,0.6947080194950104,0.0005713164184208135,0.00028631888925552504,0.008030652249886878,0.13172954540754564
1781867888.652023,57.942862033843994,rhymes_and_toys,speech_attention_movie,speech_social,1664,1,0.4047160943143311,0.39211446231869046,0.3984152783165108,1,0,0.5372210651636125,0.6402833163738251,0.029353966236033077,0.231653405237961,3.270352878305463,0.532661959528923,0.696260541677475,0.0015796311422069016,0.001008314723786088,0.002377295607511574,0.13644896211506402
1781867888.68596,57.97679901123047,rhymes_and_toys,speech_attention_movie,speech_social,1665,1,0.32764738530124066,0.19780034613867944,0.26272386571996004,1,0,0.5367151528596878,0.643691885471344,0.030053323145841596,0.22978847627254717,3.776729627007212,0.5326577723026276,0.696840763092041,0.0005802365231395434,0.0009993946190673582,0.0013243182093977425,0.15041562060944644
1781867888.7215161,58.01235508918762,rhymes_and_toys,speech_attention_movie,speech_social,1666,1,0.30118055027926166,0.27534034143399155,0.2882604458566266,1,0,0.5370192945003509,0.6430415093898774,0.03604049163902161,0.22990734226012077,3.6100404292112955,0.5316073000431061,0.6969992518424988,0.0010623608859732347,0.00048212436283369127,0.0077995700532813355,0.14976208928845425
1781867888.7549179,58.045756816864014,rhymes_and_toys,speech_attention_movie,speech_social,1667,1,0.2785948316031183,0.31388813099519985,0.29624148129915906,1,0,0.5365156143903732,0.6415455639362335,0.03393907639737403,0.2271210913921988,4.710336088780541,0.5319859683513641,0.6978729069232941,0.0009521884728762683,0.00011017241309696643,0.010066164879646802,0.1427436024239349
1781867888.7908092,58.081648111343384,rhymes_and_toys,speech_attention_movie,speech_social,1668,1,0.34808727189834254,0.304824853675736,0.32645606278703926,1,0,0.5365578621625899,0.6403290510177613,0.03518969657342687,0.22930259656393082,3.3088495560249473,0.531616747379303,0.6968006491661072,0.0011340462177782899,0.00018185774490202158,0.009638056883225887,0.13851476348232056
1781867888.825315,58.116153955459595,rhymes_and_toys,speech_attention_movie,speech_social,1669,1,0.3955582190212928,0.36901611701225423,0.38228716801677354,1,0,0.5368027180433274,0.6397575795650483,0.03427025418305016,0.23073532507375047,4.508549031040395,0.5315724909305573,0.6967520713806152,6.571479665101667e-05,0.0010683314211272733,0.0040992926819181374,0.13507257496892452
1781867888.859432,58.15027093887329,rhymes_and_toys,speech_attention_movie,speech_social,1670,1,0.4042622886829201,0.3786516875329208,0.3914569881079204,1,0,0.5370084494352341,0.6391463458538056,0.030776953945121727,0.2291906473466373,4.548524536189996,0.5317908227443695,0.695937991142273,0.00084284958051955,0.0007771347838685333,0.005427367591466799,0.1351530287544293
1781867888.8919702,58.18280911445618,rhymes_and_toys,speech_attention_movie,speech_social,1671,1,0.4177099134216976,0.38765356723070793,0.40268174032620274,1,0,0.5364877641201019,0.6389081716537476,0.038063233480096145,0.23104362300078424,4.321573569078195,0.5307555496692657,0.6955085396766663,0.0011208117153860093,0.00027796213486645934,0.00854312795717809,0.13461921376481886
1781867888.928333,58.21917200088501,rhymes_and_toys,speech_attention_movie,speech_social,1672,1,0.4069955279667449,0.3923538878984142,0.39967470793257953,1,0,0.5359620422124862,0.6390895843505859,0.03967230874351492,0.2305400355624185,3.840209971509209,0.5305472612380981,0.6956616342067719,0.0002584995274783162,0.0008623121879076932,0.006019047588944409,0.13428978073577835
1781867888.962178,58.25301694869995,rhymes_and_toys,speech_attention_movie,speech_social,1673,1,0.3945570359816411,0.38655237398878106,0.39055470498521105,1,0,0.5356800228357315,0.6387779831886291,0.0388479559843049,0.2336731172795128,4.613896751765538,0.5312078297138214,0.6930892467498779,0.002655847875821304,0.002397348348342988,0.0032352601367317798,0.13203978530796157
1781867888.9986172,58.2894561290741,rhymes_and_toys,speech_attention_movie,speech_social,1674,1,0.42368407376641565,0.396290730018913,0.40998740189266436,1,0,0.5360886186361313,0.6386785447597504,0.041316727597929995,0.23197072716465814,3.88490961233547,0.5303861200809479,0.6939705014228821,0.0012049134904418707,0.0014509343853794335,0.004476915461877555,0.13101763812794948
1781867889.030379,58.32121801376343,rhymes_and_toys,speech_attention_movie,speech_social,1675,1,0.3979560693044861,0.40287121696604633,0.40041364313526623,1,0,0.5355452001094818,0.6385132253170014,0.0318508948795792,0.2308867990682904,4.434289955204334,0.5313102602958679,0.6947622001171112,0.001216890282349468,1.1976791907597354e-05,0.004307032987298016,0.13062379788083792
1781867889.0670831,58.357922077178955,rhymes_and_toys,speech_attention_movie,speech_social,1676,1,0.4228280364166145,0.4198460588933563,0.42133704765498536,1,0,0.5362326085567475,0.6386088192462922,0.03391656584303144,0.23401599397540848,3.8426058325278434,0.5306257754564285,0.6943281292915344,0.0008105164878269163,0.0004063737945225517,0.011938401677704972,0.130575154609601
1781867889.099631,58.390470027923584,rhymes_and_toys,speech_attention_movie,speech_social,1677,1,0.4337892467340666,0.4110544183253906,0.4224218325297286,1,0,0.5355895340442658,0.6396036922931672,0.029053693051860213,0.23089852485599532,3.6292260684030295,0.531168669462204,0.6964076459407806,0.0021492145998013145,0.0013386981119743982,0.001099858318575611,0.1289135294830996
1781867889.13428,58.425118923187256,rhymes_and_toys,speech_attention_movie,speech_social,1678,1,0.4472967498312148,0.395935024217006,0.4216158870241104,1,0,0.5360590517520905,0.6403750777244568,0.033766971357273544,0.23505014476647976,3.367174309457226,0.530828446149826,0.6961629986763,0.0004190515317991887,0.001730163068002126,0.0005210402464311958,0.1297039730410253
1781867889.167649,58.45848798751831,rhymes_and_toys,speech_attention_movie,speech_social,1679,1,0.45457303058920817,0.41037139565059844,0.4324722131199033,1,0,0.5358183681964874,0.6419515132904052,0.03002912942365431,0.23396660630263474,3.407949528147103,0.531246691942215,0.696595311164856,0.0006015177724826047,0.00018246624068341596,0.0006843126165199462,0.12958792325550741
1781867889.203449,58.494287967681885,rhymes_and_toys,speech_attention_movie,speech_social,1680,1,0.4499540638799226,0.4138364414414824,0.4318952526607025,1,0,0.5361878991127014,0.6421315729618073,0.02552952323110576,0.23288027452506976,3.6840861835399976,0.5316865295171738,0.6973667442798615,0.0008880124679714343,0.0002864946954888296,0.00033553769773479074,0.12933004376465884
1781867889.236903,58.5277419090271,rhymes_and_toys,speech_attention_movie,speech_social,1681,1,0.45972013530552025,0.4027291777518972,0.4312246565287087,1,0,0.5363852411508561,0.6423983037471771,0.03268976421661938,0.23474275508353748,4.118279734512978,0.5309740304946899,0.6968176364898682,0.0008995411174992047,1.1528649527770452e-05,0.00368078581883679,0.13083405331956438
1781867889.2724638,58.563302755355835,rhymes_and_toys,speech_attention_movie,speech_social,1682,1,0.4288127153073993,0.41419449707450773,0.4215036061909535,1,0,0.5366261571645736,0.6416695475578308,0.03311319573706928,0.23514559585708367,4.337470407737286,0.5314975529909134,0.6962389945983887,0.0007803218839857026,0.0001192192335135021,0.007143081749026538,0.12804219268942735
1781867889.3060632,58.5969021320343,rhymes_and_toys,speech_attention_movie,speech_social,1683,1,0.43784980275562874,0.41632117838340643,0.4270854905695176,1,0,0.5367327451705932,0.6416543483734132,0.03558811935940552,0.23522480752536185,3.94359692886358,0.5311899781227112,0.6964727640151978,0.0003863294446257816,0.000393992439359921,0.011268521839253953,0.12901648054686457
1781867889.34029,58.631129026412964,rhymes_and_toys,speech_attention_movie,speech_social,1684,1,0.4461272065669053,0.417031226467158,0.4315792165170317,1,0,0.5367638498544693,0.642318320274353,0.03495703178415788,0.23512105042254103,3.571776254514571,0.5314388424158096,0.6967193186283112,0.00035031787511757243,3.6011569508209165e-05,0.013157763395147277,0.12988127472592675
1781867889.375802,58.66664099693298,rhymes_and_toys,speech_attention_movie,speech_social,1685,1,0.438115421022856,0.40546497666992415,0.4217901988463901,1,0,0.5369716733694077,0.6421352088451386,0.03316885969651318,0.2344624509811061,4.333011041517787,0.5318239331245422,0.6972961127758026,0.0006935317891290741,0.00034321391401150167,0.0063239283859257475,0.1287639489685374
1781867889.4088829,58.699721813201904,rhymes_and_toys,speech_attention_movie,speech_social,1686,1,0.4368224848613617,0.43410514288612684,0.4354638138737443,1,0,0.5373717367649078,0.6434069514274597,0.0337616120450591,0.23659066299030768,3.994089160092496,0.5317793041467667,0.6980464160442352,0.0007516293902435965,5.8097601114522426e-05,0.011367493390089575,0.13026424290396968
1781867889.443615,58.73445391654968,rhymes_and_toys,speech_attention_movie,speech_social,1687,1,0.43973011110035537,0.4220792682442619,0.43090468967230866,1,0,0.5374724358320236,0.6440321207046509,0.03563587371327709,0.23806191185629927,4.307035737510037,0.5318663120269775,0.6974434852600098,0.000609176412696292,0.00014245297754730455,0.001287554730296573,0.1270848130311073
1781867889.478501,58.76934003829956,rhymes_and_toys,speech_attention_movie,speech_social,1688,1,0.4426778561965828,0.41259542013840866,0.42763663816749575,1,0,0.5370565205812454,0.644533348083496,0.036158898111496765,0.2368881797236346,4.544830354259389,0.532023087143898,0.6992367506027222,0.0018001052821040378,0.0011909288694077458,0.0004210803417608692,0.12797117671296174
1781867889.513084,58.80392289161682,rhymes_and_toys,speech_attention_movie,speech_social,1689,1,0.4278685650366327,0.417169096290081,0.4225188306633568,1,0,0.5376121640205384,0.6454832911491395,0.03606413169286706,0.23727078875017552,3.8878229761116594,0.5321038663387299,0.6987248659133911,0.0005182192716304867,0.0012818860104735512,0.009438090728231196,0.13095792312755725
1781867889.546881,58.83771991729736,rhymes_and_toys,speech_attention_movie,speech_social,1690,1,0.43527655710697744,0.4134830196764866,0.424379788391732,1,0,0.5378562241792679,0.6452678680419921,0.03686129520363682,0.23592349132434354,3.843386641596005,0.531903088092804,0.6985701024532318,0.00025350272708111505,0.0002647165445493716,0.003933795088243669,0.12700749737385647
1781867889.582368,58.87320685386658,rhymes_and_toys,speech_attention_movie,speech_social,1691,1,0.4259756530111357,0.417213094274643,0.4215943736428893,1,0,0.5374090522527695,0.6453427195549011,0.03870229159762213,0.234185161590023,3.859509426355339,0.5318431258201599,0.6996410191059113,0.0010725940290374463,0.0008190913019563313,0.000960691571748082,0.1288909560259997
1781867889.615883,58.90672206878662,rhymes_and_toys,speech_attention_movie,speech_social,1692,1,0.43731863579270813,0.42284543402652613,0.43008203490961716,1,0,0.5373530358076095,0.6448508679866791,0.037441797114167626,0.2377916956506647,3.9085422521459643,0.5321331471204758,0.6980881690979004,0.0015797010799566613,0.0005071070509192149,0.012670471018637853,0.12882355017960198
1781867889.650157,58.940995931625366,rhymes_and_toys,speech_attention_movie,speech_social,1693,1,0.43067438431296523,0.4288289517846037,0.42975166804878445,1,0,0.5374758243560791,0.6447171092033386,0.03899361057974923,0.23564570585025194,3.70896751563603,0.5320792198181152,0.6978393197059631,0.0002546255560768135,0.0013250755238798477,0.004231491062034576,0.12970967002297848
1781867889.6855009,58.97633981704712,rhymes_and_toys,speech_attention_movie,speech_social,1694,1,0.4412395783150816,0.44246300126796534,0.44185128979152344,1,0,0.5378340572118759,0.644036465883255,0.03826418260869742,0.2358322997742245,3.8367449198330843,0.5321581959724426,0.6971708238124847,0.0006731448525761894,0.0004185192964993759,0.01132874524217031,0.1282216463733139
1781867889.719501,59.010339975357056,rhymes_and_toys,speech_attention_movie,speech_social,1695,1,0.43563198337808634,0.45697291788564987,0.44630245063186813,1,0,0.5374448239803314,0.6442166864871979,0.04125609543669375,0.23225650825446031,3.746277356311765,0.5317235589027405,0.6985807418823242,0.0014753909129512585,0.000802246060375069,0.002425723725962078,0.1275902814276588
1781867889.754323,59.045161962509155,rhymes_and_toys,speech_attention_movie,speech_social,1696,1,0.4506622337868581,0.44466641398391715,0.4476643238853876,1,0,0.5372967392206192,0.6440379381179809,0.0357697005991502,0.23559715210075174,3.417442055324295,0.5320838093757629,0.6988900601863861,0.0004748244060077688,0.0010005665069434896,0.004729338380557276,0.12804528323692044
1781867889.7900648,59.08090376853943,rhymes_and_toys,speech_attention_movie,speech_social,1697,1,0.449170308933283,0.40411672955131633,0.4266435192422997,1,0,0.5373461931943893,0.6445065557956695,0.039403306801108734,0.23907492869705757,3.5231528584755782,0.5316070318222046,0.6978577971458435,0.0011370504915997985,0.0006622260855920297,0.00759919288447355,0.1291775468021429
1781867889.823848,59.11468696594238,rhymes_and_toys,speech_attention_movie,speech_social,1698,1,0.4532214787005466,0.42246413085027656,0.4378428047754116,1,0,0.5372247844934464,0.6450172364711761,0.034411692130010434,0.23732596922279328,4.137509991132899,0.5318994671106339,0.6988556683063507,0.001039839050474012,9.721144112578655e-05,0.008135943028712391,0.12880951870788676
1781867889.856183,59.147022008895874,rhymes_and_toys,speech_attention_movie,speech_social,1699,1,0.43073765783967927,0.41962412987420666,0.42518089385694297,1,0,0.5369880944490433,0.6452345490455627,0.037031497578038766,0.23535665735804454,3.7541271442128106,0.5318042486906052,0.6994080543518066,0.0005605326847983114,0.00047930636567570064,0.006308789535124556,0.1308594944941052
1781867889.891851,59.182689905166626,rhymes_and_toys,speech_attention_movie,speech_social,1700,1,0.4248504838408393,0.4084056558316973,0.4166280698362683,1,0,0.5369394004344941,0.6452024519443512,0.035487827913190065,0.2376159057433673,4.08299448391701,0.5318119674921036,0.6984041929244995,0.0010038911022275663,0.00044335841742925493,0.0027993643042507083,0.1285653533832615
1781867889.9267788,59.21761775016785,rhymes_and_toys,speech_attention_movie,speech_social,1701,1,0.41478321867222145,0.437030855351238,0.4259070370117297,1,0,0.5369781523942947,0.6445261180400848,0.03658438471659918,0.23978982672870597,3.360325020339584,0.5317497104406357,0.6983956098556519,6.284591894721404e-05,0.0009410451832803522,0.005691672035212416,0.12680722440801145
1781867889.9607859,59.25162482261658,rhymes_and_toys,speech_attention_movie,speech_social,1702,1,0.4213485839803951,0.4236584856485342,0.4225035348144647,1,0,0.5363829553127288,0.6441944062709808,0.03803733242384282,0.23934983262330134,4.53186754582265,0.5319281816482544,0.6989369690418243,0.0005700190702092497,0.0005071731512620356,0.00866106579799057,0.12708312881059874
1781867889.99421,59.285048961639404,rhymes_and_toys,speech_attention_movie,speech_social,1703,1,0.42546436593319276,0.42102136108619914,0.423242863509696,1,0,0.5370923519134522,0.6446784138679504,0.036562558084592814,0.23767698369712698,3.726785220424157,0.5317439436912537,0.6986509561538696,0.00034021610319912596,0.00022980296701012376,0.004123669004198829,0.12909934152694172
1781867890.02989,59.32072901725769,rhymes_and_toys,speech_attention_movie,speech_social,1704,1,0.4274254593674317,0.4325008897753987,0.4299631745714152,1,0,0.5368474245071411,0.6446030557155609,0.03598376807769372,0.24021244583084844,3.926517771233249,0.5318574756383896,0.6984154880046844,0.0002614091664444249,7.880693675470105e-05,0.011328618856101614,0.12765190937251453
1781867890.064467,59.355305910110474,rhymes_and_toys,speech_attention_movie,speech_social,1705,1,0.4356121410757612,0.45434882674279536,0.44498048390927825,1,0,0.536965736746788,0.6442370414733887,0.03779078264415284,0.24000883202241266,3.9300821990497528,0.5313475430011749,0.6981369256973267,0.0005810578745505421,0.00031964870810611716,0.008022864788072176,0.12634737406291144
1781867890.098368,59.389206886291504,rhymes_and_toys,speech_attention_movie,speech_social,1706,1,0.4066524496196646,0.4283176714432798,0.4174850605314722,1,0,0.5365720510482788,0.644199788570404,0.03703692499010929,0.23862141129649053,4.218509397962501,0.5318124145269394,0.6985486149787903,0.0006209618345265804,3.990395997603832e-05,0.00965487631825393,0.1268165302928985
1781867890.131788,59.422626972198486,rhymes_and_toys,speech_attention_movie,speech_social,1707,1,0.43537901717784466,0.44165825274715503,0.4385186349624999,1,0,0.536818528175354,0.6448155879974364,0.03964889465329427,0.23621592976596953,3.4261177358990245,0.5316184461116791,0.6985167860984802,0.00019656251865599915,0.0004243993158705812,0.0014887172807547258,0.12708419580072422
1781867890.167236,59.45807504653931,rhymes_and_toys,speech_attention_movie,speech_social,1708,1,0.4116722617354505,0.42301961903483914,0.41734594038514483,1,0,0.5365293711423874,0.6447268128395081,0.03485753016566399,0.2369709406058119,3.9630870241918053,0.5318276137113571,0.6985918879508972,0.00022224169948849897,2.5679180832499822e-05,0.009418933329437518,0.12862163623730266
1781867890.2008479,59.49168682098389,rhymes_and_toys,speech_attention_movie,speech_social,1709,1,0.3975507501257149,0.33672201124224044,0.3671363806839777,1,0,0.5367726683616638,0.64657182097435,0.03380440201484855,0.23650188470561975,3.8295554529548443,0.5314746201038361,0.7007257342338562,0.0021628463760167073,0.0019406046765282083,0.0062407044544120485,0.13763997227133357
1781867890.234994,59.52583289146423,rhymes_and_toys,speech_attention_movie,speech_social,1710,1,0.2797648607769519,0.2545108369446489,0.2671378488608004,1,0,0.5369954079389572,0.6483628332614899,0.03882882637118042,0.2344142056570439,3.4693989945261583,0.5314410030841827,0.7010878920555115,0.00036371471209790864,0.0017991316639187987,0.0051346979769382965,0.14786178479753725
1781867890.269987,59.56082606315613,rhymes_and_toys,speech_attention_movie,speech_social,1711,1,0.325477159289921,0.23506925327140846,0.2802732062806647,1,0,0.5370919317007065,0.6482701957225799,0.038042981203512925,0.2334092028650105,2.9455616523401638,0.531479686498642,0.7008639574050903,0.00022725125789192847,0.00013646345420598017,0.00168678470730506,0.14681390385227222
1781867890.304039,59.59487795829773,rhymes_and_toys,speech_attention_movie,speech_social,1712,1,0.32391706480697646,0.2880364595488065,0.3059767621778915,1,0,0.5365598559379577,0.6477241396903992,0.03799870515675185,0.23303048457319614,4.439226064121764,0.5315013527870178,0.7008849084377289,3.013924054463328e-05,0.0001971120173472952,0.008296916396681394,0.14381235329256653
1781867890.339078,59.62991690635681,rhymes_and_toys,speech_attention_movie,speech_social,1713,1,0.36078054826903855,0.36900233494828144,0.36489144160866,1,0,0.5365580081939697,0.6459837794303894,0.0353699450696875,0.2345779452359822,3.850271763218248,0.5318712890148163,0.7004025876522064,0.0006078537264710642,0.0005777144859264309,0.005292821416386698,0.13517446779590225
1781867890.3736389,59.664477825164795,rhymes_and_toys,speech_attention_movie,speech_social,1714,1,0.3784212727201277,0.36694859668874624,0.372684934704437,1,0,0.5361138105392456,0.6459335505962371,0.04190217848561051,0.23552422607012594,4.395359407717519,0.5312305241823196,0.7008775472640991,0.0007976002780175766,0.00018974655154651242,0.0075447802127151815,0.13457583372445045
