timestamp,elapsed_time,stimulus_id,stimulus_type,paper_category,frame_index,face_detected,left_ear,right_ear,avg_ear,eye_open,blink_state,gaze_x,gaze_y,yaw_proxy,pitch_proxy,roll_proxy_deg,head_center_x,head_center_y,head_movement,head_acceleration,mouth_open,eyebrow_signal
1781867850.400372,19.691210985183716,spinning_top,nonsocial_movie,non_social,553,1,0.4252455459758046,0.3934209263911293,0.40933323618346695,1,0,0.43963484764099126,0.7476467967033387,-0.04923393277756514,0.2612759051807569,9.904720281080278,0.4358631372451782,0.7928630709648132,0.0,0.0,0.0008241449293119052,0.14074513019361654
1781867850.4342709,19.725109815597534,spinning_top,nonsocial_movie,non_social,554,1,0.39945836547623687,0.3952024274100348,0.39733039644313584,1,0,0.43935295939445496,0.7472661197185516,-0.04956476740925943,0.25882855264521226,9.828158843844607,0.43572866916656494,0.791869193315506,0.001002932921963605,0.001002932921963605,0.0066251084679563805,0.14148520483217836
1781867850.4693918,19.760230779647827,spinning_top,nonsocial_movie,non_social,555,1,0.3918145586289849,0.4134371593055022,0.40262585896724357,1,0,0.4390632688999176,0.7464165389537811,-0.04798520049209264,0.2617395215406351,10.319118935437908,0.43561646342277527,0.79043248295784,0.0014410852787965756,0.00043815235683297054,0.0009467500345945932,0.1407662029646327
1781867850.5030131,19.79385209083557,spinning_top,nonsocial_movie,non_social,556,1,0.405551013826686,0.4260905065315817,0.41582076017913383,1,0,0.43880444169044497,0.7459855437278748,-0.047351342540598494,0.26115462127554817,10.383931120765,0.4353951960802078,0.7908928692340851,0.000510798159982692,0.0009302871188138836,0.0018857061621959709,0.1396060836795784
1781867850.5409431,19.83178210258484,spinning_top,nonsocial_movie,non_social,557,1,0.40002613748281374,0.42070448850584463,0.4103653129943292,1,0,0.4382417619228363,0.7454790055751801,-0.04748662224800594,0.2609094264571344,10.27724000461497,0.4357275366783142,0.7909287810325623,0.00033427523153768706,0.000176522928445005,0.002200192532559259,0.13819409740274927
1781867850.571595,19.862433910369873,spinning_top,nonsocial_movie,non_social,558,1,0.42132224932992207,0.4127634905502329,0.4170428699400775,1,0,0.43867687284946444,0.7452873706817627,-0.049027750336425556,0.26022224591311227,10.618951119845539,0.43562576174736023,0.7919990718364716,0.0010751188499433478,0.0007408436184056608,0.0009173983453692444,0.13810449989450502
1781867850.605319,19.89615797996521,spinning_top,nonsocial_movie,non_social,559,1,0.43714552544385477,0.41576690326271604,0.4264562143532854,1,0,0.4384443640708923,0.7457877218723297,-0.049588534579056875,0.2614770397425678,9.681590715663807,0.4353405833244324,0.7907142043113708,0.001316134981664889,0.00024101613172154116,0.00029713996441325935,0.13816523495081098
1781867850.640641,19.931479930877686,spinning_top,nonsocial_movie,non_social,560,1,0.4023069321878329,0.41452338216170803,0.4084151571747705,1,0,0.4381709635257721,0.7459531307220459,-0.04283891663996766,0.26082163972755207,10.514367796344109,0.4346861243247986,0.7905254065990448,0.0006811469433104796,0.0006349880383544093,0.001625869007306498,0.13973693914918656
1781867850.6756659,19.9665048122406,spinning_top,nonsocial_movie,non_social,561,1,0.41504151608688983,0.40578148503012135,0.4104115005585056,1,0,0.4383730679750443,0.7455329716205596,-0.04438604663109249,0.26310034354328626,10.602191972421048,0.4343874305486679,0.7897976636886597,0.0007866560338006851,0.00010550909049020544,0.001296244755776974,0.1393928298941508
1781867850.709502,20.000340938568115,spinning_top,nonsocial_movie,non_social,562,1,0.4040205605356359,0.40872260972194147,0.4063715851287887,1,0,0.4382080078125,0.7454715192317962,-0.0416446564506991,0.2615389562957245,10.804818903914466,0.43369175493717194,0.7912513613700867,0.0016115835396952078,0.0008249275058945227,0.0006756869830480657,0.14171595985279045
1781867850.7439098,20.034748792648315,spinning_top,nonsocial_movie,non_social,563,1,0.39768793535624575,0.4085332028136158,0.4031105690849308,1,0,0.4379074424505234,0.7457265555858612,-0.03597101312254329,0.26127018508170485,10.844925160818203,0.4333752542734146,0.7916447222232819,0.000504881600957368,0.00110670193873784,0.0019048708235916965,0.14091388880299255
1781867850.780055,20.07089400291443,spinning_top,nonsocial_movie,non_social,564,1,0.4071257663107933,0.40331662846297894,0.4052211973868861,1,0,0.4379474282264709,0.7463888108730317,-0.038232138360658474,0.26210011029635577,10.203138430327275,0.4333832859992981,0.7909105718135834,0.0007341943425831629,0.00022931274162579492,0.0020294177219705245,0.14100482320901436
1781867850.81247,20.10330891609192,spinning_top,nonsocial_movie,non_social,565,1,0.4026104494690923,0.4054590511597752,0.40403475031443375,1,0,0.43781492710113523,0.7454269051551818,-0.037106535407052194,0.26208816137407837,10.932114429834241,0.43318384885787964,0.7913815379142761,0.0005114530685985746,0.00022274127398458831,0.0001837121419427747,0.13957498541466967
1781867850.846978,20.137816905975342,spinning_top,nonsocial_movie,non_social,566,1,0.40907121393643536,0.39940572141017044,0.4042384676733029,1,0,0.4377932518720627,0.7452411413192749,-0.037269794878761114,0.25922479313652785,10.798139377827061,0.4323866367340088,0.7917686998844147,0.0008862514099104351,0.0003747983413118606,0.0003883463274016137,0.14027075605369813
1781867850.883161,20.174000024795532,spinning_top,nonsocial_movie,non_social,567,1,0.4160124019340754,0.3987762860012134,0.4073943439676444,1,0,0.43732384741306307,0.7453279137611388,-0.046088580233455835,0.2630366184240493,10.679627571508712,0.43328091502189636,0.7908176779747009,0.001305441047670368,0.0004191896377599328,0.0006398077927205369,0.13967318132162365
1781867850.917382,20.208220958709717,spinning_top,nonsocial_movie,non_social,568,1,0.38980661666359256,0.4039928821759268,0.3968997494197597,1,0,0.43726344406604767,0.7449788689613343,-0.0382506861000075,0.25781096357165934,10.772345710221435,0.43264102935791016,0.7929181754589081,0.0021958012988737502,0.0008903602512033823,0.0011332279000680165,0.13929272915009888
1781867850.951406,20.242244958877563,spinning_top,nonsocial_movie,non_social,569,1,0.38494342824199324,0.4017754943000957,0.3933594612710445,1,0,0.4373509168624878,0.744860178232193,-0.03987894353817012,0.2580907754252434,11.033734968950036,0.43192389607429504,0.7915968298912048,0.001503407548124463,0.0006923937507492873,0.0018343420875701533,0.13928324675841694
1781867850.9858181,20.276657104492188,spinning_top,nonsocial_movie,non_social,570,1,0.3966585832696502,0.399398062913107,0.3980283230913786,1,0,0.4368833303451538,0.7453715384006501,-0.037565867607683136,0.25537975217039827,10.958330515558828,0.43216659128665924,0.7930483520030975,0.0014716716370909468,3.173591103351617e-05,0.0023893911247480906,0.1388342549897815
1781867851.019974,20.310812950134277,spinning_top,nonsocial_movie,non_social,571,1,0.390108124051733,0.40792310565215184,0.3990156148519424,1,0,0.4368082582950592,0.7449678659439087,-0.031373141633168095,0.2528501620832985,11.118513904682022,0.43171098828315735,0.7943319976329803,0.0013621013912030145,0.00010957024588793222,0.0031418822428478715,0.13741772387771192
1781867851.0532281,20.344067096710205,spinning_top,nonsocial_movie,non_social,572,1,0.3873762612896046,0.40808491338745684,0.39773058733853073,1,0,0.4367453932762146,0.7456835806369781,-0.03685435640971776,0.25634314139416714,10.819478098627222,0.43206706643104553,0.7922606468200684,0.0021017340073269573,0.0007396326161239427,0.003273754924408567,0.13874414549974512
1781867851.088348,20.379186868667603,spinning_top,nonsocial_movie,non_social,573,1,0.4106374139079818,0.3921321024581823,0.40138475818308206,1,0,0.4369395911693573,0.7457076370716096,-0.03743435157828672,0.2560818146453634,10.351031099460876,0.43209683895111084,0.7930488884449005,0.0007888036904509716,0.0013129303168759857,0.003343174539530212,0.13950272588417742
1781867851.123774,20.414613008499146,spinning_top,nonsocial_movie,non_social,574,1,0.3972938507246426,0.39774606349586666,0.3975199571102547,1,0,0.4367753088474274,0.7459493339061738,-0.04050805535179134,0.25651117551746927,10.425724282109641,0.43225520849227905,0.7935144901275635,0.0004917985750979903,0.0002970051153529813,0.0029740662785001535,0.13824120903034515
1781867851.157244,20.44808292388916,spinning_top,nonsocial_movie,non_social,575,1,0.4177314850242919,0.4019304513228339,0.4098309681735629,1,0,0.4370680779218674,0.7461984574794769,-0.03961633995488865,0.25437153334849155,10.351579458854061,0.43193235993385315,0.7937720119953156,0.00041297542789880514,7.882314719918513e-05,0.0024563339772755628,0.13726293033748943
1781867851.190969,20.481807947158813,spinning_top,nonsocial_movie,non_social,576,1,0.42154008045653024,0.4011597569962986,0.4113499187264144,1,0,0.4371267527341843,0.7465610802173615,-0.04131480605088869,0.2552697763726319,10.536117990340873,0.43250763416290283,0.7953693568706512,0.0016977782803917327,0.0012848028524929276,0.001374061391608744,0.13731470426257503
1781867851.2257411,20.51658010482788,spinning_top,nonsocial_movie,non_social,577,1,0.39230733828255954,0.4139151222863622,0.40311123028446083,1,0,0.43684743642807006,0.7463629961013794,-0.03805768837412821,0.2568725096899546,10.174455310887515,0.43203093111515045,0.7938785254955292,0.0015651913572419097,0.00013258692314982294,0.0007252570257859756,0.13815912069192196
1781867851.259812,20.55065107345581,spinning_top,nonsocial_movie,non_social,578,1,0.3996168919985162,0.4003007007973364,0.3999587963979263,1,0,0.43726381957530974,0.746906864643097,-0.04109710040552632,0.2613545717184655,10.524738707627233,0.4326810836791992,0.7927165925502777,0.0013314602982439732,0.00023373105899793657,0.003474692591176696,0.13851034330119402
1781867851.2943308,20.585169792175293,spinning_top,nonsocial_movie,non_social,579,1,0.39739947297553124,0.4082408388775146,0.4028201559265229,1,0,0.4374438196420669,0.7464084029197693,-0.04532387507049753,0.2627710012950394,10.919058546774556,0.43349888920783997,0.7895494997501373,0.0032709758004877396,0.0019395155022437665,0.005145497857642663,0.13892443099784266
1781867851.332157,20.622995853424072,spinning_top,nonsocial_movie,non_social,580,1,0.40836858803855763,0.40485512308823846,0.4066118555633981,1,0,0.43770100772380827,0.7462698638439178,-0.03907961817911027,0.263244995145364,11.216195569891045,0.4331066310405731,0.7921637296676636,0.002643494757225144,0.0006274810432625958,0.0013418953887670653,0.140063951863221
1781867851.363629,20.654468059539795,spinning_top,nonsocial_movie,non_social,581,1,0.4180904221218215,0.42581250332090526,0.4219514627213634,1,0,0.43760840594768524,0.7466855645179749,-0.0421447091955836,0.26662880548761736,10.45299535536154,0.4327424615621567,0.7897948920726776,0.002396666635230895,0.0002468281219942486,0.0007634251086110711,0.1388445454788037
1781867851.397654,20.688493013381958,spinning_top,nonsocial_movie,non_social,582,1,0.3906052265542077,0.4083467348123257,0.39947598068326673,1,0,0.4372069418430329,0.74608513712883,-0.04056412050477867,0.2603282579986032,10.668640219401864,0.433201402425766,0.7931205630302429,0.0033571884120918525,0.0009605217768609573,0.0017792129573613181,0.13983419185308785
1781867851.4310021,20.72184109687805,spinning_top,nonsocial_movie,non_social,583,1,0.41610095248039897,0.3976384785327087,0.4068697155065538,1,0,0.43780077397823336,0.7464975237846374,-0.046934155549929565,0.26292204653444007,10.437001213118272,0.43388731777668,0.7918656766414642,0.0014301117849180498,0.0019270766271738027,0.0007219678376363188,0.14023312226152673
1781867851.465604,20.75644302368164,spinning_top,nonsocial_movie,non_social,584,1,0.4291425909566893,0.40277137274316976,0.4159569818499295,1,0,0.43814460635185243,0.7463914811611175,-0.04439186143793796,0.2594535154245128,10.337290999778922,0.4332646429538727,0.7918162941932678,0.0006246299393624906,0.0008054818455555592,0.0013409541142668838,0.139034140182156
1781867851.500272,20.79111099243164,spinning_top,nonsocial_movie,non_social,585,1,0.4141270004673862,0.40276503418622916,0.4084460173268077,1,0,0.4379020899534225,0.7467505395412445,-0.038916041437888446,0.2583012817791429,9.805297957663173,0.43327224254608154,0.7921445667743683,0.0003283605355460696,0.000296269403816421,0.002455192185985785,0.13969553587556302
1781867851.535651,20.82648992538452,spinning_top,nonsocial_movie,non_social,586,1,0.4102940962958201,0.4172603971066387,0.4137772467012294,1,0,0.4376557946205139,0.7465645492076873,-0.0402451559198343,0.26146877556481674,10.8304637312646,0.4330887943506241,0.7921916544437408,0.0001893950607157887,0.0001389654748302809,0.00046333170284452736,0.1387499579536459
1781867851.5698922,20.86073112487793,spinning_top,nonsocial_movie,non_social,587,1,0.4103516128853972,0.4072522869195784,0.40880194990248775,1,0,0.43779122531414033,0.7463861465454102,-0.04441575356396452,0.2596814585982242,10.622072362881559,0.43381449580192566,0.7934430539608002,0.0014465971615199328,0.0012572021008041441,0.00029612494659138767,0.1378370002463094
1781867851.6044319,20.895270824432373,spinning_top,nonsocial_movie,non_social,588,1,0.4173122005577645,0.41300617504352555,0.41515918780064504,1,0,0.43740959763526915,0.7461042702198029,-0.044221877704761374,0.25481989739512295,10.3990190722498,0.43416728079319,0.7959025204181671,0.0024846393108406066,0.0010380421493206738,0.00038713639156320916,0.13597277457260104
1781867851.638399,20.929237842559814,spinning_top,nonsocial_movie,non_social,589,1,0.4095038736612544,0.44081199239367813,0.4251579330274663,1,0,0.4375924915075302,0.7463781535625458,-0.05158203420870267,0.25752408382878045,10.55023177070762,0.43441779911518097,0.7943315505981445,0.001590819161650675,0.0008938201491899315,0.001060171706494688,0.13760392444922304
1781867851.6735868,20.964425802230835,spinning_top,nonsocial_movie,non_social,590,1,0.4044774611723417,0.44107527357467413,0.4227763673735079,1,0,0.4371772915124893,0.7464855432510376,-0.046786282440427096,0.260945326062129,10.491221782154764,0.43354544043540955,0.7924577593803406,0.0020669066728064354,0.00047608751115576033,6.167273352368885e-05,0.13674440669477556
1781867851.707124,20.997962951660156,spinning_top,nonsocial_movie,non_social,591,1,0.4183448667257271,0.43301334633850014,0.4256791065321136,1,0,0.4370209246873855,0.7470832943916321,-0.054832496301774045,0.26251703007735255,10.314167791214425,0.434306338429451,0.7914277911186218,0.0012805469056165943,0.0007863597671898411,0.0003190179349524422,0.14005161323752402
1781867851.740753,21.03159189224243,spinning_top,nonsocial_movie,non_social,592,1,0.4431216682912774,0.42161219165198044,0.43236692997162895,1,0,0.43667531609535215,0.7462177872657776,-0.04866633932770307,0.25618319221432395,10.52177872649485,0.4328882396221161,0.7952879965305328,0.004112443318698961,0.0028318964130823665,0.00019647494162719647,0.13613090261454025
1781867851.778108,21.068946838378906,spinning_top,nonsocial_movie,non_social,593,1,0.41505056000689716,0.42809844412387354,0.4215745020653854,1,0,0.4364757269620895,0.7461009442806243,-0.04861437697572141,0.261097122878755,10.142558579107195,0.43237508833408356,0.7927248179912567,0.0026140406401995984,0.0014984026784993624,0.0015389702524516592,0.13539539582663726
1781867851.811648,21.102486848831177,spinning_top,nonsocial_movie,non_social,594,1,0.4183969911990993,0.42145542874085234,0.4199262099699758,1,0,0.43621626496315,0.7459871411323548,-0.05290343474162621,0.2580459380134784,9.961361335336123,0.4325706362724304,0.7934000790119171,0.0007030052931628852,0.0019110353470367133,0.0006345783645871541,0.13748659892021206
1781867851.8456059,21.136444807052612,spinning_top,nonsocial_movie,non_social,595,1,0.42564017136480264,0.42748271437851615,0.4265614428716594,1,0,0.4362263202667236,0.7458035767078399,-0.05074229166340263,0.25534036146485495,10.071554178114983,0.4322367161512375,0.7932513356208801,0.0003655506034938044,0.0003374546896690808,0.00046020779352285834,0.13635992672642488
1781867851.8801641,21.171003103256226,spinning_top,nonsocial_movie,non_social,596,1,0.40996989088643326,0.4264733603446365,0.4182216256155349,1,0,0.4357822149991989,0.7462042272090912,-0.04567821445704108,0.2578588271762049,10.143991600703682,0.4318580627441406,0.7942846417427063,0.0011004998610220295,0.0007349492575282251,0.0006143286590420202,0.13872536951212022
1781867851.915641,21.206480026245117,spinning_top,nonsocial_movie,non_social,597,1,0.3885940612466854,0.42244295339576027,0.40551850732122285,1,0,0.43569988906383517,0.7455268859863282,-0.0493433242996129,0.26061861202737496,9.948607975660687,0.43215812742710114,0.7918806672096252,0.0024226292266177393,0.0013221293655957098,0.0010510127020229372,0.1390520787018371
1781867851.948593,21.239431858062744,spinning_top,nonsocial_movie,non_social,598,1,0.43256468881990945,0.4236489347057146,0.428106811762812,1,0,0.43575048446655273,0.7460616588592529,-0.04533921279114022,0.2551233926258464,9.750554179454262,0.43140891194343567,0.7948051989078522,0.0030189749079610056,0.0005963456813432664,5.5524924075146574e-05,0.1389995293956376
1781867851.984766,21.275604963302612,spinning_top,nonsocial_movie,non_social,599,1,0.40256534479689526,0.42467204679382536,0.4136186957953603,1,0,0.43524423241615295,0.7454012751579284,-0.047456355237405635,0.25903593162207833,10.41664407456323,0.43160833418369293,0.7926537692546844,0.0021606523974111664,0.0008583225105498393,0.0008126785747163423,0.13775960608687401
1781867852.017335,21.308173894882202,spinning_top,nonsocial_movie,non_social,600,1,0.43625691480719697,0.4080144230659146,0.4221356689365558,1,0,0.4352115780115128,0.7459279239177704,-0.04572482982357854,0.2569554812325585,9.913663061289961,0.43106600642204285,0.7927620708942413,0.0005530358453003759,0.0016076165521107903,0.0004982470000926884,0.13875833840929344
1781867852.0518248,21.342663764953613,spinning_top,nonsocial_movie,non_social,601,1,0.4191462019848892,0.4212020417489951,0.42017412186694214,1,0,0.4351179987192154,0.7458291471004486,-0.05098362105688739,0.2590050131030482,9.840673282976152,0.4316747635602951,0.7924991548061371,0.0006631064188779354,0.00011007057357755945,0.0010232659399168533,0.13769044933791263
1781867852.085943,21.376781940460205,spinning_top,nonsocial_movie,non_social,602,1,0.43265369630458145,0.41515694683218896,0.42390532156838523,1,0,0.43509744405746464,0.7453117430210113,-0.04886642820285162,0.25976831106790077,9.520946074734914,0.4318847060203552,0.7912061810493469,0.0013099072380455639,0.0006468008191676285,0.0009400301646820026,0.13869682292420998
1781867852.1234639,21.414302825927734,spinning_top,nonsocial_movie,non_social,603,1,0.42694580892387385,0.42714620429294176,0.4270460066084078,1,0,0.4348224371671677,0.7457766473293304,-0.04541859481397494,0.26168254197970614,9.717652309747137,0.43065381050109863,0.7918938100337982,0.0014099423390988273,0.00010003510105326347,0.0007778023772118155,0.13768820670299414
1781867852.155179,21.44601798057556,spinning_top,nonsocial_movie,non_social,604,1,0.4102938844805406,0.4063714808399957,0.4083326826602681,1,0,0.43482500314712524,0.7459966838359833,-0.04950545384989858,0.2578708677031707,9.610356007211555,0.4309600293636322,0.7935675382614136,0.0017015099681423542,0.00029156762904352686,0.0002645029016021846,0.13821902602077574
1781867852.189117,21.479955911636353,spinning_top,nonsocial_movie,non_social,605,1,0.429017063846321,0.44297569357197303,0.435996378709147,1,0,0.4344300091266632,0.7456386923789978,-0.04639365930105007,0.2530197323962269,8.977552538049455,0.4306788295507431,0.7949431240558624,0.0014040333374454985,0.0002974766306968557,0.0005770189020503593,0.13696851990069223
1781867852.224642,21.515480995178223,spinning_top,nonsocial_movie,non_social,606,1,0.39484756699164986,0.4216553353513607,0.4082514511715053,1,0,0.4342838555574417,0.745712399482727,-0.04423284496273544,0.25510934483686554,9.534507126642644,0.43039247393608093,0.7952301800251007,0.00040546352181654825,0.0009985698156289502,0.00014778743206378853,0.13786572559639262
1781867852.257845,21.548683881759644,spinning_top,nonsocial_movie,non_social,607,1,0.41551579553849094,0.42818743207885346,0.4218516138086722,1,0,0.4341018229722977,0.7454807877540588,-0.05345900743112227,0.258083274697235,9.446627706385096,0.43096083402633667,0.7953434586524963,0.0005795388163187586,0.00017407529450221031,0.0005366544050025634,0.13522153596375142
1781867852.2919402,21.58277916908264,spinning_top,nonsocial_movie,non_social,608,1,0.4101576976661883,0.41978651179752563,0.41497210473185697,1,0,0.4343207836151123,0.7456070899963378,-0.05090289873508508,0.2552658737521567,9.644207950413454,0.43129755556583405,0.793264776468277,0.002105778007804349,0.0015262391914855906,0.0003675147730442168,0.13644702725026003
1781867852.3279092,21.6187481880188,spinning_top,nonsocial_movie,non_social,609,1,0.41787091181386077,0.42787930762431575,0.42287510971908826,1,0,0.43434350192546844,0.7450412213802338,-0.046652890981145036,0.2569549042718486,9.460087754546638,0.43058864772319794,0.7934795320034027,0.0007407228018753852,0.001365055205928964,0.0008219064146689287,0.136345194524133
1781867852.3615072,21.65234613418579,spinning_top,nonsocial_movie,non_social,610,1,0.408150536687846,0.40788209294482863,0.4080163148163373,1,0,0.43431244790554047,0.7457778632640839,-0.04515278779798912,0.2562935800989521,9.468226106789759,0.43044668436050415,0.7930586636066437,0.0004441664144640459,0.0002965563874113393,0.002040665087891522,0.13906767185656735
1781867852.3965068,21.68734574317932,spinning_top,nonsocial_movie,non_social,611,1,0.41897828951113664,0.4222070839559805,0.42059268673355854,1,0,0.4341061681509018,0.7454560220241546,-0.048546718623992846,0.25226695159346807,9.601775154465809,0.43038520216941833,0.7952909171581268,0.002233100082380964,0.001788933667916918,0.00048044999872533353,0.13675910920469306
1781867852.431882,21.722720861434937,spinning_top,nonsocial_movie,non_social,612,1,0.4355230330184406,0.42448243848213313,0.43000273575028686,1,0,0.43389953374862666,0.7458566546440124,-0.04938021752328118,0.26072885383402983,10.111630885111559,0.4303038418292999,0.791388750076294,0.003903015172848341,0.0016699150904673768,0.0002291518534490291,0.13863721244773938
1781867852.465954,21.75679302215576,spinning_top,nonsocial_movie,non_social,613,1,0.433183362797805,0.4263726111677386,0.4297779869827718,1,0,0.43382345139980316,0.7449407935142518,-0.0488466272585915,0.26388090523629143,10.090882006954905,0.4301016479730606,0.7893356084823608,0.002063073619684741,0.0018399415531635999,0.0007419138061154825,0.13883713314535925
1781867852.4999611,21.790800094604492,spinning_top,nonsocial_movie,non_social,614,1,0.4120734976278912,0.41646614245992314,0.41426982004390717,1,0,0.4335818737745285,0.7445256292819977,-0.0542807270487132,0.2625186012279498,10.648430477823164,0.43113410472869873,0.7916063964366913,0.00249448288945726,0.0004314092697725192,0.0005587582714608638,0.13931976418730085
1781867852.534949,21.825788021087646,spinning_top,nonsocial_movie,non_social,615,1,0.42903838203879824,0.41565981820037906,0.42234910011958865,1,0,0.4338584303855896,0.7450482547283173,-0.06176949463460151,0.26200618011857674,10.364934958170444,0.43193137645721436,0.7915207743644714,0.0008018561893142145,0.0016926267001430456,0.00015991758824269463,0.1389405333702017
1781867852.568167,21.85900592803955,spinning_top,nonsocial_movie,non_social,616,1,0.43692856983427,0.4257368234490488,0.4313326966416594,1,0,0.43405401706695557,0.745318591594696,-0.05581037145703852,0.25376444562653244,10.08911774682909,0.4319556951522827,0.7936151027679443,0.0020944695893049333,0.0012926133999907187,5.637411878430426e-05,0.13929248113706516
1781867852.601762,21.892601013183594,spinning_top,nonsocial_movie,non_social,617,1,0.44654596916733236,0.4350879178157499,0.4408169434915411,1,0,0.4339474767446518,0.7451342463493347,-0.04631630579611944,0.2518520125177728,9.531678202369326,0.43056344985961914,0.7955469787120819,0.002381279407898477,0.0002868098185935439,0.0002500356481277048,0.1379339649618196
1781867852.637252,21.928091049194336,spinning_top,nonsocial_movie,non_social,618,1,0.3861832476316156,0.42978002385231745,0.40798163574196655,1,0,0.4340478628873825,0.7445935666561126,-0.050840659900479236,0.2566112963491279,10.343864356978811,0.43136100471019745,0.7935720980167389,0.002129846825600261,0.0002514325822982164,0.0004612636841396891,0.1359995911032974
1781867852.6724439,21.963282823562622,spinning_top,nonsocial_movie,non_social,619,1,0.4036525244816402,0.4388617988011472,0.4212571616413937,1,0,0.4349579870700836,0.745100200176239,-0.04879765819045219,0.2578794640757823,9.924478079931726,0.4319741278886795,0.7920006215572357,0.0016868486282902119,0.00044299819731004894,6.53354618909827e-05,0.13752254413314352
1781867852.70675,21.997588872909546,spinning_top,nonsocial_movie,non_social,620,1,0.4130547184727215,0.40284125026589523,0.40794798436930835,1,0,0.4356831401586533,0.7458083868026734,-0.05193349328173101,0.2568362341759634,10.125298413502145,0.4328073263168335,0.7924031019210815,0.0009253161967456045,0.0007615324315446073,0.00038524276322286565,0.13821699478606275
1781867852.740724,22.03156304359436,spinning_top,nonsocial_movie,non_social,621,1,0.4046357836371931,0.39991368458633936,0.40227473411176623,1,0,0.43591471016407013,0.7462721407413483,-0.045181086107516956,0.2537265579905393,10.073445982917834,0.4320892244577408,0.7954011857509613,0.0030828845147067873,0.002157568317961183,0.0005503799565019312,0.1385200119017242
1781867852.776698,22.06753706932068,spinning_top,nonsocial_movie,non_social,622,1,0.41318631307012627,0.40144658484391355,0.4073164489570199,1,0,0.4363232165575027,0.7472290396690369,-0.049281643314038885,0.25375752665872203,10.374642293298463,0.4334888160228729,0.7955015003681183,0.0014031819452959009,0.0016797025694108864,0.0019647483695207518,0.13823392134618728
1781867852.8100631,22.10090208053589,spinning_top,nonsocial_movie,non_social,623,1,0.39986240530561606,0.41982645022190873,0.4098444277637624,1,0,0.4373218178749084,0.7477503836154937,-0.04453807410286596,0.2538053133963013,10.396940269556527,0.4338686466217041,0.797497421503067,0.0020317412386284526,0.0006285592933325517,0.0016444420383903671,0.13765512334107932
1781867852.844554,22.135392904281616,spinning_top,nonsocial_movie,non_social,624,1,0.4011446358665463,0.39806234660312456,0.3996034912348354,1,0,0.43806332647800444,0.7479067802429199,-0.0456932198435606,0.2565580097144566,9.311572928873813,0.4349954426288605,0.7950807809829712,0.002666424693313607,0.0006346834546851546,0.002838421450541122,0.13771548091833147
1781867852.878916,22.16975498199463,spinning_top,nonsocial_movie,non_social,625,1,0.3861039561253973,0.42420936438493884,0.40515666025516806,1,0,0.4380917102098465,0.7477113068103791,-0.04691776202239023,0.2582606163804035,10.148705626500204,0.4353344738483429,0.7947695553302765,0.0004602212236294427,0.0022062034696841643,0.0007736414842618397,0.1369173852076446
1781867852.915097,22.205935955047607,spinning_top,nonsocial_movie,non_social,626,1,0.40888098387655253,0.42054053656627194,0.41471076022141223,1,0,0.43825348019599913,0.7485431492328644,-0.046242579656448096,0.25985811806813763,9.729558827737527,0.43530531227588654,0.7940402626991272,0.000729875427149582,0.00026965420352013936,0.0014105359369575672,0.13715659397166344
1781867852.9471622,22.238001108169556,spinning_top,nonsocial_movie,non_social,627,1,0.4214989468846412,0.4250998333983443,0.42329939014149276,1,0,0.4383061736822128,0.747879010438919,-0.05390352437613584,0.2587313070140192,10.376278835563726,0.4363033175468445,0.79488405585289,0.001306905278586343,0.0005770298514367609,0.01162865258366005,0.13478863160835017
1781867852.9834151,22.274254083633423,spinning_top,nonsocial_movie,non_social,628,1,0.4270820953272187,0.4126346367657771,0.4198583660464979,1,0,0.4378801256418228,0.7485828697681427,-0.055127290103388474,0.2573139921752229,10.161154951308163,0.4361729174852371,0.7928732931613922,0.002014986545261951,0.000708081266675608,0.0010059050021493105,0.13925099839342645
1781867853.015628,22.306467056274414,spinning_top,nonsocial_movie,non_social,629,1,0.4175658944709106,0.4211951231195,0.4193805087952053,1,0,0.43813274800777435,0.7480797410011291,-0.05513836699780741,0.258959201793402,10.724278879563371,0.4360535889863968,0.7932433485984802,0.00038881913167163886,0.0016261674135903121,0.0006471496181369084,0.13737764659430418
1781867853.050418,22.341256856918335,spinning_top,nonsocial_movie,non_social,630,1,0.4447741293885349,0.4333970183308911,0.43908557385971303,1,0,0.4373308449983597,0.748285311460495,-0.0511903881892437,0.2592375156341735,11.02904074057807,0.43498459458351135,0.7939329147338867,0.0012721047474559002,0.0008832856157842613,0.0006072726050532919,0.13741086071815073
1781867853.0832388,22.374077796936035,spinning_top,nonsocial_movie,non_social,631,1,0.4418403592559131,0.4497469515101382,0.4457936553830256,1,0,0.43599789440631864,0.7475265264511108,-0.05075328033498305,0.25916135236289667,10.425266861294283,0.4340106248855591,0.7934868931770325,0.001071238629674978,0.00020086611778092223,0.0009118230610628301,0.13696321910019357
1781867853.120029,22.410867929458618,spinning_top,nonsocial_movie,non_social,632,1,0.4235148127418712,0.4211976288767496,0.4223562208093104,1,0,0.43539662957191466,0.7476469695568084,-0.05022223979912228,0.25834298776491815,10.204630824420146,0.4329628646373749,0.794150710105896,0.0012403444895353983,0.0001691058598604204,0.0009172181061396174,0.13780289805361812
1781867853.153174,22.444012880325317,spinning_top,nonsocial_movie,non_social,633,1,0.4103844966946905,0.44397408343107,0.42717929006288025,1,0,0.43429596722126007,0.7471519529819488,-0.053886665338816246,0.25696341264209077,10.068471225031894,0.43179847300052643,0.7955319285392761,0.0018065359793460146,0.0005661914898106163,0.0008872027563206236,0.13757350655168624
1781867853.188004,22.478842973709106,spinning_top,nonsocial_movie,non_social,634,1,0.431918646943274,0.43472727591858784,0.4333229614309309,1,0,0.4333366841077805,0.7459147334098816,-0.05082902618041916,0.25818661088898587,10.260827120910161,0.43087485432624817,0.7950530648231506,0.001040375852323112,0.0007661601270229027,0.0008502048225234747,0.1367186284779436
1781867853.223562,22.514400959014893,spinning_top,nonsocial_movie,non_social,635,1,0.42296905166024396,0.43540247161481865,0.4291857616375313,1,0,0.4327215522527695,0.7461929202079773,-0.05636898982395349,0.2598453424387634,9.48503157715961,0.4314771592617035,0.7929354012012482,0.0022016517551154426,0.0011612759027923307,0.0012439404599957381,0.13594029790765966
1781867853.256935,22.547773838043213,spinning_top,nonsocial_movie,non_social,636,1,0.4295329429456123,0.4230023536334749,0.42626764828954355,1,0,0.43217471837997434,0.7458759069442749,-0.05566155872189503,0.2549165392848571,9.915654616779785,0.4301919639110565,0.794853925704956,0.002309212714466163,0.00010756095935072043,0.0008431968210323068,0.13737574158267876
1781867853.2914932,22.582332134246826,spinning_top,nonsocial_movie,non_social,637,1,0.4158956007212304,0.42253344072260607,0.4192145207219182,1,0,0.43181257843971255,0.7450159192085266,-0.05066441168727226,0.2604318802507465,9.002041234405526,0.43037301301956177,0.7911982238292694,0.003660182370263728,0.0013509696557975652,0.0006337485755699643,0.1364513342858991
1781867853.326893,22.617732048034668,spinning_top,nonsocial_movie,non_social,638,1,0.428186929936034,0.42622015848220796,0.427203544209121,1,0,0.4317462712526321,0.74503413438797,-0.0501928980951,0.2573535918826735,9.193218968727114,0.42951638996601105,0.7942871153354645,0.003205472475769929,0.0004547098944937991,0.0005194385123066983,0.1363167692643614
1781867853.360657,22.651495933532715,spinning_top,nonsocial_movie,non_social,639,1,0.3856681391123422,0.37534524945499437,0.3805066942836683,1,0,0.43143036365509035,0.746655023097992,-0.04600172248030775,0.25740562678213846,9.025743305978295,0.4291766881942749,0.7933834195137024,0.0009654343229815926,0.0022400381527883364,0.0009574470709075337,0.1444234673330491
1781867853.393555,22.684393882751465,spinning_top,nonsocial_movie,non_social,640,1,0.26712214385303545,0.15355070968535536,0.2103364267691954,1,0,0.42896465957164764,0.7508470237255096,-0.03176149488684853,0.24881911589760364,9.26680891975324,0.4276857078075409,0.7978111803531647,0.004672053998521551,0.003706619675539958,0.0016964591080106668,0.16340530645388737
1781867853.430655,22.72149395942688,spinning_top,nonsocial_movie,non_social,641,1,0.17326098452434144,0.1266228118261807,0.14994189817526107,0,1,0.42922433912754054,0.7527937650680542,-0.02607079999123362,0.2509432522012797,9.429299848609473,0.42756325006484985,0.7961706519126892,0.0016450925392675765,0.003026961459253974,0.003528082691896057,0.17157048471432054
1781867853.462755,22.753593921661377,spinning_top,nonsocial_movie,non_social,642,1,0.15449571372680954,0.1645079662531694,0.15950183998998946,0,1,0.42998602986335754,0.7516256034374237,-0.03337841462935755,0.26075171984953843,9.777584272689431,0.42898428440093994,0.7942793071269989,0.0023656972931262597,0.0007206047538586833,0.000703153055961676,0.168770967170677
1781867853.498919,22.78975796699524,spinning_top,nonsocial_movie,non_social,643,1,0.1462518340629428,0.22866583830701517,0.187458836184979,1,0,0.43195966482162473,0.7520323991775513,-0.0349896963271353,0.2611104441495301,10.531511315354454,0.42996203899383545,0.7931837439537048,0.0014684218435471554,0.0008972754495791043,0.004053950977578189,0.16584842168813552
1781867853.532769,22.823607921600342,spinning_top,nonsocial_movie,non_social,644,1,0.26017462958534987,0.30360390158248696,0.2818892655839184,1,0,0.4329105198383332,0.7519176125526428,-0.031789126693495644,0.2609997517328299,9.776654298329177,0.42841240763664246,0.7942962944507599,0.00190764932618478,0.00043922748263762446,0.002522753904746521,0.15558568049277385
1781867853.567209,22.85804796218872,spinning_top,nonsocial_movie,non_social,645,1,0.30424885173827937,0.34874790967652675,0.32649838070740306,1,0,0.43235357105731964,0.7493224442005157,-0.03433328778289755,0.25952476754871323,10.09896741023675,0.43013110756874084,0.7957263588905334,0.002235847436320258,0.00032819811013547824,0.005533442521739711,0.14844724892315941
1781867853.600773,22.89161205291748,spinning_top,nonsocial_movie,non_social,646,1,0.3434344527264648,0.35395236628328014,0.3486934095048725,1,0,0.4335635483264923,0.7493872106075287,-0.03646692996123085,0.2638591524376765,9.437175957422445,0.4308409094810486,0.7937395870685577,0.002109758523460066,0.00012608891286019228,0.005054654787107448,0.1455844515577284
1781867853.63584,22.926678895950317,spinning_top,nonsocial_movie,non_social,647,1,0.34581591140292545,0.35287253674836505,0.34934422407564525,1,0,0.43408299386501314,0.7489611864089966,-0.033004195324569406,0.2645079133975226,10.099594838766825,0.430502250790596,0.791829913854599,0.001939469384324114,0.0001702891391359518,0.0025299342979826587,0.1461782970264268
1781867853.669177,22.960016012191772,spinning_top,nonsocial_movie,non_social,648,1,0.33568629717017534,0.3708875598182536,0.3532869284942145,1,0,0.43440364897251127,0.7481534898281097,-0.02880250563454325,0.259380512776652,10.015795640087882,0.43061941862106323,0.7939253747463226,0.0020987340587219714,0.00015926467439785733,0.021269310751201663,0.1444666873627837
1781867853.704292,22.995131015777588,spinning_top,nonsocial_movie,non_social,649,1,0.3330344112339269,0.35027283495561673,0.3416536230947718,1,0,0.4341660887002945,0.748257291316986,-0.030908430530867184,0.2523231795737935,9.660794291598831,0.43012483417987823,0.7962932884693146,0.002419014090284685,0.0003202800315627134,0.0038803677699132347,0.14383135203978983
1781867853.737932,23.028770923614502,spinning_top,nonsocial_movie,non_social,650,1,0.3594062119003533,0.3762050379541895,0.3678056249272714,1,0,0.43452609777450557,0.7483565807342529,-0.03346225350249396,0.25651190795344186,10.146800905368886,0.43114499747753143,0.7951963245868683,0.0014980196638463342,0.0009209944264383506,0.009008791853011339,0.14213071247828604
1781867853.7746959,23.065534830093384,spinning_top,nonsocial_movie,non_social,651,1,0.3575858812234162,0.37764207618580037,0.3676139787046083,1,0,0.4350564628839493,0.7484681844711304,-0.03398012742863907,0.2536502751922241,10.2161581141029,0.43202993273735046,0.7960817217826843,0.0012518141269493178,0.0002462055368970164,0.023358314549866043,0.14071997435339403
1781867853.807323,23.098161935806274,spinning_top,nonsocial_movie,non_social,652,1,0.3638644988132944,0.3912819423092362,0.3775732205612653,1,0,0.4355285346508026,0.7493183076381683,-0.034153540997723865,0.2546468450078532,10.174620857116029,0.432291716337204,0.7950839996337891,0.0010314941296723158,0.00022031999727700194,0.01715007056018087,0.1400732495387484
1781867853.842381,23.133219957351685,spinning_top,nonsocial_movie,non_social,653,1,0.3735025497433941,0.3902132540614135,0.38185790190240376,1,0,0.43575550615787506,0.7487242996692658,-0.03807628364284673,0.25499050875455825,10.49583063351566,0.43264010548591614,0.7957894206047058,0.000786761555459791,0.00024473257421252486,0.019384136670992837,0.13907752707552304
1781867853.8761961,23.16703510284424,spinning_top,nonsocial_movie,non_social,654,1,0.3739165670342666,0.3797906422071216,0.3768536046206941,1,0,0.43592372834682463,0.748112541437149,-0.034476253599548895,0.2563262640597109,10.881884413616545,0.43247537314891815,0.7954011857509613,0.0004217381231461493,0.00036502343231364166,0.02129177870829823,0.13723645965550826
1781867853.910325,23.20116400718689,spinning_top,nonsocial_movie,non_social,655,1,0.40369178984897586,0.404796254299899,0.40424402207443744,1,0,0.43606116771698,0.747496235370636,-0.04442008342508502,0.2580235018642462,10.455836630418132,0.4340544044971466,0.7932520508766174,0.00266685595914163,0.0022451178359954808,0.033076471315101615,0.13478537292933604
1781867853.94541,23.23624897003174,spinning_top,nonsocial_movie,non_social,656,1,0.40492929523753635,0.39863095242275537,0.40178012383014583,1,0,0.4367582380771637,0.7472987234592438,-0.03937885643214023,0.26168556879434857,10.514214318737974,0.4334626793861389,0.79202800989151,0.0013595642464480342,0.0013072917126935957,0.05324271763898149,0.13404762983530513
1781867853.979978,23.270817041397095,spinning_top,nonsocial_movie,non_social,657,1,0.4073269821684638,0.40862009701497026,0.407973539591717,1,0,0.43686733543872835,0.7474216043949127,-0.0377378709733091,0.2607217764775568,10.512641886009884,0.43325307965278625,0.7939283549785614,0.0019118691111323148,0.0005523048646842805,0.025104250609118698,0.13497468234913887
1781867854.015379,23.306217908859253,spinning_top,nonsocial_movie,non_social,658,1,0.4169653702385758,0.42399380742798454,0.4204795888332802,1,0,0.4367879182100296,0.7472219288349151,-0.03291557904047383,0.25997958948021777,10.781090288108144,0.4335019588470459,0.7940271198749542,0.000267759888883332,0.0016441092222489828,0.02460168173982869,0.13130549047866139
1781867854.048425,23.339263916015625,spinning_top,nonsocial_movie,non_social,659,1,0.41771763582015536,0.41456573683175557,0.4161416863259555,1,0,0.43668168783187866,0.7470061600208282,-0.028954707694250487,0.2615600973270212,10.564645228256298,0.43338125944137573,0.7929246127605438,0.0011090943529991843,0.0008413344641158523,0.02919780325732051,0.1314583747993144
1781867854.084651,23.375489950180054,spinning_top,nonsocial_movie,non_social,660,1,0.41272966589437404,0.40580586401044005,0.409267764952407,1,0,0.4367073118686676,0.7471686780452729,-0.024984546791461153,0.2605795074377706,10.118508350587621,0.43327778577804565,0.7938341200351715,0.0009153743942254593,0.00019371995877372498,0.017083075168822813,0.13204997992122178
1781867854.1181388,23.4089777469635,spinning_top,nonsocial_movie,non_social,661,1,0.41484712570802473,0.40314511126824115,0.40899611848813294,1,0,0.43678358793258665,0.7464365482330322,-0.02486109432872239,0.2585353089618588,10.722668039318068,0.43256959319114685,0.795126348733902,0.0014735643012644749,0.0005581899070390156,0.00024809123600990696,0.1308697915216052
1781867854.152389,23.443228006362915,spinning_top,nonsocial_movie,non_social,662,1,0.39411584079417644,0.4201209968770424,0.4071184188356094,1,0,0.43691013455390926,0.7449801623821259,-0.03118518402901192,0.26047204858556466,10.566787828159764,0.43294307589530945,0.7947957217693329,0.0004988020850084509,0.0009747622162560239,0.0010433098582783803,0.12911149747327869
1781867854.186734,23.477572917938232,spinning_top,nonsocial_movie,non_social,663,1,0.3946447758517713,0.4059707822034332,0.4003077790276023,1,0,0.4370364099740982,0.7441633224487305,-0.03167453160652584,0.2636215195567349,10.735041497881598,0.4332864433526993,0.7942209243774414,0.0006695470502657785,0.00017074496525732754,0.0010385655420156686,0.1284964345766896
1781867854.2213602,23.51219916343689,spinning_top,nonsocial_movie,non_social,664,1,0.403197361448472,0.42203014698015634,0.4126137542143142,1,0,0.43720094561576844,0.7446104109287262,-0.03417472046812575,0.26379050478124705,10.61607907160112,0.4330282211303711,0.7927776277065277,0.0014662141713865221,0.0007966671211207437,0.0004738167538784166,0.12909974121203105
1781867854.255336,23.546175003051758,spinning_top,nonsocial_movie,non_social,665,1,0.4147549721104942,0.41660361136818486,0.41567929173933954,1,0,0.43689481914043427,0.7446697592735291,-0.03611041106743153,0.2650433820845697,10.733907372481221,0.4334808439016342,0.7906087338924408,0.002215619044387006,0.0007494048730004839,0.0020607876340758826,0.12757893111264587
1781867854.290496,23.581335067749023,spinning_top,nonsocial_movie,non_social,666,1,0.43980427545257317,0.41965565659213394,0.4297299660223536,1,0,0.437230321764946,0.7449229717254638,-0.038688714536903535,0.2631749501980358,10.492270039074956,0.43304799497127533,0.7920021414756775,0.0014590897469087902,0.0007565292974782158,0.002634663858942388,0.12666672564736364
1781867854.326041,23.61687994003296,spinning_top,nonsocial_movie,non_social,667,1,0.43533265626321893,0.41727959941116066,0.4263061278371898,1,0,0.4368051618337631,0.7449216365814209,-0.03638431676158253,0.26908465923771485,10.331497318377084,0.4334416836500168,0.7902233302593231,0.0018218562290140533,0.0003627664821052631,0.0009098061077057554,0.12657859942462177
1781867854.358876,23.649714946746826,spinning_top,nonsocial_movie,non_social,668,1,0.43755416763268434,0.42447144530931996,0.43101280647100215,1,0,0.43717199265956874,0.7445541381835937,-0.039108854963715724,0.26349477781460934,10.284058721943207,0.433122381567955,0.7921810150146484,0.0019835532311592062,0.0001616970021451529,0.007207845364109221,0.1277352498400706
1781867854.392684,23.683522939682007,spinning_top,nonsocial_movie,non_social,669,1,0.41262363500621213,0.4218742276326626,0.41724893131943736,1,0,0.43725264966487887,0.7451184451580048,-0.033676636093600186,0.2657128417101084,10.85273414735113,0.4327113479375839,0.7896704375743866,0.0025440023051970175,0.0005604490740378112,0.05914998243376804,0.12914631655782574
1781867854.429277,23.720115900039673,spinning_top,nonsocial_movie,non_social,670,1,0.4328213123558754,0.41814178109520866,0.42548154672554206,1,0,0.4371061444282532,0.7446151852607727,-0.03610284816635828,0.27133146550902504,11.08175145888381,0.4337790012359619,0.7872641384601593,0.0026325195142046843,8.851720900766684e-05,0.003539685968144715,0.13019052587308758
1781867854.462139,23.75297784805298,spinning_top,nonsocial_movie,non_social,671,1,0.4232636004502823,0.4236038491122348,0.4234337247812585,1,0,0.43734844326972966,0.7466748058795929,-0.03955708159554138,0.26538297802330574,10.951280488212863,0.4339958131313324,0.7894085347652435,0.0021553289566173034,0.00047719055758738095,0.014996257058510924,0.1322498860338643
1781867854.49841,23.789248943328857,spinning_top,nonsocial_movie,non_social,672,1,0.4100612120586767,0.40903298223942036,0.4095470971490485,1,0,0.4371531426906586,0.7482556998729706,-0.04338477888887966,0.2589874317495317,10.612706530248326,0.43438437581062317,0.7919671535491943,0.002587954991363552,0.0004326260347462486,0.023800670032208825,0.13524692069340175
1781867854.531206,23.822044849395752,spinning_top,nonsocial_movie,non_social,673,1,0.41117158224482014,0.4039241382449003,0.4075478602448602,1,0,0.4370424330234528,0.7475271224975586,-0.03789446147754096,0.263621091520102,10.694532164323714,0.43401071429252625,0.7895288467407227,0.0024667717815691514,0.00012118320979440057,0.017341501692315627,0.13473755449102875
1781867854.5650702,23.8559091091156,spinning_top,nonsocial_movie,non_social,674,1,0.42927513007562845,0.39911696909523686,0.41419604958543266,1,0,0.43718738853931427,0.7481943130493165,-0.046140224711074374,0.2609136838471208,10.20946308743753,0.43435385823249817,0.7918716371059418,0.0023677868271664523,9.898495440269911e-05,0.006311680435528211,0.13454399890937696
1781867854.5991318,23.889970779418945,spinning_top,nonsocial_movie,non_social,675,1,0.41660190758903975,0.4066630855119594,0.4116324965504996,1,0,0.43736674189567565,0.7477609694004059,-0.04295185105585231,0.2653031528621224,10.02467377112841,0.4345910847187042,0.7898546755313873,0.0020308644462363338,0.00033692238093011853,0.004865122641824486,0.1342487712313776
1781867854.634363,23.925201892852783,spinning_top,nonsocial_movie,non_social,676,1,0.4420484405527021,0.41797774174340285,0.4300130911480525,1,0,0.43714510798454287,0.747646415233612,-0.0427871521981479,0.2586944672158979,10.153047183720414,0.43427687883377075,0.7904998958110809,0.000717659074668967,0.0013132053715673667,0.012940250071891304,0.13500998898911623
1781867854.66802,23.958858966827393,spinning_top,nonsocial_movie,non_social,677,1,0.4211630627977175,0.41055655058745955,0.4158598066925885,1,0,0.4372369796037674,0.7478471577167511,-0.03987413735965643,0.2614792942386306,10.408188339755082,0.4340059161186218,0.7914529144763947,0.0009907902752031954,0.00027313120053422835,0.007495988194427716,0.13627263337512147
1781867854.703361,23.994199991226196,spinning_top,nonsocial_movie,non_social,678,1,0.4115180895464333,0.412002784493889,0.4117604370201612,1,0,0.4369267463684082,0.7480544328689576,-0.040469810959796314,0.2588360043194895,10.431356171635905,0.4340977668762207,0.7926153838634491,0.0011660924652488844,0.00017530219004568905,0.006843809652550208,0.1362669043313333
1781867854.7369149,24.027753829956055,spinning_top,nonsocial_movie,non_social,679,1,0.418213192599732,0.42007525289539155,0.4191442227475618,1,0,0.43690272867679597,0.7482068479061127,-0.041066327853265604,0.25664574083514285,9.960268471282275,0.4341070204973221,0.7940209209918976,0.0014055675896059586,0.00023947512435707418,0.0027598719698782447,0.13306725369046382
1781867854.772129,24.062968015670776,spinning_top,nonsocial_movie,non_social,680,1,0.4088774139380253,0.4058595889352234,0.40736850143662434,1,0,0.4370765596628189,0.747917765378952,-0.03105413156433935,0.2579572930630819,9.943953353436415,0.4323864281177521,0.7940061986446381,0.0017206553647210153,0.0003150877751150567,0.005861160075915787,0.13263367088707015
1781867854.805582,24.096421003341675,spinning_top,nonsocial_movie,non_social,681,1,0.38272408644743816,0.4198854846453776,0.4013047855464079,1,0,0.43629529774188996,0.7480239391326904,-0.030158010222713763,0.2571373569379495,10.725835441561452,0.43236231803894043,0.79340860247612,0.0005980823325661584,0.0011225730321548569,0.011775148818555651,0.13381420226853138
1781867854.839531,24.130369901657104,spinning_top,nonsocial_movie,non_social,682,1,0.39754474965290687,0.41807867976732793,0.4078117147101174,1,0,0.43656158447265625,0.7484098374843597,-0.03673714479020492,0.260865370091152,10.228286023752785,0.43322330713272095,0.7917506694793701,0.0018681659565790796,0.0012700836240129212,0.005105633675755653,0.13325716841744356
1781867854.8751638,24.16600275039673,spinning_top,nonsocial_movie,non_social,683,1,0.40940449855913386,0.4185357951243558,0.4139701468417448,1,0,0.4369253844022751,0.7483690261840821,-0.0338331457383793,0.2577860092611255,10.021670729897695,0.4327151030302048,0.793064683675766,0.0014088664656894084,0.0004592994908896712,0.008152172976221188,0.13315366866550574
1781867854.910084,24.200922966003418,spinning_top,nonsocial_movie,non_social,684,1,0.4050849275007657,0.420011198604828,0.41254806305279684,1,0,0.43696742355823515,0.7485756874084473,-0.03562738453348189,0.2546428567042049,10.7442299951482,0.4334139823913574,0.7939629256725311,0.0011380997523054623,0.0002707667133839461,0.014905802010148482,0.13496125674342513
1781867854.9429429,24.233781814575195,spinning_top,nonsocial_movie,non_social,685,1,0.39579131322379196,0.41652092661513407,0.406156119919463,1,0,0.43750382363796236,0.7487889528274536,-0.03427201269859949,0.25825602324438746,10.265635782022287,0.43327726423740387,0.7940155863761902,0.00014650939673049746,0.000991590355574965,0.017342687189441937,0.13509558547585454
1781867854.978261,24.269099950790405,spinning_top,nonsocial_movie,non_social,686,1,0.4102110931776465,0.42913536484280224,0.41967322901022436,1,0,0.43730576932430265,0.7491292834281922,-0.03216317231322609,0.2601763018444734,10.364449123968601,0.4327280819416046,0.7937483787536621,0.000610738166120677,0.0004642287693901795,0.0069356936344877875,0.13399584877055828
1781867855.010954,24.301792860031128,spinning_top,nonsocial_movie,non_social,687,1,0.3950507664350635,0.4321114738874733,0.41358112016126836,1,0,0.4369934141635895,0.748957347869873,-0.03208259240279441,0.26077747355780145,11.036184143895714,0.4328598231077194,0.7940183877944946,0.00030043404763872286,0.00031030411848195414,0.012986041731585381,0.1336964902496082
1781867855.0471869,24.33802580833435,spinning_top,nonsocial_movie,non_social,688,1,0.40379834259498165,0.4322196223741762,0.41800898248457896,1,0,0.4369020402431488,0.7501322686672212,-0.02699683530627288,0.258090131986028,10.4621530594887,0.43261025846004486,0.7951568365097046,0.0011654818705291552,0.0008650478228904323,0.003520370642840449,0.13394866020406226
1781867855.082887,24.37372589111328,spinning_top,nonsocial_movie,non_social,689,1,0.38739595620007494,0.3951992246475784,0.39129759042382667,1,0,0.43600188195705414,0.7513938784599304,-0.03759384293551436,0.26187334241736127,9.736037008761818,0.4333842247724533,0.79488405585289,0.0008206297212965914,0.0003448521492325638,0.009218045695411858,0.13741572921679382
1781867855.11708,24.40791893005371,spinning_top,nonsocial_movie,non_social,690,1,0.3464197503879951,0.37073445112383324,0.3585771007559142,1,0,0.43557417690753936,0.7534956157207489,-0.031008214339856087,0.25882456560860007,10.050787295976818,0.4315612018108368,0.7988071143627167,0.004325945074790528,0.003505315353493937,0.00030579826004872065,0.14557048761006264
1781867855.1505558,24.441394805908203,spinning_top,nonsocial_movie,non_social,691,1,0.3341815050946311,0.36796833026088477,0.35107491767775795,1,0,0.43439852893352504,0.7544452607631683,-0.03205976878554497,0.261512818037243,9.917838563080467,0.4305729568004608,0.7982985377311707,0.0011114307853787885,0.0032145142894117397,0.0008005745845260576,0.14572338475225038
1781867855.183912,24.474750995635986,spinning_top,nonsocial_movie,non_social,692,1,0.3311813724900993,0.3426459043332742,0.33691363841168676,1,0,0.43415838181972505,0.7552749574184419,-0.03697487949092594,0.2659345315494355,9.48665893892997,0.4304431974887848,0.7957077622413635,0.002594022960105019,0.0014825921747262305,0.000766826048660141,0.1480841934854955
1781867855.219168,24.51000690460205,spinning_top,nonsocial_movie,non_social,693,1,0.3451574872990108,0.34133344061681586,0.34324546395791333,1,0,0.4338750958442688,0.7547411501407624,-0.03320528531543422,0.2648708688808704,10.098867736539297,0.429484561085701,0.7968600392341614,0.001498908276529524,0.001095114683575495,0.002074259799382845,0.14830308982375145
1781867855.2534668,24.5443058013916,spinning_top,nonsocial_movie,non_social,694,1,0.3395233090808683,0.3581837228099458,0.34885351594540703,1,0,0.4335358202457428,0.7547849774360658,-0.0384483298217933,0.26603390674723626,9.25426179356443,0.43040356040000916,0.7954639494419098,0.0016714145050608959,0.00017250622853137178,0.002692897328170875,0.14765015430200834
1781867855.290186,24.581024885177612,spinning_top,nonsocial_movie,non_social,695,1,0.35584790063987753,0.38126112150428715,0.36855451107208237,1,0,0.43352057635784147,0.7541961669921875,-0.03524797671892348,0.26841343191186906,9.69165431179241,0.430633544921875,0.7954401075839996,0.0002312170289716337,0.0014401974760892622,0.0023829964010064117,0.1474423574713222
1781867855.323781,24.614619970321655,spinning_top,nonsocial_movie,non_social,696,1,0.3483738018861576,0.36493254001257386,0.3566531709493657,1,0,0.4340251535177231,0.7545762598514557,-0.036000008531571516,0.26745708771402793,9.520792802512943,0.4302482306957245,0.7973513305187225,0.001949676937106449,0.0017184599081348155,0.0015125434196196792,0.14697857247116897
1781867855.356488,24.647326946258545,spinning_top,nonsocial_movie,non_social,697,1,0.3426498215926826,0.3781967839247749,0.36042330275872875,1,0,0.43388187885284424,0.7547346770763397,-0.03933562738316093,0.263405699315518,8.461855519540643,0.4308907985687256,0.7968994677066803,0.0007855402423299989,0.0011641366947764502,0.001847036485584536,0.147605722762809
1781867855.390553,24.681391954421997,spinning_top,nonsocial_movie,non_social,698,1,0.3424111129796819,0.3761600146903661,0.35928556383502397,1,0,0.43408131003379824,0.7549700677394867,-0.03878597117092841,0.26668178691013067,8.55223680399521,0.43068866431713104,0.7955576777458191,0.0013569298267543546,0.0005713895844243558,0.012559559781688587,0.14821795310513197
1781867855.424703,24.71554183959961,spinning_top,nonsocial_movie,non_social,699,1,0.34833765304094366,0.3709838296817784,0.35966074136136106,1,0,0.4341017663478851,0.7542724370956421,-0.03931953172095798,0.2676569971950575,9.994289959045467,0.43167874217033386,0.797080785036087,0.0018166204812976388,0.00045969065454328417,0.0034787684824090902,0.14719086564606723
1781867855.459313,24.750151872634888,spinning_top,nonsocial_movie,non_social,700,1,0.37215140334670344,0.386429025939713,0.3792902146432082,1,0,0.4339172065258026,0.7532171189785004,-0.03779009847709394,0.2672193954647319,10.240580216740128,0.4313029944896698,0.7971644997596741,0.0003849603544128618,0.001431660126884777,0.0011646635595063924,0.14272937783520803
1781867855.493958,24.784796953201294,spinning_top,nonsocial_movie,non_social,701,1,0.36230505163395554,0.3818248086966526,0.37206493016530406,1,0,0.4337907761335373,0.7527637183666229,-0.03371783170281206,0.26760699624820206,10.64040158645388,0.43121376633644104,0.7968325316905975,0.00034375058140317407,4.120977300968773e-05,0.0010451921107615982,0.14262613532381832
1781867855.5304499,24.82128882408142,spinning_top,nonsocial_movie,non_social,702,1,0.3995132813927713,0.40456571489646775,0.40203949814461953,1,0,0.433841148018837,0.7526553928852081,-0.03778876250071671,0.2654365337830759,10.095145181382966,0.4315725117921829,0.7961475551128387,0.0007732342556389967,0.0004294836742358226,0.0011636796754101125,0.14134326067398065
1781867855.5633762,24.854215145111084,spinning_top,nonsocial_movie,non_social,703,1,0.38144382664395116,0.37791142427389995,0.3796776254589256,1,0,0.43380329310894017,0.7530471980571747,-0.04006385183395646,0.26363481971138814,10.103194990819826,0.4318751394748688,0.7963529825210571,0.00036576486213841164,0.000407469393500585,0.0011325634621258635,0.14179297838824836
1781867855.598711,24.88954997062683,spinning_top,nonsocial_movie,non_social,704,1,0.3825948246694095,0.3851455210333327,0.3838701728513711,1,0,0.434122908115387,0.7535518109798431,-0.036799195716000384,0.261500582258827,10.488687119261884,0.43152040243148804,0.7972300052642822,0.0009460482345422895,0.0005802833724038778,0.0015615653171010399,0.14293435561030293
1781867855.632083,24.922921895980835,spinning_top,nonsocial_movie,non_social,705,1,0.380064715239973,0.3940574151755941,0.38706106520778355,1,0,0.43446083962917326,0.753279173374176,-0.037727060652930695,0.26036466251272133,9.992891280126297,0.43156619369983673,0.7974309921264648,0.00020613723348050553,0.0007399110010617839,0.0030939084178122304,0.1410280386180813
1781867855.6671202,24.957959175109863,spinning_top,nonsocial_movie,non_social,706,1,0.37111508599031884,0.3797767269285522,0.37544590645943554,1,0,0.43413400650024414,0.7535888493061066,-0.03416164678652327,0.2591234880163867,9.69313850063418,0.43167953193187714,0.7981801331043243,0.0007576659947168859,0.0005515287612363804,0.014010988693536983,0.14072557448669884
1781867855.700372,24.9912109375,spinning_top,nonsocial_movie,non_social,707,1,0.36930810537665115,0.38507435913913424,0.3771912322578927,1,0,0.43452198505401607,0.7529118955135345,-0.03178784351861947,0.26325406818271047,10.69385643930909,0.43156179785728455,0.7958207130432129,0.0023623556754001573,0.0016046896806832713,0.000980665546989908,0.14036613678395093
1781867855.735701,25.02654004096985,spinning_top,nonsocial_movie,non_social,708,1,0.37249048979839583,0.38402466660186996,0.3782575782001329,1,0,0.434833574295044,0.7532869577407837,-0.031583013782697844,0.26807114179763303,10.045592052988413,0.43253375589847565,0.794680655002594,0.0014981437747478843,0.000864211900652273,0.000866027656474857,0.14088111191117283
1781867855.769345,25.060184001922607,spinning_top,nonsocial_movie,non_social,709,1,0.3865514146183482,0.4040145861483004,0.3952830003833243,1,0,0.4352801263332367,0.75278097987175,-0.03186183175913834,0.2640732578510969,10.180464192569735,0.4323026090860367,0.7966357171535492,0.001968678963924354,0.00047053518917646985,0.0006301706906402347,0.1392225660626856
1781867855.804561,25.095399856567383,spinning_top,nonsocial_movie,non_social,710,1,0.3752810417320673,0.3977138824022134,0.3864974620671403,1,0,0.4353667587041855,0.7530971944332123,-0.025460937920661383,0.2606616601648862,10.018734263794762,0.4317650943994522,0.7976000607013702,0.0011040292190508745,0.0008646497448734796,0.0006484911658952101,0.14028009200629282
1781867855.838024,25.128862857818604,spinning_top,nonsocial_movie,non_social,711,1,0.34984749517539715,0.3853796343258207,0.3676135647506089,1,0,0.4352511167526245,0.7522897005081177,-0.030467205535704926,0.26414441504482516,10.852154397473639,0.43292301893234253,0.7966797351837158,0.0014791173997743179,0.00037508818072344336,0.00044274365399568963,0.14196310003745244
1781867855.874742,25.165580987930298,spinning_top,nonsocial_movie,non_social,712,1,0.3623510162226954,0.4068608849273266,0.384605950575011,1,0,0.43609439432621,0.7527349352836609,-0.02403668683086279,0.25850849044365704,10.655299420664916,0.43206535279750824,0.7985036671161652,0.0020155195094689548,0.0005364021096946369,0.00041777475529863395,0.14001836050280222
1781867855.908106,25.19894504547119,spinning_top,nonsocial_movie,non_social,713,1,0.37193109179779343,0.3896825164936754,0.3808068041457344,1,0,0.4360311955213547,0.7517820537090302,-0.031847087793191044,0.2603498495767238,11.140561312035217,0.4334779977798462,0.7964504659175873,0.002492228121173148,0.0004767086117041931,0.0003150506261412537,0.1378759255172862
1781867855.9427252,25.233564138412476,spinning_top,nonsocial_movie,non_social,714,1,0.38022810313473526,0.3782453693824465,0.3792367362585909,1,0,0.436031636595726,0.7512649357318878,-0.02913765150512555,0.2680660505231879,10.921605154510644,0.4334002733230591,0.7926923036575317,0.003758965903554943,0.0012667377823817952,0.00046468789578356086,0.1379084491254564
1781867855.977925,25.26876401901245,spinning_top,nonsocial_movie,non_social,715,1,0.3822672305723113,0.3822178504605452,0.38224254051642825,1,0,0.43677920401096343,0.7502868354320527,-0.027382509499772632,0.2597363727981782,10.924943994835711,0.4331175982952118,0.7967279255390167,0.004045509750536869,0.0002865438469819258,0.0001977107188905864,0.13351013187681726
1781867856.011724,25.302562952041626,spinning_top,nonsocial_movie,non_social,716,1,0.3743315491186063,0.3907385925152346,0.3825350708169204,1,0,0.4365193873643875,0.7501167118549348,-0.03106399746973774,0.26371089240897516,11.039113411787904,0.43320925533771515,0.7942136526107788,0.002515943038129147,0.0015295667124077218,0.0002451777213295383,0.13573997987985656
1781867856.0447721,25.33561110496521,spinning_top,nonsocial_movie,non_social,717,1,0.3762118198726529,0.3837398998600304,0.37997585986634164,1,0,0.43691347837448125,0.7498688638210296,-0.03282846973478215,0.2614574922886905,10.582704315592247,0.43339531123638153,0.7940355539321899,0.00025755763771174707,0.0022583854004174,0.005853241530811171,0.13644220323133363
1781867856.082571,25.37340998649597,spinning_top,nonsocial_movie,non_social,718,1,0.37309039606560446,0.4050527101426581,0.3890715531041313,1,0,0.4368520319461823,0.7495850861072539,-0.027666242005641394,0.26251628603653376,10.851650141287257,0.4328705072402954,0.7959535717964172,0.001988519992809475,0.001730962355097728,0.014634050704970375,0.13534103368189968
1781867856.114003,25.404841899871826,spinning_top,nonsocial_movie,non_social,719,1,0.3791502531137092,0.3985807008923243,0.38886547700301677,1,0,0.43671111166477206,0.7496250391006469,-0.027707800966850014,0.26363888785090944,10.854670857838908,0.4329184889793396,0.7952798008918762,0.0006754772232190535,0.0013130427695904215,0.006724200977906194,0.13641042257142622
1781867856.148962,25.43980097770691,spinning_top,nonsocial_movie,non_social,720,1,0.36286722690149326,0.3696581102623352,0.36626266858191425,1,0,0.43691173791885374,0.7498352229595184,-0.028973054110116536,0.26043327241740327,10.698754066945376,0.43353721499443054,0.7954764664173126,0.000649229705609265,2.624751760978855e-05,0.00924325348849058,0.1402910219836538
1781867856.1826591,25.473498106002808,spinning_top,nonsocial_movie,non_social,721,1,0.2598928785871515,0.24067483031967654,0.250283854453414,1,0,0.43625385165214536,0.7542845964431762,-0.02043289624144022,0.251450681104586,11.435643300381395,0.43194693326950073,0.7985314428806305,0.0034441075993748944,0.0027948778937656295,0.014036118242156332,0.15687565365911374
1781867856.218204,25.509042978286743,spinning_top,nonsocial_movie,non_social,722,1,0.17044450266248004,0.17365131909831016,0.17204791088039512,0,1,0.4343911230564117,0.7569686591625213,-0.026338707929345017,0.25968674879270925,9.476919903619942,0.4327920973300934,0.7973281145095825,0.0014704766090919055,0.001973630990282989,0.017308319307963355,0.16675727943898586
1781867856.251633,25.542471885681152,spinning_top,nonsocial_movie,non_social,723,1,0.2247367798815449,0.20721541668614785,0.21597609828384637,1,0,0.4366214036941528,0.7563671112060546,-0.029190025435724423,0.2613891709118364,9.307164725709862,0.4337524175643921,0.7983317077159882,0.0013890335763929807,8.144303269892478e-05,0.0014904761852084954,0.16022150368917185
1781867856.2865438,25.577382802963257,spinning_top,nonsocial_movie,non_social,724,1,0.30232361207094516,0.32858940103742196,0.31545650655418356,1,0,0.43583996295928956,0.7537383735179901,-0.026350749093203226,0.2719759198210967,9.875296296119219,0.4335038512945175,0.7930848896503448,0.005252702638116912,0.0038636690617239317,0.0013951952248891803,0.15210661929116392
1781867856.3221178,25.612956762313843,spinning_top,nonsocial_movie,non_social,725,1,0.3522662608114508,0.33294857212967366,0.34260741647056225,1,0,0.4362526416778565,0.7530141711235047,-0.02874397352523672,0.269605902084644,9.882758301260507,0.43418294191360474,0.7951183915138245,0.0021438968953070778,0.0031088057428098346,0.0009352699807611941,0.14880622276304892
1781867856.3556259,25.646464824676514,spinning_top,nonsocial_movie,non_social,726,1,0.35853950997120176,0.35771238585588716,0.35812594791354446,1,0,0.43710141181945805,0.7521530449390411,-0.030383932372374998,0.26771510302353485,10.048362023708478,0.43408140540122986,0.7942903935909271,0.0008342003498366332,0.0013096965454704446,0.0013228862288589584,0.14225748914921665
1781867856.3898602,25.680699110031128,spinning_top,nonsocial_movie,non_social,727,1,0.33959058883668586,0.3885995157480783,0.36409505229238204,1,0,0.43730315864086156,0.7514879405498505,-0.024119564757842334,0.26428173839325064,10.65713152448987,0.4328475892543793,0.7958260774612427,0.0019699307687775676,0.0011357304189409344,0.0014789305498709578,0.14034607859175946
1781867856.425407,25.716245889663696,spinning_top,nonsocial_movie,non_social,728,1,0.36204262946610566,0.3909280650969716,0.3764853472815386,1,0,0.4374818682670593,0.7519445896148682,-0.026115841364758804,0.26826637344158377,11.388682655923521,0.43344810605049133,0.7930484414100647,0.0028418097148148903,0.0008718789460373227,0.001401519355507733,0.1401273917348429
1781867856.459263,25.750102043151855,spinning_top,nonsocial_movie,non_social,729,1,0.3724745244281813,0.4107463149728626,0.39161041970052196,1,0,0.4379906505346298,0.7516371726989746,-0.028118906380750472,0.2671946312601575,11.483758271308224,0.4341888874769211,0.7947049736976624,0.0018146229199469562,0.001027186794867934,0.0009004174176130039,0.13712702189010564
1781867856.49358,25.784419059753418,spinning_top,nonsocial_movie,non_social,730,1,0.37513824278846375,0.41486626522550446,0.3950022540069841,1,0,0.4385149866342545,0.7519701421260834,-0.031578163068918946,0.26909745403794155,10.962066473581915,0.43446534872055054,0.7939043343067169,0.0008470267136062602,0.000967596206340696,0.001325899767173728,0.13762835462974146
1781867856.527838,25.818676948547363,spinning_top,nonsocial_movie,non_social,731,1,0.3803507858183783,0.40286648687259186,0.39160863634548504,1,0,0.43865761160850525,0.7520439147949218,-0.037099008290827816,0.26061457023424667,10.598614183608962,0.43509964644908905,0.796250194311142,0.0024301013906399475,0.0015830746770336872,0.0009670399132351837,0.13612224562201639
1781867856.561822,25.85266089439392,spinning_top,nonsocial_movie,non_social,732,1,0.4089295248684108,0.40373224383078327,0.406330884349597,1,0,0.43870334327220917,0.7519882619380951,-0.0362004141973548,0.2678710577079739,11.00191614882414,0.43482908606529236,0.7925698757171631,0.0036902503809994936,0.001260148990359546,0.0005081310422057317,0.13422340026264687
1781867856.595592,25.886430978775024,spinning_top,nonsocial_movie,non_social,733,1,0.38928953048634896,0.40528499894677233,0.3972872647165606,1,0,0.43908460438251495,0.7518618524074554,-0.03222760317703376,0.26554974553295535,10.87630968552955,0.4334505647420883,0.7960090935230255,0.0037052044686750264,1.4954087675532815e-05,0.0020942568394390023,0.13433908372139336
1781867856.631003,25.921841859817505,spinning_top,nonsocial_movie,non_social,734,1,0.4134642068284117,0.41587395134992716,0.4146690790891694,1,0,0.43806167840957644,0.7515197455883026,-0.036809324893452344,0.2693615608868688,10.819214297569175,0.4353504478931427,0.7934655249118805,0.003174790901344927,0.0005304135673300995,0.0005015725830332803,0.132874607863824
1781867856.6643531,25.95519208908081,spinning_top,nonsocial_movie,non_social,735,1,0.3927167889433222,0.42959718360401555,0.41115698627366887,1,0,0.4383569896221161,0.7517571687698364,-0.037520360714071256,0.26147108968102206,11.215101023120702,0.4343681186437607,0.7974531948566437,0.00410688231418421,0.0009320914128392831,0.0003133459527860082,0.13343947965586173
1781867856.699255,25.99009394645691,spinning_top,nonsocial_movie,non_social,736,1,0.39291948034489393,0.4246139195236589,0.4087666999342764,1,0,0.43811844289302826,0.7520197570323944,-0.03378085552889848,0.26619106111456803,10.88130530363614,0.4340536594390869,0.7948097288608551,0.002662103878945098,0.001444778435239112,0.005003753101150534,0.13268720996118888
1781867856.7335649,26.0244038105011,spinning_top,nonsocial_movie,non_social,737,1,0.4077442566836929,0.4120881655852871,0.40991621113449,1,0,0.4379422515630722,0.7523511648178101,-0.03688202898107144,0.2659991877389503,11.085226776997017,0.4341830313205719,0.7960694134235382,0.0012663104995146695,0.0013957933794304285,0.01334137146497369,0.13189733160849823
1781867856.768678,26.05951690673828,spinning_top,nonsocial_movie,non_social,738,1,0.40966145749302096,0.427553532151554,0.4186074948222875,1,0,0.4376716613769531,0.7526047170162201,-0.038424401891550386,0.26721742775483037,11.033634417135112,0.4340992718935013,0.7957915663719177,0.0002901975632519916,0.000976112936262678,0.003809813012162047,0.131778733547189
1781867856.802706,26.093544960021973,spinning_top,nonsocial_movie,non_social,739,1,0.4046385758929098,0.4410359520191059,0.42283726395600785,1,0,0.43758274614810944,0.7525480806827545,-0.03833040220872655,0.27074210019919864,11.279520390179654,0.4339408874511719,0.7945641279220581,0.0012376149561821649,0.0009474173929301733,0.0035170689970690505,0.1300384853644303
1781867856.837505,26.12834405899048,spinning_top,nonsocial_movie,non_social,740,1,0.41739175446071675,0.4275856997578722,0.42248872710929447,1,0,0.4372332006692886,0.7527360916137695,-0.04336898250692323,0.2694630921416548,10.67470137685748,0.4347350001335144,0.7936402559280396,0.0012182587629847228,1.935619319744209e-05,0.005208648334669585,0.13123031077128408
1781867856.873683,26.16452193260193,spinning_top,nonsocial_movie,non_social,741,1,0.4191418617336993,0.42663889045098174,0.4228903760923405,1,0,0.4374838531017303,0.7527934432029724,-0.04555886459590445,0.2708989906908172,10.990100897550507,0.4352506250143051,0.793787270784378,0.0005361738390435181,0.0006820849239412047,0.0060562387989607155,0.13104419128575284
1781867856.906013,26.19685196876526,spinning_top,nonsocial_movie,non_social,742,1,0.4090606297523554,0.4285922944462172,0.4188264620992863,1,0,0.4377626538276672,0.752419251203537,-0.03708507507833484,0.2731048408506987,10.49912890436792,0.43462297320365906,0.793110191822052,0.0009232457509416408,0.0003870719118981228,0.00423493029953253,0.13317155861303256
1781867856.940196,26.231034994125366,spinning_top,nonsocial_movie,non_social,743,1,0.420240526740148,0.4375399036634072,0.4288902152017776,1,0,0.437428867816925,0.7512784898281097,-0.041886103976391684,0.270993496742529,10.574674309305106,0.4343373775482178,0.7947362065315247,0.0016509054224359383,0.0007276596714942974,0.0024430464597573844,0.1301317345523607
1781867856.977222,26.26806092262268,spinning_top,nonsocial_movie,non_social,744,1,0.41032255615947416,0.42923463398622297,0.41977859507284854,1,0,0.4376849621534348,0.7514875948429107,-0.04440446401943088,0.2727020795819825,10.297595310100185,0.43447358906269073,0.7934075891971588,0.001335581370734266,0.0003153240517016723,0.005189565184614965,0.13131092822367813
1781867857.008966,26.29980492591858,spinning_top,nonsocial_movie,non_social,745,1,0.4132619609511775,0.43826108272297304,0.4257615218370753,1,0,0.4379835367202759,0.7514509677886962,-0.034995328059252276,0.27258805621166604,10.689029240433241,0.43355078995227814,0.7929795980453491,0.0010172190640199725,0.0003183623067142935,0.004500251494008875,0.13220796199090826
1781867857.042797,26.333636045455933,spinning_top,nonsocial_movie,non_social,746,1,0.42017980506559355,0.421895130608055,0.4210374678368243,1,0,0.43760270774364474,0.7513294696807862,-0.03420141042528795,0.2720766814548609,10.553476510706739,0.43332430720329285,0.7932372391223907,0.00034303550860968193,0.0006741835554102905,0.005693685019480211,0.13240587549000218
1781867857.081887,26.37272596359253,spinning_top,nonsocial_movie,non_social,747,1,0.39984540629666776,0.43396006775822266,0.4169027370274452,1,0,0.43756591975688935,0.751796954870224,-0.03384559370457484,0.27202742547715814,10.925860155020995,0.43311822414398193,0.7936210632324219,0.0004356502895398243,9.261478093014236e-05,0.004262839902801809,0.13473594087442178
1781867857.111673,26.402512073516846,spinning_top,nonsocial_movie,non_social,748,1,0.40698670166885537,0.4303134685124335,0.41865008509064444,1,0,0.43743228614330293,0.7518196702003479,-0.04012598896350685,0.2676339589031739,10.71611791035447,0.43401938676834106,0.7961606383323669,0.0026947236896948897,0.0022590734001550657,0.0016396359337761803,0.13316050832979026
1781867857.146639,26.437478065490723,spinning_top,nonsocial_movie,non_social,749,1,0.4035209792993859,0.42155967252204096,0.41254032591071343,1,0,0.43716561794281006,0.7523148775100708,-0.0384938767577168,0.2777088095075371,10.87595712518356,0.4349498301744461,0.7898082435131073,0.006420174831865649,0.0037254511421707594,0.002620444335231328,0.1337370362092229
1781867857.182615,26.473453998565674,spinning_top,nonsocial_movie,non_social,750,1,0.38585034229264703,0.3789018191427733,0.3823760807177102,1,0,0.4376422792673111,0.754658681154251,-0.03934910716482359,0.27452168543733163,11.01569243409402,0.43388549983501434,0.7950341701507568,0.005333208067714021,0.0010869667641516282,0.0013444893675845814,0.13914637848571798
1781867857.215762,26.506600856781006,spinning_top,nonsocial_movie,non_social,751,1,0.2567343957017999,0.235823997258876,0.24627919648033797,1,0,0.43406401574611664,0.761677747964859,-0.028476173712832356,0.26338363937111336,10.497731021744036,0.4333460032939911,0.7962833344936371,0.00136068661832896,0.003972521449385061,0.0009249110559298478,0.161771056147521
1781867857.250506,26.54134488105774,spinning_top,nonsocial_movie,non_social,752,1,0.1309347709507127,0.11046259841921706,0.12069868468496489,0,1,0.43353060483932493,0.7653491377830506,-0.037436508882517455,0.27107462605827604,8.983763416368342,0.43484899401664734,0.7980883419513702,0.002348836527913993,0.000988149909585033,0.0007639173065951709,0.17318829652042017
1781867857.284985,26.57582402229309,spinning_top,nonsocial_movie,non_social,753,1,0.1885129782892181,0.15473548524995387,0.17162423176958597,0,1,0.4348575353622437,0.7656276524066925,-0.04174339121480718,0.2916948571171008,8.669201000106252,0.4357120990753174,0.793920636177063,0.004256139302642222,0.001907302774728229,0.036342748648007864,0.16446384725820995
1781867857.320472,26.611310958862305,spinning_top,nonsocial_movie,non_social,754,1,0.2672153606462186,0.3055866540047178,0.2864010073254682,1,0,0.43657459914684293,0.7598339736461639,-0.031418444831213345,0.2938991542930558,8.509630749626625,0.4360768496990204,0.7866768538951874,0.007252959724464679,0.002996820421822457,0.0088988305118284,0.14958770824024514
1781867857.353447,26.644285917282104,spinning_top,nonsocial_movie,non_social,755,1,0.26555436590231063,0.3657448261379798,0.3156495960201452,1,0,0.4414174497127533,0.7458664119243621,-0.021439408256857605,0.29709034438270226,8.542305235564857,0.4409382790327072,0.7773311138153076,0.010534531446965343,0.003281571722500664,0.0019336797268661586,0.14480438637583087
1781867857.3881228,26.678961753845215,spinning_top,nonsocial_movie,non_social,756,1,0.38316175066581687,0.3963021850586428,0.38973196786222986,1,0,0.4480201452970505,0.7244085013866424,0.009292336390346214,0.2855834800492283,8.467640633668777,0.4434825927019119,0.7577379047870636,0.01975771677273882,0.009223185325773476,0.0016636109267950563,0.14016893789755366
1781867857.4225438,26.713382720947266,spinning_top,nonsocial_movie,non_social,757,1,0.35370020719592515,0.3881599787763168,0.370930092986121,1,0,0.4516418844461441,0.699902617931366,0.03361786384708494,0.25743506529498383,7.180668593223615,0.44591909646987915,0.7442300319671631,0.013725858032557582,0.006031858740181237,0.0013004516565557251,0.13701868763193278
1781867857.457246,26.748085021972656,spinning_top,nonsocial_movie,non_social,758,1,0.4027757585344602,0.34356685038160817,0.37317130445803415,1,0,0.4578225702047348,0.675262701511383,0.06198311242784454,0.2360092208447544,6.69414985870373,0.45038333535194397,0.7242578566074371,0.020465024246156753,0.006739166213599171,0.002744048415355282,0.1325712108153584
1781867857.490103,26.7809419631958,spinning_top,nonsocial_movie,non_social,759,1,0.4092632160039969,0.38373726374199274,0.3965002398729948,1,0,0.4632146775722503,0.6532325267791748,0.048092175701694245,0.23902268921985811,7.265603434862002,0.4576396644115448,0.7024452388286591,0.022987923041986043,0.0025228987958292905,0.0015411429797150677,0.1328800675103549
1781867857.527176,26.8180148601532,spinning_top,nonsocial_movie,non_social,760,1,0.4230184121538361,0.41784247519027484,0.4204304436720555,1,0,0.4678086847066879,0.6353549420833587,0.02831061346262086,0.23253952841056816,6.097005072944775,0.46441495418548584,0.6884847581386566,0.015517718022209357,0.007470205019776686,0.0009154779096141695,0.13440269846739886
1781867857.5598059,26.850644826889038,spinning_top,nonsocial_movie,non_social,761,1,0.36783491893501613,0.3932640783298401,0.38054949863242815,1,0,0.4730955302715302,0.6212687134742737,0.034222861357493785,0.21768406133609802,5.9304319545600395,0.4701111167669296,0.6814733445644379,0.009033614363198115,0.006484103659011243,0.001121918007686449,0.1416683701492223
1781867857.594632,26.885470867156982,spinning_top,nonsocial_movie,non_social,762,1,0.36694060780130194,0.37651062702298993,0.37172561741214594,1,0,0.4780998080968857,0.6086508870124816,-0.011852522018426355,0.2106840701272085,5.69508713834095,0.4775063097476959,0.6715908646583557,0.012343106915071773,0.0033094925518736586,0.0033940416158323304,0.1370533931042852
1781867857.627546,26.91838502883911,spinning_top,nonsocial_movie,non_social,763,1,0.3801051462546225,0.3923928120550295,0.38624897915482603,1,0,0.4837524503469467,0.6029020369052887,-0.018544792285160136,0.2255157573615378,5.582208406265291,0.4832535684108734,0.6601992249488831,0.012759327467069061,0.0004162205519972883,0.0052262354529072855,0.13453298735154684
1781867857.665249,26.956088066101074,spinning_top,nonsocial_movie,non_social,764,1,0.3903150241927453,0.37028498304483914,0.38030000361879224,1,0,0.48871239423751833,0.6004330754280089,-0.012697637816899,0.22612608068250958,4.723297302766568,0.4898226410150528,0.6546619236469269,0.00859153191157582,0.004167795555493242,0.006176973679695685,0.13389410119213263
1781867857.69774,26.988579034805298,spinning_top,nonsocial_movie,non_social,765,1,0.358088229711865,0.3550045587321942,0.3565463942220296,1,0,0.4948388487100601,0.5997759521007537,-0.007498047013168177,0.229295673041462,4.379545067427701,0.4943900853395462,0.6505554020404816,0.006142073539249529,0.0024494583723262903,0.013726716856525547,0.13311413903450148
1781867857.732651,27.023489952087402,spinning_top,nonsocial_movie,non_social,766,1,0.3693637422881651,0.3314861656447391,0.3504249539664521,1,0,0.5000226825475693,0.6008155107498169,0.0007888068358337494,0.2328594374428414,5.693609072324967,0.5003070682287216,0.6479118764400482,0.006480656919706608,0.000338583380457079,0.009028087575889888,0.13315336744205036
1781867857.766262,27.057101011276245,spinning_top,nonsocial_movie,non_social,767,1,0.3707826777573768,0.3404003077298532,0.355591492743615,1,0,0.5059711664915085,0.6020140707492828,0.0227512292165761,0.22934031343036063,5.0612525369904295,0.5042272806167603,0.6471229493618011,0.003998808710369007,0.002481848209337601,0.01295433638716538,0.13590130245954135
1781867857.799938,27.090776920318604,spinning_top,nonsocial_movie,non_social,768,1,0.37089629580388217,0.32000565861759095,0.3454509772107366,1,0,0.5112769067287445,0.6053161084651948,0.016330226893914897,0.21680333636307905,4.208590959084965,0.51148721575737,0.6552452743053436,0.010893980940609017,0.00689517223024001,0.0031691303350154026,0.13336472006966638
1781867857.834456,27.12529492378235,spinning_top,nonsocial_movie,non_social,769,1,0.3846449702343488,0.363286756718124,0.3739658634762364,1,0,0.5156784504652023,0.610017079114914,0.02257734541147458,0.22513749859757695,3.520984515491505,0.5147065818309784,0.656930148601532,0.003633609680449588,0.0072603712601594286,0.001579586984100619,0.13408298904142177
1781867857.8745248,27.165363788604736,spinning_top,nonsocial_movie,non_social,770,1,0.41009269879598503,0.3812441441171989,0.395668421456592,1,0,0.5191123753786087,0.615274840593338,0.000783658379199578,0.23139626971141425,3.2981285032361956,0.5189386755228043,0.6590427458286285,0.00473008288091534,0.0010964732004657518,0.0021533830445143805,0.12927000869057778
1781867857.9028869,27.19372582435608,spinning_top,nonsocial_movie,non_social,771,1,0.3766900195307812,0.377226583022557,0.37695830127666907,1,0,0.5229761719703674,0.6199580550193786,0.005916323208977904,0.2353991365138008,2.0916662683642704,0.5229966938495636,0.6603744328022003,0.0042709370091228716,0.0004591458717924683,0.002004407325965925,0.12875198475955935
1781867857.938852,27.22969102859497,spinning_top,nonsocial_movie,non_social,772,1,0.4055871007787587,0.4212183694704649,0.4134027351246118,1,0,0.5260580211877823,0.6235827028751373,-0.0007174709124118575,0.2523488788142876,2.1944917132306574,0.5261648148298264,0.6599080562591553,0.0032022644527714595,0.001068672556351412,0.0011850104987390447,0.12693941245554835
1781867857.973886,27.26472496986389,spinning_top,nonsocial_movie,non_social,773,1,0.39907157512407987,0.4578614730715442,0.42846652409781205,1,0,0.5285893261432648,0.6275487840175629,-0.004168555203960333,0.2635687493980572,2.8187915149679834,0.5289698541164398,0.6570045948028564,0.00403711949633125,0.0008348550435597906,0.0013602380424621843,0.12613097499671025
1781867858.007941,27.29877996444702,spinning_top,nonsocial_movie,non_social,774,1,0.43999412531205556,0.42667371992989245,0.43333392262097403,1,0,0.5299093872308731,0.6288804411888123,-0.012581283360260456,0.2691821309953664,1.3624031791586269,0.5309257358312607,0.6560979783535004,0.0021557891057832207,0.0018813303905480293,0.0006027228222501919,0.12793515379126869
1781867858.042006,27.332844972610474,spinning_top,nonsocial_movie,non_social,775,1,0.43214142586407767,0.41534367780380266,0.42374255183394016,1,0,0.5330432385206223,0.626744294166565,-0.02561212078785795,0.2819913747646797,0.7493795618872052,0.5350385159254074,0.6555839478969574,0.004144778330992304,0.001988989225209083,0.00026525363695075436,0.12900677700273075
1781867858.077864,27.36870288848877,spinning_top,nonsocial_movie,non_social,776,1,0.41184946985160165,0.4126167611587059,0.41223311550515374,1,0,0.5335967183113098,0.6248961865901947,-0.030473795852472674,0.2861364080082783,-1.4494551395144224,0.5365864485502243,0.6507583558559418,0.0050677839296171525,0.0009230055986248487,0.0008343325500417562,0.13147046243733262
1781867858.1110048,27.401843786239624,spinning_top,nonsocial_movie,non_social,777,1,0.4161719475893187,0.4098774584867512,0.41302470303803496,1,0,0.5371664494276047,0.6231017589569092,-0.005684596909232297,0.29971556360077994,-1.5993299610134677,0.537736713886261,0.6434684097766876,0.00738013713840878,0.0023123532087916277,0.001893097763397842,0.13464555256413394
1781867858.1453938,27.436232805252075,spinning_top,nonsocial_movie,non_social,778,1,0.3806854455484122,0.42896044323240856,0.4048229443904104,1,0,0.5396726995706558,0.6198283672332764,-0.009879559751500374,0.29649473479235006,-1.2684318786898283,0.5401790887117386,0.645236611366272,0.003015249848608795,0.004364887289799986,0.0013016783550674987,0.13362573489823654
1781867858.180223,27.471061944961548,spinning_top,nonsocial_movie,non_social,779,1,0.41369466869544647,0.45748595154735505,0.43559031012140076,1,0,0.5407923638820649,0.6181038796901703,0.018882603751296988,0.2792347858196561,-2.8817459851465155,0.5393419712781906,0.6452519595623016,0.0008372581230846978,0.002177991725524097,0.0006336625145186094,0.13786487202435835
1781867858.214509,27.505347967147827,spinning_top,nonsocial_movie,non_social,780,1,0.45102491854982907,0.42799754765091286,0.439511233100371,1,0,0.5408613413572312,0.6141654849052429,-0.006277761289107821,0.26511394581264164,-3.5066326698465446,0.5425480306148529,0.6524474322795868,0.007877413540966,0.007040155417881302,0.00878668118315879,0.1333635286452633
1781867858.2489269,27.53976583480835,spinning_top,nonsocial_movie,non_social,781,1,0.42439208111744925,0.4471411397393971,0.4357666104284232,1,0,0.5405270606279373,0.6116953551769256,0.012287771542830107,0.2620621579401216,-3.3401080249728463,0.5423778593540192,0.6503707766532898,0.0020836162910297853,0.005793797249936214,0.008391621946816984,0.13093685185487444
1781867858.2835488,27.574387788772583,spinning_top,nonsocial_movie,non_social,782,1,0.46343538759657077,0.44432412017283873,0.45387975388470475,1,0,0.5403168588876723,0.6086174249649048,0.018108013365778237,0.2570041633587005,-4.926272834681807,0.5410386025905609,0.6510141789913177,0.001485791118242571,0.0005978251727872142,0.002736013965168009,0.12790627962142753
1781867858.3186939,27.609532833099365,spinning_top,nonsocial_movie,non_social,783,1,0.4653923735888662,0.40255688109974214,0.43397462734430414,1,0,0.5394399195909501,0.6082647919654847,0.01797570201097103,0.24982828344397137,-5.354654742744147,0.5407889783382416,0.6512464284896851,0.00034095761736300075,0.0011448335008795703,0.0019025749614842676,0.12776209945705888
1781867858.352158,27.64299702644348,spinning_top,nonsocial_movie,non_social,784,1,0.46173573805152,0.4241081615296564,0.4429219497905882,1,0,0.5375956267118454,0.6085517644882202,0.018532689461262207,0.24547948033043823,-6.9586656065337955,0.5394070744514465,0.6536827981472015,0.002800991870821159,0.0024600342534581584,0.0021809115051361623,0.12691147111135706
1781867858.3868318,27.67767071723938,spinning_top,nonsocial_movie,non_social,785,1,0.456888099452109,0.4194966952469332,0.4381923973495211,1,0,0.5355502128601075,0.6104151129722595,0.015460426653484237,0.24636546679978058,-9.362094697295134,0.5385558903217316,0.6554223001003265,0.001936590165110913,0.0008644017057102462,0.00460530135972532,0.12974146079500945
1781867858.4216802,27.71251916885376,spinning_top,nonsocial_movie,non_social,786,1,0.42984672694062626,0.4233816881308753,0.42661420753575074,1,0,0.5346524059772492,0.6127622306346894,0.017417639726786643,0.23801920631583112,-10.379392898195041,0.5369080752134323,0.659643679857254,0.004531593724434758,0.0025950035593238453,0.002860987057724163,0.12881136572315904
1781867858.4564989,27.747337818145752,spinning_top,nonsocial_movie,non_social,787,1,0.41541298746729144,0.41934933537581903,0.41738116142155524,1,0,0.532590138912201,0.6176610052585602,0.016032629133923153,0.23754661740809244,-12.606161398492361,0.5362417101860046,0.6625360548496246,0.0029681434342480055,0.0015634502901867527,0.002560134912903213,0.1292929308049618
1781867858.489474,27.78031301498413,spinning_top,nonsocial_movie,non_social,788,1,0.44242710630175425,0.43796978777895545,0.4401984470403548,1,0,0.530754029750824,0.6219236612319946,0.014392235727886537,0.23984126091378746,-12.467322628917044,0.535635769367218,0.6677469313144684,0.005245988734998799,0.0022778453007507933,0.00632217748872007,0.12588492062418719
1781867858.524267,27.81510591506958,spinning_top,nonsocial_movie,non_social,789,1,0.45577031643092636,0.42780241354294596,0.44178636498693613,1,0,0.5307283639907837,0.6256539165973664,0.019535184440461643,0.24332946375054457,-13.297644199964155,0.5348455309867859,0.6696615219116211,0.0020712638297941586,0.0031747249052046403,0.0029898945176928754,0.12588629158103876
1781867858.556946,27.847784996032715,spinning_top,nonsocial_movie,non_social,790,1,0.39211423382722704,0.3898896122801111,0.3910019230536691,1,0,0.5308751106262207,0.6275981307029724,0.024671114580014905,0.24320019126267256,-13.36636555927288,0.5346930176019669,0.6738929748535156,0.004234200554061751,0.0021629367242675924,0.009859022825751546,0.12528844250443613
1781867858.59278,27.8836190700531,spinning_top,nonsocial_movie,non_social,791,1,0.4198485709449384,0.42281708972915566,0.42133283033704705,1,0,0.5304506063461304,0.6297500431537628,0.02360807553886858,0.24203482514528615,-12.312694951349345,0.5345282405614853,0.6772637665271759,0.0033748167328445148,0.0008593838212172362,0.0025900533614452584,0.12417417259796372
1781867858.6250381,27.915877103805542,spinning_top,nonsocial_movie,non_social,792,1,0.42879287255906573,0.3972825347802447,0.4130377036696552,1,0,0.5303303271532058,0.6305595338344574,0.02844837084468093,0.24523689247752783,-13.010413922928208,0.5336461961269379,0.6770053505897522,0.0009191197861164007,0.002455696946728114,0.005732905260672829,0.1259271025921347
1781867858.6620748,27.952913761138916,spinning_top,nonsocial_movie,non_social,793,1,0.420808149334344,0.3865276860060609,0.4036679176702025,1,0,0.5299848318099976,0.6316853880882263,0.023274272575681442,0.24386407730381723,-12.189239298427768,0.5333388447761536,0.6791957020759583,0.0022118102282867778,0.0012926904421703771,0.008282769868643083,0.1262481812607751
1781867858.69538,27.98621892929077,spinning_top,nonsocial_movie,non_social,794,1,0.40292170183718334,0.3805292746234112,0.3917254882302973,1,0,0.5299564301967621,0.6320078909397125,0.02681753771089252,0.24552174689497228,-12.108503873055255,0.5328468382358551,0.6784897446632385,0.0008604918966907197,0.0013513183315960581,0.0033067509866908573,0.12621023843549045
1781867858.731804,28.022642850875854,spinning_top,nonsocial_movie,non_social,795,1,0.40733208338957466,0.4066106225749502,0.4069713529822624,1,0,0.5293487578630447,0.6326651930809021,0.028430718860859086,0.24239828366822766,-11.588033740989166,0.5322202146053314,0.6807395815849304,0.002335470691004008,0.0014749787943132884,0.0060763989825311105,0.12768456110307955
1781867858.765722,28.05656099319458,spinning_top,nonsocial_movie,non_social,796,1,0.3895924995838243,0.37287004620318276,0.38123127289350356,1,0,0.5284728944301605,0.6332978188991547,0.026769447334453113,0.24063413905323855,-11.169793227633702,0.5315176248550415,0.6819019913673401,0.0013582447715541333,0.0009772259194498747,0.0026456512600488286,0.1299607405987887
1781867858.799134,28.089972972869873,spinning_top,nonsocial_movie,non_social,797,1,0.3331529088539117,0.2845723329834056,0.3088626209186587,1,0,0.5257808148860932,0.6417786180973053,0.02642239227774002,0.23362910982690643,-13.135762927763157,0.5297472327947617,0.6859602928161621,0.004427651600635809,0.0030694068290816755,0.002724919359203025,0.14963345334076233
1781867858.833986,28.12482500076294,spinning_top,nonsocial_movie,non_social,798,1,0.225232308713161,0.17071829859054238,0.19797530365185168,1,0,0.5231767803430557,0.643338143825531,0.016623666165267316,0.24948327845421744,-13.357648607448072,0.5290550738573074,0.6844279170036316,0.0016814456950869166,0.002746205905548892,0.0039535875800365,0.15673971285650407
1781867858.869844,28.160682916641235,spinning_top,nonsocial_movie,non_social,799,1,0.2846609384631607,0.21226563743289523,0.24846328794802797,1,0,0.5246945470571518,0.6430227816104889,0.018825315478572417,0.25007082002566156,-13.332556280757533,0.5281761288642883,0.6851664185523987,0.001148010818017297,0.0005334348770696196,0.015379908333758735,0.15059354558051954
1781867858.902843,28.193681955337524,spinning_top,nonsocial_movie,non_social,800,1,0.37421900718559903,0.33299549614746543,0.35360725166653223,1,0,0.5231283843517304,0.6407660007476808,0.02132683437314253,0.24867080507876146,-13.720852979859595,0.5267698466777802,0.6877291798591614,0.00292324735585791,0.0017752365378406129,0.0017413552111076064,0.13736021249512836
1781867858.9366431,28.227482080459595,spinning_top,nonsocial_movie,non_social,801,1,0.3737022775859477,0.39883602072480706,0.38626914915537736,1,0,0.5226332694292068,0.6399759292602538,0.022217510661392926,0.25521676157194395,-12.32715678577794,0.525719940662384,0.6862814426422119,0.0017883639703666393,0.0011348833854912706,0.002388467999763334,0.13358321279629445
1781867858.9720771,28.262916088104248,spinning_top,nonsocial_movie,non_social,802,1,0.40510310919279413,0.37537401792943037,0.39023856356111225,1,0,0.521458524465561,0.6386049449443818,0.01891548700990065,0.2564444701512078,-12.028418682907315,0.5248420238494873,0.6843363344669342,0.0021340533601339334,0.0003456893897672941,0.0022381202195107296,0.1323494814484041
1781867859.004937,28.295775890350342,spinning_top,nonsocial_movie,non_social,803,1,0.41881487844478943,0.404778329105426,0.41179660377510774,1,0,0.520106241106987,0.6361879229545593,0.012281857416579445,0.25721604637115475,-12.040534713745224,0.5245781540870667,0.683976024389267,0.0004465989292290146,0.0016874544309049189,0.0018311353937152592,0.1322596599640666
1781867859.0425758,28.333414793014526,spinning_top,nonsocial_movie,non_social,804,1,0.4480749461837488,0.4346171252014321,0.44134603569259045,1,0,0.5191660255193711,0.634482878446579,0.008568727623021884,0.2553903007378815,-12.116953734423772,0.5236220955848694,0.6833371222019196,0.0011498886313991397,0.0007032897021701252,0.0022636121444021672,0.12791960569326286
1781867859.0750341,28.365873098373413,spinning_top,nonsocial_movie,non_social,805,1,0.465931403430762,0.4434978462108613,0.45471462482081165,1,0,0.5187859117984772,0.6343093276023865,-0.0034104102823906374,0.2533238390367941,-11.980957398011645,0.5238633453845978,0.6821735799312592,0.0011882895612949525,3.840092989581276e-05,0.005214990761152718,0.12855255170643892
1781867859.108889,28.399728059768677,spinning_top,nonsocial_movie,non_social,806,1,0.44316601517499976,0.45131068384898904,0.44723834951199437,1,0,0.5179286032915116,0.6348507285118103,0.003377725662400261,0.2567902248074829,-11.270963692735585,0.5224103033542633,0.6807016134262085,0.0020683366587452776,0.0008800470974503251,0.009136239219908613,0.12731906335131346
1781867859.142316,28.433155059814453,spinning_top,nonsocial_movie,non_social,807,1,0.4740899345718477,0.43950499403341287,0.4567974643026303,1,0,0.5176886349916459,0.6353153765201569,-0.003143708526792992,0.25689620172500166,-11.254220870210135,0.5223807692527771,0.6809355616569519,0.00023580508437811193,0.0018325315743671657,0.0076454090028051785,0.12500567040238983
1781867859.179384,28.47022294998169,spinning_top,nonsocial_movie,non_social,808,1,0.4974543641590562,0.4495112845391635,0.4734828243491098,1,0,0.5177665561437607,0.6369401156902312,-0.012524839214118906,0.2590342537764877,-10.970952689969097,0.5230900943279266,0.6812200546264648,0.0007642501631914679,0.000528445078813356,0.005968312287674832,0.12472376154984725
1781867859.21201,28.502848863601685,spinning_top,nonsocial_movie,non_social,809,1,0.4810133676099768,0.4453618143888619,0.46318759099941936,1,0,0.5182064145803451,0.639561116695404,-0.0006184251937917291,0.2586424879169249,-11.252883706116615,0.5224094837903976,0.6828369498252869,0.0017543035050324694,0.0009900533418410015,0.010952246599012295,0.12561503971495158
1781867859.248969,28.53980803489685,spinning_top,nonsocial_movie,non_social,810,1,0.4129765887211504,0.38641212431689814,0.3996943565190243,1,0,0.5193530082702636,0.6408146679401397,0.0023649691037466933,0.26227291441430184,-11.394435971534309,0.5238769054412842,0.6844283044338226,0.002164656044640485,0.0004103525396080155,0.012910010649003741,0.1266786753222508
1781867859.281734,28.572572946548462,spinning_top,nonsocial_movie,non_social,811,1,0.3699185586156654,0.43381423419797777,0.4018663964068216,1,0,0.5209363907575607,0.6420454204082489,0.01572554698061588,0.2593929537140192,-12.177631401655638,0.524693489074707,0.6861244738101959,0.0018824981762861352,0.0002821578683543497,0.007939961264584086,0.12480273033167365
1781867859.317384,28.60822296142578,spinning_top,nonsocial_movie,non_social,812,1,0.39453456251128294,0.4309134421792521,0.4127240023452675,1,0,0.5218182653188705,0.6431929588317871,0.024816299925959517,0.26385181424652127,-12.82633333185955,0.5255580842494965,0.6854981482028961,0.001067618182042921,0.0008148799942432141,0.0028884514054822864,0.12652272531912515
1781867859.349959,28.64079785346985,spinning_top,nonsocial_movie,non_social,813,1,0.40887384516236874,0.42844026799776475,0.41865705658006674,1,0,0.5229119092226029,0.6443606615066528,0.02174752880214653,0.25745543325477926,-14.583686695185085,0.527118057012558,0.6873637437820435,0.002431863870866932,0.0013642456888240111,0.0037426845483188895,0.1264077563176162
1781867859.3841841,28.675023078918457,spinning_top,nonsocial_movie,non_social,814,1,0.3973633632758592,0.4208232244263754,0.40909329385111726,1,0,0.5231784224510193,0.6444337368011475,0.03177372508494285,0.2579501937614334,-13.93495755827715,0.5276186615228653,0.688325434923172,0.0010841838989143573,0.001347679971952575,0.0028857659018191313,0.12926230060878974
1781867859.417953,28.708791971206665,spinning_top,nonsocial_movie,non_social,815,1,0.41050272292868323,0.4431720325702047,0.42683737774944397,1,0,0.523958420753479,0.6445883810520172,0.03191398597935983,0.2548157364170108,-14.329515710090691,0.528019979596138,0.6876662969589233,0.000771698809024078,0.0003124850898902793,0.002356642999540687,0.12831309372306876
1781867859.4531012,28.743940114974976,spinning_top,nonsocial_movie,non_social,816,1,0.4051213706040024,0.4423058640686215,0.42371361733631197,1,0,0.5243892878293991,0.6431020021438598,0.026660585545833792,0.2575580484631296,-14.01970268860095,0.5289097875356674,0.687915563583374,0.0009240627788817317,0.0001523639698576537,0.0016747576772279365,0.12928968260648618
1781867859.488402,28.77924084663391,spinning_top,nonsocial_movie,non_social,817,1,0.41638069237187414,0.41554669230054436,0.4159636923362092,1,0,0.525087422132492,0.6424640357494354,0.026238783566954624,0.25754969572886327,-13.48712092635343,0.5295065343379974,0.6870242655277252,0.0010726224732376432,0.00014855969435591146,0.0008405828824911426,0.128963265969982
1781867859.522277,28.8131160736084,spinning_top,nonsocial_movie,non_social,818,1,0.44842231704675256,0.45068236924372224,0.4495523431452374,1,0,0.5261243015527726,0.6401923894882202,0.028187916918507923,0.257967904871358,-13.111985592969576,0.5301243513822556,0.6872013807296753,0.000642703426891169,0.00042991904634647415,0.005960097205147917,0.12697085759372387
1781867859.5562398,28.847078800201416,spinning_top,nonsocial_movie,non_social,819,1,0.4213115694284202,0.43624672723294344,0.4287791483306818,1,0,0.5266689479351043,0.6399186611175537,0.03192252433365809,0.25553755863978905,-13.17268096595205,0.530446395277977,0.6847031116485596,0.0025189403868353527,0.0018762369599441837,0.0017208819062455305,0.1283824050025583
1781867859.590863,28.881701946258545,spinning_top,nonsocial_movie,non_social,820,1,0.43192486776453765,0.443421303007254,0.43767308538589583,1,0,0.5276555597782135,0.6392552614212037,0.03299746840889966,0.2531892205536119,-14.287210050190824,0.5308602154254913,0.6848413348197937,0.00043629434967096774,0.002082646037164385,0.0008420476101429595,0.1253678346499636
1781867859.6259148,28.9167537689209,spinning_top,nonsocial_movie,non_social,821,1,0.4105173434498931,0.4154833513966308,0.41300034742326197,1,0,0.5284906208515168,0.6389535307884217,0.04279081273180408,0.25565355975113563,-14.428517351078993,0.5305584073066711,0.6840083003044128,0.0008860218080846574,0.0004497274584136897,0.0029689097241135964,0.12676164824013336
1781867859.660994,28.95183300971985,spinning_top,nonsocial_movie,non_social,822,1,0.4528318812810666,0.43773092931718616,0.4452814052991264,1,0,0.5298317342996597,0.6399792432785034,0.0503012134645853,0.2511281424280183,-14.478837687641624,0.5307249426841736,0.686507910490036,0.0025051517143739963,0.001619129906289339,0.0012633965955797706,0.1271875542092874
1781867859.694718,28.985556840896606,spinning_top,nonsocial_movie,non_social,823,1,0.44451625920510524,0.40871058181190145,0.42661342050850337,1,0,0.5303465574979782,0.641569083929062,0.05388619028660405,0.2519152197876406,-15.377404188189734,0.5310896933078766,0.6863124072551727,0.00041384119216643595,0.0020913105222075605,0.0012900610575064442,0.1308834323850742
1781867859.7296278,29.020466804504395,spinning_top,nonsocial_movie,non_social,824,1,0.39925727413113954,0.42218384921452057,0.41072056167283005,1,0,0.5305604577064514,0.6427331686019897,0.05939526722424396,0.24587510921803182,-14.862973336435905,0.5308376401662827,0.688088983297348,0.0017943670805659023,0.0013805258883994665,0.010023291352205988,0.1298857255135585
1781867859.763932,29.054770946502686,spinning_top,nonsocial_movie,non_social,825,1,0.40862262908566394,0.40132239744878756,0.4049725132672257,1,0,0.530764102935791,0.6440286576747893,0.06159161614866004,0.24912445368772146,-15.040673551853125,0.5309821963310242,0.6871818900108337,0.0009185394467327236,0.0008758276338331787,0.0012469577292938416,0.13267925369964326
1781867859.797268,29.088106870651245,spinning_top,nonsocial_movie,non_social,826,1,0.40848141058679976,0.41796208134620494,0.41322174596650235,1,0,0.529841673374176,0.6437043666839599,0.05773594671510338,0.2538149231673364,-14.668264706158954,0.5308140814304352,0.686610758304596,0.0005953604334099961,0.0003231790133227275,0.0015824807058692437,0.1310057951334376
1781867859.832395,29.123234033584595,spinning_top,nonsocial_movie,non_social,827,1,0.4122081522552188,0.43016656497741124,0.421187358616315,1,0,0.5298189222812653,0.6427318513393403,0.05279101582184407,0.2503539533784694,-14.183077182921819,0.5310086309909821,0.6873802244663239,0.0007936798507920288,0.00019831941738203266,0.001469587748646542,0.13011260393657204
1781867859.8691561,29.159995079040527,spinning_top,nonsocial_movie,non_social,828,1,0.40371168696931437,0.4511578457534632,0.4274347663613888,1,0,0.5290921032428741,0.6422464549541473,0.05053322311862485,0.25135357803624114,-15.014675575631163,0.5307728052139282,0.6872273087501526,0.0002810640734338256,0.0005126157773582031,0.0007497262305130684,0.12906332059777126
1781867859.9007192,29.191558122634888,spinning_top,nonsocial_movie,non_social,829,1,0.41956588891058516,0.41032532809801675,0.41494560850430096,1,0,0.529398962855339,0.6425153255462647,0.05129017191571791,0.24618061889054957,-14.485965261465049,0.5305561721324921,0.6882563233375549,0.0010515706885698842,0.0007705066151360586,0.001197242831500536,0.131303502340134
1781867859.9361181,29.226957082748413,spinning_top,nonsocial_movie,non_social,830,1,0.41864617317477876,0.4038666792629957,0.41125642621888725,1,0,0.5291896104812622,0.6407290101051331,0.047668425895780096,0.2525144676593107,-14.226813069313522,0.530255600810051,0.6867552697658539,0.0015308510525163677,0.0004792803639464835,0.0013530606260764263,0.12690876696972642
1781867859.970929,29.261767864227295,spinning_top,nonsocial_movie,non_social,831,1,0.4196564094617994,0.40071819365639705,0.4101873015590982,1,0,0.5283579051494598,0.6393542408943176,0.045572578008794,0.2526369998237422,-14.372920444943777,0.5300400853157043,0.686732828617096,0.00021668071778781602,0.0013141703347285517,0.0017291876500577232,0.12710126846622902
1781867860.0044632,29.295302152633667,spinning_top,nonsocial_movie,non_social,832,1,0.41376888860684635,0.40482613668567535,0.40929751264626085,1,0,0.5283378303050995,0.6385950803756714,0.04738674511950568,0.2534850852605751,-14.457526389087562,0.5295773893594742,0.6856127679347992,0.001211867765038254,0.000995187047250438,0.0006568062112925576,0.1269110906170544
1781867860.0402439,29.331082820892334,spinning_top,nonsocial_movie,non_social,833,1,0.4163608896959809,0.44052479912856696,0.4284428444122739,1,0,0.5280910760164261,0.6386291742324829,0.04418789814675095,0.24911034912766528,-14.158105764182428,0.5293211042881012,0.6861401498317719,0.000586356293616035,0.000625511471422219,0.0021712898011498234,0.1248412044033013
1781867860.076035,29.36687397956848,spinning_top,nonsocial_movie,non_social,834,1,0.41779283522192306,0.4510885371257538,0.43444068617383846,1,0,0.5282676905393601,0.6385051369667053,0.04363344503827872,0.25043386915832105,-13.448326813258282,0.5294421911239624,0.6864295899868011,0.00031374770941357017,0.00027260858420246486,0.0049090351279387915,0.12456916798156899
1781867860.1066408,29.39747977256775,spinning_top,nonsocial_movie,non_social,835,1,0.4274792448435981,0.44217299677038596,0.434826120806992,1,0,0.527581462264061,0.6384248435497284,0.03989317339465054,0.25474349550716274,-13.909957416640287,0.5298736840486526,0.6849586665630341,0.0015329063450336556,0.0012191586356200853,0.0009217618828018253,0.1248791894105693
1781867860.142134,29.43297290802002,spinning_top,nonsocial_movie,non_social,836,1,0.4260671281890113,0.42158278610549216,0.42382495714725177,1,0,0.5273108124732971,0.6384533524513245,0.04064911414017647,0.2543068686039837,-14.038269584764928,0.5290948748588562,0.6847571730613708,0.0008044522268748471,0.0007284541181588085,0.0038876586446777825,0.1253752986652992
1781867860.1773472,29.468186140060425,spinning_top,nonsocial_movie,non_social,837,1,0.4169322663350734,0.43644245636267137,0.4266873613488724,1,0,0.5273938715457916,0.6381780505180359,0.043873644751789696,0.25111960799781324,-13.896613620437805,0.5287462770938873,0.6855960190296173,0.0009083958169127783,0.00010394359003793117,0.004458071340893525,0.12518206136523033
1781867860.210876,29.501714944839478,spinning_top,nonsocial_movie,non_social,838,1,0.3902473654538697,0.43497962916384747,0.41261349730885855,1,0,0.5273047924041748,0.6380982995033264,0.04257767136127112,0.2504708527274766,-13.543497667381713,0.5286618918180466,0.6856767535209656,0.00011678584191580915,0.0007916099749969692,0.0030839074972659657,0.1265607139272885
1781867860.244426,29.53526496887207,spinning_top,nonsocial_movie,non_social,839,1,0.39367143280903943,0.4456674384218718,0.4196694356154556,1,0,0.5270438671112061,0.6377611517906189,0.04239536902773237,0.25044563704881545,-13.561217858157837,0.5289734601974487,0.6859239935874939,0.00039774678570695825,0.0002809609437911491,0.004519526343581507,0.12622092911735933
1781867860.2813451,29.572184085845947,spinning_top,nonsocial_movie,non_social,840,1,0.39340065114359357,0.41481633189590583,0.4041084915197497,1,0,0.5268889516592026,0.6372634768486023,0.040800000630243916,0.2483897725352654,-13.033672534411997,0.5289388298988342,0.6860325336456299,0.00011393068858868916,0.0002838160971182691,0.0007071879150126498,0.125765390632531
1781867860.314373,29.605211973190308,spinning_top,nonsocial_movie,non_social,841,1,0.374797217347664,0.4156108601628823,0.39520403875527316,1,0,0.5264882415533065,0.6378864884376525,0.03999625925051903,0.2540625390453854,-12.81387175949162,0.5286334902048111,0.6836726665496826,0.0023795388291180963,0.0022656081405294072,0.0007820003398064351,0.12749837182997725
1781867860.347968,29.63880705833435,spinning_top,nonsocial_movie,non_social,842,1,0.40956149925375895,0.44437005178594413,0.42696577551985154,1,0,0.5271178781986237,0.6377614200115205,0.04292928496650571,0.24993372105213704,-12.68383636838728,0.5286279618740082,0.6858391165733337,0.002166457077216029,0.00021308175190206747,0.0023223695440058043,0.12560933615174627
1781867860.38298,29.673819065093994,spinning_top,nonsocial_movie,non_social,843,1,0.40958510822720934,0.4363245795053414,0.42295484386627535,1,0,0.5267440706491471,0.6378965318202973,0.04297915215121868,0.2501648758239172,-12.780015403489363,0.5286785960197449,0.6854568123817444,0.00038564272535764944,0.0017808143518583794,0.001139543026489201,0.12676415985229675
