timestamp,elapsed_time,stimulus_id,stimulus_type,paper_category,frame_index,face_detected,left_ear,right_ear,avg_ear,eye_open,blink_state,gaze_x,gaze_y,yaw_proxy,pitch_proxy,roll_proxy_deg,head_center_x,head_center_y,head_movement,head_acceleration,mouth_open,eyebrow_signal
1781863940.426483,0.6188628673553467,floating_bubbles,nonsocial_movie,non_social,0,1,0.4179333352377502,0.4328788231493287,0.42540607919353945,1,0,0.5434436738491057,0.4885648608207702,0.049116036786812235,0.27128168690751325,1.5413822103134296,0.5382457673549652,0.5253478586673737,0.0,0.0,0.0018370636799722511,0.13158181737774902
1781863940.457612,0.6499919891357422,floating_bubbles,nonsocial_movie,non_social,1,1,0.47860682170072405,0.4651525915597403,0.47187970663023215,1,0,0.5407706320285797,0.4895824581384659,0.018546373326688664,0.27388951689324725,2.4334432484161654,0.5392871797084808,0.5337238907814026,0.008440524489941304,0.008440524489941304,0.0006165988483812938,0.1237298911234158
1781863940.49221,0.6845898628234863,floating_bubbles,nonsocial_movie,non_social,2,1,0.4706112181234599,0.4818442390445621,0.47622772858401097,1,0,0.5408933699131012,0.48910969495773315,0.029334275645995354,0.2738832880007991,1.3174804151634167,0.5376178622245789,0.5363846719264984,0.003141078980885116,0.005299445509056188,0.00018509807204132532,0.1219378640591142
1781863940.526537,0.7189168930053711,floating_bubbles,nonsocial_movie,non_social,3,1,0.4270345743214129,0.42377573984086886,0.4254051570811409,1,0,0.5409523695707321,0.4890959173440933,0.02920601512311269,0.2725386495578277,1.264525592289007,0.5379438698291779,0.5346078872680664,0.0018064453162760616,0.0013346336646090544,0.0008159494699447587,0.12465988425219292
1781863940.5594418,0.751821756362915,floating_bubbles,nonsocial_movie,non_social,4,1,0.4441409084579031,0.4548984469371661,0.4495196776975346,1,0,0.5409022629261017,0.4889649301767349,0.02877027596050638,0.2717075306819369,1.3657543307877835,0.5373503863811493,0.5356845855712891,0.0012294315105960238,0.0005770138056800378,0.000157486252000052,0.1234942840494419
1781863940.593941,0.7863209247589111,floating_bubbles,nonsocial_movie,non_social,5,1,0.45606944324400933,0.4008932134524645,0.42848132834823693,1,0,0.54056875705719,0.48625203371047976,0.024090090671580834,0.2754892711103668,0.9332610975511795,0.5374863892793655,0.5346712470054626,0.001022424489786095,0.0002070070208099288,0.0007205686861816118,0.12004303693256495
1781863940.627039,0.8194189071655273,floating_bubbles,nonsocial_movie,non_social,6,1,0.45271880573393586,0.44291873994551445,0.44781877283972515,1,0,0.5403792351484299,0.48636483848094936,0.02606750694181472,0.2721099058548466,0.8688125848643314,0.5372336357831955,0.5349307060241699,0.0003622199776582218,0.0006602045121278733,0.00039321144388178303,0.11982600095542675
1781863940.662693,0.8550729751586914,floating_bubbles,nonsocial_movie,non_social,7,1,0.45842159797255744,0.45070729325215647,0.454564445612357,1,0,0.5399837076663971,0.48644652664661403,0.024320654039712522,0.27585398725692695,1.0745710248009557,0.536793902516365,0.5342889428138733,0.0007779623153132884,0.0004157423376550666,0.0005005215108118979,0.11919309468002853
1781863940.696896,0.8892760276794434,floating_bubbles,nonsocial_movie,non_social,8,1,0.47490769479235867,0.4668503146215288,0.47087900470694377,1,0,0.5398152053356171,0.4858567893505097,0.025261105660491123,0.27675578673530704,0.782036900762195,0.5366063714027405,0.5340838134288788,0.0002779316159876329,0.0005000306993256555,0.00040529476046011426,0.11768630550672134
1781863940.730402,0.9227819442749023,floating_bubbles,nonsocial_movie,non_social,9,1,0.46388278314051273,0.4789646785733069,0.4714237308569098,1,0,0.5394416749477386,0.48568053245544435,0.02691540183459923,0.27541168332037086,0.3804559946934093,0.5359011143445969,0.533909797668457,0.0007264082894189385,0.0004484766734313056,0.00020738005872193008,0.11887088448281331
1781863940.765716,0.9580960273742676,floating_bubbles,nonsocial_movie,non_social,10,1,0.4457383735285703,0.45747049625344577,0.45160443489100804,1,0,0.5389641612768173,0.48579390347003937,0.027600997155859737,0.27437764338062914,1.1032964480413914,0.5357659161090851,0.5339682102203369,0.00014727725249548442,0.0005791310369234541,0.00023772161468737734,0.12113826479166982
1781863940.800321,0.9927010536193848,floating_bubbles,nonsocial_movie,non_social,11,1,0.4681422962530538,0.4522287308957152,0.46018551357438453,1,0,0.5388480097055435,0.48467650413513186,0.025332443929673487,0.27443943822956895,0.6857364353734783,0.5358040779829025,0.5339895188808441,4.3707981260516974e-05,0.00010356927123496745,6.063775208925092e-05,0.12029124522750125
1781863940.834075,1.0264549255371094,floating_bubbles,nonsocial_movie,non_social,12,1,0.4723957669606216,0.4520917229795321,0.4622437449700768,1,0,0.5388604134321213,0.4850321441888809,0.022425023599907112,0.274849225847939,0.9921776791614146,0.5357651263475418,0.534187376499176,0.0002016553173840198,0.00015794733612350283,0.0004856488363859107,0.11982533118768156
1781863940.868787,1.0611670017242432,floating_bubbles,nonsocial_movie,non_social,13,1,0.4745169528650462,0.45379104643557117,0.4641539996503087,1,0,0.538577389717102,0.4850877702236176,0.020474205639359744,0.2760676664431799,0.924753961352347,0.535592183470726,0.5344864130020142,0.0003454447404013923,0.0001437894230173725,0.0005955566763741033,0.12022700413917599
1781863940.903224,1.0956039428710938,floating_bubbles,nonsocial_movie,non_social,14,1,0.48112924179422256,0.4651535888338296,0.4731414153140261,1,0,0.5384749710559845,0.485126593708992,0.01970783493231178,0.2751332115269497,0.6513947347611683,0.5356693267822266,0.5350416302680969,0.0005605508924849636,0.00021510615208357128,0.0007055005057947366,0.11995615945597085
1781863940.936606,1.12898588180542,floating_bubbles,nonsocial_movie,non_social,15,1,0.46231078651149454,0.4719615858003209,0.4671361861559077,1,0,0.5384101390838623,0.48466179668903353,0.022562614624140522,0.2736181108994081,1.4688865589649545,0.5353637486696243,0.53493931889534,0.00032225083381886964,0.00023830005866609395,0.0005263089104461554,0.11849435686228929
1781863940.972403,1.164783000946045,floating_bubbles,nonsocial_movie,non_social,16,1,0.5088954689125665,0.4420937701637746,0.47549461953817057,1,0,0.5378644615411758,0.4844983458518982,0.012900628088963726,0.2749204471423331,0.7016588582573443,0.5356313139200211,0.5338282883167267,0.0011427948677840772,0.0008205440339652075,0.00020043620061283027,0.11947657753048102
1781863941.006593,1.1989729404449463,floating_bubbles,nonsocial_movie,non_social,17,1,0.4972822766016712,0.4448502086544191,0.47106624262804514,1,0,0.5377575218677522,0.4839158564805984,0.015032358842936194,0.2761315567913488,0.6682790646414102,0.5355119854211807,0.5337819457054138,0.00012801143799982297,0.0010147834297842542,0.00034290562142886975,0.11908918924589568
1781863941.041049,1.233428955078125,floating_bubbles,nonsocial_movie,non_social,18,1,0.49342079039517167,0.41990546411383756,0.45666312725450464,1,0,0.5375106245279313,0.48410464823246,0.01691678578630164,0.27673013835098675,0.6858181732797207,0.5349100083112717,0.5341194868087769,0.0006901524739606446,0.0005621410359608216,0.0002892749979947923,0.1212655868408283
1781863941.075674,1.2680540084838867,floating_bubbles,nonsocial_movie,non_social,19,1,0.3015866630348816,0.17543960900189143,0.2385131360183865,1,0,0.5369203895330429,0.4890420973300934,0.014946734293872542,0.27902461221451513,1.432813174475836,0.5347376018762589,0.5346608757972717,0.0005681778028903721,0.00012197467107027244,0.00045989278628052197,0.14099093462697057
1781863941.1097999,1.3021798133850098,floating_bubbles,nonsocial_movie,non_social,20,1,0.2893953650020188,0.08017355110493002,0.1847844580534744,1,0,0.5342721223831177,0.491926771402359,0.014013198926345055,0.2717691610396591,0.17798896490194188,0.5347065925598145,0.5372013449668884,0.00254065841456094,0.001972480611670568,0.000227290297646526,0.15028554103219194
1781863941.1435552,1.335935115814209,floating_bubbles,nonsocial_movie,non_social,21,1,0.3177712436370915,0.20410078216521468,0.2609360129011531,1,0,0.5352809756994248,0.4907090574502945,0.017578013376422303,0.2751573982338534,0.8683139540260615,0.5343611091375351,0.5353659987449646,0.0018675798642628183,0.0006730785502981219,0.00020617931163360834,0.14170695588763613
1781863941.178962,1.3713419437408447,floating_bubbles,nonsocial_movie,non_social,22,1,0.3684551511325175,0.26729793911664534,0.3178765451245814,1,0,0.5352222800254822,0.48927521109580996,0.009189769769798134,0.275067139046627,0.6131273835811623,0.5346116572618484,0.53568434715271,0.0004051173549861163,0.0014624625092767018,0.0003782016267053215,0.13507105379011686
1781863941.213054,1.4054338932037354,floating_bubbles,nonsocial_movie,non_social,23,1,0.4082979407562785,0.363427102982218,0.38586252186924824,1,0,0.5356433540582657,0.4888338774442673,0.006077849573877784,0.2736720513888289,0.9683067035769422,0.5350037962198257,0.5354277491569519,0.000468631511734508,6.35141567483917e-05,0.00031282142044623346,0.1314698444991428
1781863941.246738,1.4391179084777832,floating_bubbles,nonsocial_movie,non_social,24,1,0.44040911118344944,0.4057065923054814,0.4230578517444654,1,0,0.5355907410383225,0.48843101859092714,0.007001288115490092,0.27201157853171065,0.5411527003156344,0.5348559617996216,0.5356608927249908,0.0002760632882420786,0.00019256822349242943,0.0005909182370669988,0.12835307923404712
1781863941.28207,1.474449872970581,floating_bubbles,nonsocial_movie,non_social,25,1,0.4562538838455931,0.43122638515947703,0.4437401345025351,1,0,0.5357599884271622,0.4876890778541565,0.007901164173953925,0.2731629950830184,0.7330330693270832,0.5349548906087875,0.5351316332817078,0.0005384259165264157,0.0002623626282843371,0.0005989226631458295,0.12472412352389022
1781863941.315742,1.5081219673156738,floating_bubbles,nonsocial_movie,non_social,26,1,0.46161910513912974,0.4195673988093436,0.44059325197423665,1,0,0.5354046434164047,0.4876004785299301,0.009874990359649756,0.27189791996990503,0.5286322404441107,0.5345777720212936,0.5351038575172424,0.0003781400826744307,0.000160285833851985,0.0005326274226305478,0.12501011384665534
1781863941.350262,1.5426418781280518,floating_bubbles,nonsocial_movie,non_social,27,1,0.4584502637464718,0.43218235344225314,0.44531630859436244,1,0,0.5356622487306595,0.4876691848039627,0.007672333766885713,0.27295008766849227,-0.09025180386880073,0.5348876267671585,0.5354619920253754,0.00047357184191060286,9.543175923617218e-05,0.0005216928784395795,0.12496521935639224
1781863941.385982,1.578361988067627,floating_bubbles,nonsocial_movie,non_social,28,1,0.48162615672952885,0.4477297363173557,0.4646779465234423,1,0,0.5354159325361252,0.4873136878013611,0.009431425260088853,0.2732940045509232,0.038716392472387416,0.5346463769674301,0.5358841717243195,0.00048624804788247115,1.267620597186829e-05,0.000599282109999815,0.12349464027316799
1781863941.4198852,1.6122651100158691,floating_bubbles,nonsocial_movie,non_social,29,1,0.4826428375307645,0.44314766369892283,0.46289525061484366,1,0,0.5353082776069642,0.4869128465652466,0.0077440311281563425,0.2725633119078045,0.0969780495334002,0.534635603427887,0.5355866849422455,0.00029768180102756757,0.00018856624685490358,0.0005323465606233903,0.12356642234641028
1781863941.4528651,1.64524507522583,floating_bubbles,nonsocial_movie,non_social,30,1,0.47616990292295724,0.46017206852876685,0.468170985725862,1,0,0.5350158959627151,0.4871472030878067,0.008448133354105221,0.2710410870641746,0.40177699376782994,0.534339189529419,0.5360680520534515,0.0005653100874350911,0.00026762828640752357,0.0004577455529843508,0.12338979452960423
1781863941.488937,1.68131685256958,floating_bubbles,nonsocial_movie,non_social,31,1,0.48146718328040233,0.45119664000379434,0.4663319116420983,1,0,0.5346950322389603,0.4874066025018692,0.00796136631574758,0.27099319777749686,0.2725005756636445,0.534244179725647,0.5358517467975616,0.00023625161700691205,0.00032905847042817907,0.00040403270335775547,0.12355662209479361
1781863941.522957,1.7153370380401611,floating_bubbles,nonsocial_movie,non_social,32,1,0.4725005703926599,0.464286275916547,0.4683934231546034,1,0,0.5345475196838378,0.4872987002134323,0.00790015663589498,0.27305926661422925,0.13004956048504818,0.5340397655963898,0.5350486040115356,0.0008287481348308345,0.0005924965178239224,0.0005009981241554444,0.12427020970238868
1781863941.558836,1.751215934753418,floating_bubbles,nonsocial_movie,non_social,33,1,0.48367840751871327,0.4572896303053015,0.4704840189120074,1,0,0.5343593776226043,0.4877416014671326,0.009529894647758492,0.27308063349935996,0.05164438442186535,0.5337067395448685,0.5351386368274689,0.0003449815341967376,0.0004837666006340969,0.0002449306989569319,0.12371747954693509
1781863941.592263,1.7846429347991943,floating_bubbles,nonsocial_movie,non_social,34,1,0.48914712552107753,0.44757897001152464,0.4683630477663011,1,0,0.5346456497907639,0.48789818584918976,0.007657236027580354,0.27226474315859595,-0.2675423757397032,0.5337716788053513,0.535352349281311,0.00022336096453787552,0.00012162056965886206,0.00020285899537226528,0.1236830681236117
1781863941.6259542,1.8183341026306152,floating_bubbles,nonsocial_movie,non_social,35,1,0.4826238317335965,0.4499000577577992,0.4662619447456978,1,0,0.5349551051855087,0.48731200993061063,0.009921636675352594,0.2728383918795959,-0.03769528042459583,0.5335836261510849,0.5345751047134399,0.0007996705065598864,0.0005763095420220109,0.0003840235041337329,0.12262246543093908
1781863941.660772,1.8531520366668701,floating_bubbles,nonsocial_movie,non_social,36,1,0.47565329943492196,0.4503769427669317,0.4630151211009268,1,0,0.5348747253417969,0.48690761327743526,0.010293725808103402,0.2707362646426499,0.24504509797594407,0.5333235561847687,0.5349914133548737,0.0004908658394226549,0.0003088046671372315,0.0004432466866311097,0.1233416060547076
1781863941.6947541,1.887134075164795,floating_bubbles,nonsocial_movie,non_social,37,1,0.48638457558334247,0.45347868942451824,0.46993163250393033,1,0,0.5349361896514893,0.4865833789110183,0.009405028974453104,0.27162883101662766,-0.02615844633511723,0.533329039812088,0.5352061688899994,0.00021482553394724067,0.00027604030547541424,0.0004315532097827068,0.12162951687532864
1781863941.730491,1.9228708744049072,floating_bubbles,nonsocial_movie,non_social,38,1,0.48690180752019574,0.455421568374564,0.4711616879473799,1,0,0.5348073184490203,0.48652991056442263,0.008052843233670542,0.2740346598387231,-0.010047008545991398,0.5333441197872162,0.5341119766235352,0.001094296176380052,0.0008794706424328114,0.0005082935634426412,0.12147176875665704
1781863941.764559,1.9569389820098877,floating_bubbles,nonsocial_movie,non_social,39,1,0.49155176623271807,0.45701188699436524,0.4742818266135417,1,0,0.5346644937992096,0.48639770448207853,0.008581149917282298,0.27211749193077484,0.03695496009744059,0.5333113968372345,0.5344763100147247,0.0003657999608955695,0.0007284962154844826,0.00037794225901936366,0.12124650755404497
1781863941.798501,1.9908809661865234,floating_bubbles,nonsocial_movie,non_social,40,1,0.5000122294672816,0.46856441812283156,0.4842883237950566,1,0,0.5346971601247787,0.4864562153816223,0.008615644646854626,0.2701643402458967,0.21839370858601637,0.5334122180938721,0.5353936553001404,0.0009228690581357134,0.0005570690972401439,0.0005963085916177455,0.12130075538090317
1781863941.833904,2.0262839794158936,floating_bubbles,nonsocial_movie,non_social,41,1,0.495860634935599,0.45930264154576744,0.4775816382406832,1,0,0.5345826834440232,0.486504602432251,0.010254399851463638,0.2713276030069519,0.04007261188360834,0.5332228392362595,0.5348389744758606,0.0005861187324547468,0.0003367503256809666,0.0006184640165668105,0.12229622233690886
1781863941.867415,2.0597949028015137,floating_bubbles,nonsocial_movie,non_social,42,1,0.4974804070056079,0.44601799129595304,0.4717491991507805,1,0,0.5359616756439209,0.4854489803314209,0.009174918502166682,0.27398734411117387,0.37577128697612405,0.5333902090787888,0.5334138572216034,0.0014349117926095209,0.0008487930601547741,0.0006367876929439762,0.12204544436175187
1781863941.901618,2.0939979553222656,floating_bubbles,nonsocial_movie,non_social,43,1,0.5186381585153915,0.4611737657219747,0.4899059621186831,1,0,0.5369118094444275,0.4857528984546661,0.010245941568857086,0.273015791748063,0.4859456662158524,0.5333819836378098,0.5330971777439117,0.0003167862835893555,0.0011181255090201654,0.0006942072823317928,0.12117499463545486
1781863941.9363961,2.1287760734558105,floating_bubbles,nonsocial_movie,non_social,44,1,0.503777035663302,0.46223597824344476,0.4830065069533734,1,0,0.5379947572946548,0.4852419584989548,0.012834135319881186,0.2740400283252613,0.4835680015172193,0.5332950800657272,0.533422589302063,0.00033681584437066325,2.002956078130775e-05,0.0006490111060178221,0.11924096285306118
1781863941.969524,2.1619038581848145,floating_bubbles,nonsocial_movie,non_social,45,1,0.4924573026664613,0.4606496077359564,0.47655345520120884,1,0,0.5384895443916321,0.4848842442035675,0.012249978842034874,0.2726625159911667,0.8256413779454589,0.5337985157966614,0.5332465171813965,0.0005333375355787316,0.00019652169120806833,0.0007541872466284624,0.1192557883768438
1781863942.004954,2.197334051132202,floating_bubbles,nonsocial_movie,non_social,46,1,0.49743367333070054,0.4681759868895281,0.4828048301101143,1,0,0.5383153080940246,0.48487070202827454,0.010635281444972933,0.2719269243911073,1.119591258437439,0.5341044813394547,0.5330212116241455,0.0003799704034592113,0.0001533671321195203,0.00027646628059769363,0.12089894992589705
1781863942.039913,2.232292890548706,floating_bubbles,nonsocial_movie,non_social,47,1,0.5332734559637323,0.4763618725370254,0.5048176642503789,1,0,0.5385974198579788,0.48449196815490725,0.007545712480746024,0.27174426148332087,1.1672157175197415,0.5344916433095932,0.5330127775669098,0.0003872538243103852,7.283420851173915e-06,0.0005601523599344209,0.11945753436187642
1781863942.073569,2.265949010848999,floating_bubbles,nonsocial_movie,non_social,48,1,0.5387823410551842,0.46305976108193625,0.5009210510685602,1,0,0.5391610056161881,0.48407407104969025,0.009706583259655248,0.27209026805592895,0.8756598437014466,0.5342999249696732,0.5331510603427887,0.00023638538018767855,0.00015086844412270665,0.0005297393551187627,0.11913914739402266
1781863942.108602,2.3009819984436035,floating_bubbles,nonsocial_movie,non_social,49,1,0.5274943375604136,0.4743807420647954,0.5009375398126046,1,0,0.5397636234760285,0.484536063671112,0.008106542330768136,0.27397713090772524,0.6634937937082338,0.5345839709043503,0.5328451991081238,0.00041741249128092516,0.0001810271110932466,0.00033978884419881295,0.11924819754193257
1781863942.142118,2.3344979286193848,floating_bubbles,nonsocial_movie,non_social,50,1,0.5115256670555892,0.4742511334563349,0.49288840025596203,1,0,0.5402149260044098,0.4844454020261765,0.010352827907508523,0.2722280485945735,0.7882839492603858,0.5346180349588394,0.5333760976791382,0.0005319902748296959,0.00011457778354877072,0.0004968407645824036,0.11849495301133452
1781863942.177473,2.3698530197143555,floating_bubbles,nonsocial_movie,non_social,51,1,0.514026726287178,0.47348128543221774,0.49375400585969786,1,0,0.5404345840215683,0.4845397204160691,0.011414104849109845,0.2702323955823653,1.1292610440942936,0.5347706228494644,0.5343238711357117,0.0009599779108659955,0.0004279876360362996,0.000494540899892885,0.1182435557501458
1781863942.211901,2.4042809009552,floating_bubbles,nonsocial_movie,non_social,52,1,0.49395880880844,0.4694890727238155,0.4817239407661278,1,0,0.5405188828706742,0.4848946362733841,0.014131286329114222,0.2700433363946191,0.8910508683312436,0.5348179936408997,0.5343620777130127,6.085831438891811e-05,0.0008991195964770773,0.0005770489570226547,0.11868488466830375
1781863942.24611,2.4384899139404297,floating_bubbles,nonsocial_movie,non_social,53,1,0.48727197350832596,0.47861458311493726,0.48294327831163164,1,0,0.5399600476026535,0.4850094586610794,0.01620525318928831,0.2716054556110401,1.4228203756024835,0.5348830223083496,0.5342375934123993,0.00014044596359285126,7.958764920393315e-05,0.0004112348983989586,0.11854467287125173
1781863942.281058,2.473438024520874,floating_bubbles,nonsocial_movie,non_social,54,1,0.4999533647448195,0.482405388420127,0.49117937658247324,1,0,0.539806666970253,0.48511786162853243,0.015932291931072293,0.27106695756600735,0.9962640940252068,0.5350168347358704,0.534186065196991,0.00014339080424547194,2.94484065262068e-06,0.0002151025648676318,0.11825594924116609
1781863942.315682,2.5080618858337402,floating_bubbles,nonsocial_movie,non_social,55,1,0.48919986736034665,0.47473216279086095,0.48196601507560377,1,0,0.5397702068090439,0.4849623829126358,0.01916515408974427,0.2710276035831361,1.4788389803028714,0.5346217751502991,0.533733993768692,0.00060036709806252,0.00045697629381704805,0.00037587393258392896,0.11853256715627332
1781863942.348616,2.5409958362579346,floating_bubbles,nonsocial_movie,non_social,56,1,0.49411629437416416,0.4791896529971148,0.4866529736856395,1,0,0.5398769319057465,0.4849017530679703,0.018576957973353406,0.27308738970658286,1.102165108800049,0.5348923653364182,0.5331997275352478,0.0005988818389487407,1.4852591137793324e-06,0.0003257238752011144,0.11836299530520941
1781863942.384028,2.5764079093933105,floating_bubbles,nonsocial_movie,non_social,57,1,0.5001954076002737,0.4810028301551251,0.4905991188776994,1,0,0.5398770272731781,0.4845950424671173,0.01977093108384862,0.27264829039356336,1.1850294795178749,0.5346653014421463,0.5337045788764954,0.0005535638073802848,4.5318031568455886e-05,0.00027776262972805727,0.11855487681817464
1781863942.4180841,2.610464096069336,floating_bubbles,nonsocial_movie,non_social,58,1,0.48897301041367086,0.4833646435699242,0.48616882699179753,1,0,0.5401147335767746,0.4848221123218536,0.020970633838321942,0.273670902346592,1.1556656781432226,0.5347096472978592,0.5339835584163666,0.000282482103124541,0.0002710817042557438,0.0002293627642456546,0.11856675205973967
1781863942.451381,2.643760919570923,floating_bubbles,nonsocial_movie,non_social,59,1,0.4903703682949684,0.48974407676385034,0.49005722252940936,1,0,0.5402080357074737,0.48506832122802734,0.019505057787534846,0.2738811847782627,1.3914639336447057,0.5349384248256683,0.5338950455188751,0.00024530326180627126,3.717884131826973e-05,0.00019675564201478875,0.11926445303236421
1781863942.486597,2.6789770126342773,floating_bubbles,nonsocial_movie,non_social,60,1,0.4981717302024469,0.49076937915318436,0.49447055467781564,1,0,0.5402837812900543,0.484918949007988,0.021299713969343027,0.2742805083277114,1.6631826015521516,0.5346950590610504,0.5338300466537476,0.00025189630377585136,6.593041969580097e-06,0.00023471966859868782,0.11827070172322672
1781863942.521316,2.713696002960205,floating_bubbles,nonsocial_movie,non_social,61,1,0.4869341622147236,0.47552941111207153,0.48123178666339755,1,0,0.5393903374671936,0.48575353920459746,0.018999004757955355,0.2715712093606883,1.2858588288098023,0.5348907858133316,0.5340330898761749,0.00028202041013414546,3.0124106358294105e-05,0.0003124654632123717,0.11945906549667462
1781863942.5560992,2.748479127883911,floating_bubbles,nonsocial_movie,non_social,62,1,0.4722848627494996,0.5006702868650191,0.4864775748072594,1,0,0.5376161396503448,0.48669025003910066,0.016851523405079033,0.2718473083623145,0.9628721691206744,0.5349230468273163,0.5350037813186646,0.0009712273933255316,0.0006892069831913861,0.00034645165974412707,0.12142212028069294
1781863942.5903418,2.782721757888794,floating_bubbles,nonsocial_movie,non_social,63,1,0.4699018182873529,0.4816884034713033,0.47579511087932813,1,0,0.5374732494354248,0.4866917788982391,0.015564588033470338,0.2719962679176734,0.7921232905896105,0.534956768155098,0.5348194539546967,0.00018738651246744614,0.0007838408808580855,0.0004589182207294473,0.12219770538905488
1781863942.624887,2.8172669410705566,floating_bubbles,nonsocial_movie,non_social,64,1,0.4751450897978217,0.4870903372344252,0.4811177135161234,1,0,0.5374712467193603,0.4868081271648407,0.017788156354615607,0.2720863764573863,0.7526335408635421,0.534758448600769,0.5344076752662659,0.0004570474087827206,0.00026966089631527446,0.0002275882370223962,0.12168553350734215
1781863942.659307,2.851686954498291,floating_bubbles,nonsocial_movie,non_social,65,1,0.46985837223256227,0.47551627186884593,0.4726873220507041,1,0,0.5375703305006028,0.48661163449287415,0.019024565912128134,0.27310558035680227,1.0123146220263244,0.5348455756902695,0.5340678989887238,0.0003507692239994714,0.00010627818478324921,0.000258236600212276,0.12208584878001005
1781863942.693204,2.8855838775634766,floating_bubbles,nonsocial_movie,non_social,66,1,0.4734064040195065,0.4839218068860293,0.47866410545276794,1,0,0.5374776780605316,0.486939224600792,0.01758180407723958,0.2697794193019425,0.7879962659070325,0.5347711443901062,0.53547003865242,0.0014041138326198262,0.0010533446086203547,0.0002287002788007407,0.12222636817192997
1781863942.7284522,2.9208321571350098,floating_bubbles,nonsocial_movie,non_social,67,1,0.4659977099201698,0.4990491167632268,0.4825234133416983,1,0,0.5374633282423019,0.48693927824497224,0.016517136503273293,0.27176695296926356,0.8061836891735242,0.5348905175924301,0.534975528717041,0.0005087141020471487,0.0008953997305726775,0.00020404182852353338,0.12208894194878635
1781863942.7631,2.955479860305786,floating_bubbles,nonsocial_movie,non_social,68,1,0.47612255231100553,0.4978042612448332,0.4869634067779194,1,0,0.5372683763504028,0.48717246055603025,0.01774265278325877,0.27064585579370826,0.6151426919827417,0.5347555130720139,0.5355012714862823,0.0005427998525629588,3.4085750515810086e-05,0.00020471602622738194,0.12184308555180123
1781863942.797367,2.9897470474243164,floating_bubbles,nonsocial_movie,non_social,69,1,0.4509760220625511,0.4982728466989306,0.47462443438074087,1,0,0.5372550070285798,0.487265619635582,0.019134634876427248,0.2712465183655928,0.7930295921188693,0.534559428691864,0.5355931520462036,0.00021654357859376156,0.0003262562739691972,0.0003169611379421929,0.12260090688595657
1781863942.8312042,3.0235841274261475,floating_bubbles,nonsocial_movie,non_social,70,1,0.4485144203842214,0.5020381474475095,0.47527628391586546,1,0,0.5370696693658829,0.4871798813343048,0.016723492101552575,0.27076346494101744,0.7919766668728216,0.5345978736877441,0.5354402661323547,0.00015764555293959042,5.8898025654171134e-05,0.00025403106800445796,0.12242592253695848
1781863942.865243,3.0576229095458984,floating_bubbles,nonsocial_movie,non_social,71,1,0.45713192487175136,0.49407656690422647,0.4756042458879889,1,0,0.5370626240968704,0.48738449811935425,0.015781813699703058,0.27159656365269236,0.8039719865083557,0.5346002876758575,0.5356461703777313,0.00020591839549373282,4.8272842554142396e-05,0.00029373057838270286,0.12196964059510683
1781863942.9006069,3.092986822128296,floating_bubbles,nonsocial_movie,non_social,72,1,0.4597463572797451,0.4699048468606444,0.46482560207019474,1,0,0.537113243341446,0.4872817188501358,0.01232873426635612,0.2732663966960597,0.7830285089922794,0.5347853899002075,0.535079151391983,0.0005964674036846685,0.0003905490081909357,0.00028712322625965573,0.12281187817519738
1781863942.933845,3.126224994659424,floating_bubbles,nonsocial_movie,non_social,73,1,0.47497030972882237,0.4755034162095422,0.47523686296918227,1,0,0.5373887568712234,0.48708494007587433,0.009512268838607396,0.2764804107233272,0.662574281429033,0.5351128578186035,0.533980667591095,0.001146255599066844,0.0005497881953821754,0.00021492080725672494,0.12098608009490294
1781863942.970992,3.163372039794922,floating_bubbles,nonsocial_movie,non_social,74,1,0.4828458615557574,0.46987254358445163,0.47635920257010456,1,0,0.5375340789556503,0.48732273280620575,0.013539595612179852,0.2728290034741912,0.6501625763926047,0.534756064414978,0.5353995561599731,0.0014630605946999642,0.0003168049956331202,0.0003330357592617937,0.12066695327340214
1781863943.004488,3.1968679428100586,floating_bubbles,nonsocial_movie,non_social,75,1,0.47805055624515963,0.4632108521307757,0.47063070418796765,1,0,0.5375598341226577,0.48715850710868835,0.013543752277367089,0.2734221949200817,0.7164201662338495,0.5347391963005066,0.5357028245925903,0.0003037371816355499,0.0011593234130644141,0.0003630592632002681,0.12078118464812228
1781863943.036971,3.229351043701172,floating_bubbles,nonsocial_movie,non_social,76,1,0.5001674308696675,0.4613610866188259,0.4807642587442467,1,0,0.5375009924173355,0.48646182417869566,0.011384769391728443,0.2753698772658299,0.8531520092167227,0.5347796529531479,0.5347951650619507,0.0009085607103016977,0.0006048235286661477,0.0003975271204643358,0.1198107426933715
1781863943.072393,3.264772891998291,floating_bubbles,nonsocial_movie,non_social,77,1,0.4954178152346197,0.4696976435577777,0.4825577293961987,1,0,0.5374640315771103,0.4863546967506409,0.015591751321254113,0.27441194705714006,0.7202722960783144,0.534509152173996,0.5357357263565063,0.0009786859661495206,7.012525584782295e-05,0.00039791863610926415,0.11950819281418291
1781863943.107189,3.2995688915252686,floating_bubbles,nonsocial_movie,non_social,78,1,0.48145417015785524,0.4702820269371661,0.47586809854751067,1,0,0.537338787317276,0.4862037420272827,0.01630660094261751,0.2723094879282507,1.332658368495223,0.5343498885631561,0.5358176231384277,0.0001790865171553246,0.000799599448994196,0.0004364692489315481,0.1196303258217277
1781863943.143049,3.3354289531707764,floating_bubbles,nonsocial_movie,non_social,79,1,0.47578141559326953,0.44405655981975606,0.4599189877065128,1,0,0.5363420248031616,0.4847865551710129,0.01539476622865146,0.27354405454736863,0.419757836507942,0.5343194901943207,0.5352382659912109,0.0005801540871691255,0.0004010675700138009,0.000415461122964947,0.1207425241716138
1781863943.176522,3.3689019680023193,floating_bubbles,nonsocial_movie,non_social,80,1,0.4848783901552331,0.43567931335570825,0.4602788517554707,1,0,0.5362781614065171,0.4834648251533508,0.016521063301894064,0.27597227221769743,0.4154999506872897,0.534201517701149,0.5341611504554749,0.0010835568219845124,0.0005034027348153869,0.0005977167848788182,0.11844571005397678
1781863943.209703,3.402082920074463,floating_bubbles,nonsocial_movie,non_social,81,1,0.48320924712640684,0.4311085162894329,0.45715888170791985,1,0,0.5361274510622025,0.48347484767436977,0.01374339549498225,0.2765806765411562,0.6907726331264193,0.5342240631580353,0.5344095528125763,0.00024942339232670853,0.0008341334296578038,0.00031898963077409636,0.11911324932134978
1781863943.245898,3.4382779598236084,floating_bubbles,nonsocial_movie,non_social,82,1,0.49863150630869574,0.4324568556756297,0.4655441809921627,1,0,0.5361028492450715,0.4831034392118454,0.014582298389656485,0.2732616252026202,0.06923730463210363,0.5342355668544769,0.5350235104560852,0.0006140654061700894,0.0003646420138433809,0.00021024626876081005,0.11819418412349636
1781863943.2814772,3.4738571643829346,floating_bubbles,nonsocial_movie,non_social,83,1,0.493288756813784,0.44163943188503246,0.4674640943494082,1,0,0.5361320048570632,0.48298000097274785,0.014694888084854087,0.27379599394406506,0.11205576631300597,0.5343239903450012,0.5342344641685486,0.0007939853635627194,0.00017991995739262997,0.0005475995027093478,0.11796200332227516
1781863943.313941,3.5063209533691406,floating_bubbles,nonsocial_movie,non_social,84,1,0.5096158560081002,0.4341290374932865,0.4718724467506934,1,0,0.5357106804847718,0.48283531069755553,0.013446131442636667,0.2727534150230914,0.3162921185138872,0.5339808166027069,0.5345524549484253,0.00046785291864738873,0.0003261324449153307,0.0005091484732895498,0.11886734605440283
1781863943.3485901,3.5409700870513916,floating_bubbles,nonsocial_movie,non_social,85,1,0.49630651411981436,0.435387441942388,0.4658469780311012,1,0,0.5358512163162231,0.48286302387714386,0.014840310861513259,0.27063200417745037,0.48101214152481486,0.5336341708898544,0.5342148542404175,0.00048387755505538687,1.602463640799814e-05,0.000399378325379828,0.1188506098756113
1781863943.3829918,3.575371742248535,floating_bubbles,nonsocial_movie,non_social,86,1,0.49797235270869195,0.4323911038121853,0.46518172826043863,1,0,0.5355846643447876,0.48271057605743406,0.0143368845381696,0.27149415259091775,0.14783007992088534,0.5335561335086823,0.5342890620231628,0.00010768764033163178,0.0003761899147237551,0.0002565982056719092,0.11914825005842632
1781863943.417718,3.610097885131836,floating_bubbles,nonsocial_movie,non_social,87,1,0.4961372297595064,0.4336396964921821,0.46488846312584425,1,0,0.5356726825237275,0.4829829275608063,0.012617304346476798,0.2730180425850617,-0.01359848032831875,0.5336203575134277,0.5332402884960175,0.001050738137704405,0.0009430504973727732,0.00029454303629160425,0.11920893132868622
1781863943.4517329,3.6441128253936768,floating_bubbles,nonsocial_movie,non_social,88,1,0.498575896204642,0.4383770440255205,0.46847647011508126,1,0,0.5356539547443391,0.48299795389175415,0.013864269090217379,0.27431874356984587,0.29741671670141995,0.5334827899932861,0.5334560871124268,0.0002559176927101347,0.0007948204449942703,0.000298465535285316,0.11799169369909596
1781863943.486391,3.6787710189819336,floating_bubbles,nonsocial_movie,non_social,89,1,0.49539338567742536,0.4287142153890591,0.4620538005332422,1,0,0.5355721145868302,0.48277299404144286,0.013632904767302393,0.2749108127644607,0.3912851176307146,0.5336114317178726,0.5329524576663971,0.0005197992999348218,0.00026388160722468713,0.0002824962411659524,0.11876417460332789
1781863943.5201411,3.7125210762023926,floating_bubbles,nonsocial_movie,non_social,90,1,0.4912489901631023,0.44848930626980177,0.46986914821645204,1,0,0.5354222387075425,0.4825215876102448,0.013055185170128004,0.2736000033775577,0.10335066413758988,0.5336629152297974,0.5338422656059265,0.0008912960906734054,0.0003714967907385836,0.0006075278776265259,0.1189431797988343
1781863943.555191,3.7475709915161133,floating_bubbles,nonsocial_movie,non_social,91,1,0.5126208037840541,0.4474657786078909,0.48004329119597244,1,0,0.534934902191162,0.48212584555149074,0.008931479421557883,0.27273672697127216,0.23946062464280096,0.533891350030899,0.533687949180603,0.0002756737518861477,0.0006156223387872577,0.0004705826680490456,0.11859745064334669
1781863943.589678,3.782058000564575,floating_bubbles,nonsocial_movie,non_social,92,1,0.5029096874417153,0.4366281034213284,0.46976889543152184,1,0,0.5347016721963882,0.4824831157922745,0.010472190565788539,0.2711542709612089,0.5118325532394692,0.5333595275878906,0.5341217517852783,0.0006863088304185775,0.0004106350785324298,0.0003732507712331947,0.11940663691563307
1781863943.62367,3.8160500526428223,floating_bubbles,nonsocial_movie,non_social,93,1,0.5028258700128241,0.4453667131018003,0.4740962915573122,1,0,0.5346169382333755,0.48257369697093966,0.008410767480015817,0.27274116256475867,0.36291268360196327,0.5335423052310944,0.534022867679596,0.0002078117735156377,0.00047849705690293975,0.0006182847266761098,0.1194842343519851
1781863943.659083,3.8514628410339355,floating_bubbles,nonsocial_movie,non_social,94,1,0.5132563885105322,0.44724089216905133,0.48024864033979175,1,0,0.5345640927553177,0.4828347325325012,0.007488677116595328,0.27214617167275484,0.5321860773527366,0.533446878194809,0.5341172516345978,0.00013421866567658462,7.359310783905309e-05,0.0002872963968860893,0.11899975208164548
1781863943.6926348,3.885014772415161,floating_bubbles,nonsocial_movie,non_social,95,1,0.5151466808090377,0.45165349641913066,0.4834000886140842,1,0,0.5345135867595673,0.48239492774009707,0.007698338266521872,0.27082525888687836,0.7600926168768072,0.5335125029087067,0.5342613756656647,0.00015836142019168314,2.4142754515098512e-05,0.00027498855509215404,0.11891590515160166
1781863943.726049,3.918428897857666,floating_bubbles,nonsocial_movie,non_social,96,1,0.5159157392885962,0.44523616473724,0.48057595201291814,1,0,0.5344616681337356,0.4824447989463806,0.006634574706110428,0.2700519871804679,0.3837832589029479,0.5336137861013412,0.5344763398170471,0.00023762969404060014,7.9268273848917e-05,0.00042312089595883314,0.11891382316395965
1781863943.761794,3.954174041748047,floating_bubbles,nonsocial_movie,non_social,97,1,0.508926261176011,0.4332781759543078,0.47110221856515944,1,0,0.5346461862325669,0.4823731392621994,0.005653156445931797,0.2708655431979386,0.21435691329988965,0.5337417721748352,0.5341137647628784,0.00038450111171989775,0.0001468714176792976,0.0003762790275382082,0.11931021033792637
1781863943.796022,3.9884018898010254,floating_bubbles,nonsocial_movie,non_social,98,1,0.5091616341009303,0.44424709380331473,0.4767043639521225,1,0,0.5345999360084533,0.4831103891134262,0.007499659687869215,0.2724710744845313,0.26126100814432146,0.533461406826973,0.533500462770462,0.000674347137744219,0.0002898460260243212,0.0005649497981290633,0.11938350512060049
1781863943.8308868,4.023266792297363,floating_bubbles,nonsocial_movie,non_social,99,1,0.5135456502427038,0.4401644350749155,0.4768550426588096,1,0,0.5347368061542511,0.48308624923229215,0.009402691875993718,0.27091494024968676,0.49953148319330376,0.533354327082634,0.5348455309867859,0.0013493237484800797,0.0006749766107358607,0.00018324134814269472,0.11896835500847772
1781863943.86513,4.057509899139404,floating_bubbles,nonsocial_movie,non_social,100,1,0.5102588222234417,0.4230301697219935,0.46664449597271757,1,0,0.534550616145134,0.48314468264579774,0.007954436599724297,0.2716656057750584,0.5724245610046577,0.5334243029356003,0.5347111523151398,0.00015150659190852944,0.0011978171565715503,0.000264919239561914,0.12077727949367814
1781863943.8995688,4.091948747634888,floating_bubbles,nonsocial_movie,non_social,101,1,0.49810155890864705,0.4305504989853226,0.4643260289469848,1,0,0.5347814500331879,0.4833530843257904,0.007832544473015618,0.2726598717291971,0.5216905320411975,0.5334932804107666,0.5348917245864868,0.00019329831158018836,4.1791719671658916e-05,0.000279132155645619,0.11988538045526309
1781863943.932395,4.124774932861328,floating_bubbles,nonsocial_movie,non_social,102,1,0.4256316617957572,0.2575991543465271,0.3416154080711421,1,0,0.5347324967384339,0.4865108460187912,0.004232212663220545,0.27292222974315083,0.7663978494500877,0.5337876081466675,0.5349279344081879,0.0002965467371396275,0.00010324842555943915,0.00024733946926071125,0.13141765162987254
1781863943.968461,4.16084098815918,floating_bubbles,nonsocial_movie,non_social,103,1,0.35725369095966614,0.11840322346918909,0.2378284572144276,1,0,0.5348092973232269,0.49084132313728335,0.0045986095300183435,0.26758694019875506,0.6794512381308723,0.5338385701179504,0.5377744138240814,0.002846935578411067,0.0025503888412714395,0.0005375624141018482,0.1439432479962086
1781863944.0014138,4.193793773651123,floating_bubbles,nonsocial_movie,non_social,104,1,0.372292012501394,0.24048554920797585,0.3063887808546849,1,0,0.534388518333435,0.48821587264537813,0.0062016893279555636,0.2707963190476271,-0.11445519965994133,0.5336560904979706,0.5375806093215942,0.0002661935327769965,0.0025807420456340703,0.0008987215964056069,0.13607423476851627
1781863944.038103,4.230483055114746,floating_bubbles,nonsocial_movie,non_social,105,1,0.4292487680534216,0.37088705470293953,0.40006791137818054,1,0,0.5352354288101195,0.4863752782344818,0.008564656746046753,0.2709437669830372,0.8700140410696573,0.5339341759681702,0.5371246933937073,0.0005340326413592662,0.0002678391085822697,0.0002921477281454498,0.1285451187245192
1781863944.07151,4.263890027999878,floating_bubbles,nonsocial_movie,non_social,106,1,0.45610280517253865,0.4045519275562405,0.43032736636438956,1,0,0.5353481054306031,0.48540475964546204,0.008066965340873712,0.270760488007291,0.5660874374895982,0.5340899080038071,0.5371081233024597,0.00015661109426718685,0.00037742154709207934,0.00014303198534710838,0.1260902727959555
1781863944.104484,4.296864032745361,floating_bubbles,nonsocial_movie,non_social,107,1,0.4863740979754123,0.42826605711082116,0.45732007754311677,1,0,0.5356197327375412,0.48496363759040834,0.009577076235801578,0.26872457552904566,1.1941058734253165,0.5342719256877899,0.5370595753192902,0.00018838084815689675,3.1769753889709896e-05,0.0004298479719905072,0.12263638349268151
1781863944.1407082,4.333088159561157,floating_bubbles,nonsocial_movie,non_social,108,1,0.5130425498298451,0.4464307167712679,0.4797366333005565,1,0,0.5351577907800674,0.48526829779148106,0.00746011497826873,0.2675185657493074,0.9771432491886689,0.5340592265129089,0.5360698997974396,0.0010122739636804258,0.000823893115523529,0.0003483084488557796,0.12108218552444099
1781863944.175051,4.367430925369263,floating_bubbles,nonsocial_movie,non_social,109,1,0.509888841213561,0.44813340255659534,0.4790111218850782,1,0,0.534998306632042,0.48488969802856446,0.007235980822525429,0.26806640199718607,0.5346726509546229,0.533958375453949,0.5358554124832153,0.00023701422754019376,0.000775259736140232,0.0004088837084795084,0.12099388296481758
1781863944.207998,4.400377988815308,floating_bubbles,nonsocial_movie,non_social,110,1,0.5127011901469389,0.4485851751612181,0.4806431826540785,1,0,0.5349055498838424,0.48414617478847505,0.006805972146198612,0.26976642051282723,0.4961312204435887,0.5340255498886108,0.5355177521705627,0.0003442773466448012,0.00010726311910460746,0.0003953847191205209,0.1198020442603389
1781863944.244915,4.437294960021973,floating_bubbles,nonsocial_movie,non_social,111,1,0.5022207575927875,0.44971983119743975,0.4759702943951136,1,0,0.5346372455358506,0.4837308317422867,0.009150369215525605,0.27128681631646095,0.5175582327898508,0.5338552594184875,0.534397304058075,0.001133314968132103,0.0007890376214873018,0.0003154843265313707,0.12059365011649484
1781863944.2785878,4.470967769622803,floating_bubbles,nonsocial_movie,non_social,112,1,0.5203052496533797,0.4490651629246519,0.4846852062890158,1,0,0.5344282507896423,0.48335172832012174,0.008248077318103909,0.2702512978660297,0.6634108465070498,0.5336370766162872,0.5348299741744995,0.00048456905062418666,0.0006487459175079163,0.00034175356304886364,0.11885997005272461
1781863944.3111548,4.50353479385376,floating_bubbles,nonsocial_movie,non_social,113,1,0.5158322047713085,0.45977459989943614,0.48780340233537234,1,0,0.5344372659921646,0.48337434232234955,0.006635619064598489,0.27130598214498686,0.7460281631270491,0.5335188060998917,0.5352621972560883,0.0004481123824517077,3.6456668172478966e-05,0.00044236315430143603,0.11819547096734376
1781863944.346349,4.538728952407837,floating_bubbles,nonsocial_movie,non_social,114,1,0.519330853972911,0.44818742655212435,0.48375914026251765,1,0,0.534488183259964,0.48314460515975954,0.008860869327490962,0.2702170322379008,0.7076609984438847,0.5333743691444397,0.5355840027332306,0.00035273332592631256,9.537905652539513e-05,0.0003852772827264669,0.11904177489823974
1781863944.3813272,4.573707103729248,floating_bubbles,nonsocial_movie,non_social,115,1,0.5195576373562418,0.44660524979671384,0.48308144357647786,1,0,0.5344011634588242,0.4827631562948227,0.0082465120318491,0.26899070427992183,0.8543085225584672,0.5334399491548538,0.5351963043212891,0.0003932057939398904,4.047246801357782e-05,0.00022989623971279155,0.11844194909518309
1781863944.415622,4.608001947402954,floating_bubbles,nonsocial_movie,non_social,116,1,0.5210554889388154,0.44302033961370746,0.4820379142762614,1,0,0.5345607578754425,0.4824380338191986,0.007427643980436485,0.26999128702977176,0.8170475029275799,0.5336151123046875,0.5349442958831787,0.0003069045159955696,8.630127794432077e-05,0.0001840701942914335,0.11886708043828717
1781863944.4498649,4.642244815826416,floating_bubbles,nonsocial_movie,non_social,117,1,0.5197196977622629,0.4494958432338331,0.48460777049804804,1,0,0.5343420028686523,0.4822484940290451,0.008321200902040788,0.2701149214614245,0.8388409396065805,0.5335037559270859,0.5344519317150116,0.0005047996799993535,0.00019789516400378388,0.00015336239637680062,0.11939352359165459
1781863944.485721,4.678101062774658,floating_bubbles,nonsocial_movie,non_social,118,1,0.5140956974014815,0.45940780164641726,0.4867517495239494,1,0,0.5341384083032608,0.4822704344987869,0.009157640130640108,0.2716198924100456,0.6328432016925005,0.5331841856241226,0.5335364937782288,0.0009696142504301621,0.0004648145704308086,0.0004694601062622062,0.11923385685474137
1781863944.5197492,4.71212911605835,floating_bubbles,nonsocial_movie,non_social,119,1,0.5164429716330484,0.4503604792880725,0.4834017254605605,1,0,0.5340930998325348,0.4823735147714615,0.004687503816824326,0.2720572988015102,0.6809817901273443,0.5334357619285583,0.5331391394138336,0.0004702989770958534,0.0004993152733343087,0.00032857847784857516,0.1191445371969294
1781863944.552748,4.74512791633606,floating_bubbles,nonsocial_movie,non_social,120,1,0.5220145685998806,0.4628539309039543,0.49243424975191746,1,0,0.5336339175701141,0.4823710590600967,0.005656984467914716,0.2712543218797618,0.7595339557726267,0.5331187844276428,0.5329689085483551,0.0003597961695852495,0.00011050280751060391,0.0003546780790885227,0.11916215380951353
1781863944.587944,4.7803239822387695,floating_bubbles,nonsocial_movie,non_social,121,1,0.5233556177560189,0.45155673299109383,0.48745617537355634,1,0,0.5337011814117432,0.482443180680275,0.006225313832437887,0.2710444130150212,0.5623547881988251,0.5330652296543121,0.5330775082111359,0.00012108674784053201,0.00023870942174471747,0.00048195837774544196,0.11978378614414131
1781863944.623085,4.815464973449707,floating_bubbles,nonsocial_movie,non_social,122,1,0.5098200573655671,0.4596101699253166,0.48471511364544184,1,0,0.5338493794202804,0.4821702241897583,0.008574220370166759,0.2684215965196775,0.4380929747159981,0.5329349488019943,0.5346760749816895,0.0016038668337486081,0.0014827800859080762,0.000522313673343402,0.12016108928552265
1781863944.656684,4.849063873291016,floating_bubbles,nonsocial_movie,non_social,123,1,0.5203512200529804,0.4447453554388884,0.4825482877459344,1,0,0.5338545769453049,0.48172383606433866,0.007178197894978666,0.2695926638483113,0.2469455875290206,0.5330313593149185,0.5340906977653503,0.000593263408960331,0.0010106034247882771,0.00032227414944772026,0.11964784467544345
1781863944.692221,4.884600877761841,floating_bubbles,nonsocial_movie,non_social,124,1,0.5081240402471836,0.4442375715969911,0.47618080592208734,1,0,0.5339306771755219,0.4815173953771591,0.00915554966068459,0.2702150396685492,0.35438873924016046,0.5330949127674103,0.5334243774414062,0.0006693443175411157,7.608090858078468e-05,0.0006790904205779742,0.11939432192640721
1781863944.726349,4.918729066848755,floating_bubbles,nonsocial_movie,non_social,125,1,0.5076040838701316,0.446061700260044,0.4768328920650878,1,0,0.5337890535593033,0.48193145394325254,0.009701013942952808,0.268923098453847,0.4261607823845235,0.532836452126503,0.5339247286319733,0.0005631635790780835,0.00010618073846303214,0.0006960936231020831,0.12014570134015524
1781863944.7605782,4.952958106994629,floating_bubbles,nonsocial_movie,non_social,126,1,0.5291540714518299,0.45563566054317656,0.49239486599750326,1,0,0.5336658924818038,0.48185667097568513,0.0067202317662929355,0.26997282527100047,0.28685547161695757,0.5330055058002472,0.533742755651474,0.0002483813806189945,0.00031478219845908906,0.00041307500213786757,0.1182655891883525
1781863944.7946298,4.987009763717651,floating_bubbles,nonsocial_movie,non_social,127,1,0.5272311769560686,0.4558327996746431,0.49153198831535583,1,0,0.5333695650100708,0.4819552481174469,0.007617561043077052,0.26718640956478934,0.1131514997644414,0.5327507108449936,0.534586101770401,0.0008809955422883373,0.0006326141616693427,0.0005181966414529509,0.11836395837888034
1781863944.828202,5.020581960678101,floating_bubbles,nonsocial_movie,non_social,128,1,0.5197128308121359,0.4540271939894112,0.48687001240077354,1,0,0.5332412391901016,0.48116797804832456,0.008401150455981094,0.2694651926503311,0.6201570519596983,0.5326508730649948,0.5331163704395294,0.0014731183819573484,0.0005921228396690111,0.0003765444590256719,0.11798147411453655
1781863944.863206,5.055585861206055,floating_bubbles,nonsocial_movie,non_social,129,1,0.5120052488480255,0.46885030738074357,0.49042777811438454,1,0,0.5330860525369644,0.48119416236877444,0.009046260273985507,0.26999759438189563,0.4653177830507921,0.5323933362960815,0.5328679084777832,0.0003578526704903354,0.001115265711467013,0.00015017626433179522,0.11948439649693632
1781863944.898925,5.0913050174713135,floating_bubbles,nonsocial_movie,non_social,130,1,0.5039379757454812,0.45576519671036303,0.4798515862279221,1,0,0.5330920100212098,0.48153725266456604,0.008289265209916848,0.2709926944849858,0.4966907684916955,0.5322389602661133,0.5328313410282135,0.00015864783955917694,0.00019920483093115843,0.0005020147923972837,0.12023035628792912
1781863944.9309351,5.123315095901489,floating_bubbles,nonsocial_movie,non_social,131,1,0.5009000416339652,0.4739102657219532,0.4874051536779592,1,0,0.5333710968494415,0.48177621364593504,0.007828914680660473,0.27004935064947494,0.4781378327933487,0.5325065106153488,0.5338197350502014,0.0010239657865756568,0.0008653179470164798,0.000538043449508598,0.11935994835216492
1781863944.9663098,5.158689737319946,floating_bubbles,nonsocial_movie,non_social,132,1,0.4936444858744145,0.4849819798624631,0.4893132328684388,1,0,0.5340042144060135,0.4843142181634903,0.007977941474571591,0.2651475356821649,0.36323582521065806,0.5324449986219406,0.5350514054298401,0.0012332054368240195,0.0002092396502483627,0.00035409438988354423,0.1205258307288928
1781863945.0016398,5.194019794464111,floating_bubbles,nonsocial_movie,non_social,133,1,0.47210799959814126,0.5179720274607442,0.4950400135294427,1,0,0.5341935247182845,0.4855655789375305,0.0076346657342224655,0.261901713945333,0.8342930002454552,0.5326137542724609,0.5367173552513123,0.0016744752244347142,0.00044126978761069476,0.0005284011290738033,0.12182546833575869
1781863945.034763,5.227143049240112,floating_bubbles,nonsocial_movie,non_social,134,1,0.48961786887335257,0.4944771839136252,0.4920475263934889,1,0,0.5341018170118332,0.48552128076553347,0.008660466780973238,0.2601834038397067,0.6802128239364614,0.5324499905109406,0.5370286107063293,0.0003517080150710265,0.0013227672093636877,0.0003621887480005648,0.12212547142904895
1781863945.070415,5.2627949714660645,floating_bubbles,nonsocial_movie,non_social,135,1,0.49150890964128,0.5050257223043866,0.4982673159728333,1,0,0.5339794039726258,0.48565065264701845,0.007076165118055424,0.26270725741443574,1.0108046796119678,0.532595157623291,0.5365176498889923,0.0005311821225925287,0.00017947410752150222,0.0003988959299291523,0.12197865209147334
1781863945.104542,5.296921968460083,floating_bubbles,nonsocial_movie,non_social,136,1,0.4982081360539205,0.48932955712555204,0.4937688465897363,1,0,0.533760330080986,0.4860833644866943,0.006655453545602206,0.26327326723011774,0.7682276124425638,0.5323200970888138,0.5360716581344604,0.0005239913575024962,7.190765090032579e-06,0.00046959808567434376,0.12314744545193373
1781863945.139371,5.331750869750977,floating_bubbles,nonsocial_movie,non_social,137,1,0.49718260047722607,0.4992242573183386,0.49820342889778235,1,0,0.5339552372694015,0.48590726852416993,0.007339348514690322,0.26398193512494034,0.5888043360426203,0.5326224863529205,0.5365186631679535,0.0005396783922070048,1.5687034704508595e-05,0.0002613395206952527,0.12224909382083916
1781863945.173944,5.366323947906494,floating_bubbles,nonsocial_movie,non_social,138,1,0.5052008865539375,0.4939260037029124,0.49956344512842493,1,0,0.5340502291917801,0.48575239181518554,0.01032827550488985,0.2623083918982974,0.46492245253642533,0.5324330478906631,0.5368330478668213,0.00036704859332878354,0.00017262979887822122,0.0006558829520820671,0.12224690980716493
1781863945.206851,5.39923095703125,floating_bubbles,nonsocial_movie,non_social,139,1,0.4954323296949941,0.5024545454528963,0.4989434375739452,1,0,0.5338757991790772,0.48590787351131437,0.010384048001382887,0.26378966368242557,0.27479665489669175,0.5323298275470734,0.5362651348114014,0.0005772171842965038,0.0002101685909677203,0.0003359529038679576,0.12230574916702529
1781863945.242338,5.434717893600464,floating_bubbles,nonsocial_movie,non_social,140,1,0.49031777371347035,0.4900070632379171,0.49016241847569375,1,0,0.5339849829673767,0.4859678655862808,0.012231812278740066,0.2639768478423934,0.14371383980796995,0.5321685373783112,0.536179393529892,0.00018266386039448334,0.0003945533239020205,0.0006794167836435956,0.12196441576056091
1781863945.2772539,5.4696338176727295,floating_bubbles,nonsocial_movie,non_social,141,1,0.4850956193377373,0.48417373260203017,0.48463467596988374,1,0,0.5342934131622314,0.48602400720119476,0.011385807434536323,0.26540907591857865,0.609070661260167,0.5325254946947098,0.5357719361782074,0.0005417010422477591,0.0003590371818532758,0.0003825067363993445,0.12232897593964827
1781863945.310501,5.502881050109863,floating_bubbles,nonsocial_movie,non_social,142,1,0.48595916821671953,0.4890813781554897,0.4875202731861046,1,0,0.5341662973165512,0.4859769374132156,0.011608481491634034,0.2643048306094555,0.8408574564714587,0.5324912667274475,0.5363507568836212,0.0005798318400697371,3.8130797821978014e-05,0.0002830158612754124,0.12193270090227319
1781863945.345868,5.538248062133789,floating_bubbles,nonsocial_movie,non_social,143,1,0.48247991400232904,0.4585937958405666,0.4705368549214478,1,0,0.5331814557313919,0.483333483338356,0.010874721574868606,0.2683329205240276,0.8182595145690241,0.5326337516307831,0.5352205634117126,0.0011391396892494322,0.0005593078491796951,0.0005019031754680962,0.12085564682949952
1781863945.380966,5.573345899581909,floating_bubbles,nonsocial_movie,non_social,144,1,0.4981877572614548,0.4472364750907057,0.4727121161760802,1,0,0.5332369059324265,0.48230468332767484,0.006598322302878099,0.2675517659603163,0.8179297242486218,0.5329191088676453,0.5352002084255219,0.00028608229251816215,0.0008530573967312701,0.0004617059618623551,0.12063745146583958
1781863945.413524,5.60590386390686,floating_bubbles,nonsocial_movie,non_social,145,1,0.500165885662421,0.46196746205896544,0.48106667386069324,1,0,0.5329747885465622,0.4823139697313309,0.00514549089069991,0.2661717664764608,0.4960935881776222,0.5330625176429749,0.5348745286464691,0.00035585586313192967,6.977357061376752e-05,0.0003960291516755807,0.12011745264031617
1781863945.448452,5.64083194732666,floating_bubbles,nonsocial_movie,non_social,146,1,0.4968431065800562,0.46184920520406414,0.4793461558920602,1,0,0.5329530864953995,0.4826727360486984,0.005779194230517494,0.266547330560662,0.5272887771297852,0.5332018882036209,0.5348192751407623,0.00014992365746501198,0.0002059322056669177,0.00044555542334639124,0.12052600002179042
1781863945.482699,5.675078868865967,floating_bubbles,nonsocial_movie,non_social,147,1,0.5053930627025917,0.4740492444136823,0.48972115355813695,1,0,0.5327414900064469,0.4826860249042511,0.006332843987961304,0.26790051813041643,0.7645406457838924,0.5327803939580917,0.534135639667511,0.0008031281711543903,0.0006532045136893784,0.00042895105473124455,0.12024824714580865
1781863945.516879,5.709259033203125,floating_bubbles,nonsocial_movie,non_social,148,1,0.49675634588487655,0.4688158112658512,0.4827860785753639,1,0,0.5326824754476547,0.4829018861055374,0.005158880092757534,0.26765135521857936,0.5321801217540443,0.5326691567897797,0.5341633260250092,0.00011463089463842118,0.0006884972765159691,0.00027296310645071205,0.12015404183188566
1781863945.5534542,5.745834112167358,floating_bubbles,nonsocial_movie,non_social,149,1,0.4978809647514526,0.45802090946770135,0.477950937109577,1,0,0.5327370762825012,0.4822299391031265,0.004636363080189778,0.26975340135554277,0.7483797158733969,0.5326064974069595,0.5341106653213501,8.184954468576236e-05,3.278134995265882e-05,0.0002878001335352016,0.11898234880975436
1781863945.586072,5.778451919555664,floating_bubbles,nonsocial_movie,non_social,150,1,0.49420799775441004,0.4573650807948201,0.47578653927461506,1,0,0.5328909546136855,0.4822848975658417,0.007534012317971273,0.2707927503780984,0.8360412385617902,0.5324488431215286,0.5342567265033722,0.00021491566394384046,0.0001330661192580781,0.0004408838249201618,0.11949357695313621
1781863945.621078,5.81345796585083,floating_bubbles,nonsocial_movie,non_social,151,1,0.5037232331324962,0.45561896896115606,0.47967110104682614,1,0,0.5328397244215012,0.4823701709508896,0.004850435533555848,0.2689355262441292,0.6891234458536892,0.5326199978590012,0.5347193777561188,0.0004932951710966507,0.00027837950715281024,0.00033873995805060696,0.11920685761568961
1781863945.655496,5.8478758335113525,floating_bubbles,nonsocial_movie,non_social,152,1,0.4982804484128874,0.46365087561309454,0.48096566201299096,1,0,0.5329786777496338,0.4823000967502594,0.0033219676356189684,0.2694467652595863,0.7858063940412316,0.5328616350889206,0.5340038537979126,0.0007552238645925933,0.00026192869349594267,0.00040602325030278055,0.1190801116420271
1781863945.690014,5.882393836975098,floating_bubbles,nonsocial_movie,non_social,153,1,0.5068577392926246,0.4670696586354756,0.4869636989640501,1,0,0.5326526373624801,0.4823110312223434,0.005365743912732445,0.26865472549981456,0.7267300850857097,0.5324067771434784,0.5345835983753204,0.0007368850151588717,1.8338849433721617e-05,0.00031744545446725904,0.11987722854184517
1781863945.7239199,5.916299819946289,floating_bubbles,nonsocial_movie,non_social,154,1,0.5051557320479793,0.4560986469464755,0.4806271894972274,1,0,0.5325299173593521,0.48210795819759367,0.0036454975399525034,0.26780498811156195,0.42675448996671045,0.532562643289566,0.5349601209163666,0.00040750887034770136,0.00032937614481117036,0.0002406729189141254,0.1206153269848406
1781863945.759413,5.95179295539856,floating_bubbles,nonsocial_movie,non_social,155,1,0.5079386265293679,0.4584991826743811,0.48321890460187455,1,0,0.5329106092453003,0.4829825133085251,0.0029332928870077464,0.2696623782598123,0.5590283230754696,0.5325473546981812,0.5339335501194,0.0010266846362009501,0.0006191757658532488,0.0007095795236636869,0.12042834168169649
1781863945.792892,5.98527193069458,floating_bubbles,nonsocial_movie,non_social,156,1,0.4914202856607855,0.4875727257832515,0.4894965057220185,1,0,0.5337733924388885,0.48605250418186186,0.005630238435437668,0.2648521838916223,0.4156000969017954,0.5323552489280701,0.5348415970802307,0.0009281454142448922,9.853922195605794e-05,0.00022800417778962595,0.1242766307955197
1781863945.827095,6.019474983215332,floating_bubbles,nonsocial_movie,non_social,157,1,0.48317355301328563,0.4792756980107102,0.4812246255119979,1,0,0.5339739054441452,0.48595364987850187,0.008764023601120186,0.2651208603783452,0.6301025194997896,0.5323723703622818,0.5357912480831146,0.0009498053331014123,2.1659918856520104e-05,0.00029590860452782743,0.12327012698449598
1781863945.861943,6.054322957992554,floating_bubbles,nonsocial_movie,non_social,158,1,0.4793967876594689,0.48090146500762093,0.4801491263335449,1,0,0.5339180767536162,0.486373570561409,0.006499128209499284,0.2660101084454449,0.7315265141006163,0.5325278639793396,0.535589873790741,0.00025442065673743754,0.0006953846763639748,0.0004318318350954893,0.12223724384002649
1781863945.896471,6.088850975036621,floating_bubbles,nonsocial_movie,non_social,159,1,0.4893270095427991,0.4774099354325139,0.4833684724876565,1,0,0.5340130060911179,0.486825630068779,0.006864800130616605,0.2657299504384539,0.5756683920228902,0.5324942767620087,0.5359993875026703,0.00041088877013878883,0.0001564681134013513,0.00018219754395564457,0.12299047938969174
1781863945.932229,6.124608993530273,floating_bubbles,nonsocial_movie,non_social,160,1,0.49900454363353397,0.4857680382669488,0.4923862909502414,1,0,0.5340984106063843,0.4866650700569153,0.004848082036561755,0.2650793068125539,0.4823872926768098,0.5329288989305496,0.5363669991493225,0.0005692405046565114,0.00015835173451772257,0.0004639308400438081,0.12287141261961745
1781863945.9658592,6.158239126205444,floating_bubbles,nonsocial_movie,non_social,161,1,0.5010862476702901,0.47829082933020034,0.4896885385002452,1,0,0.53414366543293,0.4866154849529266,0.006227501809105539,0.26432643755056046,0.40612304721909404,0.5329025685787201,0.5366954803466797,0.00032953480005102937,0.00023970570460548203,0.00027418129923806404,0.12247218509916301
1781863945.998175,6.190554857254028,floating_bubbles,nonsocial_movie,non_social,162,1,0.4963630547739695,0.4806520623941764,0.48850755858407297,1,0,0.5343589127063751,0.48648715317249297,0.007931425800365976,0.26543735127377815,0.4143132862845236,0.5329636782407761,0.5366357564926147,8.54478176489323e-05,0.00024408698240209708,0.0003926497993603141,0.12179255861231703
1781863946.034255,6.226634979248047,floating_bubbles,nonsocial_movie,non_social,163,1,0.5032195640624747,0.48686997222157863,0.4950447681420267,1,0,0.5345816642045975,0.4863519459962845,0.009497657313115693,0.2649753037947943,0.591896744171886,0.5328475087881088,0.5359945297241211,0.0006516648758110393,0.000566217058162107,0.0005500821148592838,0.12193277992825319
1781863946.0689821,6.261362075805664,floating_bubbles,nonsocial_movie,non_social,164,1,0.4761743639256118,0.46818061562914975,0.4721774897773808,1,0,0.5346398949623108,0.48649320006370544,0.009470805430404908,0.26806482032799195,0.5390743324274242,0.5330139994621277,0.5358240902423859,0.00023826195976157816,0.0004134029160494611,0.00040307393158549624,0.12251819528514138
1781863946.1023412,6.2947211265563965,floating_bubbles,nonsocial_movie,non_social,165,1,0.4818386178172767,0.4670604659003525,0.4744495418588146,1,0,0.534564632177353,0.4871906489133835,0.0072559799901582645,0.2662947638430603,0.21820665386096275,0.5330818295478821,0.5370236039161682,0.0012014299705452147,0.0009631680107836365,0.0006602153097437398,0.12315343674219048
1781863946.137231,6.32961106300354,floating_bubbles,nonsocial_movie,non_social,166,1,0.49392684355820515,0.4750271163503655,0.4844769799542853,1,0,0.534435561299324,0.48790846168994906,0.008202633846869724,0.2664932680850747,0.48394871446116877,0.5330000221729279,0.5376232862472534,0.0006052366023405116,0.0005961933682047031,0.0005301808149119332,0.12307447289570424
1781863946.172982,6.365361928939819,floating_bubbles,nonsocial_movie,non_social,167,1,0.48070317224757786,0.47583569682778865,0.4782694345376832,1,0,0.5345176190137864,0.48791896998882295,0.00851303930241621,0.2668972865482213,0.5606751002507602,0.5331311672925949,0.537575364112854,0.00013962654968837845,0.00046561005265213307,0.00039621620377071565,0.12314326907241246
1781863946.206508,6.398887872695923,floating_bubbles,nonsocial_movie,non_social,168,1,0.49164637637256964,0.4766820030807046,0.4841641897266371,1,0,0.5345802068710327,0.48780854046344757,0.008273573431916747,0.2680676716060341,0.4509750005082044,0.5330092161893845,0.5373680293560028,0.00024054058487662808,0.00010091403518824963,0.0004420434793369239,0.12257009208739193
1781863946.240622,6.43300199508667,floating_bubbles,nonsocial_movie,non_social,169,1,0.48548829123034687,0.4299693850013354,0.45772883811584114,1,0,0.5343992531299591,0.4862325996160507,0.010408162776570562,0.26970509782496577,0.39822319828001296,0.5330803692340851,0.5362555384635925,0.0011147639846469683,0.0008742233997703402,0.000451337663407255,0.12147795940909054
1781863946.2745001,6.4668800830841064,floating_bubbles,nonsocial_movie,non_social,170,1,0.4949249531008404,0.4385669174904062,0.4667459352956233,1,0,0.5344769507646561,0.48575226962566376,0.010110978404725465,0.27192732049506324,0.24278069132107477,0.5331665873527527,0.5365105271339417,0.00026917055186812975,0.0008455934327788385,0.000394745488872914,0.11960561210871883
1781863946.310068,6.502447843551636,floating_bubbles,nonsocial_movie,non_social,171,1,0.49260534272547124,0.4532708964879007,0.47293811960668597,1,0,0.5342573046684265,0.48525131046772,0.009461496869122973,0.2705018824261951,-0.29791768470783736,0.5332158356904984,0.5367684960365295,0.00026262778503637394,6.542766831755815e-06,0.00040729059361652154,0.11963103457257125
1781863946.3440828,6.536462783813477,floating_bubbles,nonsocial_movie,non_social,172,1,0.5113460384452698,0.44985466556981357,0.4806003520075417,1,0,0.5343923330307007,0.4847779542207718,0.010283964138569099,0.27096922175812116,0.35597143524334807,0.5332022905349731,0.5365722179412842,0.00019674491584625306,6.588286919012088e-05,0.0005081653464076815,0.11882913184102159
1781863946.378217,6.570596933364868,floating_bubbles,nonsocial_movie,non_social,173,1,0.5211783782891629,0.43116329728264857,0.47617083778590574,1,0,0.5342009216547012,0.4842768281698227,0.010147734979911548,0.2705916626534144,0.5362386134863549,0.5331438034772873,0.5359648168087006,0.0006102105143150274,0.0004134655984687744,0.00044687260384329347,0.11932384875401565
1781863946.4130602,6.605440139770508,floating_bubbles,nonsocial_movie,non_social,174,1,0.501756588807681,0.4362818248028873,0.4690192068052842,1,0,0.5340978890657425,0.48400723934173584,0.011062432224808443,0.27178353964877944,0.2882886959712903,0.5329307913780212,0.5355704724788666,0.00044819817592884595,0.0001620123383861815,0.0004975368994604379,0.11981154532745723
1781863946.447124,6.6395039558410645,floating_bubbles,nonsocial_movie,non_social,175,1,0.5096183517522279,0.437508812849215,0.4735635823007215,1,0,0.5340286165475845,0.4842495799064636,0.014882962825554055,0.2722444279776149,0.4986930099328773,0.5323022902011871,0.5354734063148499,0.0006359524899540674,0.00018775431402522145,0.0007772241453097526,0.11956583094009117
1781863946.481018,6.673398017883301,floating_bubbles,nonsocial_movie,non_social,176,1,0.493073491509817,0.4531076901123904,0.4730905908111037,1,0,0.5342342108488083,0.48384576439857485,0.01542976056382046,0.2726549313353311,0.07787783333145402,0.5324874520301819,0.5355865061283112,0.00021697112877445954,0.00041898136117960783,0.0004893458976093068,0.11821313048590026
1781863946.516952,6.70933198928833,floating_bubbles,nonsocial_movie,non_social,177,1,0.49262369775002773,0.4335108502822052,0.46306727401611647,1,0,0.5342906296253205,0.48404292166233065,0.015403230818083868,0.2722441673362721,0.21555690333908925,0.5326208472251892,0.5349180996417999,0.0006815874920076877,0.00046461636323322816,0.00026913027490870216,0.1193430891263938
1781863946.550314,6.742693901062012,floating_bubbles,nonsocial_movie,non_social,178,1,0.4806038174088192,0.44423313772466244,0.4624184775667408,1,0,0.5344058543443679,0.4837428331375122,0.01657784068453737,0.27162898625977133,0.16036388692221742,0.5325715392827988,0.535359263420105,0.0004439107483167869,0.00023767674369090083,0.00040275320956777454,0.11986665668780322
1781863946.584791,6.777170896530151,floating_bubbles,nonsocial_movie,non_social,179,1,0.47564872511664424,0.43868150533545813,0.4571651152260512,1,0,0.5345774799585342,0.4832321524620056,0.01441437306006181,0.27182261922245876,0.29247469804775555,0.532894641160965,0.5353034734725952,0.00032788312234341606,0.00011602762597337084,0.00034023677070948077,0.11942625855739615
1781863946.619893,6.812273025512695,floating_bubbles,nonsocial_movie,non_social,180,1,0.49359511399410794,0.43109405764178316,0.4623445858179456,1,0,0.5347353935241699,0.4829788953065872,0.014663819727305486,0.2713084125633596,0.028174072174085563,0.5330044329166412,0.5348002314567566,0.0005150793687576688,0.00018719624641425276,0.0003295244507403568,0.1189988335836763
1781863946.654405,6.846785068511963,floating_bubbles,nonsocial_movie,non_social,181,1,0.4776935027547099,0.45117822298872423,0.46443586287171706,1,0,0.5353320151567459,0.4839084357023239,0.014647449061307933,0.2704204593415127,0.2542670614732932,0.533053070306778,0.5348368287086487,6.086833795467443e-05,0.00045421103080299437,0.0002711764140014862,0.11989959564221112
1781863946.689366,6.881746053695679,floating_bubbles,nonsocial_movie,non_social,182,1,0.49955528444660463,0.47426445436393094,0.4869098694052678,1,0,0.536981588602066,0.48655798733234407,0.016430022662620405,0.2679725808383038,0.8351156259503095,0.5331709086894989,0.535751074552536,0.0009218087369446782,0.0008609403989900038,0.000358738085268259,0.12144490551425223
1781863946.721806,6.914186000823975,floating_bubbles,nonsocial_movie,non_social,183,1,0.49118750600113437,0.47520585321287045,0.4831966796070024,1,0,0.536735588312149,0.4869224399328232,0.01671942972136027,0.26763437301116716,1.188307784088796,0.5332486629486084,0.5362728238105774,0.0005275111497176143,0.0003942975872270639,0.0004461701358432911,0.1225467720283104
1781863946.757241,6.949620962142944,floating_bubbles,nonsocial_movie,non_social,184,1,0.47989440095329416,0.46997119297619966,0.4749327969647469,1,0,0.5367090702056885,0.4869383782148361,0.01603250364580494,0.26763864589192365,0.9588845395412104,0.5333689451217651,0.536607950925827,0.0003560589621886365,0.0001714521875289778,0.00030153658398383994,0.12298746340500497
1781863946.7923598,6.984739780426025,floating_bubbles,nonsocial_movie,non_social,185,1,0.49301306719478466,0.4808400255189862,0.4869265463568854,1,0,0.5366317629814148,0.48700271844863896,0.015028418615599814,0.268971312869993,0.5907632912161462,0.533442959189415,0.53590527176857,0.00070656640187147,0.00035050743968283345,0.0003110919010338314,0.12176233390468968
1781863946.826659,7.019038915634155,floating_bubbles,nonsocial_movie,non_social,186,1,0.49817727123414585,0.4837985126490149,0.4909878919415804,1,0,0.536682665348053,0.4869395017623901,0.017463428573355356,0.267945449994299,0.8939809816422873,0.5332892686128616,0.5360657870769501,0.00022222951546918058,0.0004843368864022894,0.000368570161807536,0.12131666975831903
1781863946.859931,7.052310943603516,floating_bubbles,nonsocial_movie,non_social,187,1,0.5005969766064147,0.4812179143053109,0.4909074454558628,1,0,0.5365368574857712,0.48722213208675386,0.017338703969849836,0.2694167515001747,1.1065749520671206,0.5333140194416046,0.5352703928947449,0.0007957791833224488,0.0005735496678532683,0.0003241845869160025,0.12116944602711702
1781863946.8955169,7.087896823883057,floating_bubbles,nonsocial_movie,non_social,188,1,0.503005824695624,0.4889124873196417,0.49595915600763285,1,0,0.5364039719104767,0.4875149607658386,0.012920992890235185,0.26593563401325343,0.9343331722214582,0.5336991846561432,0.5371008217334747,0.0018705138267718002,0.0010747346434493515,0.00038967285466507854,0.12098430853639626
1781863946.929964,7.122344017028809,floating_bubbles,nonsocial_movie,non_social,189,1,0.48841714423056176,0.4951986879057438,0.4918079160681528,1,0,0.5365495294332504,0.4874685049057007,0.0163959920458737,0.26564749211428823,0.7204332485415268,0.533494770526886,0.5369577407836914,0.0002495141166965881,0.001620999710075212,0.00024877987641346467,0.1211950604005936
1781863946.9637172,7.156097173690796,floating_bubbles,nonsocial_movie,non_social,190,1,0.48586107736692435,0.4866716835738208,0.4862663804703726,1,0,0.5363717466592789,0.4872501611709595,0.013335657894466005,0.26697887260747954,0.5197464747916066,0.5335273444652557,0.5368376076221466,0.00012447103262874177,0.00012504308406784633,0.0003091674291118145,0.12156729471639653
1781863946.9991732,7.191553115844727,floating_bubbles,nonsocial_movie,non_social,191,1,0.4897992371669462,0.4892916339795859,0.489545435573266,1,0,0.5361974000930786,0.4871110051870346,0.015047325373832788,0.26630926589225656,0.9062432234540179,0.5333529114723206,0.537245362997055,0.0004434989456481866,0.0003190279130194448,0.0004937435834328503,0.12193508922591889
1781863947.033796,7.226176023483276,floating_bubbles,nonsocial_movie,non_social,192,1,0.4942293403655193,0.47407191117228226,0.4841506257689008,1,0,0.5354525566101074,0.4864404261112213,0.01725570634125981,0.26606226396075916,0.38577228729352886,0.533160462975502,0.5377417504787445,0.0005323879749822621,8.888902933407546e-05,0.0004398249355269498,0.12222351207939286
1781863947.06625,7.258630037307739,floating_bubbles,nonsocial_movie,non_social,193,1,0.47247667675048954,0.46864263646467325,0.47055965660758137,1,0,0.5351168066263199,0.48661747872829436,0.017815443080181945,0.2663043939686064,0.24760172030899585,0.5330904275178909,0.536741316318512,0.0010028825825005585,0.0004704946075182964,0.00028762845162219033,0.12287261094477486
1781863947.101415,7.293794870376587,floating_bubbles,nonsocial_movie,non_social,194,1,0.4752122341957108,0.4843387989456021,0.4797755165706564,1,0,0.5350330471992493,0.4867757707834244,0.0156989289501027,0.2664917720678906,0.19210268155033403,0.5331214070320129,0.5365746915340424,0.0001694802321652231,0.0008334023503353354,0.0003645322084022533,0.1230566328062891
1781863947.1370409,7.329420804977417,floating_bubbles,nonsocial_movie,non_social,195,1,0.46897921104553275,0.4847888133227152,0.47688401218412396,1,0,0.5350470423698426,0.48684187829494474,0.017904660013917585,0.26674863424736794,0.6246980757066497,0.532967746257782,0.5369944870471954,0.0004470345695812704,0.0002775543374160473,0.0004594235985301724,0.12249074671823913
1781863947.1696708,7.362050771713257,floating_bubbles,nonsocial_movie,non_social,196,1,0.4646742775013887,0.48993911106489846,0.47730669428314354,1,0,0.5349864095449448,0.48689124286174773,0.020784372720528292,0.26823932528683814,0.8473802122142375,0.5324619710445404,0.5364364087581635,0.00075316661039801,0.0003061320408167396,0.00033701940988380017,0.12279970352273675
1781863947.205857,7.398236989974976,floating_bubbles,nonsocial_movie,non_social,197,1,0.467407348767204,0.49430260852312635,0.4808549786451652,1,0,0.5349938839673996,0.4866513222455978,0.01916741910497459,0.2672882150434025,0.506387212144645,0.5326600521802902,0.5359286665916443,0.0005450121503246629,0.00020815446007334715,0.00027990775754752506,0.1229834613357966
1781863947.2395542,7.431934118270874,floating_bubbles,nonsocial_movie,non_social,198,1,0.4665382387197185,0.4753673976349534,0.4709528181773359,1,0,0.5350830584764481,0.48639871180057526,0.01913601278610504,0.26714325342267076,0.8970617768297016,0.5328417718410492,0.5363693237304688,0.0004766557973037964,6.835635302086644e-05,0.00048820350179720593,0.12289399520359852
1781863947.2734988,7.46587872505188,floating_bubbles,nonsocial_movie,non_social,199,1,0.4765837588439191,0.4804176785590895,0.47850071870150435,1,0,0.5351465761661529,0.4864517837762833,0.01807298940227784,0.2657477116758931,0.6604559759775522,0.5329602062702179,0.5370628237724304,0.0007035403486747253,0.00022688455137092885,0.0003491521283353014,0.12234955263252098
1781863947.345802,7.538182020187378,floating_bubbles,nonsocial_movie,non_social,200,1,0.4709832606505766,0.4734652867917752,0.4722242737211759,1,0,0.5350930124521256,0.4862362861633301,0.018935058001716822,0.2679366408048499,0.653048946310437,0.5330059379339218,0.5360859930515289,0.0009779006301061737,0.0002743602814314484,0.00044809118626904735,0.12193998176075936
1781863947.376071,7.568450927734375,floating_bubbles,nonsocial_movie,non_social,201,1,0.47440146780441683,0.4781782341162165,0.4762898509603167,1,0,0.5350796282291412,0.4861482590436935,0.018016868483268663,0.26743798528561913,0.7235936740323966,0.5329232215881348,0.5359601080417633,0.00015062878059671748,0.0008272718495094562,0.00035000916636680144,0.12235985315509301
1781863947.4112508,7.603630781173706,floating_bubbles,nonsocial_movie,non_social,202,1,0.47235883781441673,0.47373742592563006,0.47304813187002337,1,0,0.5350379317998886,0.486286523938179,0.018519288331170364,0.2679783805386877,0.5919868676120967,0.5326351374387741,0.5363697707653046,0.0005008153593612079,0.0003501865787644905,0.0004137283646916475,0.12259187430771229
1781863947.444978,7.637357950210571,floating_bubbles,nonsocial_movie,non_social,203,1,0.4706533144482365,0.47804002373020293,0.47434666908921974,1,0,0.5348495960235595,0.4865806758403778,0.01947302250573479,0.26934692871764637,0.9293277406696384,0.5325019955635071,0.5358145236968994,0.0005709869227242738,7.017156336306589e-05,0.0004392826965970515,0.12237185263586743
1781863947.479666,7.672045946121216,floating_bubbles,nonsocial_movie,non_social,204,1,0.4776587575338118,0.47399068943713696,0.4758247234854744,1,0,0.5348784863948822,0.48678812980651853,0.018037049880717325,0.26947659114177824,0.7542405740664777,0.5327485948801041,0.5351422131061554,0.0007161094562793255,0.00014512253355505162,0.0003305866297694878,0.12215004378133842
1781863947.513267,7.705646991729736,floating_bubbles,nonsocial_movie,non_social,205,1,0.4796217825452331,0.47175446417653605,0.47568812336088456,1,0,0.5348637402057648,0.4869633495807648,0.017863907209799038,0.2696238327248208,0.8899240067224085,0.5327278524637222,0.5357375144958496,0.0005956626498356429,0.00012044680644368252,0.0003638350921437322,0.12299478516719746
1781863947.548592,7.74097204208374,floating_bubbles,nonsocial_movie,non_social,206,1,0.48848323992638215,0.47151110124395673,0.47999717058516944,1,0,0.5348017543554306,0.4871244072914124,0.016259998899096212,0.2686419272712966,0.9273766052803629,0.5326170176267624,0.5361192524433136,0.0003975024800148214,0.00019816016982082154,0.00037414702977387094,0.12285886968527197
1781863947.5830662,7.775446176528931,floating_bubbles,nonsocial_movie,non_social,207,1,0.474334428927325,0.4739254174105712,0.4741299231689481,1,0,0.5346518516540527,0.4873467177152634,0.01627282653917943,0.2656847995643564,0.5371443628991686,0.5326270461082458,0.5373619198799133,0.001242707901490214,0.0008452054214753927,0.0004999003807486477,0.12322143040659995
1781863947.617135,7.809514999389648,floating_bubbles,nonsocial_movie,non_social,208,1,0.4755057506638955,0.47588004665851497,0.47569289866120523,1,0,0.5346292614936828,0.4875247985124588,0.01610491078790931,0.26768180063696745,0.5347334302033309,0.5326339602470398,0.5373377799987793,2.511053915046811e-05,0.001217597362339746,0.0003526907252158501,0.12250494096793074
1781863947.6522272,7.84460711479187,floating_bubbles,nonsocial_movie,non_social,209,1,0.4895944277618037,0.4737357574642346,0.48166509261301915,1,0,0.534434226155281,0.487546306848526,0.012775681695807641,0.26867701892249474,0.5839497009378933,0.5328183025121689,0.537131130695343,0.00027692238140609527,0.00025181184225562717,0.0003486465676290095,0.12278955423097439
1781863947.6857831,7.87816309928894,floating_bubbles,nonsocial_movie,non_social,210,1,0.48914172657951593,0.47694000239789364,0.48304086448870476,1,0,0.5343235999345779,0.48765515983104707,0.013504120431090203,0.2662208650960844,0.27346011743552406,0.5326266586780548,0.5376156568527222,0.0005210498597433341,0.00024412747833723887,0.0005035631632411303,0.12343975893573336
1781863947.7199419,7.9123218059539795,floating_bubbles,nonsocial_movie,non_social,211,1,0.4766824024459254,0.468614505158754,0.4726484538023397,1,0,0.5341675639152527,0.48737644255161283,0.014749227094947259,0.2643995865748634,0.24385388327246124,0.532397910952568,0.5381029844284058,0.0005383434665127949,1.729360676946078e-05,0.0006397711682620738,0.12378576347920331
1781863947.755936,7.948315858840942,floating_bubbles,nonsocial_movie,non_social,212,1,0.49008216547984934,0.46315689901326973,0.4766195322465595,1,0,0.5340826451778412,0.4874721974134445,0.013542455000208101,0.26490330485964625,0.477270880268242,0.5324749052524567,0.538370817899704,0.00027868062466377276,0.00025966284184902216,0.000626519566085694,0.12389309642981185
1781863947.789881,7.9822609424591064,floating_bubbles,nonsocial_movie,non_social,213,1,0.4778826494107849,0.4867243004009369,0.4823034749058609,1,0,0.5340181589126587,0.48747495412826536,0.01673785211374833,0.26448189016907186,0.4679640544917692,0.5322273075580597,0.5378049910068512,0.0006176282789397937,0.000338947654276021,0.00046939426105437976,0.12327835390442872
1781863947.824717,8.017096996307373,floating_bubbles,nonsocial_movie,non_social,214,1,0.4718526672760319,0.4827147346445493,0.4772837009602906,1,0,0.5338260203599929,0.48759363293647767,0.016833794295517724,0.2637950094368074,0.38993969548425345,0.5322795063257217,0.5374516844749451,0.0003571417321358179,0.00026048654680397584,0.0005052764972477888,0.12359913504099404
1781863947.860179,8.052558898925781,floating_bubbles,nonsocial_movie,non_social,215,1,0.48076867513718957,0.490267087490865,0.4855178813140273,1,0,0.5338139951229095,0.4875252306461334,0.01808975295099592,0.26485356117482967,0.41566372193019663,0.5320888012647629,0.537142813205719,0.00036300121381153727,5.85948167571937e-06,0.000801646952188215,0.12324036083721025
1781863947.8925738,8.084953784942627,floating_bubbles,nonsocial_movie,non_social,216,1,0.4629116907348065,0.4733810634996881,0.46814637711724727,1,0,0.5337678790092468,0.48707422614097595,0.018894758368398833,0.26514747319371973,0.4400076325651082,0.5319488942623138,0.5366191565990448,0.000542024179394062,0.00017902296558252473,0.0006608536047455057,0.12439811830368915
1781863947.9278011,8.1201810836792,floating_bubbles,nonsocial_movie,non_social,217,1,0.46351408012599465,0.4828641977303232,0.47318913892815895,1,0,0.5339560359716415,0.4868933975696564,0.01866448161554867,0.2657676413427561,0.5724921407622664,0.5321295708417892,0.5367623269557953,0.00023052500389978014,0.0003114991754942819,0.0005168537664006256,0.12357133768969103
1781863947.9632041,8.15558409690857,floating_bubbles,nonsocial_movie,non_social,218,1,0.4698872396972706,0.48443818900808283,0.4771627143526767,1,0,0.5340062111616135,0.4868037194013596,0.017191284283772743,0.2646757500787021,0.19839437926073022,0.5323390364646912,0.5369086861610413,0.00025553251092164445,2.5007507021864312e-05,0.00020647271436676244,0.12254833249699053
1781863947.997347,8.189727067947388,floating_bubbles,nonsocial_movie,non_social,219,1,0.4700534930084306,0.4736875606445528,0.47187052682649167,1,0,0.5341892153024673,0.4862265527248383,0.018024404699077956,0.2654695395837518,0.826208250678736,0.5324742496013641,0.5361638963222504,0.0007569639993388784,0.000501431488417234,0.00038294701997876915,0.12271508920637444
1781863948.032036,8.224416017532349,floating_bubbles,nonsocial_movie,non_social,220,1,0.48113753953827715,0.4752815732959314,0.4782095564171043,1,0,0.5343267917633057,0.48613942265510557,0.015886660075162897,0.2642378085613437,0.6177216464885034,0.5326289534568787,0.5364338755607605,0.00031116245296881515,0.00044580154637006324,0.00045813888199248347,0.12309897672846101
1781863948.0655968,8.257976770401001,floating_bubbles,nonsocial_movie,non_social,221,1,0.4741081792933066,0.48268405199706643,0.4783961156451865,1,0,0.5342293232679367,0.48625591993331907,0.017774641651240278,0.26313915752876627,0.5959267519716168,0.5326652526855469,0.5370166301727295,0.000583884039662877,0.0002727215866940619,0.0004924487915157262,0.12415797415360375
1781863948.099172,8.291552066802979,floating_bubbles,nonsocial_movie,non_social,222,1,0.47519181331729105,0.47479161995298397,0.4749917166351375,1,0,0.5344253063201905,0.486266502737999,0.017832435760765344,0.2630808090767487,0.6314676850797174,0.5328676700592041,0.5367333292961121,0.0003481841177459054,0.00023569992191697166,0.0005262284425826541,0.12426630148998728
1781863948.134891,8.327270984649658,floating_bubbles,nonsocial_movie,non_social,223,1,0.4955715571493654,0.462010074056494,0.4787908156029297,1,0,0.5345323622226714,0.48654631674289706,0.01601520754835671,0.2623785593837284,0.42278151953466697,0.5330401510000229,0.5363126993179321,0.0004546199000147085,0.00010643578226880311,0.0006889627798007413,0.12341955388137607
1781863948.169329,8.361708879470825,floating_bubbles,nonsocial_movie,non_social,224,1,0.49333456794279484,0.4571737017313407,0.4752541348370678,1,0,0.5346258163452149,0.4860311448574066,0.012733280199601953,0.2624671121574711,0.46480387040185844,0.5333721935749054,0.5366327464580536,0.00046117506809728007,6.555168082571564e-06,0.00042015077609717193,0.1235931009966807
1781863948.203019,8.39539885520935,floating_bubbles,nonsocial_movie,non_social,225,1,0.48954464056415076,0.4761755150626631,0.4828600778134069,1,0,0.5344893872737885,0.48597293794155116,0.014642172318701263,0.2615082792365816,0.7641077378710919,0.5331648141145706,0.5361143052577972,0.0005583793680751341,9.720429997785401e-05,0.0005469162604650994,0.12321973212058847
1781863948.238484,8.430863857269287,floating_bubbles,nonsocial_movie,non_social,226,1,0.4862022870422773,0.4838041254159335,0.4850032062291054,1,0,0.5346176952123642,0.4861607402563095,0.014938538763789332,0.26137266413695953,0.863021398961494,0.5330651998519897,0.5364522635936737,0.000352333418934282,0.0002060459491408521,0.0008136433271976359,0.12403786934351999
1781863948.2730381,8.465418100357056,floating_bubbles,nonsocial_movie,non_social,227,1,0.4736050430375092,0.4753519724751466,0.47447850775632794,1,0,0.5346393465995789,0.48615258038043974,0.018109274746730783,0.26164993763187744,0.6216785528073109,0.5326496213674545,0.5377294421195984,0.0013430898941961156,0.0009907564752618335,0.0007069913307137923,0.12371125083335574
1781863948.307432,8.499811887741089,floating_bubbles,nonsocial_movie,non_social,228,1,0.4591643178427702,0.4833273474912374,0.4712458326670038,1,0,0.5346901029348373,0.48657259047031404,0.018968256723320392,0.2630900945115882,0.873494719474844,0.532657265663147,0.5374571084976196,0.0002724408870135016,0.001070649007182614,0.0005887781989389539,0.12459524180681572
1781863948.342487,8.53486704826355,floating_bubbles,nonsocial_movie,non_social,229,1,0.46123713084428675,0.483368559690228,0.4723028452672574,1,0,0.5346611410379409,0.48664806187152865,0.017611070271984976,0.2614021865334529,0.7452779298214581,0.5328905135393143,0.5376449227333069,0.0002994641194923742,2.702323247887262e-05,0.0005914081081474869,0.12401101990100324
1781863948.374493,8.566872835159302,floating_bubbles,nonsocial_movie,non_social,230,1,0.47304824380652283,0.49738827221191756,0.4852182580092202,1,0,0.5346312940120697,0.48610342144966123,0.015047297523244903,0.2621136836120297,0.6912882770819141,0.5329429656267166,0.5376934707164764,7.147117001067331e-05,0.00022799294948170089,0.0002544614351559654,0.12359726153295289
1781863948.4106529,8.60303282737732,floating_bubbles,nonsocial_movie,non_social,231,1,0.46705531574905673,0.496926444405689,0.4819908800773729,1,0,0.5345779240131379,0.4861422568559647,0.016677163405840703,0.2614853387796799,0.5366010139469339,0.5327416956424713,0.5372720658779144,0.0004670028313849699,0.00039553166137429655,0.00043925814505042034,0.12436482150742469
1781863948.444963,8.637342929840088,floating_bubbles,nonsocial_movie,non_social,232,1,0.4651562526682244,0.49874371338508555,0.481949983026655,1,0,0.5345860093832016,0.4859890162944793,0.016096127378557562,0.2618312899081156,0.3806458255231057,0.5328604131937027,0.537391722202301,0.00016855709102878705,0.0002984457403561828,0.00044543845064969154,0.12336308270641833
1781863948.478622,8.67100191116333,floating_bubbles,nonsocial_movie,non_social,233,1,0.46836605434824996,0.49469358544882386,0.48152981989853694,1,0,0.5345435321331025,0.4857706546783447,0.016374582117838436,0.2628701403946863,0.3563680132489489,0.5326520502567291,0.5366002917289734,0.0008183992348578166,0.0006498421438290295,0.0004107846870970585,0.1234775205396599
1781863948.514354,8.70673394203186,floating_bubbles,nonsocial_movie,non_social,234,1,0.46092708105258384,0.4910083505738088,0.4759677158131963,1,0,0.5344856798648834,0.4859556138515473,0.01753957296412984,0.2625029782549895,0.4846991856472104,0.5326267331838608,0.5369391441345215,0.00033979686126324406,0.00047860237359457255,0.00028313004876596114,0.12405825485546046
1781863948.547745,8.740124940872192,floating_bubbles,nonsocial_movie,non_social,235,1,0.46088617520026093,0.4719586790466515,0.4664224271234562,1,0,0.53459153175354,0.48531854152679443,0.01965525313333176,0.26084640059771563,0.7327106735832594,0.5325192958116531,0.5364780426025391,0.000473452649948672,0.00013365578868542794,0.00042533391107734265,0.12328664989454416
1781863948.58246,8.774839878082275,floating_bubbles,nonsocial_movie,non_social,236,1,0.45805271488041344,0.46769784313310037,0.4628752790067569,1,0,0.5345241487026214,0.4847763299942016,0.017936870709866423,0.26229455755596925,0.9487109341775463,0.5325628072023392,0.5362458825111389,0.0002362023479103397,0.0002372503020383323,0.0002891353250758747,0.12264906881223436
1781863948.615618,8.807997941970825,floating_bubbles,nonsocial_movie,non_social,237,1,0.4740694657760871,0.4682152588607536,0.4711423623184203,1,0,0.5344563454389573,0.48425368368625643,0.017153068614239497,0.26357430086657563,0.3460763110355302,0.5324975103139877,0.5359619557857513,0.00029133840978781174,5.513606187747204e-05,0.0004911436904075699,0.12188992492437437
1781863948.650838,8.843217849731445,floating_bubbles,nonsocial_movie,non_social,238,1,0.4601442514289576,0.46036320811992604,0.4602537297744418,1,0,0.5344458609819411,0.48416288793087003,0.014226089820172923,0.2638291965688509,0.5008301993093773,0.5327232480049133,0.5359108746051788,0.0002314450088316925,5.9893400956119236e-05,0.000512151282954072,0.12270270266803454
1781863948.6862369,8.87861680984497,floating_bubbles,nonsocial_movie,non_social,239,1,0.4867942671546846,0.4708923320837078,0.4788432996191962,1,0,0.534490555524826,0.48366464078426363,0.01610272131488379,0.26341445339433234,0.5672920342500003,0.5325160771608353,0.5359913110733032,0.00022223812463288887,9.206884198803631e-06,0.00047965101178374113,0.12185119521819185
1781863948.720421,8.912801027297974,floating_bubbles,nonsocial_movie,non_social,240,1,0.47675127737412826,0.4712123381588864,0.47398180776650733,1,0,0.5345553904771805,0.4832600951194763,0.015820516753230738,0.2627988226151341,0.29782934450255755,0.5327487736940384,0.5361176133155823,0.00026476391931203465,4.2525794679145775e-05,0.00036119250985598884,0.12129691988734409
1781863948.753697,8.9460768699646,floating_bubbles,nonsocial_movie,non_social,241,1,0.4795874273378268,0.47947861086573207,0.4795330191017794,1,0,0.5345434248447418,0.4831916332244873,0.016655372097539596,0.2628996630030822,0.28508109199882664,0.5326732695102692,0.535784900188446,0.00034117283997327,7.640892066123538e-05,0.0003348670413381267,0.12206478941671887
1781863948.788905,8.981284856796265,floating_bubbles,nonsocial_movie,non_social,242,1,0.48733909259868147,0.47913492233130867,0.4832370074649951,1,0,0.5345430314540863,0.48341040611267094,0.015210425308869895,0.2617902299200116,0.5142134061018692,0.5327168703079224,0.5362682640552521,0.00048532634102186635,0.00014415350104859633,0.00041069497268522395,0.12125371714473972
1781863948.823783,9.016162872314453,floating_bubbles,nonsocial_movie,non_social,243,1,0.4786044829890605,0.4737513190121211,0.47617790100059076,1,0,0.5342335939407349,0.48347958624362947,0.01566856299804057,0.26167219453874396,0.5300037878563257,0.532397910952568,0.5365037024021149,0.0003964420330155737,8.888430800629263e-05,0.0004587868902494715,0.12153591948619004
1781863948.858062,9.050441980361938,floating_bubbles,nonsocial_movie,non_social,244,1,0.4717773057862482,0.4753654803254287,0.47357139305583845,1,0,0.5344268441200256,0.483279213309288,0.016079784458311097,0.26323982792610606,0.6417033035721993,0.5324247926473618,0.5363915860652924,0.00011529396557270532,0.0002811480674428684,0.0004532373369085589,0.12179890582781887
1781863948.891572,9.083951950073242,floating_bubbles,nonsocial_movie,non_social,245,1,0.4699090134390383,0.43899407313383104,0.45445154328643467,1,0,0.5342019349336624,0.48092257380485537,0.01958822778216618,0.26860768386698125,0.5789502047297322,0.5323191583156586,0.5353925824165344,0.001004572994991427,0.0008892790294187216,0.0005220974535546983,0.12084341713004687
1781863948.927284,9.119663953781128,floating_bubbles,nonsocial_movie,non_social,246,1,0.45563246835593657,0.45069398062938354,0.45316322449266006,1,0,0.5343786478042603,0.4803266316652298,0.020909152556063938,0.26829885782508367,0.5475678078238666,0.5323918759822845,0.5343112647533417,0.001083760004692992,7.918700970156517e-05,0.0007025836353825081,0.11926985085018812
1781863948.959967,9.152346849441528,floating_bubbles,nonsocial_movie,non_social,247,1,0.4646248446180242,0.45512354678797035,0.45987419570299726,1,0,0.5342170983552933,0.48064439594745634,0.019072268976782353,0.26670175145100483,0.33829458703137516,0.5323219001293182,0.534557044506073,0.0002555470736499106,0.0008282129310430814,0.0003186992415693539,0.11940246587208743
1781863948.9958751,9.188255071640015,floating_bubbles,nonsocial_movie,non_social,248,1,0.46595740502096844,0.45634179153860344,0.46114959827978597,1,0,0.5341932624578476,0.48065602481365205,0.01867844609822074,0.2676430470284652,0.6254231788491931,0.5322800129652023,0.5343012511730194,0.0002592002387196761,3.653165069765474e-06,0.00031861434474171174,0.11982390285181166
1781863949.029334,9.22171401977539,floating_bubbles,nonsocial_movie,non_social,249,1,0.4700016736596232,0.47042687478628964,0.4702142742229564,1,0,0.5340849608182907,0.4803473562002182,0.020215898269766223,0.2674070022964564,0.7055660906408647,0.5320705324411392,0.5341305732727051,0.0002702092441376943,1.1009005418018223e-05,0.0003520292789749933,0.1198858055355009
1781863949.063971,9.256350994110107,floating_bubbles,nonsocial_movie,non_social,250,1,0.4581608972352624,0.4568507847453356,0.457505840990299,1,0,0.5341226249933243,0.4801217555999756,0.018736656461811392,0.2679351575423554,1.0875214214879838,0.532139003276825,0.5338084995746613,0.00032927150242789926,5.906225829020495e-05,0.0004942666482470936,0.12019222802582641
1781863949.098355,9.290735006332397,floating_bubbles,nonsocial_movie,non_social,251,1,0.46531673794433576,0.4447636153092162,0.455040176626776,1,0,0.5341086357831955,0.48031110763549806,0.015927953775877458,0.2677915990379933,0.9163658410731018,0.5322151482105255,0.5337391197681427,0.00010301266174997613,0.00022625884067792312,0.0002552368853950107,0.12078537771251864
1781863949.133661,9.326040983200073,floating_bubbles,nonsocial_movie,non_social,252,1,0.4831305622535874,0.4437907502680574,0.46346065626082245,1,0,0.5341314136981964,0.48008787631988525,0.018617884347219924,0.267327070275834,0.7551747172115951,0.5319675654172897,0.5336978435516357,0.00025099993138556764,0.0001479872696355915,0.0007796082977610813,0.12002557296707082
1781863949.166979,9.3593590259552,floating_bubbles,nonsocial_movie,non_social,253,1,0.47175935630856897,0.4438805586020099,0.4578199574552895,1,0,0.534117004275322,0.47994921505451205,0.01676382244910286,0.26911709515967386,0.5205077903904857,0.5322455763816833,0.5331422984600067,0.0006212249553552834,0.0003702250239697157,0.0005635143283497327,0.11949062772090081
1781863949.202806,9.395185947418213,floating_bubbles,nonsocial_movie,non_social,254,1,0.4748333420403348,0.45383016882821126,0.464331755434273,1,0,0.5341222554445266,0.4801880598068237,0.016357936262539997,0.26821302921579926,0.5448204977336004,0.5324412286281586,0.534029483795166,0.0009085029556762722,0.00028727800032098886,0.000621234328273051,0.11966285100764766
1781863949.236823,9.429203033447266,floating_bubbles,nonsocial_movie,non_social,255,1,0.4709414083633002,0.47418175244739047,0.47256158040534535,1,0,0.5341971486806869,0.48006096482276917,0.017212608641233636,0.26876849533708247,0.09004610867164219,0.5327073335647583,0.534216433763504,0.0003252108976407941,0.0005832920580354781,0.00049733291712233,0.11910693313835845
1781863949.271178,9.463557958602905,floating_bubbles,nonsocial_movie,non_social,256,1,0.4990631081264253,0.464235094228816,0.4816491011776206,1,0,0.5340042829513549,0.48018674552440643,0.016336585227428962,0.2676957634450056,0.19847946193407462,0.5325499475002289,0.5343774855136871,0.0002251844567129353,0.00010002644092785878,0.0005916345631858538,0.11860207621497473
1781863949.30595,9.498329877853394,floating_bubbles,nonsocial_movie,non_social,257,1,0.48251006726438783,0.45647877781504,0.4694944225397139,1,0,0.5340498119592667,0.48007434904575347,0.016829808182861408,0.2667377976938399,0.097287720138862,0.5324755609035492,0.5344515442848206,0.00010496698217715513,0.00012021747453578018,0.0003886388080764671,0.11907778203353617
1781863949.340163,9.532542943954468,floating_bubbles,nonsocial_movie,non_social,258,1,0.48790927428082875,0.4580387719100736,0.47297402309545117,1,0,0.5340978145599365,0.4796348810195923,0.017114768931921362,0.267891344083578,0.27478987694668855,0.5324390381574631,0.533494621515274,0.0009576194953415641,0.000852652513164409,0.0007266375551598338,0.11888474959805491
1781863949.373256,9.565635919570923,floating_bubbles,nonsocial_movie,non_social,259,1,0.4791289981558581,0.45602926785349507,0.4675791330046766,1,0,0.5341210752725601,0.47949907481670384,0.018025560650947504,0.2689049232361407,0.40546620043453124,0.5324827879667282,0.5332338809967041,0.000264385445580615,0.0006932340497609491,0.0003558093147819639,0.1190252363185392
1781863949.409361,9.601740837097168,floating_bubbles,nonsocial_movie,non_social,260,1,0.4810354349931441,0.4509862665257848,0.46601085075946447,1,0,0.5341389149427413,0.4795453935861588,0.021420999427837237,0.2676605957818107,0.5339660050419726,0.5322510153055191,0.5337680876255035,0.0005823188892155331,0.0003179334436349181,0.0006924782682081714,0.11926611223985233
1781863949.443021,9.635401010513306,floating_bubbles,nonsocial_movie,non_social,261,1,0.47564834752921736,0.4177320019879581,0.44669017475858774,1,0,0.5341835588216781,0.47978520095348354,0.015058639165942946,0.2684333437935818,0.44077079784651135,0.53267802298069,0.5333394706249237,0.0006050190805593729,2.2700191343839817e-05,0.0003941465520669613,0.12204094412519717
1781863949.476777,9.669157028198242,floating_bubbles,nonsocial_movie,non_social,262,1,0.38975233917652774,0.26062321646681974,0.32518777782167374,1,0,0.5340757668018341,0.48340308368206025,0.015730229708119964,0.2664149088071262,0.6290157898187477,0.5321182757616043,0.5346912145614624,0.0014630545510141782,0.0008580354704548053,0.00036823213467318024,0.13326918590555056
1781863949.512374,9.704753875732422,floating_bubbles,nonsocial_movie,non_social,263,1,0.3669943670381091,0.2711560925958157,0.3190752298169624,1,0,0.5340684086084366,0.48367581367492674,0.013562031031904892,0.2664854387260052,-0.07594872254444876,0.532438799738884,0.5348984599113464,0.0003816886886714477,0.0010813658623427306,0.00020846545625936524,0.13499449780102304
1781863949.5485802,9.740960121154785,floating_bubbles,nonsocial_movie,non_social,264,1,0.3919531400557426,0.35025535107739897,0.3711042455665708,1,0,0.5343426048755646,0.48232307434082033,0.015443534297831187,0.26744220053464696,0.8429866851703126,0.532535195350647,0.5352630019187927,0.0003770715968620991,4.617091809348589e-06,0.00036649195882327174,0.12922875231469144
1781863949.57993,9.772310018539429,floating_bubbles,nonsocial_movie,non_social,265,1,0.4466265496650522,0.4017308847951945,0.42417871723012335,1,0,0.5343559235334396,0.48078688979148865,0.01747616877056924,0.2667372459024866,0.5124719474066538,0.5325078070163727,0.5340250134468079,0.0012382913944713244,0.0008612197976092253,0.0005931652347472005,0.1251911223821078
1781863949.61605,9.808429956436157,floating_bubbles,nonsocial_movie,non_social,266,1,0.4766913182102278,0.40296328516027524,0.4398273016852515,1,0,0.5345819532871245,0.4803554505109787,0.017174861627562703,0.26538202928991206,0.7887602378737649,0.5325023531913757,0.534185528755188,0.00016060793389949512,0.0010776834605718292,0.00039462901621635125,0.12320585864454596
1781863949.6499798,9.842359781265259,floating_bubbles,nonsocial_movie,non_social,267,1,0.4850433854046622,0.4095029075406552,0.4472731464726587,1,0,0.534460374712944,0.480581471323967,0.018458618125489674,0.2649183385750375,1.0335434732936615,0.5322563052177429,0.5336105823516846,0.000625382260885555,0.00046477432698605986,0.0004938687018378006,0.12325118676983414
1781863949.6842082,9.876588106155396,floating_bubbles,nonsocial_movie,non_social,268,1,0.4688634646854693,0.41899733749040696,0.44393040108793813,1,0,0.5341879308223725,0.48015883862972264,0.017194811418439693,0.2653251614923552,0.5324467437147722,0.5322449505329132,0.534116804599762,0.0005063495761982144,0.0001190326846873406,0.0002778255433949968,0.12254808251415583
1781863949.719021,9.91140103340149,floating_bubbles,nonsocial_movie,non_social,269,1,0.48606422359225393,0.4323469256884996,0.45920557464037676,1,0,0.5344713568687439,0.47969481647014617,0.016900533567946744,0.2649167816001818,0.3739041495433863,0.5325242280960083,0.533658355474472,0.0005368161302787235,3.0466554080509165e-05,0.0002900298814996811,0.1215862891867711
1781863949.754005,9.946384906768799,floating_bubbles,nonsocial_movie,non_social,270,1,0.48733117793871744,0.4281818498964524,0.45775651391758493,1,0,0.5344163417816161,0.47933749854564667,0.01958357760283015,0.26376027168037736,0.25210236541926323,0.5324263125658035,0.5344115495681763,0.0007595319570934515,0.00022271582681472797,0.0002618045210316859,0.1214360309721458
1781863949.787461,9.979840993881226,floating_bubbles,nonsocial_movie,non_social,271,1,0.47170397466878666,0.42698269929170624,0.4493433369802464,1,0,0.5344633400440216,0.4791889607906341,0.020025034817736254,0.2646593029478088,0.27095093476256493,0.5324628949165344,0.5343696773052216,5.560175168056153e-05,0.00070393020541289,0.00028823570380354015,0.12121464952216641
1781863949.8225632,10.01494312286377,floating_bubbles,nonsocial_movie,non_social,272,1,0.4644982248502029,0.43462215732433285,0.44956019108726786,1,0,0.534551590681076,0.47906403839588163,0.021557331967751156,0.26678931379534965,0.3943218789109807,0.5325873792171478,0.5335828363895416,0.0007966272451324028,0.0007410254934518413,0.0005453303037895305,0.12090442536796243
1781863949.856669,10.049048900604248,floating_bubbles,nonsocial_movie,non_social,273,1,0.4716003733576965,0.4403096807764044,0.4559550270670505,1,0,0.5346219420433045,0.4788789749145508,0.02019513304173244,0.26696968669365406,0.46956486224449756,0.532549262046814,0.5334479510784149,0.00014016763475214154,0.0006564596103802613,0.00047121472401891006,0.12115421803815359
1781863949.891558,10.083937883377075,floating_bubbles,nonsocial_movie,non_social,274,1,0.46499011813300706,0.448603272920902,0.45679669552695457,1,0,0.5351638853549957,0.48001129627227784,0.022662759623197835,0.2655605549150322,0.47671631469551967,0.532488614320755,0.5335115194320679,8.785830787278853e-05,5.2309326879353016e-05,0.00040131769741207426,0.12182659395080021
1781863949.925335,10.117714881896973,floating_bubbles,nonsocial_movie,non_social,275,1,0.45490837667158707,0.46479803261745994,0.4598532046445235,1,0,0.5361077904701232,0.48332082033157353,0.02222585170368629,0.2615932583901945,1.0886677242838547,0.5327487885951996,0.5358696579933167,0.0023724477079866747,0.002284589400113886,0.00036936424497999783,0.12602059011392486
1781863949.959789,10.152168989181519,floating_bubbles,nonsocial_movie,non_social,276,1,0.46795341054477696,0.4675645848656198,0.46775899770519835,1,0,0.5363422095775604,0.483468946814537,0.02076337491891163,0.2601683731228849,1.2762526608432714,0.532880112528801,0.5358864068984985,0.00013238769339078037,0.0022400600145958943,0.00032623026489272234,0.12522633532275376
1781863949.9948559,10.187235832214355,floating_bubbles,nonsocial_movie,non_social,277,1,0.46067952438809645,0.4721497782175029,0.4664146513027997,1,0,0.5363842099905014,0.48367141783237455,0.021636146777847764,0.26176820424964653,0.8584262928987124,0.5328989326953888,0.5354203581809998,0.00046642856446904135,0.000334040871078261,0.0002382083565649825,0.12590310678558017
1781863950.0285609,10.220940828323364,floating_bubbles,nonsocial_movie,non_social,278,1,0.4643734723573025,0.463592504146624,0.46398298825196327,1,0,0.5363565713167191,0.4838791072368622,0.02202430021425509,0.26108094447359637,0.9539146312004687,0.5330014079809189,0.5355149805545807,0.0001394796677891194,0.0003269488966799219,0.00026064489569163255,0.12679941858963206
1781863950.06286,10.255239963531494,floating_bubbles,nonsocial_movie,non_social,279,1,0.4683798230670607,0.46132436372034824,0.4648520933937045,1,0,0.5365046203136444,0.48365484178066254,0.018418406404977734,0.2607367730314496,0.9551617176546626,0.5334951728582382,0.5355812311172485,0.0004981896136291735,0.0003587099458400541,0.0005480600083803397,0.1266420497489604
1781863950.097079,10.289458990097046,floating_bubbles,nonsocial_movie,non_social,280,1,0.4695536022879594,0.4823101029665206,0.47593185262724,1,0,0.536645182967186,0.4838146984577179,0.021647928394362425,0.260180211817663,1.108398251287099,0.5336852669715881,0.5365395545959473,0.0009769952209481509,0.00047880560731897734,0.0004428727393649084,0.12512566720642107
1781863950.1317601,10.324140071868896,floating_bubbles,nonsocial_movie,non_social,281,1,0.4723654116435372,0.47486977569759586,0.47361759367056655,1,0,0.536942183971405,0.48339784145355225,0.020779881461201504,0.26010963097396966,1.0278453941688162,0.5338175594806671,0.536155641078949,0.00040606760088981363,0.0005709276200583373,0.0005993266285677578,0.12468760735085917
1781863950.166701,10.359081029891968,floating_bubbles,nonsocial_movie,non_social,282,1,0.46740411232624296,0.45519439198721307,0.461299252156728,1,0,0.5380730956792832,0.48363569378852844,0.021703526896996887,0.2584965966821478,1.0076687157184296,0.5338441729545593,0.5360103249549866,0.0001477330459852085,0.00025833455490460516,0.0005616807162109211,0.12591951067903434
1781863950.20132,10.393699884414673,floating_bubbles,nonsocial_movie,non_social,283,1,0.4670013931723795,0.4636611100728706,0.465331251622625,1,0,0.5388073921203613,0.483923876285553,0.021066600308093878,0.25886194338917157,1.1704358208151973,0.5338214188814163,0.5356881022453308,0.00032302511119493255,0.00017529206520972406,0.0004797581918938922,0.12599576479544752
1781863950.2355251,10.427905082702637,floating_bubbles,nonsocial_movie,non_social,284,1,0.47557092259098394,0.4560305177368027,0.4658007201638933,1,0,0.5389786630868911,0.4837716966867447,0.022245525026649792,0.25897417023603186,0.9561868058220084,0.5338130742311478,0.5355631411075592,0.0001252394472252209,0.00019778566396971164,0.0002897469757044513,0.12501699247749987
1781863950.268832,10.461211919784546,floating_bubbles,nonsocial_movie,non_social,285,1,0.4783991917192832,0.4673421759459704,0.47287068383262676,1,0,0.5390636503696442,0.48378220200538635,0.023807211184091855,0.26019175566509045,0.9879595983863062,0.5337217450141907,0.5347052216529846,0.0008627669537062422,0.0007375275064810213,0.0003149368374731019,0.12439196759988144
1781863950.303981,10.496361017227173,floating_bubbles,nonsocial_movie,non_social,286,1,0.47719749608613926,0.4586917487190001,0.4679446224025697,1,0,0.5391794443130493,0.48376412987709044,0.024503121986086337,0.2602117409262254,1.0915762472440942,0.5338035076856613,0.5351788401603699,0.00048062420349359434,0.00038214275021264784,0.0002948540694511806,0.12387751093300692
1781863950.338881,10.531260967254639,floating_bubbles,nonsocial_movie,non_social,287,1,0.4934457084755668,0.4707617419001769,0.4821037251878718,1,0,0.539236655831337,0.4840488493442535,0.02311512058811509,0.2625356347030079,0.9096539266144599,0.5338634550571442,0.535061776638031,0.00013152017187521148,0.00034910403161838286,0.00015768948825074477,0.12326344828616413
1781863950.3730829,10.565462827682495,floating_bubbles,nonsocial_movie,non_social,288,1,0.5083665336239211,0.46043875488332137,0.48440264425362123,1,0,0.5393198966979981,0.4843087255954742,0.023896508334676547,0.26233992399010586,1.0688596929803427,0.5336683690547943,0.5350881814956665,0.000196864838962162,6.534466708695051e-05,0.0004347646621757206,0.12256416133557649
1781863950.407744,10.600123882293701,floating_bubbles,nonsocial_movie,non_social,289,1,0.48726317062229535,0.4773717353914899,0.48231745300689266,1,0,0.5393450260162354,0.484224209189415,0.02495727619599422,0.2633631923359487,0.7254940509251291,0.5338175892829895,0.5348140597343445,0.00031210481658076346,0.00011523997761860147,0.0003366617146102958,0.1229119460816368
1781863950.441849,10.634228944778442,floating_bubbles,nonsocial_movie,non_social,290,1,0.49646706134175744,0.47140267984283946,0.48393487059229845,1,0,0.5395451605319976,0.48377928137779236,0.023953121062657727,0.2645287489440761,0.7620700292342336,0.5339929759502411,0.5340813398361206,0.0007534181656310309,0.0004413133490502674,0.0007764802574746682,0.12372727798587356
1781863950.475559,10.667938947677612,floating_bubbles,nonsocial_movie,non_social,291,1,0.49023031554864377,0.47071040691805993,0.48047036123335185,1,0,0.5396333634853363,0.4835949122905731,0.021055794199486635,0.2637569945586047,0.7005269255184503,0.5341625064611435,0.5339163839817047,0.00023653969652662503,0.0005168784691044058,0.0003486543177833727,0.12348378296621955
1781863950.510746,10.703125953674316,floating_bubbles,nonsocial_movie,non_social,292,1,0.4983997930570113,0.4733016306263756,0.4858507118416935,1,0,0.5396358847618103,0.48397844433784487,0.017424316438565946,0.2618606917578024,0.7514610700832289,0.5343924760818481,0.5342459678649902,0.00040188501162472564,0.00016534531509810062,0.0007845792005437552,0.12363475528018401
1781863950.5453,10.737679958343506,floating_bubbles,nonsocial_movie,non_social,293,1,0.5073720798772007,0.47124068142608544,0.48930638065164306,1,0,0.5398981928825379,0.48442735970020295,0.016464649857835707,0.2612766828333048,0.898550925899092,0.5346761047840118,0.5344614386558533,0.00035619222676274874,4.5692784861976906e-05,0.00045496743930123474,0.12332499854648198
1781863950.580155,10.772534847259521,floating_bubbles,nonsocial_movie,non_social,294,1,0.5158579031718694,0.4738361153445136,0.4948470092581915,1,0,0.5398396521806716,0.48477675318717955,0.014606379948248956,0.26268278159627373,0.9135334960056781,0.5346552133560181,0.5346096158027649,0.0001496426364058292,0.00020654959035691954,0.001124912598707195,0.12381745618707543
1781863950.615356,10.807735919952393,floating_bubbles,nonsocial_movie,non_social,295,1,0.5168924592514034,0.47609622882277775,0.4964943440370906,1,0,0.5399170368909836,0.4843916356563568,0.01590964812347242,0.26307578893207123,1.2120181232234601,0.5345027446746826,0.5340299010276794,0.0005994296616289052,0.00044978702522307596,0.0029848804937447856,0.12266599696451319
1781863950.6486678,10.841047763824463,floating_bubbles,nonsocial_movie,non_social,296,1,0.4994667037309844,0.47066945108463865,0.48506807740781155,1,0,0.5394977301359176,0.48435377776622773,0.014114156688704494,0.26402474688967975,1.3136441549197686,0.5344675481319427,0.5343188941478729,0.0002911285285574112,0.00030830113307149396,0.0009901576806528385,0.12355950474002995
1781863950.68499,10.87736988067627,floating_bubbles,nonsocial_movie,non_social,297,1,0.4946672608591398,0.46534084839004064,0.4800040546245902,1,0,0.5396161556243897,0.4843870341777802,0.015779494732772886,0.262444182558826,1.0393998397128097,0.5344825834035873,0.5346844494342804,0.00036586435575753295,7.473582720012175e-05,0.0006464454995526929,0.12311888454901719
1781863950.718215,10.910594940185547,floating_bubbles,nonsocial_movie,non_social,298,1,0.48302580482917895,0.4561026832008558,0.4695642440150174,1,0,0.5388793677091599,0.48381128907203674,0.0193639049540685,0.26495017400862436,1.825188392890621,0.5341096669435501,0.5346849858760834,0.00037291684587385966,7.052490116326714e-06,0.0005717440464487248,0.12387994484337489
1781863950.750446,10.94282603263855,floating_bubbles,nonsocial_movie,non_social,299,1,0.477964616990981,0.42801998021360704,0.452992298602294,1,0,0.5364262193441391,0.48205210268497467,0.018977931604266036,0.26725503512049253,1.0099114958137796,0.5339095443487167,0.5341197550296783,0.0005996123436776369,0.00022669549780377727,0.001380870955991689,0.1229210516265534
1781863950.7862148,10.978594779968262,floating_bubbles,nonsocial_movie,non_social,300,1,0.4716961317346956,0.42270399474124487,0.44720006323797024,1,0,0.5364239871501922,0.48149602413177495,0.016777659287512486,0.2670255793134237,1.017304431205662,0.53416708111763,0.533837616443634,0.0003820044097616805,0.00021760793391595643,0.004802391881377957,0.12291993514766232
1781863950.8210208,11.013400793075562,floating_bubbles,nonsocial_movie,non_social,301,1,0.482088860603081,0.4133181784901133,0.44770351954659715,1,0,0.5360086023807525,0.4808905065059662,0.014575827430618677,0.2672306061763548,0.6229668626086012,0.5341509580612183,0.5327368676662445,0.0011008668511098849,0.0007188624413482043,0.00511917686532906,0.12205257233597362
1781863950.854448,11.046828031539917,floating_bubbles,nonsocial_movie,non_social,302,1,0.4786165712735117,0.42410588267482624,0.45136122697416897,1,0,0.5358963400125504,0.4804975718259812,0.014480139600340856,0.2672402415698884,1.0650710162789359,0.5341094434261322,0.5333945155143738,0.0006589568704212677,0.0004419099806886172,0.0004868174252431277,0.12143623376368647
1781863950.88933,11.081709861755371,floating_bubbles,nonsocial_movie,non_social,303,1,0.4894430806786026,0.4261687295195472,0.45780590509907493,1,0,0.5359119564294815,0.4803363561630249,0.01316717268379521,0.2667705852391172,0.7589682878718494,0.5340125858783722,0.5334448516368866,0.00010915635477473556,0.0005498005156465321,0.0010855364579295467,0.12048380194883508
1781863950.9237728,11.1161527633667,floating_bubbles,nonsocial_movie,non_social,304,1,0.5093489411725605,0.4257731389538075,0.467561040063184,1,0,0.535822543501854,0.4801654577255249,0.012282211624140702,0.26701835936214724,0.6689781200062402,0.5337201356887817,0.533217191696167,0.00037061592248572694,0.0002614595677109914,0.007335910531268018,0.11956694495603382
1781863950.958038,11.150418043136597,floating_bubbles,nonsocial_movie,non_social,305,1,0.49891120925990634,0.43738086075837973,0.46814603500914304,1,0,0.5358544737100601,0.4797170698642731,0.013670202098102284,0.26779108162696097,0.7063234636832175,0.5334938764572144,0.5331161618232727,0.0002477907889460348,0.00012282513353969213,0.00618142745456139,0.1192509915083261
1781863950.993212,11.18559193611145,floating_bubbles,nonsocial_movie,non_social,306,1,0.4997123266597054,0.43491969080879567,0.4673160087342505,1,0,0.5357459664344788,0.47997453510761257,0.01110645700943333,0.2681335412026925,0.613234445635499,0.5337343513965607,0.5327114760875702,0.00047074275473415274,0.00022295196578811792,0.00416586699584969,0.12045275523583153
1781863951.028173,11.220552921295166,floating_bubbles,nonsocial_movie,non_social,307,1,0.5038607099502211,0.44497520743577834,0.47441795869299974,1,0,0.5353589594364166,0.4795472413301468,0.010427236715650658,0.2685594510226593,0.4573001478031042,0.533479779958725,0.5331343710422516,0.0004936058748198938,2.286312008574102e-05,0.0025015483481200243,0.12002978217622157
1781863951.0621178,11.254497766494751,floating_bubbles,nonsocial_movie,non_social,308,1,0.5008913463660681,0.43738832461022226,0.4691398354881452,1,0,0.5353460490703583,0.4793896168470383,0.009312020618521596,0.2704340356172077,0.1465664534587981,0.5334332585334778,0.5314891338348389,0.0016458948057704766,0.0011522889309505827,0.0005036017924825272,0.11939808466076784
1781863951.096162,11.288542032241821,floating_bubbles,nonsocial_movie,non_social,309,1,0.4895719286859822,0.4342731372357823,0.46192253296088226,1,0,0.534966504573822,0.47923429608345036,0.009376237733501056,0.26619914185832155,0.5259359343316228,0.5334054976701736,0.5333638489246368,0.001874920620572406,0.00022902581480192937,0.0007291235565396262,0.12070163233095331
1781863951.1306,11.322979927062988,floating_bubbles,nonsocial_movie,non_social,310,1,0.48080325005072005,0.4179105418407656,0.4493568959457428,1,0,0.534259957075119,0.47946339249610903,0.008649936003289314,0.2641171246074918,0.07272502906754934,0.5326399505138397,0.5325970351696014,0.0010835431617994954,0.0007913774587729105,0.008372270765530002,0.12149934408345586
1781863951.1640441,11.35642409324646,floating_bubbles,nonsocial_movie,non_social,311,1,0.3805764581966643,0.26094078096955275,0.32075861958310853,1,0,0.532729411125183,0.48312020599842076,0.004024477818708676,0.2648448742416325,-0.05353056339632271,0.5322209298610687,0.5333345830440521,0.000848265981019723,0.00023527718077977244,0.00075118132484832,0.1345833056979007
1781863951.1999621,11.39234209060669,floating_bubbles,nonsocial_movie,non_social,312,1,0.35579174809068326,0.1543537614720251,0.25507275478135416,1,0,0.5318285346031189,0.48446322083473203,0.000372036791835462,0.26270484546694434,-0.9442073264630578,0.531878799200058,0.5332057774066925,0.0,0.0,0.0008877020150671415,0.14267291079640393
