timestamp,elapsed_time,stimulus_id,stimulus_type,paper_category,frame_index,face_detected,left_ear,right_ear,avg_ear,eye_open,blink_state,gaze_x,gaze_y,yaw_proxy,pitch_proxy,roll_proxy_deg,head_center_x,head_center_y,head_movement,head_acceleration,mouth_open,eyebrow_signal
1781864014.9755352,75.1679151058197,make_me_laugh,social_movie,social,2163,1,0.4764227333043731,0.44434712007686133,0.46038492669061726,1,0,0.49490603506565095,0.6078370988368988,0.0052836392999636795,0.2478984020973187,2.187000686471525,0.49443504214286804,0.6619116067886353,0.0,0.0,0.0015621838055980123,0.12422193674107936
1781864015.007769,75.20014905929565,make_me_laugh,social_movie,social,2164,1,0.47215073364106663,0.46496373882034275,0.46855723623070467,1,0,0.4947005927562714,0.6081913709640503,0.008795732310055523,0.24766643495578108,2.176942575530299,0.4940495789051056,0.6617497503757477,0.00041806626993712916,0.00041806626993712916,0.000500761565718099,0.12458519125721579
1781864015.043165,75.23554491996765,make_me_laugh,social_movie,social,2165,1,0.4651217133086204,0.4584033609169841,0.46176253711280224,1,0,0.49440440237522126,0.6082606673240661,0.008910662313964555,0.24769039764238243,2.0965139018248538,0.49400122463703156,0.6615593135356903,0.00019647983431388878,0.00022158643562324038,0.0005134415732536039,0.12420193653033067
1781864015.078327,75.27070689201355,make_me_laugh,social_movie,social,2166,1,0.4688104363790225,0.46131104957039626,0.46506074297470934,1,0,0.49404465258121494,0.6084459483623504,0.008364783442344113,0.24755330511473173,1.8672474415210973,0.49380841851234436,0.661527156829834,0.00019546932099033908,1.0105133235497016e-06,0.0012757240570510312,0.1233829492523659
1781864015.115534,75.30791401863098,make_me_laugh,social_movie,social,2167,1,0.4650084073319135,0.46576717144926616,0.46538778939058983,1,0,0.4941119343042374,0.6081553518772125,0.009133701688725003,0.2486266444347454,1.4107442834094213,0.4934588074684143,0.6611524820327759,0.0005124539838740591,0.00031698466288372,0.0009431571986007407,0.12470995104669735
1781864015.146834,75.33921384811401,make_me_laugh,social_movie,social,2168,1,0.4524949901121924,0.4501175828059188,0.4513062864590556,1,0,0.4940000653266907,0.6074897110462188,0.010569517041326545,0.24864403304511395,1.3975184879876956,0.493379682302475,0.6606939136981964,0.00046534472100144574,4.7109262872613365e-05,0.0004801031768969583,0.12286338053469607
1781864015.18104,75.3734200000763,make_me_laugh,social_movie,social,2169,1,0.42103685482038516,0.395538134340612,0.4082874945804986,1,0,0.4938490241765976,0.6082910001277924,0.010012855719501229,0.24970688351811318,2.151985857872112,0.4933680593967438,0.6607282757759094,3.627456853487734e-05,0.0004290701524665684,0.001367199141842629,0.12902447490445607
1781864015.215613,75.40799283981323,make_me_laugh,social_movie,social,2170,1,0.3004902310799245,0.27207433385859253,0.2862822824692585,1,0,0.49365130960941317,0.6116389751434326,0.007273436437984791,0.24567283581915905,2.2536820458024063,0.4932193458080292,0.6620371639728546,0.0013173093955372848,0.0012810348270024074,0.0022712375743834273,0.14480758715387348
1781864015.249682,75.44206190109253,make_me_laugh,social_movie,social,2171,1,0.3442963907016602,0.24840906630320528,0.2963527285024327,1,0,0.4939292103052139,0.6110667645931244,0.007443749475290762,0.24538854181299966,2.2492122852600387,0.4930141270160675,0.661932647228241,0.00023030089552331654,0.0010870085000139681,0.005453479660024856,0.14413841001665859
1781864015.2834508,75.47583079338074,make_me_laugh,social_movie,social,2172,1,0.3721657116203692,0.2987018364662922,0.33543377404333075,1,0,0.49424915909767153,0.6100709199905396,0.005558162237581122,0.24772553742844938,1.933547864175401,0.4932645112276077,0.6610269248485565,0.0009396942494502553,0.0007093933539269388,0.00031752354540616457,0.13780475587988478
1781864015.319097,75.51147699356079,make_me_laugh,social_movie,social,2173,1,0.40732827014066336,0.3620641195337844,0.3846961948372239,1,0,0.4942579060792923,0.6090674519538879,0.00607517555603745,0.24868514499276023,2.0431884692960804,0.49340134859085083,0.6608644425868988,0.0002124263386040701,0.0007272679108461852,0.0026786437522625024,0.1327212130602416
1781864015.3543968,75.54677677154541,make_me_laugh,social_movie,social,2174,1,0.4212704907106355,0.39318158196410424,0.40722603633736987,1,0,0.4940113395452499,0.6085874915122986,0.0031744540873265273,0.24757253355994638,2.270038432869092,0.493563637137413,0.6616923809051514,0.0008436939203147981,0.000631267581710728,0.00034245627544404327,0.1307025893481594
1781864015.389029,75.58140897750854,make_me_laugh,social_movie,social,2175,1,0.41697233629583647,0.4186475502732032,0.4178099432845198,1,0,0.49396829903125766,0.6082839250564576,0.00576275306433434,0.24556368771496181,1.6844488367112302,0.4934498369693756,0.6614505648612976,0.0002672554532847314,0.0005764384670300666,0.0005018384364932197,0.1300152694847526
1781864015.4232278,75.61560773849487,make_me_laugh,social_movie,social,2176,1,0.43627541278794596,0.4299304750767477,0.43310294393234683,1,0,0.49392636120319366,0.6077699542045594,0.007436077244062353,0.24765813543031592,2.0534371193612966,0.49319975078105927,0.6607891619205475,0.0007071046256527445,0.0004398491723680131,0.0005216547877641589,0.1274870023469133
1781864015.457085,75.64946484565735,make_me_laugh,social_movie,social,2177,1,0.4500483850085004,0.4330923202983774,0.4415703526534389,1,0,0.49381997287273405,0.6076252698898315,0.006405863050130347,0.24968774404239502,1.3161744238711839,0.4933204799890518,0.6602621674537659,0.0005406465663267911,0.0001664580593259534,0.0009149922868649531,0.12715837854634196
1781864015.491929,75.6843090057373,make_me_laugh,social_movie,social,2178,1,0.44557551772714304,0.43812124646897976,0.44184838209806143,1,0,0.49368883669376373,0.607489550113678,0.004207752844278018,0.2490882403656436,0.9967443455752323,0.49379709362983704,0.6600212752819061,0.0005340314607266535,6.615105600137647e-06,0.0032214391313397242,0.1259740724152223
1781864015.525627,75.71800684928894,make_me_laugh,social_movie,social,2179,1,0.4493568462195614,0.4500406903660683,0.44969876829281485,1,0,0.4939634740352631,0.6072697281837464,0.005918035967661261,0.24849984376342452,1.4572946366384618,0.49363163113594055,0.6604183316230774,0.0004301529669207872,0.00010387849380586627,0.003990851802413939,0.12555298493671876
1781864015.560517,75.75289702415466,make_me_laugh,social_movie,social,2180,1,0.44897216512542626,0.4472433078725972,0.4481077364990117,1,0,0.4939122200012207,0.6074799001216888,0.005233699533637171,0.24762274455659436,1.4431098698671414,0.4936748743057251,0.660650223493576,0.00023588940488368924,0.00019426356203709795,0.004663368415391718,0.12701007279243767
1781864015.593653,75.78603291511536,make_me_laugh,social_movie,social,2181,1,0.4313431551134497,0.4506857466004609,0.44101445085695534,1,0,0.49383583664894104,0.6071915745735168,0.009496229746921098,0.24653021166096298,1.589150915603001,0.4936259984970093,0.6607133150100708,7.980842143052881e-05,0.00015608098345316044,0.002922541441810979,0.1262633014214699
1781864015.629874,75.82225394248962,make_me_laugh,social_movie,social,2182,1,0.4315404283949399,0.44023357906941074,0.4358870037321753,1,0,0.4938927978277206,0.6073345184326171,0.009295704940420289,0.24672847007706314,1.1424718337110298,0.4939095675945282,0.6601199209690094,0.0006576685495254242,0.0005778601280948954,0.002185345888190673,0.12776291671449294
1781864015.663729,75.85610890388489,make_me_laugh,social_movie,social,2183,1,0.44575371688797444,0.4376399486913392,0.4416968327896568,1,0,0.49405275881290434,0.6069059669971466,0.008250433666750143,0.24520905808421317,1.3522849943642632,0.4938405603170395,0.6611743271350861,0.0010566618983416053,0.00039899334881618106,0.0017090166405495624,0.12627343198199575
1781864015.6980832,75.89046311378479,make_me_laugh,social_movie,social,2184,1,0.44966488581615977,0.44403606562349635,0.44685047571982806,1,0,0.49403773546218877,0.6072155594825744,0.003938926306800328,0.24571058123744996,1.3467772579484507,0.4941224455833435,0.6614523231983185,0.0003959054363506654,0.0006607564619909398,0.0006476473710283349,0.1255822858933496
1781864015.7321799,75.92455983161926,make_me_laugh,social_movie,social,2185,1,0.4527581425009794,0.4430308587694001,0.44789450063518976,1,0,0.4942938715219498,0.6069824934005738,0.007777682126585387,0.24654245743208397,1.9242465502298887,0.493770495057106,0.6610023379325867,0.000571275688520502,0.0001753702521698366,0.0006025956139730396,0.12604551089994034
1781864015.766021,75.95840096473694,make_me_laugh,social_movie,social,2186,1,0.45348250243469246,0.44381710495818594,0.4486498036964392,1,0,0.4939956694841385,0.6069413185119629,0.0052285964647912474,0.2485246268118481,1.6619935344209387,0.4937237352132797,0.6602495014667511,0.0007542872312895484,0.00018301154276904636,0.002800523529253021,0.12541928686092663
1781864015.801536,75.99391603469849,make_me_laugh,social_movie,social,2187,1,0.4481388757834472,0.44475476417128945,0.44644681997736835,1,0,0.49391916394233704,0.6070234656333924,0.004226367908740478,0.24972911007019966,1.3530332182742038,0.4938710182905197,0.6604458689689636,0.000245463848186381,0.0005088233831031673,0.0005603931818436075,0.12474198804197636
1781864015.836017,76.02839684486389,make_me_laugh,social_movie,social,2188,1,0.44907693679544514,0.45375567981105486,0.45141630830324997,1,0,0.49382742345333097,0.607428675889969,0.006746542637581444,0.24648011944340883,1.6706379056547487,0.49354833364486694,0.6612705290317535,0.0008855448038923408,0.0006400809557059598,0.0005149105478078023,0.12588272321960242
1781864015.869757,76.06213688850403,make_me_laugh,social_movie,social,2189,1,0.45866634866336314,0.443899393340996,0.45128287100217956,1,0,0.4939323991537094,0.6073537588119506,0.00278452553490638,0.24613158632639187,1.21645770606793,0.49378451704978943,0.6611151695251465,0.00028269980023687045,0.0006028450036554703,0.0008451983549592824,0.12430407056026899
1781864015.904804,76.0971839427948,make_me_laugh,social_movie,social,2190,1,0.4533957865207965,0.43201010765596476,0.44270294708838065,1,0,0.49386299550533297,0.6071394264698029,0.0069238892140035995,0.24597338969911325,1.628614799978858,0.49362602829933167,0.6608455181121826,0.00031277878530212584,3.007898506525539e-05,0.006805535671394248,0.12616018730490688
1781864015.93881,76.13119006156921,make_me_laugh,social_movie,social,2191,1,0.45410006280816567,0.4516432545061781,0.4528716586571719,1,0,0.49370480179786685,0.6070359289646148,0.004340645294615426,0.2466780116776271,1.488942090686901,0.49375489354133606,0.6604509651660919,0.00041506418523609164,0.0001022853999339658,0.00221100748868518,0.12573621745605223
1781864015.9749172,76.16729712486267,make_me_laugh,social_movie,social,2192,1,0.4643513727281909,0.46876306251599786,0.46655721762209434,1,0,0.4938001692295074,0.6072364330291748,0.004957817104782836,0.24752309556707305,1.3125342151468606,0.4938688278198242,0.6609479486942291,0.0005098761095151679,9.481192427907627e-05,0.0012174132218760853,0.12548824384710194
1781864016.007322,76.19970202445984,make_me_laugh,social_movie,social,2193,1,0.4691970271222358,0.44720509971820377,0.4582010634202198,1,0,0.4940153419971466,0.607024508714676,0.0031893622173175084,0.24750825265498805,1.0890874734285618,0.4938306361436844,0.6608174741268158,0.00013594931727693742,0.0003739267922382305,0.0024515656335635442,0.125153131407775
1781864016.041238,76.23361802101135,make_me_laugh,social_movie,social,2194,1,0.46309927621889835,0.45162856626278314,0.45736392124084074,1,0,0.49408744275569916,0.6074218332767487,0.0028091134712076257,0.24651127313578214,1.0293861274006644,0.4938533306121826,0.6615020334720612,0.0006849354247395698,0.0005489861074626323,0.0014309886132292018,0.12484903650732734
1781864016.077021,76.26940083503723,make_me_laugh,social_movie,social,2195,1,0.44663121760424956,0.4655996030256374,0.4561154103149435,1,0,0.4938175231218338,0.6077634990215302,0.00602136119004443,0.2471537839895008,1.218510267293251,0.49354253709316254,0.6611512899398804,0.0004686295304732079,0.00021630589426636189,0.0016646194438178867,0.12631578860123027
1781864016.1108758,76.3032557964325,make_me_laugh,social_movie,social,2196,1,0.439315341286506,0.4708919151062112,0.45510362819635863,1,0,0.49347116947174074,0.6074301898479462,0.007571237919573618,0.2456876517414401,1.0266504359093378,0.49331413209438324,0.6615212559700012,0.00043479156720289784,3.383796327031008e-05,0.0024734369895399824,0.12462657790349863
1781864016.1456158,76.33799576759338,make_me_laugh,social_movie,social,2197,1,0.43932763220644744,0.47599781463245844,0.4576627234194529,1,0,0.49351540207862854,0.6075580537319183,0.007458736567583272,0.248330143122833,1.0475638732122439,0.4932148903608322,0.6610662341117859,0.0004657185986536789,3.0927031450781036e-05,0.0030856542660740965,0.12477824172619044
1781864016.180465,76.3728449344635,make_me_laugh,social_movie,social,2198,1,0.44912928616907216,0.46291309070027736,0.45602118843467476,1,0,0.49360846281051635,0.6075590133666993,0.006773934628894476,0.2489072074735408,1.3850460875571813,0.4932635426521301,0.6606363356113434,0.00043264276965095734,3.3075829002721536e-05,0.001375471926278033,0.1251380462391608
1781864016.215753,76.40813302993774,make_me_laugh,social_movie,social,2199,1,0.44009311911014004,0.46157206533038087,0.45083259222026045,1,0,0.4935349702835083,0.6075336396694184,0.008331881807456178,0.24853566435956403,1.3759501068133206,0.4932413846254349,0.6608507931232452,0.0002155991710516577,0.00021704359859929965,0.0029413777786831716,0.1253121366143097
1781864016.250466,76.4428460597992,make_me_laugh,social_movie,social,2200,1,0.46066691534749526,0.45974994626187143,0.4602084308046833,1,0,0.49362727999687195,0.6072088599205017,0.005309890073575754,0.2473166503138844,1.0824577762000391,0.49351903796195984,0.6607226133346558,0.0003058127425178482,9.021357146619049e-05,0.006133545204392415,0.12351602604713738
1781864016.2826638,76.47504377365112,make_me_laugh,social_movie,social,2201,1,0.46055710540256173,0.4690985123750215,0.4648278088887916,1,0,0.49384976327419283,0.6073979735374451,0.0052943369532749765,0.24709462500099197,1.152407628549386,0.49352580308914185,0.660469651222229,0.00025305255831387357,5.2760184203974614e-05,0.0028256203266819415,0.1246211734647222
1781864016.316849,76.50922894477844,make_me_laugh,social_movie,social,2202,1,0.4511218755114542,0.46464004566952444,0.4578809605904893,1,0,0.49371789991855625,0.6071271419525146,0.005447032384356291,0.24767636549429456,1.2059636367482105,0.49362096190452576,0.6598796248435974,0.0005976506735764462,0.0003445981152625726,0.004878148054219824,0.12551547196739601
1781864016.351854,76.54423403739929,make_me_laugh,social_movie,social,2203,1,0.45697213918499957,0.4794513711379411,0.46821175516147034,1,0,0.4938676357269287,0.6073572993278503,0.00571019054557313,0.24723974005355231,1.0369189916999393,0.49351540207862854,0.6603337824344635,0.00046626386755220533,0.00013138680602424083,0.004580350723181578,0.12468330030499304
1781864016.386118,76.57849788665771,make_me_laugh,social_movie,social,2204,1,0.4569613624763673,0.47086139464750426,0.46391137856193576,1,0,0.493813157081604,0.6074022889137268,0.005324093525381194,0.24667273926860767,1.244287848823702,0.49355992674827576,0.6605823934078217,0.00025256655020267966,0.00021369731734952567,0.0030753836292474906,0.12352596071151095
1781864016.4217541,76.61413407325745,make_me_laugh,social_movie,social,2205,1,0.45508832687454537,0.46569056921349977,0.4603894480440226,1,0,0.4938340336084366,0.6067142963409424,0.004471236236237072,0.24812417274138887,1.0436358385439248,0.49378614127635956,0.6597900986671448,0.0008239562906006733,0.0005713897403979936,0.0004500561070061885,0.1237519332357737
1781864016.4562628,76.6486427783966,make_me_laugh,social_movie,social,2206,1,0.4496307765650945,0.4625678869756456,0.45609933177037004,1,0,0.4937842935323715,0.6068972110748291,0.0061125899454498415,0.24765344173872167,1.0660831284302008,0.4936024248600006,0.6603060066699982,0.0005476429393756039,0.00027631335122506946,0.0005201826049783405,0.12409227743877366
1781864016.4904902,76.68287014961243,make_me_laugh,social_movie,social,2207,1,0.4555634196821224,0.4654516872300147,0.46050755345606853,1,0,0.4937918812036514,0.607052320241928,0.005986492963471753,0.24605747165198008,1.0836309310465069,0.4934658408164978,0.6610743403434753,0.0007803792890245766,0.00023273634964897274,0.0005948621363839742,0.12342888552892249
1781864016.523603,76.71598291397095,make_me_laugh,social_movie,social,2208,1,0.4514374343791239,0.4547561714535984,0.4530968029163612,1,0,0.49389642775058745,0.6072198808193208,0.007332824451301537,0.24747829209058053,0.8925091349027013,0.49343763291835785,0.6610779464244843,2.843746363016273e-05,0.0007519418253944138,0.000556560721136189,0.12408239277055175
1781864016.559204,76.75158405303955,make_me_laugh,social_movie,social,2209,1,0.4735585296659761,0.45022240914303463,0.4618904694045054,1,0,0.49388037323951717,0.6071432411670685,0.0027778536918383924,0.24742134863536813,0.9031114691351209,0.49376706779003143,0.661350280046463,0.00042742594251479494,0.0003989884788846322,0.0005118588789084819,0.12463195180785483
1781864016.592664,76.78504395484924,make_me_laugh,social_movie,social,2210,1,0.4587091187460578,0.4350223591788112,0.44686573896243453,1,0,0.4940023124217987,0.6072328209877014,0.005596587471513243,0.24799624631796352,1.1892196757862046,0.49343663454055786,0.6603836417198181,0.0010215555721038926,0.0005941296295890978,0.000575334005881381,0.12499133847028861
1781864016.627754,76.82013392448425,make_me_laugh,social_movie,social,2211,1,0.446502761052597,0.42457924273585523,0.4355410018942261,1,0,0.4939125865697861,0.6071510851383208,0.007645627632927973,0.24826772917185277,1.101373432601945,0.49334847927093506,0.6603775322437286,8.836672032137972e-05,0.000933188851782513,0.0004140806647238443,0.12451551433313507
1781864016.6625469,76.8549268245697,make_me_laugh,social_movie,social,2212,1,0.46376151108619446,0.4483510008698232,0.4560562559780088,1,0,0.49372218549251556,0.6071375906467438,0.004299119048659291,0.2491337893073249,1.0281980759255518,0.49361979961395264,0.6600231230258942,0.00044634137408626923,0.0003579746537648895,0.0004832668529888188,0.12429443649313922
1781864016.697633,76.89001297950745,make_me_laugh,social_movie,social,2213,1,0.46367831067674453,0.4581462173755943,0.4609122640261694,1,0,0.4937976866960525,0.6067773938179016,0.006469446824821106,0.2473864137836592,1.0288593609063441,0.4934689998626709,0.6604230105876923,0.00042737644655205313,1.8964927534216103e-05,0.0016049088394388962,0.12305879254965951
1781864016.73162,76.92400002479553,make_me_laugh,social_movie,social,2214,1,0.4661665488492594,0.4480784496049264,0.4571224992270929,1,0,0.49389876425266266,0.6070417046546936,0.008033461506971068,0.2455600164984209,1.0791672935208785,0.49333105981349945,0.6601287722587585,0.00032496715430813464,0.00010240929224391849,0.0037973121773033193,0.12380128987332646
1781864016.7655602,76.95794010162354,make_me_laugh,social_movie,social,2215,1,0.46244354898438794,0.45248215767912797,0.45746285333175796,1,0,0.4935379296541214,0.6073024153709412,0.007499044740546276,0.24618538719191416,0.5231299749905903,0.49337032437324524,0.6608048677444458,0.0006772346797224113,0.0003522675254142766,0.0021515748413934816,0.12369650949540316
1781864016.798867,76.99124693870544,make_me_laugh,social_movie,social,2216,1,0.4474095325014926,0.4570638569581375,0.4522366947298151,1,0,0.49346186518669133,0.6073465764522552,0.008136678277375868,0.24616007462684852,1.0388010132684984,0.49318966269493103,0.6614986062049866,0.0007168763447379096,3.964166501549838e-05,0.0025754227317479395,0.12439647242516
1781864016.835487,77.02786684036255,make_me_laugh,social_movie,social,2217,1,0.4470363854567816,0.44675819371559494,0.44689728958618824,1,0,0.49347626864910127,0.6070242762565613,0.008820395044544462,0.2470109263988808,0.9826110821173683,0.49308520555496216,0.6606492698192596,0.0008557357011426827,0.00013885935640477306,0.001833972032486453,0.12462124128887186
1781864016.868824,77.061203956604,make_me_laugh,social_movie,social,2218,1,0.45030982769166567,0.44956465269246676,0.4499372401920662,1,0,0.4932459414005279,0.6068302333354949,0.007918204273204017,0.24766283043173745,0.6848324604455557,0.49309584498405457,0.6601364612579346,0.0005129189195376827,0.00034281678160500003,0.0013676912196291502,0.12418541833124325
1781864016.902879,77.09525895118713,make_me_laugh,social_movie,social,2219,1,0.4605313012662696,0.45592159962904305,0.4582264504476563,1,0,0.4932866781949997,0.6066946923732758,0.005173742801538044,0.24912062538872165,0.8195113572627215,0.4932543933391571,0.6602285206317902,0.00018333714631902685,0.0003295817732186558,0.0035038403628192016,0.12401566867802769
1781864016.938398,77.13077783584595,make_me_laugh,social_movie,social,2220,1,0.46590767202584077,0.44793425271033804,0.45692096236808943,1,0,0.4934977412223816,0.6069881439208984,0.004617744890258384,0.2460084842398472,1.0846199273690253,0.49343371391296387,0.6607435941696167,0.0005453958356639082,0.00036205868934488137,0.002814654877683221,0.12437512183790657
1781864016.972318,77.1646978855133,make_me_laugh,social_movie,social,2221,1,0.46136807850090256,0.45324378434545115,0.4573059314231769,1,0,0.4934923261404037,0.6069305658340454,0.005529247115981028,0.24505460141286883,1.0331775738223477,0.49350984394550323,0.6608477234840393,0.00012899106936748535,0.0004164047662964229,0.004341854387135905,0.12513990787594254
1781864017.005888,77.19826793670654,make_me_laugh,social_movie,social,2222,1,0.46451914859494686,0.461626110510068,0.46307262955250744,1,0,0.4936976283788681,0.6065166115760803,0.006633427465963062,0.24675986565564864,1.0601616634965083,0.4933288246393204,0.6601238548755646,0.0007461593338865825,0.0006171682645190971,0.0004958237651191206,0.12391109695016664
1781864017.040677,77.23305702209473,make_me_laugh,social_movie,social,2223,1,0.4654015989491783,0.45483830607713616,0.46011995251315724,1,0,0.4936014264822006,0.6068059980869294,0.006480745749396717,0.24450387863083173,0.7362842492259921,0.49327170848846436,0.6615737676620483,0.001451037333461039,0.0007048779995744565,0.0005428531851644505,0.12348700068879184
1781864017.076362,77.2687418460846,make_me_laugh,social_movie,social,2224,1,0.46345953159752706,0.4523799199557777,0.4579197257766524,1,0,0.49341961443424226,0.6066441357135772,0.0074788870931827515,0.24784227542283166,0.843479698432859,0.4931997060775757,0.6605881452560425,0.000988248892938697,0.0004627884405223419,0.00044181546742510814,0.12341003629279763
1781864017.110067,77.3024468421936,make_me_laugh,social_movie,social,2225,1,0.4535678427708744,0.4447770433190026,0.44917244304493853,1,0,0.49348572790622713,0.6068508207798005,0.006840083193571001,0.2475166760793943,1.117357419024391,0.49326224625110626,0.6602483093738556,0.0003455426169475719,0.0006427062759911252,0.0022021011556992293,0.12414715211541474
1781864017.144486,77.33686590194702,make_me_laugh,social_movie,social,2226,1,0.47870997627352424,0.4433771323804972,0.4610435543270107,1,0,0.49346215426921847,0.6067362189292907,0.004575443589439861,0.24799716418888157,1.2878948600973443,0.4934031665325165,0.6608617603778839,0.0006294288363715863,0.00028388621942401434,0.00556315801889585,0.12419476067103115
1781864017.179183,77.37156295776367,make_me_laugh,social_movie,social,2227,1,0.47907154358518333,0.4527513510395477,0.46591144731236556,1,0,0.4937823742628098,0.6074709355831147,0.002132305619825537,0.24795255603456726,0.8624203880361307,0.49343952536582947,0.660908967256546,5.958568748366325e-05,0.000569843148887923,0.002766196823922845,0.1246267654175996
1781864017.2119198,77.40429973602295,make_me_laugh,social_movie,social,2228,1,0.47258169926936255,0.452619026828219,0.46260036304879076,1,0,0.4935141086578369,0.6073971509933471,0.0021523896087740587,0.24824715673350398,1.1010916239354316,0.493434339761734,0.6608673632144928,4.1925968146259426e-05,1.7659719337403826e-05,0.004392234464933446,0.12423819768336046
1781864017.2479,77.44027996063232,make_me_laugh,social_movie,social,2229,1,0.47451326172342007,0.4520503768345512,0.4632818192789856,1,0,0.49356745183467865,0.6073281049728394,0.0032436115060862003,0.24828504940257565,1.081631081813848,0.4935121536254883,0.6608223617076874,8.988956005636436e-05,4.796359191010493e-05,0.001326639573536386,0.1236619982080783
1781864017.282248,77.47462797164917,make_me_laugh,social_movie,social,2230,1,0.46671771832860176,0.4569975539862354,0.4618576361574186,1,0,0.4937266707420349,0.6074346601963043,0.003311751276583719,0.24641412503879526,0.782683574687284,0.4933871924877167,0.6618461608886719,0.0010313971344432277,0.0009415075743868633,0.0023437570044553247,0.12372499170358307
1781864017.316222,77.5086019039154,make_me_laugh,social_movie,social,2231,1,0.45651062073681076,0.45580472708847014,0.45615767391264045,1,0,0.49354224205017094,0.6075993120670319,0.004684513283094366,0.2457189450798265,0.6242616103499629,0.4933127760887146,0.6613198518753052,0.0005315439567819998,0.0004998531776612279,0.0009152265092574097,0.12393703336919965
1781864017.3503869,77.5427668094635,make_me_laugh,social_movie,social,2232,1,0.43774491789737374,0.45787904670557805,0.4478119823014759,1,0,0.4935259848833084,0.6074742138385772,0.006194001591642837,0.24880316261735808,1.1741463963896948,0.4934495687484741,0.660697340965271,0.0006373633695747401,0.00010581941279274036,0.000578210982137183,0.12347997794611017
1781864017.38448,77.57685995101929,make_me_laugh,social_movie,social,2233,1,0.45277772008198597,0.4482957239818232,0.4505367220319046,1,0,0.49377636015415194,0.6075473368167877,0.006852782162982858,0.24636928405756,1.0511569740535742,0.4932742863893509,0.6609681248664856,0.0003225644533683199,0.0003147989162064202,0.0019983232919462916,0.1242219693493309
1781864017.4198341,77.61221408843994,make_me_laugh,social_movie,social,2234,1,0.4548629366346821,0.44880745797454064,0.45183519730461136,1,0,0.4935178220272064,0.6077873408794403,0.008060814781693642,0.24779048372655774,0.7863789748459021,0.4931376278400421,0.6608604788780212,0.00017396326604098795,0.00014860118732733195,0.0015503833912807435,0.12375483365878494
1781864017.453708,77.64608788490295,make_me_laugh,social_movie,social,2235,1,0.4563213953289758,0.44272924851885503,0.4495253219239154,1,0,0.4934408009052277,0.6079922497272492,0.005061087435219457,0.2490313079822511,0.9977748771305897,0.4932919144630432,0.6600813567638397,0.0007942516168342135,0.0006202883507932256,0.0024832331745842967,0.12358626340695214
1781864017.488256,77.68063592910767,make_me_laugh,social_movie,social,2236,1,0.46592432616050605,0.437688385285914,0.45180635572321004,1,0,0.49324123263359065,0.608189457654953,0.005354874516924287,0.24861041879516638,0.8413249924490861,0.4930248260498047,0.6606737077236176,0.0006497814094262716,0.0001444702074079419,0.005030816993429642,0.12446741145252684
1781864017.524928,77.7173080444336,make_me_laugh,social_movie,social,2237,1,0.4700322811213103,0.43993690594554613,0.45498459353342824,1,0,0.49309902489185337,0.6084178686141968,0.004048651497460434,0.24766945322379785,0.7963899911478947,0.49302393198013306,0.6621959209442139,0.001522213483161537,0.0008724320737352653,0.003427977382176966,0.12372585577645256
1781864017.557164,77.74954390525818,make_me_laugh,social_movie,social,2238,1,0.47002782958129985,0.4388795224661467,0.4544536760237233,1,0,0.49326631724834447,0.6082364439964294,0.004010015519267429,0.24663660085842354,1.3043687365125634,0.49317745864391327,0.6626652181148529,0.0004937714763544861,0.0010284420068070509,0.0038566191408190096,0.12405516713987437
1781864017.592104,77.78448390960693,make_me_laugh,social_movie,social,2239,1,0.4713538228947462,0.4534569227150968,0.4624053728049215,1,0,0.4934902489185333,0.6083537101745605,0.0028115031544918485,0.24848962527977786,1.2498098587497934,0.4935760647058487,0.6614974141120911,0.0012339582575914979,0.0007401867812370118,0.00615841319505837,0.12197323776565877
1781864017.626555,77.81893491744995,make_me_laugh,social_movie,social,2240,1,0.461025332801507,0.4351182938365546,0.4480718133190308,1,0,0.49363790452480316,0.6086864650249482,5.041049122847667e-05,0.2479410486513367,1.35881142297107,0.49410776793956757,0.6626712679862976,0.0012886587006406373,5.470044304913945e-05,0.007876996573919954,0.12271442171330588
1781864017.660761,77.85314106941223,make_me_laugh,social_movie,social,2241,1,0.47130417383424233,0.42644173034434707,0.4488729520892947,1,0,0.4944386690855026,0.6089043378829957,-0.0026725064607378496,0.24720726708416124,1.2705115528798578,0.49520233273506165,0.6629166007041931,0.0011217219949724588,0.00016693670566817853,0.004970215783650604,0.12342160231393608
1781864017.695504,77.88788390159607,make_me_laugh,social_movie,social,2242,1,0.4621309909661963,0.4393871159500269,0.4507590534581116,1,0,0.495699280500412,0.609931892156601,-0.006036132918309037,0.24624781075021213,0.8632269423414959,0.4970821142196655,0.6646580994129181,0.0025624980355797994,0.0014407760406073406,0.009753935216607971,0.1230777322500288
1781864017.729831,77.92221093177795,make_me_laugh,social_movie,social,2243,1,0.4379203448977211,0.4607494466684166,0.44933489578306884,1,0,0.49743077754974363,0.615314394235611,-0.00022961060094330252,0.24640837148351785,0.8100924403608951,0.4988744854927063,0.66706183552742,0.002998423267082675,0.00043592523150287566,0.005610586682133617,0.12441231189700795
1781864017.7650628,77.95744276046753,make_me_laugh,social_movie,social,2244,1,0.428521457782942,0.4737843638193633,0.4511529108011526,1,0,0.49883488118648533,0.6204195678234101,-0.0024418918475120105,0.2473177298821452,0.6722508598634696,0.5005394667387009,0.6725010275840759,0.005688318976525673,0.002689895709442998,0.0028069107231265835,0.12385426198707723
1781864017.797251,77.9896309375763,make_me_laugh,social_movie,social,2245,1,0.45129089805744765,0.43861954838689676,0.4449552232221722,1,0,0.4996880620718003,0.6232969999313354,-0.008453637303844425,0.24686400534515174,0.28607866101957274,0.5016880929470062,0.6769530177116394,0.004597777535106348,0.0010905414414193251,0.00902983204044905,0.1250056962155951
1781864017.833364,78.02574396133423,make_me_laugh,social_movie,social,2246,1,0.495293525210777,0.421104411972812,0.45819896859179454,1,0,0.49999192953109745,0.6237199068069459,-0.005051061083049094,0.24361666102027596,0.5075560939722571,0.5006785541772842,0.679215669631958,0.002477652566461497,0.002120124968644851,0.0054117206083163305,0.12368440184543296
1781864017.867528,78.05990791320801,make_me_laugh,social_movie,social,2247,1,0.4697022887168986,0.4290317016819257,0.44936699519941214,1,0,0.49976449310779575,0.6238993704319,0.007328949964371898,0.2486096173312532,1.0485503040419404,0.499099463224411,0.6785243153572083,0.001723803634600196,0.0007538489318613009,0.006011298409889143,0.1254261602317246
1781864017.903897,78.0962769985199,make_me_laugh,social_movie,social,2248,1,0.481619784718346,0.43456601281134416,0.45809289876484505,1,0,0.49826797544956203,0.6260116517543792,0.01615458382653208,0.24188896173153349,1.1441432850453364,0.49606622755527496,0.6812803745269775,0.004098338781968687,0.0023745351473684908,0.00977467782094084,0.1260141506437637
1781864017.937378,78.12975788116455,make_me_laugh,social_movie,social,2249,1,0.44154696321951314,0.4602502982498303,0.45089863073467173,1,0,0.49533401131629945,0.6292765617370606,0.017544752445834304,0.2438577449462188,0.6001817260557604,0.4930741786956787,0.6831320524215698,0.0035186740973743155,0.0005796646845943713,0.014296216728965886,0.12744460414913214
1781864017.9707751,78.16315507888794,make_me_laugh,social_movie,social,2250,1,0.45716037508019947,0.4203743204516105,0.438767347765905,1,0,0.4920573502779007,0.6325139999389648,0.027866968852667765,0.24539209618574895,0.9402144606661984,0.48887959122657776,0.6877295970916748,0.0062235023121671165,0.002704828214792801,0.006373149732128855,0.12753521965523215
1781864018.003847,78.19622683525085,make_me_laugh,social_movie,social,2251,1,0.47089658233018034,0.44604076065504433,0.45846867149261233,1,0,0.4888147294521332,0.6389346897602082,0.0237143269273481,0.24256917750010493,0.9147822162162947,0.4856426268815994,0.6920885741710663,0.005429421640407132,0.0007940806717599844,0.013176955507199854,0.12631764651684624
1781864018.038993,78.23137283325195,make_me_laugh,social_movie,social,2252,1,0.4381479063830811,0.4304366040401242,0.43429225521160264,1,0,0.4878008455038071,0.6411742687225341,0.02435427227191432,0.24831070314069897,1.366272899416437,0.48502038419246674,0.6946859359741211,0.002670856473146248,0.002758565167260884,0.010272947326816625,0.12521722817573339
1781864018.074604,78.26698398590088,make_me_laugh,social_movie,social,2253,1,0.4443008187319755,0.4076577815852016,0.42597930015858854,1,0,0.4883679896593094,0.6410910308361053,0.02404081980118324,0.25682525782981785,1.4999682590572851,0.48526281118392944,0.6924069821834564,0.0022918117780861805,0.0003790446950600675,0.0023348245737765108,0.12499859110388784
1781864018.108557,78.30093693733215,make_me_laugh,social_movie,social,2254,1,0.45720711380251156,0.39917964860711946,0.42819338120481554,1,0,0.4895209401845932,0.6412371158599854,0.023344010907063433,0.258109064162797,1.1067108090024151,0.48651257157325745,0.6900404691696167,0.0026762445470109872,0.00038443276892480673,0.003950341715454106,0.12597799196160972
1781864018.144094,78.33647394180298,make_me_laugh,social_movie,social,2255,1,0.4315541984168333,0.40492973271710136,0.41824196556696736,1,0,0.49028290212154385,0.6413946270942688,0.02189555635666476,0.2622454617586486,0.6388623067373016,0.48744727671146393,0.6894826591014862,0.0010884970222730717,0.0015877475247379155,0.007157270065738735,0.12438537181090079
1781864018.176894,78.36927390098572,make_me_laugh,social_movie,social,2256,1,0.33936515524224803,0.3081437411445136,0.32375444819338084,1,0,0.4892919480800629,0.6454226493835449,0.023039460183714035,0.2729287210812402,0.7404710609864612,0.4863230735063553,0.6905288994312286,0.001535725129688284,0.0004472281074152122,0.006265261574839049,0.12916975835353087
1781864018.212259,78.40463900566101,make_me_laugh,social_movie,social,2257,1,0.16745028359549308,0.33371266660461796,0.2505814751000555,1,0,0.48713669180870056,0.6523439526557923,0.008319144822310233,0.2779281027681918,1.403060062439518,0.4850047677755356,0.6931537091732025,0.002937270192112574,0.0014015450624242903,0.0011125719236939283,0.1304329782066812
1781864018.2461388,78.4385187625885,make_me_laugh,social_movie,social,2258,1,0.23235426256130692,0.12363886329630144,0.17799656292880417,0,1,0.4837522506713867,0.6586373150348663,0.0007501991214667771,0.27751613506399014,1.2217806845525452,0.4837287962436676,0.6997314095497131,0.0067003168278287764,0.0037630466357162023,0.008345852421320531,0.13105523491001297
1781864018.2804532,78.4728331565857,make_me_laugh,social_movie,social,2259,1,0.2566199095001217,0.19596488099848766,0.22629239524930467,1,0,0.4813970357179642,0.6630449891090393,-0.019260860305547117,0.2700198532957656,1.1311767687107375,0.48419398069381714,0.706096887588501,0.006382453073462525,0.0003178637543662516,0.004002520637065,0.13150994015004988
1781864018.316492,78.50887203216553,make_me_laugh,social_movie,social,2260,1,0.2762812328942073,0.4057414078266849,0.3410113203604461,1,0,0.4848745584487915,0.6622939527034759,-0.010952035894203477,0.24470988914433264,2.374298595987407,0.48270055651664734,0.7242497801780701,0.018214220409926627,0.011831767336464103,0.007746903112232755,0.12245664198514392
1781864018.349331,78.54171085357666,make_me_laugh,social_movie,social,2261,1,0.19903949408081797,0.38193678376187923,0.2904881389213486,1,0,0.4878046751022339,0.6597084701061249,0.05969572074356409,0.17806785068159936,10.725628211140515,0.47432826459407806,0.7382212579250336,0.016287954520768255,0.0019262658891583719,0.004363685577521989,0.1267999632388817
1781864018.383625,78.57600498199463,make_me_laugh,social_movie,social,2262,0,0,0,0,0,0,0,0,0,0,0,0,0,0,0,0,0
1781864018.41829,78.6106698513031,make_me_laugh,social_movie,social,2263,0,0,0,0,0,0,0,0,0,0,0,0,0,0,0,0,0
1781864018.4528809,78.64526081085205,make_me_laugh,social_movie,social,2264,0,0,0,0,0,0,0,0,0,0,0,0,0,0,0,0,0
1781864018.48671,78.67909002304077,make_me_laugh,social_movie,social,2265,0,0,0,0,0,0,0,0,0,0,0,0,0,0,0,0,0
1781864018.521315,78.71369504928589,make_me_laugh,social_movie,social,2266,0,0,0,0,0,0,0,0,0,0,0,0,0,0,0,0,0
1781864018.555604,78.74798393249512,make_me_laugh,social_movie,social,2267,0,0,0,0,0,0,0,0,0,0,0,0,0,0,0,0,0
1781864018.5905259,78.78290581703186,make_me_laugh,social_movie,social,2268,0,0,0,0,0,0,0,0,0,0,0,0,0,0,0,0,0
1781864018.624448,78.81682801246643,make_me_laugh,social_movie,social,2269,0,0,0,0,0,0,0,0,0,0,0,0,0,0,0,0,0
1781864018.659701,78.85208106040955,make_me_laugh,social_movie,social,2270,0,0,0,0,0,0,0,0,0,0,0,0,0,0,0,0,0
1781864018.6927629,78.88514280319214,make_me_laugh,social_movie,social,2271,0,0,0,0,0,0,0,0,0,0,0,0,0,0,0,0,0
1781864018.7292538,78.92163372039795,make_me_laugh,social_movie,social,2272,0,0,0,0,0,0,0,0,0,0,0,0,0,0,0,0,0
1781864018.76338,78.95576000213623,make_me_laugh,social_movie,social,2273,0,0,0,0,0,0,0,0,0,0,0,0,0,0,0,0,0
1781864018.7979798,78.99035978317261,make_me_laugh,social_movie,social,2274,0,0,0,0,0,0,0,0,0,0,0,0,0,0,0,0,0
1781864018.830722,79.0231020450592,make_me_laugh,social_movie,social,2275,0,0,0,0,0,0,0,0,0,0,0,0,0,0,0,0,0
1781864018.86641,79.0587899684906,make_me_laugh,social_movie,social,2276,0,0,0,0,0,0,0,0,0,0,0,0,0,0,0,0,0
1781864018.8991091,79.09148907661438,make_me_laugh,social_movie,social,2277,1,0.511637700258102,0.47143113743122256,0.49153441884466226,1,0,0.49292117655277257,0.6624579846858978,0.07189805409367175,0.2658806104124339,9.833177044776827,0.4884769767522812,0.6904709041118622,0.049802433123480386,0.03351447860271213,0.06453017991585334,0.1179351184697569
1781864018.934433,79.12681293487549,make_me_laugh,social_movie,social,2278,1,0.28676612951923935,0.3974288977540766,0.34209751363665797,1,0,0.4967697024345398,0.639138251543045,0.12779913305812252,0.22651117931487416,-2.3941485084887226,0.48300495743751526,0.6720595061779022,0.01920735716499791,0.030595075958482477,0.06652580555002072,0.13867800740589253
1781864018.968662,79.16104197502136,make_me_laugh,social_movie,social,2279,1,0.27173474880090237,0.3705491412271978,0.3211419450140501,1,0,0.49299716055393217,0.6443564832210541,0.04161458214602119,0.24267923750095902,-1.0946465593161923,0.48911283910274506,0.6960197687149048,0.02472651207264257,0.005519154907644663,0.07282470461533054,0.12754733285249634
1781864019.003469,79.19584894180298,make_me_laugh,social_movie,social,2280,1,0.3012275107443246,0.32233645477158906,0.3117819827579568,1,0,0.4877803087234497,0.6503917813301087,-0.012195364777582757,0.2502878798080687,-0.20586968269273567,0.4907177686691284,0.7001170814037323,0.004400428409039107,0.020326083663603466,0.06401790861226503,0.13170514471838218
1781864019.038334,79.23071384429932,make_me_laugh,social_movie,social,2281,1,0.35884093246977566,0.2559009285122296,0.3073709304910026,1,0,0.48169372975826263,0.6576151609420777,-0.05093099715484049,0.24778898818372835,-1.4677328831481542,0.4883886128664017,0.7066763043403625,0.006960486497781029,0.0025600580887419223,0.04773587621806892,0.13229768838302433
1781864019.0715048,79.26388478279114,make_me_laugh,social_movie,social,2282,1,0.3479546834624759,0.22882793341994623,0.2883913084412111,1,0,0.4768396407365799,0.663333922624588,-0.08292680894996415,0.25511748385986965,-2.0523259263266564,0.48622409999370575,0.7120697200298309,0.00581154443977417,0.0011489420580068589,0.021373556504676063,0.1312830096598189
1781864019.107557,79.2999370098114,make_me_laugh,social_movie,social,2283,1,0.4068046199768001,0.32656165910940804,0.36668313954310405,1,0,0.47174122035503385,0.666682344675064,-0.10192982328589986,0.2624312320040443,0.5883668785855405,0.48384836316108704,0.7134845852851868,0.002765134569722481,0.0030464098700516895,0.010073058016272955,0.12592619554609288
1781864019.141452,79.33383202552795,make_me_laugh,social_movie,social,2284,1,0.37740079208657573,0.0835672184497828,0.23048400526817928,1,0,0.4671623647212982,0.6730946004390717,-0.11863116336600403,0.27174246518553297,1.9413961745615005,0.48245564103126526,0.7126262187957764,0.0016359914306126554,0.0011291431391098254,0.0016272046228734285,0.14392878811293336
1781864019.176448,79.3688280582428,make_me_laugh,social_movie,social,2285,1,0.2555405881036053,0.07630620036497918,0.16592339423429225,0,1,0.469282466173172,0.6780870079994201,-0.11481101749471459,0.269257842927335,3.0353800166091434,0.48202458024024963,0.7167061269283295,0.004102616698599072,0.002466625267986416,0.002323959424668614,0.1566582133588431
1781864019.210283,79.40266299247742,make_me_laugh,social_movie,social,2286,1,0.2931180786411114,0.09422598840336807,0.19367203352223972,1,0,0.4700827032327652,0.6809878885746001,-0.10510163547981571,0.2724982780417612,4.284968692269234,0.4822309613227844,0.7181166112422943,0.0014255031221183305,0.0026771135764807412,0.024421847851994943,0.15064439585886974
1781864019.244577,79.4369568824768,make_me_laugh,social_movie,social,2287,1,0.3017535531113893,0.15159456681141106,0.22667405996140016,1,0,0.47293773889541624,0.681955486536026,-0.09794358073131222,0.2830182343763127,6.0486364098598875,0.4844287633895874,0.7200673818588257,0.002938679962698496,0.0015131768405801656,0.031467947534250994,0.13905548440012475
1781864019.278626,79.47100591659546,make_me_laugh,social_movie,social,2288,1,0.3311364810208634,0.2689803965655092,0.3000584387931863,1,0,0.476389291882515,0.6862378895282746,-0.07277195104983256,0.28484207772754283,6.273296573136929,0.4849713146686554,0.7248464226722717,0.004809739388678076,0.0018710594259795802,0.026174433546749303,0.13017633074425017
1781864019.313472,79.50585198402405,make_me_laugh,social_movie,social,2289,1,0.3555803872793072,0.27082374707543766,0.3132020671773724,1,0,0.4789295434951782,0.6921343564987184,-0.06330929312443333,0.29002072861931993,5.280947108666579,0.48595304787158966,0.7285577058792114,0.003838935154942862,0.0009708042337352144,0.0284150732240989,0.12690632770221935
1781864019.347685,79.54006505012512,make_me_laugh,social_movie,social,2290,1,0.30808851398022646,0.25862945537836945,0.283358984679298,1,0,0.4815133959054947,0.6932371139526368,-0.05599603634571686,0.2955860211179211,6.289678409434305,0.4871754050254822,0.7278866767883301,0.0013944307270285113,0.0024445044279143508,0.044652070283352274,0.12511338082592338
1781864019.3828979,79.57527780532837,make_me_laugh,social_movie,social,2291,1,0.36669059136105947,0.32707030167373935,0.3468804465173994,1,0,0.4819690704345703,0.6930115818977356,-0.056902047890284906,0.295323303239923,6.133074252834051,0.48822569847106934,0.7274109423160553,0.0011530132739712533,0.000241417453057258,0.04046960378952991,0.12279896347642713
1781864019.4170141,79.60939407348633,make_me_laugh,social_movie,social,2292,1,0.38698687043108393,0.32691100461597455,0.35694893752352924,1,0,0.4828276664018631,0.6911291956901551,-0.049318751031751866,0.2874643821414983,6.203668376545705,0.48696208000183105,0.7277910709381104,0.0013195565183445426,0.0001665432443732893,0.0346202161260797,0.1231064292380211
1781864019.451233,79.6436128616333,make_me_laugh,social_movie,social,2293,1,0.3453455546528747,0.3460158593876792,0.345680707020277,1,0,0.4822198718786239,0.686719787120819,-0.052571314870565704,0.28647252224161857,5.845121447829397,0.48706255853176117,0.7236441075801849,0.004148180447732831,0.0028286239293882887,0.012825223506564521,0.12196136404971175
1781864019.4860742,79.67845416069031,make_me_laugh,social_movie,social,2294,1,0.3548486556607192,0.32922829225291156,0.3420384739568154,1,0,0.48094850480556484,0.6845175921916962,-0.054107926154317684,0.2855650155405272,7.046761392340218,0.48628340661525726,0.7224122583866119,0.0014575768057629606,0.0026906036419698707,0.015507154868036185,0.12163246650779824
1781864019.52027,79.71265006065369,make_me_laugh,social_movie,social,2295,1,0.3837310387797224,0.30539252958628565,0.34456178418300404,1,0,0.4809820353984833,0.6844881653785706,-0.05264366266988235,0.2867655154278566,5.380122394124951,0.4857573062181473,0.7218313813209534,0.0007837089978093872,0.0006738678079535734,0.02183610254739804,0.11885329682045395
1781864019.5552268,79.74760675430298,make_me_laugh,social_movie,social,2296,1,0.33763326914087843,0.33283911327344184,0.33523619120716014,1,0,0.4810096979141235,0.6858348727226258,-0.04887481559938405,0.28876584928818777,5.400223873956631,0.4852176904678345,0.7232414484024048,0.0015097928110103605,0.0007260838132009732,0.013394188227643813,0.12089671073661695
1781864019.588313,79.78069305419922,make_me_laugh,social_movie,social,2297,1,0.31033511931789237,0.29684556160293557,0.303590340460414,1,0,0.48031173050403597,0.6859995305538178,-0.05315603515648932,0.287725081114712,6.393600242886018,0.48562251031398773,0.7251704037189484,0.0019709763370120118,0.0004611835260016513,0.017542104274025916,0.12104996715970907
1781864019.624832,79.81721186637878,make_me_laugh,social_movie,social,2298,1,0.3390474652014222,0.2977349951179756,0.3183912301596989,1,0,0.4814502000808716,0.6864964723587036,-0.04849161690688013,0.28610391141688646,5.734797518179907,0.485165536403656,0.7239895164966583,0.0012662226449135052,0.0007047536920985066,0.016710436267028818,0.12033442770961976
1781864019.657747,79.85012698173523,make_me_laugh,social_movie,social,2299,1,0.34516665777855104,0.3219150425893765,0.33354085018396373,1,0,0.4822883903980255,0.6853401064872742,-0.04833933751805452,0.28764678325409077,5.881446244363745,0.4857923984527588,0.7228090763092041,0.0013365609094846006,7.033826457109537e-05,0.019102205584028177,0.12117405024096478
1781864019.690864,79.88324403762817,make_me_laugh,social_movie,social,2300,1,0.33853740386729253,0.2761191809634777,0.3073282924153851,1,0,0.4837695389986038,0.684328955411911,-0.046399286875190376,0.2899470693556544,5.454745779456423,0.4862620532512665,0.7219000160694122,0.0010232136381673924,0.00031334727131720813,0.020819126622474673,0.12048560637932312
1781864019.727293,79.91967296600342,make_me_laugh,social_movie,social,2301,1,0.3459277815061713,0.23936019133441358,0.29264398642029243,1,0,0.4849816173315048,0.6843495190143585,-0.04621625035127924,0.2906233681351925,5.390645121260231,0.48745588958263397,0.7223576307296753,0.0012785368056417738,0.0002553231674743814,0.01972646806112416,0.12329755886892635
1781864019.761154,79.95353388786316,make_me_laugh,social_movie,social,2302,1,0.37322685697784325,0.27222536158209965,0.3227261092799715,1,0,0.4847520887851715,0.6877710044384002,-0.04189558338443937,0.2911855618962462,3.4273545665755374,0.4873334616422653,0.7246760129928589,0.0023216125686313796,0.0010430757629896058,0.025678213023418463,0.12135336232598205
1781864019.796968,79.9893479347229,make_me_laugh,social_movie,social,2303,1,0.3765064307195854,0.2627123331436146,0.3196093819316,1,0,0.4846180588006973,0.6896235287189483,-0.04251099700908174,0.29160588070263027,5.052337915486211,0.4875286966562271,0.7273114919662476,0.002642700537300901,0.0003210879686695212,0.024915406397371373,0.12247300134176153
1781864019.830073,80.02245306968689,make_me_laugh,social_movie,social,2304,1,0.3716475174384946,0.26801595946132756,0.3198317384499111,1,0,0.48396771848201753,0.6904986143112183,-0.03548931892045577,0.2984052241399547,4.539899174824057,0.4863659739494324,0.7251578867435455,0.002447435300093861,0.00019526523720703962,0.020637212454327952,0.12035967531617608
1781864019.864566,80.05694603919983,make_me_laugh,social_movie,social,2305,1,0.3598520240565754,0.2820722153264339,0.3209621196915047,1,0,0.48414587378501894,0.6903302550315857,-0.04633852587167908,0.29359240184181806,4.354436211362457,0.4873808026313782,0.7259169816970825,0.001267320954685581,0.0011801143454082802,0.024670240460555083,0.12057695108567763
1781864019.898478,80.0908579826355,make_me_laugh,social_movie,social,2306,1,0.30807293322139234,0.2977475253529646,0.3029102292871785,1,0,0.4836935460567474,0.6905423641204833,-0.0455162425899105,0.2916698667900247,4.590070765795482,0.4871945083141327,0.7260609865188599,0.0002354632908397514,0.0010318576638458296,0.017689627164227104,0.12211000200165058
1781864019.933868,80.12624788284302,make_me_laugh,social_movie,social,2307,1,0.37235993052725114,0.27744366862994485,0.324901799578598,1,0,0.48559423387050626,0.6897643744945525,-0.038831161031267346,0.29253798788769947,4.029261105138526,0.487191841006279,0.7246173024177551,0.0014436865651220063,0.001208223274282255,0.013064889036188318,0.12018840553260889
1781864019.967655,80.16003489494324,make_me_laugh,social_movie,social,2308,1,0.3931091006096261,0.22788410150770483,0.3104966010586655,1,0,0.48578015565872196,0.6907460808753967,-0.048855402938092325,0.2926190909526149,3.350740703671196,0.48934175074100494,0.7270907163619995,0.0032771768959047633,0.001833490330782757,0.021935281407133564,0.12353623068356827
1781864020.001726,80.19410586357117,make_me_laugh,social_movie,social,2309,1,0.3417622758611217,0.22753517897005565,0.28464872741558866,1,0,0.48602873980998995,0.6917340993881226,-0.04076823875467691,0.29384882567399906,4.154479874335555,0.48944830894470215,0.7270866930484772,0.0001066341306846639,0.0031705427652200992,0.03279614781859466,0.12440151695860761
1781864020.0360808,80.2284607887268,make_me_laugh,social_movie,social,2310,1,0.3495383884491034,0.2799481701656036,0.31474327930735346,1,0,0.48695844411849976,0.6916502773761749,-0.03634159641539682,0.29584687096123014,5.672829360136596,0.4891113340854645,0.7269589602947235,0.0003603716305978341,0.0002537374999131702,0.027576007996469847,0.1237474774924368
1781864020.071451,80.26383090019226,make_me_laugh,social_movie,social,2311,1,0.35939608809270673,0.30619161635736264,0.33279385222503466,1,0,0.48742216527462,0.6915645062923431,-0.03382632399752926,0.28954669080849804,5.434312196607619,0.48862260580062866,0.728377491235733,0.0015003617453800656,0.0011399901147822315,0.029469662158351603,0.12154460364606393
1781864020.1060202,80.29840016365051,make_me_laugh,social_movie,social,2312,1,0.37869085615248166,0.2158469772695789,0.2972689167110303,1,0,0.48859302997589116,0.6899118721485138,-0.036694627155678894,0.2930967502660367,4.901751141820447,0.4893842339515686,0.72632896900177,0.0021855252877386266,0.000685163542358561,0.019651717900748336,0.1230729122344818
1781864020.1402152,80.33259510993958,make_me_laugh,social_movie,social,2313,1,0.37296492433029094,0.2296723632613639,0.3013186437958274,1,0,0.48843765854835514,0.6893601357936859,-0.03668504487259403,0.29226014531947314,5.172844924961749,0.4893238842487335,0.7263050079345703,6.49324215906946e-05,0.002120592866147932,0.012422437869135872,0.12211588512363546
1781864020.174081,80.36646103858948,make_me_laugh,social_movie,social,2314,1,0.378707997238726,0.3151065002675429,0.34690724875313445,1,0,0.4876285046339035,0.6899360418319702,-0.03388437293007693,0.291507833945974,5.054149073410491,0.4892203360795975,0.7259225845336914,0.0003961942463883292,0.0003312618247976346,0.020444019855733797,0.12206960181874105
1781864020.209677,80.40205693244934,make_me_laugh,social_movie,social,2315,1,0.3074584526847919,0.22177340390140987,0.2646159282931009,1,0,0.486435204744339,0.6907165884971618,-0.03440364058048147,0.29646786606175535,4.028180210602673,0.489160418510437,0.7264620363712311,0.0005427691959931295,0.0001465749496048003,0.02226862900244733,0.12560941787647142
1781864020.244245,80.4366250038147,make_me_laugh,social_movie,social,2316,1,0.36639596630168036,0.24594964349655432,0.30617280489911736,1,0,0.48657418191432955,0.6918851792812347,-0.04033927645900602,0.2968567579862118,3.9493436436114373,0.4890888035297394,0.7270106077194214,0.0005532262010386474,1.0457005045517889e-05,0.01587804433627225,0.12305595955511783
1781864020.278985,80.47136497497559,make_me_laugh,social_movie,social,2317,1,0.3521801627816275,0.2550273416439067,0.30360375221276714,1,0,0.48669994175434117,0.6921624183654784,-0.03776844679913021,0.2942633880835629,4.604061574927538,0.48878246545791626,0.7284157574176788,0.001438154612258814,0.0008849284112201666,0.014182913930532089,0.12508543977103068
1781864020.310984,80.50336384773254,make_me_laugh,social_movie,social,2318,1,0.3444952222835829,0.25193435759975946,0.29821478994167117,1,0,0.4876214861869812,0.6919654309749603,-0.03593479349967559,0.2926688472944915,4.5013170495611385,0.48861195147037506,0.7278458774089813,0.0005948430417011481,0.0008433115705576659,0.010564082819858014,0.12342796840123095
1781864020.3472798,80.53965973854065,make_me_laugh,social_movie,social,2319,1,0.3693405828077606,0.2888498241156557,0.3290952034617082,1,0,0.4870031505823135,0.6915213525295258,-0.037524949125171604,0.29145855972830653,5.439947623037502,0.4885208457708359,0.7273251116275787,0.0005286749923803585,6.616804932078966e-05,0.012116492943028016,0.12561727040550666
1781864020.3809369,80.57331681251526,make_me_laugh,social_movie,social,2320,1,0.35576289455542914,0.2182463252669138,0.2870046099111715,1,0,0.4876025229692459,0.690079641342163,-0.03666414809647326,0.2938314707172175,4.429414006959337,0.48842447996139526,0.7257917821407318,0.0015363546740461316,0.0010076796816657731,0.013010350621408361,0.12389243583476817
1781864020.4163048,80.6086847782135,make_me_laugh,social_movie,social,2321,1,0.356184185873041,0.30112374437568545,0.32865396512436323,1,0,0.48783527314662933,0.6895203709602356,-0.03426160522695926,0.2953158533024242,5.290718784362508,0.4882088452577591,0.7258109748363495,0.00021648714737215088,0.0013198675266739806,0.015227135513617861,0.12315958733696596
1781864020.452375,80.6447548866272,make_me_laugh,social_movie,social,2322,1,0.36141419668654645,0.28456401194246994,0.3229891043145082,1,0,0.48743052780628204,0.6897949934005738,-0.03528108453553457,0.2934656348773616,4.234814362580709,0.48820582032203674,0.7261568903923035,0.0003459287818136488,0.00012944163444149795,0.019697771836120218,0.12315079795759576
1781864020.48478,80.67716002464294,make_me_laugh,social_movie,social,2323,1,0.3545853139020751,0.28589645655979506,0.3202408852309351,1,0,0.4869840741157532,0.6895712256431579,-0.03874145414822799,0.2957739049680565,4.298667755351547,0.48867860436439514,0.7274896502494812,0.0014141335112404212,0.0010682047294267724,0.01963606338255423,0.12472533971128186
1781864020.5187469,80.7111268043518,make_me_laugh,social_movie,social,2324,1,0.3762808255919718,0.2975733936210544,0.33692710960651306,1,0,0.48744197487831115,0.6893353879451751,-0.04040589448574324,0.29521202477233105,4.140004242138294,0.48840855062007904,0.7268484234809875,0.0006957735216663236,0.0007183599895740976,0.013937002715236634,0.12375635566265336
1781864020.553803,80.74618291854858,make_me_laugh,social_movie,social,2325,1,0.36487930421975845,0.2355522000894115,0.30021575215458496,1,0,0.48741036057472226,0.6890992939472198,-0.037798269929616955,0.29511474314771674,4.131593080397789,0.48813313245773315,0.7261171638965607,0.0007814062605112388,8.563273884491514e-05,0.006640463846795915,0.12433278025727182
1781864020.587688,80.78006792068481,make_me_laugh,social_movie,social,2326,1,0.3660639119364178,0.2878046974328547,0.32693430468463625,1,0,0.485034030675888,0.6886562764644623,-0.03748761200410961,0.29249147515540147,4.200682512996346,0.4875256419181824,0.7263717651367188,0.0006586854690470499,0.00012272079146418888,0.01023951947841097,0.12351751629058932
1781864020.624223,80.81660294532776,make_me_laugh,social_movie,social,2327,1,0.3622319151531386,0.3092273268591295,0.335729621006134,1,0,0.48465363979339604,0.6885137140750885,-0.037657192776955145,0.29038468000505746,4.56229363198566,0.4867491275072098,0.7248170077800751,0.0017378852288013008,0.001079199759754251,0.005048519457591382,0.1238827815943609
1781864020.657652,80.85003185272217,make_me_laugh,social_movie,social,2328,1,0.35958791573858156,0.30615086961175453,0.332869392675168,1,0,0.48326101899147034,0.6881016016006469,-0.03664222826065377,0.29241526206299673,3.482931571909534,0.4857199192047119,0.7237139940261841,0.0015086116369706388,0.00022927359183066206,0.006453291839798355,0.12537384244007566
1781864020.690075,80.88245487213135,make_me_laugh,social_movie,social,2329,1,0.36751141352681643,0.31173037579785295,0.3396208946623347,1,0,0.48215999305248264,0.6883684515953064,-0.0390610071412615,0.2909147980101089,2.453129210451716,0.48404571413993835,0.7253453433513641,0.0023375763559034504,0.0008289647189328117,0.004510920146072848,0.124780966833609
1781864020.726675,80.91905498504639,make_me_laugh,social_movie,social,2330,1,0.3592371533598376,0.3336316774474141,0.34643441540362585,1,0,0.4785868346691131,0.6890664577484131,-0.03976316304051343,0.2907687960024988,2.347803315607538,0.48257800936698914,0.725159615278244,0.0014794094151663459,0.0008581669407371046,0.0026634007933107003,0.12437711342812989
1781864020.7598631,80.9522430896759,make_me_laugh,social_movie,social,2331,1,0.3569452553927781,0.3460805673107697,0.35151291135177387,1,0,0.47648376822471616,0.6925456941127777,-0.03677734607450556,0.2952828091778752,0.40048927910620424,0.480856254696846,0.7262375354766846,0.0020313421913517645,0.0005519327761854187,0.006533508765844045,0.12422913782211162
1781864020.793036,80.98541593551636,make_me_laugh,social_movie,social,2332,1,0.40181790817692487,0.3439228572932405,0.37287038273508266,1,0,0.47174262702465053,0.6987637102603912,-0.027669510082186616,0.3022244773010299,-2.495565972174338,0.4779670536518097,0.7283585965633392,0.003584185097335181,0.0015528429059834164,0.0029726191204032535,0.11940446987010683
1781864020.8296509,81.0220308303833,make_me_laugh,social_movie,social,2333,1,0.43480488620143665,0.1458624317268004,0.29033365896411856,1,0,0.47147456705570223,0.706234335899353,-0.017387233783399784,0.31357948265138463,-4.873262351375303,0.47513146698474884,0.7246307134628296,0.0046837660229220104,0.0010995809255868296,0.0069404447715432985,0.1113552474358839
1781864020.864083,81.05646300315857,make_me_laugh,social_movie,social,2334,1,0.5161587168075202,0.10919016870852186,0.31267444275802103,1,0,0.4672064632177353,0.7134634256362915,-0.02624144980994425,0.31978056895012713,-6.562318746920838,0.47617681324481964,0.7320785522460938,0.00752084113280807,0.00283707510988606,0.0024369077742846168,0.12544003580858026
1781864020.896638,81.08901786804199,make_me_laugh,social_movie,social,2335,1,0.40952344291424986,0.1807141951812717,0.29511881904776077,1,0,0.4650910794734955,0.7209612667560578,-0.029932646378679484,0.30803564833156594,-10.040329494748724,0.47372686862945557,0.7362451255321503,0.00483348337810644,0.0026873577547016306,8.438741127412857e-05,0.133125361447789
1781864020.932291,81.12467098236084,make_me_laugh,social_movie,social,2336,1,0.44656348012678104,0.15909869419768674,0.3028310871622339,1,0,0.4589641034603119,0.7207906603813172,-0.026782296928171093,0.3235693012575377,-12.083898716374334,0.4715530276298523,0.7377257347106934,0.0026301688598153153,0.0022033145182911245,0.0037626546134004644,0.12153382226761276
1781864020.966381,81.1587610244751,make_me_laugh,social_movie,social,2337,1,0.4854359294087983,0.2590833816718376,0.3722596555403179,1,0,0.45767661631107326,0.7259925007820129,-0.0750900857373639,0.30363296673339896,-16.241479312392933,0.4720354676246643,0.7436821162700653,0.005975887350797404,0.003345718490982089,0.002905618123600193,0.11110863990952294
1781864020.999379,81.19175887107849,make_me_laugh,social_movie,social,2338,1,0.34783367417273586,0.2853016257900888,0.3165676499814123,1,0,0.45338454842567444,0.7240426063537597,-0.09329833428098458,0.2899708680277958,-20.234736353341177,0.4693954885005951,0.7410494983196259,0.003728292779342481,0.002247594571454923,0.0021407084635167196,0.11440208669913361
1781864021.035681,81.22806096076965,make_me_laugh,social_movie,social,2339,1,0.3648605306810667,0.3975000042591881,0.3811802674701274,1,0,0.4552613586187363,0.7121329545974731,-0.12177075127552073,0.2966093126861273,-14.763842732767152,0.4701489210128784,0.7362905740737915,0.00481819681293278,0.0010899040335902994,0.0016593847865328595,0.11566145825979743
1781864021.07055,81.26292991638184,make_me_laugh,social_movie,social,2340,1,0.3895016689041025,0.3298650267488416,0.35968334782647204,1,0,0.45146051049232483,0.7023370385169982,-0.11839805410116418,0.300739430131927,-11.10353213580929,0.4702129065990448,0.7242592573165894,0.012031486901766144,0.007213290088833363,0.002039284368106203,0.11971673680978183
1781864021.104637,81.29701685905457,make_me_laugh,social_movie,social,2341,1,0.4994307049224457,0.28697858254016884,0.39320464373130726,1,0,0.45176281630992887,0.6952678620815277,-0.1273861963350243,0.28945310957908177,-9.681632076199866,0.47086893022060394,0.7156573235988617,0.008626913160350207,0.0034045737414159366,0.00031370820833545826,0.11727493239608469
1781864021.139366,81.33174586296082,make_me_laugh,social_movie,social,2342,1,0.4613419809260487,0.22157108837581255,0.3414565346509306,1,0,0.44964668452739714,0.6984344244003295,-0.11652337149660544,0.27971574858130005,-10.456461574278899,0.4691067636013031,0.7186015248298645,0.0034312610047643717,0.005195652155585835,0.0003149981577741076,0.1323400026284686
1781864021.173331,81.36571097373962,make_me_laugh,social_movie,social,2343,1,0.5239741728308019,0.26523173271305817,0.39460295277193,1,0,0.44995523393154147,0.700199156999588,-0.13294456596449652,0.30050532424598286,-10.765200734871568,0.46998071670532227,0.7232927978038788,0.0047719845080156685,0.0013407235032512968,0.0017212608987503765,0.13442089706625585
1781864021.206149,81.39852905273438,make_me_laugh,social_movie,social,2344,1,0.47399486623282905,0.3452700684644145,0.4096324673486218,1,0,0.4476180195808411,0.7032798230648041,-0.13357549584163367,0.3004135146647,-11.704806785089094,0.46970035135746,0.7276894748210907,0.004405607054874659,0.0003663774531410093,0.0009829059923411806,0.14008703456722252
1781864021.243673,81.43605303764343,make_me_laugh,social_movie,social,2345,1,0.35638089378082777,0.3410395625727351,0.34871022817678143,1,0,0.4474645912647247,0.7019572257995605,-0.13532795401038447,0.3056325876886456,-11.749719040004708,0.4698762744665146,0.7275619208812714,0.000217299212752507,0.004188307842122152,0.0016023121126008222,0.14273644543219663
1781864021.276205,81.46858501434326,make_me_laugh,social_movie,social,2346,1,0.4998381305657121,0.3746185972913347,0.4372283639285234,1,0,0.44970010221004486,0.6975724756717682,-0.16272877712707895,0.2971929186023163,-11.613572412581355,0.47220364212989807,0.7284135520458221,0.0024782889018428052,0.0022609896890902984,0.0035617135675282486,0.13364288138060884
1781864021.3105369,81.50291681289673,make_me_laugh,social_movie,social,2347,1,0.513204752351592,0.3896399979073996,0.4514223751294958,1,0,0.4493030160665512,0.6949566900730133,-0.1668770648348697,0.2966620075702811,-10.196351707203135,0.47443872690200806,0.7266863584518433,0.0028246772646799193,0.0003463883628371141,0.0004692094964649719,0.1356872790677351
1781864021.345042,81.5374219417572,make_me_laugh,social_movie,social,2348,1,0.5050074280005229,0.3910827413787089,0.4480450846896159,1,0,0.4506704032421112,0.6925762295722961,-0.17713918223242964,0.2926370789317149,-11.785270859994961,0.47691909968852997,0.7196250259876251,0.007484294578003961,0.004659617313324042,0.0004943036904414954,0.1370710119017687
1781864021.380578,81.57295799255371,make_me_laugh,social_movie,social,2349,1,0.5374203957083503,0.3941212235653751,0.4657708096368627,1,0,0.45217529833316805,0.6905735194683075,-0.174729397674967,0.29615524605191534,-9.509642722357993,0.478602334856987,0.7208462059497833,0.0020795579175169132,0.005404736660487048,0.004030396296742047,0.13605387605824493
1781864021.413984,81.60636401176453,make_me_laugh,social_movie,social,2350,1,0.4397724975124695,0.34591144717418837,0.39284197234332896,1,0,0.45437572002410886,0.6903909146785736,-0.16736799188241733,0.2953584870876785,-9.318547752484575,0.4795795679092407,0.7229330241680145,0.002304299180739943,0.00022474126322302983,0.00039693233378632775,0.14241689902719848
1781864021.4494562,81.64183616638184,make_me_laugh,social_movie,social,2351,1,0.4546171156298945,0.3924806633809536,0.423548889505424,1,0,0.4575044333934784,0.6913172960281373,-0.13520040868906857,0.29210530114993716,-9.747142256965082,0.47818297147750854,0.7265961468219757,0.003920325135889964,0.0016160259551500208,0.00048150803844515045,0.13724282118834993
1781864021.481497,81.67387700080872,make_me_laugh,social_movie,social,2352,1,0.48500959632390633,0.3132763776274144,0.39914298697566036,1,0,0.4590104639530182,0.6938340067863464,-0.11456143229861578,0.29188133640654695,-11.655671501315526,0.47938700020313263,0.7257194519042969,0.001489388851446073,0.002430936284443891,0.0011545816275427372,0.1368168446276726
1781864021.5182898,81.71066975593567,make_me_laugh,social_movie,social,2353,1,0.4679407729445288,0.35575514424918225,0.4118479585968555,1,0,0.46128448545932765,0.6943519890308381,-0.10531024781507403,0.2919107863818282,-12.247372834028525,0.4800097644329071,0.7279835045337677,0.0023481417322854157,0.0008587528808393426,0.00034719055334891756,0.13651956727510375
1781864021.551449,81.74382901191711,make_me_laugh,social_movie,social,2354,1,0.4545878144114498,0.34501444466185605,0.3998011295366529,1,0,0.4626306235790253,0.6938538193702698,-0.09359915170085567,0.29507453832728936,-11.836639940870771,0.47931474447250366,0.7269830405712128,0.0012181875412802079,0.0011299541910052078,0.004208135612063358,0.13233507319960197
1781864021.585213,81.77759289741516,make_me_laugh,social_movie,social,2355,1,0.36157063237678394,0.3639174741297621,0.362744053253273,1,0,0.463025164604187,0.6932167768478393,-0.0680859029664182,0.29723782168377566,-10.911684525902253,0.4773501604795456,0.7262032330036163,0.002113691109852085,0.000895503568571877,0.005061254913118582,0.1321941706284914
1781864021.6214,81.8137800693512,make_me_laugh,social_movie,social,2356,1,0.40715124285632676,0.33966604189091826,0.3734086423736225,1,0,0.4665895074605942,0.6971500277519226,-0.0555274775581254,0.29589534861421946,-11.34511722940748,0.47729626297950745,0.7279454171657562,0.0017430176692510727,0.00037067344060101224,0.0009420759420540336,0.1380735859099555
1781864021.65593,81.8483099937439,make_me_laugh,social_movie,social,2357,1,0.32257108962956094,0.34993357370996775,0.3362523316697643,1,0,0.46896337568759916,0.6998410820960999,-0.033130911477024474,0.30575361588768984,-11.050359429250973,0.4779001921415329,0.7291708588600159,0.0013661763351686012,0.0003768413340824715,0.011350966964340658,0.13665586373128014
1781864021.69089,81.8832700252533,make_me_laugh,social_movie,social,2358,1,0.41834550511534796,0.24891397715154787,0.3336297411334479,1,0,0.4739522606134415,0.7005090057849883,-0.012834968950712131,0.31158459501666197,-10.288004662309552,0.4802076816558838,0.730986088514328,0.002935909834571467,0.0015697334994028659,0.0004760615704553313,0.13361578793238313
1781864021.725044,81.91742396354675,make_me_laugh,social_movie,social,2359,1,0.3147494011355124,0.31023287728027044,0.3124911392078914,1,0,0.4781919240951538,0.7051012575626374,0.006253257371339103,0.3205203738280918,-7.7597413351732305,0.4821554124355316,0.7318377196788788,0.002125777700142151,0.0008101321344293161,0.0017118681979730918,0.1406191639506944
1781864021.758398,81.95077800750732,make_me_laugh,social_movie,social,2360,1,0.2770652182167546,0.31496703713902796,0.2960161276778913,1,0,0.4837857902050018,0.7091912031173706,0.027483280690032724,0.31858284772849926,-6.245021019215531,0.4843759685754776,0.735427737236023,0.004221267064668518,0.002095489364526367,0.0020493735937076557,0.14169354067496695
1781864021.7923598,81.98473978042603,make_me_laugh,social_movie,social,2361,1,0.19912266646958457,0.2609539442713512,0.23003830537046788,1,0,0.4873015254735947,0.7107334315776825,0.0408146291068659,0.32596721401671025,-5.303742128875625,0.48603013157844543,0.7381353974342346,0.0031729606031854892,0.0010483064614830286,0.011326012429516712,0.14299613534308522
1781864021.826889,82.01926898956299,make_me_laugh,social_movie,social,2362,1,0.17819600398984442,0.30377932044844813,0.24098766221914628,1,0,0.49274471700191497,0.7141647398471832,0.04690464690095566,0.3232455329011431,-1.468457457451155,0.4880375862121582,0.7394339442253113,0.0023908362292366153,0.000782124373948874,0.0014586162621349752,0.1460893150507358
1781864021.861587,82.05396699905396,make_me_laugh,social_movie,social,2363,1,0.15672343561151014,0.2523857254138711,0.20455458051269063,1,0,0.49445064663887023,0.7134926974773408,0.041638227576198485,0.321125187158757,-1.210755592169711,0.49051906168460846,0.7396096885204315,0.0024876910132971765,9.685478406056122e-05,0.0007319858993980558,0.14648718016133488
1781864021.896116,82.08849596977234,make_me_laugh,social_movie,social,2364,1,0.3077265152507981,0.2829161348340747,0.29532132504243636,1,0,0.49819726645946505,0.7111555874347687,0.04566509660949617,0.31611627370529705,-0.7416950009509077,0.49229447543621063,0.7368476390838623,0.003283445001736806,0.0007957539884396294,0.007087064882254465,0.13681768439711964
1781864021.93296,82.1253399848938,make_me_laugh,social_movie,social,2365,1,0.38974005810818246,0.33337547600447376,0.36155776705632814,1,0,0.5020904630422592,0.7080589771270751,0.04283167684381481,0.3155549774257316,1.200079669816895,0.49538423120975494,0.7351223528385162,0.003538813836376639,0.0002553688346398331,0.0014005950987426015,0.1343078160837414
1781864021.965322,82.15770196914673,make_me_laugh,social_movie,social,2366,1,0.32633726907512817,0.21460289837034502,0.2704700837227366,1,0,0.5067959874868393,0.7041297197341919,0.04636811759338914,0.31606336004421115,2.570384096854615,0.49897199869155884,0.7314538061618805,0.0051313068727317996,0.0015924930363551606,0.005389047237913006,0.13719175453876847
1781864021.998305,82.19068503379822,make_me_laugh,social_movie,social,2367,1,0.3943792504795375,0.21934226398782308,0.3068607572336803,1,0,0.51328304708004,0.7008828818798065,0.05670519522803954,0.3055863045280159,3.5893043864999803,0.5017375648021698,0.7270875871181488,0.005168387045298089,3.708017256628948e-05,0.002202907458028755,0.13668813668797744
1781864022.034275,82.22665500640869,make_me_laugh,social_movie,social,2368,1,0.3786961789436101,0.23270860210819105,0.30570239052590054,1,0,0.5153559923171998,0.6958634257316589,0.06184710212589023,0.3029205986119872,4.493277012058817,0.5048511773347855,0.7230573296546936,0.005092892913168081,7.549413213000806e-05,0.0008322727024172067,0.13483218738721198
1781864022.069433,82.26181292533875,make_me_laugh,social_movie,social,2369,1,0.3520578915133603,0.32164485111512986,0.3368513713142451,1,0,0.5169792026281357,0.6910987734794617,0.06136519768178423,0.29545728664703547,6.497259241875761,0.5071776062250137,0.7229902744293213,0.002327395064130385,0.002765497849037696,0.007348213066509439,0.13078327500919315
1781864022.102558,82.2949378490448,make_me_laugh,social_movie,social,2370,1,0.34364879895243244,0.25470974660397266,0.29917927277820255,1,0,0.5170248746871948,0.6891365408897401,0.06215248923259425,0.2933240338996026,6.770705616644724,0.5075262635946274,0.7232464253902435,0.000432637580622968,0.001894757483507417,0.014799807018472952,0.1347622300518629
1781864022.137457,82.32983684539795,make_me_laugh,social_movie,social,2371,1,0.3523770025701916,0.3871570803659219,0.3697670414680567,1,0,0.5163546591997146,0.685387396812439,0.06431227059450521,0.28492826550083256,7.576688970674378,0.5069218277931213,0.721807211637497,0.0015609865035409985,0.0011283489229180306,0.012308503929069571,0.1299223338872608
1781864022.172114,82.36449384689331,make_me_laugh,social_movie,social,2372,1,0.3911698898252717,0.3495567478858325,0.37036331885555207,1,0,0.5154651910066604,0.6760356664657593,0.07095720827693304,0.2845518593407751,5.507254542943729,0.5064161270856857,0.7166747450828552,0.005157319666262385,0.003596333162721387,0.003407413054882572,0.12197821212413563
1781864022.2056909,82.39807081222534,make_me_laugh,social_movie,social,2373,1,0.4195012048087314,0.36500942299835554,0.39225531390354346,1,0,0.5153909713029862,0.6693665564060212,0.06797505961618629,0.2778882315708451,5.847214865249036,0.5051608979701996,0.7128344774246216,0.004040204922926489,0.001117114743335896,0.013477824324981137,0.12197200794620335
1781864022.241877,82.43425703048706,make_me_laugh,social_movie,social,2374,1,0.39286739161339024,0.37149049455495053,0.3821789430841704,1,0,0.514744120836258,0.6683004915714263,0.06950875658091017,0.27445370430796023,5.07561863649865,0.5047857165336609,0.7113482058048248,0.0015328941379418551,0.002507310784984634,0.0045607116645385954,0.12294491365626285
1781864022.274842,82.46722197532654,make_me_laugh,social_movie,social,2375,1,0.38089943552595573,0.3638085173813444,0.3723539764536501,1,0,0.5111340492963791,0.670192974805832,0.06677040076493236,0.26914659538170754,4.7309530267363495,0.5022784322500229,0.7163559794425964,0.005600381351849032,0.004067487213907177,0.0075315147598513455,0.1227601516313186
1781864022.310944,82.50332403182983,make_me_laugh,social_movie,social,2376,1,0.38005264747705714,0.38121367856437,0.3806331630207136,1,0,0.5058470487594604,0.6726397335529327,0.05642348892852852,0.2699602863628624,3.529766920518122,0.4999322444200516,0.718675285577774,0.0032990571807984797,0.0023013241710505526,0.0017409678140125554,0.12074226908975107
1781864022.344723,82.53710293769836,make_me_laugh,social_movie,social,2377,1,0.3738134761196628,0.3636006455018771,0.36870706081077,1,0,0.503165778517723,0.6731127262115478,0.05213234285570795,0.2670217868505656,2.2978937518732288,0.49769891798496246,0.7197911441326141,0.002496575110041284,0.0008024820707571959,0.0007873195357051089,0.12183703805373917
1781864022.378001,82.5703809261322,make_me_laugh,social_movie,social,2378,1,0.37824492572419893,0.40319756482206565,0.3907212452731323,1,0,0.5013166308403015,0.6673192620277405,0.058227416319118284,0.2609587875584624,0.8493466356075515,0.4952303022146225,0.7162188589572906,0.00434226728742107,0.0018456921773797861,0.014895675366919143,0.11967895852378121
1781864022.412121,82.60450100898743,make_me_laugh,social_movie,social,2379,1,0.39678377975516144,0.41188923405984673,0.4043365069075041,1,0,0.4986371427774429,0.6624515652656555,0.05733109177647626,0.2614427514670326,-0.060545057500930366,0.49336233735084534,0.7098324596881866,0.00665397537993027,0.0023117080925092,0.0030753048642079427,0.1212175692426592
1781864022.446867,82.6392469406128,make_me_laugh,social_movie,social,2380,1,0.4079156726081549,0.4348270204544675,0.42137134653131125,1,0,0.497497895359993,0.6585238754749299,0.05120792810876151,0.2681268159870161,-0.8481738625540617,0.49236880242824554,0.7067923843860626,0.003198307284331799,0.003455668095598471,0.002098226117608066,0.11940237803547533
1781864022.4825869,82.67496681213379,make_me_laugh,social_movie,social,2381,1,0.39528052102871886,0.43023291228162625,0.41275671665517255,1,0,0.4950274914503097,0.6614701449871063,0.03870844565195347,0.26683175304009843,-1.14040440536849,0.4915371984243393,0.709674596786499,0.0029997855824278954,0.0001985217019039036,0.00973617184863094,0.12308355468239314
1781864022.5148082,82.70718812942505,make_me_laugh,social_movie,social,2382,1,0.39493901346297433,0.4064826257976599,0.4007108196303171,1,0,0.4924158811569214,0.6663573443889618,0.03648258063965084,0.27384860443188036,-2.350440933037461,0.49018654227256775,0.7129310667514801,0.0035254600654584345,0.000525674483030539,0.003410494588871982,0.1212232494289388
1781864022.550414,82.74279403686523,make_me_laugh,social_movie,social,2383,1,0.38895826694633545,0.40623342862760037,0.3975958477869679,1,0,0.4944393008947372,0.6745220184326173,0.03583876672865626,0.26775654540791965,-3.013844082177041,0.4902040362358093,0.7195535600185394,0.006622516373025892,0.003097056307567457,0.0031000975898237107,0.12180473752123461
1781864022.585412,82.77779197692871,make_me_laugh,social_movie,social,2384,1,0.39445861442280866,0.38834981470831165,0.3914042145655602,1,0,0.4958108335733414,0.6802147209644318,0.0487081433971707,0.27202572796858193,-2.777113404639381,0.49153298139572144,0.7254740297794342,0.006067788512112404,0.0005547278609134877,0.00962098498541192,0.12055575617732982
1781864022.620028,82.81240797042847,make_me_laugh,social_movie,social,2385,1,0.38711414255179905,0.4282808710537202,0.4076975068027596,1,0,0.49503869414329527,0.6875079274177551,0.05630020162561043,0.27238754606381477,-4.468026454126726,0.49064724147319794,0.7316645681858063,0.006253583050629422,0.00018579453851701785,0.006634683202102742,0.12337260595607434
1781864022.653381,82.84576106071472,make_me_laugh,social_movie,social,2386,1,0.2853142365948949,0.3027054206124305,0.2940098286036627,1,0,0.48968540132045746,0.699253898859024,0.05351648372633815,0.2661967512542006,-3.8645901689169753,0.48595863580703735,0.7379865050315857,0.007870826422604971,0.0016172433719755493,0.0008700059727119386,0.14162066026025608
1781864022.688999,82.88137888908386,make_me_laugh,social_movie,social,2387,1,0.1930420983160028,0.12705911789376959,0.1600506081048862,0,1,0.4894572883844375,0.6990047991275787,0.03740751738340435,0.2770619805848035,-4.412059667098891,0.4886857271194458,0.7363715469837189,0.0031694031808186603,0.004701423241786311,0.006015368532950672,0.15316057191212473
1781864022.723753,82.91613292694092,make_me_laugh,social_movie,social,2388,1,0.21218336187221262,0.1491141559739624,0.18064875892308752,1,0,0.49141258895397183,0.6944528222084045,0.040796644853606706,0.2802832392912619,-5.356506524148044,0.4904814064502716,0.7309889495372772,0.005674224134592781,0.0025048209537741205,0.004637251187280185,0.14628489758523353
1781864022.757746,82.95012593269348,make_me_laugh,social_movie,social,2389,1,0.31842555848150683,0.11690846437719846,0.21766701142935263,1,0,0.4951332271099091,0.6912137329578399,0.03990010508055007,0.2939412668000849,-6.963876621338014,0.4930178225040436,0.7274716198444366,0.004336474900880918,0.0013377492337118624,0.0038450661970233714,0.137148615854598
1781864022.7914639,82.98384380340576,make_me_laugh,social_movie,social,2390,1,0.38560612542534567,0.19047462517156555,0.2880403752984556,1,0,0.4978180885314941,0.69252308011055,0.040573860055793005,0.2906084275778403,-6.5701387085306155,0.4953605830669403,0.7299646139144897,0.0034210446486978388,0.0009154302521830796,0.0008751411951396417,0.12844503415295075
1781864022.8270981,83.01947808265686,make_me_laugh,social_movie,social,2391,1,0.3922962788281246,0.30839224124249015,0.3503442600353074,1,0,0.5005540490150451,0.697867500782013,0.03489852367698944,0.28618818802053886,-5.485733688269111,0.49849067628383636,0.7348424196243286,0.005795728779833936,0.0023746841311360974,0.0010707134626117168,0.1250959478331467
1781864022.8602,83.05257987976074,make_me_laugh,social_movie,social,2392,1,0.4279562931305755,0.398582762637113,0.41326952788384425,1,0,0.5024320363998414,0.7039025545120239,0.04294296205293087,0.28498290788374947,-3.4189664356812806,0.4997377544641495,0.7407668828964233,0.006054293439387656,0.00025856465955372,0.0011810323030780633,0.12352557510287462
1781864022.894254,83.08663392066956,make_me_laugh,social_movie,social,2393,1,0.41119895104477167,0.3821474468859541,0.3966731989653629,1,0,0.503864762187004,0.7070268809795379,0.031140190406990502,0.2843108704999182,-2.8142272345554127,0.502154529094696,0.7452882528305054,0.005126751963541289,0.0009275414758463671,0.0015653483666781542,0.12461653009535023
1781864022.930041,83.12242102622986,make_me_laugh,social_movie,social,2394,1,0.3698279875718825,0.36615617987777593,0.3679920837248292,1,0,0.5044301301240921,0.7067064344882965,0.035438382409928366,0.2933554213610354,-2.7042861516743053,0.5025124251842499,0.7447170913219452,0.0006740289903102585,0.004452722973231031,0.0009173348622697758,0.1262186765217655
1781864022.964585,83.15696501731873,make_me_laugh,social_movie,social,2395,1,0.3963199400396324,0.3705291505106078,0.3834245452751201,1,0,0.504517674446106,0.7053831458091735,0.030638483781760616,0.29173429981789384,-3.0509103950169068,0.5032795369625092,0.7420834898948669,0.0027430488433589167,0.0020690198530486583,0.007282716377322561,0.12857348999487056
1781864022.998084,83.19046401977539,make_me_laugh,social_movie,social,2396,1,0.38333845208230105,0.29904405347939356,0.3411912527808473,1,0,0.5056300282478332,0.7015434384346009,0.024397216518765082,0.29421670382171605,-3.1744974582161296,0.5038260519504547,0.7386897206306458,0.0034374915928364943,0.0006944427494775776,0.0060435743999624056,0.12884425766988722
1781864023.03288,83.22526001930237,make_me_laugh,social_movie,social,2397,1,0.4002445751013344,0.38886483297776286,0.3945547040395486,1,0,0.5052273899316788,0.6996047854423524,0.026810005643924724,0.2948368245496402,-1.9968009206969524,0.5040693283081055,0.7365308403968811,0.0021725439581125904,0.0012649476347239039,0.002991174043845152,0.12524167583235113
1781864023.066453,83.25883293151855,make_me_laugh,social_movie,social,2398,1,0.3706940846973793,0.3569424457024052,0.36381826519989224,1,0,0.5056372970342636,0.699103945493698,0.024746596233362967,0.2916718337180765,-2.9511981187293452,0.5037622153759003,0.7356971204280853,0.000888485981598194,0.0012840579765143966,0.0009615389958575507,0.12551873760209306
1781864023.102226,83.29460597038269,make_me_laugh,social_movie,social,2399,1,0.3771085411661417,0.3116128592934195,0.3443607002297806,1,0,0.5061304420232773,0.7011922895908356,0.026771172185888915,0.2958123832485463,-2.2118448364319336,0.5038740187883377,0.7379875779151917,0.002293184576800147,0.001404698595201953,0.0008143579553420141,0.12882431867165045
1781864023.135947,83.3283269405365,make_me_laugh,social_movie,social,2400,1,0.369882578155414,0.36502664819891406,0.367454613177164,1,0,0.5064062923192978,0.7044916749000549,0.024905023955453864,0.29487429492399325,-0.47628523949550344,0.504577100276947,0.7393175661563873,0.0015043910068010457,0.0007887935699991012,0.001347529724786354,0.12626544736177778
1781864023.169545,83.36192488670349,make_me_laugh,social_movie,social,2401,1,0.38461650642493594,0.40953127426262487,0.3970738903437804,1,0,0.5069455504417419,0.7069903016090393,0.024116514586664375,0.2955151053120861,-0.3352009697300068,0.5046504586935043,0.7431058883666992,0.003789032412954811,0.002284641406153765,0.000824650992153788,0.12509208718941942
1781864023.20512,83.39750003814697,make_me_laugh,social_movie,social,2402,1,0.347254493849412,0.4177005823053535,0.3824775380773827,1,0,0.5072212845087052,0.7073594868183136,0.022290419498020547,0.2955120938698005,0.33987236432049983,0.5047692209482193,0.7437621653079987,0.0006669362014663239,0.003122096211488487,0.0009457313365389419,0.12631812299769798
1781864023.240917,83.43329691886902,make_me_laugh,social_movie,social,2403,1,0.4171422965972949,0.41955911420831243,0.41835070540280367,1,0,0.5072467774152756,0.7067834496498108,0.020432810470496946,0.29745609188864747,0.4085707501861846,0.5045858919620514,0.7437745928764343,0.00018374972551428787,0.00048318647595203606,0.0004573605812454867,0.12580656051814457
1781864023.272331,83.46471095085144,make_me_laugh,social_movie,social,2404,1,0.3855483626247091,0.37099950204522103,0.3782739323349651,1,0,0.5068802535533905,0.705486422777176,0.012892951384322912,0.29760257649423416,0.5631199177707097,0.5043366253376007,0.7418361306190491,0.001954423130586663,0.001770673405072375,0.0009663174982739074,0.12708726484857483
1781864023.308172,83.50055193901062,make_me_laugh,social_movie,social,2405,1,0.414614138820724,0.40549290352372425,0.41005352117222416,1,0,0.5056529700756073,0.7048062801361084,0.012585544604060101,0.29327940939069624,0.38802314187335907,0.5038125962018967,0.7420053780078888,0.0005506824980837758,0.001403740632502887,0.0009977965574397164,0.12651284145578628
1781864023.342186,83.53456592559814,make_me_laugh,social_movie,social,2406,1,0.44083168774135906,0.4095995390806997,0.42521561341102937,1,0,0.5049849599599838,0.7043439209461213,0.011748858931115,0.2949354858768979,0.1084012615376586,0.5033313482999802,0.7411281168460846,0.0010005931686300333,0.0004499106705462575,0.001940549078196849,0.12658409083940553
1781864023.3776472,83.57002711296082,make_me_laugh,social_movie,social,2407,1,0.45364721625895055,0.41237785335502014,0.4330125348069853,1,0,0.5042312949895859,0.705452823638916,0.0031553719610949225,0.29314123673276377,0.36964296819418335,0.5032439529895782,0.7411667108535767,9.553762449707935e-05,0.0009050555441329539,0.0061804291122350965,0.12590661581368895
1781864023.411616,83.60399603843689,make_me_laugh,social_movie,social,2408,1,0.46470580927756105,0.4058569916654417,0.4352814004715014,1,0,0.5036381155252456,0.7058964967727661,-6.278691869256873e-05,0.293635842822714,0.760304926849526,0.503059133887291,0.7422248423099518,0.0010741509575198532,0.0009786133330227738,0.006656661700652171,0.12490054990213964
1781864023.446456,83.63883590698242,make_me_laugh,social_movie,social,2409,1,0.43602217912686475,0.41390198947107404,0.4249620842989694,1,0,0.5031498521566391,0.7065007746219636,0.00566700145963688,0.2911093210348663,0.9177608402292722,0.502279207110405,0.7417885661125183,0.0008936569239651046,0.00018049403355474862,0.004184658760632812,0.12827191906979815
1781864023.481687,83.67406702041626,make_me_laugh,social_movie,social,2410,1,0.42262949155870827,0.40781020403747886,0.41521984779809357,1,0,0.5025311261415482,0.7043403267860413,0.004382039845130376,0.292251604200187,0.509174349729457,0.502024695277214,0.7415087223052979,0.00037827084169129803,0.0005153860822738065,0.0035289409839111825,0.1268262994496962
1781864023.514596,83.70697593688965,make_me_laugh,social_movie,social,2411,1,0.46862080443185977,0.41976996767989455,0.44419538605587716,1,0,0.5028497815132141,0.7032318890094758,-0.0011245346422005377,0.29367994407364234,1.1157280670416518,0.502031147480011,0.7407492697238922,0.0007594799894168526,0.00038120914772555453,0.0001197409452575139,0.12364209961792774
1781864023.5476859,83.74006581306458,make_me_laugh,social_movie,social,2412,1,0.4631343600591591,0.3933834132971102,0.4282588866781346,1,0,0.5027649670839309,0.7023282945156097,0.0036169199754425103,0.29132757398014364,0.8242563766621972,0.5018036067485809,0.7396034896373749,0.001168155294093809,0.00040867530467695635,0.0008402807054526105,0.12486682691701532
1781864023.584034,83.7764139175415,make_me_laugh,social_movie,social,2413,1,0.44269789560777234,0.386503845325502,0.4146008704666372,1,0,0.5027152180671692,0.7009027183055878,0.00522889672125509,0.2894525915730719,0.3089229054618745,0.5017116665840149,0.7390752732753754,0.0005361581100239273,0.0006319971840698817,0.001012436155367521,0.12444782506165612
1781864023.619551,83.81193089485168,make_me_laugh,social_movie,social,2414,1,0.44147160935297547,0.37561227240336376,0.40854194087816964,1,0,0.5025078594684601,0.7002247452735901,0.0013981165872988845,0.28782183461139943,0.4388810737933713,0.5020729154348373,0.7374989688396454,0.0016171692571659132,0.0010810111471419859,0.0013825453942725387,0.12372460336015112
1781864023.652086,83.84446597099304,make_me_laugh,social_movie,social,2415,1,0.45269230990318615,0.36966164379077243,0.4111769768469793,1,0,0.5019259631633759,0.699857622385025,0.001915581542361358,0.28514585189054864,0.35193234610139923,0.5017960071563721,0.7377526164054871,0.00037552001589796357,0.0012416492412679497,0.0011101539022931818,0.12550284330633518
1781864023.686473,83.87885284423828,make_me_laugh,social_movie,social,2416,1,0.4301060463888446,0.38282047641716466,0.4064632614030046,1,0,0.5020790517330169,0.6991786956787109,0.0058064458325838035,0.2847834046339041,0.13846721115682184,0.5011626482009888,0.7378697693347931,0.0006441027675838769,0.00026858275168591334,0.0041188022788355245,0.12777823168642827
1781864023.721558,83.91393804550171,make_me_laugh,social_movie,social,2417,1,0.45013771455091983,0.3774958923948843,0.41381680347290206,1,0,0.5021206498146058,0.6972052454948425,0.00646403702792691,0.28443446337036027,0.8730400914942337,0.5011577904224396,0.7374435067176819,0.0004262902963461961,0.00021781247123768083,0.0011444483585247413,0.12509537624707678
1781864023.75732,83.94969987869263,make_me_laugh,social_movie,social,2418,1,0.43765782378650003,0.3350325182492027,0.3863451710178514,1,0,0.5022379070520401,0.6960809588432313,0.006461322487426078,0.2823682622164986,-0.14817097763476825,0.500960037112236,0.7374316453933716,0.00019810871437384207,0.000228181581972354,0.005026808523075499,0.1266073110554545
1781864023.790645,83.98302483558655,make_me_laugh,social_movie,social,2419,1,0.4484898991922006,0.32856061826261834,0.3885252587274095,1,0,0.5021321892738342,0.6943805813789368,0.00360896072299003,0.28235853812703665,0.32974432802335346,0.5012374967336655,0.7358384430408478,0.0016171819865467066,0.0014190732721728646,0.0016829609512365924,0.12660644284920144
1781864023.823669,84.01604890823364,make_me_laugh,social_movie,social,2420,1,0.4452764802059705,0.3038498876880196,0.37456318394699506,1,0,0.502127754688263,0.693670529127121,0.004151801629491528,0.2827821209195712,0.47894261488367834,0.5010344386100769,0.7345980703830719,0.0012568838179057385,0.00036029816864096816,0.005278950427639396,0.12698191220061794
1781864023.859658,84.05203795433044,make_me_laugh,social_movie,social,2421,1,0.45438804593552073,0.34181405543547544,0.39810105068549806,1,0,0.5021971464157104,0.6938881039619447,0.00454680710128149,0.2817196120598354,0.11830032664534168,0.5011207014322281,0.7355465590953827,0.0009524033346573653,0.00030448048324837316,0.0029755277492520787,0.1266403092368722
1781864023.89363,84.08600997924805,make_me_laugh,social_movie,social,2422,1,0.4495715674561552,0.35176361041825943,0.40066758893720733,1,0,0.5019928991794587,0.6930570065975189,0.006045630919849056,0.2793613555756684,0.22151682522487331,0.5010749101638794,0.7361935973167419,0.0006486565348138625,0.00030374679984350277,0.0015173762025939698,0.1257976812678238
1781864023.927041,84.11942100524902,make_me_laugh,social_movie,social,2423,1,0.44164747432436663,0.3644428681582356,0.4030451712413011,1,0,0.5023710787296295,0.6926750719547272,0.007844885085788558,0.28092669530636566,0.23804707750623433,0.5013312697410583,0.7352970838546753,0.0009324465778145706,0.00028379004300070805,0.007799714461847337,0.12460193970225159
1781864023.962158,84.15453791618347,make_me_laugh,social_movie,social,2424,1,0.4377227376620181,0.3354657551445022,0.3865942464032601,1,0,0.502442479133606,0.6934585392475128,0.006644503524197226,0.2802617814258023,0.07081252205686235,0.5013182759284973,0.7350862622261047,0.00021122168032191454,0.0007212248974926561,0.009011153583477023,0.12801748762639656
1781864023.996665,84.18904495239258,make_me_laugh,social_movie,social,2425,1,0.43090687005120776,0.3430464882201639,0.38697667913568584,1,0,0.5024478018283844,0.6934306859970093,0.009974361625154969,0.2829422432501563,0.0448390199691568,0.5009093582630157,0.7346616387367249,0.0005895072220728449,0.00037828554175093037,0.006245393483658783,0.12786874719804175
1781864024.030695,84.2230749130249,make_me_laugh,social_movie,social,2426,1,0.4135072418445261,0.362141565390987,0.38782440361775655,1,0,0.5023574590682983,0.6937323033809661,0.011268557677946708,0.2809618700648674,0.42601148632418107,0.5006569921970367,0.734953373670578,0.00038574331217536414,0.00020376390989748075,0.004501703620585562,0.12814738651245988
1781864024.0661051,84.25848507881165,make_me_laugh,social_movie,social,2427,1,0.40821983872423573,0.2802758428170457,0.34424784077064075,1,0,0.5023235350847244,0.6949115157127381,0.00636160857181956,0.2805577147626895,0.5003144406774052,0.5010346472263336,0.7354747354984283,0.00064377129222471,0.0002580279800493459,0.0029116536044243354,0.13262444699852352
1781864024.101059,84.29343891143799,make_me_laugh,social_movie,social,2428,1,0.23125341118549142,0.08042597403569121,0.15583969261059133,0,1,0.5009621560573578,0.6980535507202148,0.008663207993919474,0.27950005669833067,0.5760814462527196,0.5007520318031311,0.7360933721065521,0.0006801343472747358,3.636305505002571e-05,0.007674859813894412,0.15304206542767496
1781864024.134859,84.32723903656006,make_me_laugh,social_movie,social,2429,1,0.24402243438963386,0.06365030381442385,0.15383636910202886,0,1,0.5004543840885163,0.6971433222293855,0.0066896505114921725,0.2789146227397226,-0.12731211065969394,0.500850722193718,0.7364337742328644,0.0003544198086903307,0.00032571453858440505,0.005652679197658547,0.15208894502939066
1781864024.168361,84.36074090003967,make_me_laugh,social_movie,social,2430,1,0.32400172914088987,0.1600748424761313,0.24203828580851058,1,0,0.5000949382781983,0.6964596807956696,0.00799200026423902,0.2792926735161237,1.006971198276903,0.5005823820829391,0.7358142137527466,0.000675175239161345,0.0003207554304710143,0.006538557881356061,0.142876975910042
1781864024.203468,84.39584803581238,make_me_laugh,social_movie,social,2431,1,0.3591721422666208,0.23473356496149272,0.29695285361405677,1,0,0.5006907612085343,0.694046151638031,0.0021321593786598663,0.28085558122973403,0.6358298328351105,0.5007746517658234,0.7344410419464111,0.0013865671425037295,0.0007113919033423845,0.0032525017605893464,0.1331743851300548
1781864024.239032,84.43141198158264,make_me_laugh,social_movie,social,2432,1,0.39547834423635625,0.3465612831427129,0.37101981368953457,1,0,0.501740100979805,0.6937396466732025,0.0011400537491190474,0.2790214314077304,0.649679816028444,0.5011219382286072,0.734561949968338,0.0003677317459768247,0.001018835396526905,0.002850465093638468,0.12952468641661638
1781864024.273825,84.46620488166809,make_me_laugh,social_movie,social,2433,1,0.42917204780500906,0.3581927596395921,0.39368240372230057,1,0,0.5019270360469819,0.6925197482109069,5.448150153022915e-05,0.2787622026904877,0.7753033452305651,0.5013676732778549,0.7338270843029022,0.0007748633819359242,0.0004071316359590995,0.0012935666556182183,0.12738665870715024
1781864024.305234,84.49761390686035,make_me_laugh,social_movie,social,2434,1,0.40867317367292866,0.36240254660119986,0.38553786013706426,1,0,0.5019773155450821,0.6923256397247315,0.005371097846432233,0.2798223145938403,0.6914445352922136,0.5010552108287811,0.734123021364212,0.00043036208747737137,0.0003445012944585528,0.0013315640390383892,0.12736330408556332
1781864024.342175,84.5345549583435,make_me_laugh,social_movie,social,2435,1,0.3984477987294105,0.3709614627254251,0.3847046307274178,1,0,0.501932469010353,0.6915416777133941,0.005007785068782927,0.28080173387784435,0.6413552020978912,0.5015444159507751,0.7343335449695587,0.0005325803599395561,0.00010221827246218471,0.0016204770718270876,0.12650896096331865
1781864024.3752499,84.56762981414795,make_me_laugh,social_movie,social,2436,1,0.42392047426837165,0.3576768245306897,0.3907986493995307,1,0,0.5022741705179214,0.691289883852005,0.0029634377797572256,0.2803030759565349,0.5129413050141101,0.5016429871320724,0.7327103614807129,0.001626173704203844,0.001093593344264288,0.001471724013077587,0.12613026279242473
1781864024.409164,84.60154390335083,make_me_laugh,social_movie,social,2437,1,0.4382361852910768,0.3671668915800288,0.4027015384355528,1,0,0.5025711297988892,0.691152673959732,0.008613801377364425,0.2769990634320584,0.28105819173210544,0.5011356025934219,0.7338367402553558,0.0012353818090079416,0.00039079189519590236,0.005276570903399349,0.12640016942665885
1781864024.444253,84.63663291931152,make_me_laugh,social_movie,social,2438,1,0.4184381476990951,0.38304746235807224,0.40074280502858367,1,0,0.5026936560869217,0.6902363777160645,0.006968490216494102,0.2745386108165546,0.5374593917557864,0.5014283210039139,0.7342483997344971,0.0005051213662158463,0.0007302604427920954,0.00828334381840796,0.1257013047133321
1781864024.479929,84.67230892181396,make_me_laugh,social_movie,social,2439,1,0.4486768080300224,0.3662933083837724,0.4074850582068974,1,0,0.5028618842363357,0.6901809692382812,0.004036445485188451,0.2754008906168098,0.3954131720197081,0.5015378296375275,0.7331554591655731,0.0010984130498294905,0.0005932916836136442,0.012220661393334996,0.12670248381190807
1781864024.5129101,84.70529007911682,make_me_laugh,social_movie,social,2440,1,0.435179673972135,0.3829316629475518,0.4090556684598434,1,0,0.5027384608983994,0.6903782069683075,0.004437747739212939,0.27320275015048245,0.5026599734890668,0.5015510618686676,0.7341586649417877,0.0010032930386339194,9.512001119557113e-05,0.01286009974881364,0.12585147393022092
1781864024.5479949,84.74037480354309,make_me_laugh,social_movie,social,2441,1,0.43222837815519527,0.38807391835207433,0.4101511482536348,1,0,0.5027403026819229,0.6903077602386474,0.003503496408991278,0.274105205012277,0.26974917795559433,0.5016133487224579,0.7342174351215363,8.563636016767206e-05,0.0009176566784662473,0.01972829105978411,0.12619169359835825
1781864024.582421,84.77480101585388,make_me_laugh,social_movie,social,2442,1,0.4453671561120104,0.3841019503356329,0.41473455322382163,1,0,0.5030462145805359,0.6897566616535187,0.007196956096959261,0.2760150837057117,-0.23801138170196537,0.5013505518436432,0.7328717708587646,0.0013710851569524768,0.0012854487967848048,0.027500468842037554,0.12581211196983755
1781864024.616141,84.80852103233337,make_me_laugh,social_movie,social,2443,1,0.44363545200500104,0.3905496772149105,0.4170925646099558,1,0,0.5028952151536942,0.6892735362052917,0.005761267197463323,0.2739900734949283,0.15474475867306836,0.5016119629144669,0.7336423397064209,0.0008137027079514105,0.0005573824490010663,0.028364175652900277,0.1259470686530565
1781864024.651871,84.84425091743469,make_me_laugh,social_movie,social,2444,1,0.4448199106899882,0.39991416353401116,0.4223670371119997,1,0,0.502940645813942,0.6884412288665771,0.010252283939286995,0.2760199701721071,-0.09978784830029182,0.5012223720550537,0.7321196794509888,0.0015717109439114148,0.0007580082359600043,0.020195355108972243,0.12535515935382663
1781864024.6857548,84.87813472747803,make_me_laugh,social_movie,social,2445,1,0.44011969867064593,0.40551013830036486,0.4228149184855054,1,0,0.502908456325531,0.6878730833530426,0.006725586752530452,0.27498814963902296,-0.5062378937310431,0.501664325594902,0.7328243255615234,0.0008317746524606907,0.0007399362914507241,0.00863821349727201,0.1255836507402092
1781864024.720656,84.91303586959839,make_me_laugh,social_movie,social,2446,1,0.4347541356783682,0.4169263967274932,0.4258402662029307,1,0,0.5027276664972306,0.6881988227367402,0.014996344777785,0.2758101362478176,-0.513661599694719,0.5011861324310303,0.7320314347743988,0.0009259289941895168,9.415434172882606e-05,0.004718269697299726,0.12513525282685617
1781864024.755776,84.94815587997437,make_me_laugh,social_movie,social,2447,1,0.4214277525434501,0.42515403985581857,0.42329089619963434,1,0,0.5027611792087555,0.6879929065704345,0.01299245558735965,0.2772683730941188,-0.3061559100754641,0.5012383162975311,0.7328353226184845,0.0008055798047317987,0.00012034918945771802,0.004114437266955856,0.12431029286939839
1781864024.787366,84.97974586486816,make_me_laugh,social_movie,social,2448,1,0.4243844580829293,0.40346366881577844,0.41392406344935384,1,0,0.5029029041528702,0.6876938581466675,0.014800501675834033,0.2783896940754326,-0.05108121929538794,0.5014313012361526,0.7318050265312195,0.0010482142977313136,0.00024263449299951484,0.006287030301057836,0.12572422376877046
1781864024.8233962,85.01577615737915,make_me_laugh,social_movie,social,2449,1,0.41413800362007025,0.4017563717565457,0.40794718768830796,1,0,0.5026242971420288,0.6876427054405212,0.01709386986632539,0.278934229158136,0.08568934671264564,0.5011808574199677,0.7306576073169708,0.0011744330369554115,0.00012621873922409794,0.0026387846608541005,0.12710617933100868
1781864024.857802,85.05018186569214,make_me_laugh,social_movie,social,2450,1,0.42332390551150273,0.4056803769142128,0.4145021412128578,1,0,0.5026114732027054,0.6869001090526581,0.015615043981636458,0.2797131574248572,0.28078160536947516,0.5012995153665543,0.7299754321575165,0.0006924179781495513,0.00048201505880586016,0.006433216880870217,0.12500676576070302
1781864024.890867,85.08324694633484,make_me_laugh,social_movie,social,2451,1,0.41430168857883964,0.3876215690052255,0.40096162879203257,1,0,0.5025809377431869,0.6870137810707092,0.015265288943742789,0.2787195427804581,-0.5144993120552341,0.501377284526825,0.7296246886253357,0.0003592618371826634,0.00033315614096688794,0.008911231411749366,0.12739857031915786
1781864024.927488,85.11986804008484,make_me_laugh,social_movie,social,2452,1,0.4170429317160089,0.3945498846016517,0.40579640815883034,1,0,0.5025972753763199,0.6873172700405121,0.014096059136270376,0.28037224449323817,-0.6436802496467419,0.5015611052513123,0.7292369902133942,0.000429068895834947,6.980705865228357e-05,0.0017139201208076437,0.12606392748078757
1781864024.962483,85.15486288070679,make_me_laugh,social_movie,social,2453,1,0.4366638377284838,0.37770107716226603,0.4071824574453749,1,0,0.5027637243270874,0.6880868971347809,0.01249113792796302,0.28106358481640414,-0.9526923517232926,0.501592144370079,0.7294158935546875,0.00018157596872862348,0.0002474929271063235,0.0005878072128594401,0.12684283008486613
1781864024.994488,85.1868679523468,make_me_laugh,social_movie,social,2454,1,0.4384038182527356,0.3938565084368753,0.41613016334480546,1,0,0.502413871884346,0.6886227548122406,0.012454252948074965,0.28284263762463735,-1.3778694821255428,0.5018008649349213,0.7290341258049011,0.00043509871174827764,0.00025352274301965416,0.0008607678979450366,0.12668393822939047
1781864025.0311959,85.2235758304596,make_me_laugh,social_movie,social,2455,1,0.4187925266685515,0.38967547733136276,0.4042340019999571,1,0,0.5026292473077774,0.6888732969760895,0.013198088629859508,0.28313986274412417,-0.8160291003870915,0.5018107295036316,0.7292327284812927,0.0001988475113893759,0.00023625120035890174,0.001754935227790641,0.12747555502649013
1781864025.064476,85.25685596466064,make_me_laugh,social_movie,social,2456,1,0.42397736709141404,0.39142298759332544,0.40770017734236974,1,0,0.5029604405164718,0.6881338596343994,0.014252249015232787,0.28364930274863925,-1.3662147010862946,0.5019142925739288,0.7288440465927124,0.00040224236479982737,0.00020339485341045146,0.0001481151590114849,0.12725663893111547
1781864025.097783,85.29016304016113,make_me_laugh,social_movie,social,2457,1,0.42168485502457376,0.40989416916910876,0.41578951209684123,1,0,0.503283166885376,0.6871661722660065,0.018696394900329073,0.28372039506717023,-0.9296948679011602,0.5015445649623871,0.7282940149307251,0.0006627468113275856,0.00026050444652775823,0.00024203607041318345,0.1270835344654812
1781864025.1330738,85.32545375823975,make_me_laugh,social_movie,social,2458,1,0.404979002438137,0.3897832680912505,0.39738113526469376,1,0,0.5034036785364151,0.6867007672786712,0.019675622531631347,0.28540416594522167,-0.7370701090729033,0.5016921758651733,0.7271986603736877,0.001105255890843324,0.0004425090795157385,0.0003568604073973394,0.12628775935243886
1781864025.1685948,85.36097478866577,make_me_laugh,social_movie,social,2459,1,0.40528091805831895,0.3928394004165224,0.39906015923742066,1,0,0.503280085325241,0.6867527842521668,0.017966379223433207,0.28288776291742684,-0.7866594905336004,0.5017192959785461,0.7290893495082855,0.0018908836305377044,0.0007856277396943803,0.00022006982601749478,0.12779285270149982
1781864025.2016509,85.39403080940247,make_me_laugh,social_movie,social,2460,1,0.40930702510349365,0.38417833088074593,0.3967426779921198,1,0,0.5036377847194672,0.6869276344776154,0.02044610765297276,0.2829220656950302,-0.9217653125985725,0.5017944872379303,0.728266716003418,0.0008260627148216113,0.001064820915716093,0.0003126598442844444,0.1270892318001736
1781864025.23714,85.42951989173889,make_me_laugh,social_movie,social,2461,1,0.41881826318399257,0.3804814726118418,0.3996498678979172,1,0,0.503619596362114,0.6870492041110993,0.019801663564882784,0.2825096278024818,-1.0374875936699832,0.5022004544734955,0.7279135882854462,0.0005380600166825362,0.00028800269813907507,0.00014677126563957118,0.12850988825235193
1781864025.270025,85.46240496635437,make_me_laugh,social_movie,social,2462,1,0.40447357496542913,0.3978894198470539,0.40118149740624154,1,0,0.5036200761795044,0.6874044835567474,0.018758185244383222,0.2836504057269086,-0.7770595033064864,0.5024030059576035,0.7279779016971588,0.00021251663144436974,0.00032554338523816653,0.00023194885614701257,0.12834450907495182
1781864025.305241,85.49762105941772,make_me_laugh,social_movie,social,2463,1,0.4056273473297139,0.4106363362189856,0.40813184177434975,1,0,0.5040506005287171,0.6870886802673339,0.018592805949263724,0.2849096425619666,-0.6798604215069445,0.5022249817848206,0.7280466854572296,0.00019085023380785413,2.1666397636515612e-05,0.0004204489447405668,0.12787529289253238
1781864025.340357,85.53273701667786,make_me_laugh,social_movie,social,2464,1,0.40970256709938097,0.41132978136498055,0.4105161742321808,1,0,0.5041302233934403,0.6873658657073974,0.01852800210372001,0.28495216973480464,-0.7986457253063551,0.5023543685674667,0.7274430394172668,0.0006173568506838343,0.0004265066168759801,0.00047889968083069973,0.12741932375422552
1781864025.37461,85.56698989868164,make_me_laugh,social_movie,social,2465,1,0.4109329953245204,0.40537166419382337,0.4081523297591719,1,0,0.5040623366832733,0.6870801806449891,0.016602184255995304,0.2837817484145949,-0.5192052183504435,0.5027492642402649,0.7284567654132843,0.0010879260027209076,0.00047056915203707336,0.0003904413636090039,0.12705873934342124
1781864025.409735,85.60211491584778,make_me_laugh,social_movie,social,2466,1,0.4160512666956285,0.395033239948403,0.40554225332201577,1,0,0.5041532605886458,0.6877451777458191,0.016660404532954632,0.2835216915481055,-0.7804137654551785,0.5029872357845306,0.7275702059268951,0.0009179423613641741,0.00016998364135673353,0.0005997027989540431,0.1273437862883081
1781864025.443158,85.63553786277771,make_me_laugh,social_movie,social,2467,1,0.4354597291888184,0.4099350286644217,0.42269737892662007,1,0,0.5044959843158722,0.6881714463233948,0.01582563049687227,0.2825901700046148,-0.9321144691459505,0.5031345039606094,0.7288454473018646,0.0012837166666050696,0.0003657743052408955,0.0004142645315103265,0.12768205700584936
1781864025.477113,85.6694929599762,make_me_laugh,social_movie,social,2468,1,0.4293029303662762,0.4021729312827122,0.4157379308244942,1,0,0.5048129260540009,0.6878741204738616,0.016011461401066546,0.2843731559413013,-0.6455724919421932,0.503307431936264,0.7281498312950134,0.0007167884721112653,0.0005669281944938043,0.0005765838456513617,0.12665742430141613
1781864025.511949,85.70432901382446,make_me_laugh,social_movie,social,2469,1,0.3972711237476101,0.40486813695364265,0.40106963035062637,1,0,0.5051005035638809,0.6880580961704255,0.017655640343819223,0.28500532925772465,-0.6510019630498264,0.5036033242940903,0.7279400825500488,0.00036269384256448593,0.0003540946295467794,0.001768285908613283,0.12804623020355077
1781864025.547062,85.73944187164307,make_me_laugh,social_movie,social,2470,1,0.398890713807993,0.3948981493176028,0.3968944315627979,1,0,0.5053441941738128,0.6883060336112976,0.014369323052224813,0.28493491223306944,-0.6109419893192213,0.504035621881485,0.727723240852356,0.0004836336691397914,0.00012093982657530546,2.0802295691748642e-05,0.1288585490317916
1781864025.583613,85.77599287033081,make_me_laugh,social_movie,social,2471,1,0.4148220404831835,0.39794230015693854,0.406382170320061,1,0,0.5053893238306046,0.6888497173786163,0.015498090798808923,0.2848674908379505,-0.6408324500602365,0.5037024468183517,0.7280872762203217,0.0004934849256297091,9.85125648991775e-06,0.0005414523789801703,0.12863386776580246
1781864025.616025,85.80840492248535,make_me_laugh,social_movie,social,2472,1,0.41040814590725744,0.3905418037172777,0.40047497481226757,1,0,0.5053756088018417,0.6889220595359802,0.018190239454712195,0.28608023484394646,-0.029902315682860812,0.5040761232376099,0.7286350727081299,0.0006631101404477224,0.00016962521481801328,0.0008248377447091658,0.12856969601382465
1781864025.649554,85.84193396568298,make_me_laugh,social_movie,social,2473,1,0.41615817111096964,0.37772914786895756,0.3969436594899636,1,0,0.5056826084852218,0.689365702867508,0.017650714162469335,0.2864412641581933,0.027298185061698184,0.5038599371910095,0.7287707328796387,0.0002552255647040069,0.0004078845757437155,0.0005633106593898535,0.12864998066340447
1781864025.684604,85.8769838809967,make_me_laugh,social_movie,social,2474,1,0.4168100228771633,0.37897344296033414,0.3978917329187487,1,0,0.5059469163417816,0.6890772879123688,0.018830602794446757,0.28500821873411797,-0.2521837858620258,0.5037804841995239,0.7290641069412231,0.0003039426226552967,4.8717057951289805e-05,0.000532227393285223,0.1280395872038356
1781864025.718813,85.91119289398193,make_me_laugh,social_movie,social,2475,1,0.40468048608297513,0.3954646544350927,0.4000725702590339,1,0,0.5055198639631271,0.6888464212417602,0.017837782975445342,0.2864703905641849,0.2807039471843125,0.5040355622768402,0.7290312945842743,0.0002571798520411565,4.6762770614140205e-05,0.0007312245669807783,0.12712105784002292
1781864025.7519958,85.94437575340271,make_me_laugh,social_movie,social,2476,1,0.40282817808736826,0.3929724685865738,0.397900323336971,1,0,0.5058409780263902,0.6890939712524414,0.015588386447590618,0.2857385160148298,-0.5936493674495172,0.5041098296642303,0.7288338840007782,0.00021091842808542083,4.626142395573567e-05,0.00011948747649359033,0.1284185694903393
1781864025.787384,85.97976398468018,make_me_laugh,social_movie,social,2477,1,0.4058717268934709,0.3968261131608557,0.40134892002716327,1,0,0.5056203812360763,0.688767635822296,0.015642431361129798,0.2856643863381152,-0.3578246943916741,0.5041297972202301,0.72864630818367,0.00018863560230347593,2.22828257819449e-05,6.614355490942263e-05,0.12769300848251294
1781864025.8215759,86.01395583152771,make_me_laugh,social_movie,social,2478,1,0.40774653671177336,0.391943101188306,0.39984481895003965,1,0,0.5056572139263154,0.6888296842575073,0.01477900015665338,0.2873614641447621,-0.38895016347992906,0.5039557367563248,0.7286930978298187,0.00018023960741651399,8.395994886961947e-06,0.0008930615725527486,0.12809068569190674
1781864025.85639,86.0487699508667,make_me_laugh,social_movie,social,2479,1,0.42182216771430986,0.38704089094193256,0.4044315293281212,1,0,0.5054787486791611,0.6890998005867004,0.01593767774965472,0.2859963334224156,-0.6786503324820975,0.5040538012981415,0.7294031977653503,0.0007168392935684588,0.0005365996861519447,0.0001484723351842432,0.12881111969088677
1781864025.8904362,86.0828161239624,make_me_laugh,social_movie,social,2480,1,0.421449846134857,0.40339445910370764,0.4124221526192823,1,0,0.505337518453598,0.6886344969272613,0.01399280013266654,0.2880427763511842,-0.7137861989365452,0.5040872693061829,0.7289539277553558,0.00045051487150006743,0.0002663244220683913,0.0014548111029197444,0.12732520019832308
1781864025.925567,86.11794686317444,make_me_laugh,social_movie,social,2481,1,0.4190466390111556,0.402931874169832,0.4109892565904938,1,0,0.5053393989801407,0.6889479041099549,0.014717872022162992,0.2868914576066445,-0.6497790393667249,0.5038738399744034,0.7290595173835754,0.00023812024116271518,0.00021239463033735225,0.001954791408842902,0.12689024967067822
1781864025.958383,86.15076303482056,make_me_laugh,social_movie,social,2482,1,0.40278851866835047,0.40151555309674747,0.402152035882549,1,0,0.5051829546689988,0.6902247548103333,0.018509707801279897,0.28473924422691255,-0.2670110629400661,0.5032943487167358,0.7295059561729431,0.0007315174026400089,0.0004933971614772937,0.007049166351258515,0.1288374103853919
1781864025.993768,86.18614792823792,make_me_laugh,social_movie,social,2483,1,0.41571575645948744,0.398319393096984,0.40701757477823575,1,0,0.5048898041248322,0.6902182877063752,0.01567292523362751,0.2858811189917628,-0.6660757109306894,0.5033217221498489,0.7296742498874664,0.00017050536410463,0.0005610120385353789,0.004685815064580773,0.1278838734774059
1781864026.029558,86.22193789482117,make_me_laugh,social_movie,social,2484,1,0.415962766008738,0.40010189999366624,0.4080323330012021,1,0,0.5046372532844543,0.6901350140571594,0.01766607928227732,0.28504111020474737,-0.6118043750566659,0.5030504316091537,0.729926347732544,0.0003703402232588507,0.00019983485915422067,0.0017172547470805154,0.1279154104665202
1781864026.063636,86.25601601600647,make_me_laugh,social_movie,social,2485,1,0.4035560149907916,0.40531541469310545,0.4044357148419485,1,0,0.5046867102384567,0.6903920412063598,0.015594616588606272,0.2830248692608232,-0.21526579514753044,0.5028565973043442,0.7303555309772491,0.0004709246173823292,0.00010058439412347851,0.004572555724491777,0.12859177074112027
1781864026.0975392,86.28991913795471,make_me_laugh,social_movie,social,2486,1,0.40866624410237223,0.40003243545112604,0.40434933977674914,1,0,0.5043353199958801,0.6907505750656128,0.014259506701947125,0.2826209960877289,-0.553356195472379,0.5027911365032196,0.7306119501590729,0.0002646429921441756,0.00020628162523815357,0.0017711362102273013,0.12904816968875366
1781864026.131509,86.3238890171051,make_me_laugh,social_movie,social,2487,1,0.43004284329189496,0.39699953308862707,0.413521188190261,1,0,0.5042280226945877,0.6903549015522004,0.01378287390161503,0.28420239725209295,-0.834414860292816,0.5022259503602982,0.7299770414829254,0.0008500261191267857,0.0005853831269826101,0.0003382257093045414,0.12813952864125935
1781864026.165927,86.35830688476562,make_me_laugh,social_movie,social,2488,1,0.41617705766599117,0.39156172877312034,0.40386939321955573,1,0,0.5041627824306488,0.6901853621006011,0.01409533649713539,0.2855624113613402,-0.6788383760351603,0.5022909641265869,0.7299454510211945,7.228241196462815e-05,0.0007777437071621576,0.0002950142957213621,0.12780265581351086
1781864026.200246,86.3926260471344,make_me_laugh,social_movie,social,2489,1,0.4224324604440273,0.41121395125106036,0.41682320584754384,1,0,0.5040802836418152,0.6901426970958711,0.010380123972265154,0.2832765720585353,-0.5877450345523257,0.5024251192808151,0.7304987013339996,0.0005692833336968682,0.0004970009217322401,0.000263183853191819,0.12744388270751733
1781864026.234775,86.42715501785278,make_me_laugh,social_movie,social,2490,1,0.3964416357383164,0.3903740583484845,0.3934078470434005,1,0,0.5039095431566238,0.6901606619358063,0.008996443667670271,0.28277508237338606,-0.37938740068039745,0.5025948584079742,0.7302282750606537,0.0003192831668041966,0.00025000016689267156,0.005489267184534328,0.12792605528842668
1781864026.272021,86.46440100669861,make_me_laugh,social_movie,social,2491,1,0.3847218832257532,0.3802376680945326,0.3824797756601429,1,0,0.5038832187652588,0.6901087582111358,0.00983368855141924,0.28488521834538494,-0.13821775447174126,0.5023729205131531,0.7303346693515778,0.0002461222750969272,7.31608917072694e-05,0.0022970534285483364,0.12862816907809782
1781864026.304427,86.49680685997009,make_me_laugh,social_movie,social,2492,1,0.3614095534673601,0.35299140303306475,0.3572004782502124,1,0,0.50401351749897,0.6899316608905792,0.002873408653412067,0.28257982591068453,-0.700846468821871,0.5029379725456238,0.730430543422699,0.0005731279411376037,0.0003270056660406765,0.0009177636486524786,0.13137881176756777
1781864026.337472,86.52985191345215,make_me_laugh,social_movie,social,2493,1,0.3495031582615784,0.317213934562958,0.3333585464122682,1,0,0.5041150838136673,0.6901870310306549,0.006033113594038595,0.2843011595408446,-0.6756150343231032,0.5028015077114105,0.7297257483005524,0.0007178849595711708,0.0001447570184335671,0.001291863289212418,0.1328870701905778
1781864026.37267,86.56504988670349,make_me_laugh,social_movie,social,2494,1,0.34880628620020193,0.31077586117645667,0.3297910736883293,1,0,0.5045113146305085,0.6902885675430298,0.006654593424876089,0.2824338321895753,-0.8375878904701762,0.5028833001852036,0.7298651337623596,0.00016161162004139457,0.0005562733395297762,0.0006043096743006087,0.13446301050746765
1781864026.408164,86.60054397583008,make_me_laugh,social_movie,social,2495,1,0.3628171503776016,0.309937628905178,0.3363773896413898,1,0,0.5047584354877472,0.6898255169391632,0.006549927843016767,0.2838473636219588,-1.03926270122337,0.5031279027462006,0.7294989824295044,0.00044033761070109956,0.000278725990659705,0.0001134355812856283,0.13378459492340272
1781864026.441906,86.63428592681885,make_me_laugh,social_movie,social,2496,1,0.3661496623668686,0.3620777421301799,0.36411370224852424,1,0,0.5041776478290558,0.6897296011447906,0.005470657200693954,0.28430187148470826,-0.7809129068795535,0.5031779855489731,0.7293800711631775,0.00012902781247862532,0.00031130979822247424,0.0003613304720295378,0.1311587900787545
1781864026.4779038,86.67028379440308,make_me_laugh,social_movie,social,2497,1,0.3715559644000466,0.3607173940611415,0.36613667923059406,1,0,0.505117604136467,0.6893040180206299,0.0016432807837021032,0.28383879833763753,-1.5535039485842195,0.5037340223789215,0.7291472852230072,0.0006027986813191108,0.0004737708688404855,0.0002146756879373547,0.13092622811122917
1781864026.512342,86.70472192764282,make_me_laugh,social_movie,social,2498,1,0.3845082436109994,0.3770151090162881,0.38076167631364377,1,0,0.5051152139902115,0.6894211173057556,0.0049389781784300035,0.283786283452822,-1.5568851774078567,0.5032259225845337,0.7295300662517548,0.0006361499170997207,3.335123578060992e-05,0.0003759996432614394,0.13025279016347366
1781864026.544123,86.73650288581848,make_me_laugh,social_movie,social,2499,1,0.37745542996487047,0.3929724010007257,0.3852139154827981,1,0,0.5048935949802399,0.6886576890945435,0.005271859372928882,0.2853080067713955,-1.3061979706908686,0.5033194273710251,0.728943258523941,0.0005942107829034264,4.193913419629433e-05,0.0005950148006020423,0.12880188950760332
1781864026.580158,86.77253794670105,make_me_laugh,social_movie,social,2500,1,0.3712152466408987,0.3880267637244241,0.3796210051826614,1,0,0.5052306056022644,0.6887627184391021,0.0014653923615724576,0.2836932548900602,-1.6698885603233449,0.5040853321552277,0.7297150492668152,0.0010873229001775965,0.0004931121172741701,0.0004710020791866761,0.12927770587877965
1781864026.614051,86.80643105506897,make_me_laugh,social_movie,social,2501,1,0.37377422022086443,0.3837358800497184,0.3787550501352914,1,0,0.5057048350572586,0.6877839803695679,0.007390072300188654,0.2846321664444363,-1.608972061836122,0.5040450543165207,0.7291325330734253,0.0005839070301446587,0.0005034158700329377,0.0005066886430065428,0.12841757294417283
1781864026.6471941,86.83957409858704,make_me_laugh,social_movie,social,2502,1,0.3845510979682765,0.397799599045118,0.3911753485066973,1,0,0.5057480543851852,0.6874338865280152,0.004777627059987414,0.2832877617412128,-1.3442373849198166,0.5044909417629242,0.7289701402187347,0.00047453878041186874,0.00010936824973278999,0.0005309287212829349,0.12800333243191447
1781864026.682976,86.8753559589386,make_me_laugh,social_movie,social,2503,1,0.3888700310583794,0.40346255679589205,0.39616629392713576,1,0,0.5065254420042038,0.6873120665550232,0.006034832084453722,0.283303828825321,-0.6879782123684326,0.5046737194061279,0.7289982736110687,0.0001849301344273828,0.00028960864598448596,0.0005001353721112569,0.12859980539015117
1781864026.716535,86.9089150428772,make_me_laugh,social_movie,social,2504,1,0.3815555017006859,0.37543550260536324,0.3784955021530246,1,0,0.5070271342992783,0.6869296848773956,0.007080294621695719,0.28276406610644034,-0.7840056005233045,0.5053690671920776,0.7285438477993011,0.0008306692252791011,0.0006457390908517183,0.0003109119251857167,0.12892305345271335
1781864026.750473,86.94285297393799,make_me_laugh,social_movie,social,2505,1,0.4104167351844951,0.41054070257063946,0.41047871887756726,1,0,0.5070316374301911,0.6878264009952545,0.004895378984030126,0.2858773600361877,-0.7995411696530781,0.5053628981113434,0.728099912405014,0.0004439782560643674,0.00038669096921473367,0.000513017388297216,0.12958050551726305
1781864026.7858062,86.97818613052368,make_me_laugh,social_movie,social,2506,1,0.4140868016575273,0.412162839202,0.4131248204297636,1,0,0.5072001188993454,0.6876170873641968,0.006352592255946602,0.2886983553854085,-1.1116053257425853,0.505241334438324,0.7276545763015747,0.0004616296910127168,1.7651434948349402e-05,0.0005618223164238138,0.1283346795237505
1781864026.820247,87.0126268863678,make_me_laugh,social_movie,social,2507,1,0.41610675563682253,0.39084605062460354,0.40347640313071303,1,0,0.507601410150528,0.6876949429512024,0.00754765035705662,0.2879117690562652,-1.5585210877664504,0.5053885877132416,0.7278068661689758,0.00021183892627893173,0.00024979076473378504,0.0004240595031570027,0.12894608448198522
1781864026.856363,87.04874300956726,make_me_laugh,social_movie,social,2508,1,0.41340203579947526,0.3949093779262334,0.4041557068628543,1,0,0.507845115661621,0.6870577931404114,0.008477753733823912,0.28539657873690205,-1.1513676045767909,0.5058155655860901,0.7280375063419342,0.00048528856702430946,0.0002734496407453777,0.0006551127951999256,0.1288075652579282
1781864026.890558,87.08293795585632,make_me_laugh,social_movie,social,2509,1,0.4084652225707917,0.41032891272474303,0.4093970676477674,1,0,0.5084307998418808,0.6860505640506744,0.009025987508157337,0.2871593879625061,-0.7397573064941089,0.5060873180627823,0.7273634374141693,0.0007267863014438677,0.00024149773441955823,0.00048461378899112206,0.12635540457360234
1781864026.922839,87.11521887779236,make_me_laugh,social_movie,social,2510,1,0.4177832250491387,0.4037094824203288,0.4107463537347337,1,0,0.5088160753250122,0.6865000665187836,0.007167241000569593,0.28412718138494714,-1.671562869786705,0.5061549097299576,0.7269249856472015,0.0004436311366762913,0.00028315516476757637,0.0007947914216506144,0.12852363706238726
1781864026.9581451,87.15052509307861,make_me_laugh,social_movie,social,2511,1,0.4095901120493358,0.3902748292448554,0.3999324706470956,1,0,0.509085476398468,0.6860160946846008,0.008808337860048107,0.2859725127085142,-0.9500359249667166,0.5062406957149506,0.7270511984825134,0.00015260706084150279,0.0002910240758347885,0.0005075019608101953,0.1283348196055602
1781864026.99337,87.1857500076294,make_me_laugh,social_movie,social,2512,1,0.4022265893990604,0.3871139289630039,0.39467025918103216,1,0,0.5092139363288879,0.6859260678291321,0.006524032916265999,0.2845755897041514,-0.6533393227582915,0.50669726729393,0.7263505756855011,0.000836259475536873,0.0006836524146953703,0.002244835103588037,0.12894079467090835
1781864027.026473,87.21885299682617,make_me_laugh,social_movie,social,2513,1,0.42560373615703384,0.4195109076377192,0.4225573218973765,1,0,0.5096763908863068,0.6864523947238922,0.007943729548807205,0.2825703525659416,-1.186329741325319,0.5067032873630524,0.7274868190288544,0.0011362592910717422,0.00029999981553486914,0.00042019213229053053,0.12747306559450117
1781864027.061294,87.25367403030396,make_me_laugh,social_movie,social,2514,1,0.4105558618663545,0.4124887034948428,0.41152228268059865,1,0,0.5096735388040543,0.6861619591712951,0.009169440896232076,0.28386165394262813,-0.35535619454222506,0.5068705379962921,0.7271756231784821,0.0003532925580988708,0.0007829667329728714,0.0005863278136321796,0.12786496564413313
1781864027.096174,87.28855395317078,make_me_laugh,social_movie,social,2515,1,0.43221624523171936,0.4101149237621496,0.4211655844969345,1,0,0.5095294624567032,0.6858132958412171,0.00954050897251043,0.2860574738892304,-1.3332125156284624,0.5067784637212753,0.7265325486660004,0.0006496325890250805,0.0002963400309262097,0.0005983868033708749,0.1269095969525403
1781864027.1295118,87.32189178466797,make_me_laugh,social_movie,social,2516,1,0.40756815304026006,0.4302464520724343,0.41890730255634717,1,0,0.5091439038515091,0.6853732168674469,0.012117895496556456,0.28392967016571957,-0.8480543028950157,0.5062734484672546,0.7269798219203949,0.0006746063821890941,2.49737931640136e-05,0.0006314864476502734,0.12728414745507136
1781864027.1647549,87.35713481903076,make_me_laugh,social_movie,social,2517,1,0.397634681224927,0.4109303288870816,0.40428250505600427,1,0,0.5088576704263688,0.6850953280925751,0.010781821451438776,0.28303495457764166,-0.352110304668203,0.5067747235298157,0.7267115414142609,0.0005685517727675314,0.00010605460942156265,0.0006645243001142021,0.12740268552506523
1781864027.198783,87.39116287231445,make_me_laugh,social_movie,social,2518,1,0.4149308521617925,0.41369434617505546,0.414312599168424,1,0,0.5090638756752014,0.6848380327224731,0.012667248656514864,0.28385690382017265,-0.9143915155480458,0.5061801373958588,0.7259657680988312,0.000953787454677829,0.0003852356819102976,0.0005116834161646013,0.1272082774846133
1781864027.233093,87.42547297477722,make_me_laugh,social_movie,social,2519,1,0.3915859457578692,0.4158844903118893,0.4037352180348792,1,0,0.5091392517089843,0.6849354147911072,0.010041068696585817,0.28334225579090977,-0.7078086358294546,0.5062565505504608,0.7274687588214874,0.0015049319195853989,0.0005511444649075698,0.000663828454143809,0.1273807306579374
1781864027.268537,87.4609169960022,make_me_laugh,social_movie,social,2520,1,0.4099658008711077,0.4074209914343074,0.4086933961527075,1,0,0.5089605510234833,0.6852844476699829,0.013082516170902466,0.2844255993370465,-0.9790172583250899,0.506306916475296,0.7267292141914368,0.0007412577056741278,0.0007636742139112711,0.0005004829576774292,0.12798612581015148
1781864027.304384,87.49676394462585,make_me_laugh,social_movie,social,2521,1,0.41816390546095195,0.4064836921762641,0.41232379881860803,1,0,0.509216919541359,0.6851982116699218,0.011429252111060061,0.28296781674112237,-1.140441736101265,0.5064335465431213,0.7273144721984863,0.0005988005585276854,0.0001424571471464424,0.000442604851183916,0.12799252060490154
1781864027.338331,87.53071093559265,make_me_laugh,social_movie,social,2522,1,0.4252961100547174,0.40658503253365363,0.4159405712941855,1,0,0.5094680577516556,0.6847207546234131,0.010309809180044144,0.28338484372767975,-0.9427226012059846,0.5067345798015594,0.7263822853565216,0.0009795883477349183,0.00038078778920723293,0.00046014836967872547,0.12709506884077762
1781864027.3715599,87.5639398097992,make_me_laugh,social_movie,social,2523,1,0.44005697553583806,0.4170703564764524,0.42856366600614526,1,0,0.5091670781373978,0.6844258666038514,0.011130453694672008,0.2837899745778349,-1.0193417883055247,0.5062751173973083,0.7254080474376678,0.001077146797540941,9.75584498060227e-05,0.0005708843387018928,0.12600607004075895
1781864027.40445,87.59682989120483,make_me_laugh,social_movie,social,2524,1,0.4222851218899725,0.4168685613673342,0.4195768416286534,1,0,0.5092694342136384,0.6843107759952545,0.010251106639577819,0.28302092994913575,-1.0465055551734823,0.5065317153930664,0.72537562251091,0.00025863856499428145,0.0008185082325466596,0.0004007222694436411,0.12665766481744756
1781864027.4409568,87.63333678245544,make_me_laugh,social_movie,social,2525,1,0.430132997420073,0.42074600610184304,0.425439501760958,1,0,0.5089214026927948,0.6844725191593171,0.009857910142431854,0.2837209119098159,-1.2545846209092097,0.5063423812389374,0.7249084413051605,0.0005040889811584084,0.00024545041616412695,0.0006010676723339487,0.12673656724976115
1781864027.474489,87.6668689250946,make_me_laugh,social_movie,social,2526,1,0.4110881169526771,0.42470802174737204,0.4178980693500246,1,0,0.5085608631372451,0.685004198551178,0.010007675669609273,0.28288976108620284,-1.4391119331988336,0.506094679236412,0.7259626388549805,0.0010829075473471578,0.0005788185661887494,0.0007366165734360153,0.1276663447284747
1781864027.508388,87.700767993927,make_me_laugh,social_movie,social,2527,1,0.39699828560122036,0.44087921342914294,0.4189387495151816,1,0,0.50857954621315,0.685242772102356,0.014795993146790476,0.28239953687281877,-1.173253685064608,0.5055723488330841,0.7266825735569,0.0008894577141543773,0.00019344983319278045,0.0006729395149616932,0.12741963499613349
1781864027.54446,87.73684000968933,make_me_laugh,social_movie,social,2528,1,0.3965883549393474,0.41985444825502627,0.40822140159718684,1,0,0.5087154567241668,0.6850582182407379,0.012203353982608686,0.28074641379337995,-0.7380946454954533,0.5058531761169434,0.7265622913837433,0.0003055024787772973,0.00058395523537708,0.0006688255586839526,0.1279072852895014
1781864027.578026,87.77040600776672,make_me_laugh,social_movie,social,2529,1,0.4285782416224283,0.4126680064671165,0.4206231240447724,1,0,0.5089546859264373,0.6845360219478607,0.005190756140781209,0.28007552500329264,-1.2684970012328407,0.5064268708229065,0.7262040674686432,0.0006763504927179174,0.0003708480139406201,0.0005048895611805901,0.12747764009833712
1781864027.612629,87.80500888824463,make_me_laugh,social_movie,social,2530,1,0.4284669998797214,0.4127598650204823,0.42061343245010185,1,0,0.509280902147293,0.6834707617759704,0.009440848928812036,0.28041394676770276,-0.7918212119338696,0.5063339471817017,0.7256714105606079,0.0005407015671999367,0.00013564892551798065,0.0003377246799827699,0.1270241892414278
1781864027.646847,87.83922696113586,make_me_laugh,social_movie,social,2531,1,0.41811361696466215,0.43770800375769775,0.42791081036117995,1,0,0.5092053443193436,0.6831327199935913,0.012148846776347692,0.2809637609482759,-0.47908047354087446,0.5063690543174744,0.7247733175754547,0.0008987789054954204,0.0003580773382954837,0.0008762568652810439,0.12440701013824444
1781864027.681174,87.87355399131775,make_me_laugh,social_movie,social,2532,1,0.4181197468102906,0.42773818629968713,0.4229289665549889,1,0,0.5091250389814377,0.6833087027072906,0.011175954842418977,0.28182456892449015,-0.4876943653574702,0.5062374025583267,0.7251753509044647,0.0004230401675036781,0.00047573873799174233,0.0005197923220348169,0.12538335115634727
