timestamp,elapsed_time,stimulus_id,stimulus_type,paper_category,frame_index,face_detected,left_ear,right_ear,avg_ear,eye_open,blink_state,gaze_x,gaze_y,yaw_proxy,pitch_proxy,roll_proxy_deg,head_center_x,head_center_y,head_movement,head_acceleration,mouth_open,eyebrow_signal
1781864002.335884,62.52826404571533,rhymes_and_toys,speech_attention_movie,speech_social,1796,1,0.5174432473559081,0.4745383038579299,0.49599077560691895,1,0,0.48864820003509524,0.6118835091590882,-0.010166511313234013,0.24222978496958425,4.53038769334177,0.48704516887664795,0.6658636331558228,0.0,0.0,0.0026439836531215706,0.12108366241741901
1781864002.3709922,62.56337213516235,rhymes_and_toys,speech_attention_movie,speech_social,1797,1,0.5029060223220071,0.47329945271641927,0.4881027375192132,1,0,0.4887905985116958,0.6117818474769592,-0.004996805690117121,0.24318944934040782,4.242064653450161,0.48675376176834106,0.6652950644493103,0.0006388962958078739,0.0006388962958078739,0.0011136805046445461,0.12128474732614043
1781864002.4054341,62.597814083099365,rhymes_and_toys,speech_attention_movie,speech_social,1798,1,0.5071979808161359,0.45680869259717766,0.48200333670665674,1,0,0.4888421773910523,0.6117942214012146,-0.0030819122891668654,0.2426455557524406,4.425524799846591,0.4865402579307556,0.6661281883716583,0.0008600461375137194,0.00022114984170584556,0.0011309731370923463,0.12155961948463977
1781864002.4399529,62.63233280181885,rhymes_and_toys,speech_attention_movie,speech_social,1799,1,0.5116434310171336,0.44621529737423754,0.47892936419568555,1,0,0.48898321092128755,0.6116720080375672,-0.003199328687041639,0.2436063706063607,4.509840184148549,0.4868491441011429,0.6662249267101288,0.0003236803552681835,0.0005363657822455359,0.0017515338652099007,0.12205004664100447
1781864002.473404,62.66578388214111,rhymes_and_toys,speech_attention_movie,speech_social,1800,1,0.5160574754948357,0.45244276735143607,0.4842501214231359,1,0,0.4890379667282104,0.6118189990520477,-0.006042051802106858,0.24276494710557114,4.266726253115544,0.4872668832540512,0.6657209396362305,0.0006546059658520927,0.0003309256105839092,0.004750651300006304,0.12220789203024822
1781864002.509481,62.7018609046936,rhymes_and_toys,speech_attention_movie,speech_social,1801,1,0.5050761871533498,0.43848877975779665,0.4717824834555732,1,0,0.48936402499675746,0.6117129802703858,-0.006524519741964742,0.24238477894287747,4.078389221261762,0.48749636113643646,0.6659209132194519,0.00030438385714495574,0.00035022210870713696,0.005438329320222712,0.1216802630489589
1781864002.5443132,62.736693143844604,rhymes_and_toys,speech_attention_movie,speech_social,1802,1,0.4920329557271331,0.4391568040507395,0.46559487988893633,1,0,0.48976828455924987,0.611208975315094,-0.00484543735123783,0.24292569660582303,3.956687086452924,0.48760509490966797,0.6647683680057526,0.0011576629488164593,0.0008532790916715035,0.0037781641841679067,0.12198448357722097
1781864002.577111,62.76949095726013,rhymes_and_toys,speech_attention_movie,speech_social,1803,1,0.4760435878895454,0.4276406954104044,0.45184214164997494,1,0,0.48970244228839876,0.6088961780071258,-0.0003117982493755646,0.24587095734108938,3.9478849699284,0.4880831837654114,0.6617648005485535,0.0030413790332563763,0.001883716084439917,0.0005951329117868305,0.12348459395376041
1781864002.611895,62.804275035858154,rhymes_and_toys,speech_attention_movie,speech_social,1804,1,0.47542787907726225,0.43748103130603466,0.45645445519164846,1,0,0.48944475650787356,0.6073433637619019,-0.005531696134585654,0.24507709576910539,4.010293357762458,0.4893500506877899,0.6610976159572601,0.0014318125149181118,0.0016095665183382644,0.0005825910756043734,0.12333880526362315
1781864002.646185,62.8385648727417,rhymes_and_toys,speech_attention_movie,speech_social,1805,1,0.4985159620997203,0.4422917011293455,0.4704038316145329,1,0,0.4907962292432785,0.6069228231906891,-0.008572437358026291,0.2507868793329573,3.9735008927917796,0.49043911695480347,0.6595460474491119,0.0018956345031213267,0.0004638219882032149,0.0006847139489393567,0.12412293823707692
1781864002.680313,62.87269306182861,rhymes_and_toys,speech_attention_movie,speech_social,1806,1,0.45104077811157406,0.4590464615429904,0.45504361982728225,1,0,0.49194097816944127,0.6063803851604461,-0.0019090478411831657,0.2467006138280142,3.5673500095803994,0.4918748587369919,0.6602608263492584,0.001603827715565542,0.0002918067875557846,0.0010809245670267136,0.12289927066359452
1781864002.716152,62.90853190422058,rhymes_and_toys,speech_attention_movie,speech_social,1807,1,0.4541271658638573,0.4357016689531807,0.444914417408519,1,0,0.49425269961357116,0.6059913575649262,-0.008880832751247597,0.2510635824383536,3.43690160583174,0.4947437196969986,0.6586024463176727,0.0033136969591398683,0.0017098692435743262,0.0010054821288755856,0.1231742604297707
1781864002.750697,62.943076848983765,rhymes_and_toys,speech_attention_movie,speech_social,1808,1,0.4530209710586898,0.4438555181631434,0.44843824461091664,1,0,0.4963722974061966,0.6065292119979858,-0.010222411280620035,0.24861936383085498,3.1095628353443905,0.49735572934150696,0.6598420441150665,0.00289122760818104,0.0004224693509588284,0.006156296633484124,0.12322818747572553
1781864002.784652,62.97703194618225,rhymes_and_toys,speech_attention_movie,speech_social,1809,1,0.4672633800793353,0.45223329984467636,0.4597483399620058,1,0,0.49919141829013824,0.6060524582862854,-0.005576264266404863,0.2451629755251294,2.8857406175299367,0.49968934059143066,0.658599317073822,0.002643881987686063,0.00024734562049497696,0.006216154308071282,0.12382990356334075
1781864002.819076,63.01145601272583,rhymes_and_toys,speech_attention_movie,speech_social,1810,1,0.44645553970772983,0.46208497662610437,0.45427025816691713,1,0,0.5011900871992111,0.6049979031085968,-0.0053521524035542774,0.24871771884033209,3.1301976024847704,0.5019351541996002,0.6587226092815399,0.0022491953519255528,0.0003946866357605102,0.006284530341658854,0.12282496712009672
1781864002.8535528,63.04593276977539,rhymes_and_toys,speech_attention_movie,speech_social,1811,1,0.45924874659125553,0.44271118711162505,0.45097996685144026,1,0,0.5036382645368576,0.6038055837154388,-0.002807156497930213,0.25246306872144514,2.347044941784643,0.5042228400707245,0.6555396616458893,0.003919778347845139,0.0016705829959195858,0.002090487143789263,0.12411929701364119
1781864002.88727,63.079649925231934,rhymes_and_toys,speech_attention_movie,speech_social,1812,1,0.44372136867337286,0.4699792040638321,0.4568502863686025,1,0,0.5051009595394134,0.6012673676013947,-0.005615496729432598,0.25029711162002993,1.8960275788139214,0.506530836224556,0.6530614495277405,0.003386499896447731,0.0005332784513974076,0.004462600914747524,0.12279587399673002
1781864002.922123,63.114502906799316,rhymes_and_toys,speech_attention_movie,speech_social,1813,1,0.45233162215865436,0.44819076421431187,0.4502611931864831,1,0,0.5064281433820724,0.600451123714447,-0.008408517035693935,0.24934231692191744,1.8309952402215313,0.5079353451728821,0.6532928943634033,0.0014234507711484504,0.0019630491252992806,0.005062216070247949,0.12492259846508882
1781864002.956453,63.14883303642273,rhymes_and_toys,speech_attention_movie,speech_social,1814,1,0.46947827115236446,0.4348162294550385,0.4521472503037015,1,0,0.5073830306529998,0.5991366922855377,-0.010669569621312042,0.24648491345302703,1.6797156962901427,0.5086201727390289,0.6513730585575104,0.002038322427130514,0.0006148716559820637,0.0016493130623510997,0.12412599375752578
1781864002.991376,63.18375587463379,rhymes_and_toys,speech_attention_movie,speech_social,1815,1,0.47945829130630213,0.43477418398351136,0.4571162376449067,1,0,0.5074175953865052,0.5988138973712922,-0.008968089843434904,0.24232061537191363,2.1326644489406195,0.508169412612915,0.6535511016845703,0.002224197957607919,0.0001858755304774049,0.0009106693139721815,0.12248216674580058
1781864003.0257401,63.218120098114014,rhymes_and_toys,speech_attention_movie,speech_social,1816,1,0.4830691605176864,0.44672060194144153,0.46489488122956396,1,0,0.5064020097255706,0.5987855434417724,-0.010484823776827636,0.2451357646899535,2.5513401039616848,0.5072383731603622,0.6535805761814117,0.0009315058819856504,0.0012926920756222687,0.001297007263973851,0.12192217019432228
1781864003.060587,63.25296688079834,rhymes_and_toys,speech_attention_movie,speech_social,1817,1,0.47372030727884235,0.4692756523953205,0.4714979798370814,1,0,0.5043232798576355,0.6015267789363861,-0.01347035380071612,0.24322567491778502,2.7474248796130056,0.5053282380104065,0.6581054329872131,0.0049115115192885014,0.003980005637302851,0.009620937986867934,0.12403623410568584
1781864003.093559,63.28593897819519,rhymes_and_toys,speech_attention_movie,speech_social,1818,1,0.45241568656195075,0.43037849446600934,0.44139709051398,1,0,0.5026064366102219,0.6049959182739257,-0.012486201746725873,0.2427174805060438,3.1032245570471644,0.5033397972583771,0.6582496464252472,0.0019936634971932763,0.002917848022095225,0.011243093006032975,0.1255386923467839
1781864003.128514,63.32089400291443,rhymes_and_toys,speech_attention_movie,speech_social,1819,1,0.47334421005274263,0.4314126723275755,0.4523784411901591,1,0,0.5018301606178284,0.6085123240947723,-0.005545441775798154,0.24578598124412396,2.884582186653228,0.501518726348877,0.6606941223144531,0.0030482391032097098,0.0010545756060164335,0.0060518770599781915,0.12307699910519092
1781864003.1648252,63.3572051525116,rhymes_and_toys,speech_attention_movie,speech_social,1820,1,0.48072829141989715,0.4278891667268719,0.4543087290733845,1,0,0.50159709751606,0.6112081170082092,-0.002062402245987327,0.24696214598336652,3.33656295931363,0.5006822347640991,0.6627702414989471,0.0022383004801921117,0.0008099386230175981,0.0037032962132022957,0.12304821215023423
1781864003.198604,63.39098405838013,rhymes_and_toys,speech_attention_movie,speech_social,1821,1,0.5091096324772825,0.43883858405015375,0.4739741082637181,1,0,0.5013902664184571,0.611352413892746,-0.004431179399075108,0.25240364409812077,3.414265089096796,0.5006222426891327,0.6623269617557526,0.0004473208912910627,0.001790979588901049,0.001240845132746499,0.12222141132322727
1781864003.231703,63.42408299446106,rhymes_and_toys,speech_attention_movie,speech_social,1822,1,0.5214358769250709,0.4526199403269849,0.48702790862602785,1,0,0.5015364646911621,0.6109573781490325,-0.005859099457861022,0.2480927209069988,3.6998232853393413,0.5007675141096115,0.6632434725761414,0.0009279525146782428,0.0004806316233871802,0.004531671594319914,0.12201645531374412
1781864003.265644,63.45802402496338,rhymes_and_toys,speech_attention_movie,speech_social,1823,1,0.5064412305487376,0.42932198670791005,0.46788160862832384,1,0,0.5015447527170181,0.6100354194641113,-0.007144704559082212,0.24855297215417296,3.2306380969193618,0.5009183287620544,0.6620374619960785,0.0012154038746914762,0.0002874513600132334,0.0011193193719262933,0.12407368803451728
1781864003.3009028,63.49328279495239,rhymes_and_toys,speech_attention_movie,speech_social,1824,1,0.5003037690516736,0.43593471479312607,0.46811924192239984,1,0,0.5014948219060897,0.6082061886787415,-0.00798623291202281,0.24727522989749628,3.550385185950809,0.5008885860443115,0.6604540944099426,0.001583646912062297,0.0003682430373708207,0.007723344097756179,0.12305946601269889
1781864003.334604,63.526983976364136,rhymes_and_toys,speech_attention_movie,speech_social,1825,1,0.5009683910698073,0.45311655118510347,0.47704247112745535,1,0,0.5017344206571579,0.6078081369400024,-0.00697966382074395,0.25031286175070605,4.027472642648755,0.5009146332740784,0.659800797700882,0.0006538157601710341,0.0009298311518912629,0.002848687227865715,0.12193121524636924
1781864003.372779,63.56515884399414,rhymes_and_toys,speech_attention_movie,speech_social,1826,1,0.5134488976516498,0.43808654390593726,0.47576772077879353,1,0,0.5015047401189804,0.6089504003524779,-0.006437823402286975,0.24671809240512993,3.250057624417158,0.5006272494792938,0.6620353758335114,0.002252982218378618,0.0015991664582075838,0.0032735534923380703,0.12220521254296295
1781864003.403324,63.59570384025574,rhymes_and_toys,speech_attention_movie,speech_social,1827,1,0.5018648709058656,0.4388923886502987,0.4703786297780822,1,0,0.5010263800621033,0.6097144365310669,-0.006426255165025668,0.24721334343925822,2.964704056765243,0.5005030035972595,0.6632960140705109,0.0012667461481242872,0.0009862360702543307,0.00539539408745607,0.12195168315352034
1781864003.4394271,63.63180708885193,rhymes_and_toys,speech_attention_movie,speech_social,1828,1,0.49219023595427563,0.44660244417119543,0.46939634006273556,1,0,0.5009213596582412,0.611579829454422,-0.005749367306269834,0.2476487339545712,3.421623020234737,0.5005189925432205,0.6649692952632904,0.0016733575817806149,0.0004066114336563277,0.0010942020140494184,0.12384254751408462
1781864003.47184,63.66421985626221,rhymes_and_toys,speech_attention_movie,speech_social,1829,1,0.5159280692727689,0.43398825494691357,0.4749581621098412,1,0,0.5007313162088394,0.6121448457241059,-0.006720849162606507,0.2468973708339331,3.245684572517124,0.5002103745937347,0.6654214859008789,0.0005474681830640953,0.0011258893987165196,0.0010495311494511787,0.12415832762658632
1781864003.508356,63.7007360458374,rhymes_and_toys,speech_attention_movie,speech_social,1830,1,0.5165789874857178,0.43222425961397143,0.4744016235498446,1,0,0.5008131027221681,0.6113299787044526,-0.006499549266885646,0.2481096265954022,3.3530450347049565,0.5000571310520172,0.6643683016300201,0.0010642747255584153,0.0005168065424943199,0.0027095942035533865,0.12352771081589525
1781864003.542332,63.73471188545227,rhymes_and_toys,speech_attention_movie,speech_social,1831,1,0.5200939959523085,0.438405865841114,0.4792499308967113,1,0,0.5007192194461823,0.6104258000850677,-0.002413866043817264,0.249217010446196,3.558726188255007,0.49978116154670715,0.6633670628070831,0.0010385751529944144,2.569957256400089e-05,0.008413632104132209,0.12360585477875062
1781864003.5756822,63.768062114715576,rhymes_and_toys,speech_attention_movie,speech_social,1832,1,0.5183873087669277,0.42923352607172544,0.4738104174193266,1,0,0.5007903575897217,0.6102611660957336,-0.005174041529235816,0.24922747443301,3.5781486870721055,0.5000705569982529,0.6622439920902252,0.0011597575446786663,0.00012118239168425193,0.005411896094559105,0.12397040066789748
1781864003.612064,63.80444383621216,rhymes_and_toys,speech_attention_movie,speech_social,1833,1,0.5192568631377399,0.43625937701830103,0.47775812007802043,1,0,0.5010466545820236,0.6099062383174896,-0.003915112941330584,0.2480131255394365,3.698458860130239,0.5000637173652649,0.6623110771179199,6.743279261760679e-05,0.0010923247520610595,0.0007869931889349884,0.12383511431138695
1781864003.644881,63.83726096153259,rhymes_and_toys,speech_attention_movie,speech_social,1834,1,0.533105167657558,0.43075488697470066,0.48193002731612933,1,0,0.5008883953094483,0.6103225767612457,-0.002434220318556652,0.24704261323379173,3.05741739871371,0.5001416653394699,0.6627486944198608,0.0004445051064281653,0.00037707231381055854,0.0012905389419110907,0.12373247719600237
1781864003.679064,63.8714439868927,rhymes_and_toys,speech_attention_movie,speech_social,1835,1,0.5299881122478759,0.4341364407457967,0.4820622764968363,1,0,0.5008612990379333,0.610327535867691,-0.0023277797263000534,0.24742962988676379,3.0022864947137924,0.5000342577695847,0.6632680594921112,0.0005303550361241833,8.584992969601802e-05,0.0021840112096283113,0.12200278066772875
1781864003.7144089,63.90678882598877,rhymes_and_toys,speech_attention_movie,speech_social,1836,1,0.5099903226779219,0.4312585924820755,0.4706244575799987,1,0,0.5007238149642944,0.6110040426254273,-0.0032707594768726788,0.24807954521519976,3.615203755027066,0.4999748170375824,0.6635346114635468,0.00027309916531754704,0.0002572558708066363,0.003994439229326149,0.12328292578131753
1781864003.749129,63.94150900840759,rhymes_and_toys,speech_attention_movie,speech_social,1837,1,0.4971480299834451,0.43178812541122097,0.464468077697333,1,0,0.5007901042699814,0.6110242247581482,-0.0009132758051398923,0.24654542531062806,3.6631985780684935,0.4996680021286011,0.6637517213821411,0.00037586181653004796,0.00010276265121250092,0.005672017324674059,0.12380011644757143
1781864003.783581,63.97596096992493,rhymes_and_toys,speech_attention_movie,speech_social,1838,1,0.497283270559887,0.42018703440869604,0.45873515248429153,1,0,0.5006279855966568,0.6106179416179658,-0.0010053066852470515,0.24606478876425122,3.3798162226295725,0.4996010661125183,0.663933515548706,0.0001937254481116863,0.00018213636841836166,0.010217508558729094,0.12361712550657172
1781864003.819145,64.01152491569519,rhymes_and_toys,speech_attention_movie,speech_social,1839,1,0.4982871183449826,0.42885639244628915,0.4635717553956359,1,0,0.50032796561718,0.6108801543712616,-0.004502971751450022,0.24538076603946818,3.166517580725112,0.49983519315719604,0.6642480790615082,0.0003921296681404531,0.00019840422002876678,0.010398029116401248,0.12265518836921796
1781864003.852948,64.04532790184021,rhymes_and_toys,speech_attention_movie,speech_social,1840,1,0.4860623659994977,0.4261775980979089,0.4561199820487033,1,0,0.4967595100402832,0.6128167748451233,-0.00615593413667636,0.24331040416951932,3.235389414037679,0.4997091442346573,0.6646206974983215,0.0003933609415364081,1.2312733959550471e-06,0.006814942855052387,0.12546741049810065
1781864003.885101,64.07748103141785,rhymes_and_toys,speech_attention_movie,speech_social,1841,1,0.5132149844260995,0.4278959435736838,0.4705554639998917,1,0,0.49602437317371373,0.6139397025108337,-0.00574855313957174,0.24305188768482341,2.8713403188462454,0.4993910491466522,0.6656638383865356,0.001090562881120147,0.0006972019395837388,0.006194345629652504,0.12647429859718146
1781864003.921078,64.11345791816711,rhymes_and_toys,speech_attention_movie,speech_social,1842,1,0.5121417940998092,0.43494041532520183,0.47354110471250555,1,0,0.4955270707607269,0.6151707708835602,-0.003395217820953347,0.24357904847238754,2.4848135003988996,0.4989081621170044,0.666530042886734,0.0009917107035653087,9.88521775548382e-05,0.0016764218443912967,0.12893634899470285
1781864003.9552581,64.14763808250427,rhymes_and_toys,speech_attention_movie,speech_social,1843,1,0.5010622680674608,0.44260609489811187,0.47183418148278633,1,0,0.4949943602085114,0.6150415897369385,-0.006841250085264744,0.24500406819713566,3.1889262030071848,0.4988022893667221,0.6657878756523132,0.0007496807607909645,0.0002420299427743442,0.005944025804602018,0.12731058417866897
1781864003.989816,64.18219590187073,rhymes_and_toys,speech_attention_movie,speech_social,1844,1,0.48790357736411916,0.4540892638026728,0.47099642058339597,1,0,0.4950395554304123,0.6148078739643097,-0.0035868589292149967,0.24559843554717267,3.3938397835768987,0.4986358880996704,0.6653072834014893,0.0005085845979072353,0.00024109616288372918,0.006181165890221926,0.12773489696938709
1781864004.025208,64.21758794784546,rhymes_and_toys,speech_attention_movie,speech_social,1845,1,0.46353878541645,0.43369926390925895,0.44861902466285447,1,0,0.49654031097888945,0.612958574295044,-0.0042786610035574985,0.24717455712647665,3.179188017524889,0.49875521659851074,0.6654856204986572,0.00021457728412342404,0.00029400731378381126,0.004202953417093652,0.1269074938363285
1781864004.058177,64.25055694580078,rhymes_and_toys,speech_attention_movie,speech_social,1846,1,0.4711310041378145,0.42177826802253277,0.44645463608017366,1,0,0.4987076073884964,0.6109238982200622,-0.004660091897933516,0.24639011579696612,2.9869455472859876,0.4986725002527237,0.6648837924003601,0.0006074858465514151,0.00039290856242799103,0.002078452802298196,0.12451562211504445
1781864004.092182,64.2845618724823,rhymes_and_toys,speech_attention_movie,speech_social,1847,1,0.4614309345834402,0.4243398867370183,0.44288541066022924,1,0,0.498844587802887,0.6101397752761841,-0.0033474039633002075,0.24746718659251468,3.26552294488758,0.4984949827194214,0.6638192236423492,0.0010792678607104585,0.0004717820141590434,0.0010303696848636531,0.1241196072670384
1781864004.126951,64.31933093070984,rhymes_and_toys,speech_attention_movie,speech_social,1848,1,0.4762055961476954,0.42494756361012376,0.4505765798789096,1,0,0.49889948070049284,0.6104515135288238,-0.0052514763466878275,0.24656929226677718,3.337567265593837,0.4988619238138199,0.6640531718730927,0.0004351752996510013,0.0006440925610594571,0.0035855117643611954,0.12362579782920165
1781864004.162336,64.35471606254578,rhymes_and_toys,speech_attention_movie,speech_social,1849,1,0.48921120316580824,0.4340548678070064,0.46163303548640733,1,0,0.4989561557769775,0.610892367362976,-0.0036111112935268406,0.2436561347259611,3.323692739067184,0.4983982890844345,0.6648492217063904,0.0009212233710591551,0.00048604807140815374,0.0028215227793064283,0.12285902231086353
1781864004.1948428,64.38722276687622,rhymes_and_toys,speech_attention_movie,speech_social,1850,1,0.500802672561044,0.4266235279995495,0.4637131002802968,1,0,0.4990202307701111,0.6108772873878479,-0.002515687991534089,0.2453246179963156,3.2059224705388876,0.4982335865497589,0.6647078692913055,0.00021704246169559354,0.0007041809093635616,0.0022973923903260997,0.12310667647099234
1781864004.23181,64.42419004440308,rhymes_and_toys,speech_attention_movie,speech_social,1851,1,0.4971860922637087,0.4392574111735161,0.46822175171861236,1,0,0.4989265829324722,0.61149662733078,-0.0020814753876670787,0.2447249514605003,2.7250714811078565,0.4979124814271927,0.6649263203144073,0.0003883675439998755,0.00017132508230428196,0.0027164004794565455,0.1226469728070495
1781864004.2654562,64.45783615112305,rhymes_and_toys,speech_attention_movie,speech_social,1852,1,0.5124050017345455,0.4350399007287984,0.47372245123167195,1,0,0.49860299229621885,0.6114347577095032,-0.004917448051600568,0.24600915368933285,2.1319693586442594,0.49789825081825256,0.6639816164970398,0.0009448109931513472,0.0005564434491514717,0.0022970769927482693,0.12194451370090127
1781864004.298155,64.49053502082825,rhymes_and_toys,speech_attention_movie,speech_social,1853,1,0.5014754105632052,0.4350331583294344,0.4682542844463198,1,0,0.4984675288200378,0.6111237227916717,-0.0037710753390766856,0.24726370091539995,2.068204459640279,0.49780504405498505,0.6638630628585815,0.0001508060539583769,0.0007940049391929703,0.0015181338548790327,0.12208459830254342
1781864004.3346791,64.52705907821655,rhymes_and_toys,speech_attention_movie,speech_social,1854,1,0.49186788931765874,0.4429307298820903,0.4673993095998745,1,0,0.49845075309276576,0.6111714541912079,-0.004854682711162664,0.24739416325101993,2.2940180311471585,0.4980023205280304,0.6647066175937653,0.0008663155303168016,0.0007155094763584247,0.0035229575501208995,0.12205466382670697
1781864004.3686569,64.56103682518005,rhymes_and_toys,speech_attention_movie,speech_social,1855,1,0.4974145301008258,0.4448744898781834,0.47114450998950463,1,0,0.4983680725097656,0.6115439057350158,-0.004129121677941712,0.2466453658909853,2.311316017984259,0.4979318231344223,0.6647181510925293,7.143461415360552e-05,0.0007948809161631961,0.0008673687326779087,0.12275261420489401
1781864004.401377,64.5937569141388,rhymes_and_toys,speech_attention_movie,speech_social,1856,1,0.499503665021378,0.4414782647525144,0.4704909648869462,1,0,0.49836493134498594,0.6119023084640502,-0.0072618539173713815,0.2479315280507014,2.820181607647401,0.49807241559028625,0.6646477282047272,0.00015724382904345728,8.580921488985177e-05,0.001134276208335407,0.12295923489071461
1781864004.437356,64.62973594665527,rhymes_and_toys,speech_attention_movie,speech_social,1857,1,0.4979745440957754,0.4387421922291262,0.4683583681624508,1,0,0.49847041070461273,0.6119256794452668,-0.006916677546977524,0.24866485284870263,2.702869860586476,0.49783989787101746,0.6641339063644409,0.0005639834867521544,0.0004067396577086971,0.0009227623134660952,0.12291918633583733
1781864004.4719439,64.6643238067627,rhymes_and_toys,speech_attention_movie,speech_social,1858,1,0.5010053950078276,0.43491515259702396,0.4679602738024258,1,0,0.4985740691423416,0.6119648814201355,-0.005873138626739679,0.24993050272380224,2.4451105406711005,0.4977896511554718,0.6640336811542511,0.00011211523170702258,0.00045186825504513184,0.000865134182715961,0.1235364348551511
1781864004.50569,64.69807004928589,rhymes_and_toys,speech_attention_movie,speech_social,1859,1,0.5080386291052927,0.437188517256263,0.4726135731807779,1,0,0.4983697056770325,0.6122973322868347,-0.0028447194167845343,0.24877528068397126,2.9166949688464254,0.49746543169021606,0.6649976968765259,0.0010170764840677826,0.00090496125236076,0.003066807571223638,0.12317868995205654
1781864004.5409799,64.73335981369019,rhymes_and_toys,speech_attention_movie,speech_social,1860,1,0.5238008991780195,0.42887978365744356,0.4763403414177315,1,0,0.4982288062572479,0.6121914207935333,-0.005211139763153527,0.24967370028545274,2.211146414069838,0.4976653754711151,0.6643452346324921,0.00068241079666858,0.0003346656873992026,0.004693887086473866,0.12273971864460999
1781864004.574336,64.76671600341797,rhymes_and_toys,speech_attention_movie,speech_social,1861,1,0.516578911767225,0.4470573956078483,0.48181815368753667,1,0,0.49812836647033687,0.6124228715896607,-0.004228644909050053,0.2468336739531707,2.1956398528203542,0.4975847899913788,0.665364533662796,0.0010224796001500065,0.0003400688034814265,0.0010121978359626492,0.12296396415497726
1781864004.608236,64.80061602592468,rhymes_and_toys,speech_attention_movie,speech_social,1862,1,0.5155653928032895,0.44985161443659905,0.4827085036199443,1,0,0.4982877790927887,0.6122978329658508,-0.007056929566831167,0.24834943192356085,2.7786284469027227,0.4978834092617035,0.6651349663734436,0.00037666246023446083,0.0006458171399155456,0.001202667946252557,0.12274764320234309
1781864004.644587,64.83696699142456,rhymes_and_toys,speech_attention_movie,speech_social,1863,1,0.5100121758313949,0.4440981778976159,0.4770551768645054,1,0,0.498635259270668,0.6145618617534637,-0.0057290033243599355,0.24603469103622683,2.6462060199584676,0.4977771043777466,0.6663437485694885,0.0012134476197299478,0.000836785159495487,0.0014902003713907987,0.12610932482265097
1781864004.678305,64.87068486213684,rhymes_and_toys,speech_attention_movie,speech_social,1864,1,0.4911331505516148,0.4459364306776988,0.4685347906146568,1,0,0.498550146818161,0.6146648645401,-0.003711976993730763,0.24744224232147066,2.9125026175218176,0.49787093698978424,0.6659865081310272,0.00036935794286008564,0.0008440896768698621,0.001681395146163227,0.12660899505876613
1781864004.7124858,64.90486574172974,rhymes_and_toys,speech_attention_movie,speech_social,1865,1,0.4949774356924054,0.429646565373837,0.46231200053312116,1,0,0.49880427718162534,0.6150527358055115,-0.0033808006965703155,0.24639244430976873,2.4101315323924193,0.4976288974285126,0.6672007143497467,0.00123809526725436,0.0008687373243942743,0.0010432915903064274,0.127694490117254
1781864004.747287,64.93966698646545,rhymes_and_toys,speech_attention_movie,speech_social,1866,1,0.47041317278315375,0.42532520299510385,0.4478691878891288,1,0,0.4989543050527573,0.6147255301475525,-0.0005959309847862257,0.24601829352841637,2.800663062444141,0.4976080060005188,0.6667354702949524,0.00046571287536965455,0.0007723823918847054,0.0007482503961710016,0.12850990247696376
1781864004.7819688,64.97434878349304,rhymes_and_toys,speech_attention_movie,speech_social,1867,1,0.4726216398604224,0.42414777032220063,0.4483847050913115,1,0,0.49893454015254973,0.6145112097263337,-0.0014918848707451277,0.24688381580939026,2.874206718621499,0.4977504312992096,0.6659741103649139,0.0007745669169124894,0.0003088540415428348,0.002297729361135845,0.12835262207438566
1781864004.816695,65.00907492637634,rhymes_and_toys,speech_attention_movie,speech_social,1868,1,0.47909280962941203,0.44211284100443243,0.4606028253169222,1,0,0.4987940520048142,0.6146245896816254,-0.0016098309974726032,0.24600278271023934,3.06177123296603,0.49783486127853394,0.6666545271873474,0.0006856350878267325,8.893182908575686e-05,0.004676305950261977,0.12886644627090574
1781864004.85082,65.04320001602173,rhymes_and_toys,speech_attention_movie,speech_social,1869,1,0.48696581976418407,0.42101149789490006,0.4539886588295421,1,0,0.498767352104187,0.61393101811409,-0.004065377847493449,0.24706329802941168,2.58378194161365,0.49785691499710083,0.6657897233963013,0.0008650849458350365,0.00017944985800830398,0.005112987142305312,0.12781115843114704
1781864004.88429,65.07666993141174,rhymes_and_toys,speech_attention_movie,speech_social,1870,1,0.4712382874830044,0.4245743367667773,0.44790631212489085,1,0,0.4986071288585663,0.6126206040382385,-0.005129425067559625,0.24802809835871287,2.500715944270149,0.4978639781475067,0.6646950244903564,0.0010947216919246878,0.0002296367460896513,0.005882904717151549,0.1261313493998657
1781864004.9194071,65.11178708076477,rhymes_and_toys,speech_attention_movie,speech_social,1871,1,0.4932010469490066,0.4278894131275965,0.46054523003830156,1,0,0.49854086339473724,0.6122204780578613,-0.005905394255209381,0.24845338402120729,2.667962698624398,0.49785467982292175,0.6640284061431885,0.0006666831928442788,0.000428038499080409,0.0045814926543874595,0.12503701565475572
1781864004.9540539,65.14643383026123,rhymes_and_toys,speech_attention_movie,speech_social,1872,1,0.4855425684500407,0.4324426336384021,0.45899260104422135,1,0,0.4984470188617706,0.6117721736431122,-0.004598598918608239,0.2487319351279584,2.252984998139347,0.4978247880935669,0.6641268134117126,0.00010284700278672289,0.0005638361900575559,0.00767793747612868,0.12415688331328303
1781864004.987309,65.17968893051147,rhymes_and_toys,speech_attention_movie,speech_social,1873,1,0.4896241094045753,0.4478601116852237,0.4687421105448995,1,0,0.49838459491729736,0.6116831541061402,-0.005064401293900525,0.25059920405686265,2.3931872931779656,0.49780112504959106,0.6641395390033722,2.686783082587004e-05,7.597917196085285e-05,0.008053302762897467,0.12372849738302451
1781864005.022282,65.21466183662415,rhymes_and_toys,speech_attention_movie,speech_social,1874,1,0.4848755054918926,0.44442369712822993,0.4646496013100613,1,0,0.4983039855957031,0.6111143589019775,-0.004531506999371183,0.24990739744339122,2.3721726928645483,0.49775370955467224,0.6643518805503845,0.00021757104988023136,0.0001907032190543613,0.0072631964135327996,0.12282308995431858
1781864005.057321,65.2497010231018,rhymes_and_toys,speech_attention_movie,speech_social,1875,1,0.4936959595286604,0.4279943200232303,0.4608451397759453,1,0,0.49830169379711153,0.6108666718006134,-0.003621956706039654,0.2505443448046101,2.237088624323971,0.4979149401187897,0.6638849079608917,0.0004940229692466073,0.000276451919366376,0.005284403230495567,0.12367741973614649
1781864005.091371,65.28375101089478,rhymes_and_toys,speech_attention_movie,speech_social,1876,1,0.48739821529744687,0.43268195716183866,0.46004008622964276,1,0,0.4985490947961807,0.6115218698978424,-0.0008928199508997262,0.24707332098739648,2.5294332665610026,0.49777522683143616,0.6650784015655518,0.001201643369318671,0.0007076204000720636,0.0022884690846598004,0.12404544993460004
1781864005.127798,65.32017803192139,rhymes_and_toys,speech_attention_movie,speech_social,1877,1,0.4842799575202405,0.44512277842488696,0.46470136797256373,1,0,0.498391729593277,0.61129709482193,-0.0017245443940446415,0.2479829118280012,2.5794239557860132,0.497678741812706,0.6647574603557587,0.00033513074908580494,0.000866512620232866,0.0005825632774034637,0.12293536993607058
1781864005.161132,65.35351204872131,rhymes_and_toys,speech_attention_movie,speech_social,1878,1,0.5065762241690294,0.4329622383777484,0.4697692312733889,1,0,0.4983338207006454,0.6117462098598481,-0.003883701235485204,0.24838554361876747,2.7229180933499166,0.49770431220531464,0.6646817326545715,7.992827850797205e-05,0.0002552024705778329,0.0008609733974568592,0.12351993792390585
1781864005.1948311,65.38721108436584,rhymes_and_toys,speech_attention_movie,speech_social,1879,1,0.48615402734924557,0.42656004714683243,0.456357037248039,1,0,0.49841610789299007,0.6121427476406097,-0.003634472438287086,0.24739976757329382,2.331304576325284,0.4978078305721283,0.6641925871372223,0.0004999793889858122,0.00042005111047784015,0.003745735169968777,0.12397085048888352
1781864005.229077,65.42145705223083,rhymes_and_toys,speech_attention_movie,speech_social,1880,1,0.4919961992745549,0.42811355847605315,0.46005487887530405,1,0,0.49849653840065006,0.6121329247951508,-0.0056530621444889784,0.2480554252361973,2.641627887305721,0.497906357049942,0.6650508344173431,0.0008638841708615882,0.000363904781875776,0.004759798444487665,0.1236167706259313
1781864005.2628129,65.45519280433655,rhymes_and_toys,speech_attention_movie,speech_social,1881,1,0.506524290820325,0.4293237496418369,0.46792402023108093,1,0,0.49859867095947263,0.6121074736118317,-0.004387993421383485,0.24769550327812537,2.6060734659898834,0.49803127348423004,0.6645982563495636,0.00046950082320513267,0.00039438334765645554,0.00094506122442559,0.12298199211683591
1781864005.297921,65.49030089378357,rhymes_and_toys,speech_attention_movie,speech_social,1882,1,0.4987335589425616,0.4423531222623942,0.47054334060247793,1,0,0.4988869607448578,0.6118320524692535,-0.00296961341998569,0.24916216287727608,2.5686019847377968,0.49846917390823364,0.6643671095371246,0.0004951622261877693,2.5661402982636637e-05,0.003932368687801279,0.12280968452259602
1781864005.33377,65.52614998817444,rhymes_and_toys,speech_attention_movie,speech_social,1883,1,0.5043306664909668,0.450730679467476,0.4775306729792214,1,0,0.4989990711212158,0.6119308710098267,-0.001101374283139432,0.24858092529968784,2.893814371363462,0.4984120726585388,0.6643449068069458,6.126592808490479e-05,0.0004338962981028645,0.004282108221758366,0.1229865269803887
1781864005.3669388,65.55931878089905,rhymes_and_toys,speech_attention_movie,speech_social,1884,1,0.5095596660266549,0.4417000048565127,0.47562983544158377,1,0,0.4991520017385483,0.6120677590370178,-0.0029930415446041384,0.24788586745922797,2.602793566853432,0.4984506219625473,0.6640040576457977,0.0003430221559824997,0.0002817562278975949,0.000986378684432557,0.12332668384355061
1781864005.401332,65.59371185302734,rhymes_and_toys,speech_attention_movie,speech_social,1885,1,0.5009500643818527,0.45205002534178146,0.4765000448618171,1,0,0.49933952689170835,0.6119689643383026,-0.0031784495502980427,0.24972824162354249,2.7977813056279617,0.49857495725154877,0.6641971170902252,0.00022963277896182195,0.00011338937702067776,0.002751863744116902,0.12210069326991865
1781864005.436651,65.62903094291687,rhymes_and_toys,speech_attention_movie,speech_social,1886,1,0.4965130989638555,0.45382202373181785,0.47516756134783666,1,0,0.499452817440033,0.6117528319358826,-0.0009161704626511989,0.2496490580646382,2.511607223071452,0.4986855983734131,0.6642362475395203,0.00011735693379356441,0.00011227584516825754,0.00225655189518092,0.12259084771864832
1781864005.470582,65.66296195983887,rhymes_and_toys,speech_attention_movie,speech_social,1887,1,0.49546288596433063,0.4571325255527738,0.47629770575855224,1,0,0.49944995641708373,0.6117948114871978,0.0010406160305632243,0.24822634240721222,2.7826064953044827,0.4984714984893799,0.6647964119911194,0.000599685728676592,0.00048232879488302764,0.0013626850231885925,0.122288246958444
1781864005.505148,65.69752788543701,rhymes_and_toys,speech_attention_movie,speech_social,1888,1,0.4900980891659316,0.45725249032001064,0.47367528974297113,1,0,0.4994079828262329,0.6118415892124176,0.0033724809337730088,0.24925148578356562,2.890896967257406,0.4983942210674286,0.6648679673671722,0.0001053184304170169,0.0004943672982595751,0.004522727800028817,0.12210882618286492
1781864005.539778,65.73215794563293,rhymes_and_toys,speech_attention_movie,speech_social,1889,1,0.48506721783776363,0.4463719148165791,0.4657195663271714,1,0,0.49939330816268923,0.6116891324520111,0.0008012768541342934,0.2494115662357197,2.60935742256956,0.49863776564598083,0.6645998954772949,0.0003621829646526584,0.0002568645342356415,0.00692837523584096,0.12322706938367352
1781864005.5724092,65.76478910446167,rhymes_and_toys,speech_attention_movie,speech_social,1890,1,0.48731924508799457,0.4498645396267027,0.46859189235734866,1,0,0.49941204488277435,0.6112181782722473,-0.000817860841366292,0.24687115654515754,2.401823064212536,0.4986516088247299,0.6650767028331757,0.00047700826850261116,0.00011482530384995278,0.006687399002560415,0.12264999499526677
1781864005.608574,65.80095386505127,rhymes_and_toys,speech_attention_movie,speech_social,1891,1,0.48374357976049215,0.4508081393585125,0.46727585955950235,1,0,0.4995305418968201,0.6110215365886689,-0.00018872350868127903,0.2487846676145641,2.5775625516326093,0.4986938238143921,0.6648604571819305,0.00022032768104485195,0.0002566805874577592,0.007248385039229068,0.12328498899422859
1781864005.6427991,65.83517909049988,rhymes_and_toys,speech_attention_movie,speech_social,1892,1,0.4863531447113057,0.4482407561071287,0.4672969504092172,1,0,0.49965434074401854,0.6109118640422821,-0.00202674375576597,0.24809396492531355,2.5979759357309753,0.49893932044506073,0.6647796034812927,0.00025846840537381837,3.814072432896642e-05,0.006775016256350004,0.12262672828482685
1781864005.6754591,65.86783909797668,rhymes_and_toys,speech_attention_movie,speech_social,1893,1,0.49249352680380026,0.4442622643560711,0.4683778955799357,1,0,0.49998890161514287,0.6111358821392059,-0.0022944531428065905,0.24917933434984274,2.8484708316955456,0.4991195350885391,0.6648174822330475,0.0001841524302270901,7.431597514672827e-05,0.006117809443695949,0.12238253846090721
1781864005.711612,65.90399193763733,rhymes_and_toys,speech_attention_movie,speech_social,1894,1,0.49757907647704575,0.4429006559260092,0.47023986620152747,1,0,0.4998666733503342,0.6111135005950927,-0.0005386730963075158,0.24698972901333346,2.616356541272391,0.49903734028339386,0.6650176048278809,0.00021634472250487333,3.219229227778323e-05,0.00425990934931079,0.1219412053939069
1781864005.745895,65.93827486038208,rhymes_and_toys,speech_attention_movie,speech_social,1895,1,0.4836701290882228,0.44229560014381303,0.4629828646160179,1,0,0.4997857868671417,0.6112974047660829,-0.0005180266741781585,0.24815411626393769,3.068030098225576,0.4987369179725647,0.6644563376903534,0.0006366116276916478,0.00042026690518677447,0.0029049432227291616,0.12327685223654158
1781864005.779273,65.97165298461914,rhymes_and_toys,speech_attention_movie,speech_social,1896,1,0.48480607684392385,0.44088687278565475,0.4628464748147893,1,0,0.4997391313314438,0.6111313223838806,0.0016438740819465982,0.24920125589219635,3.509030671743655,0.4987128674983978,0.6636177003383636,0.0008389821413236545,0.00020237051363200672,0.001504750215671428,0.12292749715425187
1781864005.815425,66.00780487060547,rhymes_and_toys,speech_attention_movie,speech_social,1897,1,0.4976516701098057,0.4447296867023802,0.47119067840609297,1,0,0.4995602905750275,0.6116109430789948,-0.0005158927639843471,0.24730460393351075,3.147994161097176,0.498941034078598,0.6644178032875061,0.0008320004312178617,6.9817101057928314e-06,0.003012663305521059,0.12371490221181383
1781864005.8486998,66.04107975959778,rhymes_and_toys,speech_attention_movie,speech_social,1898,1,0.5031655463110164,0.4394609691787069,0.47131325774486166,1,0,0.4994372457265854,0.6121533691883088,-0.0022211562204760673,0.24648856544392098,2.529902877159336,0.4986911416053772,0.6645136475563049,0.0002676422463550978,0.0005643581848627639,0.004448656481300159,0.124432212619136
1781864005.8854852,66.07786512374878,rhymes_and_toys,speech_attention_movie,speech_social,1899,1,0.48121348405553505,0.43543029349395423,0.45832188877474467,1,0,0.4993650376796722,0.6118896663188934,0.0017633010363995547,0.24750872623692066,2.7821652309246097,0.49827367067337036,0.6647663712501526,0.0004880074225897185,0.00022036517623462074,0.003452518251177767,0.12344209375498393
1781864005.917928,66.11030793190002,rhymes_and_toys,speech_attention_movie,speech_social,1900,1,0.4669848270822056,0.43612472078224207,0.4515547739322239,1,0,0.49940194487571715,0.6116035759449006,0.0012303615398949496,0.24967429169395403,2.8912273226542435,0.4982137680053711,0.6643612682819366,0.00040950792970441646,7.849949288530207e-05,0.0035521478635407847,0.12355910109251232
1781864005.953525,66.14590501785278,rhymes_and_toys,speech_attention_movie,speech_social,1901,1,0.48354861960063006,0.4352041348769239,0.459376377238777,1,0,0.49945602715015414,0.6114049673080444,0.0010835886436956958,0.24846033925197805,2.9382604263522016,0.49820858240127563,0.6645699739456177,0.00020877007578284335,0.0002007378539215731,0.005651657077600116,0.12366947183701447
1781864005.986466,66.17884588241577,rhymes_and_toys,speech_attention_movie,speech_social,1902,1,0.4874820749816028,0.4408793035129455,0.4641806892472742,1,0,0.49945967495441435,0.6113862872123719,0.0012919290692612964,0.24860189272352382,2.9337634238970325,0.4984060674905777,0.664323627948761,0.00031573202350087935,0.000106961947718036,0.004579026327465585,0.1243781425771906
1781864006.0217862,66.2141661643982,rhymes_and_toys,speech_attention_movie,speech_social,1903,1,0.5040209754916903,0.45715868045846053,0.48058982797507543,1,0,0.49945712089538574,0.611227136850357,0.0020213933286849844,0.24793331310694472,2.9105989017265994,0.4985595643520355,0.6639823615550995,0.0003741978593206111,5.8465835819731735e-05,0.005503601194112116,0.12354907881922172
1781864006.055572,66.24795198440552,rhymes_and_toys,speech_attention_movie,speech_social,1904,1,0.4901690428328507,0.45974948649243486,0.47495926466264277,1,0,0.49935500919818876,0.6111374139785767,-0.0006370748775495078,0.25031924365211217,2.740059612426608,0.49865880608558655,0.6640845239162445,0.0001424291743742767,0.00023176868494633439,0.003962377844885884,0.12304384318175582
1781864006.0903292,66.2827091217041,rhymes_and_toys,speech_attention_movie,speech_social,1905,1,0.503284969756106,0.4506192049921036,0.4769520873741048,1,0,0.49947556555271144,0.6109835386276246,-0.0003715661578312205,0.2514875665416249,2.8769037719806905,0.49859818816185,0.6638373136520386,0.00025453378441161773,0.00011210461003734103,0.003962083164406062,0.12258377557441492
1781864006.1244748,66.31685471534729,rhymes_and_toys,speech_attention_movie,speech_social,1906,1,0.49033512371952803,0.4485456840147642,0.46944040386714614,1,0,0.4993632763624191,0.6112912476062775,-0.00016965476725915818,0.24991039779385346,2.4079658288369483,0.4986313134431839,0.6642464399337769,0.00041046510043174565,0.00015593131602012792,0.00857385844329912,0.12351495892232901
1781864006.15929,66.35167002677917,rhymes_and_toys,speech_attention_movie,speech_social,1907,1,0.4958383144425925,0.4578560498147141,0.4768471821286533,1,0,0.49934624731540683,0.6113935172557831,-0.0008811000659700965,0.2484839222580599,2.634974823313222,0.49853411316871643,0.6645207405090332,0.0002910132281229058,0.00011945187230883987,0.005359125334422191,0.1229059032093439
1781864006.192226,66.384605884552,rhymes_and_toys,speech_attention_movie,speech_social,1908,1,0.4815815506751023,0.45938541982362346,0.4704834852493629,1,0,0.49914008677005767,0.6114656090736389,0.0021433232635352513,0.25010246956856663,2.543501241775053,0.49844275414943695,0.6639034152030945,0.0006240488793003666,0.0003330356511774608,0.004168785281104919,0.12354990147069568
1781864006.228071,66.42045092582703,rhymes_and_toys,speech_attention_movie,speech_social,1909,1,0.48527218232466024,0.446547255332183,0.4659097188284216,1,0,0.49926943182945255,0.611441832780838,0.002560501732267696,0.2496979218502773,3.2443030943581808,0.4982718378305435,0.6635742485523224,0.00037089496093179765,0.0002531539183685689,0.0043648944501984924,0.12455400117107672
1781864006.2628741,66.45525407791138,rhymes_and_toys,speech_attention_movie,speech_social,1910,1,0.47932915504862383,0.44455231356744423,0.46194073430803406,1,0,0.499355012178421,0.6113284766674042,0.003716521089325262,0.249564963573871,3.4439046870405967,0.4980532079935074,0.6635434329509735,0.0002207908669509201,0.00015010409398087755,0.003589266620006329,0.12509822938993187
1781864006.295899,66.48827886581421,rhymes_and_toys,speech_attention_movie,speech_social,1911,1,0.48983856296515876,0.4452795583713191,0.46755906066823893,1,0,0.4991469532251358,0.6109410464763642,0.0018391781697180056,0.2469772965649617,2.687416384664878,0.4980594962835312,0.6634864509105682,5.732796455632874e-05,0.00016346290239459136,0.006902116376799207,0.12297950131443892
1781864006.331441,66.5238208770752,rhymes_and_toys,speech_attention_movie,speech_social,1912,1,0.472747748531914,0.45633103535491726,0.46453939194341565,1,0,0.4988728702068329,0.6105131864547729,0.00258218597105167,0.2460140976462105,2.3713712218047944,0.49797165393829346,0.6635102927684784,9.102039225070921e-05,3.3692427694380476e-05,0.012682096222371006,0.12265139088132379
1781864006.3659048,66.55828475952148,rhymes_and_toys,speech_attention_movie,speech_social,1913,1,0.4844400320754861,0.46129677907700767,0.4728684055762469,1,0,0.49881182610988617,0.6108803689479828,-0.0008441825840629337,0.24701521103711283,2.1567459981572967,0.49814389646053314,0.663579523563385,0.00018563509751900464,9.461470526829542e-05,0.010381509415979946,0.12263163005470011
1781864006.4018402,66.59422016143799,rhymes_and_toys,speech_attention_movie,speech_social,1914,1,0.5024711579046044,0.45094339994847793,0.4767072789265412,1,0,0.4989093333482742,0.6101851999759673,-0.0022915802779413367,0.24946383601540684,2.391908526286764,0.49811580777168274,0.6631885468959808,0.0003919843477688994,0.00020634925024989477,0.009616900570044985,0.12221207623162308
1781864006.4347048,66.62708473205566,rhymes_and_toys,speech_attention_movie,speech_social,1915,1,0.49080218626637007,0.4477125121947847,0.4692573492305774,1,0,0.49892045855522155,0.6103648483753205,0.003549329409075568,0.24968523214115748,2.541399045674739,0.49766451120376587,0.6629045009613037,0.000533245426815971,0.00014126107904707162,0.005094267916269091,0.12298398762899372
1781864006.467453,66.65983295440674,rhymes_and_toys,speech_attention_movie,speech_social,1916,1,0.4721385697498472,0.43254295921709646,0.4523407644834718,1,0,0.4988021105527878,0.6099422097206115,-0.0009154770562855157,0.25026279656293177,2.2227023075156254,0.4980458915233612,0.6627836525440216,0.0004000691041985509,0.00013317632261742012,0.006397696095943988,0.12298288526811565
1781864006.503217,66.69559693336487,rhymes_and_toys,speech_attention_movie,speech_social,1917,1,0.48245037119676376,0.440326972969063,0.46138867208291334,1,0,0.49867351055145265,0.6099798262119294,-0.0013085048006508024,0.24969708181018047,2.0720976106403817,0.49811534583568573,0.6627836227416992,6.945431871849969e-05,0.00033061478548005124,0.0023805081855984797,0.12290784335168058
1781864006.537029,66.7294089794159,rhymes_and_toys,speech_attention_movie,speech_social,1918,1,0.4757072518055409,0.4504113030756606,0.4630592774406007,1,0,0.4987297564744949,0.6103752017021179,-0.003204029164552168,0.24917747973852175,2.7944366156958615,0.49823197722435,0.6640098690986633,0.0012317804223113409,0.001162326103592841,0.0029925407116644254,0.12384687353136721
1781864006.571485,66.76386499404907,rhymes_and_toys,speech_attention_movie,speech_social,1919,1,0.4944398695165992,0.42922146035940983,0.4618306649380045,1,0,0.4987798303365707,0.6098598957061767,-0.0017175060834267789,0.248394096290154,2.4087097201785475,0.4983046054840088,0.6620582342147827,0.001952985812565153,0.0007212053902538121,0.004610580215489527,0.1236190028088812
1781864006.6066089,66.79898881912231,rhymes_and_toys,speech_attention_movie,speech_social,1920,1,0.5136828378113958,0.4439913192159598,0.4788370785136778,1,0,0.49862115979194643,0.6107016563415528,-0.004209719911070426,0.24756562104308227,2.6723479519672235,0.49825340509414673,0.6633523106575012,0.001295088923402949,0.000657896889162204,0.005161135212686554,0.12429259833803905
1781864006.641571,66.83395099639893,rhymes_and_toys,speech_attention_movie,speech_social,1921,1,0.5095124270488087,0.4483480663155107,0.4789302466821597,1,0,0.49872275590896603,0.6109655678272248,-0.0024889257242879845,0.248585440428974,2.683853195323188,0.4982362985610962,0.6638185083866119,0.0004665114747795592,0.0008285774486233898,0.0031828703357933306,0.12335136776202875
1781864006.674314,66.86669397354126,rhymes_and_toys,speech_attention_movie,speech_social,1922,1,0.49800381132054067,0.44379797444380803,0.47090089288217435,1,0,0.49853065311908723,0.6118460774421692,-0.0018699928363079949,0.24834904970942437,2.560125784599003,0.49810825288295746,0.664214015007019,0.0004157176715943856,5.079380318517363e-05,0.014673277176470854,0.1249131697044058
1781864006.708875,66.90125489234924,rhymes_and_toys,speech_attention_movie,speech_social,1923,1,0.5054280632882768,0.45335329633664667,0.47939067981246175,1,0,0.4982037961483002,0.6126178503036499,-0.0009800785173291265,0.2479484787242192,1.8051712329838947,0.49798357486724854,0.6653639078140259,0.001156632212592739,0.0007409145409983535,0.015483407664102694,0.12464275369606861
1781864006.743895,66.93627500534058,rhymes_and_toys,speech_attention_movie,speech_social,1924,1,0.5097352845033795,0.4466946298526471,0.47821495717801327,1,0,0.4980615556240082,0.6132134020328521,-0.0008609502580682509,0.2506294885145055,2.2202867790226533,0.49765270948410034,0.6654351949691772,0.00033845791504317916,0.0008181742975495599,0.007787426751424684,0.12472851119384214
1781864006.781047,66.97342705726624,rhymes_and_toys,speech_attention_movie,speech_social,1925,1,0.5148305778677668,0.4451181500887488,0.47997436397825777,1,0,0.4979427188634873,0.6134286880493165,-0.00011211877950382176,0.25044458256338553,2.3231003840338382,0.497160866856575,0.6654437184333801,0.0004919164763382478,0.00015345856129506867,0.00652801402403235,0.12352098282243644
1781864006.813719,67.006098985672,rhymes_and_toys,speech_attention_movie,speech_social,1926,1,0.5170893426262188,0.42771656769098737,0.4724029551586031,1,0,0.49753952622413633,0.6133005380630494,0.00010586254842815852,0.24969494806764214,2.1945586945784683,0.49684640765190125,0.6655662655830383,0.00033749428927525303,0.0001544221870629948,0.007020469479942997,0.12402540099141657
1781864006.847787,67.0401668548584,rhymes_and_toys,speech_attention_movie,speech_social,1927,1,0.49206610244984894,0.4362625870668749,0.4641643447583619,1,0,0.497150582075119,0.6135160028934479,0.0027441007470891633,0.2510180250497217,2.3742483388046223,0.4961611032485962,0.6660370826721191,0.0008314510548191178,0.0004939567655438647,0.0009843625725061366,0.12452546458016749
1781864006.8809988,67.07337880134583,rhymes_and_toys,speech_attention_movie,speech_social,1928,1,0.49014337371910155,0.4450252885157474,0.4675843311174245,1,0,0.4967144191265106,0.613576877117157,0.004227680609683955,0.2510846589232777,2.2717522244468746,0.49551810324192047,0.6654234826564789,0.0008887935574579184,5.734250263880064e-05,0.00142762598719868,0.12391987298718973
1781864006.9168482,67.10922813415527,rhymes_and_toys,speech_attention_movie,speech_social,1929,1,0.4648058286984575,0.43527243244718455,0.450039130572821,1,0,0.4961547464132309,0.613877785205841,0.002658606968593736,0.2529387436831112,1.869014478659333,0.4952925741672516,0.6661072969436646,0.000720045375570351,0.00016874818188756743,0.0032846806088059587,0.12523319593042417
1781864006.950955,67.14333486557007,rhymes_and_toys,speech_attention_movie,speech_social,1930,1,0.46081111143059006,0.44093883586452387,0.45087497364755696,1,0,0.4958104252815247,0.6140569806098939,-4.42282462638089e-06,0.2530235271320061,2.060493059653658,0.4955451190471649,0.6659667491912842,0.0002890200461380013,0.00043102532943234965,0.0016952300108928138,0.12510148137567456
1781864006.9865332,67.17891311645508,rhymes_and_toys,speech_attention_movie,speech_social,1931,1,0.4857965399392921,0.4472659450992279,0.46653124251926004,1,0,0.49606934487819676,0.6136857032775879,-0.0023922588655349887,0.25118524120873115,2.2967622565098362,0.4956066310405731,0.6656897664070129,0.000283730837442283,5.289208695718323e-06,0.005495637149199418,0.12425839030302137
1781864007.019777,67.2121570110321,rhymes_and_toys,speech_attention_movie,speech_social,1932,1,0.48660857218803955,0.4404948931233293,0.4635517326556844,1,0,0.49593632519245145,0.6135205745697021,-0.0009719536669493066,0.2501648244597783,2.282063321491254,0.4954383969306946,0.6656892001628876,0.00016823506281103887,0.00011549577463124412,0.0010541337328287877,0.12440667583518346
1781864007.054655,67.2470350265503,rhymes_and_toys,speech_attention_movie,speech_social,1933,1,0.47620671208631066,0.43236451103572593,0.4542856115610183,1,0,0.49572905600070954,0.6132208228111267,0.0019094624647185956,0.24909229926349524,2.1752488745958565,0.49496470391750336,0.6660921275615692,0.0006218806632743408,0.00045364560046330194,0.0009684019207058432,0.12510898863141345
1781864007.08763,67.28000998497009,rhymes_and_toys,speech_attention_movie,speech_social,1934,1,0.472147523052361,0.45122792484645824,0.4616877239494096,1,0,0.49545393586158754,0.6130821287631989,-0.00026812962863862817,0.24998780167689108,2.060647835424811,0.4947814494371414,0.6658482849597931,0.000305026915228268,0.0003168537480460728,0.0077198213676091185,0.12444992446971365
1781864007.123117,67.3154969215393,rhymes_and_toys,speech_attention_movie,speech_social,1935,1,0.4783689792906592,0.4567033080510117,0.46753614367083546,1,0,0.4952874958515167,0.6126528918743133,0.00175550121251454,0.2501598434146745,1.9805401477591302,0.49472686648368835,0.6656308472156525,0.0002241840123305479,8.084290289772013e-05,0.0009262336957365744,0.12297586224848907
1781864007.1575491,67.34992909431458,rhymes_and_toys,speech_attention_movie,speech_social,1936,1,0.47542485962958353,0.4495657050417379,0.46249528233566073,1,0,0.4953079879283905,0.6126754105091095,-0.0008385530631613589,0.25171906812886824,1.7283535625198063,0.4948554188013077,0.6644307971000671,0.0012069158952808835,0.0009827318829503356,0.0013195424682131461,0.12297984565996717
1781864007.1911008,67.38348078727722,rhymes_and_toys,speech_attention_movie,speech_social,1937,1,0.4719777331775947,0.46208825671948056,0.46703299494853767,1,0,0.4952046453952789,0.6126010715961456,-0.0007429204183605425,0.24922799219075406,2.0603264393016185,0.4948402941226959,0.665462076663971,0.0010313904667141045,0.000175525428566779,0.00327363466601691,0.12308698609554167
1781864007.22777,67.4201500415802,rhymes_and_toys,speech_attention_movie,speech_social,1938,1,0.47591416491773925,0.45061887809542633,0.46326652150658276,1,0,0.4953622430562973,0.6118713080883027,-0.0027172065405180494,0.25013839767201446,2.007842193474952,0.49516555666923523,0.6650833487510681,0.0004992299632363523,0.0005321605034777522,0.0022866891001214586,0.12314649090570198
1781864007.261059,67.45343899726868,rhymes_and_toys,speech_attention_movie,speech_social,1939,1,0.47712649536044444,0.4509474890739642,0.4640369922172043,1,0,0.4957371711730957,0.6120012879371644,-0.0014405155323734733,0.2504176726137765,1.6858938897672455,0.49535106122493744,0.665220707654953,0.00023082332781313927,0.0002684066354232131,0.0009448838971334863,0.12327341593426878
1781864007.2938502,67.48623013496399,rhymes_and_toys,speech_attention_movie,speech_social,1940,1,0.46841867749949107,0.44786161776312094,0.458140147631306,1,0,0.49578347206115725,0.611897450685501,0.0009066437576064458,0.25022573586045854,1.5752348080059688,0.49534521996974945,0.6648753583431244,0.00034539870793427697,0.0001145753801211377,0.0007956862225475976,0.12258597788624515
1781864007.3304052,67.52278518676758,rhymes_and_toys,speech_attention_movie,speech_social,1941,1,0.45148826364146505,0.4520586297806714,0.4517734467110682,1,0,0.49565334320068355,0.6118685245513916,0.0024433926211787954,0.24896597509319776,1.7564748628722213,0.49544475972652435,0.6656779646873474,0.0008087552824964122,0.00046335657456213523,0.0014207099176442321,0.12331515058720909
1781864007.364585,67.55696487426758,rhymes_and_toys,speech_attention_movie,speech_social,1942,1,0.4774037651075953,0.45507633013757254,0.4662400476225839,1,0,0.4959511786699295,0.6115734696388244,-0.0012263250812375576,0.24993136259093982,2.0430477671531846,0.49601617455482483,0.6656016707420349,0.0005764856217573941,0.0002322696607390181,0.000600077236768416,0.12233560360507748
1781864007.3983612,67.59074115753174,rhymes_and_toys,speech_attention_movie,speech_social,1943,1,0.4829946278328917,0.43322000847970243,0.45810731815629707,1,0,0.49655580818653106,0.6119573414325714,0.0008334287492800184,0.24863270292320316,2.300070184400008,0.4958079308271408,0.6653693914413452,0.0003119601315050234,0.0002645254902523707,0.0016947337591265341,0.12384408459773144
1781864007.4331908,67.62557077407837,rhymes_and_toys,speech_attention_movie,speech_social,1944,1,0.5018768049581316,0.4247864014606959,0.46333160320941374,1,0,0.4966480851173401,0.6120029985904694,-0.0031110376153986262,0.25123944505595136,2.279499606393669,0.49617500603199005,0.664987713098526,0.0005295493965555387,0.00021758926505051525,0.001164347962218951,0.12389211857864418
1781864007.4677918,67.66017174720764,rhymes_and_toys,speech_attention_movie,speech_social,1945,1,0.5008537227328437,0.4429861426690315,0.47191993270093757,1,0,0.4967272073030472,0.6118895947933197,-8.206328449903748e-05,0.25080880604029887,2.0377164209027074,0.495998352766037,0.664946585893631,0.00018137757125499522,0.00034817182530054344,0.003999355684342462,0.12386941288661862
1781864007.5006652,67.69304513931274,rhymes_and_toys,speech_attention_movie,speech_social,1946,1,0.5031577979293589,0.45857173396993256,0.4808647659496457,1,0,0.49649523794651035,0.6120804667472839,-0.0044290849000036036,0.2500439240320669,1.8585787534519265,0.49606695771217346,0.6651804745197296,0.00024374274974385318,6.236517848885796e-05,0.0015673845072512068,0.12308306508085681
1781864007.5362,67.72857999801636,rhymes_and_toys,speech_attention_movie,speech_social,1947,1,0.5059675447605537,0.46405110069830935,0.48500932272943154,1,0,0.4965252786874771,0.6121520042419433,0.0007055042179598165,0.24822024430065162,2.2273523468811147,0.49554286897182465,0.6655679047107697,0.0006517447051489791,0.00040800195540512596,0.0030536495637572564,0.12354882505345834
1781864007.570399,67.76277899742126,rhymes_and_toys,speech_attention_movie,speech_social,1948,1,0.49446858557632334,0.4407629589436942,0.4676157722600088,1,0,0.496325358748436,0.611537367105484,0.0014430423211439511,0.24864933428050262,1.8539872039592686,0.4956204444169998,0.6650009155273438,0.0005722715123226899,7.947319282628927e-05,0.0007967839063206685,0.12350527656924527
1781864007.606364,67.79874396324158,rhymes_and_toys,speech_attention_movie,speech_social,1949,1,0.4885746976468009,0.43257989556755105,0.46057729660717595,1,0,0.49633508920669556,0.6111101329326629,0.0009731508839188117,0.24987537506328994,1.5599435577462535,0.4957943856716156,0.6649312674999237,0.00018736704027340584,0.00038490447204928403,0.00149711540236076,0.12252533140219006
1781864007.639937,67.83231687545776,rhymes_and_toys,speech_attention_movie,speech_social,1950,1,0.478695892920228,0.4476205694046937,0.46315823116246085,1,0,0.4962137848138809,0.6113333404064178,0.003311909338947628,0.2502445041423948,2.1429511426535632,0.49557508528232574,0.664526492357254,0.0004603646129601409,0.0002729975726867351,0.0010343662806880656,0.12291533755821207
1781864007.674124,67.86650395393372,rhymes_and_toys,speech_attention_movie,speech_social,1951,1,0.46855599870522496,0.45139123717292595,0.45997361793907543,1,0,0.49594644606113436,0.6114025413990021,0.006074154279211419,0.249583401320537,2.2516589390670276,0.49542708694934845,0.6645971536636353,0.00016400160603957417,0.0002963630069205668,0.0006031822693215389,0.1232044714628027
1781864007.7071621,67.89954209327698,rhymes_and_toys,speech_attention_movie,speech_social,1952,1,0.4797151352654012,0.43175490485854595,0.4557350200619736,1,0,0.4957774549722671,0.6111059188842773,0.004785891144474466,0.25084909584745324,2.1758915599768565,0.49553458392620087,0.6641374826431274,0.000472073137476708,0.0003080715314371338,0.002384149112660254,0.12411403697479012
1781864007.742869,67.93524885177612,rhymes_and_toys,speech_attention_movie,speech_social,1953,1,0.48250445618414395,0.4416789128520748,0.46209168451810934,1,0,0.495890936255455,0.6108544826507568,0.006285208794357438,0.24697897567432486,2.3714022127885186,0.49519848823547363,0.6652764081954956,0.0011874812533941511,0.0007154081159174431,0.005303924741983671,0.12306184966429994
1781864007.7773252,67.96970510482788,rhymes_and_toys,speech_attention_movie,speech_social,1954,1,0.4883848176274947,0.4548301147845138,0.47160746620600424,1,0,0.49570264518260954,0.6108720242977141,0.003701406500808101,0.25022673672677614,2.1888493270121816,0.4950977861881256,0.6647235751152039,0.0005619299929750553,0.0006255512604190958,0.004241765751571742,0.1231784060354017
1781864007.812587,68.00496697425842,rhymes_and_toys,speech_attention_movie,speech_social,1955,1,0.4784930717818365,0.43766879081807936,0.4580809312999579,1,0,0.49568580985069277,0.6109077394008637,0.004724742563731397,0.2499086072488253,1.876985829007438,0.4951135367155075,0.6636535823345184,0.001070108700007497,0.0005081787070324417,0.0006798518600132118,0.12440717091453006
1781864007.847393,68.03977298736572,rhymes_and_toys,speech_attention_movie,speech_social,1956,1,0.4747096221294171,0.45114625519099105,0.4629279386602041,1,0,0.49556124508380894,0.6107143819332123,0.0013065158604852688,0.24949004642118655,2.0609258595362774,0.4950428754091263,0.6646915376186371,0.00104035772311707,2.9750976890427104e-05,0.005310584294036924,0.12360056795512005
1781864007.880641,68.0730209350586,rhymes_and_toys,speech_attention_movie,speech_social,1957,1,0.47311437956477664,0.4515896823802876,0.46235203097253214,1,0,0.4953480988740921,0.6108919620513916,0.001989128925535945,0.24966389655772764,2.0051704102163326,0.4947703331708908,0.6641469895839691,0.000608943210556739,0.00043141451256033096,0.0021772817612620544,0.12448344405248327
1781864007.913739,68.10611891746521,rhymes_and_toys,speech_attention_movie,speech_social,1958,1,0.46691761950767907,0.4543075485600315,0.4606125840338553,1,0,0.4951290041208267,0.6111575424671173,0.004697087247445613,0.24861705721881616,2.1923944723686857,0.49453212320804596,0.6648994982242584,0.0007893118775925047,0.0001803686670357658,0.001593420643270528,0.12412727874554488
1781864007.949523,68.14190292358398,rhymes_and_toys,speech_attention_movie,speech_social,1959,1,0.4874759290074172,0.4441267147577385,0.46580132188257783,1,0,0.49514052271842957,0.6109532415866852,0.00044776104345623343,0.24930048675345898,2.197312557479879,0.4946846514940262,0.6644546687602997,0.0004702532615834635,0.00031905861600904124,0.0006550403736235983,0.12318043670900096
1781864007.9837818,68.17616176605225,rhymes_and_toys,speech_attention_movie,speech_social,1960,1,0.4913765186671931,0.4508401353394392,0.4711083270033162,1,0,0.49537614881992337,0.6109453022480011,0.000998068208011771,0.24916053210491437,2.14445799098551,0.4947977364063263,0.6644189357757568,0.00011859613642215694,0.00035165712516130657,0.00036877725202252284,0.12339851406978346
1781864008.019406,68.21178603172302,rhymes_and_toys,speech_attention_movie,speech_social,1961,1,0.474925860600815,0.4559718620270144,0.4654488613139147,1,0,0.49550326764583585,0.6106553435325622,0.0036936284351419438,0.24782698209001167,2.1478521523107483,0.4947042614221573,0.6650422811508179,0.0006303150238375876,0.0005117188874154306,0.0005094548793960683,0.12409650351751553
1781864008.053524,68.24590396881104,rhymes_and_toys,speech_attention_movie,speech_social,1962,1,0.47234276555510885,0.4492900306052991,0.46081639808020397,1,0,0.49543500542640684,0.6104765653610229,0.00390963180682333,0.2484888291440321,1.7952176619931155,0.4951563775539398,0.6644895076751709,0.0007141200963401281,8.380507250254049e-05,0.00037613434603808905,0.12364617523861501
1781864008.088671,68.28105092048645,rhymes_and_toys,speech_attention_movie,speech_social,1963,1,0.47716327063248337,0.46056853816979265,0.468865904401138,1,0,0.4956995755434036,0.6106646716594696,0.004636926461162812,0.2485508094692295,1.81380117775591,0.49518483877182007,0.6640497148036957,0.0004407128438378511,0.000273407252502277,0.0004311101918114078,0.12350035227607262
1781864008.121588,68.31396794319153,rhymes_and_toys,speech_attention_movie,speech_social,1964,1,0.4827395368075287,0.4732741004382418,0.47800681862288524,1,0,0.49576989710330965,0.6106247723102569,0.004719332432799557,0.24872127902438007,1.7919133166699917,0.49526314437389374,0.6644928753376007,0.00045002558385841854,9.31274002056743e-06,0.005424902712961994,0.12336490315497585
1781864008.1568692,68.34924912452698,rhymes_and_toys,speech_attention_movie,speech_social,1965,1,0.4851007508788344,0.46718455064024644,0.47614265075954043,1,0,0.4956844836473465,0.6103745639324187,0.004324110118390861,0.24890332111699168,1.9703482458978543,0.4955040067434311,0.6645777225494385,0.0002553697915098648,0.00019465579234855375,0.005378269494667522,0.12292919380178408
1781864008.1902149,68.38259482383728,rhymes_and_toys,speech_attention_movie,speech_social,1966,1,0.48167970716139225,0.4642039137794296,0.47294181047041095,1,0,0.4959041208028794,0.6104636192321777,0.00898576793335141,0.24891190308564812,1.94590286439709,0.49512411653995514,0.6639045774936676,0.0007729429686631307,0.0005175731771532659,0.001904047935789997,0.12293274408698052
1781864008.225523,68.41790294647217,rhymes_and_toys,speech_attention_movie,speech_social,1967,1,0.4854455914172527,0.4549545828396085,0.4702000871284306,1,0,0.49585934281349187,0.6102706670761109,0.000631541349066238,0.2485560328211547,1.7986302690285028,0.4954121261835098,0.664342999458313,0.0005245601718239939,0.0002483827968391368,0.0019062222146303787,0.12292993602040934
1781864008.260885,68.45326495170593,rhymes_and_toys,speech_attention_movie,speech_social,1968,1,0.4787465695745033,0.4660640316471816,0.4724053006108424,1,0,0.4959478557109833,0.6105931222438812,0.003627979368716689,0.24817699734275872,2.2108541170755345,0.4954250454902649,0.6645737290382385,0.00023109099406867052,0.0002934691777553234,0.005504812961229478,0.12377884675692158
1781864008.2939022,68.48628211021423,rhymes_and_toys,speech_attention_movie,speech_social,1969,1,0.4821222858912015,0.4721225120550197,0.4771223989731106,1,0,0.4958600431680679,0.6100228130817413,0.005825583248196072,0.24918704647792478,2.0904708303954016,0.49541427195072174,0.664447009563446,0.00012717662696411613,0.00010391436710455439,0.003395654707079108,0.12245428446646
1781864008.327457,68.51983690261841,rhymes_and_toys,speech_attention_movie,speech_social,1970,1,0.482378252456726,0.46150405922736015,0.4719411558420431,1,0,0.4961308062076568,0.610314667224884,0.0033391607577585394,0.24814179992951768,1.9318413367142497,0.49560779333114624,0.6642879545688629,0.0002504975368805916,0.00012332090991647548,0.0014295478562059874,0.12329250693771057
1781864008.3616588,68.55403876304626,rhymes_and_toys,speech_attention_movie,speech_social,1971,1,0.4802400110873529,0.4496784354867788,0.46495922328706585,1,0,0.49614313840866087,0.6099698424339295,0.0021238109233854855,0.2486369739088206,1.9046380661755151,0.49578113853931427,0.664072573184967,0.0002764736908346243,2.597615395403272e-05,0.002851415382634877,0.12379927550764863
1781864008.3961542,68.588534116745,rhymes_and_toys,speech_attention_movie,speech_social,1972,1,0.4838591234629016,0.44634655673978657,0.46510284010134406,1,0,0.49626255333423613,0.6102592170238494,0.0027328639567298072,0.24960928543471697,2.0073670968435935,0.4956788420677185,0.6639597117900848,0.00015232288913915513,0.0001241508016954692,0.0045228815115400615,0.12384440209284832
1781864008.431485,68.6238648891449,rhymes_and_toys,speech_attention_movie,speech_social,1973,1,0.4776505448916486,0.44860230423539216,0.4631264245635204,1,0,0.49596849977970126,0.6103552758693696,0.0065644410127759425,0.24604212103798795,1.970047651606057,0.4953482449054718,0.6648000776767731,0.0009030555393744466,0.0007507326502352914,0.001132544154978415,0.12470188396210384
1781864008.467384,68.65976405143738,rhymes_and_toys,speech_attention_movie,speech_social,1974,1,0.47391285405863187,0.4608431328271111,0.46737799344287145,1,0,0.4956199407577515,0.6105399072170257,0.004472982509193231,0.24693561087907015,1.7818851428317617,0.4953301250934601,0.6648085415363312,1.999911262929834e-05,0.0008830564267451482,0.0016089978838918024,0.12474816309656027
1781864008.50064,68.69301986694336,rhymes_and_toys,speech_attention_movie,speech_social,1975,1,0.48108185087371047,0.45640425253053346,0.46874305170212194,1,0,0.4956975191831589,0.6100092053413391,0.0048733178216200735,0.24906937708369584,1.655944494747606,0.49532879889011383,0.6636145114898682,0.0011940307829665783,0.00117403167033728,0.005126151220859603,0.12341054767611025
1781864008.534797,68.72717690467834,rhymes_and_toys,speech_attention_movie,speech_social,1976,1,0.46896649044981104,0.45239326722545564,0.46067987883763334,1,0,0.49552586376667024,0.609830242395401,0.002921330138650092,0.24975443439735925,1.6405647480870373,0.49533629417419434,0.6636738181114197,5.977837939675132e-05,0.001134252403569827,0.0011659810248914964,0.12360604632266464
1781864008.569859,68.7622389793396,rhymes_and_toys,speech_attention_movie,speech_social,1977,1,0.46802233304831437,0.4551590667003682,0.4615906998743413,1,0,0.4955154448747635,0.6100933730602265,0.0034807511896245897,0.250236740174877,1.755487560651971,0.49514344334602356,0.6634075939655304,0.0003287350571214335,0.00026895667772468214,0.0047336515607861816,0.12412781402142684
1781864008.6027038,68.79508376121521,rhymes_and_toys,speech_attention_movie,speech_social,1978,1,0.4769297128220407,0.45756202611492314,0.4672458694684819,1,0,0.49552192986011506,0.6101306855678559,0.0014842584059547648,0.25069239409473576,2.273100952981755,0.4951271563768387,0.6631618738174438,0.00024625932782516906,8.247572929626442e-05,0.004705280307169014,0.12351092474331354
1781864008.639793,68.83217287063599,rhymes_and_toys,speech_attention_movie,speech_social,1979,1,0.4748119829405236,0.4547368531815803,0.46477441806105196,1,0,0.49553625881671903,0.6102951407432556,0.004079178423471994,0.24871980425774834,2.153991591637458,0.4946940839290619,0.6639786958694458,0.0009245269112687125,0.0006782675834435435,0.001070926231987526,0.12410497080593143
1781864008.6737201,68.86610007286072,rhymes_and_toys,speech_attention_movie,speech_social,1980,1,0.47283571041823474,0.44793508514049896,0.4603853977793668,1,0,0.4952520847320557,0.6101898431777955,0.005105180396277446,0.24805180401018112,1.9178416268098866,0.4947277456521988,0.6639780402183533,3.366810780101205e-05,0.0008908588034677004,0.0011040133461284955,0.12381041816673188
1781864008.706475,68.898854970932,rhymes_and_toys,speech_attention_movie,speech_social,1981,1,0.4780969435050106,0.45213309861283496,0.4651150210589228,1,0,0.4952267378568649,0.6098816514015197,0.00560941053787302,0.24808218303979415,2.3541804363147913,0.49468904733657837,0.6637888252735138,0.0001931317037217462,0.00015946359592073413,0.0007276835761108184,0.12325504260211269
1781864008.7414231,68.93380308151245,rhymes_and_toys,speech_attention_movie,speech_social,1982,1,0.48475997176533425,0.4475782214016658,0.46616909658350003,1,0,0.49544503986835475,0.6099856793880463,0.0032801847618649563,0.24858188818173962,2.2131606131834913,0.4948413819074631,0.6630363166332245,0.0007677728018083788,0.0005746410980866327,0.00040826764677731825,0.12283298843723238
1781864008.776309,68.96868896484375,rhymes_and_toys,speech_attention_movie,speech_social,1983,1,0.47490325060280697,0.44626698503396034,0.4605851178183836,1,0,0.49559968113899233,0.6101182103157043,0.001009554399238881,0.2510843113805897,1.9225068028865206,0.494850754737854,0.6626559495925903,0.0003804825036060427,0.00038729029820233613,0.0004104896083942976,0.12380002391642206
1781864008.809889,69.00226902961731,rhymes_and_toys,speech_attention_movie,speech_social,1984,1,0.4084116263540666,0.3600265383942351,0.3842190823741508,1,0,0.49589914083480835,0.6117464005947113,0.004185383694775963,0.25119079133206845,1.8018295791286265,0.49486882984638214,0.6634975671768188,0.0008418116580512214,0.0004613291544451787,0.0004115162686144352,0.13227336284546284
1781864008.844785,69.03716492652893,rhymes_and_toys,speech_attention_movie,speech_social,1985,1,0.37075179189675506,0.1891253678318108,0.27993857986428294,1,0,0.49527504742145534,0.6142248690128327,0.0009669537118594805,0.245665605084597,1.8406135564919852,0.4948917031288147,0.6651304364204407,0.0016330294405843865,0.0007912177825331651,0.0007423429415071364,0.14512986080128928
1781864008.879704,69.07208395004272,rhymes_and_toys,speech_attention_movie,speech_social,1986,1,0.39306930442333643,0.25776788191468447,0.32541859316901045,1,0,0.4958940416574478,0.612404578924179,0.004554554500204064,0.24956781364320493,3.1993715844185435,0.49487367272377014,0.6647958159446716,0.0003351058911895931,0.0012979235493947934,0.0017869653655866525,0.1386028340410811
1781864008.9143171,69.10669708251953,rhymes_and_toys,speech_attention_movie,speech_social,1987,1,0.4096789899475973,0.37416179269097355,0.39192039131928547,1,0,0.4960622817277908,0.6114433228969574,0.0038329245080991215,0.24877571847451438,3.561086745809595,0.4951259046792984,0.6639618277549744,0.0008712963100714544,0.0005361904188818614,0.0019311651406359429,0.13340441804565553
1781864008.948415,69.1407949924469,rhymes_and_toys,speech_attention_movie,speech_social,1988,1,0.43627524934149065,0.3908907556296376,0.4135830024855641,1,0,0.4961400330066681,0.6101942896842957,0.006488153564258349,0.2493130684135019,3.43213428921547,0.4950181692838669,0.6633425056934357,0.0006286228848342433,0.0002426734252372111,0.0007693224216497035,0.1295381166029119
1781864008.9816,69.17397999763489,rhymes_and_toys,speech_attention_movie,speech_social,1989,1,0.43992558991094294,0.4022273049402399,0.4210764474255914,1,0,0.49588103890419005,0.610080623626709,0.007463430274730692,0.24885522178756067,2.9109941268929664,0.49485109746456146,0.663801372051239,0.0004883352609936437,0.00014028762384059963,0.0006576485277795101,0.1283964282975372
1781864009.016248,69.20862793922424,rhymes_and_toys,speech_attention_movie,speech_social,1990,1,0.451996937763493,0.4149649635645004,0.4334809506639967,1,0,0.49588600099086766,0.6105079889297486,0.006942763511252184,0.2485035893961138,2.153165064471378,0.49486376345157623,0.6648193001747131,0.0010180069212861983,0.0005296716602925546,0.001243278481338991,0.1282373306838431
1781864009.050466,69.24284601211548,rhymes_and_toys,speech_attention_movie,speech_social,1991,1,0.4457830538493163,0.4385294272300603,0.44215624053968827,1,0,0.4955995798110962,0.6103748738765717,0.0035167357459643897,0.2506047564506456,2.06180084042637,0.49544622004032135,0.6642367243766785,0.0008238023053065152,0.00019420461597968307,0.0006959808181869476,0.12593062589472082
1781864009.084519,69.2768988609314,rhymes_and_toys,speech_attention_movie,speech_social,1992,1,0.4625337978113374,0.44676534550303204,0.4546495716571847,1,0,0.49607114791870116,0.6103512227535248,0.004998176900388917,0.25142995259227197,2.045420565886159,0.4955884516239166,0.6625608205795288,0.00168192846479054,0.0008581261594840247,0.004215971927377457,0.12544268463083258
1781864009.120947,69.31332683563232,rhymes_and_toys,speech_attention_movie,speech_social,1993,1,0.4646767290060289,0.43421566983305526,0.4494461994195421,1,0,0.4962519139051438,0.6095720946788787,0.004231250152853615,0.249733175659123,1.796006009172555,0.49586600065231323,0.66286900639534,0.00041474324615488166,0.0012671852186356583,0.000648611076968283,0.12384594957787573
1781864009.154282,69.34666204452515,rhymes_and_toys,speech_attention_movie,speech_social,1994,1,0.465644573648707,0.4338226447003079,0.44973360917450744,1,0,0.49638234078884125,0.60912327170372,0.004247914446429153,0.2510304394503167,1.8007245343557683,0.4958670735359192,0.661884069442749,0.00098493753693235,0.0005701942907774683,0.0005382221610847726,0.123926547239599
1781864009.1893818,69.3817617893219,rhymes_and_toys,speech_attention_movie,speech_social,1995,1,0.4497964885315468,0.4411944052068686,0.4454954468692077,1,0,0.4963089913129807,0.6089372992515565,0.0037733407214904395,0.25236645780209754,2.1690171820046174,0.4961819648742676,0.6614042818546295,0.0005738925724213313,0.00041104496451101864,0.004068326665240141,0.12334852232200626
1781864009.224746,69.41712594032288,rhymes_and_toys,speech_attention_movie,speech_social,1996,1,0.45726118801481896,0.4484338183988802,0.4528475032068496,1,0,0.49668859541416166,0.6091362833976746,0.004098616493417271,0.2505712836095475,2.6412277196101863,0.49626095592975616,0.6624155640602112,0.0010143625023497852,0.000440469929928454,0.0005847539910138316,0.1241336178605532
1781864009.259268,69.45164799690247,rhymes_and_toys,speech_attention_movie,speech_social,1997,1,0.45418726512661,0.44575447585856387,0.44997087049258694,1,0,0.49700488746166227,0.609719341993332,0.004511296520869829,0.25097233984963685,2.6773862581657437,0.4962925612926483,0.663018524646759,0.0006037883469343159,0.00041057415541546937,0.0006528997428672914,0.1257246279438289
1781864009.292296,69.48467588424683,rhymes_and_toys,speech_attention_movie,speech_social,1998,1,0.46368227497965425,0.45376821197034867,0.45872524347500143,1,0,0.4968915164470673,0.6105928301811219,0.005076771854129835,0.2503404971689966,2.2739614896809246,0.4961046427488327,0.6631050705909729,0.00020689025972638294,0.00039689808720793295,0.0006639450714509187,0.12566127637481797
1781864009.327762,69.52014183998108,rhymes_and_toys,speech_attention_movie,speech_social,1999,1,0.4501574824511818,0.45009354954798336,0.4501255159995826,1,0,0.4965509206056595,0.6114528238773346,0.004430282205780741,0.24800178176633952,2.544483380914221,0.4961123913526535,0.6644777357578278,0.001372687036857946,0.001165796777131563,0.0006205860990850887,0.12771679849598416
1781864009.361303,69.55368304252625,rhymes_and_toys,speech_attention_movie,speech_social,2000,1,0.4527648612329629,0.4414602166171254,0.44711253892504416,1,0,0.49670683443546293,0.61183220744133,0.0074027070647600425,0.2462582569789023,2.7394648052461266,0.49593600630760193,0.6649133861064911,0.00047000309616887325,0.0009026839406890727,0.0020310588554030683,0.12864114613283606
1781864009.395776,69.58815598487854,rhymes_and_toys,speech_attention_movie,speech_social,2001,1,0.4553382650078136,0.4292483809219371,0.44229332296487534,1,0,0.49658456742763524,0.6121723771095275,0.006832618482500622,0.24568583626398324,2.4796723150209514,0.49624447524547577,0.6647834181785583,0.0003347308589361681,0.00013527223723270513,0.0006232712130114236,0.13006244025249036
1781864009.431453,69.6238329410553,rhymes_and_toys,speech_attention_movie,speech_social,2002,1,0.444899303831549,0.42948859291833824,0.43719394837494363,1,0,0.496557155251503,0.612036383152008,0.006032921379106755,0.24814852647322536,2.147510837823715,0.49623581767082214,0.6645911335945129,0.00019247938814428807,0.00014225147079188004,0.0011396437890290397,0.13045636387480078
1781864009.465019,69.65739893913269,rhymes_and_toys,speech_attention_movie,speech_social,2003,1,0.44605555524283635,0.42279208361556136,0.43442381942919883,1,0,0.49667882621288295,0.6116646230220795,0.004819103580045197,0.24750331669172648,2.4766853664023993,0.4961722642183304,0.664781391620636,0.00020059201835531847,8.112630211030395e-06,0.0005947375773985871,0.13012626914676306
1781864009.498112,69.69049191474915,rhymes_and_toys,speech_attention_movie,speech_social,2004,1,0.44640729618510205,0.4249403475037312,0.4356738218444166,1,0,0.49657830893993377,0.6123332440853119,0.006141044692305606,0.24747427418762677,2.167626603206499,0.4963488429784775,0.6645509898662567,0.00029028438979065307,8.96923714353346e-05,0.0007504761071176618,0.12992376185448284
1781864009.5344079,69.72678780555725,rhymes_and_toys,speech_attention_movie,speech_social,2005,1,0.44062921613333955,0.4281902017067066,0.43440970892002306,1,0,0.4964127033948898,0.6120716691017152,0.007051732623608624,0.24793525658698598,2.5395959246439848,0.4961194545030594,0.6648536622524261,0.00037977578385691574,8.949139406626267e-05,0.0023561008980666955,0.1293578617178049
1781864009.5690901,69.761470079422,rhymes_and_toys,speech_attention_movie,speech_social,2006,1,0.44625545246944875,0.426894219625775,0.4365748360476119,1,0,0.4962967157363891,0.612284529209137,0.006402563421696097,0.24784948054215633,2.0852249851633875,0.4963180124759674,0.6643955707550049,0.0004992725594452378,0.00011949677558832205,0.001572906875430428,0.12975143225641148
1781864009.6017091,69.7940890789032,rhymes_and_toys,speech_attention_movie,speech_social,2007,1,0.42702451450023254,0.43636073886704513,0.43169262668363884,1,0,0.4969671070575714,0.6112666547298431,0.00890622032818669,0.24829122637367837,2.07506268076355,0.4960488826036453,0.6648097038269043,0.0004938998779276481,5.372681517589665e-06,0.0004853496848136404,0.128055819923674
1781864009.636502,69.82888197898865,rhymes_and_toys,speech_attention_movie,speech_social,2008,1,0.44533295823851626,0.42317937066451206,0.43425616445151416,1,0,0.4969702184200287,0.6108483254909516,0.0058332243955329975,0.2468056887770915,1.9465826342215267,0.49614718556404114,0.664312869310379,0.0005064661971281777,1.2566319200529603e-05,0.0008811140124755581,0.12727686219453707
1781864009.6714828,69.86386275291443,rhymes_and_toys,speech_attention_movie,speech_social,2009,1,0.44977559429116926,0.41985291539209096,0.4348142548416301,1,0,0.4969483226537704,0.6105027377605439,0.0059263436400918985,0.24979004127163984,1.9608096546061045,0.4959699511528015,0.6629816889762878,0.0013429270711392259,0.0008364608740110481,0.0012573741243675088,0.12721747279757872
1781864009.7058702,69.89825010299683,rhymes_and_toys,speech_attention_movie,speech_social,2010,1,0.4441735913737039,0.4426642847298621,0.443418938051783,1,0,0.49687542021274567,0.6096835911273957,0.009234077563764776,0.2501032411479928,1.8138886198698476,0.4956074655056,0.662058025598526,0.0009922448688935261,0.00035068220224569974,0.0007592205152869565,0.12470363721305112
1781864009.740702,69.93308186531067,rhymes_and_toys,speech_attention_movie,speech_social,2011,1,0.462484951726968,0.4290444078437024,0.4457646797853352,1,0,0.49654901623725894,0.6094451189041138,0.00764452464469628,0.2502361579865162,2.208536904725846,0.49563753604888916,0.6629438698291779,0.0008863544655231813,0.00010589040337034481,0.0033461516205660702,0.1237802763350903
1781864009.7745101,69.96689009666443,rhymes_and_toys,speech_attention_movie,speech_social,2012,1,0.4467202181297146,0.41518099613170156,0.4309506071307081,1,0,0.496535062789917,0.6094001889228822,0.010226671065820037,0.24797237551648818,2.0870624503582595,0.4955747127532959,0.6637522876262665,0.000810855166548762,7.549929897441936e-05,0.003412040654731253,0.12525050555924475
1781864009.808952,70.00133204460144,rhymes_and_toys,speech_attention_movie,speech_social,2013,1,0.4476251072585175,0.4389003400429526,0.44326272365073505,1,0,0.49628756642341615,0.6094235062599183,0.00711832679100366,0.24820903165230887,2.0753835045776645,0.4958607703447342,0.6634050607681274,0.00044988380347883754,0.0003609713630699244,0.0005134452634993221,0.12543398051298985
1781864009.842857,70.03523683547974,rhymes_and_toys,speech_attention_movie,speech_social,2014,1,0.4669321048151994,0.4416680191881733,0.4543000620016864,1,0,0.4965121507644653,0.6091055393218994,0.008326415929850693,0.24981651787571346,2.228909960134771,0.49564455449581146,0.6630313694477081,0.00043173428898120325,1.8149514497634294e-05,0.0005253776006730211,0.12455476958263043
1781864009.878335,70.07071495056152,rhymes_and_toys,speech_attention_movie,speech_social,2015,1,0.45659396157210347,0.4435100280157499,0.45005199479392666,1,0,0.49649799764156344,0.6091284990310669,0.00707764354385548,0.2481765354607795,1.7585353081552455,0.49577294290065765,0.663362443447113,0.00035509657218974963,7.663771679145362e-05,0.0005753065944024784,0.12350547008952674
1781864009.91279,70.10517001152039,rhymes_and_toys,speech_attention_movie,speech_social,2016,1,0.4609694159586124,0.4353276362146748,0.4481485260866436,1,0,0.4965765386819839,0.60931316614151,0.006126746921454911,0.24876168324239065,1.6313549804029925,0.49575699865818024,0.6633397340774536,2.7747690687821715e-05,0.0003273488815019279,0.0021832814069081114,0.1245109908924058
1781864009.9492211,70.14160108566284,rhymes_and_toys,speech_attention_movie,speech_social,2017,1,0.47337596403174287,0.4486723793752067,0.46102417170347476,1,0,0.4966199904680252,0.6093028008937835,0.0016814936130824963,0.2478356417541439,1.6900039292399296,0.49605925381183624,0.6635397672653198,0.00036245200255969695,0.00033470431187187523,0.0007782021080270076,0.12357230738334345
1781864009.9812129,70.17359280586243,rhymes_and_toys,speech_attention_movie,speech_social,2018,1,0.45994179210399844,0.44761136484110975,0.4537765784725541,1,0,0.4968138307332992,0.6095045328140258,0.004172049239565838,0.2474824846820882,1.8148330559304413,0.49584242701530457,0.6635206043720245,0.00021767194622558956,0.0001447800563341074,0.0006796292851308317,0.12415543809099266
1781864010.014648,70.20702791213989,rhymes_and_toys,speech_attention_movie,speech_social,2019,1,0.4709068701227411,0.47135069944729047,0.47112878478501574,1,0,0.49647710025310515,0.6090392351150513,0.004707110482765921,0.24869573581425378,1.845169082537585,0.4957676827907562,0.6627422571182251,0.000781927839765576,0.0005642558935399864,0.0014786459959699352,0.12211234551856218
1781864010.0499752,70.24235510826111,rhymes_and_toys,speech_attention_movie,speech_social,2020,1,0.4729771388450156,0.46435595912335753,0.4686665489841866,1,0,0.4963766038417816,0.6094760835170746,0.004273048381308888,0.24774253533241028,1.8761277359203026,0.4957740902900696,0.663623034954071,0.0008808011422363853,9.887330247080933e-05,0.006890929704277677,0.12352644471367556
1781864010.0850718,70.27745175361633,rhymes_and_toys,speech_attention_movie,speech_social,2021,1,0.45570092694206427,0.46668347984504915,0.4611922033935567,1,0,0.49655644297599794,0.6096697509288788,0.007690924086845293,0.24788237351477507,1.732177672892981,0.4956521838903427,0.6639096736907959,0.00031148504889574836,0.0005693160933406369,0.007487909158642453,0.12411026561845465
1781864010.118391,70.31077098846436,rhymes_and_toys,speech_attention_movie,speech_social,2022,1,0.4572405486786674,0.46469343975179433,0.4609669942152309,1,0,0.4964874267578125,0.6096020638942719,0.005503517940056541,0.24649162248145517,1.808564986883851,0.49598462879657745,0.6640863716602325,0.0003764861060975021,6.500105720175372e-05,0.004152065515615917,0.12354260213057645
1781864010.154575,70.34695506095886,rhymes_and_toys,speech_attention_movie,speech_social,2023,1,0.46920042460867883,0.4568156923327386,0.4630080584707087,1,0,0.4967734903097153,0.6094182789325715,0.0017782432775642824,0.24982908726662595,1.7735708507555894,0.4962048828601837,0.6631813943386078,0.0009313945486152408,0.0005549084425177387,0.0007818381166776374,0.12353782583821091
1781864010.1887581,70.38113808631897,rhymes_and_toys,speech_attention_movie,speech_social,2024,1,0.47549734967344837,0.4552402433803705,0.46536879652690943,1,0,0.4968014091253281,0.6093337595462799,0.005628813267549932,0.25087099857108075,2.1714880544301534,0.49593207240104675,0.6631141901016235,0.000280966111983556,0.0006504284366316848,0.0018377425714514708,0.12341613482938016
1781864010.222645,70.41502499580383,rhymes_and_toys,speech_attention_movie,speech_social,2025,1,0.4619165125216782,0.4546242067379971,0.45827035962983764,1,0,0.49674386978149415,0.610006994009018,0.0077749427424771,0.24949387168235837,2.307846001465158,0.4957916885614395,0.6638945937156677,0.0007929296458300088,0.0005119635338464528,0.002175183400936043,0.12479250658695405
1781864010.257039,70.44941902160645,rhymes_and_toys,speech_attention_movie,speech_social,2026,1,0.4702766669477447,0.451610227943467,0.4609434474456059,1,0,0.4966142803430557,0.6097273528575897,0.008199659078555964,0.24932448669171764,2.0863101606708017,0.4957364648580551,0.6635203957557678,0.0003782509360315412,0.0004146787097984676,0.002854750592612202,0.12369075032399456
1781864010.291135,70.48351502418518,rhymes_and_toys,speech_attention_movie,speech_social,2027,1,0.46703621815395363,0.4571958885239979,0.46211605333897576,1,0,0.49652635753154756,0.6099928319454193,0.008369081510632467,0.24630706361523577,2.1100522317648416,0.49564333260059357,0.664580374956131,0.001064062743724451,0.0006858118076929097,0.000713569009824983,0.12366716175304467
1781864010.3255801,70.51796007156372,rhymes_and_toys,speech_attention_movie,speech_social,2028,1,0.4624402573572977,0.46195087860015294,0.4621955679787253,1,0,0.49645953178405766,0.6101118624210358,0.010498614431919753,0.24755514807293202,1.9717691198551452,0.4954269379377365,0.6641499400138855,0.00048176850210333535,0.0005822942416211156,0.0008244597571712421,0.12366771751960565
1781864010.360624,70.55300402641296,rhymes_and_toys,speech_attention_movie,speech_social,2029,1,0.4642135364024956,0.45682748613260604,0.4605205112675508,1,0,0.4962732821702957,0.6100666224956512,0.00909413505193079,0.24595774159143863,1.8322014731753977,0.49539418518543243,0.6645024120807648,0.0003539905376046633,0.00012777796449867204,0.0005621705253552508,0.12351600792552309
1781864010.393805,70.58618497848511,rhymes_and_toys,speech_attention_movie,speech_social,2030,1,0.4613244064442276,0.44945652447037504,0.45539046545730133,1,0,0.4962998330593109,0.6102445840835571,0.00584315154793511,0.24564954438640194,1.6589311126344646,0.4955521374940872,0.66425421833992,0.0002941922242410153,5.979831336364803e-05,0.0007249025582929524,0.12383596292445398
1781864010.429174,70.62155389785767,rhymes_and_toys,speech_attention_movie,speech_social,2031,1,0.45635492258873617,0.43986275123704305,0.4481088369128896,1,0,0.49635051786899564,0.6101971924304963,0.0063199521221979455,0.24669275253089354,1.8257741898627744,0.49561136960983276,0.6645445227622986,0.00029628550620681965,2.0932819658043785e-06,0.0011487212211443018,0.12352763813066579
1781864010.463416,70.65579605102539,rhymes_and_toys,speech_attention_movie,speech_social,2032,1,0.4525233603125703,0.4436385000808579,0.44808093019671413,1,0,0.4963914006948471,0.6103461921215058,0.007509082434838456,0.24838925513700175,1.8798964101326643,0.4956066161394119,0.6640308201313019,0.0005137246232895379,0.0002174391170827183,0.0025293987247836745,0.12290309410285669
1781864010.497452,70.68983197212219,rhymes_and_toys,speech_attention_movie,speech_social,2033,1,0.4557191569688293,0.4368200107181477,0.44626958384348847,1,0,0.4964526236057281,0.6102002441883088,0.009469312432981613,0.24709234949430997,1.7929550080335972,0.49564917385578156,0.6638573408126831,0.00017862315978347274,0.0003351014635060652,0.005522736714297899,0.12334552645365736
1781864010.533138,70.72551798820496,rhymes_and_toys,speech_attention_movie,speech_social,2034,1,0.4463018182981443,0.4515995343966947,0.4489506763474195,1,0,0.4964658230543137,0.6105380594730376,0.00857702862604259,0.24723467857162695,1.5844807363528266,0.4956904500722885,0.6637607514858246,0.00010503915513803119,7.358400464544155e-05,0.005262320129489858,0.1238724394471654
1781864010.566875,70.75925493240356,rhymes_and_toys,speech_attention_movie,speech_social,2035,1,0.46882838818306444,0.4577626517817915,0.46329551998242796,1,0,0.49639859795570374,0.6100995063781738,0.005034160124020726,0.247632992467312,1.760711323145895,0.4957784563302994,0.6633670032024384,0.00040346352018327266,0.00029842436504524147,0.002332143845115532,0.1231600546271175
1781864010.60125,70.79362988471985,rhymes_and_toys,speech_attention_movie,speech_social,2036,1,0.4851622754726195,0.44376204631568705,0.46446216089415326,1,0,0.49664004147052765,0.6100448489189148,0.005733008287739008,0.24901916160314913,1.9305203571139866,0.49550960958004,0.6633521914482117,0.0002692544580658073,0.00013420906211746535,0.0029432212217146265,0.12313349735736563
1781864010.6357172,70.82809710502625,rhymes_and_toys,speech_attention_movie,speech_social,2037,1,0.47662885485955925,0.43928785825826033,0.4579583565589098,1,0,0.49657858312129977,0.6102140247821808,0.00605621709064903,0.25071877506046736,2.018196400565554,0.4955454021692276,0.6628971099853516,0.0004564868533480994,0.0001872323952822921,0.005058824348397683,0.12267522662553924
1781864010.669323,70.86170291900635,rhymes_and_toys,speech_attention_movie,speech_social,2038,1,0.4654142731947871,0.44673630778290674,0.45607529048884693,1,0,0.4965198278427124,0.6108881413936615,0.0067006145188443144,0.24931282682333528,1.8354250625231465,0.49575075507164,0.6638702154159546,0.000994537075024509,0.0005380502216764095,0.0034097735622816722,0.12361223832784436
1781864010.7049541,70.89733409881592,rhymes_and_toys,speech_attention_movie,speech_social,2039,1,0.4687996431410462,0.44355087366404183,0.456175258402544,1,0,0.49660038352012636,0.6110318899154663,0.006374024909586142,0.24884701482056035,2.0818407907101673,0.495742529630661,0.664686381816864,0.0008162078484385834,0.00017832922658592555,0.011765999142306385,0.1243051931800638
1781864010.738668,70.93104791641235,rhymes_and_toys,speech_attention_movie,speech_social,2040,1,0.4592105768315882,0.44225830275771016,0.4507344397946492,1,0,0.4965900808572769,0.6111691772937775,0.009353645166536651,0.24950242229807795,2.0543343874073625,0.4954613447189331,0.6641618311405182,0.0005951624707912055,0.0002210453776473779,0.002008619732066376,0.1244638662989158
1781864010.772768,70.96514797210693,rhymes_and_toys,speech_attention_movie,speech_social,2041,1,0.45061384196520254,0.4459047080733483,0.4482592750192754,1,0,0.4963719040155411,0.611270934343338,0.009485996299396676,0.24939832156202826,1.9214586230189166,0.4955502301454544,0.6644380688667297,0.0002901859755922049,0.0003049764951990006,0.0008545805324004413,0.12411406996986435
1781864010.809037,71.0014169216156,rhymes_and_toys,speech_attention_movie,speech_social,2042,1,0.45329813017703324,0.45078024963153907,0.45203918990428615,1,0,0.4964425593614578,0.610984718799591,0.007335623782149023,0.2505332779809212,2.057259145535374,0.49567553400993347,0.6638633906841278,0.0005881803056988933,0.0002979943301066884,0.00048649532139857554,0.12401249697294099
1781864010.8428469,71.03522682189941,rhymes_and_toys,speech_attention_movie,speech_social,2043,1,0.45925238274930796,0.4345849715658752,0.4469186771575916,1,0,0.4966652005910873,0.6107837498188019,0.008195925342563888,0.25009542677291796,2.017475145774996,0.4955340027809143,0.6641181111335754,0.00029139937569335817,0.0002967809300055351,0.0004891957969705127,0.12369649273263057
1781864010.8764071,71.06878709793091,rhymes_and_toys,speech_attention_movie,speech_social,2044,1,0.4599929747649715,0.44714994977508615,0.4535714622700288,1,0,0.4965294361114502,0.6106228590011596,0.004250287202898744,0.24955701135624142,2.0377253260149253,0.49610282480716705,0.6639065742492676,0.0006068824853074587,0.00031548310961410054,0.001268628766078384,0.12346662644311936
1781864010.911556,71.10393595695496,rhymes_and_toys,speech_attention_movie,speech_social,2045,1,0.45420596239008787,0.44956022169361176,0.45188309204184984,1,0,0.49673469066619874,0.6106721222400665,0.005712014052819154,0.2482473670708193,2.407811853935656,0.4960405081510544,0.6643610000610352,0.00045867873727663375,0.00014820374803082496,0.0005237860069834295,0.12470819173565965
1781864010.945486,71.13786602020264,rhymes_and_toys,speech_attention_movie,speech_social,2046,1,0.46464888454919184,0.4460846653170319,0.45536677493311184,1,0,0.4967623144388199,0.6107525944709777,0.0074735633601163655,0.2491061848712578,2.192365102042097,0.4958421587944031,0.6644920408725739,0.000237727073705767,0.00022095166357086676,0.0005942731053584464,0.12449622172401484
1781864010.979869,71.17224884033203,rhymes_and_toys,speech_attention_movie,speech_social,2047,1,0.460429157175257,0.4482430994530527,0.4543361283141548,1,0,0.49659277796745305,0.6108105659484864,0.008871914690805652,0.249606704336373,1.8160629323846198,0.4958759546279907,0.6641361713409424,0.000357470672799162,0.00011974359909339502,0.0007358555525438341,0.12396132522777377
1781864011.014482,71.20686197280884,rhymes_and_toys,speech_attention_movie,speech_social,2048,1,0.4640802125734622,0.4636698467711899,0.4638750296723261,1,0,0.49663483202457426,0.6108995079994202,0.008112135452960446,0.2491061000985284,1.7902508142637297,0.49565814435482025,0.6640499234199524,0.0002342648479257844,0.00012320582487337762,0.00046502694118357205,0.12383512512427335
1781864011.048633,71.24101305007935,rhymes_and_toys,speech_attention_movie,speech_social,2049,1,0.4622425972974942,0.46154863941783936,0.4618956183576668,1,0,0.49639912545681,0.610439920425415,0.01145307269881504,0.24836859319201643,1.557418358935769,0.4953453093767166,0.6642524898052216,0.00037269137898014124,0.00013842653105435685,0.0006151511048073971,0.12365456977739454
1781864011.08304,71.27541995048523,rhymes_and_toys,speech_attention_movie,speech_social,2050,1,0.45125686671371945,0.4573630933206245,0.454309980017172,1,0,0.4961260974407196,0.6104354143142701,0.006710203445657654,0.24693087706104683,1.5383407904667192,0.495671346783638,0.6642320156097412,0.00032667963418705695,4.601174479308429e-05,0.000637433500147987,0.12380194267687933
1781864011.118738,71.31111788749695,rhymes_and_toys,speech_attention_movie,speech_social,2051,1,0.4715405470926646,0.44810900253472136,0.459824774813693,1,0,0.49636500477790835,0.6101125657558442,0.005315722565803458,0.24639750287311957,1.8895225224911698,0.4956706315279007,0.6643476188182831,0.0001156054212221246,0.00021107421296493234,0.0006154975450422523,0.1234202005190951
1781864011.151528,71.34390783309937,rhymes_and_toys,speech_attention_movie,speech_social,2052,1,0.4806234266988415,0.4350945254726844,0.457858976085763,1,0,0.496439877152443,0.6104068100452423,0.004444794602546019,0.2455082658591859,2.021351050136922,0.4957010746002197,0.6649224162101746,0.0005756030076167677,0.0004599975863946431,0.0004791048409610037,0.12416881348614393
1781864011.187756,71.380136013031,rhymes_and_toys,speech_attention_movie,speech_social,2053,1,0.4925072644219904,0.4398973580720976,0.46620231124704403,1,0,0.49646711349487305,0.6105647146701813,0.004399878084425079,0.24704368595210832,2.1881538957515847,0.4956216365098953,0.6647216081619263,0.0002159497220087949,0.00035965328560797285,0.0011570032347611443,0.12440183836453803
1781864011.221596,71.41397595405579,rhymes_and_toys,speech_attention_movie,speech_social,2054,1,0.48345226510498557,0.4565059033497424,0.469979084227364,1,0,0.4962896019220352,0.6105371296405793,0.008105768388934169,0.24958318714759323,2.0384635955160264,0.49518436193466187,0.6642379760742188,0.0006520038729991842,0.0004360541509903893,0.0009557282747612243,0.12453882231920997
1781864011.2558231,71.44820308685303,rhymes_and_toys,speech_attention_movie,speech_social,2055,1,0.46913246530837205,0.4456778320343416,0.45740514867135684,1,0,0.49591413140296936,0.6104625105857849,0.006460493377442726,0.2489760269644083,1.6184407447665483,0.49516792595386505,0.6640077233314514,0.00023083861682273465,0.00042116525617644956,0.000382783928866158,0.1250123650526254
1781864011.29055,71.48292994499207,rhymes_and_toys,speech_attention_movie,speech_social,2056,1,0.46095036963432057,0.45120968779516296,0.45608002871474174,1,0,0.495575162768364,0.6100583970546722,0.005666465688674191,0.24778478457805284,1.696414082431771,0.49519090354442596,0.6642717123031616,0.0002649870692177194,3.414845239498474e-05,0.000619498995360129,0.12534159201134382
1781864011.324336,71.51671600341797,rhymes_and_toys,speech_attention_movie,speech_social,2057,1,0.4663247512367691,0.4595930373176662,0.46295889427721765,1,0,0.4955454021692276,0.6100762069225312,0.0071716978509268675,0.24840377413507075,1.7967036014801046,0.49501611292362213,0.6641180515289307,0.00023273030455496442,3.2256764662754974e-05,0.0005390631895785662,0.12454473557179103
1781864011.357878,71.55025792121887,rhymes_and_toys,speech_attention_movie,speech_social,2058,1,0.47263139252498165,0.4473601779989899,0.4599957852619858,1,0,0.4955313712358475,0.6100678682327271,0.007547965662515148,0.24879789357808474,1.7432052709760333,0.49488770961761475,0.6633863151073456,0.000742916953412539,0.0005101866488575746,0.0030302144015121896,0.12417148974286552
1781864011.3938482,71.58622813224792,rhymes_and_toys,speech_attention_movie,speech_social,2059,1,0.46098830704490645,0.45009426104729233,0.4555412840460994,1,0,0.4953897356987,0.6102791428565979,0.007225603924768211,0.2501940017396209,1.8485653299671518,0.4948587417602539,0.6635763645172119,0.00019224441461488393,0.000550672538797655,0.001418339664700408,0.1249763496760528
1781864011.428153,71.62053298950195,rhymes_and_toys,speech_attention_movie,speech_social,2060,1,0.4522191454992475,0.4602393585095232,0.45622925200438535,1,0,0.4954286515712738,0.6103271901607514,0.006768101919164485,0.24908493935132434,1.670582892637997,0.49513332545757294,0.6630912721157074,0.0005574144282585519,0.00036517001364366796,0.002903251332964563,0.12475589954666372
1781864011.4614642,71.65384411811829,rhymes_and_toys,speech_attention_movie,speech_social,2061,1,0.4653120817974355,0.4516468023082295,0.45847944205283253,1,0,0.49554425179958345,0.6102796733379363,0.007928947802595007,0.24983140605367823,2.0440865886942787,0.4950326830148697,0.6638021469116211,0.0007179637015466839,0.000160549273288132,0.004890639763769051,0.12584460217435633
1781864011.496244,71.68862390518188,rhymes_and_toys,speech_attention_movie,speech_social,2062,1,0.47962625571354844,0.4666145717641147,0.47312041373883157,1,0,0.4956226468086242,0.6100853502750396,0.005025802899471237,0.24993124860804697,1.6785106518271888,0.4951922595500946,0.6635718047618866,0.0002802180874581401,0.00043774561408854376,0.0005818127925845576,0.12462128877033564
1781864011.531313,71.72369289398193,rhymes_and_toys,speech_attention_movie,speech_social,2063,1,0.48949939443604484,0.46478391733886043,0.4771416558874526,1,0,0.4956541210412979,0.6099513828754426,0.005415450704026223,0.2467342085663148,1.5456027060033513,0.4950515329837799,0.6643555164337158,0.0007962461623317764,0.0005160280748736363,0.0038845407069683286,0.1248616463067796
1781864011.566234,71.75861406326294,rhymes_and_toys,speech_attention_movie,speech_social,2064,1,0.48259657062549777,0.4674259959844298,0.4750112833049638,1,0,0.4955503821372986,0.6097917199134827,0.007433764455100813,0.24827303709001033,1.4794369467253496,0.4949069768190384,0.6638530492782593,0.000522847709258983,0.00027339845307279337,0.0019063530600000103,0.1239043202787999
1781864011.600372,71.7927520275116,rhymes_and_toys,speech_attention_movie,speech_social,2065,1,0.47901839386928813,0.4711783882269592,0.4750983910481237,1,0,0.49532646834850313,0.6095903635025024,0.005267902771538115,0.24685671445863788,1.302744996976374,0.4950715899467468,0.6634858250617981,0.00040243149351098546,0.00012041621574799757,0.0022063561649789134,0.12365254772784581
1781864011.633093,71.82547307014465,rhymes_and_toys,speech_attention_movie,speech_social,2066,1,0.4929525241974176,0.4734521044972789,0.4832023143473483,1,0,0.49555088281631465,0.6096035480499268,0.003086710782145167,0.24809734276111522,1.8562681111095642,0.4951610416173935,0.6634582877159119,9.359437376219666e-05,0.0003088371197487888,0.00438491392483482,0.12404322021411672
1781864011.668548,71.86092805862427,rhymes_and_toys,speech_attention_movie,speech_social,2067,1,0.47351466257893887,0.47314675116913535,0.4733307068740371,1,0,0.49577672481536866,0.6095384240150452,0.007236176945057675,0.2486795740744163,1.6809403789340869,0.4949325621128082,0.6634999513626099,0.0002322471603092366,0.00013865278654703994,0.0013459577280350407,0.12457282095148707
1781864011.7028322,71.89521217346191,rhymes_and_toys,speech_attention_movie,speech_social,2068,1,0.47545690312876776,0.48568022742517913,0.48056856527697345,1,0,0.4955612897872925,0.6091667652130127,0.006684509828832393,0.248616627219739,1.7643093813156732,0.49499282240867615,0.6630058288574219,0.0004977834402542362,0.0002655362799449996,0.002642078635427848,0.12308832751083573
1781864011.737021,71.92940092086792,rhymes_and_toys,speech_attention_movie,speech_social,2069,1,0.4691621702625433,0.46567115923905683,0.46741666475080007,1,0,0.4955795586109162,0.6089852213859558,0.005195404713979375,0.2481424995178777,1.7751022390007116,0.49509547650814056,0.6620781421661377,0.000933349056528499,0.0004355656162742628,0.0029304480635757467,0.12415000485465638
1781864011.771852,71.96423196792603,rhymes_and_toys,speech_attention_movie,speech_social,2070,1,0.4587999791718793,0.4666477837064826,0.462723881439181,1,0,0.49551124274730685,0.6089486241340638,0.007118799126194097,0.2505243308245568,1.9677806371785864,0.49499259889125824,0.661874383687973,0.00022825713894502784,0.0007050919175834711,0.0030823653965467257,0.12422932366332325
1781864011.806922,71.99930191040039,rhymes_and_toys,speech_attention_movie,speech_social,2071,1,0.4502523093684539,0.46340375361689623,0.45682803149267504,1,0,0.495524537563324,0.6094280719757079,0.009031277297653437,0.24888754470417243,1.8612183496995542,0.4948588162660599,0.6631477475166321,0.0012803723016928397,0.001052115162747812,0.0023103291400697707,0.12482894964017875
1781864011.841119,72.03349900245667,rhymes_and_toys,speech_attention_movie,speech_social,2072,1,0.4616922200164022,0.4656106709804895,0.46365144549844584,1,0,0.49561288058757785,0.609441202878952,0.006088094814971112,0.2483016694415322,1.5599774396284176,0.49515797197818756,0.6628909111022949,0.00039428299966926173,0.0008860893020235779,0.0018918357833959173,0.12412081783576212
1781864011.876199,72.06857895851135,rhymes_and_toys,speech_attention_movie,speech_social,2073,1,0.462843585289427,0.45471751313580105,0.458780549212614,1,0,0.4958165615797043,0.6091596722602844,0.007472087391079355,0.24813116730868967,1.6067356723707287,0.49508973956108093,0.6628492474555969,7.994699619365647e-05,0.00031433600347560524,0.001342209504188108,0.12464049915975801
1781864011.9096498,72.10202980041504,rhymes_and_toys,speech_attention_movie,speech_social,2074,1,0.4717270693942137,0.4639457822003968,0.4678364257973052,1,0,0.4957086324691773,0.6092088162899016,0.00523624468493948,0.24797593492008166,1.8970898934617362,0.4948800951242447,0.6619841456413269,0.0008901415274829418,0.0008101945312892853,0.0017060679860374768,0.12417832217345666
1781864011.943657,72.13603687286377,rhymes_and_toys,speech_attention_movie,speech_social,2075,1,0.4703659313834146,0.4369445071464394,0.453655219264927,1,0,0.4957188040018081,0.6091263890266418,0.00811378556500466,0.24855628612843364,1.5447627565925104,0.494692862033844,0.6619798243045807,0.00018728295195310577,0.000702858575529836,0.00604348767772601,0.12460539754689755
1781864011.978395,72.17077493667603,rhymes_and_toys,speech_attention_movie,speech_social,2076,1,0.48419110073486343,0.45447934600826567,0.4693352233715645,1,0,0.49557432830333714,0.6090298116207122,0.005352017384330651,0.25002045642976267,1.4849753366749703,0.49497996270656586,0.6622582674026489,0.00039994669037158464,0.00021266373841847888,0.0005375230301636208,0.12312208210306692
1781864012.0132391,72.20561909675598,rhymes_and_toys,speech_attention_movie,speech_social,2077,1,0.47969696470289724,0.4555828024688005,0.46763988358584885,1,0,0.49563900232315067,0.6090977787971497,0.005592017463760139,0.24801085882707324,1.469045701990734,0.4950268864631653,0.6631571352481842,0.0009000917968022124,0.0005001451064306278,0.0027742140809415396,0.12391000315250857
1781864012.0484748,72.24085474014282,rhymes_and_toys,speech_attention_movie,speech_social,2078,1,0.46898970282390057,0.4594541868168466,0.4642219448203736,1,0,0.4954576790332794,0.6092588722705841,0.009311377015191523,0.24955381476878324,1.885215072065061,0.49473899602890015,0.6628048717975616,0.00045494004086899274,0.0004451517559332197,0.005137424263292091,0.12332227423062687
1781864012.083112,72.27549195289612,rhymes_and_toys,speech_attention_movie,speech_social,2079,1,0.484424529674656,0.4584094556426941,0.47141699265867504,1,0,0.49549076557159427,0.6095060646533965,0.008279214250744224,0.2501220882035909,1.7651238000779774,0.49462853372097015,0.6625855267047882,0.0002455894769671706,0.00020935056390182212,0.004361013254829819,0.12376688294064392
1781864012.1151528,72.307532787323,rhymes_and_toys,speech_attention_movie,speech_social,2080,1,0.4743616236650456,0.4773993230743629,0.47588047336970424,1,0,0.49544494450092313,0.6097722053527832,0.008224410048559725,0.24746091964700065,1.5370901385414535,0.4946795701980591,0.6633920073509216,0.0008080939020815786,0.000562504425114408,0.0025349261650991608,0.12376744772597234
1781864012.150569,72.34294891357422,rhymes_and_toys,speech_attention_movie,speech_social,2081,1,0.46622297698195453,0.4678224692030553,0.4670227230925049,1,0,0.49545403718948366,0.6095294117927552,0.007860113142904657,0.24872977071809602,1.3605653450803261,0.4946923553943634,0.6629849076271057,0.00040730043748507896,0.0004007934645964996,0.003458001476672424,0.12361884965031732
1781864012.185878,72.37825798988342,rhymes_and_toys,speech_attention_movie,speech_social,2082,1,0.4659702608323344,0.464972189482593,0.4654712251574637,1,0,0.49546145200729375,0.6096199929714203,0.007940760269314144,0.249210643009037,1.658326136407425,0.49480243027210236,0.6628341376781464,0.0001866763408106409,0.00022062409667443806,0.0020465479530099085,0.12402423406662627
1781864012.2210932,72.41347312927246,rhymes_and_toys,speech_attention_movie,speech_social,2083,1,0.47367967583533077,0.46213427717039607,0.4679069765028634,1,0,0.4955247789621353,0.6095619201660156,0.008998316467738623,0.2486545695339546,1.5404081293271168,0.4947277158498764,0.6629199385643005,0.00011377186362804961,7.290447718259128e-05,0.0005448333103720937,0.12387478038263289
1781864012.255305,72.44768500328064,rhymes_and_toys,speech_attention_movie,speech_social,2084,1,0.47633022145528925,0.4812964057354096,0.4788133135953494,1,0,0.4955969750881195,0.6097431242465973,0.007505958739324135,0.24805825038026993,1.7880529651616628,0.49484406411647797,0.6627989709377289,0.0001678394644282676,5.406760080021799e-05,0.0021006847580622243,0.12392902414223037
1781864012.290603,72.48298287391663,rhymes_and_toys,speech_attention_movie,speech_social,2085,1,0.46076095808244194,0.47104788971868883,0.4659044239005654,1,0,0.4955150008201599,0.609679251909256,0.007358983731584026,0.24845904595228716,1.755487625439369,0.49493570625782013,0.66372150182724,0.0009270714773802147,0.0007592320129519471,0.005390897995095094,0.12402908879818683
1781864012.322711,72.51509094238281,rhymes_and_toys,speech_attention_movie,speech_social,2086,1,0.4740202683964805,0.45469264473089893,0.46435645656368973,1,0,0.49554411768913265,0.6095098495483398,0.008231359607546845,0.2482609075361233,1.7396664287568921,0.494766429066658,0.6633557379245758,0.00040303597846826083,0.0005240354989119538,0.001213544087307249,0.12363240700105342
1781864012.3564422,72.54882216453552,rhymes_and_toys,speech_attention_movie,speech_social,2087,1,0.47558075323740484,0.4573526099991875,0.4664666816182962,1,0,0.4956510335206985,0.6093228936195374,0.0058988537861248665,0.25053637798908035,1.452077856936076,0.4949054569005966,0.6627908051013947,0.0005817884781577284,0.0001787524996894676,0.0007397893291076549,0.12276987514197953
1781864012.392072,72.58445191383362,rhymes_and_toys,speech_attention_movie,speech_social,2088,1,0.47737994917553744,0.4427882856134243,0.46008411739448085,1,0,0.49581120908260345,0.6091869950294495,0.009170118062309133,0.2503046120095709,1.608515825163732,0.4948264956474304,0.6623410582542419,0.0004566257833558893,0.00012516269480183912,0.0005728660927000704,0.12317771594850369
1781864012.427673,72.62005305290222,rhymes_and_toys,speech_attention_movie,speech_social,2089,1,0.46733128162980286,0.44898368917465636,0.4581574854022296,1,0,0.4958812415599823,0.60903200507164,0.011245199455490896,0.2502022360571945,1.6642553271759568,0.4948921799659729,0.6616624891757965,0.0006817407307214939,0.00022511494736560453,0.0031705711841678594,0.12397547216529597
1781864012.460279,72.65265893936157,rhymes_and_toys,speech_attention_movie,speech_social,2090,1,0.4617317543986731,0.4663428846448449,0.464037319521759,1,0,0.495686623454094,0.609098482131958,0.01047073846181946,0.24893176224869928,1.7338807968327907,0.4948895424604416,0.6621055006980896,0.0004430193735265642,0.00023872135719492967,0.002297366937776972,0.12411912265790866
1781864012.496052,72.68843197822571,rhymes_and_toys,speech_attention_movie,speech_social,2091,1,0.46277749662882045,0.47622303289205425,0.4695002647604374,1,0,0.49559611380100255,0.6090631306171417,0.009591828169619027,0.24619886960690268,1.7553970061792532,0.49498651921749115,0.662695437669754,0.0005978545993336895,0.00015483522580712536,0.007421756262705049,0.12400762064756765
1781864012.5298,72.72217988967896,rhymes_and_toys,speech_attention_movie,speech_social,2092,1,0.46096566252143817,0.4584303528214634,0.45969800767145075,1,0,0.4956406146287918,0.608539742231369,0.010294486860823607,0.24798018619072704,2.018831415408693,0.4948946088552475,0.6621703207492828,0.0005330997044202022,6.475489491348737e-05,0.003595550978526634,0.1248782022556689
1781864012.563363,72.7557430267334,rhymes_and_toys,speech_attention_movie,speech_social,2093,1,0.4641399179047806,0.454688560537156,0.4594142392209683,1,0,0.4956062465906143,0.6085277974605561,0.011562628086170907,0.24926102752202325,2.0104034091076977,0.4948607385158539,0.6620948612689972,8.271235128817395e-05,0.0004503873531320282,0.0006780944118479419,0.12506945318725843
1781864012.5985081,72.79088807106018,rhymes_and_toys,speech_attention_movie,speech_social,2094,1,0.4728306617081465,0.46068120203563323,0.4667559318718899,1,0,0.49556170403957367,0.6077957212924958,0.01085730524960306,0.24908971332653435,1.9199578844336802,0.49482354521751404,0.6618770658969879,0.0002209483322183178,0.00013823598093014384,0.003627881626435756,0.1236514552557323
1781864012.6327171,72.82509708404541,rhymes_and_toys,speech_attention_movie,speech_social,2095,1,0.46606361778152405,0.4468349152011618,0.45644926649134293,1,0,0.49561625719070435,0.6078807771205902,0.010339287445995335,0.24956982776946543,1.2644708047025213,0.4946288913488388,0.6612574756145477,0.0006494476473777877,0.0004284993151594699,0.004370257096159101,0.12353895566387094
1781864012.666643,72.85902285575867,rhymes_and_toys,speech_attention_movie,speech_social,2096,1,0.4601724027987717,0.4508094066841954,0.45549090474148357,1,0,0.49544485509395597,0.6079956054687501,0.010196121841794546,0.2500618241140221,1.5719098053642064,0.49465498328208923,0.6611498296260834,0.00011076302547878016,0.0005386846218990075,0.0032901741035774694,0.12307367451732004
1781864012.7029839,72.89536380767822,rhymes_and_toys,speech_attention_movie,speech_social,2097,1,0.47572243470431624,0.4694925108665874,0.4726074727854518,1,0,0.4954157680273056,0.6079454779624939,0.007591150918624869,0.24975618004784916,1.6728983527128092,0.49481141567230225,0.6608818769454956,0.000310273640101648,0.00019951061462286787,0.0009144905955351883,0.122362887235536
1781864012.7359412,72.92832112312317,rhymes_and_toys,speech_attention_movie,speech_social,2098,1,0.474853618028303,0.4697963767313352,0.4723249973798191,1,0,0.4955936640501022,0.6079375565052032,0.006712358294296288,0.24886407402924818,1.8318503246869162,0.49471476674079895,0.6612087190151215,0.000340832443347227,3.0558803245578966e-05,0.0011873723243159449,0.12297431687240226
1781864012.7711182,72.96349811553955,rhymes_and_toys,speech_attention_movie,speech_social,2099,1,0.4800487315165903,0.4583228519547303,0.46918579173566033,1,0,0.4955719351768494,0.6077815949916839,0.008012157020227135,0.24905081712418684,1.9423759112561894,0.494623526930809,0.6611599922180176,0.0001034359883357879,0.00023739645501143908,0.0009800497589326927,0.12340807536528138
1781864012.805571,72.9979510307312,rhymes_and_toys,speech_attention_movie,speech_social,2100,1,0.4977969284127354,0.46601079734466583,0.4819038628787006,1,0,0.49536945819854733,0.6076697528362274,0.005253267410705982,0.24923647376175856,1.500843443123113,0.4950568675994873,0.6614576280117035,0.0005257101870932172,0.0004222741987574293,0.0006642075558593055,0.12324798891130273
1781864012.838906,73.03128600120544,rhymes_and_toys,speech_attention_movie,speech_social,2101,1,0.48760362981795574,0.469158832608975,0.4783812312134654,1,0,0.49534583687782285,0.6076172947883607,0.006723907157014401,0.2467220017384923,1.385233398246301,0.4949286878108978,0.6615198850631714,0.00014249911810365476,0.00038321106898956244,0.0033864551237009523,0.12320254098805962
1781864012.873461,73.06584095954895,rhymes_and_toys,speech_attention_movie,speech_social,2102,1,0.4701180394789118,0.45576900818125926,0.4629435238300855,1,0,0.49527411460876464,0.6076627433300019,0.006906927517143267,0.24800813475298578,1.2515131364146037,0.49474450945854187,0.6615664660930634,0.0001899775192551778,4.7478401151523046e-05,0.00156518344134847,0.12403829908100555
1781864012.908685,73.10106492042542,rhymes_and_toys,speech_attention_movie,speech_social,2103,1,0.4822144018599034,0.4549579267372383,0.4685861642985708,1,0,0.4952696353197098,0.6076974511146546,0.005706777057469818,0.25062861988011,1.413799611085154,0.4948190599679947,0.6610932946205139,0.0004790083724678296,0.0002890308532126518,0.0016828823317615576,0.12441695345751799
1781864012.9417129,73.13409280776978,rhymes_and_toys,speech_attention_movie,speech_social,2104,1,0.48794287748815796,0.4584711453041144,0.4732070113961362,1,0,0.4952712804079056,0.6078301668167114,0.005943271671372976,0.2488135994332976,1.4376339241751483,0.4948675334453583,0.6620812714099884,0.0009891652109471063,0.0005101568384792768,0.000407533406186013,0.12440327481542372
1781864012.977754,73.1701340675354,rhymes_and_toys,speech_attention_movie,speech_social,2105,1,0.494508191725908,0.4641073686666697,0.47930778019628884,1,0,0.49529034197330474,0.6077855706214905,0.005385182392533447,0.2483125542768976,1.5518738623718422,0.4948086142539978,0.6621009409427643,6.211571162108252e-05,0.0009270494993260238,0.0004491982536869264,0.12397468606974268
1781864013.0114272,73.20380711555481,rhymes_and_toys,speech_attention_movie,speech_social,2106,1,0.485227170765082,0.45274574625764447,0.4689864585113632,1,0,0.49516379535198213,0.6077811241149902,0.006255333352527238,0.24854756433341968,1.5628277112457525,0.4947105050086975,0.6615218818187714,0.000587311580928591,0.0005251958693075085,0.0004937543364108095,0.12451061635665511
1781864013.045006,73.23738598823547,rhymes_and_toys,speech_attention_movie,speech_social,2107,1,0.4804388750477442,0.4530461018021548,0.4667424884249495,1,0,0.4950634509325027,0.6077100515365601,0.008040514052725482,0.2486270812247101,1.607559619825988,0.4945254623889923,0.6617117822170258,0.0002651470014247587,0.0003221645795038323,0.0006170307910982636,0.12428601945340054
1781864013.080587,73.27296686172485,rhymes_and_toys,speech_attention_movie,speech_social,2108,1,0.48316948039981755,0.4523301518060535,0.46774981610293553,1,0,0.49484226405620574,0.607679831981659,0.006699256848300766,0.24934361082222734,1.5429230263317877,0.49462564289569855,0.6614076793193817,0.0003201791783976932,5.503217697293446e-05,0.0005258834858030048,0.12431161253971573
1781864013.115913,73.30829286575317,rhymes_and_toys,speech_attention_movie,speech_social,2109,1,0.4758696935518241,0.45987201250107534,0.4678708530264497,1,0,0.4949534386396408,0.6079584121704101,0.006941126954455127,0.24725451593053013,1.8434771043880367,0.4945126622915268,0.6618681252002716,0.00047410444645403134,0.00015392526805633815,0.0015302098247883765,0.1243257819819682
1781864013.1480372,73.34041714668274,rhymes_and_toys,speech_attention_movie,speech_social,2110,1,0.47311512556555824,0.4659575770776685,0.46953635132161337,1,0,0.4949643164873123,0.6080067694187163,0.011089326505042608,0.2460082369647148,1.953004178432068,0.4943055659532547,0.6622141003608704,0.00040322165749999607,7.088278895403527e-05,0.0009263891770491237,0.12398737610377383
1781864013.183899,73.3762788772583,rhymes_and_toys,speech_attention_movie,speech_social,2111,1,0.4593128961908908,0.45908127465763005,0.4591970854242604,1,0,0.4950521558523178,0.6078374207019805,0.008022976300435233,0.24814318785197745,1.8051105348210603,0.4943915456533432,0.6617148220539093,0.0005066274140127147,0.00010340575651271862,0.0007279313592500448,0.12371152498667326
1781864013.218357,73.41073703765869,rhymes_and_toys,speech_attention_movie,speech_social,2112,1,0.46267417589336335,0.4551991421294576,0.45893665901141045,1,0,0.4948816269636154,0.607568871974945,0.006919255060807081,0.24806045448728553,2.2500288296938273,0.4946104735136032,0.6614516079425812,0.00034236103224561195,0.00016426638176710273,0.0047491598938695,0.12377141273186157
1781864013.252099,73.44447898864746,rhymes_and_toys,speech_attention_movie,speech_social,2113,1,0.4823644967365294,0.47145319785261913,0.4769088472945743,1,0,0.49502601921558376,0.60781130194664,0.009914826855055469,0.24541320363460767,2.154108587369189,0.49426257610321045,0.6626513004302979,0.0012491175578150414,0.0009067565255694294,0.0018037198670667598,0.12411106643022676
1781864013.287146,73.47952604293823,rhymes_and_toys,speech_attention_movie,speech_social,2114,1,0.4714459122131742,0.4609284161277998,0.466187164170487,1,0,0.4948927491903305,0.607721334695816,0.00800476805507924,0.2452816236918089,1.6426297354820014,0.49417373538017273,0.6624234914779663,0.0002445191052499989,0.0010045984525650425,0.006689023041801341,0.12449375299055174
1781864013.321816,73.51419591903687,rhymes_and_toys,speech_attention_movie,speech_social,2115,1,0.459270677376511,0.4589073585890779,0.45908901798279445,1,0,0.4947316348552704,0.6074756026268006,0.007938897669466276,0.24618328422699665,1.6421349072357683,0.49418339133262634,0.6623858213424683,3.8887999771493155e-05,0.00020563110547850571,0.005556132909958755,0.12481235582188473
1781864013.3556302,73.5480101108551,rhymes_and_toys,speech_attention_movie,speech_social,2116,1,0.4639822816827582,0.46975372745703253,0.46686800456989536,1,0,0.4945167005062103,0.6077651619911194,0.005212208197317436,0.24636558756821134,1.5896931474354954,0.4943996071815491,0.6624984741210938,0.00024380308008189693,0.0002049150803104038,0.012346385330176545,0.12399420510359856
1781864013.39069,73.58307003974915,rhymes_and_toys,speech_attention_movie,speech_social,2117,1,0.46387550647536696,0.4485722017231736,0.45622385409927024,1,0,0.4912086695432663,0.6109735190868377,0.003086896816615697,0.24442605480072002,1.5099414389685157,0.49448783695697784,0.6632567048072815,0.0007633467539388301,0.0005195436738569332,0.006493373415728077,0.12876908184059932
1781864013.4242449,73.61662483215332,rhymes_and_toys,speech_attention_movie,speech_social,2118,1,0.4644137832613567,0.46808062140063383,0.46624720233099526,1,0,0.4900049865245819,0.6117605149745942,0.005008666730054862,0.24188231990266587,1.5622779793975534,0.49408987164497375,0.6642726361751556,0.0010910971239028837,0.00032775036996405356,0.0005933762394712016,0.12982066025502698
1781864013.459712,73.65209197998047,rhymes_and_toys,speech_attention_movie,speech_social,2119,1,0.46430442813339357,0.4427001326637911,0.4535022803985923,1,0,0.4899068117141724,0.6119833111763,0.004747034279322062,0.24228462585172827,1.410411525253166,0.49411730468273163,0.6638292670249939,0.00044421703577842586,0.0006468800881244579,0.0008770832447144344,0.13075893905773162
1781864013.49375,73.68613004684448,rhymes_and_toys,speech_attention_movie,speech_social,2120,1,0.4567683348394365,0.4500461230365213,0.4534072289379789,1,0,0.4900378346443176,0.6123336136341095,0.003125893990086906,0.24299811750197434,1.509486501189729,0.49429871141910553,0.6634992063045502,0.0003766277780271409,6.758925775128495e-05,0.0029008666303991315,0.1327136860979068
1781864013.528516,73.7208960056305,rhymes_and_toys,speech_attention_movie,speech_social,2121,1,0.4548193747428904,0.44709953872998015,0.4509594567364353,1,0,0.48989228904247284,0.6120079040527344,0.002740071064682268,0.2435561186264796,1.5659009702078468,0.4944259822368622,0.6637362539768219,0.00026905289439419145,0.00010757488363294946,0.002216450635585851,0.1324714268043133
1781864013.5625641,73.75494408607483,rhymes_and_toys,speech_attention_movie,speech_social,2122,1,0.4586533458022626,0.4440038248677772,0.45132858533501985,1,0,0.4898302048444748,0.6119290828704833,0.005427609531919541,0.2431884045015647,1.8119393406819453,0.49417825043201447,0.6641325652599335,0.0004673688909786875,0.00019831599658449604,0.007126673914674344,0.13128654924779043
1781864013.597908,73.79028797149658,rhymes_and_toys,speech_attention_movie,speech_social,2123,1,0.4654014083901527,0.4489219067019217,0.4571616575460372,1,0,0.4896635562181473,0.612222546339035,0.0047772339396776635,0.24278346478057058,1.6217280896591089,0.49423596262931824,0.6637047231197357,0.00043171703075813906,3.565186022054843e-05,0.0009534324646466905,0.13094048299728078
1781864013.631715,73.82409501075745,rhymes_and_toys,speech_attention_movie,speech_social,2124,1,0.46190569449176644,0.45777147795581286,0.45983858622378965,1,0,0.48983238339424134,0.6122604012489319,0.003740770528013158,0.24417419347297845,1.2169387701925496,0.49433645606040955,0.6636054813861847,0.00014123686264823468,0.0002904801681099044,0.0024313452248453603,0.1322140385014035
1781864013.665996,73.85837602615356,rhymes_and_toys,speech_attention_movie,speech_social,2125,1,0.4584042870383024,0.4715105048118573,0.46495739592507984,1,0,0.48983042240142827,0.6123936653137207,0.007042831323324854,0.24345056574104756,1.286298510284202,0.49396270513534546,0.6634257137775421,0.0004147362379914876,0.0002734993753432529,0.0005237102353556894,0.13113854387475515
1781864013.699808,73.89218783378601,rhymes_and_toys,speech_attention_movie,speech_social,2126,1,0.47097679411802623,0.4676973812603381,0.46933708768918214,1,0,0.489626532793045,0.6122822284698486,0.0037787481540899667,0.24441981779316188,1.2658854463854092,0.49400198459625244,0.663488894701004,7.439559891985145e-05,0.00034034063907163617,0.00043453642692096566,0.1316182841048661
1781864013.734163,73.92654299736023,rhymes_and_toys,speech_attention_movie,speech_social,2127,1,0.441235250511473,0.4471067266646323,0.44417098858805265,1,0,0.4915072351694107,0.6108775794506074,0.0037456571935969873,0.24383926514096754,1.1233143570439699,0.49392569065093994,0.6641450524330139,0.000660578334013239,0.0005861827350933876,0.003794463788552222,0.12942113266500252
1781864013.7697191,73.96209907531738,rhymes_and_toys,speech_attention_movie,speech_social,2128,1,0.44491382494148146,0.4266735595671554,0.4357936922543184,1,0,0.49388620257377625,0.6089704871177674,0.0038046076975254933,0.24547109738972966,1.8849960125667995,0.4938110411167145,0.6638655662536621,0.00030208780204898385,0.0003584905319642552,0.0008672786637576991,0.12657606376787622
1781864013.8036869,73.99606680870056,rhymes_and_toys,speech_attention_movie,speech_social,2129,1,0.4470161521255831,0.4299162951717233,0.4384662236486532,1,0,0.4940342307090759,0.6086582124233246,0.005481850807300753,0.246591486937324,1.5951440916040522,0.4938344210386276,0.6628331542015076,0.0010326767481562734,0.0007305889461072896,0.0008698865805424182,0.12489452501592824
1781864013.8383849,74.03076481819153,rhymes_and_toys,speech_attention_movie,speech_social,2130,1,0.45633616190445314,0.43093029937502053,0.4436332306397368,1,0,0.4941341459751129,0.6087825834751129,0.0037181503935029285,0.24853690301958084,1.758238581536571,0.4938530772924423,0.6623356640338898,0.0004978398564626812,0.0005348368916935922,0.0010587971836084418,0.12456161395555114
1781864013.873214,74.065593957901,rhymes_and_toys,speech_attention_movie,speech_social,2131,1,0.4642202228647787,0.4568629334763568,0.46054157817056773,1,0,0.4941274285316467,0.6086530625820159,0.009388739025710378,0.2481059694036962,1.9837766856227161,0.493512824177742,0.663093090057373,0.0008303411125031423,0.0003325012560404611,0.001657375916565967,0.12315443972878055
1781864013.907381,74.09976100921631,rhymes_and_toys,speech_attention_movie,speech_social,2132,1,0.4696246120035209,0.42809904186922276,0.44886182693637183,1,0,0.4940324366092682,0.6086067497730254,0.00320972368953281,0.2479675785056949,1.704825146753326,0.4938410371541977,0.6619518995285034,0.001187450875234696,0.0003571097627315537,0.002967518879788338,0.12329432992638173
1781864013.943253,74.13563299179077,rhymes_and_toys,speech_attention_movie,speech_social,2133,1,0.4743578461634248,0.43187794435605503,0.4531178952597399,1,0,0.49416141510009765,0.6089756906032562,0.0046982880513826,0.2476603736681366,1.8250642327851816,0.49363502860069275,0.6624724864959717,0.0005598663365616835,0.0006275845386730125,0.0007951182076698329,0.12391385134064356
1781864013.9761229,74.16850280761719,rhymes_and_toys,speech_attention_movie,speech_social,2134,1,0.47585460249730943,0.43471291980349186,0.45528376115040065,1,0,0.4943588703870774,0.6090579867362975,0.003667181325588193,0.24813094131158106,1.6138294284942913,0.493658185005188,0.6619470119476318,0.000525984524508193,3.388181205349046e-05,0.00236542366578943,0.12370983349515223
1781864014.0104818,74.20286178588867,rhymes_and_toys,speech_attention_movie,speech_social,2135,1,0.45742724124767653,0.44650547969292265,0.4519663604702996,1,0,0.49446279108524327,0.6092766165733338,0.0027230173561603793,0.24910274949961864,1.5521918572077473,0.49381783604621887,0.6616926193237305,0.00030033991076389995,0.00022564461374429307,0.002094281419664778,0.12449065200162801
1781864014.044906,74.23728585243225,rhymes_and_toys,speech_attention_movie,speech_social,2136,1,0.4465404138361594,0.44722947326053425,0.44688494354834685,1,0,0.4943353712558746,0.6095496237277984,0.001350484297815401,0.24846925321977556,1.878264351586444,0.49399712681770325,0.6635991334915161,0.0019149259653330859,0.0016145860545691859,0.006888370474137923,0.12502849715135234
1781864014.079574,74.27195405960083,rhymes_and_toys,speech_attention_movie,speech_social,2137,1,0.4705199089881591,0.4226955742016423,0.4466077415949007,1,0,0.4945239990949631,0.6101850271224976,0.003482738702621772,0.24862977569369968,1.2024838498719301,0.49398742616176605,0.6635496020317078,5.047245027099423e-05,0.0018644535150620916,0.004552974667402505,0.12448748105658151
1781864014.1148548,74.30723476409912,rhymes_and_toys,speech_attention_movie,speech_social,2138,1,0.47249266901526166,0.43649935075329915,0.4544960098842804,1,0,0.49447559118270873,0.6097937881946563,0.003109993720317364,0.24852441292307392,1.4252502978145858,0.49397048354148865,0.6630658805370331,0.0004840181161817947,0.0004335456659108005,0.0011905268861192152,0.12266620367630064
1781864014.1472461,74.33962607383728,rhymes_and_toys,speech_attention_movie,speech_social,2139,1,0.4653551713617093,0.44181533102013154,0.4535852511909204,1,0,0.49473828077316284,0.6099544644355774,0.005841301578776701,0.24963994649995308,1.7969957248608706,0.4935656189918518,0.6626502573490143,0.0005802223177124022,9.620420153060749e-05,0.0009465716098620215,0.12285444265034447
1781864014.184214,74.37659406661987,rhymes_and_toys,speech_attention_movie,speech_social,2140,1,0.45371841152960923,0.4555550614652726,0.4546367364974409,1,0,0.4945350229740143,0.6105090320110321,0.006359699627037816,0.25134575232127676,1.4366555119501214,0.4935225695371628,0.662199079990387,0.0004532265046165628,0.00012699581309583938,0.0005746909627734637,0.12272709849369699
1781864014.2169259,74.40930581092834,rhymes_and_toys,speech_attention_movie,speech_social,2141,1,0.4595493057625105,0.4481633228567504,0.45385631430963047,1,0,0.49436760544776914,0.6105578005313874,0.005175468141372056,0.2500525930440444,1.413081442691543,0.4937240183353424,0.6625132262706757,0.00037318829524415686,8.003820937240596e-05,0.002474482089213845,0.12366105574675497
1781864014.251729,74.4441089630127,rhymes_and_toys,speech_attention_movie,speech_social,2142,1,0.4625701264343845,0.44139683716584577,0.45198348180011516,1,0,0.49447068274021144,0.6100996911525727,0.00328421878363606,0.2517452119931699,1.404546127990458,0.4939306229352951,0.6629649996757507,0.000496774264887726,0.0001235859696435691,0.0006196229591322463,0.12409495570179926
1781864014.285722,74.47810196876526,rhymes_and_toys,speech_attention_movie,speech_social,2143,1,0.4632980597126061,0.42781297942153684,0.4455555195670715,1,0,0.49473507702350616,0.6100692689418792,0.005468515272831676,0.2506491746373304,1.2593730345068284,0.4940739721059799,0.6632071733474731,0.00028141974346434666,0.0002153545214233793,0.007615503499491472,0.12463524114805079
1781864014.32108,74.51345992088318,rhymes_and_toys,speech_attention_movie,speech_social,2144,1,0.4541045595423234,0.4394972108558676,0.44680088519909555,1,0,0.49477661550045016,0.6102519631385803,0.007295136000132001,0.2490555456782965,1.4591220815406942,0.49402664601802826,0.6634187400341034,0.0002167953447205688,6.462439874377785e-05,0.0015689432987738166,0.12381380290408706
1781864014.3542001,74.54658007621765,rhymes_and_toys,speech_attention_movie,speech_social,2145,1,0.45897237944339103,0.43938392916526925,0.44917815430433017,1,0,0.49484966695308685,0.6102721452713012,0.005820144053502031,0.2483958048148712,1.495208494283403,0.49411848187446594,0.663822203874588,0.0004137836332024757,0.00019698828848190687,0.004734159918898315,0.1243964346533198
1781864014.3890638,74.5814437866211,rhymes_and_toys,speech_attention_movie,speech_social,2146,1,0.4566055768415306,0.4470372142084256,0.45182139552497813,1,0,0.4949031203985214,0.6103857696056366,0.004973045720988974,0.2469447748805998,1.3350746672789024,0.49430516362190247,0.6638492047786713,0.00018862429230421754,0.00022515934089825814,0.008283817226112778,0.12356072390350185
1781864014.424225,74.61660504341125,rhymes_and_toys,speech_attention_movie,speech_social,2147,1,0.4523454565533,0.4358276894405748,0.44408657299693743,1,0,0.49486347436904904,0.6100187063217163,0.004601978699558927,0.24865602711665885,1.3716916324956414,0.49437257647514343,0.6630099415779114,0.0008419662777877862,0.0006533419854835687,0.002407339879346565,0.12506056021501777
1781864014.457673,74.65005302429199,rhymes_and_toys,speech_attention_movie,speech_social,2148,1,0.46222501978101077,0.43572334645936633,0.44897418312018855,1,0,0.49494766891002656,0.6094112694263458,0.006293199625332227,0.24862741390901144,1.4332341570380382,0.49433495104312897,0.6629609763622284,6.175164355024274e-05,0.0007802146342375436,0.0013907708744330218,0.12308500671197302
1781864014.492898,74.68527793884277,rhymes_and_toys,speech_attention_movie,speech_social,2149,1,0.4610633823579636,0.4348673157674658,0.4479653490627147,1,0,0.4949690192937851,0.6095953702926635,0.0058297645627794934,0.24906601215858512,1.4999513409281262,0.49435773491859436,0.6627006232738495,0.0002613481119305382,0.00019959646838029545,0.0016550999600219603,0.12462546774087413
1781864014.526239,74.7186188697815,rhymes_and_toys,speech_attention_movie,speech_social,2150,1,0.4671195881895036,0.4441976884186171,0.4556586383040604,1,0,0.4946915239095688,0.6093366086483002,0.008482447506859525,0.25032833294605566,1.6405097209086057,0.4940703958272934,0.6623833477497101,0.0004280508282991608,0.0001667027163686226,0.0006928601492999102,0.12411746247952278
1781864014.561086,74.7534658908844,rhymes_and_toys,speech_attention_movie,speech_social,2151,1,0.46161084034978384,0.4348429114261163,0.44822687588795007,1,0,0.4947252839803696,0.6093692183494568,0.009893737777698182,0.24846269748416822,1.3989917375591003,0.49393197894096375,0.662135511636734,0.00028386964141359836,0.00014418118688556243,0.0007665040500235788,0.12540832551868947
1781864014.596552,74.78893184661865,rhymes_and_toys,speech_attention_movie,speech_social,2152,1,0.45156801668155866,0.43008879533513605,0.4408284060083474,1,0,0.49458991885185244,0.6088437974452972,0.005502365230673837,0.250777701343789,1.6647597679645385,0.4940345883369446,0.6615870296955109,0.0005579974265097114,0.00027412778509611305,0.0006471023452439297,0.12505362446896487
1781864014.630784,74.82316398620605,rhymes_and_toys,speech_attention_movie,speech_social,2153,1,0.462972837730543,0.43371184091516957,0.4483423393228563,1,0,0.4946829408407211,0.6086766362190247,0.008459967616622443,0.2502390800039757,1.6360771819241235,0.4939054995775223,0.6616838276386261,0.00016134977409506708,0.0003966476524146443,0.0004829067138895784,0.1252260802803596
1781864014.663889,74.85626888275146,rhymes_and_toys,speech_attention_movie,speech_social,2154,1,0.45461098323866883,0.44985210597477376,0.4522315446067213,1,0,0.4947251439094543,0.6085828244686127,0.010334488185692528,0.2514761081243454,1.7696544174138862,0.4938701391220093,0.661062628030777,0.0006222052029724508,0.0004608554288773837,0.0005860642946320789,0.12441539811041594
1781864014.699541,74.891921043396,rhymes_and_toys,speech_attention_movie,speech_social,2155,1,0.46791836884504234,0.4458192313147721,0.4568688000799072,1,0,0.49480431377887724,0.6087768495082855,0.009441809379348671,0.25046183154791324,1.6301853658630299,0.4941234290599823,0.6618208885192871,0.0007994465342435361,0.0001772413312710853,0.0004559595104979101,0.1234952213650971
1781864014.734754,74.92713403701782,rhymes_and_toys,speech_attention_movie,speech_social,2156,1,0.4595051707325151,0.4363643558260493,0.4479347632792822,1,0,0.4948324799537659,0.6087436556816102,0.00986141226187489,0.2498355065676541,1.5802309857447205,0.49401402473449707,0.6617213487625122,0.00014791034315991816,0.000651536191083618,0.0007168475115376981,0.12409186914707371
1781864014.7679412,74.96032118797302,rhymes_and_toys,speech_attention_movie,speech_social,2157,1,0.4707177613961668,0.44211105276248164,0.45641440707932424,1,0,0.49472626149654386,0.6088716030120849,0.006980589003538409,0.2490332381554519,1.5226412544498709,0.4942113310098648,0.6617897152900696,0.00020881510575085854,6.090476259094037e-05,0.0013300053054819834,0.12371976151532947
1781864014.803242,74.99562191963196,rhymes_and_toys,speech_attention_movie,speech_social,2158,1,0.47804004211884626,0.4484214760088267,0.4632307590638365,1,0,0.4948255270719528,0.6089413881301879,0.007031309135509285,0.2484848543447618,1.2799124806139728,0.4941774010658264,0.6616082787513733,0.00018458184817727433,2.4233257573584203e-05,0.001748470873788426,0.12452803520400517
1781864014.8370008,75.02938079833984,rhymes_and_toys,speech_attention_movie,speech_social,2159,1,0.46626144789061785,0.4527681610614083,0.4595148044760131,1,0,0.4946427404880524,0.6086394548416139,0.007312690971700863,0.2476638822205887,1.426630855379894,0.4942663908004761,0.6621959507465363,0.0005943715561598109,0.00040978970798253656,0.0030283838174216234,0.12372113063297709
1781864014.870135,75.06251502037048,rhymes_and_toys,speech_attention_movie,speech_social,2160,1,0.46906808845555825,0.4487046204190266,0.4588863544372924,1,0,0.4948088377714157,0.6082859814167023,0.008445698554667758,0.2486997043037896,1.4218729276743962,0.49412791430950165,0.660882979631424,0.0013202533422308914,0.0007258817860710805,0.0019441256345868567,0.12370119909369306
1781864014.906267,75.09864687919617,rhymes_and_toys,speech_attention_movie,speech_social,2161,1,0.4623127346945794,0.4500223716559142,0.4561675531752468,1,0,0.4946090579032898,0.607780784368515,0.0058546026675248075,0.2502465870280582,1.5663618288043375,0.4944450706243515,0.6610499918460846,0.0003584427539998439,0.0009618105882310474,0.000621538260529434,0.12318271232513417
1781864014.938671,75.1310510635376,rhymes_and_toys,speech_attention_movie,speech_social,2162,1,0.4770528865613044,0.46267390934512165,0.469863397953213,1,0,0.4949055224657059,0.6079110562801361,0.007223112965703428,0.24923757333619748,1.8967259375981311,0.4942741245031357,0.6614578068256378,0.00044219411337864884,8.375135937880495e-05,0.003619146107504534,0.12289833160430708
