timestamp,elapsed_time,stimulus_id,stimulus_type,paper_category,frame_index,face_detected,left_ear,right_ear,avg_ear,eye_open,blink_state,gaze_x,gaze_y,yaw_proxy,pitch_proxy,roll_proxy_deg,head_center_x,head_center_y,head_movement,head_acceleration,mouth_open,eyebrow_signal
1781867238.554788,49.71043515205383,rhymes_and_toys,speech_attention_movie,speech_social,1424,1,0.4746558501953358,0.4039072495281384,0.43928154986173706,1,0,0.5808852136135101,0.7002458453178406,-0.06193818140560385,0.3101186900409249,3.2725845552997277,0.5881341695785522,0.7323026657104492,0.004835933779771972,0.004835933779771972,0.005541586576701717,0.13933162396575077
1781867238.590992,49.746639013290405,rhymes_and_toys,speech_attention_movie,speech_social,1425,1,0.45828631326200436,0.4157626935250847,0.43702450339354454,1,0,0.5808909773826598,0.7000524997711182,-0.06228278606173613,0.30361126523807214,3.079108624693996,0.5882164984941483,0.7351584434509277,0.0028569642198242157,0.0019789695599477567,0.0036625353129949886,0.1407903077055822
1781867238.6238348,49.77948188781738,rhymes_and_toys,speech_attention_movie,speech_social,1426,1,0.4770966968436789,0.41820495342252767,0.4476508251331033,1,0,0.5810514986515045,0.6998119950294495,-0.06557500409432417,0.3062716232087017,3.072347342611944,0.5891783237457275,0.7342957854270935,0.001292008777315824,0.0015649554425083917,0.0035118388826715675,0.1392804782206818
1781867238.658134,49.81378102302551,rhymes_and_toys,speech_attention_movie,speech_social,1427,1,0.43897973310524024,0.4084344759923034,0.4237071045487718,1,0,0.5810136139392853,0.6994551897048951,-0.060788065263822154,0.3003289196019546,3.153772991053952,0.5882591605186462,0.7381927967071533,0.004003942801156373,0.002711934023840549,0.013783962440321805,0.13943107370734223
1781867238.6939452,49.849592208862305,rhymes_and_toys,speech_attention_movie,speech_social,1428,1,0.46207718397777914,0.4107030543305493,0.43639011915416426,1,0,0.5805479347705841,0.6994064807891845,-0.07110738538331947,0.2960529921709424,2.338354106727948,0.5886862277984619,0.7365255355834961,0.001721088642675884,0.002282854158480489,0.0213889645188373,0.1389710572186012
1781867238.725715,49.881361961364746,rhymes_and_toys,speech_attention_movie,speech_social,1429,1,0.46051759236234063,0.41415923467710475,0.4373384135197227,1,0,0.5806317508220673,0.6989837288856506,-0.06089025147710353,0.29750235797194496,2.36387063633638,0.5875383764505386,0.7367024719715118,0.0011614082840815916,0.0005596803585942924,0.02426883799390487,0.14050433369571103
1781867238.760704,49.916351079940796,rhymes_and_toys,speech_attention_movie,speech_social,1430,1,0.4763349776654856,0.4124844020201634,0.4444096898428245,1,0,0.5805205225944519,0.6989039421081543,-0.059692188245063345,0.2988344122713663,2.910071543414729,0.5873834937810898,0.7368067800998688,0.00018673196549313418,0.0009746763185884574,0.012754772357828277,0.14068206709247852
1781867238.795521,49.951168060302734,rhymes_and_toys,speech_attention_movie,speech_social,1431,1,0.4784075073616503,0.3970761574982379,0.4377418324299441,1,0,0.5800381660461426,0.6992695271968841,-0.06162425758387802,0.30087217639351077,3.088427513241141,0.5869229435920715,0.7376552224159241,0.0009653811891051241,0.0007786492236119899,0.015600661651676008,0.14083371260095473
1781867238.8315892,49.9872362613678,rhymes_and_toys,speech_attention_movie,speech_social,1432,1,0.4829762646016411,0.4174628742253618,0.4502195694135015,1,0,0.5795023441314697,0.699276465177536,-0.05890512626623881,0.2956529459431435,2.686205166334528,0.5862966477870941,0.7377137839794159,0.0006290277355180114,0.0003363534535871127,0.027061962829404464,0.14151721920122168
1781867238.8638332,50.01948022842407,rhymes_and_toys,speech_attention_movie,speech_social,1433,1,0.4880117510013855,0.40743462986335355,0.4477231904323695,1,0,0.579500675201416,0.6989373862743378,-0.058421602061756055,0.29875238736817733,3.1072437733507843,0.5856027901172638,0.7360843122005463,0.001771049616502857,0.0011420218809848456,0.015163603106684711,0.14105412052037783
1781867238.8992991,50.054946184158325,rhymes_and_toys,speech_attention_movie,speech_social,1434,1,0.4875108391379634,0.41310430351445293,0.45030757132620813,1,0,0.5789330303668976,0.6994926571846009,-0.06606664523103115,0.3009571641677743,2.8062305742835894,0.5866611301898956,0.7352313697338104,0.0013592625062510107,0.00041178711025184633,0.02077933331035499,0.1405117674881598
1781867238.932636,50.0882830619812,rhymes_and_toys,speech_attention_movie,speech_social,1435,1,0.47145365685569296,0.410340248370451,0.440896952613072,1,0,0.5788757026195526,0.6986254155635834,-0.06492842268365717,0.29990837435277135,2.5874257514147527,0.5865373909473419,0.7363211512565613,0.001096784011315326,0.0002624784949356847,0.021832143259702105,0.14040044043010758
1781867238.9681122,50.123759269714355,rhymes_and_toys,speech_attention_movie,speech_social,1436,1,0.4699072224243966,0.4140375836601105,0.44197240304225355,1,0,0.579323697090149,0.6982850730419159,-0.06590711325339912,0.3011911036171884,3.01496337450524,0.5867317467927933,0.735513836145401,0.0008303805653848382,0.00026640344593048787,0.008479731259145883,0.14011241686248582
1781867239.002024,50.157670974731445,rhymes_and_toys,speech_attention_movie,speech_social,1437,1,0.475102678225401,0.4178090192848019,0.44645584875510147,1,0,0.5797284066677093,0.6982231855392456,-0.06644232613877514,0.3017748389560334,2.8724022761063375,0.5872954279184341,0.735857754945755,0.0006603154947755614,0.00017006507060927673,0.015021620893387983,0.141422774557147
1781867239.039262,50.19490909576416,rhymes_and_toys,speech_attention_movie,speech_social,1438,1,0.4569555676843068,0.4252012856570628,0.44107842667068475,1,0,0.5802066326141357,0.6982625246047973,-0.06748573182348849,0.29574337814709784,2.98174735589799,0.5879680216312408,0.7354046404361725,0.0008109840080428905,0.0001506685132673291,0.017044409790573894,0.14151457703236345
1781867239.07132,50.226967096328735,rhymes_and_toys,speech_attention_movie,speech_social,1439,1,0.46777287516987887,0.4186273517588195,0.4432001134643492,1,0,0.5805909574031829,0.6983017802238465,-0.06252451486946176,0.29947641323004537,3.1615867040139336,0.588492214679718,0.7350232601165771,0.0006482509546822381,0.00016273305336065246,0.001983265339983069,0.14061772543455703
1781867239.105013,50.26065993309021,rhymes_and_toys,speech_attention_movie,speech_social,1440,1,0.4827001093826812,0.42147552254939913,0.4520878159660402,1,0,0.5816307127475739,0.6983984947204589,-0.063243397820699,0.29292979851517087,2.263717723702639,0.588307648897171,0.738434374332428,0.0034161037340319175,0.0027678527793496793,0.011599955255912456,0.13864840400195028
1781867239.140592,50.296239137649536,rhymes_and_toys,speech_attention_movie,speech_social,1441,1,0.4979078725596375,0.4182407797733159,0.4580743261664767,1,0,0.581647664308548,0.6973244547843933,-0.07009943756043888,0.29410162655367,2.624472305420347,0.5901922732591629,0.7365318536758423,0.0026779458236769033,0.0007381579103550142,0.012935447501175713,0.13931798062474088
1781867239.173923,50.329570055007935,rhymes_and_toys,speech_attention_movie,speech_social,1442,1,0.46873645803982206,0.38008553715330795,0.424410997596565,1,0,0.5823507130146026,0.6974138498306275,-0.0649209883673568,0.2939655331918392,3.080019726588109,0.5889122784137726,0.7355173528194427,0.0016332785408071646,0.0010446672828697387,0.0046628982842521,0.1413080480580526
1781867239.2086458,50.36429286003113,rhymes_and_toys,speech_attention_movie,speech_social,1443,1,0.4775826110370167,0.4045754005399107,0.4410790057884637,1,0,0.5823682308197021,0.697131073474884,-0.06633780622209992,0.30009352510229653,2.528614750711357,0.5901303589344025,0.7355217933654785,0.001218088614669336,0.0004151899261378286,0.011850410866569235,0.13930619963649082
1781867239.2434042,50.39905118942261,rhymes_and_toys,speech_attention_movie,speech_social,1444,1,0.4845039681478114,0.4026647260874637,0.4435843471176375,1,0,0.5829487919807435,0.697266834974289,-0.07259287478410024,0.29698814847540056,2.6356743268779215,0.5916203707456589,0.7379441559314728,0.0028439366376229115,0.0016258480229535755,0.0067603764595664285,0.14041792684626314
1781867239.2777479,50.43339490890503,rhymes_and_toys,speech_attention_movie,speech_social,1445,1,0.4650447359265765,0.42130684672871804,0.4431757913276473,1,0,0.5831414699554442,0.6979339122772217,-0.06978833205265031,0.29083546842785196,3.1480354804813593,0.5912487804889679,0.7381184995174408,0.0004104570682006283,0.0024334795694222833,0.02258799012014185,0.13908457053024603
1781867239.312979,50.46862602233887,rhymes_and_toys,speech_attention_movie,speech_social,1446,1,0.47934661878798657,0.4000452237313921,0.43969592125968937,1,0,0.5837908327579497,0.6978179931640625,-0.058175466824879736,0.2944290911683533,2.3797293328846134,0.5902150571346283,0.7371149957180023,0.001440695612818534,0.0010302385446179058,0.010942371246178023,0.14085129388167814
1781867239.347135,50.502782106399536,rhymes_and_toys,speech_attention_movie,speech_social,1447,1,0.48808414158692,0.43384189507922455,0.4609630183330723,1,0,0.5840869486331939,0.6985040843486785,-0.06491830775232664,0.29788492690543794,2.472855983609349,0.5915712714195251,0.7372639775276184,0.001364372663957601,7.632294886093316e-05,0.002380494654137184,0.13991601683260885
1781867239.382831,50.53847813606262,rhymes_and_toys,speech_attention_movie,speech_social,1448,1,0.4554030663217849,0.40903434283780965,0.4322187045797973,1,0,0.5838151752948761,0.6979556620121002,-0.06547402174004029,0.29875663135313135,2.9987192286838393,0.5921323299407959,0.7359919846057892,0.0013902347490528958,2.5862085095294937e-05,0.016912220267214575,0.14027902839348297
1781867239.415355,50.57100200653076,rhymes_and_toys,speech_attention_movie,speech_social,1449,1,0.4503468152069017,0.41675577395812374,0.43355129458251274,1,0,0.5838905632495881,0.6984269797801972,-0.05475064793234409,0.2950560315626243,3.037434835764556,0.5903276801109314,0.7380458116531372,0.0027340385053704476,0.0013438037563175517,0.020141400986113504,0.14195443421967924
1781867239.450408,50.60605502128601,rhymes_and_toys,speech_attention_movie,speech_social,1450,1,0.4859902604002254,0.4082077149490659,0.4470989876746456,1,0,0.5841373980045319,0.6990681707859039,-0.06785357718306957,0.29556195913169203,3.0507380813187286,0.5919313877820969,0.7375403344631195,0.0016814831203979283,0.0010525553849725193,0.009821694235499601,0.14048316196932648
1781867239.4847438,50.64039087295532,rhymes_and_toys,speech_attention_movie,speech_social,1451,1,0.45533020243807926,0.43339996449075535,0.4443650834644173,1,0,0.583993673324585,0.6990808963775634,-0.058543838717669085,0.29913927909963484,3.5019919323360087,0.5908523201942444,0.7364123165607452,0.0015610289065967381,0.00012045421380119017,0.005388918312783467,0.14098325055293973
1781867239.518393,50.67404007911682,rhymes_and_toys,speech_attention_movie,speech_social,1452,1,0.4760831583776135,0.41149045410941704,0.4437868062435153,1,0,0.5840613603591919,0.699070394039154,-0.05939450257688395,0.301258048494674,3.722620465345483,0.5910477340221405,0.7357029914855957,0.0007357503831931783,0.0008252785234035598,0.00720691590868197,0.14336853058687177
1781867239.554194,50.70984101295471,rhymes_and_toys,speech_attention_movie,speech_social,1453,1,0.43740401985754424,0.4230781658005441,0.43024109282904416,1,0,0.5835938274860382,0.6986255645751953,-0.06396902073199612,0.295549830969496,2.5252847499639763,0.5909381806850433,0.7376477718353271,0.001947863584127669,0.0012121132009344907,0.013089521097595893,0.14113314949735634
1781867239.587268,50.74291515350342,rhymes_and_toys,speech_attention_movie,speech_social,1454,1,0.44675322360320424,0.4183698149295225,0.4325615192663634,1,0,0.5835548043251038,0.6980131208896636,-0.06058258431143507,0.2956515770209576,2.8763756416693025,0.5897959321737289,0.7370509803295135,0.0012887558973720382,0.0006591076867556308,0.013402556556367566,0.1412912837548425
1781867239.6214871,50.77713418006897,rhymes_and_toys,speech_attention_movie,speech_social,1455,1,0.44543268402617153,0.41094385158722974,0.4281882678067006,1,0,0.583055180311203,0.6981572091579438,-0.06095140164142146,0.2956812074523919,2.489787487943267,0.5899152159690857,0.7385240495204926,0.0014778908840798256,0.0001891349867077874,0.007158539067094562,0.14156776157119086
1781867239.657502,50.813148975372314,rhymes_and_toys,speech_attention_movie,speech_social,1456,1,0.46463404234237815,0.41148256290769664,0.4380583026250374,1,0,0.582810389995575,0.6978357255458831,-0.059601295876155154,0.2906945790247065,2.4414792947430484,0.5893698036670685,0.7420144379138947,0.0035327447850061013,0.002054853900926276,0.006728531358779388,0.1396309069751975
1781867239.6916292,50.84727621078491,rhymes_and_toys,speech_attention_movie,speech_social,1457,1,0.48835006776806444,0.4184824713358293,0.45341626955194686,1,0,0.5826927900314331,0.6981962263584136,-0.06072779315129528,0.29028364870613027,2.6825370635544403,0.589334025979042,0.7409957349300385,0.0010193310611759283,0.002513413723830173,0.008962081372594239,0.13990641094335082
1781867239.7261481,50.881795167922974,rhymes_and_toys,speech_attention_movie,speech_social,1458,1,0.4877074530116096,0.40389256566652937,0.4458000093390695,1,0,0.5829349756240845,0.6981824159622192,-0.05384173190844273,0.29022519157339977,2.783504328198012,0.5885901600122452,0.7401759624481201,0.0011069613808390951,8.763031966316681e-05,0.007089067864626398,0.14085369711154389
1781867239.759358,50.91500496864319,rhymes_and_toys,speech_attention_movie,speech_social,1459,1,0.5017681993507507,0.4140267351343117,0.4578974672425312,1,0,0.5822414755821228,0.6980966746807098,-0.06409851063234871,0.2911734551921457,2.7382249506244825,0.5897024869918823,0.7395034730434418,0.0012998127976879327,0.00019285141684883753,0.008747323773514467,0.1416291139442742
1781867239.794624,50.950271129608154,rhymes_and_toys,speech_attention_movie,speech_social,1460,1,0.4743783598117055,0.4177911854564587,0.4460847726340821,1,0,0.5823894798755646,0.6966351866722107,-0.05742336265565877,0.29458899167267205,3.125456268107101,0.5882532596588135,0.7360661327838898,0.003730357613265901,0.002430544815577968,0.010623608983342003,0.14102148208506116
1781867239.8294022,50.9850492477417,rhymes_and_toys,speech_attention_movie,speech_social,1461,1,0.4803756705516904,0.4105263176014927,0.44545099407659156,1,0,0.5822268426418304,0.6969805836677552,-0.05796842377543457,0.2968803738947729,2.341664176892084,0.5891739279031754,0.7367104291915894,0.0011237205511829761,0.002606637062082925,0.01117956552203651,0.1423880278938539
1781867239.8630111,51.01865816116333,rhymes_and_toys,speech_attention_movie,speech_social,1462,1,0.48339139527784547,0.4200532369770161,0.45172231612743075,1,0,0.5824318110942841,0.6964949250221253,-0.06101403975786494,0.29008575261464986,2.412474277305492,0.5893657505512238,0.7391219139099121,0.002419101997644678,0.001295381446461702,0.005390661973645922,0.1402895261355434
1781867239.8982909,51.053937911987305,rhymes_and_toys,speech_attention_movie,speech_social,1463,1,0.469318051514906,0.41631401774432497,0.4428160346296155,1,0,0.582948899269104,0.696974265575409,-0.05648508470195113,0.2909298232048837,2.402661620335467,0.5889782458543777,0.7366785407066345,0.002473910366317401,5.480836867272293e-05,0.013469385817125772,0.1409496970070396
1781867239.932012,51.08765912055969,rhymes_and_toys,speech_attention_movie,speech_social,1464,1,0.49710885243707015,0.41708045647519437,0.4570946544561323,1,0,0.5827259957790375,0.696155172586441,-0.06179638421202094,0.2908063463214923,2.5980678101634505,0.589550107717514,0.7373536825180054,0.0008847838470331736,0.0015891265192842273,0.01537169815771899,0.14011274582024077
1781867239.967124,51.12277102470398,rhymes_and_toys,speech_attention_movie,speech_social,1465,1,0.5058402937273415,0.4206325094481543,0.4632364015877479,1,0,0.5826880097389222,0.6961800217628479,-0.061101649959344556,0.29255854267227305,3.2165240003138007,0.589204952120781,0.7377055287361145,0.0004928774159503312,0.0003919064310828424,0.013576909424926403,0.14085042712875437
1781867240.000617,51.15626406669617,rhymes_and_toys,speech_attention_movie,speech_social,1466,1,0.5025814215286482,0.43460950827568895,0.4685954649021685,1,0,0.5825385630130768,0.6958328306674957,-0.05850412100539858,0.2969085813832958,2.8600007200942197,0.589282751083374,0.7364122271537781,0.001295639479737501,0.0008027620637871697,0.023692992249848423,0.1401286859704804
1781867240.036384,51.192031145095825,rhymes_and_toys,speech_attention_movie,speech_social,1467,1,0.48495554078385883,0.4252279032236006,0.4550917220037297,1,0,0.5825110614299774,0.6956072747707367,-0.061424755298047654,0.2893643974336957,2.7162331071700763,0.5889323651790619,0.7386317849159241,0.002247044045283308,0.0009514045655458071,0.014145398908645522,0.13914165381010776
1781867240.068924,51.224570989608765,rhymes_and_toys,speech_attention_movie,speech_social,1468,1,0.5018554018202859,0.4127467447042973,0.4573010732622916,1,0,0.5825481295585633,0.6970109045505524,-0.058651607762445136,0.29104958665935043,2.6992420674746245,0.5891396701335907,0.7380644083023071,0.0006040625512739733,0.0016429814940093347,0.011836210657446994,0.14164658339458894
1781867240.1038861,51.259533166885376,rhymes_and_toys,speech_attention_movie,speech_social,1469,1,0.4862681499499942,0.4042707656757131,0.44526945781285365,1,0,0.5827199041843414,0.6967438519001008,-0.055399662715548165,0.2932010419510115,3.0571778583800913,0.5885626077651978,0.736390620470047,0.0017704707522117797,0.0011664082009378064,0.003541042827026924,0.14115478524429925
1781867240.139818,51.29546499252319,rhymes_and_toys,speech_attention_movie,speech_social,1470,1,0.5030537819545516,0.39354113336777885,0.44829745766116524,1,0,0.5824747502803802,0.6970842957496644,-0.06644614105132084,0.29496003735900883,2.3659629041862558,0.5898298919200897,0.7375839054584503,0.0017406717648048874,2.9798987406892295e-05,0.007790482271853877,0.14095134946626348
1781867240.173814,51.329461097717285,rhymes_and_toys,speech_attention_movie,speech_social,1471,1,0.4873805594314182,0.4029249322071346,0.44515274581927644,1,0,0.5824799597263336,0.697094464302063,-0.07168494073379213,0.294573017169834,2.2389016117595766,0.5903785824775696,0.7371450364589691,0.0007026146358945196,0.0010380571289103678,0.008773748740571673,0.1398725889432841
1781867240.206722,51.36236906051636,rhymes_and_toys,speech_attention_movie,speech_social,1472,1,0.47378648298358106,0.4146738108866873,0.4442301469351342,1,0,0.5827832579612733,0.6967193722724915,-0.06456076673772879,0.2952868577790151,2.733559006323017,0.589819073677063,0.7376625537872314,0.0007621510892835518,5.953645338903216e-05,0.003774150404145762,0.1394175657024208
1781867240.243125,51.39877200126648,rhymes_and_toys,speech_attention_movie,speech_social,1473,1,0.4649740553266432,0.41731751219733787,0.44114578376199054,1,0,0.5830579161643982,0.696718418598175,-0.06509324414105495,0.29066901689085245,2.501757372244842,0.5900489687919617,0.7387064099311829,0.0010688720284109774,0.0003067209391274256,0.012455353404291563,0.14084631051201343
1781867240.277162,51.43280911445618,rhymes_and_toys,speech_attention_movie,speech_social,1474,1,0.46696759774897284,0.38623791408016633,0.4266027559145696,1,0,0.5829874396324157,0.696345841884613,-0.06371514325243936,0.29194103167947805,2.4663937181681264,0.5899830907583237,0.7382343411445618,0.0004766433201230468,0.0005922287082879306,0.007650032927250303,0.14111194991686243
1781867240.310611,51.46625804901123,rhymes_and_toys,speech_attention_movie,speech_social,1475,1,0.48641566999597413,0.40286871587165574,0.4446421929338149,1,0,0.5836544096469879,0.6960418403148652,-0.05917322584131618,0.2906360684850834,2.9482785846974204,0.589998334646225,0.7396087646484375,0.0013745080371261541,0.0008978647170031073,0.01426354631470526,0.13991432000169296
1781867240.346548,51.50219511985779,rhymes_and_toys,speech_attention_movie,speech_social,1476,1,0.4831428100595564,0.4212783768879071,0.4522105934737317,1,0,0.5833055615425109,0.6951094090938568,-0.05660325076130574,0.2910978303930255,2.5384000328629823,0.589329719543457,0.7384009957313538,0.001380489736551134,5.981699424979911e-06,0.015415276356306433,0.14013488804304844
1781867240.38239,51.538037061691284,rhymes_and_toys,speech_attention_movie,speech_social,1477,1,0.4988975092245434,0.4140446028729799,0.45647105604876165,1,0,0.5832811594009399,0.6945966064929963,-0.06136192859261991,0.28781918895371383,2.348122787209389,0.5899458676576614,0.7386829853057861,0.000677610964142551,0.000702878772408583,0.003289580150221833,0.14029292744420527
1781867240.414463,51.57011008262634,rhymes_and_toys,speech_attention_movie,speech_social,1478,1,0.5053093562513662,0.4030793860819956,0.45419437116668093,1,0,0.5833724141120911,0.6939527213573455,-0.060931384173880776,0.2900125342987621,2.3044987541407123,0.5896563678979874,0.737633466720581,0.0010887145500737164,0.00041110358593116536,0.008976368183115386,0.14148079596998184
1781867240.448614,51.60426092147827,rhymes_and_toys,speech_attention_movie,speech_social,1479,1,0.4953109688918543,0.4157446662532637,0.455527817572559,1,0,0.5831513226032257,0.6935491800308228,-0.0636940669651157,0.2925960006031031,2.303860448499128,0.5899894088506699,0.7366373538970947,0.0010503128263891518,3.8401723684564504e-05,0.009960315977342414,0.14163208711513564
1781867240.483665,51.63931202888489,rhymes_and_toys,speech_attention_movie,speech_social,1480,1,0.4888422065972876,0.40864559449752796,0.44874390054740776,1,0,0.5827772378921509,0.6935015678405763,-0.06057524769481064,0.28989939814239535,1.9548579470616785,0.5896827876567841,0.7357953786849976,0.0008960685321592463,0.00015424429422990552,0.015210359546793046,0.1408331866345256
1781867240.517021,51.67266798019409,rhymes_and_toys,speech_attention_movie,speech_social,1481,1,0.5175930157342455,0.42008331814013333,0.46883816693718944,1,0,0.5827374219894409,0.6937256336212159,-0.06034346568707091,0.291696871057493,1.7724835631673879,0.5886768400669098,0.7352460026741028,0.0011461869633356088,0.00025011843117636243,0.02016122206247254,0.1398889666647484
1781867240.551599,51.70724606513977,rhymes_and_toys,speech_attention_movie,speech_social,1482,1,0.49744080019630943,0.40706898208910075,0.4522548911427051,1,0,0.5827652752399444,0.6936760067939758,-0.062295754688010636,0.2911005069138802,1.8783793262681066,0.5890473425388336,0.7366470992565155,0.0014492562626914089,0.0003030692993558001,0.011663949144291943,0.14188098734386445
1781867240.5878441,51.74349117279053,rhymes_and_toys,speech_attention_movie,speech_social,1483,1,0.48017652886487877,0.3869194877630472,0.433548008313963,1,0,0.5823543846607209,0.6936260759830475,-0.06666256742824954,0.29169335719855477,2.599793285161117,0.5891611576080322,0.7351449131965637,0.001506491562767659,5.723530007625019e-05,0.018700510880452506,0.14240038631191396
1781867240.621042,51.77668905258179,rhymes_and_toys,speech_attention_movie,speech_social,1484,1,0.458815867221732,0.4004349935713448,0.42962543039653844,1,0,0.582410317659378,0.6938264429569244,-0.05842165026314319,0.2940499500657942,2.6502818390439784,0.5882284939289093,0.7335063815116882,0.001885377315206698,0.00037888575243903884,0.02022887393150062,0.1429238299646135
1781867240.655355,51.811002016067505,rhymes_and_toys,speech_attention_movie,speech_social,1485,1,0.469598486336556,0.4158242639454795,0.44271137514101777,1,0,0.5819434165954589,0.6936325013637543,-0.05714998688337742,0.29292255650390797,2.0063098362054985,0.5891636610031128,0.7366001307964325,0.003231999705063408,0.00134662238985671,0.009368126087943298,0.14110975898655428
1781867240.691107,51.84675407409668,rhymes_and_toys,speech_attention_movie,speech_social,1486,1,0.47563515750510194,0.4032854540924172,0.43946030579875955,1,0,0.58235764503479,0.6935587048530578,-0.05728530033928741,0.2981046426988429,2.631668616680024,0.588890790939331,0.7332035899162292,0.003407484119199985,0.00017548441413657708,0.016228469779695436,0.14204572898274415
1781867240.7245498,51.88019680976868,rhymes_and_toys,speech_attention_movie,speech_social,1487,1,0.4642448700369933,0.3878310563986326,0.42603796321781295,1,0,0.5820959329605102,0.6935279846191407,-0.05454979275122463,0.29412782215444216,2.730743464187123,0.5882433652877808,0.735151618719101,0.0020527971626790324,0.0013546869565209526,0.008785079302625497,0.14242779565773758
1781867240.758861,51.91450810432434,rhymes_and_toys,speech_attention_movie,speech_social,1488,1,0.47092331790043035,0.37886846416933523,0.4248958910348828,1,0,0.5816530823707581,0.6938382863998414,-0.057153318254270384,0.29896663371035076,2.9495375001113096,0.5887188613414764,0.7327520549297333,0.0024462221641389655,0.00039342500145993307,0.006420483423589925,0.14223628302835228
1781867240.793544,51.949191093444824,rhymes_and_toys,speech_attention_movie,speech_social,1489,1,0.4686891712057702,0.39714899919410734,0.43291908519993877,1,0,0.5816431164741516,0.6945337653160095,-0.05395181401251344,0.29060808721534265,3.0546857269612935,0.5880048722028732,0.7376308739185333,0.004930786470282331,0.0024845643061433653,0.010415687610413511,0.1410453170266539
1781867240.827905,51.98355197906494,rhymes_and_toys,speech_attention_movie,speech_social,1490,1,0.4957708473393153,0.3886354555251258,0.44220315143222055,1,0,0.5818763613700867,0.6944554686546326,-0.05763621646598329,0.2925560800598966,2.477838801109651,0.5885662734508514,0.7347142696380615,0.0029701434123789255,0.0019606430579034054,0.020445066143665952,0.14248042973379985
1781867240.8620749,52.0177218914032,rhymes_and_toys,speech_attention_movie,speech_social,1491,1,0.48921899922912343,0.41336566879692227,0.4512923340130228,1,0,0.5821151733398438,0.6946580410003662,-0.058605841455872686,0.2895418062964546,2.514022094993732,0.5888282060623169,0.7390884757041931,0.004382041465108646,0.0014118980527297203,0.015308055933018759,0.1402907677695151
1781867240.8962739,52.051920890808105,rhymes_and_toys,speech_attention_movie,speech_social,1492,1,0.4926462398667168,0.4080976610720578,0.45037195046938727,1,0,0.5824050009250641,0.6947283327579499,-0.05619246148206576,0.28590807701544607,1.7708735748238418,0.5892662703990936,0.7408550083637238,0.0018200379117875632,0.0025620035533210827,0.0036771222458277016,0.13921955947047082
1781867240.9320168,52.087663888931274,rhymes_and_toys,speech_attention_movie,speech_social,1493,1,0.4930748380065653,0.3968749633693821,0.44497490068797374,1,0,0.5827698826789856,0.6951881170272827,-0.057635318515907204,0.2956573692293954,2.142783242055575,0.5889686346054077,0.7349244058132172,0.005938066493207897,0.004118028581420334,0.014770655130935261,0.1420131668453745
1781867240.9651752,52.1208221912384,rhymes_and_toys,speech_attention_movie,speech_social,1494,1,0.49546851648880735,0.4241930776839136,0.4598307970863605,1,0,0.5826374530792237,0.6942228257656098,-0.06392020179185796,0.293702165346089,2.261364540603439,0.5901843905448914,0.736006110906601,0.0016273132499436567,0.00431075324326424,0.020202917161511645,0.14000833510941701
1781867241.000097,52.15574407577515,rhymes_and_toys,speech_attention_movie,speech_social,1495,1,0.4903636446592878,0.4076604395229364,0.4490120420911121,1,0,0.5835496544837953,0.6939758658409119,-0.058508177244215816,0.2934338346209438,2.3971488684813647,0.5896809101104736,0.7351341843605042,0.001006850758369759,0.0006204624915738977,0.02569070060725809,0.14026935713945302
1781867241.033621,52.18926811218262,rhymes_and_toys,speech_attention_movie,speech_social,1496,1,0.5005648600784661,0.4056041604149783,0.45308451024672225,1,0,0.5835651755332947,0.6945701837539673,-0.06619362028073973,0.2929870107617807,2.1172874920584213,0.591628223657608,0.7374126613140106,0.002997246616231851,0.001990395857862092,0.012752233607577048,0.1405608552194149
1781867241.067743,52.223390102386475,rhymes_and_toys,speech_attention_movie,speech_social,1497,1,0.47649485811052533,0.40236999783678606,0.43943242797365567,1,0,0.5841461300849915,0.6943016946315765,-0.04943889643546923,0.29142225741844563,2.385414106989127,0.5891916006803513,0.7366270124912262,0.0025601514810725985,0.00043709513515925247,0.018167257277698152,0.14181195349884168
1781867241.10221,52.25785708427429,rhymes_and_toys,speech_attention_movie,speech_social,1498,1,0.4877915349374523,0.405976045120524,0.44688379002898815,1,0,0.5839074313640595,0.6953306794166565,-0.05759858714499423,0.29653342618927836,2.340204346979828,0.5909930467605591,0.7357578575611115,0.002000159561744739,0.0005599919193278596,0.015383972267043411,0.14272487292037178
1781867241.1397681,52.29541516304016,rhymes_and_toys,speech_attention_movie,speech_social,1499,1,0.4628406013207709,0.39809258058488567,0.43046659095282824,1,0,0.5840608417987823,0.6940874636173249,-0.04468794296144796,0.2901159850925561,2.8128379203980165,0.5891235321760178,0.7370617985725403,0.0022793303716439955,0.0002791708098992566,0.02373632086266124,0.14174464038646847
1781867241.170593,52.32624006271362,rhymes_and_toys,speech_attention_movie,speech_social,1500,1,0.4576733305546384,0.38455331301490026,0.42111332178476935,1,0,0.5842566251754762,0.6944667100906372,-0.052911625979059664,0.2971220766200122,2.8257364098564,0.5901738107204437,0.7348036766052246,0.0024904216189543353,0.0002110912473103398,0.027257096006071475,0.14396643264269518
1781867241.206541,52.36218810081482,rhymes_and_toys,speech_attention_movie,speech_social,1501,1,0.4866950352184365,0.4025531363068686,0.44462408576265255,1,0,0.5839460074901581,0.6938559770584106,-0.044061425510730445,0.2960207609719561,2.779237615480817,0.5887390077114105,0.7350025177001953,0.0014485156042583324,0.0010419060146960029,0.03451483195237311,0.1422967626551333
1781867241.241874,52.397521018981934,rhymes_and_toys,speech_attention_movie,speech_social,1502,1,0.46302549197073056,0.4035689607391126,0.43329722635492157,1,0,0.5836994349956512,0.6938779354095459,-0.05779252235852477,0.2939733935299339,1.9941980986003776,0.590217113494873,0.7363552451133728,0.0020036636847203743,0.0005551480804620419,0.020697720652315718,0.1428810846833613
1781867241.27538,52.43102693557739,rhymes_and_toys,speech_attention_movie,speech_social,1503,1,0.47444600884301485,0.40952395146266585,0.4419849801528404,1,0,0.5832059979438782,0.6942565262317657,-0.056596949352564846,0.29018803354884315,2.1168764894168173,0.5889573842287064,0.7350045442581177,0.0018469733686287389,0.00015669031609163542,0.021376139273679,0.14038016308853782
1781867241.309359,52.46500611305237,rhymes_and_toys,speech_attention_movie,speech_social,1504,1,0.4776197139764417,0.39308925292829,0.4353544834523658,1,0,0.5836869060993195,0.6969196617603302,-0.05648412368160405,0.2901830107442855,2.021579723520889,0.5892504304647446,0.7358199954032898,0.0008665083188398606,0.0009804650497888781,0.02952622100752,0.14440610341969953
1781867241.346504,52.502151012420654,rhymes_and_toys,speech_attention_movie,speech_social,1505,1,0.45806225852545357,0.37071008248041987,0.4143861705029367,1,0,0.5837585806846619,0.6993561148643493,-0.05021578995159313,0.28641525130621237,1.9230917614504959,0.588103786110878,0.7388635873794556,0.003252421465867357,0.0023859131470274964,0.012424365528689677,0.14807274900695722
1781867241.3788328,52.53447985649109,rhymes_and_toys,speech_attention_movie,speech_social,1506,1,0.44348141070183955,0.3572126367715384,0.40034702373668896,1,0,0.5834496021270752,0.6999054312705995,-0.05088081719877253,0.2925683595180377,1.4048273236767645,0.5878683626651764,0.7356854379177094,0.0031868571037910963,6.556436207626063e-05,0.011788700495012338,0.15278094572747855
1781867241.412381,52.56802797317505,rhymes_and_toys,speech_attention_movie,speech_social,1507,1,0.4488495492554135,0.3761982438596175,0.4125238965575155,1,0,0.5827181696891784,0.6999605059623719,-0.06037251434876397,0.2874206322005743,1.708989918886473,0.5890203416347504,0.7388241589069366,0.0033434450787408914,0.00015658797494979507,0.0074575547775180655,0.15086864252952897
1781867241.4463239,52.601970911026,rhymes_and_toys,speech_attention_movie,speech_social,1508,1,0.4502362333719234,0.3566871634261138,0.4034616983990186,1,0,0.5835119009017944,0.6999429523944856,-0.0514457001193357,0.2875213585362335,1.9744807575824364,0.5878534018993378,0.7399967610836029,0.0016543107963158778,0.0016891342824250136,0.02100614331440007,0.15051583864888524
1781867241.481125,52.63677215576172,rhymes_and_toys,speech_attention_movie,speech_social,1509,1,0.4391012132371486,0.3492063233724157,0.39415376830478216,1,0,0.5830184757709502,0.7013866066932678,-0.050388593678460075,0.2909932853923136,1.4783162859707584,0.5884903371334076,0.7388401031494141,0.0013204332884025542,0.0003338775079133236,0.009382653128814873,0.15259461968739269
1781867241.5158138,52.6714608669281,rhymes_and_toys,speech_attention_movie,speech_social,1510,1,0.4567448807970364,0.37663504447015933,0.41668996263359787,1,0,0.5832478642463683,0.7015004992485045,-0.0579536808977699,0.29259281750871274,1.8314575295549336,0.5889775156974792,0.7376410663127899,0.0012942303847741166,2.620290362843761e-05,0.021144762054584973,0.1505707991028349
1781867241.550406,52.706053018569946,rhymes_and_toys,speech_attention_movie,speech_social,1511,1,0.4520883108482948,0.3626498870976466,0.4073690989729707,1,0,0.583441686630249,0.700826233625412,-0.05100867905175855,0.2942129073431459,2.082905277951528,0.5887190997600555,0.7374468445777893,0.00032326595716409743,0.0009709644276100192,0.010904665382557376,0.14863459973292906
1781867241.5867462,52.742393255233765,rhymes_and_toys,speech_attention_movie,speech_social,1512,1,0.4727676820973417,0.3611879530362076,0.41697781756677466,1,0,0.5832753419876099,0.698384577035904,-0.05114596404811757,0.29688023741290104,1.1612954950786465,0.5896635949611664,0.7348593473434448,0.0027544896301605042,0.0024312236729964066,0.010807696917191521,0.14374970440303728
1781867241.61985,52.77549695968628,rhymes_and_toys,speech_attention_movie,speech_social,1513,1,0.47447876714935183,0.35438239656818843,0.41443058185877013,1,0,0.5839450061321259,0.6990958213806152,-0.05105473044785264,0.2926184543652852,2.0981988310473936,0.5898187756538391,0.7371997535228729,0.002345545167350999,0.0004089444628095052,0.008402054199636352,0.14536293843627768
1781867241.653707,52.809354066848755,rhymes_and_toys,speech_attention_movie,speech_social,1514,1,0.4742973333435737,0.37148591047547086,0.4228916219095223,1,0,0.5841125428676606,0.6979932069778443,-0.04626545739093111,0.2976538260771558,1.9350376017917073,0.5899542272090912,0.735948383808136,0.001258679183422453,0.001086865983928546,0.007199268682753748,0.14309357930770195
1781867241.689854,52.84550094604492,rhymes_and_toys,speech_attention_movie,speech_social,1515,1,0.4681924500572877,0.39189400070317937,0.43004322538023354,1,0,0.5844861447811127,0.6977087676525116,-0.04640843464902464,0.294408614175821,1.8587365749927562,0.5907298624515533,0.7372830808162689,0.001543705325788681,0.00028502614236622804,0.005835489500747891,0.14122532976716431
1781867241.722656,52.87830305099487,rhymes_and_toys,speech_attention_movie,speech_social,1516,1,0.47225758845419497,0.4078380654045958,0.44004782692939537,1,0,0.5852332472801209,0.6979722499847412,-0.04759535559941642,0.29436126921664457,1.7338323277390857,0.5902111530303955,0.7382414638996124,0.0010897511633565268,0.0004539541624321542,0.010303155979262697,0.1403928651243051
1781867241.758155,52.91380214691162,rhymes_and_toys,speech_attention_movie,speech_social,1517,1,0.4715372966466563,0.37150038688769926,0.4215188417671778,1,0,0.5854637503623963,0.6988955795764923,-0.04400666053106543,0.29814227649421066,2.2198636210938916,0.5902763456106186,0.7365435063838959,0.0016992085798083973,0.0006094574164518705,0.00815935333388642,0.14257155089369344
1781867241.792393,52.94804000854492,rhymes_and_toys,speech_attention_movie,speech_social,1518,1,0.47408068073936105,0.38338465241269043,0.4287326665760257,1,0,0.5855880677700043,0.6988278448581695,-0.03195569797004585,0.2991843046392247,2.2880037730608267,0.5891366600990295,0.7370442748069763,0.0012448502234728763,0.00045435835633552096,0.011523123860078496,0.14228167019303536
1781867241.826004,52.981651067733765,rhymes_and_toys,speech_attention_movie,speech_social,1519,1,0.4579498439688003,0.39611887175044097,0.42703435785962063,1,0,0.5855467915534973,0.6989708125591279,-0.03971765548551261,0.30195244068016597,2.149800510294357,0.590485692024231,0.7341488301753998,0.003194289709737993,0.0019494394862651168,0.011860045736933162,0.14268833785544513
1781867241.86046,53.01610708236694,rhymes_and_toys,speech_attention_movie,speech_social,1520,1,0.5078983903093063,0.3800076277383832,0.4439530090238447,1,0,0.5851237654685975,0.6994101703166962,-0.04314498973968477,0.301850196606136,2.600654928148436,0.5904904901981354,0.7354058027267456,0.0012569817092184159,0.0019373080005195772,0.013874093564864938,0.1424668387929481
1781867241.895191,53.050837993621826,rhymes_and_toys,speech_attention_movie,speech_social,1521,1,0.4778272718557265,0.3931235756724874,0.435475423764107,1,0,0.584625905752182,0.7001497805118561,-0.03615359173371556,0.30631065302875266,2.1164214016888465,0.5891583263874054,0.7347762286663055,0.0014734394850816276,0.00021645777586321176,0.0201409360442964,0.1429684689052786
1781867241.930262,53.08590912818909,rhymes_and_toys,speech_attention_movie,speech_social,1522,1,0.4835031288692121,0.3611456606919609,0.4223243947805865,1,0,0.5842058539390564,0.7014485359191895,-0.03944372087893837,0.3101746917928031,1.6653242836914341,0.5894712805747986,0.7337905168533325,0.001034199256256498,0.00043924022882512966,0.01440352598718921,0.1438460593552818
1781867241.963718,53.119364976882935,rhymes_and_toys,speech_attention_movie,speech_social,1523,1,0.48488384620697156,0.35948119989543265,0.4221825230512021,1,0,0.5835451483726501,0.7010617733001709,-0.031018721495107246,0.31114241155079475,1.6350119356998292,0.5882851928472519,0.7346991002559662,0.0014940976865580938,0.0004598984303015958,0.009042879170768008,0.14421245106957312
1781867241.997407,53.153053998947144,rhymes_and_toys,speech_attention_movie,speech_social,1524,1,0.49328769051683746,0.3844363246013551,0.43886200755909627,1,0,0.5836810290813446,0.7022074222564698,-0.030655949894088697,0.3176109588189161,2.000770726859816,0.587874561548233,0.7322279810905457,0.0025050045895052934,0.0010109069029471996,0.013012257165593523,0.1463991184066361
1781867242.0331352,53.18878221511841,rhymes_and_toys,speech_attention_movie,speech_social,1525,1,0.4867990094361858,0.39882295491155156,0.4428109821738687,1,0,0.583390337228775,0.7017424762248994,-0.032182066457476705,0.3132104595987448,1.73350794785143,0.5875961184501648,0.73375603556633,0.0015532163531930365,0.0009517882363122569,0.015093486774157727,0.14380716032646082
1781867242.065943,53.22159004211426,rhymes_and_toys,speech_attention_movie,speech_social,1526,1,0.4639432549606608,0.4136222402852257,0.4387827476229432,1,0,0.5838272988796234,0.7025294184684754,-0.02725094384153061,0.31396816806724936,1.8467508336505376,0.5877177119255066,0.7348364591598511,0.0010872442755346116,0.0004659720776584249,0.016388226149515475,0.14500705493408242
1781867242.100666,53.25631308555603,rhymes_and_toys,speech_attention_movie,speech_social,1527,1,0.4867022823437684,0.39474600443208513,0.44072414338792676,1,0,0.5839994013309479,0.7028506159782411,-0.02361458206923125,0.3136314205983422,1.3630915155759067,0.5874951481819153,0.7325650751590729,0.0022822620136506134,0.0011950177381160017,0.021505306457497923,0.14429409412145155
1781867242.1387079,53.2943549156189,rhymes_and_toys,speech_attention_movie,speech_social,1528,1,0.47612105738511634,0.40831742028152557,0.4422192388333209,1,0,0.5841326892375946,0.7032482385635376,-0.022066351779447917,0.3142544235005669,1.9430401385668934,0.5872601568698883,0.7346111834049225,0.0020595581736046996,0.00022270384004591378,0.03339258931319811,0.14403693277957483
1781867242.1709208,53.32656788825989,rhymes_and_toys,speech_attention_movie,speech_social,1529,1,0.4631488278318063,0.3979755693819677,0.430562198606887,1,0,0.585180115699768,0.7030114650726318,-0.026480098246399825,0.31243780497658064,2.220480914961647,0.58803391456604,0.7346157729625702,0.0007737713075537499,0.0012857868660509498,0.0246354589168254,0.1453283330517831
1781867242.204051,53.35969805717468,rhymes_and_toys,speech_attention_movie,speech_social,1530,1,0.4794037118986641,0.4040675333721479,0.441735622635406,1,0,0.5855414807796478,0.7027628481388092,-0.02990003113407704,0.31511506688443425,2.4514333177198306,0.5888849645853043,0.7323204278945923,0.002448039034897141,0.0016742677273433914,0.009231527666244228,0.1443560663180166
1781867242.2397811,53.39542818069458,rhymes_and_toys,speech_attention_movie,speech_social,1531,1,0.49785384392111004,0.38837955248711586,0.4431166982041129,1,0,0.5858041882514953,0.7031075000762939,-0.025981065146985633,0.3167038181913344,2.510133781579493,0.5885386168956757,0.7326093316078186,0.0004510233670521125,0.001997015667845029,0.029932478596519464,0.14431219767836329
1781867242.2725341,53.428181171417236,rhymes_and_toys,speech_attention_movie,speech_social,1532,1,0.4504970891463474,0.36679445053703863,0.408645769841693,1,0,0.5862286031246184,0.7074201047420501,-0.02362167325392847,0.315461071824516,2.8814647656846546,0.5883626937866211,0.7330603897571564,0.000484151210246796,3.312784319468349e-05,0.028079353328255945,0.15264184812442538
1781867242.306646,53.46229314804077,rhymes_and_toys,speech_attention_movie,speech_social,1533,1,0.4444040747972664,0.39130645394100855,0.41785526436913745,1,0,0.5866425096988678,0.7078732907772065,-0.02975676204890858,0.31026527687342986,2.267033249883783,0.5891087353229523,0.7346447706222534,0.001751239760745811,0.001267088550499015,0.014785573001776055,0.14985179478546068
1781867242.342787,53.49843406677246,rhymes_and_toys,speech_attention_movie,speech_social,1534,1,0.4676697027007875,0.3585893756731614,0.4131295391869745,1,0,0.5864741384983063,0.7090318441390991,-0.02571838140840203,0.30910604316221063,2.128213627231936,0.5891219228506088,0.7366540133953094,0.0020092860503083125,0.0002580462895625014,0.02390086015084718,0.1522544497751081
1781867242.3766038,53.53225088119507,rhymes_and_toys,speech_attention_movie,speech_social,1535,1,0.44762888382862304,0.39224685674222604,0.4199378702854245,1,0,0.58689027428627,0.7091515958309174,-0.032086779913241464,0.31402545077066574,2.9235162782082926,0.5899655818939209,0.7375518977642059,0.0012320539441399796,0.0007772321061683329,0.023431899585337906,0.15058420558873098
1781867242.41042,53.56606698036194,rhymes_and_toys,speech_attention_movie,speech_social,1536,1,0.45112726541525006,0.3743426103698046,0.41273493789252735,1,0,0.5865761160850524,0.7079215824604035,-0.0298014263420447,0.31154000174850427,2.3022283713211493,0.5892185866832733,0.7357988655567169,0.0019055507773933055,0.0006734968332533259,0.028133678579435325,0.1496987937942003
1781867242.446135,53.60178208351135,rhymes_and_toys,speech_attention_movie,speech_social,1537,1,0.43174404982884956,0.39774483185630877,0.41474444084257917,1,0,0.5866385519504547,0.7092335581779481,-0.030901090867566906,0.3053266938136895,2.208113758952435,0.5900410711765289,0.7384091317653656,0.002736781032830195,0.0008312302554368894,0.03402590831421259,0.15017378472757656
1781867242.4803112,53.635958194732666,rhymes_and_toys,speech_attention_movie,speech_social,1538,1,0.45901598014755324,0.3740837355817135,0.4165498578646334,1,0,0.5864926755428315,0.7095596611499786,-0.03180167871336625,0.3076959212391041,2.4447415959400502,0.5899958610534668,0.7371655404567719,0.0012444128326392367,0.0014923682001909582,0.023806538472987294,0.15311275331888838
1781867242.514955,53.67060208320618,rhymes_and_toys,speech_attention_movie,speech_social,1539,1,0.46459310589704944,0.3687459462559737,0.41666952607651153,1,0,0.5865964114665985,0.7095150768756866,-0.04134984066346017,0.31310944780751204,3.3621858352070437,0.591297835111618,0.7344726324081421,0.002991135270507465,0.0017467224378682285,0.02212230334462278,0.15298037725924446
1781867242.549348,53.70499515533447,rhymes_and_toys,speech_attention_movie,speech_social,1540,1,0.4557443444726177,0.3786027515825776,0.41717354802759765,1,0,0.5867591619491577,0.7107863903045655,-0.03210873751353727,0.3126982194619261,3.3678082604156847,0.5901884436607361,0.7344909310340881,0.001109542352053985,0.0018815929184534802,0.016126881976864772,0.1545058632338567
1781867242.584291,53.73993802070618,rhymes_and_toys,speech_attention_movie,speech_social,1541,1,0.46038032363053133,0.35561485228375234,0.4079975879571418,1,0,0.5871033847332001,0.7112201631069184,-0.04511670110600149,0.314162304229179,3.4913003238961564,0.5925509631633759,0.7368906438350677,0.0033675094547066524,0.0022579671026526672,0.015136321137479515,0.15322215164606898
1781867242.6184819,53.774128913879395,rhymes_and_toys,speech_attention_movie,speech_social,1542,1,0.45662725792574793,0.3307719349529895,0.3936995964393687,1,0,0.5869567155838012,0.711113166809082,-0.03785544879839379,0.31398612883190846,2.1972563043724915,0.5916077494621277,0.7370522618293762,0.0009569600108189283,0.002410549443887724,0.021862260178653514,0.15193614800590055
1781867242.652364,53.808011054992676,rhymes_and_toys,speech_attention_movie,speech_social,1543,1,0.47310888112825045,0.3542020758365093,0.4136554784823799,1,0,0.5871705710887909,0.7113082766532898,-0.03276746186047106,0.30657221423033765,2.292712727799729,0.590703696012497,0.7389490604400635,0.0021012276433776374,0.001144267632558709,0.01034998363404366,0.1518635287383626
1781867242.687434,53.84308099746704,rhymes_and_toys,speech_attention_movie,speech_social,1544,1,0.4696300076393059,0.3516918442108712,0.4106609259250885,1,0,0.5864995002746582,0.7113086342811584,-0.03383192401917963,0.3046148124353535,3.129042479228963,0.590551033616066,0.7402568757534027,0.0013166953714085288,0.0007845322719691086,0.009257503774021911,0.15244779718240842
1781867242.721947,53.877593994140625,rhymes_and_toys,speech_attention_movie,speech_social,1545,1,0.4803225750944945,0.3655368449985447,0.4229297100465196,1,0,0.5846194207668305,0.7112241864204407,-0.03930206036725366,0.3083545691308848,2.926662870938203,0.5905322730541229,0.7379040718078613,0.0023528787399352976,0.0010361833685267688,0.02316652150744796,0.15247821491329908
1781867242.755567,53.911214113235474,rhymes_and_toys,speech_attention_movie,speech_social,1546,1,0.4649670175283079,0.362874997602884,0.4139210075655959,1,0,0.5849473357200623,0.7118585884571076,-0.03342544993075121,0.3041066979956946,2.483550203315018,0.5909764766693115,0.7408926486968994,0.0030214083923626057,0.0006685296524273081,0.015865333776700855,0.15295865671062964
1781867242.79149,53.947137117385864,rhymes_and_toys,speech_attention_movie,speech_social,1547,1,0.43721796167024163,0.35955376444950643,0.398385863059874,1,0,0.5843560099601746,0.7119717419147491,-0.04454653118905998,0.3071984016291261,3.5076792831453507,0.5916601270437241,0.7396731376647949,0.0013980647309259201,0.0016233436614366856,0.02118019449398528,0.15216073258391555
1781867242.825258,53.980905055999756,rhymes_and_toys,speech_attention_movie,speech_social,1548,1,0.44219708312270817,0.3513123553263943,0.39675471922455124,1,0,0.584539407491684,0.7108545184135437,-0.04263970288137976,0.30909185065226547,2.877640390765351,0.5917562544345856,0.7394576370716095,0.00023596817780605864,0.0011620965531198616,0.020954155904211597,0.14948465165281125
1781867242.8580291,54.013676166534424,rhymes_and_toys,speech_attention_movie,speech_social,1549,1,0.4647355766805991,0.31983540083377876,0.39228548875718894,1,0,0.5850200533866883,0.7117135524749756,-0.04512698992373354,0.30254045717276573,3.2155270029490644,0.5917688608169556,0.7397631406784058,0.0003057635927346243,6.979541492856567e-05,0.025955115045307613,0.15148738581648305
1781867242.892721,54.048367977142334,rhymes_and_toys,speech_attention_movie,speech_social,1550,1,0.4578971493728532,0.33602686540259585,0.3969620073877245,1,0,0.5843555271625519,0.7111291229724884,-0.04453338462304747,0.3046825315354168,2.448531490864794,0.5917282998561859,0.7393689155578613,0.0003963062416955233,9.0542648960899e-05,0.03532528333447965,0.15147969401551237
1781867242.930239,54.085886001586914,rhymes_and_toys,speech_attention_movie,speech_social,1551,1,0.4378651910066045,0.32958514835835434,0.3837251696824794,1,0,0.5844772577285766,0.7107480585575103,-0.03941710737288719,0.3008988461621272,2.439285137532151,0.5915321409702301,0.7399913370609283,0.0006526000582436604,0.00025629381654813704,0.038258858953065814,0.15238813932214104
1781867242.962871,54.118518114089966,rhymes_and_toys,speech_attention_movie,speech_social,1552,1,0.47652047991198976,0.32390087442279064,0.4002106771673902,1,0,0.5844735622406005,0.7102737963199615,-0.04321017822656904,0.30193129438429883,2.2845041001530477,0.5915640890598297,0.7400897443294525,0.00010346337964445561,0.0005491366785992048,0.042701766017044326,0.1512870617805562
1781867242.995996,54.15164303779602,rhymes_and_toys,speech_attention_movie,speech_social,1553,1,0.44214248532262734,0.3236340347152664,0.3828882600189469,1,0,0.5847848594188689,0.7092086613178253,-0.047106542252364804,0.30495300580527296,2.7956741207598603,0.5921032130718231,0.73915696144104,0.0010773758012982237,0.0009739124216537681,0.026459596400659684,0.15136192423037337
1781867243.031701,54.18734812736511,rhymes_and_toys,speech_attention_movie,speech_social,1554,1,0.4406091129092995,0.3221788271706894,0.3813939700399944,1,0,0.5843099772930145,0.7096413016319274,-0.04274923606442196,0.30880860970409857,3.054682294762698,0.5917470753192902,0.736097514629364,0.003080105337850286,0.0020027295365520623,0.010541987547264322,0.15275069025620908
1781867243.064866,54.220513105392456,rhymes_and_toys,speech_attention_movie,speech_social,1555,1,0.4653979694575238,0.30610545689118707,0.3857517131743554,1,0,0.5847501873970031,0.7099080145359039,-0.03508767620282237,0.31433358251869425,2.5777184529774266,0.5912314057350159,0.7354974150657654,0.0007912234869977576,0.0022888818508525286,0.01740815535887587,0.15340693394888624
1781867243.100137,54.255784034729004,rhymes_and_toys,speech_attention_movie,speech_social,1556,1,0.4497264850963994,0.32608304797245863,0.387904766534429,1,0,0.5850315749645234,0.709642767906189,-0.03162504639413356,0.3063206132463071,2.7231123901421466,0.5904897749423981,0.7394704222679138,0.004041633637637417,0.003250410150639659,0.011614520740043339,0.1542798060701875
1781867243.135793,54.2914400100708,rhymes_and_toys,speech_attention_movie,speech_social,1557,1,0.45220851572282367,0.35134429580254234,0.40177640576268303,1,0,0.5849761605262755,0.7085120975971222,-0.03881028248688535,0.30686723888412704,2.9483047795233013,0.5911762714385986,0.7396757304668427,0.0007165395284581646,0.0033250941091792522,0.03035693712074829,0.14921301917696667
1781867243.169163,54.32481002807617,rhymes_and_toys,speech_attention_movie,speech_social,1558,1,0.447723947798727,0.3476627721051743,0.39769335995195065,1,0,0.5862371265888213,0.7047766983509063,-0.04333343179780954,0.30528401151914447,3.5256625954641794,0.5912643373012543,0.737680196762085,0.001997475998100912,0.0012809364696427475,0.02413698007233315,0.14765702777791107
1781867243.2037601,54.35940718650818,rhymes_and_toys,speech_attention_movie,speech_social,1559,1,0.47559193967866537,0.3516098587433054,0.4136008992109854,1,0,0.5861852288246154,0.7043619632720948,-0.04417771595024497,0.3031302839636961,3.8421233545163282,0.591521143913269,0.7366038858890533,0.001106523714784543,0.000890952283316369,0.031157908945298036,0.14655184650064776
1781867243.239549,54.395195960998535,rhymes_and_toys,speech_attention_movie,speech_social,1560,1,0.46955985386286503,0.37210485006582705,0.42083235196434604,1,0,0.5864382207393646,0.7038746356964112,-0.042289904899877946,0.3017155465516264,3.468845184320379,0.5906504392623901,0.7372653186321259,0.0010934440372833824,1.3079677501160684e-05,0.026069022321230716,0.1459377850073672
1781867243.2730691,54.42871618270874,rhymes_and_toys,speech_attention_movie,speech_social,1561,1,0.465822769609615,0.37017192240065006,0.4179973460051325,1,0,0.5865367770195007,0.7026127755641938,-0.04029880458487549,0.3026319634791566,3.055191514164012,0.5910879373550415,0.7361373901367188,0.0012098046420083363,0.00011636060472495395,0.022074241354846494,0.14595372277519644
1781867243.3072388,54.46288585662842,rhymes_and_toys,speech_attention_movie,speech_social,1562,1,0.48596732285121713,0.36616266867861635,0.42606499576491674,1,0,0.587067985534668,0.7017998039722443,-0.039963210552621885,0.3041992703130704,3.348500812650864,0.5912522971630096,0.7359236180782318,0.0002696528128261724,0.0009401518291821639,0.02713463738760566,0.14463076795725843
1781867243.343065,54.49871206283569,rhymes_and_toys,speech_attention_movie,speech_social,1563,1,0.4822611870739535,0.3742936319290607,0.42827740950150706,1,0,0.58630091547966,0.7021513402462005,-0.04132776866559167,0.3085010397856755,2.6680097099484605,0.591520220041275,0.7352657616138458,0.000710322318692322,0.00044066950586614957,0.03303192490517829,0.14446370718246887
1781867243.374922,54.530569076538086,rhymes_and_toys,speech_attention_movie,speech_social,1564,1,0.49019370747011637,0.3860441035247809,0.43811890549744864,1,0,0.5867207944393158,0.7022619366645813,-0.04677309814767834,0.3070346587736901,2.9398792964860667,0.5917948484420776,0.7354497909545898,0.0003305866857302005,0.0003797356329621215,0.03369984080699655,0.14346576456241997
1781867243.409512,54.56515908241272,rhymes_and_toys,speech_attention_movie,speech_social,1565,1,0.48174468516316504,0.3892576763410525,0.43550118075210875,1,0,0.5861224830150604,0.7031624138355255,-0.040003372834979366,0.30252151410252387,2.6996545364181865,0.590966522693634,0.7377515137195587,0.0024462320479281202,0.00211564536219792,0.029257490765209178,0.1435744417893104
1781867243.444226,54.599873065948486,rhymes_and_toys,speech_attention_movie,speech_social,1566,1,0.4816372725741173,0.3786088486049871,0.4301230605895522,1,0,0.5864481747150421,0.7032375276088714,-0.04597354923320036,0.3020862687549085,2.370243504914611,0.5914443731307983,0.73755744099617,0.0005157569798476942,0.001930475068080426,0.04619990170063672,0.1442082903741458
1781867243.4792068,54.63485383987427,rhymes_and_toys,speech_attention_movie,speech_social,1567,1,0.4922458415793576,0.38851434127174156,0.44038009142554957,1,0,0.5863345324993133,0.7035621523857116,-0.043403161115369106,0.3058361311484508,2.893305495897432,0.5915186703205109,0.7361337244510651,0.0014256538405955496,0.0009098968607478554,0.0282998843399376,0.14417997714045933
1781867243.513651,54.66929793357849,rhymes_and_toys,speech_attention_movie,speech_social,1568,1,0.4808538816271604,0.3879870753554298,0.4344204784912951,1,0,0.5856005728244782,0.7031131505966186,-0.04868298671725808,0.3029566511243412,3.196089012000733,0.5921465754508972,0.7369269728660583,0.0010116856728524246,0.00041396816774312496,0.03151997655271842,0.14411802614013247
1781867243.548085,54.70373201370239,rhymes_and_toys,speech_attention_movie,speech_social,1569,1,0.48810712924759214,0.385076477566314,0.4365918034069531,1,0,0.5858657956123352,0.7029878497123718,-0.04334997702000766,0.30463218446586987,3.066566271676103,0.5918238908052444,0.7364323139190674,0.0005906038049134687,0.00042108186793895597,0.02585395266392993,0.14492523498937784
1781867243.58303,54.73867702484131,rhymes_and_toys,speech_attention_movie,speech_social,1570,1,0.47580759431858494,0.38091796815749757,0.4283627812380413,1,0,0.5860038876533509,0.7025512278079986,-0.046866959546212804,0.3000653731208009,3.0066701611909847,0.5918477773666382,0.7370178401470184,0.0005860132519267815,4.590552986687103e-06,0.02237375736690184,0.14499273551275943
1781867243.616611,54.772258043289185,rhymes_and_toys,speech_attention_movie,speech_social,1571,1,0.4786645991163918,0.3830712918257587,0.43086794547107526,1,0,0.5861958622932434,0.7029482066631316,-0.041125767454491535,0.29835367651490563,2.916188920703509,0.590920627117157,0.7370007634162903,0.0009273075001559166,0.00034129424822913507,0.026755426981404807,0.1456031725623795
1781867243.651357,54.80700397491455,rhymes_and_toys,speech_attention_movie,speech_social,1572,1,0.4775700697674484,0.3841907286053622,0.4308803991864053,1,0,0.5862732231616974,0.7030478358268737,-0.04622429530211307,0.30002103931162644,3.2392966089881656,0.5915160477161407,0.7358570992946625,0.0012893771026324648,0.00036206960247654816,0.028061934123721762,0.1460453658347221
1781867243.685389,54.84103608131409,rhymes_and_toys,speech_attention_movie,speech_social,1573,1,0.478632206171596,0.38544768186909073,0.4320399440203434,1,0,0.5859433889389039,0.7026784241199493,-0.042790542051453245,0.3025359440930131,2.7639655282519087,0.5912411212921143,0.7356604039669037,0.0003380437702282508,0.0009513333324042139,0.023334678998380477,0.14515219984727265
1781867243.721746,54.87739300727844,rhymes_and_toys,speech_attention_movie,speech_social,1574,1,0.4895619162288711,0.39429406100184,0.44192798861535554,1,0,0.5858433187007903,0.7027710974216461,-0.047148533001867436,0.3069523627576922,3.36599707234662,0.5917835086584091,0.7348363995552063,0.0009864924356593077,0.0006484486654310569,0.01167136934601639,0.14591219421037532
1781867243.754142,54.909789085388184,rhymes_and_toys,speech_attention_movie,speech_social,1575,1,0.5032719284718106,0.38444336587168976,0.44385764717175014,1,0,0.5856217622756958,0.7033180654048921,-0.04712830146385455,0.3050522760518455,3.1676408491002617,0.5922162532806396,0.7368328273296356,0.002042790191522922,0.0010562977558636144,0.029647148317257812,0.14552369657409067
1781867243.789797,54.945444107055664,rhymes_and_toys,speech_attention_movie,speech_social,1576,1,0.5065084031413636,0.38578806287082645,0.446148233006095,1,0,0.5858136355876923,0.703330534696579,-0.05431254742226572,0.3074186507070039,3.4372356082653477,0.5923705697059631,0.734411209821701,0.002426529396867027,0.0003837392053441047,0.014448115188950493,0.14488550034280057
1781867243.8227441,54.97839117050171,rhymes_and_toys,speech_attention_movie,speech_social,1577,1,0.4807247137660292,0.39193533927900903,0.4363300265225191,1,0,0.5857308208942413,0.703471702337265,-0.05550184265161824,0.30609066544803776,3.4790162271595064,0.5925323665142059,0.7349086105823517,0.0005230542264941434,0.0019034751703728833,0.028914288591389177,0.14478613729698878
1781867243.856947,55.01259398460388,rhymes_and_toys,speech_attention_movie,speech_social,1578,1,0.4715329339687559,0.39181966222419534,0.4316762980964756,1,0,0.5859472036361695,0.7035212337970733,-0.0529225529217372,0.3067247029965398,3.3559527128119355,0.592048168182373,0.735021710395813,0.0004972319301440034,2.5822296350140063e-05,0.025428289832395062,0.14449117464802647
1781867243.891398,55.0470449924469,rhymes_and_toys,speech_attention_movie,speech_social,1579,1,0.48695151569202494,0.38607803611191016,0.4365147759019675,1,0,0.5854060530662537,0.7030726969242096,-0.052890721241377614,0.30485649681184973,3.5267013424339684,0.5920187830924988,0.7362834513187408,0.001262083055942737,0.0007648511257987336,0.03015695966252475,0.14419525183492007
1781867243.9266932,55.082340240478516,rhymes_and_toys,speech_attention_movie,speech_social,1580,1,0.5031485588648884,0.4055117032230711,0.4543301310439798,1,0,0.5858595252037049,0.7031473040580749,-0.05078897284199709,0.3018486448161982,3.1620222962023377,0.5922457128763199,0.734605610370636,0.0016931176491675067,0.0004310345932247697,0.034574349893308425,0.14336890493089804
1781867243.961828,55.1174750328064,rhymes_and_toys,speech_attention_movie,speech_social,1581,1,0.48289189307187647,0.39101683723704456,0.4369543651544605,1,0,0.586191964149475,0.7035578727722167,-0.04716768364014261,0.30456153532252195,3.158613972570612,0.5926281958818436,0.7360262870788574,0.001471263252717651,0.00022185439644985564,0.03400485015057035,0.1449233249782676
1781867243.995925,55.15157198905945,rhymes_and_toys,speech_attention_movie,speech_social,1582,1,0.47799134953734257,0.3880683598220246,0.4330298546796836,1,0,0.5861496090888978,0.7046203374862671,-0.04930163381128532,0.302575936606514,3.36488321778654,0.5927932262420654,0.7382095158100128,0.0021894571729854312,0.0007181939202677802,0.026104675055829838,0.1459283562083234
1781867244.02955,55.18519711494446,rhymes_and_toys,speech_attention_movie,speech_social,1583,1,0.47697485859123134,0.39007421083108856,0.4335245347111599,1,0,0.5865254342556,0.7036534428596497,-0.048417649845852256,0.30441313435342443,3.3169478516902338,0.5928671658039093,0.7380718886852264,0.00015623150861023124,0.0020332256643752,0.026083738926789148,0.14477508066031863
1781867244.064789,55.220436096191406,rhymes_and_toys,speech_attention_movie,speech_social,1584,1,0.4855829678749435,0.39926956472243946,0.4424262662986915,1,0,0.5866645097732544,0.7040589272975921,-0.049784911312931876,0.30378298886399585,3.1982779501124377,0.59304279088974,0.738347738981247,0.0003270130832056089,0.00017078157459537763,0.026656818130870025,0.14291707103507584
1781867244.099293,55.254940032958984,rhymes_and_toys,speech_attention_movie,speech_social,1585,1,0.4773209813853019,0.38569914393170573,0.4315100626585038,1,0,0.5865892052650452,0.7038831591606141,-0.048816984464927264,0.30288677773246336,3.0047680456608763,0.5932723879814148,0.737256646156311,0.0011149880614303275,0.0007879749782247187,0.03803398193545785,0.1439941328650004
1781867244.134048,55.289695024490356,rhymes_and_toys,speech_attention_movie,speech_social,1586,1,0.48307234596115944,0.3792923330200931,0.43118233949062623,1,0,0.5871087431907653,0.704217904806137,-0.04633066393600699,0.3029837263198072,2.5647603966421837,0.5927113145589828,0.7378769516944885,0.0008364103933196685,0.00027857766811065904,0.03207841142811985,0.14481444460040221
1781867244.166719,55.3223659992218,rhymes_and_toys,speech_attention_movie,speech_social,1587,1,0.4855226252209375,0.37219195516383274,0.4288572901923851,1,0,0.5867660284042359,0.7042731761932373,-0.0482580317132298,0.2995618175595169,2.721833095836899,0.5929522812366486,0.7374488115310669,0.0004912931296893446,0.0003451172636303239,0.031548256497000486,0.14540088322167763
1781867244.2017238,55.35737085342407,rhymes_and_toys,speech_attention_movie,speech_social,1588,1,0.4966347484752971,0.3928111181568477,0.4447229333160724,1,0,0.5867759406566619,0.703675776720047,-0.04880245659505155,0.2987757087710169,2.5890218834113465,0.5932970345020294,0.7386336624622345,0.0012339880643991255,0.0007426949347097808,0.026927773491543745,0.14362562147416413
1781867244.238251,55.393898010253906,rhymes_and_toys,speech_attention_movie,speech_social,1589,1,0.46948152001613863,0.39054280021870363,0.43001216011742116,1,0,0.5867872059345245,0.702774953842163,-0.0505775035211789,0.3005469795555241,3.0469695140645645,0.5935725122690201,0.7389003038406372,0.0003833870430552634,0.0008506010213438621,0.019924843887730907,0.14473776675562516
1781867244.270821,55.42646813392639,rhymes_and_toys,speech_attention_movie,speech_social,1590,1,0.4665591648465799,0.3747161689876139,0.4206376669170969,1,0,0.5869044661521912,0.7032168805599213,-0.04610092721973133,0.3009639909935546,3.1184013739809813,0.5931220650672913,0.7374174892902374,0.0015497230954020875,0.0011663360523468242,0.010164041645402907,0.14646486139384648
1781867244.30641,55.46205711364746,rhymes_and_toys,speech_attention_movie,speech_social,1591,1,0.47108593805645926,0.38759335578309045,0.4293396469197749,1,0,0.5866360008716582,0.7037668943405151,-0.048859062615858075,0.30331740366558363,3.2695047991527315,0.5927224904298782,0.7377816140651703,0.0005405985040523672,0.0010091245913497202,0.022199039620366283,0.14524161957090204
1781867244.3409688,55.49661588668823,rhymes_and_toys,speech_attention_movie,speech_social,1592,1,0.48748697497433907,0.3941902616625368,0.44083861831843796,1,0,0.5864685535430909,0.7033714354038239,-0.04810025346726578,0.3027094827684934,3.466628921462936,0.5928622484207153,0.7375271618366241,0.00029030713497074184,0.0002502913690816254,0.021228206565366482,0.14490937124109626
1781867244.375062,55.53070902824402,rhymes_and_toys,speech_attention_movie,speech_social,1593,1,0.48637592212617087,0.39071055646442443,0.43854323929529765,1,0,0.5859987020492554,0.7032680928707122,-0.05022101223830261,0.3054432142375392,3.239616540589494,0.5927255749702454,0.7370209097862244,0.000524376554202559,0.00023406941923181712,0.016618265099946388,0.14524748297209247
1781867244.4078872,55.56353425979614,rhymes_and_toys,speech_attention_movie,speech_social,1594,1,0.4729127673945371,0.38544964949040916,0.4291812084424731,1,0,0.5862712323665619,0.7034898698329926,-0.04907711841968793,0.3038817904190862,3.882994537506472,0.5924112498760223,0.7382394671440125,0.0012584443964982295,0.0007340678422956705,0.011618146195058859,0.14528316251046436
1781867244.4444,55.60004711151123,rhymes_and_toys,speech_attention_movie,speech_social,1595,1,0.5015174366353929,0.37395768944467345,0.4377375630400332,1,0,0.585899966955185,0.7032300710678101,-0.048539890793893314,0.3023069815768117,3.3120971705518523,0.5924734324216843,0.7363231480121613,0.0019173277456094773,0.0006588833491112478,0.04645396388243413,0.14448828226871305
1781867244.476855,55.63250207901001,rhymes_and_toys,speech_attention_movie,speech_social,1596,1,0.4960074579655677,0.37137306343795956,0.43369026070176364,1,0,0.5862947344779968,0.7037606358528137,-0.046237157947292565,0.3022116942906827,3.077330735076991,0.5925614833831787,0.7375513315200806,0.0012313357385153254,0.0006859920070941519,0.04540419497327382,0.14529193055463688
1781867244.5131352,55.668782234191895,rhymes_and_toys,speech_attention_movie,speech_social,1597,1,0.4878080407347012,0.3863546249283448,0.437081332831523,1,0,0.5860116839408874,0.7035742998123169,-0.0470752718503039,0.3026418874338691,3.2316060892857346,0.5923944562673569,0.7378720045089722,0.00036156496404440933,0.000869770774470916,0.042942537735078556,0.14555595722172046
1781867244.546995,55.70264196395874,rhymes_and_toys,speech_attention_movie,speech_social,1598,1,0.5062050754868622,0.4002866346720889,0.45324585507947557,1,0,0.5859111368656158,0.7042484641075135,-0.05159813529472437,0.30300169194717474,3.242902579598341,0.5930194556713104,0.7352785766124725,0.0026676754880016443,0.002306110523957235,0.03985217995083529,0.14541758762737486
1781867244.582274,55.73792099952698,rhymes_and_toys,speech_attention_movie,speech_social,1599,1,0.479640678552402,0.4102653962716887,0.44495303741204534,1,0,0.5862858891487122,0.7038330018520356,-0.05331640111888273,0.3031138725152385,3.691504539276171,0.5936154723167419,0.7375370562076569,0.002335800916922373,0.00033187457107927134,0.04699912364978705,0.14491107721839014
1781867244.6159139,55.77156090736389,rhymes_and_toys,speech_attention_movie,speech_social,1600,1,0.47666127259663343,0.40177478830376856,0.439218030450201,1,0,0.5864343523979187,0.7033218622207642,-0.046829880348104445,0.30431138894096627,3.3451030950928624,0.5932566523551941,0.7353760600090027,0.002190583560470359,0.00014521735645201374,0.044875126905809234,0.14398442530138392
1781867244.649055,55.804702043533325,rhymes_and_toys,speech_attention_movie,speech_social,1601,1,0.4941910922236671,0.4055976464877517,0.44989436935570937,1,0,0.5868070304393769,0.7032588601112366,-0.04928380343488733,0.30412409078105296,2.913993670213536,0.59353207051754,0.7351389825344086,0.0003634018342137375,0.0018271817262566217,0.03028194811325074,0.1454228575623971
1781867244.6850271,55.84067416191101,rhymes_and_toys,speech_attention_movie,speech_social,1602,1,0.4747046469713236,0.39029300767690395,0.43249882732411377,1,0,0.5870209038257599,0.7036384344100952,-0.04924334813793921,0.3015845015026843,3.374441980660666,0.5936606228351593,0.7388385236263275,0.0037017738976282875,0.00333837206341455,0.019521314050478668,0.14656879858214483
1781867244.717717,55.873363971710205,rhymes_and_toys,speech_attention_movie,speech_social,1603,1,0.45626485199967703,0.397277790164581,0.426771321082129,1,0,0.5873767971992492,0.7039827644824981,-0.04529797504904104,0.30192779875475717,3.8418410794446514,0.5931186527013779,0.7387026846408844,0.0005587341549227856,0.003143039742705502,0.02426527726505827,0.14733605486524784
1781867244.7538218,55.90946888923645,rhymes_and_toys,speech_attention_movie,speech_social,1604,1,0.4649939231872712,0.41752504275299024,0.44125948297013073,1,0,0.5869136929512024,0.7037464916706085,-0.04314182399783244,0.30088046120618656,3.6588041065165005,0.5926327407360077,0.737893134355545,0.0009441832992501727,0.0003854491443273871,0.01360543136973714,0.14568547560062545
1781867244.787225,55.942872047424316,rhymes_and_toys,speech_attention_movie,speech_social,1605,1,0.48518918392199395,0.422333752386702,0.453761468154348,1,0,0.5870082139968873,0.7045387983322144,-0.0437746199223387,0.29933889406778114,3.484127939377962,0.592743918299675,0.7396532893180847,0.0017636626499464214,0.0008194793506962486,0.008701072714007649,0.14649447462532483
1781867244.8221319,55.977778911590576,rhymes_and_toys,speech_attention_movie,speech_social,1606,1,0.469879356462452,0.4077604873844777,0.43881992192346486,1,0,0.5870023488998413,0.7043703675270081,-0.04736500582956213,0.29947868848571607,3.63841094653382,0.5927294194698334,0.7401271164417267,0.00047404889955108713,0.0012896137503953342,0.02680070038461591,0.1474239750062403
1781867244.8562188,56.011865854263306,rhymes_and_toys,speech_attention_movie,speech_social,1607,1,0.48222635605172454,0.42873969237935505,0.45548302421553977,1,0,0.5868464767932893,0.7040522754192353,-0.04431035859058746,0.2999179043929028,3.1892900895699228,0.5928909182548523,0.7379713952541351,0.0021617621738280373,0.00168771327427695,0.037748541457639825,0.14712939995515928
1781867244.890816,56.04646301269531,rhymes_and_toys,speech_attention_movie,speech_social,1608,1,0.47833945427624475,0.40548733047732044,0.4419133923767826,1,0,0.5866804122924805,0.70387042760849,-0.048941827753983355,0.2992594943093381,3.029486776802365,0.5930519104003906,0.7366776466369629,0.0013037269481605883,0.000858035225667449,0.03353867455669759,0.14806224104076116
1781867244.9256651,56.08131217956543,rhymes_and_toys,speech_attention_movie,speech_social,1609,1,0.4772673274534707,0.4042866430273983,0.4407769852404345,1,0,0.5867545366287231,0.7040196597576142,-0.04848478100245753,0.30183425554048166,3.754619260801906,0.5930202901363373,0.7363912761211395,0.0002881109394517032,0.0010156160087088852,0.031962312371877716,0.14859645529089965
1781867244.96012,56.11576700210571,rhymes_and_toys,speech_attention_movie,speech_social,1610,1,0.478166441454903,0.424548069716079,0.451357255585491,1,0,0.586613917350769,0.7029371559619904,-0.048986626819426525,0.29609131805881383,3.022239416755699,0.5929664671421051,0.7393039464950562,0.0029131676267938537,0.0026250566873421504,0.026355548611653914,0.1476651808656218
1781867244.9934158,56.14906287193298,rhymes_and_toys,speech_attention_movie,speech_social,1611,1,0.4815369351800799,0.4020809170153843,0.4418089260977321,1,0,0.5862197220325469,0.7033549666404724,-0.05137075396278167,0.2973117172798513,3.2519260769617744,0.5932131111621857,0.7368945479393005,0.002421989816889978,0.0004911778099038759,0.04383074912604857,0.14881088428367217
1781867245.0290701,56.18471717834473,rhymes_and_toys,speech_attention_movie,speech_social,1612,1,0.4699483241930699,0.40787753241254804,0.438912928302809,1,0,0.5859051942825317,0.7022915661334992,-0.048153288712348336,0.2970340915042009,2.95013233227773,0.5921983420848846,0.7360381186008453,0.001327865765811133,0.0010941240510788449,0.04792540627775993,0.14801473618768377
1781867245.063093,56.21873998641968,rhymes_and_toys,speech_attention_movie,speech_social,1613,1,0.4909389220299736,0.40764530606093596,0.44929211404545477,1,0,0.5855664789676667,0.7014914989471436,-0.05972611770551095,0.30167940293465495,3.398227580363382,0.5933312177658081,0.734283834695816,0.002088281429279262,0.0007604156634681289,0.03348111817159747,0.14542092737340334
1781867245.098293,56.25394010543823,rhymes_and_toys,speech_attention_movie,speech_social,1614,1,0.456678211037933,0.42423886635592567,0.4404585386969293,1,0,0.5858002126216888,0.7019039750099183,-0.04519145626916443,0.29693012635203797,3.7333218064528104,0.5918820053339005,0.7376745939254761,0.0036874740441554844,0.0015991926148762226,0.019254591868862903,0.14859825246064431
1781867245.1325572,56.288204193115234,rhymes_and_toys,speech_attention_movie,speech_social,1615,1,0.4735062962669233,0.4163711974312542,0.44493874684908874,1,0,0.5857396364212035,0.701419335603714,-0.045799694629354286,0.2972720421702697,3.1124965896378742,0.5919055938720703,0.7375101447105408,0.00016613236718300374,0.0035213416769724806,0.022955991398410435,0.14611880368749802
1781867245.165374,56.32102108001709,rhymes_and_toys,speech_attention_movie,speech_social,1616,1,0.47983251412770794,0.41432234505930154,0.4470774295935047,1,0,0.5855174720287323,0.7012685120105744,-0.05272784860095268,0.29545752630369254,3.474046058253196,0.5925264656543732,0.7385002374649048,0.0011686596734310827,0.001002527306248079,0.026591208605664333,0.1465978669820919
1781867245.2010372,56.35668420791626,rhymes_and_toys,speech_attention_movie,speech_social,1617,1,0.47505073264640096,0.4118192374511007,0.44343498504875084,1,0,0.5856654465198516,0.7021354615688324,-0.04648924597997367,0.29819151767560015,3.1313586212112536,0.5914751589298248,0.7372689545154572,0.001619044017524236,0.00045038434409315335,0.01959282187301738,0.14760959697384482
1781867245.235297,56.39094400405884,rhymes_and_toys,speech_attention_movie,speech_social,1618,1,0.492075155514766,0.403231082698202,0.447653119106484,1,0,0.585351026058197,0.7025160431861878,-0.050560746256113745,0.30152389491912457,2.838480882864487,0.5919497311115265,0.7350915372371674,0.002228534217695571,0.0006094902001713351,0.039900215774713144,0.14838237132834878
1781867245.2697191,56.425366163253784,rhymes_and_toys,speech_attention_movie,speech_social,1619,1,0.4920151041290848,0.4144654043625174,0.45324025424580106,1,0,0.5859776020050049,0.7025244057178497,-0.05118345040208289,0.3042882318478949,3.3903481107144864,0.5919200778007507,0.7360509037971497,0.0009598247315277072,0.001268709486167864,0.04114942015132217,0.14726551986308245
1781867245.30482,56.46046710014343,rhymes_and_toys,speech_attention_movie,speech_social,1620,1,0.4779003373242373,0.4064669952843968,0.44218366630431705,1,0,0.5856316030025481,0.701608020067215,-0.04970724590726874,0.29968288248667235,2.7659534581389558,0.5920706391334534,0.7371872067451477,0.0011462343148476433,0.0001864095833199361,0.05052497757526343,0.1456336553367472
1781867245.339616,56.49526309967041,rhymes_and_toys,speech_attention_movie,speech_social,1621,1,0.48130421091847075,0.41981639766387824,0.4505603042911745,1,0,0.5860478937625885,0.7016992092132568,-0.04778238761589598,0.2995791307481109,2.71631854318957,0.5926377773284912,0.7381804883480072,0.001143789348984293,2.4449658633503377e-06,0.06394744780769505,0.1468033732649386
1781867245.3729868,56.52863383293152,rhymes_and_toys,speech_attention_movie,speech_social,1622,1,0.47968493310215365,0.4177290828502253,0.44870700797618945,1,0,0.5859294354915618,0.7007963478565216,-0.04917345831877841,0.2954551678357249,2.6986092733826577,0.5926256775856018,0.7386214137077332,0.00044109134725978246,0.0007026980017245105,0.03960217584938485,0.14583364625264877
1781867245.4076512,56.56329822540283,rhymes_and_toys,speech_attention_movie,speech_social,1623,1,0.477622560423516,0.4158829120389455,0.44675273623123074,1,0,0.5860571205615996,0.700608891248703,-0.04673719284707933,0.2946408897610382,2.8415878658707947,0.5923517197370529,0.7387394607067108,0.0002983085596310773,0.00014278278762870514,0.044881103069154125,0.14490621823577152
1781867245.4423628,56.59800982475281,rhymes_and_toys,speech_attention_movie,speech_social,1624,1,0.47352941034831625,0.4236784621316797,0.44860393623999795,1,0,0.5861725449562073,0.7009546160697937,-0.050315138273983914,0.2959575593976021,2.635437003275845,0.5929195284843445,0.7374305725097656,0.0014267428239186093,0.001128434264287532,0.03684822898197351,0.14637045185346065
1781867245.4769769,56.63262391090393,rhymes_and_toys,speech_attention_movie,speech_social,1625,1,0.4729375443841366,0.39473403197960816,0.4338357881818724,1,0,0.5862493693828583,0.7003735601902008,-0.04649190707593859,0.29852161340934735,2.6097152680113034,0.5929487943649292,0.7362915873527527,0.0011393610839686378,0.0002873817399499715,0.03480189478409876,0.14859607494402197
1781867245.5098329,56.66547989845276,rhymes_and_toys,speech_attention_movie,speech_social,1626,1,0.45463779131446835,0.40719029289490605,0.4309140421046872,1,0,0.5858411014080047,0.7000099182128906,-0.05031974345995601,0.30032766125344057,3.393875290443523,0.5929646492004395,0.7362239360809326,6.948431756828287e-05,0.0010698767664003548,0.04052965930622308,0.14725240915681992
1781867245.546124,56.70177102088928,rhymes_and_toys,speech_attention_movie,speech_social,1627,1,0.4635688523419001,0.42121791588201174,0.44239338411195595,1,0,0.5861178696155549,0.7001888513565064,-0.049553123779227215,0.2988942275840891,3.1550102259081965,0.593095138669014,0.7371863126754761,0.0009711828927312935,0.0009016985751630107,0.03136014927475803,0.146336766055407
1781867245.580499,56.736145973205566,rhymes_and_toys,speech_attention_movie,speech_social,1628,1,0.4827145525429085,0.41509357282027565,0.4489040626815921,1,0,0.5856477499008179,0.6996605813503265,-0.049794378273096296,0.2999563833955395,3.1454172958183886,0.5921870619058609,0.7352392375469208,0.0021484191779113306,0.001177236285180037,0.0382170461229859,0.14648852920659877
1781867245.6138508,56.769497871398926,rhymes_and_toys,speech_attention_movie,speech_social,1629,1,0.484944094142815,0.4108101705547267,0.4478771323487708,1,0,0.5858318090438843,0.7009593427181244,-0.04599593657273099,0.29665050521101244,2.5396696372943004,0.5919776558876038,0.7354975938796997,0.0003325640918218437,0.001815855086089487,0.03829376426981602,0.1489915969797782
1781867245.6475048,56.80315184593201,rhymes_and_toys,speech_attention_movie,speech_social,1630,1,0.47520503477164366,0.41313854251783305,0.4441717886447384,1,0,0.5861458778381348,0.6994414150714874,-0.04407772960993751,0.2978386173848649,2.854670775050803,0.5913844406604767,0.7361085712909698,0.0008515854054513799,0.0005190213136295362,0.03706818923736735,0.14800538616908135
1781867245.682928,56.8385751247406,rhymes_and_toys,speech_attention_movie,speech_social,1631,1,0.46789973752109293,0.4065335601471609,0.4372166488341269,1,0,0.5860332012176513,0.699742466211319,-0.04296965856899223,0.29829588836956744,2.88048808479242,0.5914352238178253,0.7344716489315033,0.0016377099071544514,0.0007861245017030715,0.03613019551773746,0.14846545955120202
1781867245.7173991,56.87304615974426,rhymes_and_toys,speech_attention_movie,speech_social,1632,1,0.4805522333174588,0.3948829250293783,0.4377175791734185,1,0,0.5856863319873811,0.6993665397167206,-0.04830621719164784,0.29857433381405785,3.001733622273113,0.5920693129301071,0.7361229956150055,0.0017689021655897272,0.0001311922584352758,0.013992426941283463,0.14816689710636322
1781867245.751029,56.906676054000854,rhymes_and_toys,speech_attention_movie,speech_social,1633,1,0.46398715884181735,0.40733860346285083,0.4356628811523341,1,0,0.5854429423809051,0.6991413593292236,-0.04839722939717814,0.29613766042855083,2.833596541551872,0.59134241938591,0.7338848412036896,0.002353233816153486,0.0005843316505637589,0.022358650495790756,0.1485277927096532
1781867245.786659,56.94230604171753,rhymes_and_toys,speech_attention_movie,speech_social,1634,1,0.3971672098265737,0.27086650827635034,0.33401685905146206,1,0,0.5864376783370971,0.7019722044467926,-0.04966859640495877,0.296523135689385,3.0265299932126366,0.5918632298707962,0.7354528903961182,0.0016522777705468643,0.0007009560456066218,0.03842307692133743,0.15968275821685152
1781867245.8197608,56.97540783882141,rhymes_and_toys,speech_attention_movie,speech_social,1635,1,0.21718351103530584,0.20924135840148475,0.2132124347183953,1,0,0.5857061684131621,0.7052027404308319,-0.04538167120784763,0.2977616822209709,3.2877490985451665,0.5909559577703476,0.7358576953411102,0.0009934836222819472,0.0006587941482649171,0.04153542602153,0.17308806846393804
1781867245.855551,57.01119804382324,rhymes_and_toys,speech_attention_movie,speech_social,1636,1,0.22997477723721416,0.24193496886567942,0.2359548730514468,1,0,0.5854186117649078,0.7048276364803314,-0.05181791230216545,0.2948327327392471,3.8472057241868853,0.5918662995100021,0.7366111278533936,0.001181686351585233,0.0001882027293032859,0.04087508877763425,0.1699661490694776
1781867245.8893492,57.04499626159668,rhymes_and_toys,speech_attention_movie,speech_social,1637,1,0.3491632876556279,0.35444723857445626,0.35180526311504207,1,0,0.5860168099403382,0.7029664576053619,-0.03918451129326074,0.2958729860220418,3.7972440987269427,0.5901908874511719,0.7360149621963501,0.001778319166379284,0.000596632814794051,0.019792648565184135,0.15775560179971448
1781867245.9241989,57.079845905303955,rhymes_and_toys,speech_attention_movie,speech_social,1638,1,0.38114630994940424,0.3637265944209908,0.3724364521851975,1,0,0.5855176568031311,0.7018811821937561,-0.041619366567345426,0.29508927004720326,3.4248599735959635,0.5908626616001129,0.7369294464588165,0.001134707880242413,0.000643611286136871,0.030564003150393877,0.15348329510736866
1781867245.9592519,57.114898920059204,rhymes_and_toys,speech_attention_movie,speech_social,1639,1,0.41693195371658653,0.3736397906349228,0.39528587217575467,1,0,0.5853917837142945,0.7010455012321473,-0.04127685177068059,0.2963171273381465,3.1810498763212793,0.5903847217559814,0.7358258068561554,0.001202683194848268,6.797531460585489e-05,0.02939294640215725,0.15209850889008145
1781867245.994312,57.149959087371826,rhymes_and_toys,speech_attention_movie,speech_social,1640,1,0.42190020032478454,0.3619220428673997,0.3919111215960921,1,0,0.5853011846542359,0.7015947461128235,-0.04201733715442363,0.2925701173002381,3.236904675406882,0.5911881774663925,0.738863080739975,0.0031417469223227763,0.0019390637274745084,0.03881548073094981,0.1507536869150629
1781867246.027359,57.183006048202515,rhymes_and_toys,speech_attention_movie,speech_social,1641,1,0.43587638790135863,0.3757817585103383,0.4058290732058485,1,0,0.5853726089000701,0.7012393951416016,-0.04281080955256869,0.29589128945803966,3.1229216365244636,0.5910933911800385,0.736193984746933,0.0026707785119986296,0.0004709684103241466,0.03186489407277388,0.15019708140946766
1781867246.061225,57.21687197685242,rhymes_and_toys,speech_attention_movie,speech_social,1642,1,0.4644184953593931,0.3655513974519474,0.4149849464056703,1,0,0.5855268180370331,0.7017095208168029,-0.044602640295960914,0.29391830368525135,2.6213095060529343,0.5908325910568237,0.7372128367424011,0.001051701522742182,0.0016190769892564477,0.01973273609558835,0.1493633697349129
1781867246.09691,57.252557039260864,rhymes_and_toys,speech_attention_movie,speech_social,1643,1,0.43922553116636415,0.36634197760993925,0.4027837543881517,1,0,0.585357129573822,0.7011243939399718,-0.04580875383934744,0.29372506093786815,3.047752052629637,0.5913886427879333,0.7375451624393463,0.0006477915532948162,0.00040390996944736574,0.023208693589097985,0.14864036511669274
1781867246.129233,57.28487992286682,rhymes_and_toys,speech_attention_movie,speech_social,1644,1,0.46023021485190974,0.3899151742645855,0.4250726945582476,1,0,0.584842175245285,0.7015558540821075,-0.047270588012787704,0.29636847852184195,3.289932953547003,0.5909829884767532,0.7363548576831818,0.0012575296548101615,0.0006097381015153453,0.01946769685626839,0.14997398568698592
1781867246.165705,57.32135200500488,rhymes_and_toys,speech_attention_movie,speech_social,1645,1,0.45148417665474117,0.37132830569132197,0.4114062411730316,1,0,0.5847790658473968,0.7011082112789153,-0.04471745245088441,0.2951982383338558,3.8572287871768998,0.5911098718643188,0.7357892990112305,0.0005796171197087236,0.0006779125351014379,0.02799432154959074,0.14988147225731663
1781867246.1990001,57.354647159576416,rhymes_and_toys,speech_attention_movie,speech_social,1646,1,0.4410961059877031,0.38521237363494243,0.41315423981132277,1,0,0.5846431970596313,0.6996781706809998,-0.044642868164224664,0.29805688376683187,3.1736385773835942,0.5918797850608826,0.7364251911640167,0.000998561545533426,0.0004189444258247024,0.020861210339448318,0.14743815456240694
1781867246.2341702,57.389817237854004,rhymes_and_toys,speech_attention_movie,speech_social,1647,1,0.4333287273312529,0.39220003982396506,0.412764383577609,1,0,0.5851197838783264,0.699669498205185,-0.0443226085764725,0.2977096692161018,3.197300718236561,0.590503141283989,0.735516369342804,0.0016495772765082613,0.0006510157309748354,0.014329377607968754,0.15063094529602056
1781867246.267623,57.42326998710632,rhymes_and_toys,speech_attention_movie,speech_social,1648,1,0.4520359255265199,0.39531803121483605,0.42367697837067797,1,0,0.5852463126182557,0.7008730173110962,-0.04375381455336675,0.29577326083870786,3.383304933527222,0.5913382470607758,0.7369524240493774,0.0016612208699310737,1.1643593422812392e-05,0.02323516139851242,0.14990614993216045
1781867246.305088,57.46073508262634,rhymes_and_toys,speech_attention_movie,speech_social,1649,1,0.44746460773530095,0.3965240079768077,0.4219943078560543,1,0,0.5847855925559997,0.7002941727638244,-0.04447245827418053,0.2974031416564838,3.0067837694605055,0.5914763957262039,0.7369912266731262,0.0001434945900352047,0.0015177262798958691,0.030163236747814678,0.14778546958999875
1781867246.338303,57.4939501285553,rhymes_and_toys,speech_attention_movie,speech_social,1650,1,0.4543770773883044,0.4107350413039749,0.43255605934613967,1,0,0.5846423804759979,0.7012472867965698,-0.04644040751365557,0.29995448181612455,3.15919464984389,0.590942770242691,0.7363233268260956,0.0008548955271364479,0.0007114009371012432,0.0303798370883528,0.14993552563904505
1781867246.371784,57.52743101119995,rhymes_and_toys,speech_attention_movie,speech_social,1651,1,0.44865820743710355,0.40095810865310966,0.42480815804510663,1,0,0.5838401615619659,0.701037323474884,-0.052706184391516094,0.2992065602407016,3.9635502181033644,0.5916344672441483,0.736808717250824,0.0008450139680756241,9.88155906082378e-06,0.020757199076586217,0.14822585241783284
1781867246.405993,57.56164002418518,rhymes_and_toys,speech_attention_movie,speech_social,1652,1,0.43448054446150514,0.3860338700481269,0.410257207254816,1,0,0.5827450275421142,0.7014925241470337,-0.05364880858557355,0.3000409166427309,3.7809866330015653,0.590552031993866,0.7335483431816101,0.003435360991548904,0.0025903470234732795,0.02823436452471202,0.1497017481741017
1781867246.442552,57.598199129104614,rhymes_and_toys,speech_attention_movie,speech_social,1653,1,0.43935765159217965,0.3943839306397723,0.41687079111597597,1,0,0.5822048127651215,0.7000419080257416,-0.04508167189397381,0.29886263953902503,3.573036861690147,0.5886604338884354,0.7343073785305023,0.0020382046151789,0.0013971563763700038,0.027073403935834323,0.1492339842014043
1781867246.474944,57.63059115409851,rhymes_and_toys,speech_attention_movie,speech_social,1654,1,0.445006686263078,0.3997785407254536,0.4223926134942658,1,0,0.5811258375644683,0.698377537727356,-0.05120422500954054,0.30225451245854484,4.395158010934771,0.5880949795246124,0.7339899241924286,0.0006484719688068505,0.0013897326463720495,0.018443089570523357,0.1466816202189391
1781867246.513129,57.66877603530884,rhymes_and_toys,speech_attention_movie,speech_social,1655,1,0.42743208011297723,0.3806753454673265,0.4040537127901519,1,0,0.5802228331565857,0.6977689981460571,-0.04974688543430744,0.3018197742621586,3.9674271883802255,0.5867969989776611,0.7316120564937592,0.002709060407713244,0.0020605884389063934,0.01852470685268637,0.14920949580887585
1781867246.5449688,57.700615882873535,rhymes_and_toys,speech_attention_movie,speech_social,1656,1,0.4262146229331844,0.39202822008855465,0.4091214215108695,1,0,0.5790166079998016,0.6964858889579773,-0.05130244323620886,0.3037542978831734,3.410830105462347,0.5856015384197235,0.727786123752594,0.004008352190801614,0.00129929178308837,0.018488470922714623,0.1508585428418721
1781867246.578063,57.733710050582886,rhymes_and_toys,speech_attention_movie,speech_social,1657,1,0.4323562931014403,0.40143318813637235,0.4168947406189063,1,0,0.5778501123189925,0.6963703155517578,-0.05183976695182686,0.3040484962353009,4.153918714384229,0.5857530534267426,0.7292549908161163,0.0014766608438137442,0.00253169134698787,0.01693592709160183,0.15085142218395442
1781867246.612299,57.767946004867554,rhymes_and_toys,speech_attention_movie,speech_social,1658,1,0.4357258931436397,0.39147247466283347,0.4135991839032366,1,0,0.5778388917446137,0.6961934387683868,-0.05455223146963418,0.3051291308033038,3.5273674596705633,0.58518186211586,0.726893275976181,0.002429805856194766,0.0009531450123810216,0.028758906969322283,0.1517349188987798
1781867246.6472352,57.80288219451904,rhymes_and_toys,speech_attention_movie,speech_social,1659,1,0.4504402240355733,0.37765820768699804,0.4140492158612857,1,0,0.5774052023887635,0.6957871794700623,-0.054498109184302576,0.3058961204015411,3.0039402308384826,0.585081934928894,0.7267920076847076,0.00014226984765882618,0.0022875360085359395,0.021652647509027925,0.151265624424034
1781867246.681945,57.837592124938965,rhymes_and_toys,speech_attention_movie,speech_social,1660,1,0.4519594971378948,0.39809251465029216,0.42502600589409345,1,0,0.5771144092082977,0.6962545931339263,-0.05898067887439693,0.3084995563907689,2.906420598923189,0.5856420993804932,0.7244651913642883,0.0023932944661710577,0.0022510246185122314,0.029108860600996746,0.15136359886146772
1781867246.7141361,57.86978316307068,rhymes_and_toys,speech_attention_movie,speech_social,1661,1,0.44319894473946597,0.39556368218813515,0.4193813134638006,1,0,0.5772406727075576,0.6968920767307282,-0.0463348831769699,0.3061036595033508,3.0544931267948545,0.5839924514293671,0.729543149471283,0.005339194405436743,0.002945899939265685,0.02037154232920486,0.15130163534849644
1781867246.748811,57.90445804595947,rhymes_and_toys,speech_attention_movie,speech_social,1662,1,0.44191336891035765,0.38859965392874996,0.4152565114195538,1,0,0.5775659024715424,0.6965733230113984,-0.04893674542748028,0.30771360563508143,3.4579307246920217,0.5838582366704941,0.7263799905776978,0.003166005020142342,0.0021731893852944004,0.026774445160878787,0.15089587906635699
1781867246.782683,57.93832993507385,rhymes_and_toys,speech_attention_movie,speech_social,1663,1,0.4348464605429607,0.404295976431398,0.4195712184871794,1,0,0.5776557505130768,0.6974305927753448,-0.0464142930718685,0.3057251212442957,3.2280524513587383,0.5838537216186523,0.7265826761722565,0.0002027358772757148,0.0029632691428666275,0.03391883814126149,0.1509129617964128
1781867246.818013,57.97365999221802,rhymes_and_toys,speech_attention_movie,speech_social,1664,1,0.4424400321747281,0.40632163659554416,0.42438083438513613,1,0,0.5779430270195007,0.6968777060508728,-0.04814889168596979,0.30749664262080784,3.2451237911622357,0.5842270255088806,0.7273138165473938,0.0008209275501623244,0.0006181916728866096,0.023267563135736444,0.15082023720863394
1781867246.8538308,58.009477853775024,rhymes_and_toys,speech_attention_movie,speech_social,1665,1,0.4526263289160665,0.40827337941023456,0.4304498541631505,1,0,0.5782548546791076,0.69651158452034,-0.046075935154612765,0.30207807675871573,3.7565576331467736,0.5839905887842178,0.7274730205535889,0.00028504076964150756,0.0005358867805208168,0.02345192366570882,0.14938130249723425
1781867246.8897762,58.04542326927185,rhymes_and_toys,speech_attention_movie,speech_social,1666,1,0.45650250511729534,0.41744888391192986,0.4369756945146126,1,0,0.5784211724996566,0.6959351122379303,-0.050662120526855474,0.3016999758978902,2.9945509055031194,0.5842376947402954,0.7281842827796936,0.000752964346973001,0.0004679235773314934,0.02086746327896664,0.1495860305960964
1781867246.922678,58.078325033187866,rhymes_and_toys,speech_attention_movie,speech_social,1667,1,0.45419408568602343,0.4067135696151994,0.4304538276506114,1,0,0.5784863442182542,0.6954158782958983,-0.04453668310593397,0.3009237327098396,2.938351802873593,0.5839564502239227,0.7260421216487885,0.002160544558381183,0.0014075802114081818,0.02143964589683169,0.14874202544714082
1781867246.9565902,58.112237215042114,rhymes_and_toys,speech_attention_movie,speech_social,1668,1,0.46393074430729664,0.4101546807709043,0.43704271253910043,1,0,0.5785259008407593,0.6951018393039703,-0.04965502642697402,0.30378507268305477,2.685797164855534,0.5843877792358398,0.7263121902942657,0.0005089025346678231,0.0016516420237133597,0.02812983217902134,0.15010593967858898
1781867246.9935732,58.14922022819519,rhymes_and_toys,speech_attention_movie,speech_social,1669,1,0.47852674020000324,0.41671324837989626,0.44761999428994975,1,0,0.5785045772790909,0.6946628510951995,-0.042469245225964534,0.30380824055221184,2.960670905121591,0.5832900106906891,0.7264531552791595,0.0011067822304719741,0.000597879695804151,0.02827612978334555,0.14834558592638702
1781867247.0254111,58.181058168411255,rhymes_and_toys,speech_attention_movie,speech_social,1670,1,0.4797708454963168,0.40136509817904603,0.4405679718376814,1,0,0.5787668406963349,0.6943871080875397,-0.049848015112393444,0.3040025464408524,2.393066535998344,0.5849957466125488,0.7273143231868744,0.0019107970065919255,0.0008040147761199513,0.03720469342180302,0.1499463560139587
1781867247.0591831,58.21483016014099,rhymes_and_toys,speech_attention_movie,speech_social,1671,1,0.44696498136401025,0.4089516674611488,0.4279583244125795,1,0,0.5786067813634872,0.6949444472789764,-0.051120801834436555,0.29956514146256613,3.5045693166872063,0.5852178186178207,0.7285439968109131,0.0012495652032534952,0.0006612318033384303,0.035191950582373725,0.14813529351379306
1781867247.096936,58.252583026885986,rhymes_and_toys,speech_attention_movie,speech_social,1672,1,0.4565810773980619,0.39299417189144875,0.42478762464475534,1,0,0.5785930424928665,0.6956038415431977,-0.05656306074066817,0.3108390767092568,3.917736956184018,0.5856209695339203,0.7261656224727631,0.0024123008007963004,0.0011627355975428052,0.014178002918170451,0.14975003111050503
1781867247.13042,58.28606700897217,rhymes_and_toys,speech_attention_movie,speech_social,1673,1,0.4632362249118682,0.39129368636488004,0.42726495563837413,1,0,0.5787764310836792,0.6951037228107453,-0.04790592558630055,0.3070484863474486,3.1530286943867796,0.5850895047187805,0.7274481654167175,0.0013882979697525109,0.0010240028310437895,0.015289227806953075,0.14841923330451154
1781867247.16308,58.318727016448975,rhymes_and_toys,speech_attention_movie,speech_social,1674,1,0.46334253699665745,0.40276424767084285,0.4330533923337502,1,0,0.5788037300109863,0.6970354676246643,-0.0425580568514853,0.3054401536214255,2.844867223421773,0.5837461203336716,0.7293044328689575,0.002291377415529814,0.0009030794457773031,0.019658022918333625,0.15001385073986828
1781867247.1983309,58.35397791862488,rhymes_and_toys,speech_attention_movie,speech_social,1675,1,0.4578587645496307,0.41489508421631327,0.436376924382972,1,0,0.5784696280956269,0.6969328582286834,-0.051950405221336635,0.3028399933345403,3.2658251687515003,0.5846209228038788,0.7311272919178009,0.0020219036757053613,0.0002694737398244527,0.028256508702529232,0.1493581161968649
1781867247.232286,58.387933015823364,rhymes_and_toys,speech_attention_movie,speech_social,1676,1,0.47564548861948114,0.3800484137102586,0.42784695116486987,1,0,0.5785628139972687,0.6972723126411438,-0.048751335828585526,0.3059861064081841,3.2330038993395993,0.5847787708044052,0.7292413115501404,0.001892574420854068,0.00012932925485129336,0.017461652644399882,0.14849203590546262
1781867247.2670789,58.42272591590881,rhymes_and_toys,speech_attention_movie,speech_social,1677,1,0.44496742945103224,0.40106588897436446,0.4230166592126984,1,0,0.5782066285610199,0.6967017173767089,-0.051383686586008344,0.3005876548362522,3.243794428788411,0.585104912519455,0.7315093874931335,0.0022914050059908483,0.00039883058513678037,0.03170854434732911,0.14893574445209784
1781867247.300805,58.45645213127136,rhymes_and_toys,speech_attention_movie,speech_social,1678,1,0.4558281373067951,0.3969368876484128,0.42638251247760395,1,0,0.5782781213521957,0.6960894644260407,-0.05397399187406003,0.30488008448359827,3.487557424063012,0.5855668634176254,0.7297097742557526,0.0018579575981376329,0.0004334474078532154,0.01778186423467874,0.14732945047471807
1781867247.337551,58.49319815635681,rhymes_and_toys,speech_attention_movie,speech_social,1679,1,0.4234652015193292,0.3882423092626774,0.4058537553910033,1,0,0.5779841482639312,0.6956457614898681,-0.052777231653733624,0.3037518321967279,3.8318920549692814,0.5847029685974121,0.7298779487609863,0.0008801118818661764,0.0009778457162714564,0.022142559540214754,0.14778701342630426
1781867247.370255,58.52590203285217,rhymes_and_toys,speech_attention_movie,speech_social,1680,1,0.43802704736526854,0.4035783604020793,0.4208027038836739,1,0,0.5773502379655838,0.6948182761669159,-0.051050857464110554,0.3009378480329974,3.2748784495151044,0.583817645907402,0.728487491607666,0.0016483832566082121,0.0007682713747420357,0.024504078225460926,0.1486333931015471
1781867247.404209,58.559855937957764,rhymes_and_toys,speech_attention_movie,speech_social,1681,1,0.4476886512899366,0.40206632468954806,0.42487748798974234,1,0,0.5767414391040802,0.6929963886737824,-0.053394951250837284,0.30039291940698637,3.1299583645130653,0.5838510245084763,0.7298378050327301,0.0013507259073986763,0.00029765734920953585,0.030190982343740905,0.14696466290211516
1781867247.4407701,58.59641718864441,rhymes_and_toys,speech_attention_movie,speech_social,1682,1,0.4350397104289653,0.38852431050783814,0.4117820104684017,1,0,0.5761821210384368,0.6925628900527954,-0.05708594786103041,0.30223831705394083,2.307937592803418,0.5833298712968826,0.7265160977840424,0.0033623414038343956,0.0020116154964357194,0.036105754027107584,0.14900504656925437
1781867247.472815,58.628462076187134,rhymes_and_toys,speech_attention_movie,speech_social,1683,1,0.46292033459852433,0.3835384773205511,0.42322940595953773,1,0,0.575545147061348,0.6923227190971375,-0.05667770916639995,0.3040743009204023,2.542454286443823,0.5824232995510101,0.7255620956420898,0.0013160518292469694,0.002046289574587426,0.039306756451771584,0.14985417087137184
1781867247.507604,58.66325092315674,rhymes_and_toys,speech_attention_movie,speech_social,1684,1,0.4600943644482812,0.39845214438229415,0.4292732544152877,1,0,0.5750679492950439,0.6921364903450012,-0.057649695050417935,0.3050477191458089,2.3488123919211072,0.5825372636318207,0.7261932492256165,0.000641360006325212,0.0006746918229217574,0.03994128314085395,0.1473974783812492
1781867247.5435038,58.699150800704956,rhymes_and_toys,speech_attention_movie,speech_social,1685,1,0.4367833383621942,0.41061021095205064,0.4236967746571224,1,0,0.5745314717292787,0.6919647514820099,-0.049934336878740805,0.30712734185607016,2.728821873581241,0.5809376239776611,0.7262538373470306,0.0016007866639924796,0.0009594266576672675,0.011748151354151795,0.14707740764102953
1781867247.5769432,58.732590198516846,rhymes_and_toys,speech_attention_movie,speech_social,1686,1,0.454495616371269,0.39751256559277565,0.4260040909820223,1,0,0.5744524449110031,0.6937489688396454,-0.045547450820035314,0.30871193913794287,2.9511712503244163,0.5809302628040314,0.7250703871250153,0.0011834731153961468,0.00041731354859633274,0.014807155687229736,0.15176161209352856
1781867247.6111171,58.76676416397095,rhymes_and_toys,speech_attention_movie,speech_social,1687,1,0.4606086508733377,0.42199535067993377,0.44130200077663573,1,0,0.5742399573326111,0.6939077854156495,-0.05928924551706334,0.3143296441343908,1.8322292704811913,0.5819965451955795,0.7253886759281158,0.0011127739665829984,7.069914881314846e-05,0.01714623406440438,0.14931005280968893
1781867247.645615,58.80126214027405,rhymes_and_toys,speech_attention_movie,speech_social,1688,1,0.4297983180466688,0.37007237154003464,0.3999353447933517,1,0,0.5749512314796448,0.6955565690994263,-0.051903967637698535,0.31063388291323374,1.947934909667059,0.5809375643730164,0.7263000011444092,0.0013971234850250942,0.0002843495184420958,0.019589715703347565,0.15056897155016905
1781867247.68118,58.83682703971863,rhymes_and_toys,speech_attention_movie,speech_social,1689,1,0.4635391177725325,0.3834579832164611,0.4234985504944968,1,0,0.5750431388616561,0.6959665477275848,-0.04912390066102775,0.30909319317415124,2.2973448768702487,0.5815365463495255,0.7271087169647217,0.0010063799909608999,0.0003907434940641943,0.011033691678591114,0.14942414581338617
1781867247.714315,58.869961977005005,rhymes_and_toys,speech_attention_movie,speech_social,1690,1,0.4748714143359391,0.3841838357610699,0.4295276250485045,1,0,0.5759190082550049,0.6957901418209076,-0.049225005286857935,0.3087873203392,1.5243989024420195,0.5820842385292053,0.7269098460674286,0.0005826803218512246,0.00042369966910967526,0.00432617210350567,0.1481622724901458
1781867247.749036,58.904683113098145,rhymes_and_toys,speech_attention_movie,speech_social,1691,1,0.4525829062114508,0.411815711477087,0.43219930884426894,1,0,0.5760898411273956,0.6954807937145233,-0.04742353676274148,0.30519678330656697,1.9905970114474625,0.5825163125991821,0.7275030612945557,0.0007338884844727772,0.00015120816262155262,0.004227173102585612,0.14771559542127005
1781867247.784079,58.93972611427307,rhymes_and_toys,speech_attention_movie,speech_social,1692,1,0.45636812807017146,0.397064997724083,0.4267165628971272,1,0,0.5766246080398559,0.6958886086940765,-0.05130067655918289,0.30615834285852067,2.454742511414605,0.5829486846923828,0.7296022772789001,0.0021432809838903798,0.0014093924994176025,0.01124880984594166,0.14847178534464042
1781867247.817426,58.97307300567627,rhymes_and_toys,speech_attention_movie,speech_social,1693,1,0.47258271464401747,0.3968685981012021,0.4347256563726098,1,0,0.5777093380689622,0.6958838522434234,-0.05082802862289828,0.30678263903317676,1.3917117900608307,0.5844767987728119,0.7269345223903656,0.003074418447138511,0.0009311374632481311,0.016388505348827336,0.14887762338503835
1781867247.852198,59.00784492492676,rhymes_and_toys,speech_attention_movie,speech_social,1694,1,0.47072644471430247,0.4136415309764044,0.4421839878453534,1,0,0.5783753871917725,0.6959539473056793,-0.05130584382859609,0.3082960892960955,2.141064976746147,0.5844724923372269,0.7270439863204956,0.00010954860741677428,0.0029648698397217368,0.01912478377136872,0.14654270532163552
1781867247.889869,59.04551601409912,rhymes_and_toys,speech_attention_movie,speech_social,1695,1,0.47051663288259454,0.3893984944204579,0.4299575636515262,1,0,0.5798044919967651,0.6976555168628693,-0.047987798058066966,0.3041211945206778,2.3205127078666177,0.5851209759712219,0.730307549238205,0.0033273674190577454,0.0032178188116409713,0.01189609636129599,0.15100977845375452
1781867247.920738,59.07638502120972,rhymes_and_toys,speech_attention_movie,speech_social,1696,1,0.26969838074148134,0.28760448070612404,0.2786514307238027,1,0,0.5790605992078781,0.702097874879837,-0.0425253421150113,0.2965066388473864,3.3042470224759755,0.5843022465705872,0.7325197160243988,0.0023588132018883944,0.000968554217169351,0.016271566446299967,0.16954878266606574
1781867247.955758,59.11140513420105,rhymes_and_toys,speech_attention_movie,speech_social,1697,1,0.13170720766834734,0.1172789388811219,0.12449307327473462,0,1,0.5788908541202545,0.7068349957466126,-0.05415055277907332,0.30707933065226056,3.981767588831003,0.5870804786682129,0.7306775450706482,0.0033334917745691693,0.0009746785726807749,0.026482900165086726,0.18702107368527957
1781867247.990415,59.14606213569641,rhymes_and_toys,speech_attention_movie,speech_social,1698,1,0.11046562532355199,0.1347911335006486,0.12262837941210031,0,1,0.5782225996255874,0.7069433331489563,-0.050155525354850836,0.3035288683688599,3.6596375105856516,0.5863446593284607,0.7309571504592896,0.0007871526371108999,0.0025463391374582695,0.019291162138955865,0.18709828945296572
1781867248.025005,59.180652141571045,rhymes_and_toys,speech_attention_movie,speech_social,1699,1,0.19748920923099786,0.19289419932174032,0.1951917042763691,1,0,0.5807018995285034,0.7046290814876557,-0.04703454199093913,0.30767244099644475,3.6729841529650566,0.5866423547267914,0.7304276525974274,0.0006074459119163535,0.0001797067251945464,0.003050975331808912,0.1755772354146389
1781867248.058079,59.21372604370117,rhymes_and_toys,speech_attention_movie,speech_social,1700,1,0.3156856526857165,0.3087324878063797,0.3122090702460481,1,0,0.5818953275680542,0.7026290595531464,-0.044506187972147455,0.30908815917168925,3.4142580179682,0.5871382355690002,0.7289486825466156,0.0015598878872752147,0.0009524419753588612,0.015056680106234814,0.16335475554030526
1781867248.096488,59.252135038375854,rhymes_and_toys,speech_attention_movie,speech_social,1701,1,0.39628525207466303,0.36054433068271574,0.3784147913786894,1,0,0.5811443626880646,0.7015201985836028,-0.04534729849314744,0.3115463410164952,3.075411844960271,0.5874515175819397,0.728931725025177,0.00031374062083947023,0.0012461472664357445,0.017585362202540176,0.15559673325268017
1781867248.1293728,59.285019874572754,rhymes_and_toys,speech_attention_movie,speech_social,1702,1,0.42156685095179836,0.3717795602435406,0.3966732055976695,1,0,0.5815678060054779,0.7007243275642395,-0.04671100951782371,0.3078645769251291,2.828840366392335,0.5875024199485779,0.730499655008316,0.0015687560304125535,0.0012550154095730833,0.014228554446601246,0.15327805201766914
1781867248.1625779,59.31822490692139,rhymes_and_toys,speech_attention_movie,speech_social,1703,1,0.4176303268564025,0.3730953840114063,0.39536285543390437,1,0,0.5815499007701874,0.7000641345977783,-0.043179440119214776,0.31161842521149913,2.7736242317056887,0.5868929326534271,0.7282837927341461,0.0022981558652623376,0.0007293998348497841,0.008520172214005323,0.15103425187789699
1781867248.197022,59.35266900062561,rhymes_and_toys,speech_attention_movie,speech_social,1704,1,0.45866485137079377,0.3660124093968755,0.41233863038383467,1,0,0.581562089920044,0.6999828338623046,-0.048103215089578474,0.31142781263240504,3.1037687152511957,0.5878930389881134,0.7299342155456543,0.0019297948433515376,0.0003683610219108,0.01666262549209692,0.15109317651330018
1781867248.232351,59.38799810409546,rhymes_and_toys,speech_attention_movie,speech_social,1705,1,0.4575510914988873,0.38630706121362895,0.4219290763562581,1,0,0.581755667924881,0.7007656157016754,-0.03784261660200924,0.3104164599911002,2.9234772107943585,0.5868755578994751,0.7290960252285004,0.0013182680962183673,0.0006115267471331703,0.016871910885097343,0.1494045148763486
1781867248.265625,59.42127203941345,rhymes_and_toys,speech_attention_movie,speech_social,1706,1,0.4464119610885572,0.3659243157322645,0.4061681384104109,1,0,0.5817478477954865,0.7002381443977356,-0.05044645528757565,0.3079641049656566,2.8075409728413354,0.5881828963756561,0.7295159101486206,0.0013731122450286858,5.4844148810318525e-05,0.01220190845365063,0.1500909873147572
1781867248.2997792,59.45542621612549,rhymes_and_toys,speech_attention_movie,speech_social,1707,1,0.4374794009716344,0.3928620760163343,0.41517073849398434,1,0,0.5817638397216797,0.7009753286838531,-0.048808175491059355,0.3097312950183582,3.479160281313469,0.5880325734615326,0.7293232679367065,0.00024435220547753254,0.0011287600395511533,0.018631612523918505,0.14870584536767714
1781867248.335142,59.49078893661499,rhymes_and_toys,speech_attention_movie,speech_social,1708,1,0.4507904792722168,0.3780977499306756,0.4144441146014462,1,0,0.5821448862552643,0.7013942480087281,-0.04943336283133081,0.3110756990247253,2.629817546499491,0.5880186557769775,0.7299277484416962,0.0006046407055895963,0.0003602885001120638,0.026156248032138646,0.14970024683094754
1781867248.3682969,59.52394390106201,rhymes_and_toys,speech_attention_movie,speech_social,1709,1,0.4463672993051566,0.3733350277651426,0.4098511635351496,1,0,0.5820276260375976,0.7015119910240173,-0.04878162680567399,0.3154446976191756,2.562072297837231,0.588091105222702,0.7273881435394287,0.002540638105241807,0.0019359973996522107,0.03001644897272201,0.15078429588994094
1781867248.4034848,59.55913186073303,rhymes_and_toys,speech_attention_movie,speech_social,1710,1,0.4525872479265356,0.39067383423401236,0.421630541080274,1,0,0.5818493247032166,0.7010713577270509,-0.04476518353090532,0.31578399517213185,2.460546091850918,0.5887814462184906,0.7295223474502563,0.0022430775785644017,0.00029756052667740535,0.015242520510397217,0.14768754247322263
1781867248.438724,59.59437108039856,rhymes_and_toys,speech_attention_movie,speech_social,1711,1,0.4786634446175162,0.3962792316532186,0.4374713381353674,1,0,0.5814771771430969,0.7012334346771241,-0.051260323330786804,0.3142420441926678,3.384079003029651,0.5890775918960571,0.7300600707530975,0.0006138799660843906,0.0016291976124800111,0.01395634449317412,0.14702227546530822
1781867248.47381,59.629456996917725,rhymes_and_toys,speech_attention_movie,speech_social,1712,1,0.4387300488600369,0.41121636438557124,0.4249732066228041,1,0,0.5813128888607024,0.701441341638565,-0.05294062908936745,0.31078162319750413,2.5280144639212483,0.589242473244667,0.7303142249584198,0.0003029525032120047,0.00031092746287238583,0.013689969302925363,0.14732380033534564
1781867248.507023,59.66267013549805,rhymes_and_toys,speech_attention_movie,speech_social,1713,1,0.44666327792477595,0.39740217077440987,0.42203272434959294,1,0,0.5816383838653565,0.701426762342453,-0.04513310841855802,0.31056648004534343,2.5941998781552127,0.588540568947792,0.730375200510025,0.0007045478407213733,0.0004015953375093686,0.006696719778856014,0.1463531267724121
