timestamp,elapsed_time,stimulus_id,stimulus_type,paper_category,frame_index,face_detected,left_ear,right_ear,avg_ear,eye_open,blink_state,gaze_x,gaze_y,yaw_proxy,pitch_proxy,roll_proxy_deg,head_center_x,head_center_y,head_movement,head_acceleration,mouth_open,eyebrow_signal
1781869092.820641,79.71155881881714,fun_at_the_park,two_speaker_attention_movie,speech_social,2295,1,0.2259787534536046,0.275423151340889,0.2507009523972468,1,0,0.4605734944343567,0.6598194599151611,0.2596795894382842,0.3043084550727318,-6.83992656890332,0.4419519156217575,0.6657631099224091,0.0,0.0,0.0019146727881450263,0.14571048061470632
1781869092.855985,79.74690270423889,fun_at_the_park,two_speaker_attention_movie,speech_social,2296,1,0.19619328732385055,0.2904564564443779,0.24332487188411422,1,0,0.4601656854152679,0.660798043012619,0.26016892334924463,0.31669063830670174,-4.79945683144616,0.4423745572566986,0.6640551388263702,0.001759486066011814,0.001759486066011814,0.0008468916881627168,0.14080458052219882
1781869092.8898098,79.78072762489319,fun_at_the_park,two_speaker_attention_movie,speech_social,2297,1,0.30021197743851696,0.37242647385194183,0.3363192256452294,1,0,0.46134540140628816,0.6612553000450134,0.2594859817008379,0.3318555840153738,-2.867937039050413,0.4436260759830475,0.6656926274299622,0.0020609871540830447,0.00030150108807123067,0.003412684836999062,0.12175042509232152
1781869092.9252229,79.81614065170288,fun_at_the_park,two_speaker_attention_movie,speech_social,2298,1,0.32476639410831787,0.4037222441699755,0.3642443191391467,1,0,0.4583344638347626,0.6635344743728637,0.2543476906473315,0.34305326932462105,-1.8582311341488105,0.44414186477661133,0.667618989944458,0.0019942193000823194,6.67678540007253e-05,0.005455027314003485,0.11179188920937455
1781869092.959837,79.850754737854,fun_at_the_park,two_speaker_attention_movie,speech_social,2299,1,0.3014519803611934,0.31607113913847035,0.3087615597498319,1,0,0.46020205318927765,0.6708024859428405,0.25527212813585526,0.34697055992945325,-0.9841078782128637,0.4433691203594208,0.6704778671264648,0.0029614713701298064,0.000967252070047487,0.0007617186772112029,0.11813565712997327
1781869092.9937038,79.88462162017822,fun_at_the_park,two_speaker_attention_movie,speech_social,2300,1,0.2810125579599839,0.27731542560405215,0.279163991782018,1,0,0.4593003630638123,0.6736898839473724,0.24566370874280496,0.34306934838278996,-0.7157178894985277,0.4438620060682297,0.674498587846756,0.00405081861264196,0.0010893472425121536,0.002596813248252221,0.12152409282543575
1781869093.0268748,79.91779255867004,fun_at_the_park,two_speaker_attention_movie,speech_social,2301,1,0.30844630927736116,0.3686413577695557,0.3385438335234584,1,0,0.4581078708171844,0.6779048085212708,0.2399281344113596,0.3446664952839344,-3.116641236916363,0.44379469752311707,0.6788794994354248,0.0043814286240880344,0.0003306100114460744,0.0010710152435286502,0.11751383198872517
1781869093.061919,79.95283675193787,fun_at_the_park,two_speaker_attention_movie,speech_social,2302,1,0.26366166476539843,0.23781837024086225,0.25074001750313035,1,0,0.458814001083374,0.6798693895339966,0.2294645868384056,0.3464605094216646,-2.5958121429550096,0.44420039653778076,0.6811768710613251,0.0023329183607642035,0.002048510263323831,0.0019344538964141465,0.11999653412327088
1781869093.098034,79.98895168304443,fun_at_the_park,two_speaker_attention_movie,speech_social,2303,1,0.2401951810454345,0.3369547552767646,0.28857496816109957,1,0,0.4562999963760376,0.6821418166160583,0.2427377673327266,0.3477576516338544,-2.282608125357022,0.4431247264146805,0.6838400661945343,0.0028722246658783317,0.0005393063051141282,0.003547340418464592,0.11770081357687273
1781869093.132813,80.0237307548523,fun_at_the_park,two_speaker_attention_movie,speech_social,2304,1,0.23731801463466756,0.30728572772095214,0.27230187117780985,1,0,0.4561525106430053,0.6837825357913971,0.2320593040564535,0.3553153597262257,-3.2607889876243084,0.443497434258461,0.6835300028324127,0.0004848199927247865,0.002387404673153545,0.0028246637700356323,0.1175658227816864
1781869093.1659222,80.05683994293213,fun_at_the_park,two_speaker_attention_movie,speech_social,2305,1,0.19924399093327966,0.3094433611279436,0.2543436760306116,1,0,0.4553996205329895,0.6860619843006134,0.23176346080368082,0.34307290485139164,-3.7382290276786385,0.4424474537372589,0.6834453344345093,0.0010533887376022884,0.0005685687448775019,0.005133753316408214,0.11883175384730241
1781869093.199496,80.09041380882263,fun_at_the_park,two_speaker_attention_movie,speech_social,2306,1,0.2673257899706604,0.350804401675755,0.30906509582320774,1,0,0.45314656794071195,0.6890314817428589,0.25436425688492886,0.35074934706531763,-6.618781882711685,0.44041451811790466,0.6856237053871155,0.002979618639960102,0.0019262299023578137,0.0017534634660844187,0.1214862262429506
1781869093.233692,80.12460970878601,fun_at_the_park,two_speaker_attention_movie,speech_social,2307,1,0.25844807748094945,0.3042464150948103,0.2813472462878799,1,0,0.4537520408630371,0.6890155911445617,0.23674888027619925,0.3510722954041108,-6.998447443908128,0.4400981366634369,0.6877465546131134,0.0021462958931729643,0.0008333227467871378,0.0021040644294150783,0.11622589619631768
1781869093.267957,80.15887475013733,fun_at_the_park,two_speaker_attention_movie,speech_social,2308,1,0.24735888443614532,0.3126335205001408,0.27999620246814305,1,0,0.4548574239015579,0.6901321411132812,0.2231554923791371,0.3588450338848839,-9.26335077959537,0.440104603767395,0.6875332891941071,0.00021336345136306332,0.001932932441809901,0.0014442440710442654,0.12146513176388966
1781869093.30371,80.19462776184082,fun_at_the_park,two_speaker_attention_movie,speech_social,2309,1,0.2641901788456819,0.36902631669974284,0.31660824777271235,1,0,0.45190267264842987,0.6895336091518403,0.22995060032626707,0.3572844179507407,-8.308360233343496,0.43871378898620605,0.686974972486496,0.0014986938651944195,0.0012853304138313562,0.0015041814522076657,0.11669369737115012
1781869093.336378,80.22729587554932,fun_at_the_park,two_speaker_attention_movie,speech_social,2310,1,0.25365955372145643,0.30040958235634707,0.27703456803890175,1,0,0.4522100210189819,0.689070999622345,0.21897899264358622,0.3563097551599096,-7.536992433313899,0.4389629662036896,0.6872202157974243,0.0003496191746285184,0.001149074690565901,0.0019443872399381905,0.12115400889262681
1781869093.372206,80.26312375068665,fun_at_the_park,two_speaker_attention_movie,speech_social,2311,1,0.2581471799168823,0.30067272846727416,0.27940995419207826,1,0,0.45217125415802006,0.6901086390018463,0.22024508381120453,0.3527183921612395,-8.62532627039923,0.4392745792865753,0.6882189512252808,0.0010462194646827946,0.0006966002900542761,0.0013390310843208475,0.12387570660042092
1781869093.407199,80.29811668395996,fun_at_the_park,two_speaker_attention_movie,speech_social,2312,1,0.2576658407101551,0.3127504747192994,0.28520815771472724,1,0,0.45187546908855436,0.6897638142108917,0.2280905517236324,0.3549246242341565,-7.386945700271652,0.43840891122817993,0.6870173811912537,0.0014809293480777272,0.00043470988339493265,0.0014531271858097639,0.11850632508742208
1781869093.441122,80.33203983306885,fun_at_the_park,two_speaker_attention_movie,speech_social,2313,1,0.25940639424256245,0.3279607723975264,0.2936835833200444,1,0,0.4522692441940308,0.6904937624931335,0.2207431669168388,0.3542141594644077,-4.27859653771668,0.43937505781650543,0.688756674528122,0.001989618189956913,0.0005086888418791857,0.0039655829895276695,0.11895158414326684
1781869093.475477,80.36639475822449,fun_at_the_park,two_speaker_attention_movie,speech_social,2314,1,0.2558054779891985,0.3089763955042182,0.28239093674670834,1,0,0.45293726325035094,0.6925413429737091,0.21392284574959466,0.35769339206006356,-7.558755544504845,0.439513698220253,0.68984055519104,0.001092711514078188,0.000896906675878725,0.002011054826746833,0.1235427642258886
1781869093.510838,80.40175580978394,fun_at_the_park,two_speaker_attention_movie,speech_social,2315,1,0.2732038269194159,0.42276513109503167,0.3479844790072238,1,0,0.45337143540382385,0.6952717483043671,0.21371634192053202,0.3510768344172949,-7.326322143734254,0.4398633986711502,0.6933488845825195,0.0035257148955178696,0.0024330033814396815,0.001529810176284628,0.11056760033487936
1781869093.544919,80.43583679199219,fun_at_the_park,two_speaker_attention_movie,speech_social,2316,1,0.2039289752214281,0.3903068282606557,0.2971179017410419,1,0,0.45413701236248016,0.6982076227664947,0.2242959298403134,0.35515426807352307,-6.444705792380206,0.4393278658390045,0.6938169002532959,0.000711220136384114,0.0028144947591337557,0.0012134848666256876,0.11785555264850718
1781869093.579346,80.47026371955872,fun_at_the_park,two_speaker_attention_movie,speech_social,2317,1,0.2860013707193338,0.3122442143863382,0.299122792552836,1,0,0.45548641979694365,0.6993866503238677,0.21636147273387402,0.3542793712868574,-7.191879349257713,0.4407128840684891,0.6985973715782166,0.004977065559583597,0.004265845423199482,0.004832449065971491,0.11791469875005547
1781869093.613195,80.5041127204895,fun_at_the_park,two_speaker_attention_movie,speech_social,2318,1,0.3033462607218711,0.3937916696013628,0.34856896516161695,1,0,0.4558588624000549,0.7006049692630768,0.22290286176536164,0.36088348894764744,-8.35755285387071,0.4416528195142746,0.69704669713974,0.0018133035753531816,0.0031637619842304152,0.0020686065924714766,0.11286665347030564
1781869093.6469219,80.53783965110779,fun_at_the_park,two_speaker_attention_movie,speech_social,2319,1,0.30392931759809977,0.2672207382755957,0.28557502793684775,1,0,0.45829821825027467,0.7017074942588806,0.22651392425748937,0.3567657348636363,-10.615659637381093,0.4431508034467697,0.6995761394500732,0.002939733706191354,0.0011264301308381724,0.0006687347823313996,0.11613716519279606
1781869093.681619,80.57253670692444,fun_at_the_park,two_speaker_attention_movie,speech_social,2320,1,0.21006221968440075,0.26784906830056127,0.238955643992481,1,0,0.4604760617017746,0.7014767467975616,0.20421266677726888,0.3619251136579038,-7.714568663998719,0.445902019739151,0.6987763345241547,0.0028651141350717352,7.461957111961877e-05,0.013154209904608189,0.12161877083525632
1781869093.71607,80.60698771476746,fun_at_the_park,two_speaker_attention_movie,speech_social,2321,1,0.3001477320699147,0.3361824025097776,0.31816506728984617,1,0,0.45896639823913576,0.7010977685451507,0.20400073858882958,0.3494997749178382,-8.240444910353375,0.44731977581977844,0.7009782493114471,0.0026188663644129253,0.00024624777065881,0.022355755389928234,0.11658579821055132
1781869093.7526221,80.6435399055481,fun_at_the_park,two_speaker_attention_movie,speech_social,2322,1,0.24014318088083605,0.2858559321028203,0.26299955649182816,1,0,0.4616626650094986,0.7013972222805023,0.19198914849138188,0.3650435235556392,-5.506245877785887,0.4497970938682556,0.6985987722873688,0.0034349695226344587,0.0008161031582215334,0.0013576868082469905,0.12432733004283737
1781869093.784343,80.67526078224182,fun_at_the_park,two_speaker_attention_movie,speech_social,2323,1,0.2598432237729932,0.34823107739988257,0.3040371505864379,1,0,0.4632589519023895,0.7025721311569214,0.19594841564626342,0.35921511097551717,-6.291079190537798,0.4515100121498108,0.7001138627529144,0.002286829280482757,0.0011481402421517017,0.0023315693390419745,0.1165289560069145
1781869093.819447,80.710364818573,fun_at_the_park,two_speaker_attention_movie,speech_social,2324,1,0.2766390289255994,0.30797642956919125,0.29230772924739534,1,0,0.4638322442770004,0.7052704334259033,0.1929446524465005,0.36442490698465346,-4.769220938449559,0.45318999886512756,0.6997824907302856,0.0017123559154048349,0.0005744733650779221,0.0016661542496968361,0.12477802777097259
1781869093.853127,80.7440447807312,fun_at_the_park,two_speaker_attention_movie,speech_social,2325,1,0.2648911425389713,0.3010838071365528,0.28298747483776204,1,0,0.4677958101034164,0.7042461395263673,0.20801864221822072,0.35962909539859406,-6.283057581969987,0.4543028771877289,0.6995064914226532,0.001146592246062005,0.0005657636693428298,0.002162778840564784,0.11394928259726096
1781869093.8875241,80.77844190597534,fun_at_the_park,two_speaker_attention_movie,speech_social,2326,1,0.2905582219025333,0.338586565200837,0.31457239355168515,1,0,0.47041294574737547,0.7041066646575928,0.20143079984344317,0.3665427103271926,-5.343431597280906,0.4560037702322006,0.7007424831390381,0.0021025490890118135,0.0009559568429498085,0.0025127390970024347,0.11283509883625463
1781869093.924236,80.81515383720398,fun_at_the_park,two_speaker_attention_movie,speech_social,2327,1,0.279201566716296,0.29322464375155244,0.2862131052339242,1,0,0.4700562685728073,0.7070793807506561,0.2209728987888262,0.3604443030947284,-4.056799232218812,0.4555334895849228,0.701909750699997,0.0012584424683198306,0.0008441066206919829,0.0009245352083128457,0.11982331205767388
1781869093.9582772,80.84919500350952,fun_at_the_park,two_speaker_attention_movie,speech_social,2328,1,0.25269249515769027,0.31785802948667413,0.2852752623221822,1,0,0.47074530124664304,0.7101936936378479,0.22220028475366943,0.3509551422413288,-4.795302626053127,0.45688295364379883,0.706513911485672,0.0047978484538953575,0.003539405985575527,0.0030701875658605505,0.1175985604837036
1781869093.991267,80.88218474388123,fun_at_the_park,two_speaker_attention_movie,speech_social,2329,1,0.21897493279788185,0.26097490383670147,0.23997491831729167,1,0,0.4735318213701248,0.7109893679618835,0.21476403970154562,0.35786056343042033,-3.2131534372294377,0.45896241068840027,0.7053050696849823,0.0024052941814749536,0.002392554272420404,0.002308689937792505,0.12317459184519271
1781869094.0264242,80.91734194755554,fun_at_the_park,two_speaker_attention_movie,speech_social,2330,1,0.2714939164252266,0.26059929187334163,0.2660466041492841,1,0,0.47409352362155915,0.7107127428054809,0.2276382183280527,0.36845350699377083,-5.136856816180256,0.458162784576416,0.70548877120018,0.0008204560717387638,0.0015848381097361898,0.002743369901831357,0.12121148406999238
1781869094.060451,80.95136880874634,fun_at_the_park,two_speaker_attention_movie,speech_social,2331,1,0.2297384150700288,0.26288553599196923,0.246311975530999,1,0,0.47414790987968447,0.7110971927642822,0.21645751341662747,0.36669000282456965,-4.035475606259772,0.4598411023616791,0.7032614946365356,0.002788819011569226,0.001968362939830462,0.0028294183702733183,0.12597025727467356
1781869094.093625,80.98454284667969,fun_at_the_park,two_speaker_attention_movie,speech_social,2332,1,0.28828035874063346,0.2449435696050076,0.2666119641728205,1,0,0.47486428916454315,0.7103433609008789,0.22666859191040206,0.35963585769610723,-4.057968836326042,0.4599558413028717,0.7042732536792755,0.0010182442659754582,0.001770574745593768,0.0036926165049119726,0.11929309369302912
1781869094.132181,81.0230987071991,fun_at_the_park,two_speaker_attention_movie,speech_social,2333,1,0.22818579044395573,0.22267371452314413,0.22542975248354993,1,0,0.4753152966499329,0.7104472994804383,0.2262554043539295,0.3620300022851103,-3.795592505172662,0.4606470614671707,0.7034592926502228,0.0010678566721944189,4.961240621896069e-05,0.009010579608600267,0.1252017378910381
1781869094.163714,81.05463171005249,fun_at_the_park,two_speaker_attention_movie,speech_social,2334,1,0.20665267714757993,0.27052538087498756,0.23858902901128376,1,0,0.4774575859308243,0.7093666195869446,0.23286702271977675,0.34900130774353105,-3.7800979083249637,0.4616565406322479,0.7068164348602295,0.0035056314699257454,0.0024377747977313265,0.0011135686742425688,0.12711738331035402
1781869094.198737,81.08965468406677,fun_at_the_park,two_speaker_attention_movie,speech_social,2335,1,0.2340144904498399,0.3036435186169588,0.26882900453339936,1,0,0.47862875163555146,0.7090825438499451,0.20883771777705307,0.36116180919077073,-4.178484385390334,0.46467749774456024,0.7037486732006073,0.004305501535788634,0.0007998700658628883,0.003262534647538424,0.1205390827730515
1781869094.2329679,81.12388563156128,fun_at_the_park,two_speaker_attention_movie,speech_social,2336,1,0.22427095352087859,0.2502770087336653,0.23727398112727194,1,0,0.4764485150575638,0.70898939371109,0.2264946263624248,0.36122050554205765,-2.612849624896471,0.46451999247074127,0.7050864100456238,0.0013469772744168452,0.0029585242613717885,0.002367955094180184,0.1254316747603303
1781869094.267691,81.15860867500305,fun_at_the_park,two_speaker_attention_movie,speech_social,2337,1,0.22597040488949996,0.2382082028123864,0.23208930385094317,1,0,0.47932347953319554,0.7078248620033264,0.22960711894737984,0.35661209228353985,-1.295625543509041,0.46457870304584503,0.7030549645423889,0.0020322937199731147,0.0006853164455562694,0.0015661325203735015,0.12285807956268419
1781869094.301101,81.19201874732971,fun_at_the_park,two_speaker_attention_movie,speech_social,2338,1,0.2599899394150898,0.2753942284694153,0.2676920839422525,1,0,0.480105322599411,0.7072076380252839,0.20684647487949667,0.35990632897980046,-0.22063294631171373,0.46685102581977844,0.7037520110607147,0.0023768307970165985,0.0003445370770434838,0.0009402662033220597,0.1196501887426352
1781869094.335855,81.22677278518677,fun_at_the_park,two_speaker_attention_movie,speech_social,2339,1,0.2325765727330236,0.3052980194869487,0.2689372961099861,1,0,0.4821380943059921,0.7075728714466095,0.22696033101879556,0.34887280096651013,-1.1619861794267854,0.46612197160720825,0.7030524015426636,0.0010104323444021868,0.0013663984526144117,0.00069656933358661,0.11939856561294256
1781869094.3710861,81.2620038986206,fun_at_the_park,two_speaker_attention_movie,speech_social,2340,1,0.22087310309603267,0.2593758126060797,0.24012445785105618,1,0,0.48467729389667513,0.7067081212997437,0.22321902474743419,0.35687950032315835,0.5695987658358634,0.4670200049877167,0.7009795308113098,0.002259038959692917,0.00124860661529073,0.0023574270961742136,0.11914363771783683
1781869094.405739,81.29665684700012,fun_at_the_park,two_speaker_attention_movie,speech_social,2341,1,0.20396607589488697,0.28767922772382826,0.2458226518093576,1,0,0.48510713279247286,0.707577383518219,0.2186101302725029,0.36128226801304764,2.213001816958952,0.46800726652145386,0.700253039598465,0.0012257547953558547,0.0010332841643370622,0.0012099827170983922,0.11799813164808676
1781869094.4393861,81.33030390739441,fun_at_the_park,two_speaker_attention_movie,speech_social,2342,1,0.23065881300979715,0.2694422147698668,0.25005051388983196,1,0,0.4867010295391083,0.7107940316200256,0.2352588821572492,0.3644818270158506,0.07397937268764121,0.46888476610183716,0.703355222940445,0.0032239024490252413,0.0019981476536693864,0.002425185796141318,0.11996797961823029
1781869094.4736772,81.36459493637085,fun_at_the_park,two_speaker_attention_movie,speech_social,2343,1,0.23303710773770825,0.27047776852758254,0.2517574381326454,1,0,0.4883262366056442,0.7141124308109283,0.2333072905115191,0.3570953775281642,1.9282487934546362,0.4710550308227539,0.709866464138031,0.006863403739544818,0.003639501290519577,0.0015207711997777405,0.12415542552808849
1781869094.508338,81.39925575256348,fun_at_the_park,two_speaker_attention_movie,speech_social,2344,1,0.2745466777667212,0.2409491011014603,0.25774788943409077,1,0,0.490464460849762,0.7178984463214875,0.2249851505596237,0.37815892390767175,0.6569937495976195,0.47271469235420227,0.7093528807163239,0.0017373095089885271,0.005126094230556291,0.0012461858298822499,0.12802303693829997
1781869094.543519,81.4344367980957,fun_at_the_park,two_speaker_attention_movie,speech_social,2345,1,0.2380311112197714,0.30644987241526744,0.2722404918175194,1,0,0.4915421634912491,0.7235631883144379,0.21105824138284607,0.36116446706697725,-0.3437783395433928,0.4756810963153839,0.711748331785202,0.0038128386124125046,0.0020755291034239773,0.0021280288226203765,0.1240794206439775
1781869094.577321,81.4682388305664,fun_at_the_park,two_speaker_attention_movie,speech_social,2346,1,0.24682926897665503,0.3643714839428198,0.3056003764597374,1,0,0.4943719804286957,0.7267985939979553,0.23369507870844924,0.3804085265692739,0.0013795935298911927,0.47566215693950653,0.716997891664505,0.005249594043956744,0.0014367554315442396,0.0023034994366313414,0.11899099128478452
1781869094.611486,81.5024037361145,fun_at_the_park,two_speaker_attention_movie,speech_social,2347,1,0.22742638563204795,0.32224216930187255,0.27483427746696026,1,0,0.4957347452640533,0.7325898110866547,0.22966205150934768,0.36458749731422396,-0.9203011570911057,0.4765920341014862,0.7240664660930634,0.007129475155187819,0.0018798811112310746,0.001062731536150465,0.1232721085831377
1781869094.646484,81.53740167617798,fun_at_the_park,two_speaker_attention_movie,speech_social,2348,1,0.26812847343214735,0.32899737099698423,0.2985629222145658,1,0,0.4966630309820175,0.7353513598442079,0.2218392940642517,0.3716752071602706,0.09734581940153439,0.4774184823036194,0.7228984534740448,0.0014308284694524872,0.005698646685735331,0.0010951942970842275,0.11756118424949806
1781869094.680373,81.57129073143005,fun_at_the_park,two_speaker_attention_movie,speech_social,2349,1,0.2667308166434651,0.3926454074607676,0.32968811205211634,1,0,0.49899427294731136,0.7383887708187103,0.2182833891222542,0.3801677331345902,1.139922173772133,0.47752079367637634,0.7248680293560028,0.0019722314194297983,0.0005414029499773111,0.001091533201343597,0.11589153300175364
1781869094.716039,81.60695672035217,fun_at_the_park,two_speaker_attention_movie,speech_social,2350,1,0.26694175266172615,0.3715638290469367,0.31925279085433145,1,0,0.49764418303966523,0.7410707473754883,0.19683195532006242,0.3774864228831216,3.1374109603355174,0.4789493829011917,0.7257969677448273,0.0017040521422451735,0.00026817927718462476,0.001691115953264845,0.12030489662753943
1781869094.751586,81.64250373840332,fun_at_the_park,two_speaker_attention_movie,speech_social,2351,1,0.25107110433600327,0.36042556200883125,0.30574833317241723,1,0,0.4993316262960434,0.7418688416481019,0.20174080237799874,0.3761410665383146,3.6004047533750474,0.4786946624517441,0.7290289402008057,0.0032419945193614707,0.0015379423771162972,0.0014009047977921597,0.1209939055558338
1781869094.783802,81.67471981048584,fun_at_the_park,two_speaker_attention_movie,speech_social,2352,1,0.227561473634824,0.3495212207169634,0.2885413471758937,1,0,0.4968149453401566,0.7429071724414825,0.18986809298699464,0.37331726236809354,5.9661400967677,0.47899655997753143,0.7291918396949768,0.0003430427980263394,0.0028989517213351313,0.0013843768236367602,0.11886739276491216
1781869094.818357,81.70927476882935,fun_at_the_park,two_speaker_attention_movie,speech_social,2353,1,0.22281605037061347,0.388460552453355,0.3056383014119842,1,0,0.5001029253005982,0.7467717349529266,0.2019098719714239,0.37360562504007794,6.703729029171192,0.47799986600875854,0.7343666851520538,0.0052699548738123925,0.004926912075786053,0.0014679767008751122,0.12419607484588654
1781869094.854221,81.7451388835907,fun_at_the_park,two_speaker_attention_movie,speech_social,2354,1,0.2560249766359332,0.34198448838678747,0.29900473251136034,1,0,0.4996232658624649,0.7473572432994843,0.21147531395093913,0.3804732172649901,3.6760135281466475,0.47793886065483093,0.7352263033390045,0.0008617801811043311,0.004408174692708062,0.001157285891627731,0.12055251417648902
1781869094.887598,81.77851581573486,fun_at_the_park,two_speaker_attention_movie,speech_social,2355,1,0.23389917871771299,0.3445757715275921,0.2892374751226525,1,0,0.49837619066238403,0.7507765412330627,0.18739915281469657,0.37678718289663615,4.461359287670736,0.47878398001194,0.7369296252727509,0.001901455320995424,0.001039675139891093,0.001485702040869987,0.12237150208557171
1781869094.9235709,81.81448864936829,fun_at_the_park,two_speaker_attention_movie,speech_social,2356,1,0.18039285994626925,0.35260585311964904,0.26649935653295914,1,0,0.5019436180591583,0.7546805322170258,0.18775190144456866,0.3872405815930976,5.122914318227521,0.4797663390636444,0.738315761089325,0.0016989413787577012,0.00020251394223772283,0.0013941262315791654,0.12299085491115254
1781869094.9586198,81.84953761100769,fun_at_the_park,two_speaker_attention_movie,speech_social,2357,1,0.20985706779905788,0.26166589785603017,0.23576148282754403,1,0,0.49912853837013244,0.7563477039337159,0.1844823156973432,0.38848952614861715,4.385799733898207,0.4803272783756256,0.7446142137050629,0.0063233818692549106,0.004624440490497209,0.001472112761327454,0.12389675652921764
1781869094.9909818,81.88189959526062,fun_at_the_park,two_speaker_attention_movie,speech_social,2358,1,0.19002480085628665,0.3892105358129052,0.2896176683345959,1,0,0.5003151744604111,0.7577227115631104,0.16868300023396005,0.3902332583819727,5.83743150991173,0.4814370274543762,0.7398913502693176,0.004851492765169001,0.0014718891040859097,0.0011905625933786158,0.11589921393923537
1781869095.025645,81.91656279563904,fun_at_the_park,two_speaker_attention_movie,speech_social,2359,1,0.2250551679714507,0.34511297082642683,0.28508406939893877,1,0,0.5018237769603728,0.762615579366684,0.19119590952247598,0.39608948761620666,1.778126116888224,0.48160630464553833,0.7433715462684631,0.0034843103994788025,0.0013671823656901984,0.001496801922863932,0.1240157754747401
1781869095.059663,81.95058083534241,fun_at_the_park,two_speaker_attention_movie,speech_social,2360,1,0.2226913628464238,0.3961930793548572,0.3094422211006405,1,0,0.5015421897172928,0.7638387203216552,0.18769844323508847,0.398325326470348,5.4648579537462405,0.4810407757759094,0.7470009028911591,0.0036731529231833655,0.00018884252370456305,0.0013879768605747085,0.11856586608406143
1781869095.0935638,81.98448157310486,fun_at_the_park,two_speaker_attention_movie,speech_social,2361,1,0.2069365286640227,0.29472902223132397,0.25083277544767335,1,0,0.5042981624603271,0.7654221415519714,0.1918932083156968,0.3876752813366751,5.220393144315328,0.48206496238708496,0.747893214225769,0.001358373193339991,0.0023147797298433744,0.0010072476530838385,0.12516002427582648
1781869095.1274,82.01831769943237,fun_at_the_park,two_speaker_attention_movie,speech_social,2362,1,0.19170380449849372,0.3745345568402498,0.28311918066937175,1,0,0.5030930489301682,0.7659119129180909,0.18511873895596725,0.3954576786879827,6.585752888106365,0.4825432598590851,0.7461799085140228,0.001778815598544131,0.00042044240520414003,0.0013001742094846385,0.12263620725973046
1781869095.1636732,82.05459094047546,fun_at_the_park,two_speaker_attention_movie,speech_social,2363,1,0.24838822583720116,0.448514926821094,0.3484515763291476,1,0,0.5043806284666061,0.7685885071754456,0.22529728266473187,0.4058110453348995,3.824549472267648,0.4791203439235687,0.7489686012268066,0.004415105949798415,0.0026362903512542842,0.0012712713739578925,0.11621824091007352
1781869095.197006,82.0879237651825,fun_at_the_park,two_speaker_attention_movie,speech_social,2364,1,0.2647550457338592,0.3102327385479458,0.2874938921409025,1,0,0.5068925708532334,0.7701811969280243,0.2195926251074619,0.39798405477886045,2.33368202760138,0.4816426485776901,0.7538967132568359,0.005536091486664753,0.0011209855368663375,0.0014124158334469325,0.12161994535186987
1781869095.231728,82.12264585494995,fun_at_the_park,two_speaker_attention_movie,speech_social,2365,1,0.21601044758771448,0.4158277954150852,0.31591912150139984,1,0,0.507551646232605,0.7719071507453918,0.21908796788941406,0.4050194745810823,1.990117204021366,0.48146210610866547,0.7566456198692322,0.0027548290594512927,0.00278126242721346,0.001462223614639145,0.11690717288057081
1781869095.265163,82.15608072280884,fun_at_the_park,two_speaker_attention_movie,speech_social,2366,1,0.2435521373415996,0.28836509006057626,0.2659586137010879,1,0,0.5087540775537491,0.7770919382572175,0.22889250024491198,0.406848296567084,1.9548679913134452,0.48144741356372833,0.7559380829334259,0.0007076894703235747,0.002047139589127718,0.0013249384956043196,0.12680670379325662
1781869095.300956,82.19187378883362,fun_at_the_park,two_speaker_attention_movie,speech_social,2367,1,0.24305688177399665,0.3595219751442406,0.30128942845911866,1,0,0.5086190342903137,0.780460000038147,0.20316924788370846,0.4194337746219925,2.104997569830729,0.48384830355644226,0.7561502754688263,0.002410248623937691,0.001702559153614116,0.0014957943833775861,0.11826578480476516
1781869095.334852,82.22576975822449,fun_at_the_park,two_speaker_attention_movie,speech_social,2368,1,0.26192969234583946,0.33713641659036553,0.2995330544681025,1,0,0.505617442727089,0.7835767924785615,0.2084039528271871,0.40844322668331773,1.388826688723387,0.48468342423439026,0.7582869827747345,0.00229411086433455,0.0001161377596031409,0.0016790503842909832,0.11734559041783828
1781869095.369866,82.26078367233276,fun_at_the_park,two_speaker_attention_movie,speech_social,2369,1,0.24577080165982068,0.3877559715999797,0.3167633866299002,1,0,0.5104990601539612,0.7893847286701202,0.21686291062473312,0.4188419063987911,5.567760460925012,0.48552048206329346,0.7630993723869324,0.004884645287891246,0.0025905344235566965,0.0006986030056874656,0.12339833186732517
1781869095.405408,82.29632568359375,fun_at_the_park,two_speaker_attention_movie,speech_social,2370,1,0.26201551376883636,0.3479631244384476,0.304989319103642,1,0,0.513395619392395,0.792149442434311,0.1851397592669582,0.4225541860975197,5.229198461829178,0.48736120760440826,0.7620519995689392,0.0021178433222463224,0.002766801965644924,0.0005567141627678003,0.11503570748070523
1781869095.436957,82.32787466049194,fun_at_the_park,two_speaker_attention_movie,speech_social,2371,1,0.2233508346523567,0.40256870836653386,0.31295977150944526,1,0,0.5141113996505737,0.7959447443485259,0.20036395690034245,0.42338518003281606,5.596933597418279,0.4886300563812256,0.769036591053009,0.0070989080440425146,0.004981064721796193,0.0009523178771157317,0.12121556924538925
1781869095.471909,82.36282682418823,fun_at_the_park,two_speaker_attention_movie,speech_social,2372,1,0.260762385367668,0.33493216182633334,0.2978472735970007,1,0,0.5164906024932862,0.801336520910263,0.19686946972392264,0.42777152890018444,6.661244719198863,0.48948433995246887,0.7738150954246521,0.0048542666232818405,0.002244641420760674,0.0018006390070584909,0.1277366305711614
1781869095.50856,82.39947772026062,fun_at_the_park,two_speaker_attention_movie,speech_social,2373,1,0.2948716144285872,0.4010346737267364,0.3479531440776618,1,0,0.5167855799198151,0.8016643464565276,0.2151631734202462,0.4118481801582804,7.476402782971135,0.4881131947040558,0.7806078791618347,0.006929787167899056,0.002075520544617216,0.0010664342183212615,0.12011320352027384
1781869095.5422752,82.43319296836853,fun_at_the_park,two_speaker_attention_movie,speech_social,2374,1,0.2238300582579186,0.44586972901323113,0.3348498936355749,1,0,0.5161528915166855,0.8046241760253907,0.21531082272142185,0.41084894971612035,7.927780727614699,0.49039511382579803,0.7839930653572083,0.004082479694440679,0.002847307473458377,0.001835732903068203,0.1218102219339433
1781869095.5756328,82.46655058860779,fun_at_the_park,two_speaker_attention_movie,speech_social,2375,1,0.2351865387378546,0.3364862407259467,0.2858363897319006,1,0,0.5185857951641082,0.8050714612007142,0.22248419773187914,0.4150120400873975,5.4018900460848975,0.4896785765886307,0.7826670706272125,0.0015072118750274872,0.0025752678194131923,0.0013135830719387023,0.1242361002326119
1781869095.6099808,82.50089859962463,fun_at_the_park,two_speaker_attention_movie,speech_social,2376,1,0.23761020040379852,0.38531977761030783,0.31146498900705316,1,0,0.5179990351200103,0.8076287031173706,0.19178688163086827,0.4219247956983113,7.1142936404234405,0.4910475015640259,0.7824143469333649,0.0013920577767078347,0.00011515409831965246,0.0017330518944037678,0.11948487277939743
1781869095.644715,82.53563284873962,fun_at_the_park,two_speaker_attention_movie,speech_social,2377,1,0.2409819179832853,0.37469872746562377,0.30784032272445455,1,0,0.5170919805765152,0.807691115140915,0.19954506385075402,0.41482432778998707,7.742622586445459,0.4900369793176651,0.7842932939529419,0.002133447236930744,0.0007413894602229091,0.0018190290007756987,0.12112445915286886
1781869095.679608,82.5705258846283,fun_at_the_park,two_speaker_attention_movie,speech_social,2378,1,0.24769292331044948,0.31282806274642216,0.2802604930284358,1,0,0.5167344659566879,0.8111344039440155,0.18834421603974633,0.4153851527998774,7.643693963699922,0.49042265117168427,0.7867536246776581,0.0024903754845334177,0.0003569282476026739,0.0014676204243115412,0.1250857661968261
1781869095.716104,82.60702180862427,fun_at_the_park,two_speaker_attention_movie,speech_social,2379,1,0.25309376410892914,0.4400666541108965,0.34658020910991283,1,0,0.5156842827796936,0.8098036408424377,0.20290015387778934,0.4148281154903783,8.182141562306272,0.4895375370979309,0.7864912748336792,0.00092317623679989,0.0015671992477335277,0.0013093783753494864,0.11997483382554228
1781869095.748534,82.63945174217224,fun_at_the_park,two_speaker_attention_movie,speech_social,2380,1,0.2517289952687342,0.3600725157408088,0.30590075550477147,1,0,0.517374974489212,0.810934990644455,0.20606663238233533,0.4156698896415936,8.971605739114109,0.48789599537849426,0.7843033671379089,0.0027352512319459366,0.0018120749951460466,0.0008714311222694151,0.12474463462367084
1781869095.783236,82.67415380477905,fun_at_the_park,two_speaker_attention_movie,speech_social,2381,1,0.23599703470469854,0.37415533763293896,0.30507618616881876,1,0,0.5177358835935593,0.8105768620967865,0.21814070294291468,0.40118491017925534,7.42254425356675,0.48739326000213623,0.786530464887619,0.0022831353979572847,0.0004521158339886519,0.0014910282421041995,0.1238364895182315
1781869095.816892,82.70780968666077,fun_at_the_park,two_speaker_attention_movie,speech_social,2382,1,0.2793186469955582,0.39315119616327304,0.3362349215794156,1,0,0.5156452059745789,0.8139617085456847,0.20587574806298692,0.40280292798531986,9.65164490939899,0.486889973282814,0.7884315848350525,0.0019666099197287582,0.00031652547822852645,0.0017545637942352952,0.1256080339315615
1781869095.852683,82.74360084533691,fun_at_the_park,two_speaker_attention_movie,speech_social,2383,1,0.2873888499710458,0.43383067318977725,0.3606097615804115,1,0,0.5149900794029236,0.8110379934310913,0.21773485594675776,0.40450862930465803,4.55911831422558,0.48576970398426056,0.7868275046348572,0.001956547109052095,1.0062810676663304e-05,0.0015345470050311403,0.1192002045730975
1781869095.8860312,82.77694892883301,fun_at_the_park,two_speaker_attention_movie,speech_social,2384,1,0.23825810307002876,0.3380685448230658,0.2881633239465473,1,0,0.5118292838335037,0.8046434879302978,0.19451408635648623,0.39028008005744635,7.556339899252349,0.4864029139280319,0.7811127007007599,0.005749777285953326,0.0037932301769012314,0.001373025988608545,0.12251634992188903
1781869095.920366,82.811283826828,fun_at_the_park,two_speaker_attention_movie,speech_social,2385,1,0.23458061828506122,0.35643902299559643,0.2955098206403288,1,0,0.5115501642227173,0.8082069873809814,0.19434647552446047,0.4122488028104998,10.110622519075877,0.4856652319431305,0.7816342115402222,0.0009034092464242124,0.004846368039529114,0.0013838201803509035,0.12840773753662435
1781869095.955662,82.84657979011536,fun_at_the_park,two_speaker_attention_movie,speech_social,2386,1,0.2606049323732521,0.4218876683313583,0.3412463003523052,1,0,0.5113652139902115,0.8052863895893096,0.20148925920920405,0.4043993864856658,7.601988504881305,0.48521697521209717,0.7809714376926422,0.0008001270336344233,0.00010328221278978905,0.0013308623074285812,0.12075755276452055
1781869095.989096,82.88001370429993,fun_at_the_park,two_speaker_attention_movie,speech_social,2387,1,0.25968535042777485,0.42170768657945357,0.3406965185036142,1,0,0.512318131327629,0.8038006663322449,0.2065057283161187,0.40763784250953716,5.540025243899525,0.4855104982852936,0.7811122536659241,0.00032555327187725104,0.0004745737617571723,0.0014493417648748905,0.1186911748489221
1781869096.024019,82.91493678092957,fun_at_the_park,two_speaker_attention_movie,speech_social,2388,1,0.25806517767409587,0.34412717753835254,0.3010961776062242,1,0,0.5129818409681319,0.8034896373748779,0.21046467936179275,0.4119782078201904,5.34195191196631,0.4851090610027313,0.7795974910259247,0.0015670538431620303,0.0012415005712847792,0.0012792593690870004,0.12031846749360008
1781869096.05835,82.9492678642273,fun_at_the_park,two_speaker_attention_movie,speech_social,2389,1,0.24477231131640062,0.3277773108600215,0.28627481108821107,1,0,0.5123417645692825,0.8015129446983338,0.21388488501479627,0.407577631237894,3.0206257347773593,0.485584557056427,0.7758472561836243,0.0037802589685740026,0.0022132051254119722,0.001837583870608399,0.12029611702733413
1781869096.092086,82.98300385475159,fun_at_the_park,two_speaker_attention_movie,speech_social,2390,1,0.2853317534250904,0.3407731831644815,0.31305246829478595,1,0,0.5137083232402802,0.8005817174911499,0.2207085278667888,0.405972979159226,5.2661664400485915,0.48520177602767944,0.7770176529884338,0.0012314016390591214,0.0025488573295148814,0.0009716743630015428,0.11963419478753043
1781869096.126831,83.01774883270264,fun_at_the_park,two_speaker_attention_movie,speech_social,2391,1,0.2600340092668722,0.3323499835682704,0.2961919964175713,1,0,0.5119121819734573,0.8000956833362579,0.21859497379824608,0.40856181986418955,4.653569685618831,0.48538723587989807,0.7765008509159088,0.0005490717065658327,0.0006823299324932887,0.0009494123566259736,0.12163537132391314
1781869096.162273,83.0531907081604,fun_at_the_park,two_speaker_attention_movie,speech_social,2392,1,0.2593463167604797,0.32626110901495287,0.2928037128877163,1,0,0.5126924991607666,0.801221364736557,0.22459166131614489,0.40900075186311935,6.541853595690645,0.48460450768470764,0.7791032195091248,0.0027175330214190205,0.002168461314853188,0.0005104945789651448,0.128755835713209
1781869096.197162,83.08807969093323,fun_at_the_park,two_speaker_attention_movie,speech_social,2393,1,0.254625322749937,0.37484538722033633,0.31473535498513666,1,0,0.5133145302534103,0.8003187716007232,0.22292909570422115,0.3993839622290272,7.993329269685051,0.48570843040943146,0.7791304886341095,0.0011042594746431145,0.001613273546775906,0.0009873956830551299,0.1281583469082008
1781869096.2294002,83.1203179359436,fun_at_the_park,two_speaker_attention_movie,speech_social,2394,1,0.26305562634528556,0.379469693267337,0.3212626598063113,1,0,0.51436488032341,0.8001610159873962,0.2335568698350494,0.4093401481921565,7.6924112657868955,0.4847528636455536,0.7785630524158478,0.0011113467964695733,7.087321826458734e-06,0.0017674931314101215,0.1222188871355737
1781869096.2639842,83.15490198135376,fun_at_the_park,two_speaker_attention_movie,speech_social,2395,1,0.3225440816129618,0.3916304028870238,0.3570872422499928,1,0,0.5137551486492157,0.797975367307663,0.2363338856488806,0.3953522289549466,8.529712248258773,0.48313476145267487,0.777966320514679,0.0017246285595662303,0.0006132817630966571,0.0011995284617217375,0.1167166198479527
1781869096.299968,83.19088578224182,fun_at_the_park,two_speaker_attention_movie,speech_social,2396,1,0.3146911475845794,0.3694284989401523,0.34205982326236584,1,0,0.5140424132347107,0.7970579624176026,0.22286199741608723,0.3945684456457847,6.327253928464131,0.4843492656946182,0.7764462530612946,0.0019456684240992726,0.0002210398645330423,0.0017605338197137232,0.11494850812821594
1781869096.33292,83.22383785247803,fun_at_the_park,two_speaker_attention_movie,speech_social,2397,1,0.31839339048122445,0.40462372647915024,0.36150855848018737,1,0,0.5122475475072861,0.7964078783988953,0.2066723680578086,0.404712029260139,7.468464106899548,0.4857562780380249,0.7734367847442627,0.0033221353503006656,0.001376466926201393,0.0013094868071050223,0.1159983758206812
1781869096.367747,83.25866484642029,fun_at_the_park,two_speaker_attention_movie,speech_social,2398,1,0.29764401535283935,0.41384241359374735,0.3557432144732934,1,0,0.512640118598938,0.7980741500854492,0.21568426332613214,0.41114500253625147,8.109736979242845,0.48469580709934235,0.7740014791488647,0.0012014484518193555,0.0021206868984813103,0.0008427154349870894,0.11821576022335398
1781869096.4003048,83.29122257232666,fun_at_the_park,two_speaker_attention_movie,speech_social,2399,1,0.29831199025216976,0.345152193957682,0.32173209210492587,1,0,0.5118168234825133,0.795935207605362,0.20176452377075002,0.411581444047253,6.221122854625898,0.4855268746614456,0.771308422088623,0.002818373577526219,0.0016169251257068635,0.0012011318935012507,0.11611093120848831
1781869096.43589,83.32680773735046,fun_at_the_park,two_speaker_attention_movie,speech_social,2400,1,0.3033056537131322,0.34270563151538536,0.3230056426142588,1,0,0.5122244238853455,0.7962023794651032,0.20190716021025637,0.4092645922588461,7.323039815479702,0.48581136763095856,0.7743247747421265,0.003029739193395927,0.0002113656158697079,0.0012544296861749411,0.11767602170588232
1781869096.469813,83.36073088645935,fun_at_the_park,two_speaker_attention_movie,speech_social,2401,1,0.29489543578351735,0.382869522600881,0.33888247919219916,1,0,0.5119336366653442,0.7979267060756683,0.21436530908344226,0.40807900798613356,6.9939692184014275,0.48331406712532043,0.7745448350906372,0.0025069775372841083,0.0005227616561118186,0.0010987611855634725,0.12025699969058368
1781869096.5084999,83.39941763877869,fun_at_the_park,two_speaker_attention_movie,speech_social,2402,1,0.28104456653904336,0.3347183781760145,0.30788147235752894,1,0,0.5123892545700073,0.7968941509723664,0.2166549567883935,0.40391997388281375,7.099112622524761,0.4840264618396759,0.773930162191391,0.0009409192325111431,0.0015660583047729653,0.0012764044127833532,0.12707741333877745
1781869096.5397708,83.43068861961365,fun_at_the_park,two_speaker_attention_movie,speech_social,2403,1,0.2659899786517857,0.35682225310435733,0.31140611587807154,1,0,0.5120659828186036,0.7956236362457276,0.20859353518630816,0.4092828139333813,9.1016025285333,0.4838844984769821,0.7718396782875061,0.0020952986776946927,0.0011543794451835496,0.002112975404235154,0.12446085833911191
1781869096.574785,83.4657027721405,fun_at_the_park,two_speaker_attention_movie,speech_social,2404,1,0.29185773863319203,0.4058863696884624,0.3488720541608272,1,0,0.5121981352567673,0.7940635740756989,0.22228752309727157,0.40843956774019746,8.235329200351089,0.48293253779411316,0.7733263671398163,0.0017653534731921802,0.00032994520450251247,0.0013318593971592598,0.11734551674537876
1781869096.60964,83.50055766105652,fun_at_the_park,two_speaker_attention_movie,speech_social,2405,1,0.27872153547725603,0.4143455619791204,0.3465335487281882,1,0,0.5118626594543457,0.7933118641376495,0.22139128208415254,0.3976891214222198,7.769146233498634,0.48367342352867126,0.774206817150116,0.0011506971331798888,0.0006146563400122914,0.0015249858642242301,0.11666240126201395
1781869096.643792,83.53470969200134,fun_at_the_park,two_speaker_attention_movie,speech_social,2406,1,0.2772086908817302,0.3576982564965865,0.3174534736891583,1,0,0.5119337201118469,0.7940916240215301,0.20533086863736058,0.40398979226520243,8.49709087503347,0.48458340764045715,0.7717748880386353,0.002596603606053516,0.001445906472873627,0.0017955031919930397,0.11836549517983812
1781869096.677284,83.56820178031921,fun_at_the_park,two_speaker_attention_movie,speech_social,2407,1,0.2936849662896309,0.3698464493121203,0.3317657078008756,1,0,0.5120066732168198,0.7935168623924256,0.21147241267701333,0.4094049395509335,8.544149613095051,0.4841584116220474,0.7735832333564758,0.0018576152465513565,0.0007389883595021593,0.0016637451015875336,0.11903580106356604
1781869096.7158809,83.60679864883423,fun_at_the_park,two_speaker_attention_movie,speech_social,2408,1,0.25215947117606674,0.3497888391813783,0.3009741551787225,1,0,0.5123990267515183,0.7937597334384918,0.20473380720696255,0.3968881036921429,8.258557983704767,0.48523224890232086,0.772720992565155,0.0013771658167129237,0.00048044942983843284,0.0019156684286059423,0.11684396050891073
1781869096.746808,83.63772583007812,fun_at_the_park,two_speaker_attention_movie,speech_social,2409,1,0.23685879196081802,0.3482907379435071,0.29257476495216256,1,0,0.5132201462984085,0.7944888353347779,0.20468667353927836,0.4122609679483397,7.231346148384286,0.48515447974205017,0.7695291936397552,0.00319274621955338,0.0018155804028404563,0.0014892184269791023,0.11969859283516149
1781869096.781472,83.67238974571228,fun_at_the_park,two_speaker_attention_movie,speech_social,2410,1,0.26210762355227096,0.39930328500076956,0.33070545427652026,1,0,0.5131293147802353,0.7949129045009613,0.2021856308692542,0.4140163268966086,8.352738392601493,0.4852741211652756,0.7720700204372406,0.0025436420512664646,0.0006491041682869154,0.0015510360739580786,0.11942120078708467
1781869096.8156002,83.7065179347992,fun_at_the_park,two_speaker_attention_movie,speech_social,2411,1,0.2539154624272973,0.34913469643137074,0.30152507942933404,1,0,0.5130320966243744,0.7949795007705689,0.20188928990570304,0.40455644621700665,8.951580700864323,0.48514145612716675,0.7727133631706238,0.0006568788967026997,0.001886763154563765,0.0013422705192201712,0.11855089331705924
1781869096.8506792,83.74159693717957,fun_at_the_park,two_speaker_attention_movie,speech_social,2412,1,0.28904739301881804,0.3164732328834329,0.3027603129511255,1,0,0.5118919104337692,0.7960929274559021,0.21537549620989402,0.4114981641217847,6.421205526371468,0.4848850518465042,0.7731334269046783,0.0004921348349892919,0.0001647440617134078,0.0012189852467168025,0.12432135193375245
1781869096.8841841,83.77510190010071,fun_at_the_park,two_speaker_attention_movie,speech_social,2413,1,0.2640651609616598,0.31732455075381744,0.2906948558577386,1,0,0.5117042452096939,0.7955740571022034,0.215575062334801,0.40557903342570795,6.960911695859982,0.4854063093662262,0.7712953984737396,0.0019105124743915626,0.0014183776394022707,0.0014410169811793652,0.1228633780481564
1781869096.919025,83.80994272232056,fun_at_the_park,two_speaker_attention_movie,speech_social,2414,1,0.2976674430019342,0.3513522444332228,0.3245098437175785,1,0,0.5134384244680404,0.7955045282840729,0.22655474713874893,0.3996610578676111,8.23473753456688,0.48399095237255096,0.7746405899524689,0.003632291487326996,0.0017217790129354336,0.0014087247653573078,0.12563165977534518
1781869096.953999,83.84491682052612,fun_at_the_park,two_speaker_attention_movie,speech_social,2415,1,0.2769113817868679,0.3691451545762559,0.32302826818156194,1,0,0.512237685918808,0.7953080236911774,0.22066882878287655,0.397252573658821,7.0059037009321425,0.48460397124290466,0.7736202776432037,0.001190306407547099,0.002441985079779897,0.0013201034681990834,0.12406737633204479
1781869096.988081,83.87899875640869,fun_at_the_park,two_speaker_attention_movie,speech_social,2416,1,0.274257970727702,0.3363912581865286,0.30532461445711534,1,0,0.5126872807741165,0.7954314649105072,0.201249206027241,0.4104500433493996,8.314903631891323,0.48503434658050537,0.7680442929267883,0.00559256904194424,0.004402262634397141,0.0011289977913975892,0.12377374452630932
1781869097.022326,83.91324377059937,fun_at_the_park,two_speaker_attention_movie,speech_social,2417,1,0.24997104072689094,0.32745351477998963,0.28871227775344027,1,0,0.5141140669584274,0.7961487591266632,0.20801186852785272,0.41874695897346254,9.419483846281267,0.4842614233493805,0.7678201496601105,0.0008047673733505491,0.004787801668593691,0.0007275019340462332,0.12262612137803353
1781869097.057627,83.94854474067688,fun_at_the_park,two_speaker_attention_movie,speech_social,2418,1,0.24674099294520851,0.34914046350159766,0.2979407282234031,1,0,0.5132868468761445,0.7953817129135132,0.2172911726716758,0.4124767038062138,7.6260185555885505,0.4839037209749222,0.7693406045436859,0.001561964801678168,0.0007571974283276189,0.0014630393205093757,0.12262179210148637
1781869097.092871,83.98378872871399,fun_at_the_park,two_speaker_attention_movie,speech_social,2419,1,0.2576133961833074,0.3074203870962049,0.28251689163975613,1,0,0.5123004883527755,0.79319469332695,0.21131119269510942,0.4068253348552217,9.450668772037744,0.48479054868221283,0.7695826590061188,0.0009192680486137062,0.0006426967530644618,0.000904169769327073,0.12572559109148482
1781869097.1258261,84.01674389839172,fun_at_the_park,two_speaker_attention_movie,speech_social,2420,1,0.25483913963121224,0.3301440707590667,0.2924916051951395,1,0,0.5122940599918365,0.792993712425232,0.21354678895526483,0.41050743248958704,7.825533584340584,0.48505789041519165,0.769278883934021,0.0004046614592719815,0.0005146065893417246,0.0012936061468774285,0.12136985996460205
1781869097.16118,84.0520977973938,fun_at_the_park,two_speaker_attention_movie,speech_social,2421,1,0.31045459458775837,0.28715402343837265,0.29880430901306554,1,0,0.5121692985296249,0.7935936570167541,0.21004266526755327,0.4027931341979488,9.473644872654138,0.4851349741220474,0.7712349891662598,0.0019576234513957267,0.0015529619921237452,0.0013299760156229312,0.12490349803073605
1781869097.1944761,84.08539390563965,fun_at_the_park,two_speaker_attention_movie,speech_social,2422,1,0.29694327700444517,0.36891989420526083,0.33293158560485303,1,0,0.5128426253795624,0.794719398021698,0.21987483722869897,0.4064730801371076,8.512325707679839,0.484335720539093,0.7717727422714233,0.0009633196208831847,0.000994303830512542,0.0010603924055471402,0.12147428489210192
1781869097.229286,84.12020373344421,fun_at_the_park,two_speaker_attention_movie,speech_social,2423,1,0.294880099169748,0.39645379694564503,0.3456669480576965,1,0,0.5128364503383637,0.7949847400188446,0.19784143238232615,0.4112456769319301,8.393790881410652,0.4849660396575928,0.7699705064296722,0.0019092815979940205,0.0009459619771108358,0.0005871747101555249,0.12096192496581167
1781869097.262918,84.15383577346802,fun_at_the_park,two_speaker_attention_movie,speech_social,2424,1,0.28729363850919526,0.3018001203505055,0.29454687942985036,1,0,0.5127160102128983,0.7920856475830078,0.20669122122765318,0.4103205727520389,7.857057244958256,0.4849068522453308,0.7674136459827423,0.002557545404258739,0.0006482638062647185,0.0008392320238154168,0.11923324945203499
1781869097.298771,84.18968868255615,fun_at_the_park,two_speaker_attention_movie,speech_social,2425,1,0.29344257104852434,0.257637826487745,0.2755401987681347,1,0,0.5128412365913391,0.7916411757469177,0.207832079459115,0.4104502078530759,8.659629468907651,0.48470428586006165,0.765841543674469,0.0015850989900063977,0.0009724464142523413,0.0016654848602700796,0.1223117316117493
1781869097.331771,84.22268867492676,fun_at_the_park,two_speaker_attention_movie,speech_social,2426,1,0.269264641846022,0.33428167328464187,0.30177315756533196,1,0,0.512270700931549,0.7926520526409149,0.20659123089815545,0.4066217467633139,10.699025490213522,0.4848319739103317,0.7694002985954285,0.0035610449064333682,0.0019759459164269706,0.0016755198110899058,0.12565302899139977
1781869097.36604,84.25695776939392,fun_at_the_park,two_speaker_attention_movie,speech_social,2427,1,0.27819112862937123,0.3421170993298931,0.31015411397963216,1,0,0.5137946039438248,0.7946746230125428,0.21982506428993312,0.39384542992852983,11.507881100046953,0.48396360874176025,0.7742784917354584,0.004954879047708733,0.0013938341412753651,0.0015155980206117544,0.12362467855999594
1781869097.4030159,84.29393362998962,fun_at_the_park,two_speaker_attention_movie,speech_social,2428,1,0.2504867827308133,0.3187637907412911,0.2846252867360522,1,0,0.5147662341594696,0.7937475383281708,0.23127286308988296,0.39115686627970203,12.142914391026945,0.4836159646511078,0.7741771340370178,0.00036211848447537955,0.004592760563233354,0.0014898612202269197,0.1263594272015222
1781869097.434588,84.32550573348999,fun_at_the_park,two_speaker_attention_movie,speech_social,2429,1,0.26747643807468263,0.3192523047292495,0.29336437140196603,1,0,0.5149488419294357,0.7923317134380341,0.24365094990317207,0.3884113612071329,10.43050575811602,0.4826267659664154,0.7756399512290955,0.001765884530549787,0.0014037660460744074,0.001172430394874415,0.12274046318521083
1781869097.470104,84.36102175712585,fun_at_the_park,two_speaker_attention_movie,speech_social,2430,1,0.2676283160684901,0.34062463674563587,0.304126476407063,1,0,0.5136416643857956,0.7939281761646271,0.2328472478850489,0.38608762333415253,9.3933639877746,0.4836641252040863,0.7759540975093842,0.001083882868856396,0.0006820016616933908,0.0009797762848707608,0.12186436018992128
1781869097.5044448,84.39536261558533,fun_at_the_park,two_speaker_attention_movie,speech_social,2431,1,0.2749780216883557,0.30679163242285096,0.29088482705560337,1,0,0.5143877506256103,0.7941443264484406,0.24083885761800541,0.4018468107963628,7.436361830630283,0.48415903747081757,0.7729100584983826,0.003084009022726846,0.00200012615387045,0.0010838542580614403,0.1202497651020159
1781869097.539387,84.4303047657013,fun_at_the_park,two_speaker_attention_movie,speech_social,2432,1,0.2506188207217372,0.3383371586320791,0.29447798967690814,1,0,0.5142859518527985,0.7939490497112274,0.21732332073211233,0.4009613339413959,8.067282638180131,0.4862823039293289,0.7681869566440582,0.005178412071297664,0.0020944030485708183,0.001461430324105444,0.11793530345819693
1781869097.5723379,84.4632556438446,fun_at_the_park,two_speaker_attention_movie,speech_social,2433,1,0.23348630095475242,0.3661206564317377,0.2998034786932451,1,0,0.5146188974380492,0.7967494368553162,0.20012406688214715,0.40893809606471143,8.236857954889153,0.48714613914489746,0.7686861753463745,0.00099771268028361,0.004180699391014054,0.0021790646163057158,0.1247788414282118
1781869097.608515,84.49943280220032,fun_at_the_park,two_speaker_attention_movie,speech_social,2434,1,0.2403946791852888,0.2721775177326454,0.2562860984589671,1,0,0.5162741839885712,0.7973984897136688,0.20315614417835806,0.42070845148548347,7.290366345919463,0.48714926838874817,0.7696188688278198,0.0009326987308330889,6.501394945052118e-05,0.001459960077536359,0.12546020984672468
1781869097.641205,84.53212285041809,fun_at_the_park,two_speaker_attention_movie,speech_social,2435,1,0.2533842873075338,0.29162189812852973,0.27250309271803175,1,0,0.5169424742460251,0.7994923412799835,0.20499271609382266,0.40449963767484626,11.19230050823097,0.4873336851596832,0.7703782618045807,0.0007814648031458873,0.00015123392768720155,0.001257773143629904,0.12856949161582884
1781869097.676683,84.5676007270813,fun_at_the_park,two_speaker_attention_movie,speech_social,2436,1,0.246280387938941,0.3566485635472844,0.3014644757431127,1,0,0.5167146503925324,0.7963351845741272,0.20646894448901815,0.4151483351697127,11.443893385443353,0.48637354373931885,0.7686291635036469,0.0019952985775138934,0.001213833774368006,0.0009742068708318745,0.1254377659010132
1781869097.715075,84.60599279403687,fun_at_the_park,two_speaker_attention_movie,speech_social,2437,1,0.22911546625253948,0.28165155104913286,0.25538350865083614,1,0,0.5170225948095322,0.8008536100387573,0.23539505600830343,0.40436511763599714,13.333142706407498,0.48466555774211884,0.772611528635025,0.0043331799185180415,0.002337881341004148,0.0012699899147996375,0.13740180987043202
1781869097.745656,84.6365737915039,fun_at_the_park,two_speaker_attention_movie,speech_social,2438,1,0.2583053165831341,0.3198345286247538,0.28906992260394393,1,0,0.5174763619899749,0.7969159841537476,0.22463973194624154,0.4000715520889554,10.530826568438565,0.4848923087120056,0.7737577855587006,0.0011684694850182017,0.0031647104334998396,0.0010605843844128371,0.12400355352326732
1781869097.780319,84.67123675346375,fun_at_the_park,two_speaker_attention_movie,speech_social,2439,1,0.28053393950312894,0.3427709764118483,0.31165245795748864,1,0,0.5171592593193054,0.7952518701553345,0.21203163822297805,0.41201870800124996,7.0342866771409325,0.486625999212265,0.7725867629051208,0.0020921225599583207,0.000923653074940119,0.0013512222050068821,0.11778517604259214
1781869097.8141491,84.70506691932678,fun_at_the_park,two_speaker_attention_movie,speech_social,2440,1,0.2744779176684664,0.3196725163979136,0.29707521703319,1,0,0.5158359676599502,0.7932935535907746,0.21006294856156377,0.4023816844338334,9.426935149745198,0.48729293048381805,0.7713542580604553,0.001401379860387379,0.0006907426995709416,0.0010484132054677038,0.12122548133081786
1781869097.848017,84.73893475532532,fun_at_the_park,two_speaker_attention_movie,speech_social,2441,1,0.24786949147543208,0.3838308808220425,0.3158501861487373,1,0,0.515579667687416,0.7937316298484802,0.2262753858704029,0.3952939686797293,10.271970841046787,0.4855252057313919,0.7690296471118927,0.0029203881355938455,0.0015190082752064664,0.0008721330796835072,0.1248786809857584
1781869097.88355,84.7744677066803,fun_at_the_park,two_speaker_attention_movie,speech_social,2442,1,0.25873124112605905,0.353395754661624,0.3060634978938415,1,0,0.5154149383306503,0.7950491011142731,0.20453449474780777,0.4056999625652613,12.069142244480176,0.48649176955223083,0.7674441635608673,0.0018568801012253942,0.0010635080343684513,0.0009362873290810001,0.1297309305790367
1781869097.9176471,84.80856490135193,fun_at_the_park,two_speaker_attention_movie,speech_social,2443,1,0.2725098251417113,0.34253310028829637,0.3075214627150038,1,0,0.5161071360111237,0.7955865085124969,0.22206958184507017,0.402891862848452,12.660287099717202,0.48508696258068085,0.7701251208782196,0.003026716829302051,0.001169836728076657,0.0012478363501107718,0.12839165073158698
1781869097.953855,84.84477281570435,fun_at_the_park,two_speaker_attention_movie,speech_social,2444,1,0.24937312065227749,0.2938387385689281,0.2716059296106028,1,0,0.5160732120275497,0.795993858575821,0.22741896127002773,0.3991069577348185,11.019755734514671,0.4842865914106369,0.7725375294685364,0.0025417138344966516,0.0004850029948053995,0.0008234721018737202,0.12978392121251925
1781869097.986413,84.8773307800293,fun_at_the_park,two_speaker_attention_movie,speech_social,2445,1,0.2661386924535461,0.37141033181537597,0.31877451213446106,1,0,0.5166518926620484,0.7965797424316406,0.21690219207312422,0.40458278201817754,11.118656029652751,0.48511524498462677,0.7692443430423737,0.0033958421022109624,0.0008541282677143108,0.0007145688519518407,0.12515892640710563
1781869098.021468,84.91238570213318,fun_at_the_park,two_speaker_attention_movie,speech_social,2446,1,0.2567990084102621,0.31210294156849605,0.2844509749893791,1,0,0.516062730550766,0.7968788981437683,0.22399796060329574,0.3991128557944479,12.268801857741252,0.48544640839099884,0.7717654705047607,0.002542784474414278,0.0008530576277966844,0.00116686271714627,0.1324825843764045
1781869098.055671,84.94658875465393,fun_at_the_park,two_speaker_attention_movie,speech_social,2447,1,0.2712601739180024,0.3678280672909219,0.31954412060446213,1,0,0.5156057536602021,0.798212969303131,0.21942111223951022,0.40950781263548486,7.923619638891572,0.4849822223186493,0.7725206315517426,0.0008864180259008533,0.0016563664485134246,0.0011399569357777744,0.12511477426360806
1781869098.091049,84.9819667339325,fun_at_the_park,two_speaker_attention_movie,speech_social,2448,1,0.2495360578890831,0.28261891259004135,0.2660774852395622,1,0,0.5175020098686218,0.7991697132587432,0.22015721916758924,0.40713183792360663,8.569867881815142,0.4867182672023773,0.7677547633647919,0.005072213660100179,0.004185795634199326,0.0016172439115958264,0.1307287343322297
1781869098.123758,85.0146758556366,fun_at_the_park,two_speaker_attention_movie,speech_social,2449,1,0.24364131074860124,0.3245964578724032,0.28411888431050225,1,0,0.51606864631176,0.7992539346218109,0.20265017757049703,0.41597141617667915,9.161116471537413,0.4869748204946518,0.7686671018600464,0.0009477241801812107,0.0041244894799189686,0.0006702057859622955,0.12456780060508955
1781869098.1593962,85.05031394958496,fun_at_the_park,two_speaker_attention_movie,speech_social,2450,1,0.2625037762135329,0.37653748337053555,0.3195206297920342,1,0,0.5162240356206894,0.8001814484596252,0.21765494126900328,0.4124922209015966,13.161543161259113,0.4854593276977539,0.770584225654602,0.002443784372873534,0.0014960601926923235,0.0008195807996538764,0.1272825098544342
1781869098.192349,85.0832667350769,fun_at_the_park,two_speaker_attention_movie,speech_social,2451,1,0.23726756893187517,0.2847304337448888,0.260999001338382,1,0,0.5165722250938416,0.8043008625507355,0.2107208946253189,0.4120436773052796,12.0902275370742,0.48572447896003723,0.7712641060352325,0.0007297551122511613,0.0017140292606223728,0.000536649716902224,0.13290746495199865
1781869098.227909,85.1188268661499,fun_at_the_park,two_speaker_attention_movie,speech_social,2452,1,0.23233037241252075,0.37655260349108943,0.3044414879518051,1,0,0.5161089450120926,0.8002712488174438,0.20583707777363017,0.41575661926497914,9.619762087275104,0.4863748252391815,0.7698614299297333,0.001546108191471545,0.0008163530792203837,0.001171657362506128,0.12580470668133967
1781869098.260824,85.15174174308777,fun_at_the_park,two_speaker_attention_movie,speech_social,2453,1,0.2300908172131141,0.344067343587603,0.28707908040035857,1,0,0.5154752045869827,0.8013864159584045,0.18561349679747016,0.40825626026158934,11.507517233253816,0.4881677031517029,0.7725058794021606,0.0031949216299352857,0.0016488134384637406,0.0018582104543013091,0.13096310057264607
1781869098.298529,85.18944668769836,fun_at_the_park,two_speaker_attention_movie,speech_social,2454,1,0.22913366990043912,0.35389313405051387,0.2915134019754765,1,0,0.5150695621967316,0.7971317350864411,0.20106985335893124,0.4155742719135829,10.731669198147193,0.48669712245464325,0.7715417742729187,0.001758438593410363,0.0014364830365249227,0.0007892666601742724,0.1258939168521886
1781869098.329812,85.22072982788086,fun_at_the_park,two_speaker_attention_movie,speech_social,2455,1,0.26644834543799634,0.3663639153860527,0.3164061304120245,1,0,0.514342525601387,0.8002106070518493,0.18811378130676432,0.41951951071285587,11.332278319786194,0.48712770640850067,0.7726678252220154,0.0012055676178800688,0.0005528709755302941,0.0011689562766411595,0.12600836040194013
1781869098.364628,85.25554585456848,fun_at_the_park,two_speaker_attention_movie,speech_social,2456,1,0.23100468531895588,0.3366645688109718,0.2838346270649638,1,0,0.515484830737114,0.8025909185409545,0.2044969556871077,0.4125905861374756,11.111159489675247,0.48556123673915863,0.7731684148311615,0.001644511228831724,0.00043894361095165517,0.0007223178840222735,0.1287868901983688
1781869098.399456,85.29037380218506,fun_at_the_park,two_speaker_attention_movie,speech_social,2457,1,0.22072005832971614,0.317952689420671,0.2693363738751936,1,0,0.5151890009641648,0.8041476666927339,0.19943116600499625,0.4004264694489109,12.473960329651709,0.4860486537218094,0.7756960391998291,0.0025741911863843107,0.0009296799575525868,0.0013003228253301747,0.13438034280815844
1781869098.4347122,85.3256299495697,fun_at_the_park,two_speaker_attention_movie,speech_social,2458,1,0.25429445962036407,0.29746802910506853,0.2758812443627163,1,0,0.5146801173686981,0.8053727269172668,0.21446024280374207,0.3989866354653831,11.412780522959784,0.48512525856494904,0.7795753180980682,0.003987663900836754,0.0014134727144524432,0.0012570707044746545,0.13060941983567645
1781869098.467536,85.35845375061035,fun_at_the_park,two_speaker_attention_movie,speech_social,2459,1,0.2548797745378366,0.3697009999102981,0.3122903872240673,1,0,0.5165501654148101,0.8026518523693085,0.23221708746787148,0.41076788776896017,8.636295939038002,0.48448407649993896,0.7767658531665802,0.0028817022125389117,0.0011059616882978423,0.001547163873146807,0.12363941810747676
1781869098.5037,85.39461779594421,fun_at_the_park,two_speaker_attention_movie,speech_social,2460,1,0.2697545235649235,0.4048914851727747,0.3373230043688491,1,0,0.5153803735971451,0.802874892950058,0.20950428404412796,0.4078131228774536,9.186061456018106,0.4861597418785095,0.7759634554386139,0.0018578742085473658,0.0010238280039915459,0.0018772029414956223,0.12474755509280724
1781869098.537104,85.42802166938782,fun_at_the_park,two_speaker_attention_movie,speech_social,2461,1,0.2591832965369535,0.37148028029787683,0.31533178841741516,1,0,0.5144250184297562,0.8005282282829285,0.2223641134568552,0.40322778779407514,9.282911614065242,0.4849337637424469,0.7752408683300018,0.0014230792387059544,0.00043479496984141146,0.0016470090868082336,0.12352175433633601
1781869098.572447,85.46336483955383,fun_at_the_park,two_speaker_attention_movie,speech_social,2462,1,0.22769077237135618,0.30069082288753574,0.264190797629446,1,0,0.5153398782014846,0.8029567837715149,0.21495885411183704,0.39904694158952203,10.436457299516707,0.4858151823282242,0.775768369436264,0.0010272079343840162,0.0003958713043219382,0.0021534760658023203,0.12769460519155304
1781869098.6068559,85.49777364730835,fun_at_the_park,two_speaker_attention_movie,speech_social,2463,1,0.2632747294992595,0.33442627206588743,0.29885050078257347,1,0,0.5138571739196778,0.8030558824539185,0.21488832798033444,0.3996303385015033,9.46339902840668,0.4850939214229584,0.7766369581222534,0.0011290100083230488,0.00010180207393903264,0.0017999814350931546,0.12855560380331787
1781869098.640414,85.53133177757263,fun_at_the_park,two_speaker_attention_movie,speech_social,2464,1,0.2630631246035987,0.33090235754226627,0.2969827410729325,1,0,0.5135083079338074,0.803532212972641,0.20858443229447626,0.3931908620245879,10.43341527551171,0.48550084233283997,0.7779211103916168,0.0013470826544091648,0.00021807264608611596,0.0021091190490776695,0.129626775823418
1781869098.675143,85.56606078147888,fun_at_the_park,two_speaker_attention_movie,speech_social,2465,1,0.2692999486434596,0.3800931511480127,0.32469654989573615,1,0,0.5134042412042619,0.8006489992141723,0.2184633542093561,0.39307010833383627,11.098974677994917,0.4841413199901581,0.7782464623451233,0.0013979109034204277,5.082824901126294e-05,0.0014854837575243808,0.12574888264949396
1781869098.710827,85.60174489021301,fun_at_the_park,two_speaker_attention_movie,speech_social,2466,1,0.24841044569075557,0.33838365422334327,0.2933970499570494,1,0,0.5146836489439011,0.7971905171871185,0.23151530808082246,0.4059776377026711,9.018734293126514,0.48328329622745514,0.7743276655673981,0.004011629714028013,0.0026137188106075855,0.0017398455421250834,0.12257465392916375
1781869098.744412,85.63532972335815,fun_at_the_park,two_speaker_attention_movie,speech_social,2467,1,0.2630888280208824,0.3358606974814709,0.2994747627511767,1,0,0.5157923072576522,0.8015652656555177,0.22087697610967066,0.41340735031223946,9.519457141226166,0.4842784255743027,0.7726680338382721,0.0019351123722613317,0.0020765173417666813,0.000925479236186208,0.12494606531783496
1781869098.777628,85.66854572296143,fun_at_the_park,two_speaker_attention_movie,speech_social,2468,1,0.24953207498803331,0.3557761377080008,0.30265410634801704,1,0,0.5142333447933197,0.7992701470851898,0.22106414029524865,0.41031452230727217,9.447568418280849,0.48390620946884155,0.7717864513397217,0.0009569391469236885,0.0009781732253376432,0.001400351062446736,0.12344699018953018
1781869098.8125172,85.70343494415283,fun_at_the_park,two_speaker_attention_movie,speech_social,2469,1,0.2389719332143867,0.34655646107655974,0.2927641971454732,1,0,0.5151003181934357,0.7971458673477172,0.21853721187780098,0.40478369844307543,9.179530328281242,0.48453986644744873,0.7711029946804047,0.0009320054569058884,2.4933690017800046e-05,0.001751576527511286,0.12268087953081157
1781869098.846503,85.73742079734802,fun_at_the_park,two_speaker_attention_movie,speech_social,2470,1,0.2538304103564104,0.36845653481654717,0.3111434725864788,1,0,0.5149508953094483,0.796813428401947,0.21059735885280043,0.403304335502377,11.00814930713261,0.484417662024498,0.7718901038169861,0.0007965392105092344,0.00013546624639665405,0.0018015891043574514,0.12158405856633153
1781869098.881419,85.77233672142029,fun_at_the_park,two_speaker_attention_movie,speech_social,2471,1,0.28454799483168985,0.31280379544281006,0.29867589513724996,1,0,0.5146748870611191,0.7986857831478118,0.20352025873608445,0.4092097194134311,11.935194217475283,0.4847089797258377,0.7710443139076233,0.0008945538406903079,9.801463018107356e-05,0.0015108026966228411,0.12450990806364164
1781869098.917084,85.80800175666809,fun_at_the_park,two_speaker_attention_movie,speech_social,2472,1,0.28686735547595066,0.31665720944807174,0.3017622824620112,1,0,0.5135706096887589,0.7995815455913544,0.20984255265755317,0.41423840264437894,10.914853054107494,0.48336778581142426,0.7705004215240479,0.0014472802219926352,0.0005527263813023273,0.0006025647550985303,0.12675088962212566
1781869098.9515,85.84241771697998,fun_at_the_park,two_speaker_attention_movie,speech_social,2473,1,0.2671810951960808,0.3512222170978362,0.3092016561469585,1,0,0.5128174036741256,0.7979524612426758,0.2088569180184793,0.4128664534640467,8.298814855410614,0.4842999428510666,0.7688142657279968,0.0019266650241054428,0.0004793848021128076,0.0010610403359382545,0.122846413381552
1781869098.9857438,85.87666153907776,fun_at_the_park,two_speaker_attention_movie,speech_social,2474,1,0.24490734014426607,0.32246977845968816,0.2836885593019771,1,0,0.5137495040893555,0.7981833279132844,0.20362787886017644,0.41411854245465757,9.801836826432545,0.4847266674041748,0.7685053646564484,0.0005267957063503784,0.0013998693177550644,0.001296431373598086,0.12452274859204562
1781869099.020179,85.91109681129456,fun_at_the_park,two_speaker_attention_movie,speech_social,2475,1,0.25206895023382675,0.3067717277720997,0.27942033900296326,1,0,0.5136934578418731,0.7989070773124695,0.19657064240692707,0.42454594058149087,12.18939171850792,0.4855972081422806,0.7675044536590576,0.0013265232758604298,0.0007997275695100514,0.0007525486387326336,0.12788779622915353
1781869099.0555751,85.94649291038513,fun_at_the_park,two_speaker_attention_movie,speech_social,2476,1,0.21746186755013625,0.30102119658457616,0.25924153206735623,1,0,0.5132950097322464,0.7993870973587036,0.1958346603494542,0.4250989086444248,10.383054926094225,0.48455482721328735,0.7703309059143066,0.0030125388549081104,0.0016860155790476806,0.0011668064047254396,0.12846418530718506
1781869099.090554,85.98147177696228,fun_at_the_park,two_speaker_attention_movie,speech_social,2477,1,0.2306439505832099,0.31938498236658797,0.2750144664748989,1,0,0.5144551634788512,0.8022499263286591,0.1884264337917451,0.4226754943306647,11.199946579180171,0.4856281280517578,0.7709963619709015,0.0012628564657632935,0.0017496823891448169,0.0001365782224690915,0.12978704744070357
1781869099.122175,86.01309275627136,fun_at_the_park,two_speaker_attention_movie,speech_social,2478,1,0.2687131485222567,0.32449769006300233,0.2966054192926295,1,0,0.5121663451194763,0.7993211507797242,0.19820779541414077,0.42316425770427546,10.646157658117785,0.4846482425928116,0.7707187533378601,0.0010184508165804397,0.0002444056491828538,0.0003492179875373223,0.12121851142618974
1781869099.1582458,86.0491635799408,fun_at_the_park,two_speaker_attention_movie,speech_social,2479,1,0.2567230034489377,0.3158430180142979,0.2862830107316178,1,0,0.513454332947731,0.799957537651062,0.19107971992763767,0.4114800764589044,12.21620386658516,0.48461170494556427,0.7713889479637146,0.0006711898659772895,0.0003472609506031502,0.0010363632065515645,0.12717530309024574
1781869099.1921868,86.08310461044312,fun_at_the_park,two_speaker_attention_movie,speech_social,2480,1,0.2803129442372511,0.3150321508935829,0.297672547565417,1,0,0.5139451652765274,0.8025874495506287,0.19928582965630492,0.40403733382425866,11.969777134057077,0.4840509295463562,0.7750938832759857,0.003747134200488482,0.0030759443345111928,0.0019370217354134276,0.12617129297563107
1781869099.225178,86.1160957813263,fun_at_the_park,two_speaker_attention_movie,speech_social,2481,1,0.2457961255017492,0.3329702064289762,0.2893831659653627,1,0,0.5125739842653274,0.801326584815979,0.21375093428718778,0.3962571280260279,11.171648935180231,0.48293644189834595,0.7779741287231445,0.0030883485155413564,0.0006587856849471258,0.0014735971885648967,0.12511969385024901
1781869099.260747,86.15166473388672,fun_at_the_park,two_speaker_attention_movie,speech_social,2482,1,0.24440828348235008,0.3903369386131197,0.3173726110477349,1,0,0.5118756741285324,0.7991344988346101,0.22245983750361178,0.3951099238481627,10.012670440178859,0.4822537899017334,0.7756689786911011,0.0024041069898631906,0.0006842415256781659,0.0013098913602901522,0.1258183420057846
1781869099.2950342,86.1859519481659,fun_at_the_park,two_speaker_attention_movie,speech_social,2483,1,0.25967218645580403,0.3319450530592913,0.2958086197575477,1,0,0.5131217449903488,0.8020730376243591,0.2059348342834671,0.3973195748948784,7.4846877317876634,0.4830278754234314,0.7732795774936676,0.0025116620945499356,0.00010755510468674501,0.0013110786261287647,0.12693594151963813
1781869099.329966,86.22088384628296,fun_at_the_park,two_speaker_attention_movie,speech_social,2484,1,0.27473083381098284,0.3268591825092459,0.3007950081601144,1,0,0.5124512672424316,0.7995228946208954,0.19241735610126895,0.40957906646092207,6.454549185588857,0.48495352268218994,0.773064136505127,0.0019376615248044924,0.0005740005697454432,0.0010781732275568713,0.12543787250233077
1781869099.364361,86.25527882575989,fun_at_the_park,two_speaker_attention_movie,speech_social,2485,1,0.2430000091424521,0.34655338617815623,0.2947766976603042,1,0,0.5125749409198761,0.7984094262123107,0.19313370821034076,0.40601935845716297,7.5681735463389765,0.48484089970588684,0.7722485661506653,0.0008233097460057804,0.0011143517787987121,0.0010999273310251035,0.12331326091241283
1781869099.40028,86.29119777679443,fun_at_the_park,two_speaker_attention_movie,speech_social,2486,1,0.2581334245736571,0.3498646253399543,0.30399902495680575,1,0,0.5108444362878799,0.7995266377925874,0.20504008313495853,0.4118604374888707,6.992203434175057,0.48375149071216583,0.7735061049461365,0.0016637955937299975,0.0008404858477242171,0.00010422600198086174,0.12342444804459356
1781869099.431963,86.32288074493408,fun_at_the_park,two_speaker_attention_movie,speech_social,2487,1,0.25338569313861703,0.35130027609462205,0.30234298461661957,1,0,0.5099358081817627,0.7991633296012879,0.21196883032297123,0.40668169423666356,7.771428750361868,0.48304319381713867,0.7734954059123993,0.0007083776964501537,0.0009554178972798438,0.0005357319480630604,0.12770948387741876
1781869099.467765,86.35868287086487,fun_at_the_park,two_speaker_attention_movie,speech_social,2488,1,0.24055833468109347,0.35675980071322794,0.2986590676971607,1,0,0.5111587584018707,0.7993660211563111,0.21445424038133853,0.41082098612277335,8.640560307337589,0.48304028809070587,0.7752507030963898,0.0017552995890647858,0.001046921892614632,0.0008386021881208666,0.12446259275714494
1781869099.5027058,86.39362359046936,fun_at_the_park,two_speaker_attention_movie,speech_social,2489,1,0.27061295321864726,0.38322109289159795,0.3269170230551226,1,0,0.5107195496559143,0.7975861668586731,0.20364921687811416,0.40564704885569314,7.794916151636461,0.4835435748100281,0.7772255539894104,0.0020379729074525223,0.0002826733183877365,0.0009837978521531154,0.11754910979138196
1781869099.535488,86.42640566825867,fun_at_the_park,two_speaker_attention_movie,speech_social,2490,1,0.2699033384710921,0.32576133484820113,0.2978323366596466,1,0,0.5121038675308227,0.7995368897914886,0.21040283762078466,0.4013654681293232,7.778887493631213,0.48352716863155365,0.7788810431957245,0.0016555704983221282,0.00038240240913039406,0.0009383587744277887,0.12151419169059352
1781869099.5711591,86.46207690238953,fun_at_the_park,two_speaker_attention_movie,speech_social,2491,1,0.3365898910842762,0.3905333939072134,0.36356164249574485,1,0,0.5104704141616822,0.799136859178543,0.21741085197617702,0.4014502020345563,9.215031736624006,0.48274287581443787,0.7819468379020691,0.003164524040741358,0.0015089535424192297,0.0006847974139835878,0.12014856305269044
1781869099.605459,86.4963767528534,fun_at_the_park,two_speaker_attention_movie,speech_social,2492,1,0.2911424760101954,0.3607524999492553,0.32594748797972534,1,0,0.5103213965892792,0.7979293584823608,0.21480440817235746,0.39884422589422425,8.138480823110308,0.4825665354728699,0.7807720005512238,0.0011879977765154302,0.0019765262642259277,0.0012845657163525215,0.12182347054298946
1781869099.639126,86.53004384040833,fun_at_the_park,two_speaker_attention_movie,speech_social,2493,1,0.31011789224593744,0.3732271129116596,0.34167250257879855,1,0,0.5099782884120941,0.800567352771759,0.21597468442726858,0.41097170759350077,8.059239732484725,0.48168812692165375,0.7778722047805786,0.0030299203115430385,0.0018419225350276083,0.0009116282234127547,0.11824116473414445
1781869099.674409,86.56532669067383,fun_at_the_park,two_speaker_attention_movie,speech_social,2494,1,0.29672759647834995,0.4047523578523621,0.350739977165356,1,0,0.5109600305557251,0.7977583348751067,0.2155826983230375,0.4004328892004486,6.954174642296078,0.4821201264858246,0.7773954272270203,0.0006433820474810269,0.0023865382640620115,0.0015801054896935863,0.11682642586169426
1781869099.709623,86.60054087638855,fun_at_the_park,two_speaker_attention_movie,speech_social,2495,1,0.3112325310280885,0.3339307885098841,0.32258165976898634,1,0,0.5108698695898055,0.7955650329589844,0.22296370899734566,0.40950924688299173,5.622119319745427,0.4824713468551636,0.7756115198135376,0.001818153295989376,0.0011747712485083491,0.0015234032662333708,0.11435778517634847
1781869099.7429912,86.63390898704529,fun_at_the_park,two_speaker_attention_movie,speech_social,2496,1,0.2573467068134347,0.37722073358642394,0.31728372019992934,1,0,0.5106666058301925,0.7960496902465821,0.21099060445133425,0.4053445131086704,7.331158770349197,0.48324011266231537,0.7697451710700989,0.005916506439267248,0.004098353143277871,0.0012942389767757177,0.1152466707913762
1781869099.775938,86.66685581207275,fun_at_the_park,two_speaker_attention_movie,speech_social,2497,1,0.24955513961880418,0.3703425270232224,0.3099488333210133,1,0,0.5116576820611953,0.7993102908134461,0.20517501372301988,0.41428072720430587,8.594383082246788,0.48330259323120117,0.7742277383804321,0.004483002734011723,0.001433503705255525,0.0015791026722122784,0.12250071157181183
1781869099.810953,86.70187067985535,fun_at_the_park,two_speaker_attention_movie,speech_social,2498,1,0.2879731625195964,0.3883904387614158,0.3381818006405061,1,0,0.5112466365098953,0.7978633761405944,0.22123447478621855,0.415361524502011,7.617981850597141,0.4807894825935364,0.7761995792388916,0.003194351491028209,0.0012886512429835136,0.0006915329270345064,0.11549100858601481
1781869099.844795,86.73571276664734,fun_at_the_park,two_speaker_attention_movie,speech_social,2499,1,0.2908712751343563,0.32325186163446323,0.3070615683844098,1,0,0.5096678197383882,0.7962546050548553,0.21391672714049673,0.40873701763896364,4.140928006337051,0.4821203351020813,0.7757828235626221,0.0013945801135837215,0.0017997713774444877,0.0008762044822919614,0.11707255306867487
1781869099.882209,86.77312684059143,fun_at_the_park,two_speaker_attention_movie,speech_social,2500,1,0.27772621184557406,0.3388665817097212,0.30829639677764764,1,0,0.5108820110559463,0.7941950201988219,0.20574116077335747,0.4108778609566461,6.409093567878081,0.4833723455667496,0.769694447517395,0.006215774535143102,0.00482119442155938,0.0009393482345706319,0.11850407555080454
1781869099.9142258,86.80514359474182,fun_at_the_park,two_speaker_attention_movie,speech_social,2501,1,0.26320190947521926,0.2945989304324607,0.27890041995383996,1,0,0.5106340914964675,0.7940485179424286,0.18483212985670422,0.4098936342491175,7.4347893185150715,0.48435527086257935,0.7694650590419769,0.0010093370149938437,0.005206437520149258,0.0009541166417701407,0.12030323613527785
1781869099.949386,86.84030365943909,fun_at_the_park,two_speaker_attention_movie,speech_social,2502,1,0.2826159875643005,0.34456737345917915,0.3135916805117398,1,0,0.5105287969112396,0.7957210302352906,0.2067675970378819,0.4133743448703708,7.497899322583253,0.48320046067237854,0.7736707031726837,0.004361310483047506,0.003351973468053662,0.0013898912057855243,0.11984371785463546
1781869099.984271,86.87518882751465,fun_at_the_park,two_speaker_attention_movie,speech_social,2503,1,0.2896517135716303,0.35033160233374194,0.31999165795268614,1,0,0.5099086701869965,0.7935324132442474,0.2096119018024013,0.4096639718982403,6.94241238116342,0.4822912812232971,0.7708118557929993,0.00299993593447604,0.0013613745485714659,0.000926382916924431,0.11423923820143016
1781869100.0186298,86.90954756736755,fun_at_the_park,two_speaker_attention_movie,speech_social,2504,1,0.28019979983719495,0.3481159630147239,0.31415788142595946,1,0,0.5093432813882828,0.794083797931671,0.20542788125521144,0.4163296829415057,8.087346059177312,0.4821613132953644,0.7699238955974579,0.000897421289672258,0.002102514644803782,0.0012204373308247038,0.11815404252533626
1781869100.0526028,86.94352054595947,fun_at_the_park,two_speaker_attention_movie,speech_social,2505,1,0.3089201819054879,0.35097559106439746,0.32994788648494267,1,0,0.51002756357193,0.7966940701007843,0.20601315157490926,0.40857053945058674,10.365391687043651,0.48127493262290955,0.7726186215877533,0.0028367620378302906,0.0019393407481580326,0.0007067553601047754,0.12115182421572555
1781869100.086825,86.97774267196655,fun_at_the_park,two_speaker_attention_movie,speech_social,2506,1,0.2750425689505579,0.33986726915106663,0.30745491905081224,1,0,0.509542989730835,0.7938192009925842,0.2096702897714395,0.3975564395488706,10.021633232738543,0.48070578277111053,0.7728127241134644,0.0006013379617904137,0.002235424076039877,0.0014611979929508418,0.11915319034199894
1781869100.121235,87.01215267181396,fun_at_the_park,two_speaker_attention_movie,speech_social,2507,1,0.2808376146047118,0.3437971137916643,0.312317364198188,1,0,0.5087621539831162,0.7919416725635529,0.2197855988302375,0.39757755245181237,10.717251838454674,0.48095983266830444,0.7715432941913605,0.0012946017447064185,0.0006932637829160049,0.0011920120083131441,0.12486297429431245
1781869100.1564128,87.04733061790466,fun_at_the_park,two_speaker_attention_movie,speech_social,2508,1,0.25733522081720744,0.3892191936285526,0.32327720722288,1,0,0.5079392641782761,0.7898105502128601,0.22929818324467396,0.39301032815017056,9.644524785101932,0.48154015839099884,0.7695671319961548,0.002059610391841365,0.0007650086471349463,0.0014271074312188553,0.12360879153263435
1781869100.1899352,87.08085298538208,fun_at_the_park,two_speaker_attention_movie,speech_social,2509,1,0.30281223782299754,0.3787663640054433,0.34078930091422044,1,0,0.5107862114906311,0.7908132612705231,0.22930787261807412,0.3909392022917429,8.900949220959502,0.48159828782081604,0.7699174284934998,0.00035508684383264304,0.0017045235480087218,0.0015271931903089095,0.12423335028199499
1781869100.223553,87.11447072029114,fun_at_the_park,two_speaker_attention_movie,speech_social,2510,1,0.23800399269297504,0.35120143991890845,0.29460271630594176,1,0,0.5107188999652863,0.7866451382637024,0.24539248861642682,0.39222533714064994,8.753928531321352,0.4805709719657898,0.7682778835296631,0.0019348089193588322,0.0015797220755261892,0.0015058801361726233,0.12790545248446414
1781869100.260011,87.15092873573303,fun_at_the_park,two_speaker_attention_movie,speech_social,2511,1,0.26448227770367844,0.39307537597278985,0.3287788268382341,1,0,0.5070057511329651,0.7813862323760987,0.21597903229548923,0.4035257350383745,6.644651916627968,0.48362913727760315,0.7630332708358765,0.0060711067674853346,0.004136297848126502,0.0014043760591969546,0.11763085601158167
1781869100.293664,87.1845817565918,fun_at_the_park,two_speaker_attention_movie,speech_social,2512,1,0.1646637303392551,0.33145546522969127,0.24805959778447317,1,0,0.5060959100723266,0.7739379286766053,0.20169724339781905,0.37764320569266113,7.925050105372224,0.48481564223766327,0.7564408481121063,0.0066983454217536586,0.000627238654268324,0.007668691714593212,0.12568293966150065
1781869100.328738,87.219655752182,fun_at_the_park,two_speaker_attention_movie,speech_social,2513,1,0.29136555711734063,0.32328005801815024,0.30732280756774544,1,0,0.5045356690883637,0.7618026673793792,0.17985177533892077,0.3801555249185304,9.455603177628701,0.4862515926361084,0.747033417224884,0.009516391618920414,0.0028180461971667554,0.0077688735254887705,0.11848065953391496
1781869100.362697,87.25361466407776,fun_at_the_park,two_speaker_attention_movie,speech_social,2514,1,0.358477215618297,0.27761415193794575,0.31804568377812137,1,0,0.5052979379892348,0.7483529388904572,0.18083061237251805,0.36455488037945716,13.613040352156403,0.4848610609769821,0.7394156157970428,0.007743673345967772,0.0017727182729526418,0.0007748039572160022,0.12282055647779215
1781869100.397378,87.28829574584961,fun_at_the_park,two_speaker_attention_movie,speech_social,2515,1,0.2666056299353537,0.33287339354714407,0.2997395117412489,1,0,0.5042161673307419,0.7293639183044434,0.17372078712541114,0.35454784492301444,16.124838719824652,0.48464103043079376,0.7298078238964081,0.009610311058813806,0.001866637712846034,0.0014875741236368973,0.12484207394173684
1781869100.431395,87.32231283187866,fun_at_the_park,two_speaker_attention_movie,speech_social,2516,1,0.364796673933478,0.41109777865168856,0.38794722629258327,1,0,0.5039383441209793,0.7171020984649659,0.1614235789788319,0.33334189724719354,16.57254462454852,0.4831298589706421,0.7235403060913086,0.0064471248335375075,0.0031631862252762986,0.002808891676090487,0.11807801168533642
1781869100.4662158,87.35713362693787,fun_at_the_park,two_speaker_attention_movie,speech_social,2517,1,0.40519010139508793,0.44333420871966717,0.4242621550573775,1,0,0.5015039056539535,0.7036259174346924,0.11078279006474798,0.31732964162989513,21.30645389151384,0.4861786216497421,0.7195703387260437,0.005005556388129246,0.0014415684454082613,0.0024180125437576277,0.11219698555641537
1781869100.501777,87.39269471168518,fun_at_the_park,two_speaker_attention_movie,speech_social,2518,1,0.46030151847664563,0.3256495873184953,0.39297555289757047,1,0,0.5032370150089265,0.701343297958374,0.12395602721785341,0.2997193802142126,21.211754000638965,0.4849305599927902,0.7154006659984589,0.004352450867582347,0.0006531055205468992,0.004916842108762644,0.12861254481315895
1781869100.534778,87.42569589614868,fun_at_the_park,two_speaker_attention_movie,speech_social,2519,1,0.5155184887082005,0.36633073167929536,0.44092461019374796,1,0,0.5013246148824692,0.6933407127857208,0.13433416757471872,0.2908793529689181,19.783103887718955,0.48465901613235474,0.711325615644455,0.004084087591593448,0.00026836327598889903,0.0017161034713225243,0.12571521374031946
1781869100.5686002,87.45951795578003,fun_at_the_park,two_speaker_attention_movie,speech_social,2520,1,0.5053636137954142,0.46878673770286655,0.4870751757491404,1,0,0.5016252249479294,0.6881973922252655,0.15637882838047817,0.280476327128534,18.471418547605058,0.4837171584367752,0.7094416618347168,0.0021062710832058878,0.00197781650838756,0.0009952060564752297,0.1277106564869262
1781869100.605047,87.4959647655487,fun_at_the_park,two_speaker_attention_movie,speech_social,2521,1,0.4547127153007394,0.49524553711344443,0.47497912620709193,1,0,0.5023967027664185,0.6828016757965087,0.15937805423011722,0.2716390532417674,19.057037116200537,0.4842175543308258,0.7056388556957245,0.0038355873841616874,0.0017293163009557996,0.0003166634919784796,0.13166157373357185
1781869100.637902,87.52881979942322,fun_at_the_park,two_speaker_attention_movie,speech_social,2522,1,0.4269384975829717,0.41748818496407974,0.4222133412735257,1,0,0.5030282407999038,0.6768031775951386,0.16053389246236588,0.26277310377101953,15.861566552852633,0.48485636711120605,0.7047199904918671,0.00111910456671264,0.0027164828174490474,0.0013977088713310927,0.1350815296488896
1781869100.6739478,87.56486558914185,fun_at_the_park,two_speaker_attention_movie,speech_social,2523,1,0.461831640949946,0.4362525876073165,0.4490421142786313,1,0,0.5035669088363648,0.6732251524925232,0.17691143308601257,0.2606413437402184,14.563799534367512,0.4845941662788391,0.70221808552742,0.0025156068308896306,0.0013965022641769906,0.0010161404013995258,0.13435340688509245
1781869100.7083461,87.59926390647888,fun_at_the_park,two_speaker_attention_movie,speech_social,2524,1,0.44407241535792547,0.4090743895649464,0.42657340246143594,1,0,0.5029665648937225,0.6677666902542114,0.16866377396608445,0.25064966653456267,15.38117381307659,0.48471783101558685,0.6991506516933441,0.0030699256169406833,0.0005543187860510526,0.0015175681579175275,0.1308826493924401
1781869100.741041,87.63195872306824,fun_at_the_park,two_speaker_attention_movie,speech_social,2525,1,0.46139771203530994,0.35524789706512205,0.40832280455021597,1,0,0.5028638362884521,0.6638594150543213,0.15988970450376513,0.2548524783538183,15.070345021752917,0.4852242022752762,0.6945127844810486,0.004665428611770337,0.0015955029948296535,0.0018156918563988777,0.12963354373422145
1781869100.775649,87.66656684875488,fun_at_the_park,two_speaker_attention_movie,speech_social,2526,1,0.4515187069541658,0.4196866776015927,0.43560269227787923,1,0,0.5025295555591583,0.6620017766952515,0.15840469984087707,0.2550334588455214,16.83168959142595,0.48551104962825775,0.6923266649246216,0.002204858299053507,0.00246057031271683,0.0019883330141382107,0.1285378948327318
1781869100.8109288,87.70184659957886,fun_at_the_park,two_speaker_attention_movie,speech_social,2527,1,0.47700622114160324,0.4163750508309129,0.4466906359862581,1,0,0.5027942270040513,0.6603854596614838,0.15262786781279503,0.25146762436521,17.580359489503426,0.4856991618871689,0.6906317472457886,0.001705324649435796,0.0004995336496177109,0.0024691001585786724,0.12905509192547204
1781869100.8448708,87.7357885837555,fun_at_the_park,two_speaker_attention_movie,speech_social,2528,1,0.4545693940964084,0.431849343137332,0.4432093686168702,1,0,0.5032466381788254,0.6580615401268005,0.15998983641070583,0.24980741291785868,16.646473766135554,0.48550665378570557,0.689671128988266,0.0009797177174139164,0.0007256069320218795,0.0006496226399526473,0.12954834932649056
1781869100.8784451,87.76936292648315,fun_at_the_park,two_speaker_attention_movie,speech_social,2529,1,0.47550359220663274,0.4468534807114233,0.461178536459028,1,0,0.5033100038766861,0.6565402626991272,0.1543645791709039,0.24845648915069338,17.08977716523499,0.4863269776105881,0.6885302066802979,0.0014052170261170383,0.00042549930870312185,0.0008788473096159126,0.12531142305333007
1781869100.91404,87.8049578666687,fun_at_the_park,two_speaker_attention_movie,speech_social,2530,1,0.46338114418840654,0.4550341050044756,0.45920762459644104,1,0,0.5037860214710236,0.6550939381122589,0.16248838139790622,0.2508737256186495,17.309527602017972,0.4859858453273773,0.6881984770298004,0.00047583168838123186,0.0009293853377358064,0.0009115464252108731,0.12503862080927697
1781869100.9480388,87.83895659446716,fun_at_the_park,two_speaker_attention_movie,speech_social,2531,1,0.46099715655098655,0.42243778793814163,0.4417174722445641,1,0,0.5037737131118775,0.6548155725002289,0.15575582758973824,0.25053121568497627,17.344451841376166,0.48617109656333923,0.6869077384471893,0.0013039647652702457,0.0008281330768890138,0.001280746919727491,0.12727649121552637
1781869100.982718,87.87363576889038,fun_at_the_park,two_speaker_attention_movie,speech_social,2532,1,0.4761975044226189,0.44522747157251025,0.4607124879975646,1,0,0.503652212023735,0.6538722813129425,0.16015135809675018,0.25151528542543883,17.974942518576416,0.4865431487560272,0.6856509447097778,0.001310707187925932,6.742422655686177e-06,0.002048124501446889,0.12513568230337213
1781869101.0175931,87.90851092338562,fun_at_the_park,two_speaker_attention_movie,speech_social,2533,1,0.4814081562354571,0.4302916197351364,0.45584988798529674,1,0,0.5037501603364944,0.6535140216350556,0.16012411833602616,0.24409820558096057,17.241572934498276,0.48637716472148895,0.6859719455242157,0.000361375459309808,0.0009493317286161239,0.0018272438188420954,0.12741908855275894
1781869101.0507362,87.94165396690369,fun_at_the_park,two_speaker_attention_movie,speech_social,2534,1,0.45326703072340574,0.42913202530680583,0.44119952801510576,1,0,0.5038889318704605,0.6519615292549132,0.1581322441409231,0.24093262313615876,17.985218327025592,0.48703888058662415,0.6854394972324371,0.0008493344862829532,0.00048795902697314523,0.0013248529834991342,0.12522120327303682
1781869101.0856268,87.97654461860657,fun_at_the_park,two_speaker_attention_movie,speech_social,2535,1,0.45616349564351016,0.4110451846624099,0.43360434015296,1,0,0.5042411357164382,0.6509433507919311,0.15799465132972937,0.2477065047554881,18.085275041737184,0.48723283410072327,0.6834394037723541,0.0020094755073646,0.0011601410210816468,0.0008247464608628265,0.12416331971184723
1781869101.1192589,88.01017665863037,fun_at_the_park,two_speaker_attention_movie,speech_social,2536,1,0.459351119003198,0.43332924951939766,0.44634018426129785,1,0,0.5046761453151702,0.6503173649311065,0.15816489341332898,0.2468929514498931,18.608708846544808,0.48739323019981384,0.6832857131958008,0.00022214342647211834,0.0017873320808924817,0.0013899925026933319,0.12321097720051327
1781869101.156651,88.04756879806519,fun_at_the_park,two_speaker_attention_movie,speech_social,2537,1,0.45072768360373194,0.42235243468310113,0.43654005914341654,1,0,0.5047969728708267,0.6500881850719452,0.16139282090250714,0.24846677562336356,18.85087255389703,0.48739340901374817,0.6828539967536926,0.0004317164791398939,0.00020957305266777556,0.0015716755829695542,0.12330022480647762
1781869101.1877818,88.07869958877563,fun_at_the_park,two_speaker_attention_movie,speech_social,2538,1,0.4539285221938878,0.4170391343917844,0.4354838282928361,1,0,0.5049845784902572,0.6502153933048248,0.15991561521909653,0.2495830122470168,19.515929522503964,0.48779550194740295,0.6820243299007416,0.0009219684453281524,0.0004902519661882584,0.0012305297633249956,0.1234210456883537
1781869101.222721,88.11363887786865,fun_at_the_park,two_speaker_attention_movie,speech_social,2539,1,0.4595244386819682,0.4278619988286941,0.44369321875533113,1,0,0.5052419275045394,0.6499062001705169,0.16503084231242157,0.2426508143724766,19.623076692973953,0.487195685505867,0.6832706332206726,0.001383131132180878,0.0004611626868527255,0.0007908947003941517,0.12403722736678376
1781869101.258164,88.14908170700073,fun_at_the_park,two_speaker_attention_movie,speech_social,2540,1,0.4656845565157901,0.4057131832750382,0.4356988698954142,1,0,0.5051375031471252,0.6494882464408875,0.1596795327455766,0.23967141784656168,18.940688999717974,0.48751069605350494,0.6831285953521729,0.00034555231327703257,0.0010375788189038453,0.0006039922486042287,0.1258223653628318
1781869101.292725,88.1836428642273,fun_at_the_park,two_speaker_attention_movie,speech_social,2541,1,0.4601981503635196,0.4281816492719752,0.44418989981774737,1,0,0.5053906440734863,0.6486363887786866,0.1680954323496744,0.24529189975948257,19.62883194295178,0.4874093234539032,0.6822780966758728,0.000856518769402137,0.0005109664561251043,0.0019661241604810712,0.12267924324393802
1781869101.3262541,88.21717190742493,fun_at_the_park,two_speaker_attention_movie,speech_social,2542,1,0.45582771192916965,0.43409035104854626,0.44495903148885796,1,0,0.5056405127048492,0.6481277465820312,0.16395226019904488,0.24405058780995917,19.418850604292846,0.487853541970253,0.6811468303203583,0.0012153574196042617,0.0003588386502021248,0.0008944077544422576,0.12133738514937038
1781869101.361227,88.2521448135376,fun_at_the_park,two_speaker_attention_movie,speech_social,2543,1,0.46831475043678766,0.41969650219211296,0.4440056263144503,1,0,0.505511000752449,0.6479375123977661,0.16508670293349942,0.24607708719027538,19.79242197247503,0.48778241872787476,0.6814795732498169,0.0003402592727775337,0.000875098146826728,0.00066890609794789,0.12111751004743362
1781869101.395173,88.28609085083008,fun_at_the_park,two_speaker_attention_movie,speech_social,2544,1,0.4719728824198582,0.4095472918819168,0.4407600871508875,1,0,0.5056168228387833,0.6478507697582245,0.16306417568391268,0.24490947967734283,19.413638835139068,0.4878086447715759,0.6810369193553925,0.0004434301248419391,0.00010317085206440539,0.0011587802682805368,0.12226203012092784
1781869101.4307709,88.32168865203857,fun_at_the_park,two_speaker_attention_movie,speech_social,2545,1,0.47467908571110384,0.426963087471694,0.4508210865913989,1,0,0.5054292142391205,0.647905170917511,0.17327798757449134,0.24476485586453192,19.463480013618796,0.4869990199804306,0.6816724836826324,0.001029288257242417,0.0005858581324004778,0.000810068463451607,0.12175969327517717
1781869101.466305,88.35722279548645,fun_at_the_park,two_speaker_attention_movie,speech_social,2546,1,0.4842276482416594,0.41959891932627746,0.45191328378396844,1,0,0.5055077761411667,0.6477535903453827,0.15990035676470513,0.24156587295050116,18.904472717805376,0.4880068302154541,0.680945873260498,0.00124243477711003,0.00021314651986761293,0.0010866983333810438,0.1229977514924084
1781869101.499479,88.3903968334198,fun_at_the_park,two_speaker_attention_movie,speech_social,2547,1,0.46160604007995665,0.41597439022567767,0.43879021515281713,1,0,0.5057795405387879,0.6470640122890472,0.17008528887157956,0.24605897661876208,19.52078743181443,0.4876171499490738,0.6803272068500519,0.0007311626613966106,0.0005112721157134193,0.0017410531967267644,0.12226536567656493
1781869101.533567,88.42448472976685,fun_at_the_park,two_speaker_attention_movie,speech_social,2548,1,0.4848069880405753,0.39467586404244415,0.43974142604150973,1,0,0.5057108730077744,0.6460461556911468,0.15323472824593143,0.24465025996491208,19.62998423090467,0.48824772238731384,0.6794707775115967,0.0010635284724137925,0.00033236581101718195,0.001244308667588853,0.12216826811870199
1781869101.566891,88.45780873298645,fun_at_the_park,two_speaker_attention_movie,speech_social,2549,1,0.4543237591455964,0.41619855947920054,0.4352611593123985,1,0,0.5060645878314972,0.6454265356063843,0.15693669882580066,0.24245904425256698,19.462932409444026,0.4880501329898834,0.6798492670059204,0.0004269612011533948,0.0006365672712603978,0.0013810437026791722,0.12288011597358578
1781869101.60341,88.4943277835846,fun_at_the_park,two_speaker_attention_movie,speech_social,2550,1,0.47484754767293935,0.4439900025729328,0.45941877512293605,1,0,0.5061424106359482,0.6452964842319489,0.16611536015656667,0.24180873976386175,18.83404140368865,0.48784874379634857,0.6803288161754608,0.0005201201911861431,9.31589900327483e-05,0.0013248164794522302,0.12121318715138954
1781869101.637036,88.52795386314392,fun_at_the_park,two_speaker_attention_movie,speech_social,2551,1,0.4611997548340375,0.41196925085230673,0.43658450284317213,1,0,0.5061965674161911,0.645423847436905,0.16858209656028925,0.2420508524433005,19.43322847083429,0.48781123757362366,0.6799492537975311,0.00038141095354319573,0.00013870923764294736,0.001279780201912492,0.12418744319781419
1781869101.674071,88.56498885154724,fun_at_the_park,two_speaker_attention_movie,speech_social,2552,1,0.4566885423096929,0.416803814479703,0.436746178394698,1,0,0.506098386645317,0.6449349582195282,0.17209053382949696,0.24145022849479755,19.334606872263617,0.48766227066516876,0.6797248125076294,0.0002693789754738907,0.00011203197806930503,0.0010593453266809268,0.1220481971107045
1781869101.70639,88.59730768203735,fun_at_the_park,two_speaker_attention_movie,speech_social,2553,1,0.4698628891285346,0.4230231089588028,0.4464429990436687,1,0,0.5061886876821518,0.6447074174880981,0.16502317267498395,0.23817597855972555,19.529768924380324,0.48785923421382904,0.6794371008872986,0.0003486726487326333,7.929367325874262e-05,0.0012169659295286842,0.12492371534232945
1781869101.7400498,88.63096761703491,fun_at_the_park,two_speaker_attention_movie,speech_social,2554,1,0.457365982193941,0.4309893351277206,0.4441776586608308,1,0,0.5060489803552628,0.6445184350013733,0.173633822833529,0.24093364025765987,19.78766202893328,0.48750071227550507,0.6784302890300751,0.0010687413607161627,0.0007200687119835293,0.0009583667844760513,0.12334028832245932
1781869101.774626,88.66554379463196,fun_at_the_park,two_speaker_attention_movie,speech_social,2555,1,0.4418844105549866,0.4448882213025585,0.44338631592877253,1,0,0.5064168840646743,0.6443862974643707,0.1724218328787153,0.2423873803972154,19.590959307572767,0.4873588979244232,0.6778548657894135,0.0005926408828846417,0.000476100477831521,0.0018753867654620216,0.12179677162558808
1781869101.809319,88.70023679733276,fun_at_the_park,two_speaker_attention_movie,speech_social,2556,1,0.4548026185309208,0.4425516495313853,0.44867713403115306,1,0,0.5064064502716065,0.6440927863121033,0.17559514744217597,0.24293893298055114,19.869524131363743,0.4872146546840668,0.6785541474819183,0.0007140034998940976,0.00012136261700945597,0.0017783322565974495,0.12171494035398894
1781869101.842724,88.73364186286926,fun_at_the_park,two_speaker_attention_movie,speech_social,2557,1,0.4264232498082955,0.44025620143182326,0.4333397256200594,1,0,0.5065266162157058,0.6439438879489898,0.1700604194031992,0.24088693973097142,18.785542063527192,0.4875595271587372,0.6788883209228516,0.00048021756778615047,0.00023378593210794717,0.0010256739122711765,0.12334502693001424
1781869101.877841,88.76875877380371,fun_at_the_park,two_speaker_attention_movie,speech_social,2558,1,0.43607578432364597,0.4373858254390381,0.436730804881342,1,0,0.5066991806030273,0.6448816061019897,0.17611902303531132,0.23963776249987068,19.444452990903667,0.4875078797340393,0.6793588101863861,0.00047331554335263717,6.9020244335133004e-06,0.0008986494836100737,0.12515624031101644
1781869101.912215,88.80313277244568,fun_at_the_park,two_speaker_attention_movie,speech_social,2559,1,0.3477331603249548,0.3891254701263491,0.368429315225652,1,0,0.5069604814052582,0.6469764232635498,0.18679044562149777,0.23726418868117188,21.053131073600902,0.48680567741394043,0.6798993349075317,0.0008861461913938391,0.00041283064804120196,0.002190474006020867,0.13587833350693349
1781869101.946187,88.83710479736328,fun_at_the_park,two_speaker_attention_movie,speech_social,2560,1,0.33384404915733,0.2991422723164125,0.3164931607368713,1,0,0.5059798300266266,0.6509709060192108,0.17799613439798012,0.22754101952673947,19.023941994254006,0.4873295724391937,0.681374579668045,0.0015655072982605708,0.0006793611068667317,0.0015193552952783588,0.14673690485178462
1781869101.981062,88.87197971343994,fun_at_the_park,two_speaker_attention_movie,speech_social,2561,1,0.2847505087360112,0.21403031061425026,0.24939040967513074,1,0,0.5068466365337372,0.6513085782527923,0.17932965377677595,0.23023234027978234,19.003753706761692,0.4876163601875305,0.6818900406360626,0.0005898705130329078,0.000975636785227663,0.001376542983817481,0.15206437228720618
1781869102.014457,88.90537476539612,fun_at_the_park,two_speaker_attention_movie,speech_social,2562,1,0.2935683721616602,0.2648903972546035,0.27922938470813186,1,0,0.5072331935167312,0.6510357022285461,0.18144741507556852,0.2308432812452721,19.20897397004599,0.4875185340642929,0.6823098063468933,0.00043101415565720486,0.0001588563573757029,0.001043071399660277,0.14920193026597828
1781869102.0506501,88.94156789779663,fun_at_the_park,two_speaker_attention_movie,speech_social,2563,1,0.24357731876591562,0.2835531964167458,0.2635652575913307,1,0,0.5077471971511841,0.6509686768054962,0.17505697567657863,0.23357192340576682,21.321132503043128,0.48808152973651886,0.6828250288963318,0.0007631634178831132,0.0003321492622259083,0.0016404325344419298,0.14962678473203161
1781869102.0836601,88.97457790374756,fun_at_the_park,two_speaker_attention_movie,speech_social,2564,1,0.27203016190344975,0.3663501014194451,0.3191901316614474,1,0,0.5082652002573014,0.6518382847309112,0.17818271659856524,0.23854786696303093,22.193386662025706,0.4887891858816147,0.6829923093318939,0.0007271588298396306,3.6004588043482577e-05,0.0013942037295095867,0.14272294598727614
1781869102.119287,89.0102047920227,fun_at_the_park,two_speaker_attention_movie,speech_social,2565,1,0.317638365313843,0.3650149700376282,0.3413266676757356,1,0,0.5089298546314239,0.6507508218288421,0.1647706137419639,0.24170463288669658,23.388977446631,0.4904129207134247,0.6830093562602997,0.0016238243137116502,0.0008966654838720196,0.0016650226758127855,0.1368132901225092
1781869102.154026,89.04494380950928,fun_at_the_park,two_speaker_attention_movie,speech_social,2566,1,0.40202550443302554,0.40049968240768763,0.4012625934203566,1,0,0.5123482197523117,0.6516663312911988,0.16571099485123691,0.24218116683846766,23.668531680510878,0.4912896454334259,0.6837272047996521,0.0011331163930115994,0.0004907079207000509,0.0018797551435596985,0.13034941572749614
1781869102.187776,89.07869386672974,fun_at_the_park,two_speaker_attention_movie,speech_social,2567,1,0.4373794610456922,0.3867361202781121,0.4120577906619022,1,0,0.5133650839328766,0.6509666025638581,0.16272248229273228,0.2447865245281003,24.8950941768074,0.49299320578575134,0.6827115118503571,0.001983368357432083,0.0008502519644204838,0.000822703672446609,0.12286618828017722
1781869102.221546,89.11246371269226,fun_at_the_park,two_speaker_attention_movie,speech_social,2568,1,0.4185164885182897,0.41067115837383694,0.4145938234460633,1,0,0.5146710276603699,0.652223014831543,0.1616335237429326,0.24434299139708435,25.62812940147933,0.4939635843038559,0.6820102632045746,0.001197240214664767,0.0007861281427673161,0.0008117770145610624,0.12194281362117307
1781869102.2572422,89.14815998077393,fun_at_the_park,two_speaker_attention_movie,speech_social,2569,1,0.38561728092677383,0.39970724008598507,0.3926622605063794,1,0,0.5163501530885697,0.6527350962162017,0.16619390931140884,0.2531645887210846,26.347860604408645,0.49490585923194885,0.6817129850387573,0.0009880568546314838,0.0002091833600332833,0.0015155856215769204,0.12315990330660324
1781869102.291774,89.18269181251526,fun_at_the_park,two_speaker_attention_movie,speech_social,2570,1,0.4019600279573708,0.40772441174439933,0.4048422198508851,1,0,0.5176853001117706,0.6526846706867218,0.16852830017301473,0.2501369446604951,26.99800017069872,0.49547556042671204,0.6831504702568054,0.0015462610398704936,0.0005582041852390098,0.001405939715692217,0.12116648758988528
1781869102.326079,89.21699666976929,fun_at_the_park,two_speaker_attention_movie,speech_social,2571,1,0.405566422833731,0.399078375825346,0.4023223993295385,1,0,0.51847403049469,0.6533570468425751,0.1574379273880322,0.24737151197327903,26.941932522973648,0.4969438165426254,0.6847667992115021,0.0021836426703350205,0.000637381630464527,0.0014391126388458861,0.12011168402667327
1781869102.360215,89.25113272666931,fun_at_the_park,two_speaker_attention_movie,speech_social,2572,1,0.42703288984742055,0.38049075864492443,0.40376182424617246,1,0,0.519441157579422,0.6534299373626709,0.1483963456036249,0.25194769676197387,26.73590299940864,0.4983097314834595,0.6839864552021027,0.0015731053361422516,0.0006105373341927689,0.002755482088674589,0.11811169294531429
1781869102.393715,89.2846326828003,fun_at_the_park,two_speaker_attention_movie,speech_social,2573,1,0.41246385837622307,0.39984034969931703,0.40615210403777,1,0,0.5201437145471572,0.6545344471931458,0.1695779034505405,0.24976251997549914,27.193838955238167,0.4977424293756485,0.6852266788482666,0.0013638131741668111,0.00020929216197544047,0.0016340644559805135,0.12076194971943041
1781869102.4286149,89.31953263282776,fun_at_the_park,two_speaker_attention_movie,speech_social,2574,1,0.4120031975269019,0.40260487735426403,0.40730403744058297,1,0,0.5204784750938416,0.6551143586635589,0.17513778095063756,0.2519972892388666,27.845456713422113,0.49841806292533875,0.6849683523178101,0.0007233348393411989,0.0006404783348256122,0.0009038405763636523,0.11671570949069124
1781869102.465445,89.35636281967163,fun_at_the_park,two_speaker_attention_movie,speech_social,2575,1,0.4463533503894988,0.39456333896668505,0.42045834467809196,1,0,0.5215901345014572,0.6545963227748871,0.16957490792547086,0.25119573245515353,28.84782805089311,0.4987933933734894,0.6850870251655579,0.0003936447511418506,0.0003296900881993483,0.0011120780651365958,0.11500886537412165
1781869102.499109,89.39002680778503,fun_at_the_park,two_speaker_attention_movie,speech_social,2576,1,0.43906793815130213,0.3915369412990406,0.41530243972517134,1,0,0.5217637360095978,0.6545988559722901,0.16282199231366232,0.24543676653297253,29.15258029527996,0.49917878210544586,0.6858751177787781,0.000877276719018174,0.00048363196787632335,0.000295208340877838,0.11711146991633302
1781869102.5312011,89.42211890220642,fun_at_the_park,two_speaker_attention_movie,speech_social,2577,1,0.4266417347341458,0.39658371972527007,0.41161272722970793,1,0,0.5219407141208648,0.6543476223945617,0.1686169452569367,0.24388527641460336,29.10497383815247,0.49899524450302124,0.6848917305469513,0.0010003681818329289,0.00012309146281475492,0.0011286563995849725,0.11829713634897135
1781869102.567141,89.45805883407593,fun_at_the_park,two_speaker_attention_movie,speech_social,2578,1,0.3933076584161617,0.37302331813393613,0.3831654882750489,1,0,0.5217230528593063,0.6533747673034668,0.16289257409969496,0.24340825063673965,28.600518371754504,0.4990166127681732,0.6837656497955322,0.0011262834729641276,0.00012591529113119867,0.0012341261413870567,0.12022481988501121
1781869102.602855,89.49377274513245,fun_at_the_park,two_speaker_attention_movie,speech_social,2579,1,0.4008486883473578,0.3745695345409985,0.3877091114441782,1,0,0.521473479270935,0.6529805064201355,0.16920402828542785,0.24521421316177677,28.159190019491984,0.49828654527664185,0.6824871003627777,0.0014723067595402142,0.00034602328657608664,0.0016990215424384687,0.11944465141331212
1781869102.6353128,89.52623057365417,fun_at_the_park,two_speaker_attention_movie,speech_social,2580,1,0.4060218824796993,0.41316907477490383,0.40959547862730156,1,0,0.5178918808698654,0.650829267501831,0.165965609987248,0.24423671837790287,28.96913950077428,0.4978407770395279,0.6814507246017456,0.001128177308438064,0.0003441294511021501,0.00290400473362335,0.11691994153095829
1781869102.669051,89.55996870994568,fun_at_the_park,two_speaker_attention_movie,speech_social,2581,1,0.43951821932827767,0.4317231973933021,0.4356207083607899,1,0,0.5168711870908738,0.6504317224025726,0.16627988915887915,0.24047404224062102,28.907475535450967,0.4976337254047394,0.6814927160739899,0.00021126680574533362,0.0009169105026927305,0.00035594954276895477,0.11636335353925106
1781869102.705626,89.59654378890991,fun_at_the_park,two_speaker_attention_movie,speech_social,2582,1,0.42821992075687837,0.4206204981480138,0.4244202094524461,1,0,0.5157333582639694,0.6493014931678772,0.16052195550292794,0.24508699341250353,29.112931679324497,0.4974449872970581,0.6806104779243469,0.000902200768109025,0.0006909339623636914,0.0005543868838766155,0.11816962937008649
1781869102.7370582,89.62797594070435,fun_at_the_park,two_speaker_attention_movie,speech_social,2583,1,0.43303295500373096,0.414262601692783,0.42364777834825695,1,0,0.5149881333112716,0.6484608829021454,0.1622548105383306,0.24130537604507826,27.919404248405115,0.4964546114206314,0.6801289618015289,0.0011012275664646343,0.0001990267983556093,0.0006413669669974405,0.1186707094054787
