timestamp,elapsed_time,stimulus_id,stimulus_type,paper_category,frame_index,face_detected,left_ear,right_ear,avg_ear,eye_open,blink_state,gaze_x,gaze_y,yaw_proxy,pitch_proxy,roll_proxy_deg,head_center_x,head_center_y,head_movement,head_acceleration,mouth_open,eyebrow_signal
1782116282.3986838,9.600175857543945,dog_in_grass,nonsocial_movie,non_social,260,1,0.4383158175663878,0.46294777288168737,0.4506317952240376,1,0,0.5735217273235321,0.6743575096130372,0.0227178241623908,0.2535399159917638,-2.6360762515227893,0.5738948732614517,0.7175188362598419,0.0013065897909672916,0.0013065897909672916,0.023855166377709725,0.13251509223953606
1782116282.4351912,9.636683225631714,dog_in_grass,nonsocial_movie,non_social,261,1,0.469042822531399,0.5014787531352274,0.48526078783331317,1,0,0.5742971301078796,0.67400923371315,0.01828650336157261,0.2508987550436857,-2.0627820999036173,0.5753470063209534,0.7186278402805328,0.0018271782453844613,0.0005205884544171697,0.06346484741716485,0.12979771315753824
1782116282.4670668,9.668558835983276,dog_in_grass,nonsocial_movie,non_social,262,1,0.44368187577332785,0.5049202917344372,0.4743010837538825,1,0,0.5749057114124299,0.6725717544555665,0.02112267662103159,0.24419482127042727,-2.0540804667475316,0.5755882859230042,0.7178589105606079,0.0008058962467648113,0.0010212819986196498,0.051655987693079,0.12679621899954374
1782116282.502017,9.703509092330933,dog_in_grass,nonsocial_movie,non_social,263,1,0.446508215191136,0.5361432740938432,0.49132574464248957,1,0,0.5750576138496399,0.6700252592563629,0.020807505809769096,0.24869672049116437,-1.6634678706195585,0.575754389166832,0.71346515417099,0.0043968949838401215,0.0035909987370753103,0.042407595304811085,0.12766514821044334
1782116282.53964,9.741132020950317,dog_in_grass,nonsocial_movie,non_social,264,1,0.4755418050720135,0.508202284530998,0.49187204480150576,1,0,0.5751781284809112,0.6677684366703034,0.011820565119613666,0.2540699887303729,-1.2513911657564076,0.5761281549930573,0.7115909457206726,0.0019111143890659587,0.002485780594774163,0.005786458476844398,0.12654132334391358
1782116282.5706902,9.77218222618103,dog_in_grass,nonsocial_movie,non_social,265,1,0.47588317686520987,0.5169827957018412,0.49643298628352556,1,0,0.5745720803737641,0.6663413166999816,0.014174411865855094,0.25471668243310264,-1.115280481304847,0.5754149705171585,0.7100538313388824,0.0016945066300752894,0.0002166077589906693,0.000999798832732556,0.13002499559981706
1782116282.605043,9.806535005569458,dog_in_grass,nonsocial_movie,non_social,266,1,0.4801727077871297,0.5069026499694964,0.49353767887831307,1,0,0.5742433011531829,0.6658757209777832,0.014629517331937852,0.25409366072539025,-1.868622811555463,0.5753685086965561,0.710852324962616,0.0007998442147798409,0.0008946624152954485,0.0018424656699195406,0.12852965119507295
1782116282.639904,9.84139609336853,dog_in_grass,nonsocial_movie,non_social,267,1,0.46172272608621207,0.4453344954346768,0.45352861076044443,1,0,0.5739023745059967,0.6674097776412964,0.018832482080393037,0.230693651727546,-2.0644631132397016,0.5752601325511932,0.71499103307724,0.004140126839474662,0.003340282624694821,0.08708412061604631,0.12761306873051007
1782116282.6733491,9.874841213226318,dog_in_grass,nonsocial_movie,non_social,268,1,0.48300213978438894,0.48379370110209075,0.4833979204432398,1,0,0.5731354594230651,0.669544917345047,0.026504370735563363,0.2418979002432595,-3.754274367719427,0.5748617053031921,0.7162952423095703,0.0013637103774795357,0.002776416461995126,0.08754387647069183,0.12436644468453428
1782116282.7083678,9.909859895706177,dog_in_grass,nonsocial_movie,non_social,269,1,0.4880774523397896,0.45934669765881647,0.473712074999303,1,0,0.5734265446662903,0.6728682935237884,0.024663195946555572,0.24513746107606582,-5.6910674204198655,0.5753265619277954,0.7179825007915497,0.0017501236717583346,0.000386413294278799,0.07969735152746385,0.12659422075185517
1782116282.7424908,9.94398283958435,dog_in_grass,nonsocial_movie,non_social,270,1,0.46498417090337396,0.45664352785724477,0.46081384938030934,1,0,0.5730894029140472,0.6741468131542205,0.02626482747137967,0.24432185564092312,-6.767583603764341,0.5748273432254791,0.7196405529975891,0.0017315762849769486,1.854738678138605e-05,0.06566340335909022,0.12808610809735207
1782116282.777927,9.979418992996216,dog_in_grass,nonsocial_movie,non_social,271,1,0.4849921073809436,0.5015672606207037,0.49327968400082367,1,0,0.5728982210159301,0.6734961152076722,0.025654629444556654,0.25507092588772995,-6.354800581392222,0.5746104866266251,0.7183351814746857,0.0013232617266715626,0.000408314558305386,0.0556890877436901,0.1263393533315336
1782116282.811699,10.013190984725952,dog_in_grass,nonsocial_movie,non_social,272,1,0.4880543222196101,0.4875696788289596,0.48781200052428486,1,0,0.5725033164024353,0.6714045226573944,0.02488929745498467,0.2509735345326237,-5.961640997766851,0.5741008371114731,0.716364860534668,0.0020351676183958116,0.000711905891724249,0.058367000595069905,0.12752285093452007
1782116282.84599,10.047482013702393,dog_in_grass,nonsocial_movie,non_social,273,1,0.48949408550125423,0.49359579368579065,0.4915449395935224,1,0,0.5731317698955536,0.669883418083191,0.026135576726439392,0.24826052513633814,-5.318027122644238,0.5744053721427917,0.7132991552352905,0.003080793821068068,0.0010456262026722566,0.056390049467154355,0.12858898860788123
1782116282.881833,10.083325147628784,dog_in_grass,nonsocial_movie,non_social,274,1,0.516775247294464,0.4599943680825495,0.4883848076885068,1,0,0.5744376540184022,0.6678728759288788,0.024636932712847965,0.24205344440527582,-4.8718524795261615,0.5761994272470474,0.7134405672550201,0.0017996197032789606,0.0012811741177891076,0.061243519553060954,0.1293007648559437
1782116282.9168031,10.118295192718506,dog_in_grass,nonsocial_movie,non_social,275,1,0.4921793993577548,0.46638694549589843,0.4792831724268266,1,0,0.5756868541240692,0.6671207070350647,0.03537621815852746,0.24187790396331307,-4.266779411354184,0.57693150639534,0.7118204534053802,0.0017778382280623074,2.1781475216653152e-05,0.05640347694458979,0.1311614515642054
1782116282.9505951,10.152087211608887,dog_in_grass,nonsocial_movie,non_social,276,1,0.48304220892955413,0.44842332308365396,0.46573276600660407,1,0,0.5774801015853882,0.6660288274288177,0.034982671947535286,0.2363088788727149,-3.990671335039686,0.578626811504364,0.7123629152774811,0.001779978734526392,2.1405064640845142e-06,0.02332117723551915,0.13076640814448098
1782116282.985605,10.187097072601318,dog_in_grass,nonsocial_movie,non_social,277,1,0.49291510522993115,0.46628772267088275,0.47960141395040695,1,0,0.5788832187652588,0.6660808265209198,0.03799170106096197,0.2414005505457738,-4.489842486626727,0.5795048773288727,0.7119618654251099,0.0009653188987360908,0.0008146598357903011,0.002971396505835603,0.13031539245101414
1782116283.018059,10.219551086425781,dog_in_grass,nonsocial_movie,non_social,278,1,0.47795222641358337,0.5251817852242479,0.5015670058189157,1,0,0.5799161851406097,0.6666045546531678,0.04387329692666104,0.24168731071753244,-4.20640883647761,0.5797794759273529,0.7128203809261322,0.0009013618894666787,6.395700926941207e-05,0.00351761569652579,0.1296528204924516
1782116283.0528471,10.254339218139648,dog_in_grass,nonsocial_movie,non_social,279,1,0.5213432875544046,0.5039108738418604,0.5126270806981326,1,0,0.5802300274372101,0.6683222115039826,0.04328370173648202,0.24332975374059826,-3.165632553331075,0.5802368074655533,0.7147311866283417,0.0019647723958334104,0.0010634105063667316,0.0374151730549166,0.1274408112157114
1782116283.087314,10.288805961608887,dog_in_grass,nonsocial_movie,non_social,280,1,0.5007615880615732,0.5048400839645422,0.5028008360130577,1,0,0.5808110177516936,0.6701038837432862,0.04183476968230046,0.24074453922313566,-2.3238026382735497,0.5810748338699341,0.7162546515464783,0.0017387448378736762,0.00022602755795973414,0.07049458968920343,0.1292751358711534
1782116283.1238341,10.325326204299927,dog_in_grass,nonsocial_movie,non_social,281,1,0.4895543942390323,0.48322766071738293,0.4863910274782076,1,0,0.5813021004199982,0.6717817485332489,0.03605476136328973,0.24153079185630622,-3.4338649797967684,0.5820424258708954,0.7174079716205597,0.001505450588230472,0.00023329424964320432,0.07847673040877583,0.12902555917284012
1782116283.157067,10.358559131622314,dog_in_grass,nonsocial_movie,non_social,282,1,0.4761335656352347,0.4705510080423534,0.47334228683879404,1,0,0.5817762434482574,0.6719077706336976,0.03332009182542124,0.243949953201725,-3.3868461601632203,0.582794189453125,0.7158181071281433,0.001758640835364942,0.00025319024713447015,0.07576391186298938,0.12841932126028907
1782116283.191427,10.392919063568115,dog_in_grass,nonsocial_movie,non_social,283,1,0.480654795232766,0.4681270254927209,0.47439091036274345,1,0,0.5818796396255493,0.6717195749282837,0.03224613893818305,0.23970868986359561,-3.613410074577304,0.5830460339784622,0.7162832319736481,0.0005289298505928332,0.0012297109847721089,0.07178058672160785,0.12856026506250703
1782116283.226021,10.427513122558594,dog_in_grass,nonsocial_movie,non_social,284,1,0.47722689027875254,0.4625349441677015,0.469880917223227,1,0,0.5819734036922455,0.6713871598243714,0.02115031399097997,0.24126098428883014,-3.2456232598035393,0.5834399312734604,0.7161893844604492,0.000404922751571807,0.00012400709902102617,0.06666447901069994,0.12946416134261374
1782116283.2593122,10.460804224014282,dog_in_grass,nonsocial_movie,non_social,285,1,0.4580068542635801,0.47831229003986,0.46815957215172005,1,0,0.5818963944911957,0.6706670880317688,0.019692075728776428,0.24591243918420794,-2.9139505282855986,0.5826322138309479,0.7157744765281677,0.0009080506919820382,0.0005031279404102312,0.05996922676400305,0.13015457244229583
1782116283.293973,10.49546504020691,dog_in_grass,nonsocial_movie,non_social,286,1,0.4574490410421473,0.5010501938277783,0.47924961743496275,1,0,0.5807883203029633,0.6693994402885437,0.016850655262204736,0.24671549502607681,-2.0062130769048823,0.5817198604345322,0.7140205800533295,0.00197700317764068,0.001068952485658642,0.06018523312314063,0.1293681395193355
1782116283.3297322,10.531224250793457,dog_in_grass,nonsocial_movie,non_social,287,1,0.4788926625209466,0.4934318059382212,0.48616223422958393,1,0,0.5793850123882294,0.6689365148544311,0.012720281507472798,0.250049806553808,-1.0300425396395836,0.5806693136692047,0.7130515873432159,0.0014291939610819556,0.0005478092165587245,0.049842673268302114,0.13174037165913105
1782116283.3629508,10.564442873001099,dog_in_grass,nonsocial_movie,non_social,288,1,0.4759550075954842,0.4895058949721888,0.4827304512838365,1,0,0.5782859563827514,0.6684945166110993,0.017276986318559,0.2489040672449115,-1.09221030232541,0.5789993852376938,0.7134935557842255,0.0017274249822255454,0.00029823102114358985,0.02411243598364659,0.12922254737787542
1782116283.3968158,10.598307847976685,dog_in_grass,nonsocial_movie,non_social,289,1,0.44723553578996844,0.5065628090961714,0.4768991724430699,1,0,0.5782023370265961,0.6685836315155029,0.017020585049970744,0.2519654372157057,-1.2456401751634874,0.5786545872688293,0.7136954367160797,0.00039955168624269813,0.0013278732959828474,0.012087546781900898,0.13168322999355472
1782116283.433372,10.634864091873169,dog_in_grass,nonsocial_movie,non_social,290,1,0.4645328579975638,0.5158600599538687,0.4901964589757163,1,0,0.5777523040771484,0.6698653340339661,0.013886739169739508,0.2536273493060896,-1.2996605166446886,0.5781396180391312,0.7134853005409241,0.0005561928798941782,0.00015664119365148006,0.0006520455051333831,0.1311677281693106
1782116283.466194,10.667685985565186,dog_in_grass,nonsocial_movie,non_social,291,1,0.42983041443326936,0.5033735802491939,0.46660199734123164,1,0,0.5778038620948791,0.6718744158744812,0.017894495281118257,0.2517163480432059,-1.6331329382722304,0.5782020539045334,0.7159861028194427,0.0025015815544436543,0.001945388674549476,0.0002761981672907505,0.13062662163062524
1782116283.5009952,10.702487230300903,dog_in_grass,nonsocial_movie,non_social,292,1,0.44520982366879186,0.49001552393644604,0.46761267380261895,1,0,0.5777872025966644,0.6743394792079925,0.019304929834792033,0.24437968252252545,-1.3815635253507599,0.5786150842905045,0.7198844254016876,0.0039201419687271205,0.0014185604142834662,0.0021038552766578836,0.12878524694046306
1782116283.536739,10.738231182098389,dog_in_grass,nonsocial_movie,non_social,293,1,0.45307464434921085,0.4936073245188581,0.4733409844340345,1,0,0.5778896868228912,0.6779076278209686,0.023613513584257822,0.2392683760019719,-0.9435412800869606,0.5781647711992264,0.7234750092029572,0.003618711637325579,0.0003014303314015413,0.01980516667279913,0.13005241510256513
1782116283.569173,10.770665168762207,dog_in_grass,nonsocial_movie,non_social,294,1,0.4582620758115436,0.5115093414857607,0.4848857086486521,1,0,0.5782445967197418,0.6803409516811372,0.022311712359326864,0.24792252292468175,-0.8601828829317585,0.5787316411733627,0.725591242313385,0.0021908409675849383,0.001427870669740641,0.045428406423532915,0.1282195527647052
1782116283.604364,10.805855989456177,dog_in_grass,nonsocial_movie,non_social,295,1,0.47736760511292825,0.5088225881534507,0.4930950966331895,1,0,0.5786714851856232,0.6805517017841338,0.008541851790452814,0.24879335279566006,-0.7654918402145701,0.5802959352731705,0.7268193960189819,0.0019888131021452873,0.00020202786543965096,0.05561969859334916,0.1262567101307378
1782116283.637836,10.839328050613403,dog_in_grass,nonsocial_movie,non_social,296,1,0.44727834883822853,0.5086864522305181,0.47798240053437335,1,0,0.5793684184551239,0.6809959232807159,0.005870378792403364,0.2481233222420483,-0.21455488614285234,0.5812259912490845,0.7249465584754944,0.0020910582446765614,0.00010224514253127405,0.059320966934603966,0.12844968564744166
1782116283.6728802,10.874372243881226,dog_in_grass,nonsocial_movie,non_social,297,1,0.43198674617246197,0.5002684896120702,0.4661276178922661,1,0,0.5805058479309082,0.6788284838199615,0.005009473502956473,0.2431904796674346,-0.09332905501133587,0.5819715261459351,0.7247174680233002,0.0007799389192164751,0.0013111193254600863,0.07770492205759064,0.12799009163348696
1782116283.707886,10.909378051757812,dog_in_grass,nonsocial_movie,non_social,298,1,0.4197688617382282,0.5022530453457785,0.4610109535420034,1,0,0.58184614777565,0.6750984609127044,0.003363560636057108,0.24276720523852519,0.17859866164412871,0.5835399776697159,0.7218488156795502,0.003269435188492464,0.002489496269275989,0.08073446691945851,0.1265945455860839
1782116283.741746,10.943238019943237,dog_in_grass,nonsocial_movie,non_social,299,1,0.42854190520717766,0.457216663232803,0.44287928421999034,1,0,0.5829581499099732,0.6720692336559295,0.005940556678331775,0.2391826982230596,1.5402388747012041,0.5841622650623322,0.720193088054657,0.0017688062547502475,0.0015006289337422165,0.08054395275440758,0.12628054732845112
1782116283.777087,10.978579044342041,dog_in_grass,nonsocial_movie,non_social,300,1,0.444154518907454,0.43597166858514824,0.44006309374630115,1,0,0.5842310011386871,0.6706811726093291,0.005790549804244393,0.24224489199652446,1.9138834063358416,0.5848659873008728,0.7173326909542084,0.002945691185659398,0.0011768849309091503,0.07859770794407532,0.1273536264962547
1782116283.810664,11.012156009674072,dog_in_grass,nonsocial_movie,non_social,301,1,0.4319854515817322,0.4789108858641665,0.45544816872294935,1,0,0.5847568392753602,0.6702995955944061,0.003344737326637229,0.2442223782152239,1.307374369020538,0.5855221748352051,0.7173819243907928,0.000658031922851003,0.002287659262808395,0.06729522871824066,0.12735149683797428
1782116283.846121,11.047613143920898,dog_in_grass,nonsocial_movie,non_social,302,1,0.4267174449128128,0.463218863153913,0.4449681540333629,1,0,0.58544020652771,0.6702623128890992,0.010681725459542702,0.24585196394239128,2.156644908800946,0.5853691101074219,0.7178508937358856,0.000493316386843262,0.00016471553600774097,0.06380415113338006,0.1279055100247581
1782116283.880648,11.08213996887207,dog_in_grass,nonsocial_movie,non_social,303,1,0.44107118564982867,0.4857692439372402,0.46342021479353446,1,0,0.5863620221614838,0.670750516653061,0.00017981453635280018,0.24696708754930205,2.984896483945927,0.5868436545133591,0.7182114720344543,0.0015179914079069723,0.0010246750210637103,0.06840514934112267,0.12887518869851794
1782116283.9143538,11.115845918655396,dog_in_grass,nonsocial_movie,non_social,304,1,0.45628895818477194,0.4374882740337394,0.4468886161092557,1,0,0.5871299147605896,0.6723548412322998,0.003538344518820442,0.24238282268601757,2.2273782001662457,0.5874360203742981,0.7196014225482941,0.0015109135462128003,7.077861694172044e-06,0.07903408446783576,0.12856572115155324
1782116283.948055,11.149547100067139,dog_in_grass,nonsocial_movie,non_social,305,1,0.4155551269946059,0.4524581907281968,0.43400665886140133,1,0,0.5880186259746552,0.6732975125312806,0.006760992497590576,0.24354072910881966,3.11509646329367,0.5884723365306854,0.7202982902526855,0.001248829761582121,0.0002620837846306792,0.07471167685424193,0.13023055583844867
1782116283.983407,11.184899091720581,dog_in_grass,nonsocial_movie,non_social,306,1,0.43276787435066566,0.4456708300842924,0.43921935221747904,1,0,0.5889940798282624,0.6747239589691163,0.007436629721625435,0.24016390915729643,3.31154841931872,0.589181512594223,0.7213554382324219,0.0012729856794776926,2.4155917895571496e-05,0.07100237032032675,0.13017030954950584
1782116284.017345,11.218837022781372,dog_in_grass,nonsocial_movie,non_social,307,1,0.45085446920269334,0.42407556485341763,0.4374650170280555,1,0,0.5898487389087677,0.6752220749855042,0.006272360356281948,0.24437285037525686,3.0909710350533897,0.5901640951633453,0.7212472856044769,0.0009885168162830644,0.00028446886319462815,0.06945136357250001,0.1299477570924266
1782116284.051019,11.252511024475098,dog_in_grass,nonsocial_movie,non_social,308,1,0.4493415755119206,0.4271854951254357,0.4382635353186781,1,0,0.5900398671627045,0.6771705389022827,0.013700336950589783,0.24125111197723537,1.5691951088435583,0.5904140174388885,0.7225691676139832,0.0013453004091536264,0.00035678359287056195,0.08648455851689404,0.13025496914650608
1782116284.0866401,11.288132190704346,dog_in_grass,nonsocial_movie,non_social,309,1,0.45839541327718836,0.4553559439061773,0.4568756785916828,1,0,0.5905345916748047,0.6782742261886596,0.011275887577761394,0.24424627333230348,1.5007885725404482,0.5907715559005737,0.7236888408660889,0.001175373108023656,0.0001699273011299704,0.07717999734326916,0.12761778008902996
1782116284.122807,11.324299097061157,dog_in_grass,nonsocial_movie,non_social,310,1,0.43965745519857685,0.4737974343128824,0.45672744475572963,1,0,0.5905373454093934,0.6787868380546569,0.012103537132850355,0.2449774272731341,1.1778948216585965,0.591598629951477,0.72419673204422,0.0009705693867524508,0.00020480372127120513,0.08563017292013662,0.12786055135181879
1782116284.154637,11.356129169464111,dog_in_grass,nonsocial_movie,non_social,311,1,0.43710226056319096,0.4423020584288106,0.4397021594960008,1,0,0.5907509684562684,0.6799161374568939,0.008515472271045441,0.24358810885108062,0.3886402087722956,0.5918735265731812,0.7253120541572571,0.0011486999470940575,0.00017813056034160664,0.07195853226075667,0.12918884343570888
1782116284.190203,11.391695022583008,dog_in_grass,nonsocial_movie,non_social,312,1,0.43064114678421295,0.40028699917053673,0.41546407297737487,1,0,0.5911001443862915,0.6817997455596924,0.006707990463677421,0.24640229759732246,-0.003798520391838798,0.5917566418647766,0.726693719625473,0.0013866006999562613,0.00023790075286220388,0.05586146144738662,0.13318019116418275
1782116284.223965,11.425457000732422,dog_in_grass,nonsocial_movie,non_social,313,1,0.38296982686544156,0.25310897987792147,0.3180394033716815,1,0,0.5910737931728363,0.6865038812160492,0.012787117536525255,0.25276073686470124,0.7840168217246056,0.591383695602417,0.7259030640125275,0.0008741997557139465,0.0005124009442423149,0.016532862632437306,0.1491208176286306
1782116284.2580638,11.459555864334106,dog_in_grass,nonsocial_movie,non_social,314,1,0.2919012658534658,0.2109005913831541,0.25140092861831,1,0,0.5903028845787048,0.6909824311733246,0.013763795619979383,0.24588067285003257,1.5320720472870482,0.5909907817840576,0.7265535295009613,0.0007599254044320503,0.00011427435128189619,0.004047024302946883,0.16021537712702744
1782116284.292358,11.493849992752075,dog_in_grass,nonsocial_movie,non_social,315,1,0.25193798086171765,0.13427858970343193,0.1931082852825748,1,0,0.5907996535301209,0.6950003147125243,0.024618801136127164,0.24436656816459462,1.5599576197517457,0.590373083949089,0.7296948134899139,0.0032014396315681237,0.0024415142271360735,0.004244142445651567,0.1676842385477728
1782116284.327389,11.528881072998047,dog_in_grass,nonsocial_movie,non_social,316,1,0.24088340541223277,0.1278573278378809,0.18437036662505685,1,0,0.591569471359253,0.6971120655536651,0.02449565692097666,0.24433536236365064,1.397511943133365,0.59075066447258,0.731974184513092,0.0023104327112088005,0.0008910069203593232,0.0003535580124003169,0.16902980988608346
1782116284.361336,11.562828063964844,dog_in_grass,nonsocial_movie,non_social,317,1,0.28012935514587206,0.14724111216721636,0.2136852336565442,1,0,0.5922127544879914,0.6981859683990479,0.02526719057626664,0.247466698472526,2.0177773557386716,0.5913726985454559,0.7322516441345215,0.0006811095575180587,0.0016293231536907418,0.0025589397674717638,0.16588685680868567
1782116284.39545,11.59694218635559,dog_in_grass,nonsocial_movie,non_social,318,1,0.2901869456413881,0.13417800052101891,0.2121824730812035,1,0,0.5923431634902954,0.6989659249782563,0.02435196955707236,0.2555170761634292,1.1783123206505801,0.5918584316968918,0.7318861782550812,0.0006078667645453911,7.324279297266762e-05,0.009533886913072012,0.16551672163915926
1782116284.431273,11.632765054702759,dog_in_grass,nonsocial_movie,non_social,319,1,0.3006144544139406,0.15079777139120282,0.2257061129025717,1,0,0.5934114456176758,0.6995202779769898,0.0323555047565226,0.2544813460534133,1.394931622254187,0.5920423418283463,0.7350187301635742,0.0031379458879743287,0.0025300791234289374,0.0007123814846511852,0.16480432223221414
1782116284.464156,11.665647983551025,dog_in_grass,nonsocial_movie,non_social,320,1,0.3261855901984609,0.19767183937437324,0.26192871478641705,1,0,0.593710082769394,0.7003102958202363,0.03486096883176925,0.2572058182984117,1.0433507160066675,0.5932204872369766,0.7348681390285492,0.001187730732878858,0.0019502151550954707,0.000558871152960155,0.16039912952125057
1782116284.49923,11.700721979141235,dog_in_grass,nonsocial_movie,non_social,321,1,0.3272513490767145,0.17253210241647435,0.2498917257465944,1,0,0.593708848953247,0.7005956947803498,0.03185615918224834,0.25992633994811465,0.9373719781391453,0.5938737690448761,0.7361364662647247,0.0014266853537332903,0.0002389546208544323,0.004908266861301393,0.15918416293722384
1782116284.534633,11.736124992370605,dog_in_grass,nonsocial_movie,non_social,322,1,0.3244880503177807,0.23986632086156043,0.2821771855896706,1,0,0.5948393940925598,0.7004772841930389,0.0328346662754665,0.25469793934762974,1.949853951309403,0.5948681533336639,0.7378357350826263,0.0019688358563579754,0.0005421505026246851,0.07351226965837962,0.15499788340347073
1782116284.568109,11.769601106643677,dog_in_grass,nonsocial_movie,non_social,323,1,0.3063579406375361,0.1850995676377975,0.2457287541376668,1,0,0.596298336982727,0.7019065797328949,0.03847361446634487,0.2569932316359649,1.1674537117981876,0.5948892533779144,0.7384550869464874,0.0006197111771910938,0.0013491246791668815,0.08688885461335245,0.1560534225968048
1782116284.602102,11.80359411239624,dog_in_grass,nonsocial_movie,non_social,324,1,0.3175132205521478,0.2122655083334911,0.26488936444281946,1,0,0.5970799148082733,0.7031982898712158,0.0435651868536455,0.2546382628482275,1.2002076194937477,0.5950789451599121,0.7398571968078613,0.0014148833999730848,0.000795172222781991,0.06282478848623724,0.1553981321169076
1782116284.637611,11.839102983474731,dog_in_grass,nonsocial_movie,non_social,325,1,0.3199921692798546,0.25802382445947886,0.2890079968696667,1,0,0.5975378513336183,0.7039273023605346,0.04794434366102659,0.2538676591295663,1.65472133088293,0.5955213904380798,0.7418519854545593,0.00204326688642677,0.000628383486453685,0.07457564688903755,0.15198521618349647
1782116284.673049,11.87454104423523,dog_in_grass,nonsocial_movie,non_social,326,1,0.33499461018373533,0.2610360137691079,0.2980153119764216,1,0,0.5975817561149597,0.7041407823562622,0.04641375342250488,0.2532439842735425,1.9009083316356472,0.5958147048950195,0.7412599921226501,0.0006606735015684841,0.0013825933848582858,0.0721897996832507,0.15129804591537624
1782116284.706736,11.908228158950806,dog_in_grass,nonsocial_movie,non_social,327,1,0.32675460073208323,0.30476985269586404,0.31576222671397364,1,0,0.5983662009239197,0.7043981194496155,0.04337519794530841,0.262446164766586,2.4320698372939202,0.596165269613266,0.7389902174472809,0.0022966873314900446,0.0016360138299215605,0.0656923400344344,0.14992803453906814
1782116284.740305,11.941797018051147,dog_in_grass,nonsocial_movie,non_social,328,1,0.345661995831105,0.2892281820054219,0.31744508891826345,1,0,0.5989618599414825,0.7036771893501281,0.038444013887752926,0.26311647195337245,1.730475153830157,0.5969070196151733,0.7383216321468353,0.0009985987028338396,0.001298088628656205,0.05925568893950639,0.15017498171504232
1782116284.7743602,11.975852251052856,dog_in_grass,nonsocial_movie,non_social,329,1,0.37731371481989584,0.33592687418910755,0.3566202945045017,1,0,0.5991697967052461,0.7021298944950104,0.03734187795833195,0.26315592525655285,1.0593667632849018,0.5978716313838959,0.7371885776519775,0.0014880485048127474,0.0004894498019789079,0.06517610067322892,0.14994430776766135
1782116284.8082821,12.009774208068848,dog_in_grass,nonsocial_movie,non_social,330,1,0.35706169850201874,0.2860154499484577,0.32153857422523824,1,0,0.5999239325523377,0.7005701184272766,0.03573794023853615,0.26409755042708527,0.3247421004897165,0.5988858640193939,0.7367778718471527,0.0010942335660297233,0.0003938149387830241,0.05620753578805411,0.1488804031429787
1782116284.84363,12.045122146606445,dog_in_grass,nonsocial_movie,non_social,331,1,0.35978051750491125,0.2911666927032746,0.32547360510409296,1,0,0.6005726456642151,0.7006009519100189,0.039664273000744446,0.26475914573957204,1.1794521364445378,0.5995011627674103,0.7371034920215607,0.0006961472885043556,0.0003980862775253677,0.06064454582744356,0.15078497753503647
1782116284.8779469,12.079438924789429,dog_in_grass,nonsocial_movie,non_social,332,1,0.34740830839599746,0.30908437463694394,0.3282463415164707,1,0,0.6021466910839082,0.7008854389190674,0.042633033380081196,0.26324249513548875,0.8781373105259224,0.6005201935768127,0.7376977503299713,0.001179646865645192,0.0004834995771408363,0.05678133748023434,0.1510986490447307
1782116284.911863,12.113355159759521,dog_in_grass,nonsocial_movie,non_social,333,1,0.3689990936179191,0.3212763368446533,0.3451377152312862,1,0,0.6026818335056305,0.7020496308803559,0.050081929616413334,0.26429552091127567,1.3023915053636703,0.6008500456809998,0.7383973300457001,0.0007734430743731122,0.0004062037912720797,0.047788124934206345,0.15010796396917017
1782116284.946597,12.148089170455933,dog_in_grass,nonsocial_movie,non_social,334,1,0.3780570794476544,0.31144967887681146,0.3447533791622329,1,0,0.6038790762424469,0.7036139607429504,0.05063781100214509,0.26316106515242027,1.6764288713811522,0.6022197008132935,0.7376604378223419,0.00155530232760843,0.0007818592532353177,0.043377858651582814,0.15141820357105637
1782116284.981759,12.183251142501831,dog_in_grass,nonsocial_movie,non_social,335,1,0.34481639282712107,0.32574232227299404,0.33527935755005756,1,0,0.6044761478900909,0.7037996470928192,0.04677085326392148,0.2649686027211075,0.766718114010832,0.6032060086727142,0.7369760870933533,0.0012004745369321613,0.00035482779067626865,0.03695906342797507,0.14935792927607844
1782116285.015161,12.216653108596802,dog_in_grass,nonsocial_movie,non_social,336,1,0.39108727251159375,0.36295932440939116,0.37702329846049243,1,0,0.6054652988910676,0.7033794045448303,0.05050593934804438,0.2665732355579983,0.442347646395512,0.6039663255214691,0.7371281981468201,0.0007753834426187692,0.0004250910943133921,0.022029265498895324,0.14705040986592474
1782116285.050345,12.251837015151978,dog_in_grass,nonsocial_movie,non_social,337,1,0.37721556273463547,0.3613814246938571,0.3692984937142463,1,0,0.6066397190093994,0.7035222470760345,0.05734544236475485,0.26302315921848307,2.0657553261932793,0.6044764816761017,0.7372244000434875,0.0005191474810031439,0.0002562359616156253,0.023396497788502245,0.14670268652578733
1782116285.085362,12.286854028701782,dog_in_grass,nonsocial_movie,non_social,338,1,0.3920480447913119,0.38028908691723157,0.38616856585427173,1,0,0.6074444472789764,0.703324681520462,0.050166977445319186,0.2672766109569627,1.586105459535722,0.6057032346725464,0.7372735440731049,0.0012277369628438668,0.000708589481840723,0.02265438283528476,0.14644652812742606
1782116285.118645,12.320137023925781,dog_in_grass,nonsocial_movie,non_social,339,1,0.36007391753850815,0.3919420583404154,0.3760079879394618,1,0,0.6077804088592529,0.7035954535007476,0.045893927359078324,0.2676273733933096,0.8121047355966322,0.6068682670593262,0.7364417016506195,0.0014315244594809064,0.00020378749663703963,0.03704592240721846,0.14555743046152853
1782116285.152891,12.354382991790771,dog_in_grass,nonsocial_movie,non_social,340,1,0.3921734467683824,0.3896181810113362,0.3908958138898593,1,0,0.608089292049408,0.7043509781360626,0.046605757924757685,0.2674563055591924,0.5640037533396064,0.607722282409668,0.7377905249595642,0.0015964543643248803,0.0001649299048439739,0.035247220468595665,0.14385933046919375
1782116285.188403,12.389894962310791,dog_in_grass,nonsocial_movie,non_social,341,1,0.40275390287174306,0.3695322160968063,0.3861430594842747,1,0,0.6088243424892426,0.704504781961441,0.05460253119354389,0.2644971628919287,0.3238192054942675,0.6078084111213684,0.7375032901763916,0.0002998699312091698,0.0012965844331157105,0.04701280419155306,0.14243072209481483
1782116285.221859,12.423351049423218,dog_in_grass,nonsocial_movie,non_social,342,1,0.3904019630805224,0.3967346556942106,0.39356830938736653,1,0,0.6098286390304566,0.7053336858749389,0.05176484520042535,0.26493900823388467,-0.2792499348340588,0.6083682775497437,0.7384484708309174,0.0010985521777828263,0.0007986822465736565,0.06414440494207682,0.1428131479894563
1782116285.256361,12.457853078842163,dog_in_grass,nonsocial_movie,non_social,343,1,0.3956189818593923,0.39542201554313944,0.3955204987012659,1,0,0.6097908675670625,0.7057192921638489,0.04947663515057327,0.26869277829456767,-0.5053964035563874,0.6089669764041901,0.7374407649040222,0.0011721397328881234,7.358755510529719e-05,0.05480780547028531,0.1420767854102559
1782116285.290744,12.492236137390137,dog_in_grass,nonsocial_movie,non_social,344,1,0.38593372291168265,0.3737854097028884,0.37985956630728557,1,0,0.6097407698631286,0.7054205954074859,0.04696782549186562,0.2703130277245678,0.0017775963788876565,0.6092689633369446,0.736986517906189,0.0005454690115808627,0.0006266707213072607,0.08263710657024914,0.14108235519601625
1782116285.3258681,12.527360200881958,dog_in_grass,nonsocial_movie,non_social,345,1,0.36440154056799423,0.352930217982174,0.3586658792750841,1,0,0.6098052859306335,0.7061179161071778,0.048320860843639984,0.26640101286148027,-0.030405957579069644,0.6088461875915527,0.7382319867610931,0.0013152687936037817,0.000769799782022919,0.06540057089675351,0.1440876884212223
1782116285.36048,12.56197214126587,dog_in_grass,nonsocial_movie,non_social,346,1,0.3925339488144328,0.3636734151670721,0.37810368199075245,1,0,0.6094764113426208,0.7064511001110076,0.04869993145900797,0.27024474520435565,0.34508018305030297,0.6087773442268372,0.7385684549808502,0.00034343889088433267,0.0009718299027194491,0.05213441255579447,0.14138154053391352
1782116285.394516,12.596008062362671,dog_in_grass,nonsocial_movie,non_social,347,1,0.38241969400709563,0.3648151109748795,0.37361740249098757,1,0,0.6094402611255646,0.707518994808197,0.04794309206754165,0.27149637992543,-0.9815715254349157,0.6083626449108124,0.7384496033191681,0.00043139452963154715,8.795563874721448e-05,0.04233191245442652,0.14188252185568934
1782116285.429009,12.63050103187561,dog_in_grass,nonsocial_movie,non_social,348,1,0.37846972442359156,0.3779598606418527,0.37821479253272217,1,0,0.6089188635349274,0.7083509683609008,0.04238106553864659,0.2741963100968841,-0.4419014365836839,0.608657032251358,0.7390789687633514,0.0006948127579468068,0.0002634182283152597,0.040845296160454334,0.14177802755576863
1782116285.462843,12.664335012435913,dog_in_grass,nonsocial_movie,non_social,349,1,0.36194055579249673,0.39036629568313913,0.37615342573781796,1,0,0.6083083927631379,0.7079031467437744,0.042722198524699655,0.2785289258005613,-0.2881149204843127,0.6082733571529388,0.7383860349655151,0.0007920630210600783,9.725026311327152e-05,0.04055584905419748,0.14056232296176197
1782116285.499152,12.70064401626587,dog_in_grass,nonsocial_movie,non_social,350,1,0.36454991768247824,0.39853445581397867,0.3815421867482285,1,0,0.6082141041755676,0.7081916213035584,0.04028912830512617,0.27802045113663615,-0.020014605800206104,0.608390212059021,0.7377626597881317,0.000634233143925231,0.00015782987713484735,0.031270350025200136,0.14058547635187693
1782116285.5326562,12.734148263931274,dog_in_grass,nonsocial_movie,non_social,351,1,0.3940093370651772,0.39557571395882357,0.3947925255120004,1,0,0.6080091297626495,0.708612048625946,0.036076274569800046,0.2734022914892912,0.11121088392626369,0.6084010899066925,0.7403726577758789,0.0026100206557830834,0.0019757875118578527,0.03383536877062807,0.13955230200418842
1782116285.5666828,12.768174886703491,dog_in_grass,nonsocial_movie,non_social,352,1,0.39091958236598195,0.376457696747452,0.38368863955671695,1,0,0.6076284408569336,0.7095307230949401,0.040077585469946934,0.2727693528021127,1.0354318463676724,0.6077711284160614,0.7416252195835114,0.0014020565472254046,0.0012079641085576789,0.03558566628965692,0.13960739905767447
1782116285.600945,12.80243706703186,dog_in_grass,nonsocial_movie,non_social,353,1,0.3808390802101428,0.3588757261353759,0.36985740317275934,1,0,0.6073007583618164,0.7107879042625427,0.03283927716565415,0.2733973843695066,0.02551305738882882,0.6079618036746979,0.7422226965427399,0.0006271648675308908,0.0007748916796945138,0.05303464526272862,0.1415793115578684
1782116285.635744,12.837236166000366,dog_in_grass,nonsocial_movie,non_social,354,1,0.39587925996484824,0.35355147154735644,0.3747153657561023,1,0,0.6075274169445037,0.7134540200233459,0.03283386187199476,0.2747870976055752,-0.13535906281679652,0.6074378192424774,0.7451430857181549,0.002967024202983644,0.0023398593354527534,0.029262358298787306,0.14152183945310412
1782116285.670269,12.871761083602905,dog_in_grass,nonsocial_movie,non_social,355,1,0.3965367801420212,0.3677445313067029,0.38214065572436207,1,0,0.6079575002193451,0.7178650975227356,0.03824104334524926,0.27506018869088317,0.13723274971781443,0.6073141992092133,0.7476282715797424,0.0024882585635859385,0.0004787656393977057,0.04551032248452438,0.1439182069622162
1782116285.706744,12.908236026763916,dog_in_grass,nonsocial_movie,non_social,356,1,0.4205584122620616,0.3805328295756488,0.4005456209188552,1,0,0.6074950337409973,0.7208112955093384,0.029591136963649744,0.27697480975368477,1.147091902319959,0.6080296039581299,0.7509408295154572,0.0033889296292840074,0.000900671065698069,0.05205060805702566,0.14056230934829358
1782116285.7401989,12.941690921783447,dog_in_grass,nonsocial_movie,non_social,357,1,0.43032177812264844,0.3974289534801186,0.4138753658013835,1,0,0.6085204422473908,0.7245179533958435,0.0269023817643325,0.28028160115809136,1.6287068568240677,0.6093540489673615,0.7541611194610596,0.0034820140603142925,9.308443103028504e-05,0.0512463244451167,0.14076986373510436
1782116285.773215,12.974707126617432,dog_in_grass,nonsocial_movie,non_social,358,1,0.4370282504436114,0.3603511292181709,0.39868968983089115,1,0,0.6100113689899445,0.7293843746185302,0.027356032181671822,0.2837409145985762,1.0379145751455232,0.6102343201637268,0.756943553686142,0.0029183587161382986,0.0005636553441759938,0.07701991916845476,0.1439660920659463
1782116285.8071601,13.008652210235596,dog_in_grass,nonsocial_movie,non_social,359,1,0.39745619109001706,0.3704173331968922,0.3839367621434546,1,0,0.6112118124961853,0.73331059217453,0.03271207316437409,0.2829897539599238,2.3877006444724866,0.6110712885856628,0.761585921049118,0.004717212192825708,0.0017988534766874092,0.058173770706103314,0.144945607379482
1782116285.841265,13.042757034301758,dog_in_grass,nonsocial_movie,non_social,360,1,0.4150873011557088,0.3871592568537192,0.401123279004714,1,0,0.6126620352268219,0.7375648081302644,0.012248829096534892,0.2873747381750459,2.731235024439953,0.6133817732334137,0.7633475363254547,0.0029054479326456896,0.0018117642601800182,0.0590024695049718,0.14674836454592943
1782116285.877003,13.078495025634766,dog_in_grass,nonsocial_movie,non_social,361,1,0.4344831351150576,0.3716842380568383,0.40308368658594795,1,0,0.6136761665344238,0.74616197347641,0.01619629069632875,0.29117469309924404,3.8734429220904536,0.6140359938144684,0.769013911485672,0.005704017183091492,0.0027985692504458024,0.08404535244280636,0.14644450243214044
1782116285.9102888,13.111780881881714,dog_in_grass,nonsocial_movie,non_social,362,1,0.41939306903316464,0.36104005107998133,0.390216560056573,1,0,0.6145798623561859,0.7474931120872498,0.02117815527445336,0.29426761712581845,2.7603282364733297,0.6145962476730347,0.7718007862567902,0.0028426317693175333,0.002861385413773959,0.07203186219464441,0.1445630446516254
1782116285.9447749,13.14626693725586,dog_in_grass,nonsocial_movie,non_social,363,1,0.4073907445921058,0.3368651055839996,0.3721279250880527,1,0,0.6156485438346863,0.7480386018753051,0.01630252116061116,0.29556791924705883,3.224004465166867,0.6159770488739014,0.7715597450733185,0.0014016821353089817,0.0014409496340085516,0.07798047122240882,0.1471150085714227
1782116285.979539,13.181030988693237,dog_in_grass,nonsocial_movie,non_social,364,1,0.43135327102303356,0.3309776342345316,0.38116545262878254,1,0,0.616425061225891,0.7505351781845093,0.008581869173740283,0.3003007154877465,2.2916844712503726,0.6170400381088257,0.7751757502555847,0.0037690104260589747,0.002367328290749993,0.0887741678427985,0.14997190377759587
1782116286.0142,13.215692043304443,dog_in_grass,nonsocial_movie,non_social,365,1,0.427505905476526,0.360855619303276,0.39418076238990096,1,0,0.6166793704032898,0.7531544268131256,0.010204077451979592,0.3012053131853168,3.425421074367063,0.6176768839359283,0.7756102979183197,0.0007709761855508321,0.0029980342405081426,0.07729740829857042,0.1490396613402209
1782116286.0479648,13.249456882476807,dog_in_grass,nonsocial_movie,non_social,366,1,0.4374797983179434,0.3065574225136594,0.3720186104158014,1,0,0.61672323346138,0.7534554719924926,0.008673993095092406,0.29744302139245504,4.236095741893857,0.6174808144569397,0.7767231166362762,0.00112995961858171,0.00035898343303087787,0.0875698435644276,0.14893215810691102
1782116286.084861,13.28635311126709,dog_in_grass,nonsocial_movie,non_social,367,1,0.43197488931359734,0.3260370675173397,0.3790059784154685,1,0,0.6168302297592163,0.7543278872966765,0.005740024576386231,0.29958470280929395,4.808838808947637,0.6178287267684937,0.776804119348526,0.00035721760304138577,0.0007727420155403242,0.0833807151946225,0.14710999693802465
1782116286.117336,13.318828105926514,dog_in_grass,nonsocial_movie,non_social,368,1,0.3996860278655274,0.34005681910508123,0.36987142348530433,1,0,0.6164988934993744,0.7552795231342315,0.009972016288862521,0.29497478072405436,5.803256242089526,0.6164004802703857,0.7795419692993164,0.003087994561588562,0.002730776958547176,0.07355932008604592,0.14923456901304025
1782116286.151424,13.35291600227356,dog_in_grass,nonsocial_movie,non_social,369,1,0.41026640051855445,0.34738872868150833,0.3788275646000314,1,0,0.6159534156322479,0.7549285471439362,0.003154884108857149,0.2971410508724558,5.865439456210129,0.6168368458747864,0.7786070108413696,0.0010317762639206946,0.002056218297667867,0.09534924490903846,0.1488397201220277
1782116286.187212,13.388704061508179,dog_in_grass,nonsocial_movie,non_social,370,1,0.393110592603717,0.3381384774295737,0.3656245350166454,1,0,0.6167386889457702,0.7535504698753357,0.0028531341681667273,0.29187762882078266,5.742094716787453,0.6166901588439941,0.7786980867385864,0.00017266124074756048,0.0008591150231731341,0.08957848090138093,0.1495122679093173
1782116286.220195,13.421687126159668,dog_in_grass,nonsocial_movie,non_social,371,1,0.42469410860562073,0.33866518002114554,0.38167964431338314,1,0,0.6172697842121124,0.7527818441390992,0.0009221061350779182,0.2970984497857013,5.271572529095482,0.617467999458313,0.7777513563632965,0.0012252895269202742,0.0010526282861727137,0.094034862721965,0.14564470446650787
1782116286.255347,13.456839084625244,dog_in_grass,nonsocial_movie,non_social,372,1,0.4182472647475217,0.3740680774104856,0.3961576710790037,1,0,0.6182485282421112,0.7527021765708923,0.0037516849175324753,0.29819837955725575,5.478166003341543,0.6174645721912384,0.7775872647762299,0.00016412737463827488,0.0010611621522819993,0.07658365013442715,0.14445553017567944
1782116286.29163,13.493122100830078,dog_in_grass,nonsocial_movie,non_social,373,1,0.42927471210200463,0.3633803166665342,0.3963275143842694,1,0,0.6187332928180694,0.7522367358207702,0.00719270774770715,0.3005246548363661,5.611334383643722,0.6181212961673737,0.7759586870670319,0.0017560044805545049,0.00159187710591623,0.08517473871857104,0.14563241865863527
1782116286.3239958,13.525487899780273,dog_in_grass,nonsocial_movie,non_social,374,1,0.44032949616637784,0.35025966452351953,0.3952945803449487,1,0,0.6191835403442383,0.7533420264720917,0.003538208451479581,0.29509281884839633,4.8483182979523045,0.6188362240791321,0.7780942022800446,0.002252009579024902,0.0004960050984703971,0.07962053407986346,0.14632337352987754
1782116286.358451,13.559942960739136,dog_in_grass,nonsocial_movie,non_social,375,1,0.42873906091691644,0.3423113369775298,0.38552519894722315,1,0,0.6202901721000671,0.7536413550376893,-0.0022383610499521357,0.30225653121464824,4.921373288266977,0.6210766434669495,0.7767480909824371,0.002613712811089687,0.00036170323206478503,0.06738734034979757,0.14521344402165062
1782116286.3923001,13.593792200088501,dog_in_grass,nonsocial_movie,non_social,376,1,0.419766682400162,0.3697818375678055,0.39477425998398374,1,0,0.622095811367035,0.7545842826366425,0.009723110871102421,0.3013982362647777,5.049066790948621,0.6209982633590698,0.777344137430191,0.000601177851547505,0.002012534959542182,0.06252940919450731,0.14704367030339682
1782116286.427545,13.629037141799927,dog_in_grass,nonsocial_movie,non_social,377,1,0.4129656778082144,0.32055389939105494,0.36675978859963465,1,0,0.6231991469860076,0.7562781691551208,0.014517958276487003,0.3009228445419796,4.430470320904693,0.6221568584442139,0.7794495820999146,0.002403172866979626,0.001801995015432121,0.061326252585782566,0.15097738037514086
1782116286.461468,13.662960052490234,dog_in_grass,nonsocial_movie,non_social,378,1,0.4232094244626991,0.3343675002563158,0.37878846235950747,1,0,0.6241213381290436,0.7553383111953735,0.014367093833962475,0.2984122706443864,4.448490494922479,0.6236636340618134,0.7791458964347839,0.0015370744110153355,0.0008660984559642905,0.08475727421089475,0.14659465304586067
1782116286.498376,13.699867963790894,dog_in_grass,nonsocial_movie,non_social,379,1,0.44993235111146695,0.32622771574711795,0.3880800334292924,1,0,0.6248102903366088,0.7561591923236847,0.014564318466490167,0.3008533975743226,4.492449791135134,0.6238620579242706,0.778812974691391,0.00038756795070833867,0.0011495064603069967,0.09409874740596877,0.14685029771578442
1782116286.530659,13.73215103149414,dog_in_grass,nonsocial_movie,non_social,380,1,0.4102238907247631,0.3466343010016901,0.3784290958632266,1,0,0.6249156534671784,0.7580049276351928,0.02327335863563563,0.29692254204206,3.4792250027678935,0.6233595311641693,0.7819651663303375,0.0031919970666124302,0.0028044291159040917,0.09936004050750084,0.14563124336880504
1782116286.565008,13.766499996185303,dog_in_grass,nonsocial_movie,non_social,381,1,0.41343247024670005,0.3404789522238093,0.3769557112352547,1,0,0.6248876929283143,0.7596806108951568,0.009805419393205254,0.2974601413537436,3.8367212892335982,0.6235734224319458,0.7823703587055206,0.0004581815528123763,0.002733815513800054,0.07818419574659079,0.14433984898572774
1782116286.5997472,13.801239252090454,dog_in_grass,nonsocial_movie,non_social,382,1,0.4197896694105357,0.3645280343397805,0.3921588518751581,1,0,0.6251132845878601,0.7616440117359161,0.007427005867125166,0.301665403838883,4.3765056376604665,0.624365508556366,0.7844608128070831,0.002235486251185285,0.0017773046983729085,0.05172358362989922,0.14654709397301274
1782116286.634869,13.836361169815063,dog_in_grass,nonsocial_movie,non_social,383,1,0.41928849095667575,0.3472453723505152,0.3832669316535955,1,0,0.6250989675521851,0.7617060124874115,0.010038974202969567,0.3060595970461463,3.321473745604217,0.6246733665466309,0.7827072143554688,0.0017804168252615142,0.00045506942592377065,0.08481804023673578,0.1461794112282352
1782116286.668581,13.870073080062866,dog_in_grass,nonsocial_movie,non_social,384,1,0.4204818914028138,0.3589962813778634,0.3897390863903386,1,0,0.6259536027908326,0.7586344957351685,0.01451719289056775,0.2951279458392323,3.7383647482935816,0.6250455677509308,0.7831376194953918,0.0005690187351524863,0.001211398090109028,0.08180395121015165,0.14540537150864394
1782116286.70273,13.904222011566162,dog_in_grass,nonsocial_movie,non_social,385,1,0.4246926353463318,0.36825945489672973,0.3964760451215308,1,0,0.6265961289405824,0.7558825850486754,0.015672866046296585,0.29838135346111977,3.8761173231775286,0.6257605254650116,0.7784788906574249,0.004713270511929934,0.004144251776777448,0.08250651033547687,0.14790140621804346
1782116286.737935,13.939427137374878,dog_in_grass,nonsocial_movie,non_social,386,1,0.4238361870566105,0.3767625421172762,0.4002993645869434,1,0,0.6258031845092773,0.7522305965423584,0.012951905170433995,0.3023251895932753,3.3261085227419187,0.6248294711112976,0.7751246690750122,0.0034810436126962076,0.001232226899233726,0.08024126885474175,0.14813066708303557
1782116286.771776,13.973268032073975,dog_in_grass,nonsocial_movie,non_social,387,1,0.4317007336601878,0.3566220746270356,0.39416140414361167,1,0,0.6251102209091186,0.7516646385192871,0.012126083633555822,0.3055922261870358,2.425330645108231,0.6243313252925873,0.7746897637844086,0.0006612804764195119,0.002819763136276696,0.06782218379357939,0.14838767757429833
1782116286.805443,14.006935119628906,dog_in_grass,nonsocial_movie,non_social,388,1,0.4153187509395654,0.3585241813269544,0.3869214661332599,1,0,0.6246439278125763,0.752567857503891,0.011153412145378964,0.3021129936174012,2.340928206885769,0.6243889033794403,0.7783102095127106,0.0036209035485173955,0.002959623072097884,0.07771293781423032,0.14706911970943973
1782116286.84178,14.043272018432617,dog_in_grass,nonsocial_movie,non_social,389,1,0.39533131124603776,0.36345755714030104,0.3793944341931694,1,0,0.6245661437511445,0.752147340774536,0.004912977770703079,0.30019114215162473,2.0904181329666125,0.6243686378002167,0.7777106761932373,0.0005998757328479819,0.003021027815669414,0.10335869503045712,0.14649384638931465
1782116286.8746922,14.076184272766113,dog_in_grass,nonsocial_movie,non_social,390,1,0.40903676249217724,0.40218114958821677,0.405608956040197,1,0,0.6236512005329132,0.7497531294822692,-0.002308491642880356,0.29250674895592665,1.7211177544469318,0.6247703433036804,0.7752702236175537,0.0024732925596608556,0.0018734168268128737,0.06278573971579869,0.14564488562257452
1782116286.909204,14.110696077346802,dog_in_grass,nonsocial_movie,non_social,391,1,0.4089270856997653,0.4263173904342721,0.4176222380670187,1,0,0.6234304666519166,0.7451605379581452,0.002899332482647269,0.29000125376307007,1.882600579647651,0.6243787109851837,0.7722062766551971,0.0030888746917000598,0.0006155821320392042,0.06659848161464099,0.14617769634954295
1782116286.94365,14.145142078399658,dog_in_grass,nonsocial_movie,non_social,392,1,0.42394581303989165,0.4157144344297685,0.4198301237348301,1,0,0.6236111164093018,0.7354475438594819,0.0060386567382706025,0.2879811120111299,3.280694606394668,0.6251675486564636,0.7647546231746674,0.007493290629991737,0.004404415938291677,0.06898766196956492,0.14465146916629326
1782116286.978276,14.179768085479736,dog_in_grass,nonsocial_movie,non_social,393,1,0.42816493858632926,0.4014850703301108,0.41482500445822,1,0,0.6244069576263427,0.725006777048111,0.0022917417700747534,0.2789911098911735,2.5565267439128996,0.6259348094463348,0.760834127664566,0.00399486847898631,0.003498422151005427,0.09278229656924585,0.14236082249045592
1782116287.0121868,14.21367883682251,dog_in_grass,nonsocial_movie,non_social,394,1,0.4532704667879502,0.3517021316141323,0.40248629920104123,1,0,0.6242082357406615,0.7196072936058044,-0.018927034788850463,0.2707973051648798,3.2754379497906956,0.6269819438457489,0.7557489275932312,0.0051918927392560895,0.0011970242602697793,0.10415019158200092,0.14447650408905063
1782116287.047049,14.248541116714478,dog_in_grass,nonsocial_movie,non_social,395,1,0.39746601373919543,0.3795018921110976,0.3884839529251465,1,0,0.6246290624141693,0.7155325949192046,-0.025218296952716754,0.26415594684634425,3.9475356958739325,0.6275693476200104,0.7531659007072449,0.0026489754788870455,0.002542917260369044,0.10966634034938638,0.1450004972168924
1782116287.082676,14.284168004989624,dog_in_grass,nonsocial_movie,non_social,396,1,0.40473397553703705,0.3802832492609014,0.3925086123989692,1,0,0.6255526661872863,0.7129257917404175,-0.023241541545390085,0.26364557051695453,4.285304281152011,0.6274710297584534,0.7526977360248566,0.0004783770184037752,0.00217059846048327,0.10502581126375052,0.14300851334660072
1782116287.115285,14.316776990890503,dog_in_grass,nonsocial_movie,non_social,397,1,0.4190485973691809,0.3619955446106858,0.3905220709899333,1,0,0.6261799454689025,0.7097609698772431,-0.02264843037933783,0.25744658625691214,4.246218082835644,0.6284155547618866,0.7544587850570679,0.0019983546171695623,0.0015199775987657872,0.08363160725171136,0.13736393484164944
1782116287.149444,14.3509361743927,dog_in_grass,nonsocial_movie,non_social,398,1,0.4380152743780729,0.3793115281735917,0.40866340127583234,1,0,0.6272820472717284,0.7052545547485352,-0.015335941549349278,0.25785220041608026,5.060793269345994,0.6286771297454834,0.7501205801963806,0.004346083626132175,0.002347729008962613,0.06902884755361774,0.13408140288568524
1782116287.184578,14.386070013046265,dog_in_grass,nonsocial_movie,non_social,399,1,0.44406571306224824,0.3999474371689593,0.4220065751156038,1,0,0.6275462329387664,0.7015762150287628,-0.02030414491863183,0.2603023145016207,4.389584505135282,0.6299274265766144,0.7450959086418152,0.005177892080489429,0.0008318084543572539,0.06407014017025922,0.13272190156234817
1782116287.218668,14.420160055160522,dog_in_grass,nonsocial_movie,non_social,400,1,0.4557170066963723,0.4397263231448007,0.4477216649205865,1,0,0.6287153542041779,0.6978954017162323,-0.017780827810935044,0.2508585872210219,4.022010552938505,0.6300329267978668,0.7415792047977448,0.003518285978084227,0.0016596061024052025,0.06603629257616911,0.12969318393997792
1782116287.253472,14.45496416091919,dog_in_grass,nonsocial_movie,non_social,401,1,0.4853652096028972,0.4007967497474146,0.4430809796751559,1,0,0.6282824099063873,0.6952565431594848,-0.02244616905655379,0.2500405744940636,3.9986711990048924,0.6309554576873779,0.739798367023468,0.002005603754581913,0.0015126822235023139,0.06536367388137868,0.1299831457423265
1782116287.288984,14.490476131439209,dog_in_grass,nonsocial_movie,non_social,402,1,0.4526085976760782,0.39620780402586,0.4244082008509691,1,0,0.6287702202796936,0.694234162569046,-0.013218305807453628,0.24388095488054856,4.195639245647271,0.6305437982082367,0.7383543252944946,0.0015015725229849163,0.0005040312315969966,0.05930738854353258,0.13113814603644952
1782116287.322346,14.52383804321289,dog_in_grass,nonsocial_movie,non_social,403,1,0.44662783035028736,0.40028430115292085,0.4234560657516041,1,0,0.6284794390201569,0.6925378739833832,-0.004828226709418805,0.2430134084874481,3.195894253372599,0.6303970217704773,0.7369468808174133,0.001415077128197608,8.649539478730833e-05,0.05506720295802103,0.12868050436802253
1782116287.356159,14.557651042938232,dog_in_grass,nonsocial_movie,non_social,404,1,0.46686478603186876,0.4427918279898788,0.4548283070108738,1,0,0.628682678937912,0.6924741506576537,0.00017937154688097646,0.24292118405146143,3.0888828927654934,0.6303650140762329,0.7373568117618561,0.0004111786372157073,0.0010038984909819006,0.05064655671971813,0.12746989874321699
1782116287.391045,14.59253716468811,dog_in_grass,nonsocial_movie,non_social,405,1,0.49958813347742403,0.43901331366520513,0.4693007235713146,1,0,0.6281555414199829,0.69178546667099,0.003187443652959786,0.24136077970717806,3.051945472557818,0.6290195882320404,0.7371631562709808,0.0013592914151745556,0.0009481127779588484,0.06085838024878934,0.12749722847808623
1782116287.4253492,14.626841306686401,dog_in_grass,nonsocial_movie,non_social,406,1,0.47495066671145125,0.4439700970153654,0.4594603818634083,1,0,0.627392691373825,0.6888575375080108,-0.0030943698440462197,0.2431720596991572,3.2565510248151113,0.6287046670913696,0.734226256608963,0.00295373576164182,0.0015944443464672641,0.07286273631800062,0.1256915637512871
1782116287.460302,14.661794185638428,dog_in_grass,nonsocial_movie,non_social,407,1,0.47231900565998897,0.45530223870487985,0.4638106221824344,1,0,0.6265477359294891,0.6833079576492309,0.004688421310182187,0.24124155221324567,3.0300353691497626,0.6274296641349792,0.7298548519611359,0.004553549289713356,0.0015998135280715364,0.08351084078261106,0.12348324546262669
1782116287.494045,14.695537090301514,dog_in_grass,nonsocial_movie,non_social,408,1,0.46823302038126347,0.4385168738019893,0.4533749470916264,1,0,0.6255173087120056,0.6782113492488862,0.0045599378851634296,0.24201774286260597,3.114543635446393,0.6260174810886383,0.723137378692627,0.006864306816387549,0.002310757526674193,0.09334162834912696,0.12602336451556667
1782116287.529988,14.731480121612549,dog_in_grass,nonsocial_movie,non_social,409,1,0.4628417771631324,0.43889754581289686,0.45086966148801466,1,0,0.6243411242961884,0.6733487606048584,0.004482253265236599,0.24391586661692322,3.2116438551120963,0.6250722706317902,0.7205165326595306,0.002786082686664515,0.0040782241297230345,0.07257893200352637,0.12528574819417174
1782116287.56295,14.764441967010498,dog_in_grass,nonsocial_movie,non_social,410,1,0.45100118233016556,0.4421534162279074,0.44657729927903644,1,0,0.6230395376682282,0.6720098555088043,0.0021259872940243194,0.24697949033271593,2.5576390715720634,0.6235832870006561,0.7159613072872162,0.004792405496862973,0.0020063228101984583,0.022462941743269314,0.12707223624219613
1782116287.597961,14.799453020095825,dog_in_grass,nonsocial_movie,non_social,411,1,0.46441474796888854,0.47543915081314625,0.4699269493910174,1,0,0.6214822590351106,0.6727392017841339,0.01495408566930864,0.23949416353468794,2.1157086540408345,0.6211985945701599,0.7173689901828766,0.0027691748090001105,0.0020232306878628626,0.008427526398849262,0.12646549235320312
1782116287.632421,14.833913087844849,dog_in_grass,nonsocial_movie,non_social,412,1,0.45185455733899516,0.4868267826062553,0.46934066997262525,1,0,0.6202056109905243,0.6742519080638886,0.019072117027312978,0.24035317954422694,1.632447541804652,0.6199368238449097,0.7143272161483765,0.0032930919574250695,0.000523917148424959,0.014074540896466783,0.12809654269378767
1782116287.666712,14.868204116821289,dog_in_grass,nonsocial_movie,non_social,413,1,0.46416832812352193,0.49930024331757766,0.48173428572054977,1,0,0.6196348488330841,0.6750970482826233,0.011204149798421475,0.24783766671325494,1.651458247965628,0.6204893887042999,0.713163822889328,0.0012879486787261277,0.0020051432786989416,0.009372616521555256,0.12973261313544554
1782116287.701501,14.902992963790894,dog_in_grass,nonsocial_movie,non_social,414,1,0.4829076164718582,0.5067123374106013,0.49480997694122975,1,0,0.6187463462352752,0.6745474576950073,0.003882593652661956,0.2470279349241106,0.852713780708938,0.6202126741409302,0.7174540162086487,0.004299108008264586,0.0030111593295384584,0.014226118844995495,0.1288732057945767
1782116287.7363148,14.937806844711304,dog_in_grass,nonsocial_movie,non_social,415,1,0.4902826022066222,0.5226354086245941,0.5064590054156082,1,0,0.618766325712204,0.6746378600597381,0.0007925242844385599,0.2509312596255467,0.4715585347367439,0.6207140684127808,0.716039627790451,0.0015006301387671041,0.0027984778694974824,0.018565847519208742,0.1267083718220208
1782116287.7694552,14.970947265625,dog_in_grass,nonsocial_movie,non_social,416,1,0.4772731872245599,0.5306546322823145,0.5039639097534372,1,0,0.619114077091217,0.6744054198265076,0.007337837542331065,0.2507921925179143,0.6459857368171613,0.6203271746635437,0.716847151517868,0.0008954224385954052,0.0006052077001716989,0.04447642211558179,0.12558584286693705
1782116287.804456,15.005948066711426,dog_in_grass,nonsocial_movie,non_social,417,1,0.47507344644151805,0.513725830659599,0.4943996385505585,1,0,0.6190776526927948,0.6746284127235412,0.00356036898099198,0.2493964636331773,0.21076581213508044,0.620421290397644,0.7159355282783508,0.0009164686040629554,2.1046165467550186e-05,0.08792008900809076,0.12508693050936287
1782116287.839618,15.041110038757324,dog_in_grass,nonsocial_movie,non_social,418,1,0.48027310958584685,0.5111941960480784,0.4957336528169626,1,0,0.6192377984523774,0.6746959507465362,0.006294414303568594,0.24759257254059724,-0.00398667879813831,0.620194137096405,0.7178447842597961,0.0019227212551351498,0.0010062526510721944,0.09687223171578146,0.12521019101809763
1782116287.874254,15.075746059417725,dog_in_grass,nonsocial_movie,non_social,419,1,0.4623436070196356,0.5374477961073609,0.4998957015634983,1,0,0.6191802799701691,0.6750036001205444,0.003126816437382003,0.2495016448967686,0.01908562004536199,0.6202988624572754,0.7181306779384613,0.00030447101128042685,0.001618250243854723,0.09028751161240649,0.1247406946528013
1782116287.907105,15.108597040176392,dog_in_grass,nonsocial_movie,non_social,420,1,0.46672798657858516,0.4914534770822153,0.47909073183040024,1,0,0.6185427784919739,0.6747099757194519,-0.005571878888154553,0.2501447077056741,0.23602448916468832,0.6210595369338989,0.7187684178352356,0.000992641846450256,0.0006881708351698292,0.08452623584659677,0.12553851268851537
1782116287.942752,15.144243955612183,dog_in_grass,nonsocial_movie,non_social,421,1,0.4751070984947656,0.4733420754692929,0.4742245869820293,1,0,0.6177839159965515,0.6751706540584564,-0.00887963988486998,0.2480089165803975,0.10045763931837151,0.6203726232051849,0.718677818775177,0.0006928626562164083,0.0002997791902338478,0.08311187989261566,0.12483260420155054
1782116287.976852,15.178344011306763,dog_in_grass,nonsocial_movie,non_social,422,1,0.46629731874886304,0.4555458002520812,0.4609215595004721,1,0,0.6173521995544433,0.6749915480613708,-0.010576883059002092,0.24508461496489414,1.3868758526641232,0.6194791793823242,0.7195706963539124,0.0012631200399076399,0.0005702573836912316,0.08637059477938487,0.12491505348564116
1782116288.011009,15.212501049041748,dog_in_grass,nonsocial_movie,non_social,423,1,0.469046598325525,0.48059510183320925,0.47482085007936714,1,0,0.6166164636611939,0.6756855428218842,-0.0034478178237451087,0.24343432838772874,1.2174035535509935,0.6180407404899597,0.7197550237178802,0.0014502010288832952,0.00018708098897565533,0.07976290470819072,0.12481803375274958
1782116288.0450401,15.246532201766968,dog_in_grass,nonsocial_movie,non_social,424,1,0.4611096061487756,0.4825276026458251,0.4718186043973004,1,0,0.6150597751140594,0.6766246080398559,-0.005407456237817514,0.24700629778502323,2.404942062354356,0.6173318028450012,0.7199317812919617,0.0007306406944828954,0.0007195603344003998,0.06714902478003983,0.12518388577725614
1782116288.082273,15.283765077590942,dog_in_grass,nonsocial_movie,non_social,425,1,0.4483591359308938,0.43655576011536323,0.44245744802312853,1,0,0.6139238119125365,0.6778536200523376,-0.01435011390221237,0.25171111944769925,2.390807525728145,0.6161552667617798,0.7209089994430542,0.001529441881846688,0.0007988011873637926,0.03388520899128938,0.12730713002934224
1782116288.113913,15.315405130386353,dog_in_grass,nonsocial_movie,non_social,426,1,0.4618400570861142,0.4748490668714179,0.46834456197876606,1,0,0.6123834669589996,0.6798216044902802,-0.0032504896274019586,0.26050467191566773,1.8280203785153535,0.6137455105781555,0.7192369401454926,0.002933037190196834,0.0014035953083501459,0.002095793813394412,0.12617990025164724
1782116288.148949,15.350440979003906,dog_in_grass,nonsocial_movie,non_social,427,1,0.435038287236858,0.48760859667709605,0.46132344195697705,1,0,0.61033154129982,0.6811691999435425,-0.0001081798232204509,0.2538532174313845,2.0271723247709796,0.6107048094272614,0.7224465012550354,0.004421215444302506,0.0014881782541056724,0.002532131780522212,0.12347813575879234
1782116288.1841202,15.38561224937439,dog_in_grass,nonsocial_movie,non_social,428,1,0.4537657080874109,0.4615616069590903,0.4576636575232506,1,0,0.6075038015842438,0.6830130636692047,-0.003004770797818118,0.24457361926661608,1.5486716353780299,0.6080546677112579,0.7268744111061096,0.0051603911444910505,0.0007391757001885442,0.04796788443274188,0.12460825222188994
1782116288.217178,15.418670177459717,dog_in_grass,nonsocial_movie,non_social,429,1,0.44673138912331345,0.4637914460444792,0.4552614175838963,1,0,0.6043501973152161,0.6849425375461579,-0.0059762214568340535,0.2390921825590799,1.180565860485878,0.6052363216876984,0.729332685470581,0.0037398111128145875,0.001420580031676463,0.09282753330064585,0.1260347919437982
1782116288.2514439,15.452935934066772,dog_in_grass,nonsocial_movie,non_social,430,1,0.45720959725385935,0.45090396712347197,0.45405678218866563,1,0,0.600338488817215,0.6864064693450928,-0.014964536713667447,0.2419268405188324,1.5589840827600665,0.602342963218689,0.7297996878623962,0.0029308044056452352,0.0008090067071693523,0.09607596321738841,0.12361011861426514
1782116288.289539,15.491031169891357,dog_in_grass,nonsocial_movie,non_social,431,1,0.43329150347721745,0.4546096973456823,0.44395060041144985,1,0,0.5957480251789093,0.6881714463233948,-0.02377176030309831,0.24864611884922863,2.4347589328625734,0.598392516374588,0.7304648756980896,0.004006058552345633,0.0010752541467003974,0.08703418156832772,0.125384433893
1782116288.3209221,15.522414207458496,dog_in_grass,nonsocial_movie,non_social,432,1,0.428610996824958,0.4424033912203889,0.43550719402267346,1,0,0.5907486855983735,0.6901825547218323,-0.028574901188892794,0.259145270185912,2.8818554290902334,0.5938636213541031,0.7307696342468262,0.004539137349717583,0.0005330787973719508,0.07499585458163918,0.1298621804783861
1782116288.3609972,15.56248927116394,dog_in_grass,nonsocial_movie,non_social,433,1,0.4894314089670062,0.44807153569795616,0.46875147233248116,1,0,0.5859472572803497,0.6898503720760345,-0.02884897353378596,0.2579792841522263,2.362945622654007,0.5897289514541626,0.731918454170227,0.004291303111862026,0.000247834237855557,0.024193309473689154,0.12561288813973776
1782116288.39006,15.591552019119263,dog_in_grass,nonsocial_movie,non_social,434,1,0.47778686332686016,0.45584767681784216,0.4668172700723512,1,0,0.5823003709316253,0.6900170862674713,-0.03554556402768439,0.26490276439417243,3.1189805849896546,0.5863092541694641,0.7294571101665497,0.004213376772069255,7.792633979277104e-05,0.001872608560527377,0.12889728291301922
1782116288.4251351,15.626627206802368,dog_in_grass,nonsocial_movie,non_social,435,1,0.4938773593343363,0.42875094162888167,0.46131415048160895,1,0,0.5796113848686218,0.6889481723308564,-0.02607052776600643,0.2603250521748594,3.6778676585320653,0.5822448879480362,0.7285512983798981,0.004164080663810589,4.9296108258666677e-05,0.0020232853173190153,0.1276389660068671
1782116288.457933,15.659425020217896,dog_in_grass,nonsocial_movie,non_social,436,1,0.493308235261206,0.4444617472302242,0.4688849912457151,1,0,0.5773204386234283,0.6897878050804138,-0.0337337185463832,0.25598503472662776,4.262368374474718,0.5794873237609863,0.7331811189651489,0.005388821661301527,0.0012247409974909381,0.08907124797779571,0.12556626122999318
1782116288.493661,15.695152997970581,dog_in_grass,nonsocial_movie,non_social,437,1,0.5136424069391511,0.44578768576461286,0.479715046351882,1,0,0.5750999033451081,0.6929764568805694,-0.03293907315612241,0.2525892356162093,4.334814995416101,0.5770118683576584,0.735184907913208,0.003184815473811509,0.002204006187490018,0.09239888291872356,0.12667259020626412
1782116288.5273962,15.728888273239136,dog_in_grass,nonsocial_movie,non_social,438,1,0.4492512246436287,0.4304236818385322,0.4398374532410805,1,0,0.5725127220153808,0.6966594338417054,-0.034761671889205446,0.25535690205925154,4.461502256337772,0.575266033411026,0.7389753758907318,0.004173198671225262,0.0009883831974137535,0.10106515540111566,0.12389345959379319
1782116288.562319,15.763811111450195,dog_in_grass,nonsocial_movie,non_social,439,1,0.48112408446480154,0.4438089920452008,0.46246653825500117,1,0,0.5699720323085785,0.7013761281967164,-0.030835633994310673,0.2553535377410664,3.878241891473515,0.5728545188903809,0.7413449585437775,0.0033808762522306622,0.0007923224189946001,0.12106006599546602,0.12541457014647509
1782116288.596404,15.797896146774292,dog_in_grass,nonsocial_movie,non_social,440,1,0.4965272149508814,0.46120146307862603,0.4788643390147537,1,0,0.5671997189521789,0.7040254592895507,-0.047654703751302124,0.2575705930879772,2.495882233508222,0.5711075663566589,0.7435828745365143,0.00283903348793646,0.0005418427642942024,0.1202605303012126,0.12627312790523904
1782116288.63082,15.832312107086182,dog_in_grass,nonsocial_movie,non_social,441,1,0.5148194705250277,0.4724701744271419,0.4936448224760848,1,0,0.565184873342514,0.706328946352005,-0.04255571075529863,0.2633587509576704,0.9546114651601656,0.5686030983924866,0.7441481649875641,0.002567472118176506,0.000271561369759954,0.14575739011697214,0.1284107593855363
1782116288.665709,15.867201089859009,dog_in_grass,nonsocial_movie,non_social,442,1,0.5072903535166862,0.4309964637866928,0.46914340865168946,1,0,0.5638181149959565,0.7078273057937623,-0.030680824537679008,0.2630041349480533,-0.04195317427420338,0.5664050281047821,0.7474697232246399,0.003982996624650257,0.001415524506473751,0.13196797674816646,0.12891804482084313
1782116288.6997252,15.901217222213745,dog_in_grass,nonsocial_movie,non_social,443,1,0.44451329808853196,0.4660244919902202,0.45526889503937606,1,0,0.5621624112129211,0.7089800596237182,-0.021340553407016887,0.2666815772076746,-0.10389138676306371,0.5652726292610168,0.7479036450386047,0.0012126892767710265,0.0027703073478792303,0.10796849804160218,0.12878938661083303
1782116288.734339,15.935831069946289,dog_in_grass,nonsocial_movie,non_social,444,1,0.4341607945199534,0.4491754859568651,0.4416681402384092,1,0,0.5607339859008789,0.7100508213043213,-0.021795620824907783,0.273449760136685,-0.5781021137252474,0.5640941262245178,0.748459666967392,0.0013030847218541439,9.039544508311734e-05,0.08511823729005945,0.1290098020521159
1782116288.768055,15.969547033309937,dog_in_grass,nonsocial_movie,non_social,445,1,0.45060300979402096,0.4727387757271574,0.46167089276058915,1,0,0.5595048308372498,0.7132788598537445,-0.023031130436778957,0.2777266622014664,-0.7047062446569605,0.5632524341344833,0.7488715946674347,0.0009370859109436595,0.00036599881091048435,0.08091501988472528,0.13062655723629812
1782116288.802376,16.003868103027344,dog_in_grass,nonsocial_movie,non_social,446,1,0.3894918816246783,0.48030049333925134,0.4348961874819648,1,0,0.5582356750965118,0.7210638880729676,-0.016663091815859305,0.2777909833488173,-0.7653950325032695,0.5607272386550903,0.7547907829284668,0.006435324535614901,0.005498238624671241,0.07778201442210793,0.1345545219670563
1782116288.8377442,16.039236307144165,dog_in_grass,nonsocial_movie,non_social,447,1,0.45835456587816464,0.4520722382773776,0.4552134020777711,1,0,0.5546756476163864,0.7291188597679138,-0.009487054023024567,0.27813303848053006,0.21716857239848936,0.5583017319440842,0.7611005306243896,0.006759881566369316,0.00032455703075441513,0.008772338805363765,0.13603705114866357
1782116288.8729448,16.074436902999878,dog_in_grass,nonsocial_movie,non_social,448,1,0.42823578684924646,0.4388974882242983,0.4335666375367724,1,0,0.5533078521490097,0.7350717902183532,-0.011874751867148143,0.27955609207550997,-0.011555001443444669,0.5554605275392532,0.7642275989055634,0.004225044201562082,0.0025348373648072338,0.003766250367653691,0.1373193320699085
1782116288.90599,16.107481956481934,dog_in_grass,nonsocial_movie,non_social,449,1,0.45746292998514027,0.43314880580953036,0.4453058678973353,1,0,0.5505048006772995,0.739257848262787,-0.01552270464111388,0.285171270791078,-1.2961704571885746,0.5530239343643188,0.7675782144069672,0.004142898808610263,8.214539295181914e-05,0.004021780396652488,0.13729759541281703
1782116288.940188,16.141680002212524,dog_in_grass,nonsocial_movie,non_social,450,1,0.4213541197005971,0.413197742141176,0.41727593092088655,1,0,0.5488792806863785,0.7408000409603119,-0.026317021461454558,0.29074704337349605,-1.6925671475162747,0.5531311631202698,0.7680738270282745,0.0005070797535910393,0.0036358190550192238,0.03400068192963329,0.14454415968895384
1782116288.9757388,16.177230834960938,dog_in_grass,nonsocial_movie,non_social,451,1,0.4606225645913489,0.43038547240527675,0.44550401849831284,1,0,0.549385067820549,0.7397342443466186,-0.0331515975107055,0.2932224955595567,-1.389067906774752,0.5542794018983841,0.7675324082374573,0.0012694828075304875,0.0007624030539394482,0.08034699154994333,0.14002584426186904
1782116289.04366,16.24515199661255,dog_in_grass,nonsocial_movie,non_social,452,1,0.4488412503485486,0.4379362723382255,0.44338876134338706,1,0,0.5514147698879241,0.7361061155796051,-0.03213074452540627,0.28571643850489226,-1.836899295377887,0.555697113275528,0.7691976726055145,0.002187009594035713,0.0009175267865052256,0.07566381829505457,0.14135356045249964
1782116289.0816362,16.283128261566162,dog_in_grass,nonsocial_movie,non_social,453,1,0.4407889628662549,0.435411924964206,0.43810044391523045,1,0,0.5528820663690568,0.7341131806373595,-0.022680671996453523,0.28563763639990675,-1.9598703673904148,0.5565928071737289,0.7679814994335175,0.0015104121105049108,0.0006765974835308023,0.05304351135761202,0.14146932371429033
1782116289.1129842,16.314476251602173,dog_in_grass,nonsocial_movie,non_social,454,1,0.4510134966301682,0.4128583548377239,0.431935925733946,1,0,0.5539603471755981,0.7317830264568329,-0.01296504964188783,0.29033558021846206,-1.5588806974276164,0.5568626821041107,0.7665817141532898,0.001425563505702429,8.484860480248175e-05,0.07971879954945416,0.13895457771921774
1782116289.146677,16.348169088363647,dog_in_grass,nonsocial_movie,non_social,455,1,0.420904669897919,0.4348490855898478,0.4278768777438834,1,0,0.5550116240978241,0.7312119245529175,-0.011835875221980102,0.27890930486055554,-1.1458644051455147,0.5574797093868256,0.7670415937900543,0.0007695530832406147,0.0006560104224618144,0.07318780334040222,0.13855754578331764
1782116289.182186,16.38367795944214,dog_in_grass,nonsocial_movie,non_social,456,1,0.44981931459568886,0.4366849671769753,0.4432521408863321,1,0,0.5567985475063324,0.7295616686344146,-0.0012441614196443342,0.28041646157349565,-1.6433180629147641,0.5578440129756927,0.7652102410793304,0.0018672358865277855,0.0010976828032871707,0.07227804809958337,0.13730162862166143
1782116289.2153878,16.416879892349243,dog_in_grass,nonsocial_movie,non_social,457,1,0.47954014835436004,0.4147102379141956,0.4471251931342778,1,0,0.5582096517086029,0.7290714323520661,-0.0036337680999597786,0.27966215410810236,-2.770870936208074,0.5589899271726608,0.7639652788639069,0.0016920550418486377,0.00017518084467914785,0.06448030214244413,0.13680986909447138
1782116289.2499871,16.451479196548462,dog_in_grass,nonsocial_movie,non_social,458,1,0.4363693065210166,0.43526363233239884,0.4358164694267077,1,0,0.559634691476822,0.7277951717376709,0.00813897671620544,0.27399830387041424,-1.7994965257249667,0.5593357235193253,0.76328244805336,0.0007653973015359853,0.0009266577403126523,0.07485696273803148,0.13840551830493403
1782116289.286579,16.488070964813232,dog_in_grass,nonsocial_movie,non_social,459,1,0.4228214694182497,0.4247915369986722,0.42380650320846097,1,0,0.5605222225189209,0.7268832623958588,0.00839302461676817,0.2765653181774644,-1.5707865547439386,0.5605732202529907,0.7605233490467072,0.0030239089758697007,0.002258511674333715,0.07093136699365891,0.13921747741136845
1782116289.3189352,16.520427227020264,dog_in_grass,nonsocial_movie,non_social,460,1,0.44760509642634866,0.44792170301679524,0.447763399721572,1,0,0.5612384259700776,0.7256006479263306,0.008155968856676396,0.2762526576184775,-2.2185053425062207,0.5609916299581528,0.7581979632377625,0.0023627284739925576,0.0006611805018771431,0.07087083268372292,0.13902998989366724
1782116289.3531451,16.55463719367981,dog_in_grass,nonsocial_movie,non_social,461,1,0.4437748589519761,0.4498871381823295,0.4468309985671528,1,0,0.5619394779205322,0.7230859458446504,0.019229656704235112,0.27463265936373815,-2.6046500096388483,0.560690626502037,0.7586623430252075,0.000553400097200151,0.0018093283767924065,0.07477539014812547,0.1377422991177267
1782116289.388709,16.590201139450073,dog_in_grass,nonsocial_movie,non_social,462,1,0.4179586100956003,0.45095241024373134,0.4344555101696658,1,0,0.5623049974441529,0.7207123219966889,0.023925713913640685,0.2739165138935708,-2.8799084583426646,0.5620259493589401,0.7565628886222839,0.0024881310098391154,0.0019347309126389644,0.08014456705587264,0.13910514432079574
1782116289.4226098,16.624101877212524,dog_in_grass,nonsocial_movie,non_social,463,1,0.4276462658218596,0.49037601166627665,0.4590111387440681,1,0,0.5642185807228088,0.7153718531131744,0.02298718054789143,0.27856143406367456,-2.4834269202564534,0.5642629116773605,0.7518590092658997,0.005208692869948369,0.002720561860109254,0.07916657213188176,0.13579323914902897
1782116289.457875,16.659367084503174,dog_in_grass,nonsocial_movie,non_social,464,1,0.41349196025279056,0.47429896333295746,0.443895461792874,1,0,0.566487842798233,0.7113275706768036,0.023998558703101622,0.27323979443028246,-2.6349935339534682,0.5663796067237854,0.7494474053382874,0.003208774130915833,0.0019999187390325364,0.08093163684352182,0.13959362552186894
1782116289.4921222,16.69361424446106,dog_in_grass,nonsocial_movie,non_social,465,1,0.45698203909663415,0.49215853110751384,0.474570285102074,1,0,0.570786428451538,0.7049895644187927,0.027277016122467832,0.26981304087645264,-1.3898742816473606,0.570497676730156,0.7451651692390442,0.005941047600131647,0.002732273469215814,0.06972306273640833,0.13331041096909776
1782116289.526057,16.727549076080322,dog_in_grass,nonsocial_movie,non_social,466,1,0.44449064737886973,0.48981829676271527,0.4671544720707925,1,0,0.5761722862720489,0.6993151843547821,0.03407119717951321,0.2671694572939141,-0.6649039698760569,0.5745374262332916,0.7382223904132843,0.008032543424812893,0.0020914958246812457,0.06820636896864869,0.1326651538525677
1782116289.5598788,16.76137089729309,dog_in_grass,nonsocial_movie,non_social,467,1,0.4120487834417008,0.4298179902784534,0.4209333868600771,1,0,0.5816265106201172,0.6951012670993805,0.03783342914308735,0.25968185019214646,-0.26453509506125117,0.5788573920726776,0.7359212040901184,0.004894646396563048,0.003137897028249845,0.060494773855025025,0.13495279194357457
1782116289.5945432,16.796035289764404,dog_in_grass,nonsocial_movie,non_social,468,1,0.3729341838512098,0.4309994780908317,0.40196683097102076,1,0,0.5873234570026398,0.693017590045929,0.04289651833636339,0.2574556595119213,2.183193137425114,0.5845203995704651,0.7331172525882721,0.006319161174135644,0.0014245147775725957,0.060322017749796605,0.14007074002839134
1782116289.629472,16.83096408843994,dog_in_grass,nonsocial_movie,non_social,469,1,0.4036607647144708,0.38522075473300715,0.394440759723739,1,0,0.5943268239498138,0.6908427774906158,0.0519301869094382,0.2525650664140486,3.0719025175105497,0.5904964059591293,0.7313838601112366,0.00622232286503997,9.683830909567367e-05,0.050884500114274867,0.13822011937026957
1782116289.6643698,16.865861892700195,dog_in_grass,nonsocial_movie,non_social,470,1,0.4218390206529166,0.3761379354699172,0.3989884780614169,1,0,0.6011939227581025,0.690933245420456,0.053760194633603604,0.2553550235399918,5.361001563392467,0.5969218611717224,0.7313911616802216,0.006425459361162376,0.00020313649612240577,0.04138015776798456,0.13765277838488602
1782116289.698117,16.899609088897705,dog_in_grass,nonsocial_movie,non_social,471,1,0.37184410764822606,0.41390992535414534,0.39287701650118567,1,0,0.6069644331932067,0.6937389016151428,0.05285756950358107,0.2550596863395711,6.042727355842649,0.6023483276367188,0.7341078221797943,0.00606850744134575,0.00035695191981662596,0.0014910764507355388,0.13958561246874604
1782116289.732206,16.933698177337646,dog_in_grass,nonsocial_movie,non_social,472,1,0.40460437247279973,0.42658279294185697,0.4155935827073284,1,0,0.6123234570026397,0.6961909472942353,0.05787559012116748,0.2597650039319972,6.803416532141654,0.6057970821857452,0.7360069751739502,0.00393709157051778,0.00213141587082797,0.00018270047355202452,0.13697512427410763
1782116289.766546,16.968038082122803,dog_in_grass,nonsocial_movie,non_social,473,1,0.4162516846181568,0.4173572254735011,0.41680445504582897,1,0,0.6154737055301667,0.6987792134284974,0.06624590723566318,0.2573258962541418,8.180249799736298,0.6083448529243469,0.739840030670166,0.004602548226096635,0.0006654566555788551,0.0008076156045237454,0.13594420991318634
1782116289.80108,17.002572059631348,dog_in_grass,nonsocial_movie,non_social,474,1,0.38381483963849394,0.4065004818809865,0.39515766075974024,1,0,0.617029458284378,0.6981096863746643,0.05730910985669094,0.2597393545845626,7.637005955370845,0.6111637055873871,0.7379169166088104,0.003412374251003574,0.001190173975093061,0.026397246571271033,0.1363098137476158
1782116289.8362482,17.037740230560303,dog_in_grass,nonsocial_movie,non_social,475,1,0.4059616056933769,0.4260388790786634,0.4160002423860202,1,0,0.6181631743907928,0.6988683462142944,0.05297396587482428,0.25004556639734876,6.7016323761815455,0.6129781901836395,0.7404186725616455,0.0030904914168434702,0.00032188283416010374,0.08793773849776029,0.13593955831312546
1782116289.87261,17.07410216331482,dog_in_grass,nonsocial_movie,non_social,476,1,0.40524170528637365,0.43948451355116547,0.42236310941876953,1,0,0.6187010705471039,0.6975083470344543,0.05057531366787792,0.24886546920333413,5.564658832337239,0.6139396727085114,0.7403045296669006,0.000968234086393699,0.002122257330449771,0.030350170766563336,0.1351035126414897
1782116289.904908,17.10640001296997,dog_in_grass,nonsocial_movie,non_social,477,1,0.4170327256610086,0.4562496302032463,0.4366411779321274,1,0,0.6185653686523438,0.6956631362438201,0.03795767045249789,0.2636516403044629,2.996945401812655,0.6147256195545197,0.7355004549026489,0.004867940712998722,0.003899706626605023,0.0009571679665350139,0.13504459344469705
1782116289.93968,17.141172170639038,dog_in_grass,nonsocial_movie,non_social,478,1,0.42882073836028045,0.450746278854145,0.4397835086072127,1,0,0.6184775292873383,0.6944872736930847,0.04308631874640952,0.2630035138335854,1.5934213126403458,0.614325612783432,0.736639678478241,0.0012074087013520648,0.003660532011646657,0.01171256182435513,0.13562207042052668
1782116289.973151,17.17464303970337,dog_in_grass,nonsocial_movie,non_social,479,1,0.43004677725884166,0.44368291504217167,0.4368648461505067,1,0,0.6179617345333099,0.6962666928768158,0.033891730973585735,0.25500445838715347,0.4383440932458766,0.6143606901168823,0.7393841445446014,0.0027446902209040122,0.0015372815195519474,0.055975188875399054,0.13459039061250688
1782116290.007823,17.209315061569214,dog_in_grass,nonsocial_movie,non_social,480,1,0.4333988246860366,0.4644910147927161,0.44894491973937634,1,0,0.615628457069397,0.7011338829994201,0.03505538266720838,0.25971702561488635,-1.917212196483211,0.6138598620891571,0.7406904697418213,0.0013990404691239672,0.001345649751780045,0.07977084338176876,0.13493703801741153
1782116290.041485,17.242977142333984,dog_in_grass,nonsocial_movie,non_social,481,1,0.449313596738083,0.4734216561467526,0.4613676264424178,1,0,0.6136700928211212,0.7094436943531037,0.04063405040586383,0.25665141008417175,-2.434105484226107,0.6117950081825256,0.749769389629364,0.009310768388277631,0.007911727919153663,0.009594963331193933,0.13336749171505133
1782116290.077065,17.278557062149048,dog_in_grass,nonsocial_movie,non_social,482,1,0.4362920816954342,0.47819643632250963,0.4572442590089719,1,0,0.6111513018608092,0.7191706538200379,0.03280400010887683,0.2642775085840793,-4.506293334635482,0.610294759273529,0.7528994083404541,0.003470988896657477,0.005839779491620154,0.0020201566194880498,0.13427178691385103
1782116290.111329,17.31282114982605,dog_in_grass,nonsocial_movie,non_social,483,1,0.40171566091076993,0.47027778931888814,0.435996725114829,1,0,0.6069114625453949,0.7257775604724883,0.009139835242575852,0.27622476657963796,-4.805613405050538,0.6096874475479126,0.758980005979538,0.006110850610226327,0.00263986171356885,0.01599481868860379,0.13663497933019514
1782116290.145549,17.347041130065918,dog_in_grass,nonsocial_movie,non_social,484,1,0.38156337345034047,0.4464516463333381,0.4140075098918393,1,0,0.6008812069892884,0.7311766982078552,0.009858710029092875,0.2807839335394584,-6.307549209497947,0.6057446300983429,0.7662968635559082,0.008311571105002826,0.002200720494776499,0.07985484273494084,0.13655124318594003
1782116290.1797419,17.38123393058777,dog_in_grass,nonsocial_movie,non_social,485,1,0.37590746685889626,0.4399872307131858,0.407947348786041,1,0,0.5970763862133026,0.7357183456420899,0.011173947153990815,0.2880453775582536,-5.531039139189725,0.6005293428897858,0.772132396697998,0.007826408353783272,0.00048516275121955436,0.044394946235623595,0.13244817474666917
1782116290.2139919,17.415483951568604,dog_in_grass,nonsocial_movie,non_social,486,1,0.43178526304309567,0.4315671002380237,0.43167618164055965,1,0,0.5915166854858398,0.7369674980640412,0.0037520047131646512,0.2855291390487945,-6.4792528894045684,0.5964803993701935,0.77326700091362,0.004204910266694815,0.003621498087088457,0.0644249998441412,0.132041606880164
1782116290.249428,17.45092010498047,dog_in_grass,nonsocial_movie,non_social,487,1,0.4250588875887916,0.4394718315023228,0.4322653595455572,1,0,0.5859982013702392,0.7364668548107147,-0.009671847057958552,0.2855694358708365,-6.529240100822343,0.5917962193489075,0.7733809053897858,0.004685564715325743,0.00048065444863092804,0.04811247615766212,0.13298096571307758
1782116290.2846432,17.486135244369507,dog_in_grass,nonsocial_movie,non_social,488,1,0.4799178196349332,0.46135476226662286,0.470636290950778,1,0,0.5816963136196136,0.7347700953483582,-0.010680998711364235,0.2847664044443784,-6.378933139966812,0.5877912938594818,0.7720931768417358,0.004206860229353256,0.000478704485972487,0.06865683005067479,0.13223624543731774
1782116290.317787,17.51927900314331,dog_in_grass,nonsocial_movie,non_social,489,1,0.4797725728473272,0.4632442746815964,0.4715084237644618,1,0,0.5788543760776519,0.7299274444580078,-0.012827576541346674,0.2852890075458309,-7.4910878766589075,0.5853862464427948,0.7667908072471619,0.005822317098370325,0.0016154568690170696,0.06298919619799061,0.13409954656168727
1782116290.3523252,17.55381727218628,dog_in_grass,nonsocial_movie,non_social,490,1,0.4869467270497713,0.5040773216667817,0.49551202435827646,1,0,0.577197265625,0.7262621998786927,-0.011600496460863955,0.27133968957656246,-7.828464669887291,0.5834274888038635,0.7677380442619324,0.0021757732993634617,0.0036465437990068636,0.05505550022388226,0.1328066163765657
1782116290.38677,17.58826208114624,dog_in_grass,nonsocial_movie,non_social,491,1,0.4666311148472461,0.4962469413221375,0.4814390280846918,1,0,0.5756283283233643,0.7260668814182281,-0.003301057851774055,0.26480146174161406,-8.982677394206572,0.5814773440361023,0.7689619660377502,0.0023024007315295214,0.0001266274321660597,0.05806859734418634,0.1345523889791402
1782116290.421139,17.622631072998047,dog_in_grass,nonsocial_movie,non_social,492,1,0.4756155162327962,0.4832027660892698,0.479409141161033,1,0,0.5733340680599213,0.7285911023616791,-0.0005895763922245934,0.2658306892985657,-9.145928374280448,0.5789235532283783,0.7705465257167816,0.0030054412098771124,0.000703040478347591,0.04160005559912841,0.13375192403030303
1782116290.456841,17.65833306312561,dog_in_grass,nonsocial_movie,non_social,493,1,0.5047411132487979,0.4899485007496543,0.4973448069992261,1,0,0.571432888507843,0.7304657280445099,0.0048632165158914884,0.26634968341198995,-9.466336613279141,0.5762823075056076,0.7727963030338287,0.003469535551677516,0.0004640943418004035,0.04908137608856506,0.13381363053898498
1782116290.48937,17.69086217880249,dog_in_grass,nonsocial_movie,non_social,494,1,0.4875372794842676,0.47701348818193456,0.4822753838331011,1,0,0.5690063774585723,0.7325465261936188,0.004327661188226039,0.2729114394656368,-9.560842560330558,0.5742515921592712,0.7728816568851471,0.0020325083266203112,0.0014370272250572047,0.032371638202826736,0.1351770422464347
1782116290.525551,17.72704315185547,dog_in_grass,nonsocial_movie,non_social,495,1,0.5104922818584143,0.4866676994079844,0.49857999063319935,1,0,0.5683213114738463,0.7337639987468719,-0.004598743976830428,0.2671622431980628,-9.16628446438412,0.5738133192062378,0.7762341201305389,0.003380989942762901,0.00134848161614259,0.027885516528867473,0.13238511179015738
1782116290.559037,17.760529041290283,dog_in_grass,nonsocial_movie,non_social,496,1,0.49370862881334465,0.46639094484684657,0.4800497868300956,1,0,0.5671319901943207,0.7338980257511138,-0.011320659916187754,0.270666047014787,-7.788616337336659,0.573198139667511,0.7740470170974731,0.002271973930773355,0.001109016011989546,0.021339291161359557,0.13402133739252767
1782116290.5926242,17.794116258621216,dog_in_grass,nonsocial_movie,non_social,497,1,0.5088350668460979,0.4711369363916905,0.4899860016188942,1,0,0.5669208765029907,0.7334819257259368,-0.005013311047128693,0.2757136283346891,-7.969052458497092,0.5723568648099899,0.7708562612533569,0.003299797909366395,0.0010278239785930397,0.02070493351660438,0.13326658924985016
1782116290.6274428,17.828934907913208,dog_in_grass,nonsocial_movie,non_social,498,1,0.5093029529309665,0.46405954637511115,0.4866812496530388,1,0,0.567344743013382,0.7333861529827118,-0.002888586208605649,0.27830683479042484,-8.317411722313915,0.5724517107009888,0.7697316110134125,0.001128642505511152,0.002171155403855243,0.02346785933462901,0.1337629760917413
1782116290.66418,17.86567211151123,dog_in_grass,nonsocial_movie,non_social,499,1,0.4997962173408146,0.4694423507517105,0.48461928404626253,1,0,0.5671598434448242,0.7348283112049103,-0.0075399284215823745,0.2774693118645113,-8.241155148971393,0.5722593367099762,0.7697182893753052,0.0001928346920550539,0.0009358078134560981,0.03156369151711142,0.1357703779352703
1782116290.696734,17.898226022720337,dog_in_grass,nonsocial_movie,non_social,500,1,0.4505394482741419,0.4774077350174235,0.46397359164578267,1,0,0.5674858629703522,0.7391155898571015,-0.007287584631499048,0.27341652248834464,-8.74901854796512,0.5721206367015839,0.773175984621048,0.0034604759939581117,0.003267641301903058,0.06424978306228361,0.14293613628932478
1782116290.73054,17.932032108306885,dog_in_grass,nonsocial_movie,non_social,501,1,0.42945369137317524,0.44704530865227354,0.4382495000127244,1,0,0.5683311760425567,0.7408232808113098,-0.0037350099667111704,0.27904097773845465,-8.613848491022079,0.5724996030330658,0.7722868919372559,0.0009664891519150845,0.0024939868420430274,0.09137789751762122,0.14535291085497823
1782116290.7652092,17.96670126914978,dog_in_grass,nonsocial_movie,non_social,502,1,0.4357962103794556,0.4317819033835714,0.4337890568815135,1,0,0.5690441727638245,0.7424920678138733,-0.009653399184378747,0.2778262550070822,-7.99356477088534,0.5738444030284882,0.7729448676109314,0.0014971369392399497,0.0005306477873248652,0.06492750832942153,0.14545450547822988
1782116290.8002,18.001692056655884,dog_in_grass,nonsocial_movie,non_social,503,1,0.43020911125731987,0.41903538927136624,0.4246222502643431,1,0,0.5701071739196777,0.7427039086818694,-0.010372489656320856,0.28444856957103887,-6.849872882455585,0.5754149705171585,0.7740071415901184,0.0018960770668214136,0.0003989401275814638,0.05197918676145817,0.14432900926693004
1782116290.835197,18.036689043045044,dog_in_grass,nonsocial_movie,non_social,504,1,0.4312563285309511,0.4129305077696626,0.4220934181503069,1,0,0.571265172958374,0.7432362973690033,-0.005403010548946482,0.2849335187589765,-6.397501326965553,0.5757327526807785,0.7742922306060791,0.00042692066070458784,0.0014691564061168256,0.05983447998750809,0.14415898866475096
1782116290.868885,18.070377111434937,dog_in_grass,nonsocial_movie,non_social,505,1,0.47104301881045163,0.4262164046343269,0.4486297117223893,1,0,0.572560042142868,0.744114363193512,-0.0031810798484219515,0.27935965729709983,-7.5004868110916805,0.5769489705562592,0.7788233458995819,0.004691502075418246,0.0042645814147136574,0.04542914462094548,0.14263122202498207
1782116290.902886,18.10437798500061,dog_in_grass,nonsocial_movie,non_social,506,1,0.4419163528251668,0.41045328052733493,0.42618481667625085,1,0,0.5739011228084565,0.7447828114032745,0.007348248385415432,0.27886244111662695,-7.252503756469402,0.5769088566303253,0.778201699256897,0.000622939543948912,0.004068562531469333,0.04859389219305411,0.1431090412323612
1782116290.938624,18.140115976333618,dog_in_grass,nonsocial_movie,non_social,507,1,0.45801432025210487,0.4488832677312999,0.45344879399170235,1,0,0.5748237073421478,0.7461474180221558,0.013498446936473714,0.27561023188089956,-7.312171218194051,0.5783939957618713,0.7803767323493958,0.00263370598084032,0.0020107664368914082,0.07138052527494493,0.14322708630345032
1782116290.971489,18.172981023788452,dog_in_grass,nonsocial_movie,non_social,508,1,0.44685787305619873,0.43958780078388277,0.4432228369200407,1,0,0.57674919962883,0.747365164756775,0.011706305182952534,0.28046762626106453,-6.832207398398728,0.5792249590158463,0.7802998125553131,0.0008345157782680291,0.001799190202572291,0.08700695086200533,0.14178056399091574
1782116291.006101,18.207592964172363,dog_in_grass,nonsocial_movie,non_social,509,1,0.4406524569632141,0.4784465917241441,0.4595495243436791,1,0,0.5768708646297456,0.749120706319809,0.015016072305613354,0.2822308803837249,-6.926359718772472,0.5807216316461563,0.7800547182559967,0.0015166081161185408,0.0006820923378505117,0.08748824589770617,0.1440108019366281
1782116291.041365,18.242856979370117,dog_in_grass,nonsocial_movie,non_social,510,1,0.43070591974237216,0.46759690627153805,0.4491514130069551,1,0,0.5783372938632965,0.7490228295326233,0.01507419925214497,0.286629141009294,-6.694209704677701,0.5816024094820023,0.779345691204071,0.001130702859499286,0.0003859052566192549,0.0927059299381109,0.1437193576448353
1782116291.077041,18.27853298187256,dog_in_grass,nonsocial_movie,non_social,511,1,0.46291649029754833,0.4457438922860542,0.4543301912918013,1,0,0.5794682562351228,0.7498139619827271,0.010089886594452197,0.28313298761875394,-6.13382972135341,0.5825256407260895,0.7804954051971436,0.001474516258277802,0.00034381339877851617,0.10343555627835395,0.14314573871002811
1782116291.110244,18.31173610687256,dog_in_grass,nonsocial_movie,non_social,512,1,0.46494269600991955,0.4610504615933791,0.46299657880164935,1,0,0.5800932407379151,0.7508147597312926,0.014309442884335688,0.2872585446641625,-5.6489703065739505,0.5827656686306,0.7805944383144379,0.00025965545105914806,0.001214860807218654,0.09353640777202782,0.1420064775710257
1782116291.14359,18.34508204460144,dog_in_grass,nonsocial_movie,non_social,513,1,0.4996151723047582,0.46663218360355047,0.48312367795415434,1,0,0.5799063146114349,0.751256012916565,0.007689774661352857,0.28575924191410257,-4.953694192462743,0.5824048817157745,0.7817958891391754,0.0012544525826717386,0.0009947971316125906,0.08804984934598879,0.14065100437183392
1782116291.1788218,18.380313873291016,dog_in_grass,nonsocial_movie,non_social,514,1,0.49321889091630844,0.4710781364240528,0.48214851367018063,1,0,0.5788018465042114,0.7524615466594696,0.01338301193744588,0.2904810233304222,-5.0158322438946,0.580718070268631,0.7819694876670837,0.0016957208812497624,0.0004412682985780237,0.10937178170220777,0.1408680600779365
1782116291.212312,18.413804054260254,dog_in_grass,nonsocial_movie,non_social,515,1,0.49010810811772615,0.4802873334936532,0.4851977208056897,1,0,0.5769210278987884,0.7533645808696747,0.00629471466609165,0.29821859305466564,-4.2036767259710555,0.5795707404613495,0.7809987366199493,0.001502904947822424,0.0001928159334273383,0.08571104828949248,0.14011329032460818
1782116291.247894,18.44938611984253,dog_in_grass,nonsocial_movie,non_social,516,1,0.4718683810333851,0.44113375475449706,0.45650106789394107,1,0,0.5756744265556335,0.7544167459011077,0.0023162298557275586,0.29995583406775334,-4.351268291329435,0.5790687799453735,0.7811090350151062,0.0005139358866366728,0.0009889690611857513,0.08892183492952377,0.13969926386738005
1782116291.28264,18.484132051467896,dog_in_grass,nonsocial_movie,non_social,517,1,0.4806148178704933,0.44780125629999423,0.4642080370852438,1,0,0.5741748511791229,0.7568990826606751,-0.0002765948967239828,0.2963835346743941,-4.70467690908981,0.578059658408165,0.7849199175834656,0.0039422268106596185,0.0034282909240229455,0.07131983545799853,0.14124568421602907
1782116291.3158982,18.517390251159668,dog_in_grass,nonsocial_movie,non_social,518,1,0.4945958494126272,0.4243742485143707,0.45948504896349895,1,0,0.5729920089244842,0.7595510363578797,-0.015410898004447351,0.2979320344693279,-3.7889825281322795,0.578252524137497,0.7859703600406647,0.0010680011916834311,0.0028742256189761874,0.03328837034486211,0.14232188774910323
1782116291.3501859,18.551677942276,dog_in_grass,nonsocial_movie,non_social,519,1,0.4774503856429717,0.4439556145834936,0.4607030001132326,1,0,0.5720102906227111,0.762418133020401,-0.015752785392976438,0.2983744721541629,-4.105551835536837,0.577747032046318,0.7860254943370819,0.0005084899653737869,0.0005595112263096443,0.032472562814788254,0.14186859536382726
1782116291.385649,18.587141036987305,dog_in_grass,nonsocial_movie,non_social,520,1,0.4785164091993831,0.43962579638235294,0.45907110279086805,1,0,0.5708730638027191,0.765390944480896,-0.021245916732202517,0.30192965998298743,-4.530775806838384,0.5770447701215744,0.7873781323432922,0.0015240739440031473,0.0010155839786293603,0.01405881248156578,0.14204130501335893
1782116291.419643,18.621134996414185,dog_in_grass,nonsocial_movie,non_social,521,1,0.5116042914087702,0.4613743972153309,0.48648934431205054,1,0,0.5692621529102326,0.7666418612003326,-0.024367901840582032,0.3108908478609266,-3.234289900487757,0.5754868686199188,0.7863249182701111,0.001880509764081947,0.0003564358200787998,0.032367323261135214,0.14172106769410875
1782116291.4566998,18.658191919326782,dog_in_grass,nonsocial_movie,non_social,522,1,0.5415249950751648,0.45145074784585326,0.49648787146050904,1,0,0.567432302236557,0.7679660201072693,-0.02843086461130529,0.32079547509387296,-3.2651076467055407,0.5740066319704056,0.7851339876651764,0.001899846373876664,1.9336609794716898e-05,0.01670095841772371,0.14529421341537177
1782116291.4878972,18.6893892288208,dog_in_grass,nonsocial_movie,non_social,523,1,0.5350641925749566,0.4483600041228207,0.4917120983488886,1,0,0.5652567267417907,0.76785848736763,-0.03487533429108053,0.3237938266172734,-2.550589658161379,0.5726602673530579,0.7857169806957245,0.001467166846856048,0.000432679527020616,0.0010412586969486368,0.14552667707371994
1782116291.522897,18.72438907623291,dog_in_grass,nonsocial_movie,non_social,524,1,0.5191668480955361,0.432182827441563,0.4756748377685496,1,0,0.5635301768779755,0.7703814029693603,-0.029168227034665078,0.3228754011449715,-3.3559181817754165,0.5702921748161316,0.7867492437362671,0.0025832981338428894,0.0011161312869868414,0.006777803504661395,0.14860367276194078
1782116291.556504,18.757996082305908,dog_in_grass,nonsocial_movie,non_social,525,1,0.538605922159128,0.4540875994066247,0.4963467607828763,1,0,0.5626782774925232,0.7721057772636413,-0.03412231777107125,0.3270346115377434,-3.373228509229172,0.5690328627824783,0.7883902192115784,0.0020684939711483295,0.0005148041626945599,0.01824791367092888,0.14793226869037535
1782116291.591155,18.792647123336792,dog_in_grass,nonsocial_movie,non_social,526,1,0.5384013209865461,0.4492739319917577,0.4938376264891519,1,0,0.5619797229766845,0.7745981454849242,-0.03259589855283283,0.32279766248080366,-2.8027448942867417,0.5684070885181427,0.7930688560009003,0.004720300375643602,0.002651806404495273,0.003921629365910803,0.14889689264190537
1782116291.626135,18.827627182006836,dog_in_grass,nonsocial_movie,non_social,527,1,0.5328876571596947,0.44915248777421485,0.4910200724669548,1,0,0.5620889961719513,0.7779509663581847,-0.026511509320350866,0.32360532153526306,-3.5609033173407716,0.5681263208389282,0.7942627370357513,0.001226451146629394,0.003493849229014208,0.03632950264255934,0.14635459461979206
1782116291.6603892,18.861881256103516,dog_in_grass,nonsocial_movie,non_social,528,1,0.49967825227279544,0.4357206672804426,0.46769945977661903,1,0,0.5626341611146927,0.7811095535755157,-0.02127530506435607,0.32293699469017023,-3.8190569688279155,0.5681160986423492,0.7939190566539764,0.00034383236921477,0.0008826187774146242,0.06559179448301841,0.14787925237979868
1782116291.6948621,18.89635419845581,dog_in_grass,nonsocial_movie,non_social,529,1,0.5117462039858272,0.44396996735841104,0.47785808567211907,1,0,0.5618957519531249,0.7844324588775635,-0.030061804880450696,0.3231531386280779,-3.7296913943874754,0.5676233917474747,0.7963379621505737,0.0024685752744701803,0.0021247429052554103,0.0608522383786829,0.14614666779787056
1782116291.7297258,18.931217908859253,dog_in_grass,nonsocial_movie,non_social,530,1,0.505327753602693,0.4513938564613715,0.47836080503203227,1,0,0.5614161193370819,0.786646431684494,-0.03322590775329376,0.3159103993437262,-3.1450911342715373,0.5674088597297668,0.8006174266338348,0.004284838415869968,0.0018162631413997875,0.034772759883800845,0.1481121383108242
1782116291.76304,18.964532136917114,dog_in_grass,nonsocial_movie,non_social,531,1,0.4955331414044815,0.4403664165893358,0.46794977899690865,1,0,0.5601612478494644,0.7881676495075226,-0.03933469959906843,0.32323231737302965,-2.8614946153933145,0.5668903142213821,0.8013069331645966,0.0008627332729349279,0.00342210514293504,0.009151810827722753,0.14635429417532467
1782116291.7991118,19.000603914260864,dog_in_grass,nonsocial_movie,non_social,532,1,0.5148366979725942,0.4283798521876238,0.47160827508010905,1,0,0.5591509401798248,0.790127557516098,-0.03914609393942112,0.3294424160067644,-2.1403389667632156,0.5660867393016815,0.8001927137374878,0.0013737603806044363,0.0005110271076695085,0.007884391753314615,0.14521636770013288
1782116291.834072,19.035564184188843,dog_in_grass,nonsocial_movie,non_social,533,1,0.5173681066834515,0.4186814439900117,0.4680247753367316,1,0,0.557478415966034,0.7920565962791443,-0.04551945933729904,0.3302929455386205,-2.126909559204593,0.5656991004943848,0.804103821516037,0.003930270715911369,0.0025565103353069325,0.006749276022439771,0.14500554961198406
1782116291.867884,19.06937599182129,dog_in_grass,nonsocial_movie,non_social,534,1,0.5080633630263893,0.42159320581686566,0.4648282844216275,1,0,0.5562323480844498,0.7942703902721404,-0.04880387081694097,0.32707134027714524,-2.37505130690992,0.5646988451480865,0.8084381222724915,0.004448221420433108,0.0005179507045217392,0.004069338288538269,0.1454726794735092
1782116291.901244,19.102735996246338,dog_in_grass,nonsocial_movie,non_social,535,1,0.49395911957035565,0.40981478719659653,0.45188695338347606,1,0,0.5553375333547592,0.7983282387256623,-0.041599737627351606,0.33356049989325687,-2.2304743754113705,0.5634437501430511,0.8077243864536285,0.0014438428899269918,0.0030043785305061163,0.0019842934314147523,0.14896971729707728
1782116291.9361548,19.137646913528442,dog_in_grass,nonsocial_movie,non_social,536,1,0.48752039705904865,0.41560392848852407,0.45156216277378636,1,0,0.5546182930469513,0.8011628985404968,-0.03636077323532337,0.3399254900296946,-2.4990381132508235,0.5622863471508026,0.8068534433841705,0.0014484900816722215,4.6471917452297045e-06,0.0020960027883513022,0.14724604790434295
1782116291.970237,19.17172908782959,dog_in_grass,nonsocial_movie,non_social,537,1,0.4966584703036628,0.3760625229433378,0.4363604966235003,1,0,0.5548680573701859,0.8027274250984192,-0.03256296038708379,0.3425966860523234,-3.2040961904465046,0.5617076754570007,0.8072745501995087,0.0007156758198596363,0.0007328142618125852,0.0026837322092740654,0.14758859251361797
1782116292.00475,19.206242084503174,dog_in_grass,nonsocial_movie,non_social,538,1,0.5000845608827604,0.386896177410314,0.4434903691465372,1,0,0.5549127101898192,0.8037785768508912,-0.029857189165300852,0.33990876406279963,-2.8320736236465183,0.5612838864326477,0.8084094226360321,0.0012114175928814698,0.0004957417730218336,0.00277257983340228,0.14810664185590997
1782116292.0393379,19.240829944610596,dog_in_grass,nonsocial_movie,non_social,539,1,0.4957308924120493,0.40243532290237843,0.4490831076572139,1,0,0.5553624510765076,0.8044014394283294,-0.03472590413166217,0.34025184071246944,-2.9444313586069435,0.5619347095489502,0.8080134987831116,0.0007617915896261418,0.00044962600325532804,0.003245247770592061,0.14790732443137972
1782116292.073867,19.27535915374756,dog_in_grass,nonsocial_movie,non_social,540,1,0.4951942447621307,0.39718379558851535,0.446189020175323,1,0,0.5560767829418183,0.8035031616687774,-0.03151557202511522,0.34292694254015765,-2.248480047977452,0.5622424930334091,0.8065254986286163,0.0015194983162489955,0.0007577067266228537,0.0022096012975710267,0.14878277872748472
1782116292.10784,19.309332132339478,dog_in_grass,nonsocial_movie,non_social,541,1,0.4968126240483543,0.3786075343327536,0.43771007919055394,1,0,0.5562195837497712,0.8031855404376984,-0.032392808634813065,0.3432014486544951,-2.893428752555772,0.562656581401825,0.8068336844444275,0.0005161856971328,0.0010033126191161955,0.0032349713319360634,0.14724007034765008
1782116292.142007,19.343499183654785,dog_in_grass,nonsocial_movie,non_social,542,1,0.4998071591312426,0.3905870208610061,0.44519708999612434,1,0,0.5564556002616883,0.8041362345218659,-0.03331796488209491,0.33929995816014835,-2.5697105119913,0.5622620582580566,0.8094862997531891,0.002681793520621081,0.002165607823488281,0.003125586067958324,0.14816874934275714
1782116292.176949,19.378441095352173,dog_in_grass,nonsocial_movie,non_social,543,1,0.5103075677776606,0.3721248019713622,0.4412161848745114,1,0,0.5567857146263122,0.8036722302436828,-0.032774749372442104,0.34112142493183945,-2.6728351785521096,0.5622751414775848,0.8091981709003448,0.0002884257382318016,0.002393367782389279,0.002325600057167276,0.14706612716000922
1782116292.211274,19.412765979766846,dog_in_grass,nonsocial_movie,non_social,544,1,0.5035701789822341,0.3795945264587713,0.4415823527205027,1,0,0.557196992635727,0.8043680310249328,-0.02801236807693768,0.34016885651221845,-1.9275021659186413,0.5617261826992035,0.8094322979450226,0.0005968008155251394,0.00030837507729333775,0.003277688447590845,0.14691616730209314
1782116292.247781,19.449273109436035,dog_in_grass,nonsocial_movie,non_social,545,1,0.5080017066057602,0.38797033717054,0.44798602188815007,1,0,0.5574806094169618,0.8046745896339417,-0.020647558747195607,0.34346309086397414,-1.5336046641034478,0.560818076133728,0.8075979053974152,0.002046864322073471,0.0014500635065483316,0.0026434233660526684,0.14652031325031864
1782116292.27992,19.481412172317505,dog_in_grass,nonsocial_movie,non_social,546,1,0.488470552343661,0.3673023906299495,0.42788647148680525,1,0,0.5568451941013336,0.8051405131816864,-0.023930040931990908,0.34375648924737623,-1.8773902032223604,0.5604188740253448,0.8071922659873962,0.0005691270985448447,0.0014777372235286264,0.0032528749638059554,0.1473464534564668
1782116292.3148952,19.516387224197388,dog_in_grass,nonsocial_movie,non_social,547,1,0.4804500449997691,0.38090789299153915,0.43067896899565417,1,0,0.5560761392116547,0.8050074279308319,-0.023971707145536474,0.34197294483116153,-2.4037054150116064,0.5604250282049179,0.8092902600765228,0.00209800311533046,0.0015288760167856152,0.0027996832006249458,0.14750507095186455
1782116292.348727,19.55021905899048,dog_in_grass,nonsocial_movie,non_social,548,1,0.48356532015363024,0.3955140661784386,0.4395396931660344,1,0,0.5556603014469147,0.8039758920669555,-0.021010013292197333,0.3485951978806104,-2.4448067766650055,0.5592067837715149,0.8064055740833282,0.0031313787344954673,0.0010333756191650075,0.00296231769840862,0.14585350175994988
