timestamp,elapsed_time,stimulus_id,stimulus_type,paper_category,frame_index,face_detected,left_ear,right_ear,avg_ear,eye_open,blink_state,gaze_x,gaze_y,yaw_proxy,pitch_proxy,roll_proxy_deg,head_center_x,head_center_y,head_movement,head_acceleration,mouth_open,eyebrow_signal
1782116352.403141,79.60463309288025,fun_at_the_park,two_speaker_attention_movie,speech_social,2290,1,0.4511745213986465,0.4496941725175401,0.4504343469580933,1,0,0.6144967555999756,0.6712971448898315,0.011703859638260853,0.251800027121194,1.5447174523815852,0.6155655086040497,0.7095530033111572,0.0002468269434049974,0.0002468269434049974,0.06211645451229951,0.13445371071274342
1782116352.4377542,79.63924622535706,fun_at_the_park,two_speaker_attention_movie,speech_social,2291,1,0.4628887298823637,0.4264871364432366,0.44468793316280014,1,0,0.6139684259891509,0.6719052374362946,0.003815989301397168,0.2508456949226998,0.9014519218587508,0.615800142288208,0.7090758979320526,0.000531678952481915,0.0002848520090769176,0.06300554982952963,0.13497603672591513
1782116352.471256,79.67274808883667,fun_at_the_park,two_speaker_attention_movie,speech_social,2292,1,0.44970274095623247,0.4484343404591597,0.4490685407076961,1,0,0.6137766122817994,0.673054552078247,0.005170582247040111,0.24607882221959163,1.6014252330023564,0.6156250536441803,0.7105597853660583,0.0014941813645162336,0.0009625024120343186,0.06734555562180818,0.13579511475152045
1782116352.505833,79.70732498168945,fun_at_the_park,two_speaker_attention_movie,speech_social,2293,1,0.46514368222150504,0.4607416043770692,0.46294264329928714,1,0,0.6129072189331055,0.6736895740032196,0.0022407226790100445,0.2402546806064536,1.032948211472011,0.6151137351989746,0.7122941017150879,0.0018081205023224307,0.00031393913780619707,0.07794880471650789,0.1361548826381283
1782116352.540129,79.74162101745605,fun_at_the_park,two_speaker_attention_movie,speech_social,2294,1,0.44111700208031596,0.45698002831735757,0.44904851519883676,1,0,0.6120640099048614,0.6741277754306794,-0.001395585936224858,0.24589570108934203,1.351293621592092,0.6147719323635101,0.7119751274585724,0.00046751872117721077,0.00134060178114522,0.07740130149178288,0.13534395125606258
1782116352.575339,79.77683115005493,fun_at_the_park,two_speaker_attention_movie,speech_social,2295,1,0.44492970247218466,0.4291720314483685,0.4370508669602766,1,0,0.6111432433128356,0.6754884421825409,-0.004991706743191772,0.24262837334438395,1.5776337289414053,0.6142911612987518,0.7129902541637421,0.001123219944738107,0.0006557012235608962,0.07350606248352272,0.1362462748563167
1782116352.60919,79.81068205833435,fun_at_the_park,two_speaker_attention_movie,speech_social,2296,1,0.4478209693736988,0.4403548514805053,0.44408791042710205,1,0,0.6101736545562744,0.676071047782898,-0.010861947644011292,0.24214001197486099,1.9350143240592794,0.6130527555942535,0.7152504026889801,0.0025771922794137,0.001453972334675593,0.06630353841651808,0.13404785406798703
1782116352.643807,79.84529900550842,fun_at_the_park,two_speaker_attention_movie,speech_social,2297,1,0.453466740784984,0.4271160082426768,0.4402913745138304,1,0,0.6088324010372161,0.6774695098400116,-0.017059027893088777,0.24130689919539094,1.4046800236547556,0.6121702790260315,0.7157673835754395,0.0010227580996625034,0.0015544341797511965,0.0783638884432739,0.13267942375967273
1782116352.6783528,79.87984490394592,fun_at_the_park,two_speaker_attention_movie,speech_social,2298,1,0.449841684850737,0.4084698814113304,0.4291557831310337,1,0,0.6075986385345459,0.6778003334999084,-0.018957766197228533,0.24665861439786388,1.0314333662939532,0.6111255884170532,0.7158530056476593,0.0010481934972793013,2.543539761679786e-05,0.07128306050901195,0.13509923733674614
1782116352.712991,79.91448307037354,fun_at_the_park,two_speaker_attention_movie,speech_social,2299,1,0.4617975077119585,0.4206785174226922,0.4412380125673253,1,0,0.6071895062923431,0.6778504431247712,-0.011806613839270287,0.24733628433591523,0.34130210930604427,0.6098853349685669,0.7160790860652924,0.0012606906724963766,0.0002124971752170753,0.07792752846620137,0.133626523697824
1782116352.74639,79.94788217544556,fun_at_the_park,two_speaker_attention_movie,speech_social,2300,1,0.4723483250061851,0.43720178860673564,0.45477505680646035,1,0,0.6073632597923279,0.6775624513626098,-0.012105712839257586,0.2481252404533968,-0.24703740838319288,0.6089490056037903,0.715284138917923,0.0012282726270880153,3.24180454083613e-05,0.0754742585018152,0.13328652074394534
1782116352.78126,79.98275208473206,fun_at_the_park,two_speaker_attention_movie,speech_social,2301,1,0.4635123074563184,0.4432096155745169,0.4533609615154176,1,0,0.6066401302814484,0.6772521913051606,-0.011113350345683438,0.24274118932369668,-0.3032734822796878,0.6076496243476868,0.7152105271816254,0.0013014646888924411,7.319206180442586e-05,0.0835121051520483,0.1336348082787007
1782116352.815615,80.0171070098877,fun_at_the_park,two_speaker_attention_movie,speech_social,2302,1,0.4844026665069865,0.4545465476589815,0.469474607082984,1,0,0.6051698982715608,0.6758436322212219,-0.002800915609089765,0.2514004828763768,0.43515330569504584,0.606094479560852,0.713153749704361,0.002578528436725359,0.001277063747832918,0.06458790143594983,0.133759169848776
1782116352.8510232,80.0525152683258,fun_at_the_park,two_speaker_attention_movie,speech_social,2303,1,0.49113771535209455,0.44269087499830034,0.46691429517519745,1,0,0.6037418365478515,0.674573940038681,-0.009865589992399948,0.2520861346809441,-0.1544470642923998,0.605059027671814,0.7108572423458099,0.0025191480032724454,5.938043345291369e-05,0.06277411363273677,0.13354351540144135
1782116352.885237,80.08672904968262,fun_at_the_park,two_speaker_attention_movie,speech_social,2304,1,0.4744047979966227,0.4094560265472574,0.4419304122719401,1,0,0.602101856470108,0.6735374987125397,-0.004874749276711968,0.2457267659151502,-1.0820755636659025,0.60313880443573,0.7128838896751404,0.002791873326975827,0.0002727253237033815,0.06255747253767861,0.13485535482449373
1782116352.919469,80.12096118927002,fun_at_the_park,two_speaker_attention_movie,speech_social,2305,1,0.4816951181144022,0.4372869318823712,0.4594910249983867,1,0,0.6007561743259431,0.6718481540679933,-0.010166825198131849,0.2505011682467965,-2.1866749894716024,0.6012232303619385,0.711204469203949,0.002547523729278874,0.00024434959769695274,0.041418126039948384,0.13489684655021178
1782116352.9533088,80.15480089187622,fun_at_the_park,two_speaker_attention_movie,speech_social,2306,1,0.4947695611649437,0.44343463219603135,0.4691020966804875,1,0,0.5986473739147187,0.6711816847324371,-0.010918575511226297,0.2539698921567281,-0.424994580642414,0.5996649861335754,0.7098172605037689,0.0020862581463188946,0.00046126558295997953,0.047253132800273746,0.1341872109063229
1782116352.988312,80.18980407714844,fun_at_the_park,two_speaker_attention_movie,speech_social,2307,1,0.47212078833402826,0.45605778729880797,0.4640892878164181,1,0,0.5977131962776183,0.6702527105808258,-0.00791839565097754,0.25039146949547153,-2.1062747561252144,0.5987448990345001,0.7108651101589203,0.0013944709282325222,0.0006917872180863724,0.049646586175743884,0.13603748708100455
1782116353.022502,80.22399401664734,fun_at_the_park,two_speaker_attention_movie,speech_social,2308,1,0.47891486377001874,0.4419293365216532,0.46042210014583596,1,0,0.5971713483333587,0.6705002367496491,-0.011305602791265657,0.2516446601588107,-2.3947402213778584,0.5981824994087219,0.7113755941390991,0.0007595309296497942,0.000634939998582728,0.05898750683639129,0.13690426494878197
1782116353.06022,80.26171207427979,fun_at_the_park,two_speaker_attention_movie,speech_social,2309,1,0.4784308930519994,0.44624394671701073,0.46233741988450505,1,0,0.5962124705314636,0.671203750371933,-0.014544162713682494,0.24590797156644284,-3.525175591556269,0.5983671844005585,0.7122288644313812,0.0008730284863054892,0.00011349755665569501,0.06307634878412272,0.13702856086225795
1782116353.091784,80.29327607154846,fun_at_the_park,two_speaker_attention_movie,speech_social,2310,1,0.46428461643603175,0.43662547757864845,0.45045504700734007,1,0,0.5960911452770233,0.6716543912887574,-0.012721537889177953,0.24351900894995104,-3.955631132069942,0.5977676212787628,0.7134321331977844,0.0013443703586507793,0.0004713418723452901,0.06797049481183744,0.1346318432291197
1782116353.1264472,80.32793927192688,fun_at_the_park,two_speaker_attention_movie,speech_social,2311,1,0.4690777105247329,0.4299618060699538,0.44951975829734336,1,0,0.5954070508480072,0.6737201750278472,-0.022347943392292364,0.23842034321297206,-4.637287523316397,0.598166435956955,0.7160411179065704,0.002639290502809557,0.0012949201441587775,0.0734495212350816,0.13458623575733747
1782116353.161109,80.36260104179382,fun_at_the_park,two_speaker_attention_movie,speech_social,2312,1,0.463147360637693,0.4187994516811114,0.44097340615940217,1,0,0.5944786608219146,0.6735663473606109,-0.03507773862630561,0.23781047313331033,-4.529564629950657,0.5990531146526337,0.7176935374736786,0.0018752838545490653,0.0007640066482604915,0.08617905400480697,0.13281716361890059
1782116353.194947,80.39643907546997,fun_at_the_park,two_speaker_attention_movie,speech_social,2313,1,0.4711957916136239,0.4268599232210719,0.4490278574173479,1,0,0.5910455644130707,0.6749634563922882,-0.04595642212918342,0.23542052538771677,-5.20214041316935,0.600113719701767,0.7182187438011169,0.001183522182567076,0.0006917616719819893,0.08297012832890603,0.13383524093417892
1782116353.228962,80.43045401573181,fun_at_the_park,two_speaker_attention_movie,speech_social,2314,1,0.4914295605521784,0.4358429443761092,0.4636362524641438,1,0,0.5902390837669373,0.6751247644424438,-0.06762108827252371,0.2374284948774918,-6.095323375031078,0.6013312935829163,0.7189469039440155,0.001418697765474733,0.00023517558290765705,0.061076474750538366,0.13729394577955523
1782116353.263743,80.4652349948883,fun_at_the_park,two_speaker_attention_movie,speech_social,2315,1,0.47389003642296423,0.44695170235517534,0.4604208693890698,1,0,0.5902116358280183,0.6749952793121338,-0.06688948746546958,0.23561429788289537,-6.2294108392023615,0.6011397540569305,0.719072163105011,0.00022886075991337151,0.0011898370055613615,0.02977362658207008,0.13565124428151798
1782116353.298455,80.49994707107544,fun_at_the_park,two_speaker_attention_movie,speech_social,2316,1,0.46551934072066015,0.42336718968590803,0.4444432652032841,1,0,0.5905337274074554,0.6753452062606812,-0.07000394620060761,0.24080243661419903,-6.023369767368903,0.6016911268234253,0.7184446156024933,0.000835360877434584,0.0006065001175212125,0.036951447317097194,0.1359598126194269
1782116353.333739,80.53523111343384,fun_at_the_park,two_speaker_attention_movie,speech_social,2317,1,0.474332260756288,0.42225498907818537,0.4482936249172367,1,0,0.5922131776809691,0.676842087507248,-0.06304110564383006,0.2358965905239403,-5.421522874628066,0.6020264625549316,0.7203044295310974,0.0018898036675418985,0.0010544427901073145,0.05535002348897955,0.13387429107220772
1782116353.3673038,80.56879591941833,fun_at_the_park,two_speaker_attention_movie,speech_social,2318,1,0.47665455237697635,0.4345872285339375,0.45562089045545695,1,0,0.5932497978210449,0.6786645889282227,-0.06313327814113368,0.23794374593157705,-5.050066872515718,0.6029863953590393,0.7220179438591003,0.0019640779874214105,7.427431987951203e-05,0.059628705222115615,0.13239844050992644
1782116353.401547,80.60303902626038,fun_at_the_park,two_speaker_attention_movie,speech_social,2319,1,0.4987330481103949,0.45406411716188044,0.47639858263613766,1,0,0.5940086424350739,0.6810024440288543,-0.06023325181541091,0.23888595899724502,-5.00277211145206,0.6037035882472992,0.7233580946922302,0.0015199900968457915,0.000444087890575619,0.07781777125308542,0.1326486398587018
1782116353.43639,80.63788199424744,fun_at_the_park,two_speaker_attention_movie,speech_social,2320,1,0.4994017701255845,0.45975310707322464,0.4795774385994046,1,0,0.5948769450187683,0.6833029747009278,-0.05681569702916571,0.2443471455194682,-4.612505611638227,0.6040241122245789,0.7242573499679565,0.0009546704514819713,0.0005653196453638202,0.052430340332425024,0.13262261169171324
1782116353.4703941,80.67188620567322,fun_at_the_park,two_speaker_attention_movie,speech_social,2321,1,0.48951622141168744,0.45521619640884997,0.4723662089102687,1,0,0.595682179927826,0.6847970426082611,-0.0544557793253179,0.24523306137972656,-4.316254600768255,0.6046424806118011,0.7262968719005585,0.0021312036917855138,0.0011765332403035425,0.030643127107677106,0.13286790354557892
1782116353.504446,80.70593810081482,fun_at_the_park,two_speaker_attention_movie,speech_social,2322,1,0.4655443006840808,0.42345857513853774,0.44450143791130925,1,0,0.5963375389575958,0.68631551861763,-0.04687325695966646,0.24996585867220508,-3.9032963728322922,0.6046451032161713,0.7273198664188385,0.0010229978800000866,0.0011082058117854272,0.0011768919297673794,0.1362910833813905
1782116353.5395892,80.74108123779297,fun_at_the_park,two_speaker_attention_movie,speech_social,2323,1,0.47290529376158064,0.41663900750178373,0.4447721506316822,1,0,0.5966312229633332,0.6871187746524811,-0.04956205032809921,0.2467436432173151,-2.8338407984483704,0.6048353016376495,0.7283190488815308,0.0010171239026217983,5.873977378288318e-06,0.011131083070538499,0.13515873946368404
1782116353.573406,80.77489805221558,fun_at_the_park,two_speaker_attention_movie,speech_social,2324,1,0.4687477200902462,0.43248913418549473,0.4506184271378705,1,0,0.5970033764839173,0.6880926191806793,-0.04656473761773839,0.24222114877237272,-2.52375222549899,0.6048949360847473,0.7294259369373322,0.001108493317686869,9.136941506507085e-05,0.04685466170815925,0.13474878680520222
1782116353.607975,80.80946707725525,fun_at_the_park,two_speaker_attention_movie,speech_social,2325,1,0.48313088766064405,0.40878942023789966,0.44596015394927185,1,0,0.597255539894104,0.6889791488647461,-0.05106387578760498,0.24358391393101236,-2.579029713972176,0.6055063009262085,0.7306109964847565,0.0013334665726280437,0.00022497325494117456,0.062213004983562276,0.13592328621799563
1782116353.6426601,80.84415221214294,fun_at_the_park,two_speaker_attention_movie,speech_social,2326,1,0.4822406891083129,0.41331320896579116,0.447776949037052,1,0,0.5974888980388642,0.6893562495708465,-0.050314866049741266,0.24439178322598704,-2.746348792344783,0.6057888567447662,0.7308722138404846,0.00038480163400697847,0.0009486649386210652,0.06390383797365748,0.1346907865206367
1782116353.6769621,80.87845420837402,fun_at_the_park,two_speaker_attention_movie,speech_social,2327,1,0.5010482673252286,0.40898113065519587,0.4550146989902122,1,0,0.597427499294281,0.6897078692913055,-0.05088873153846508,0.24224032497946366,-2.403253771695154,0.6060042679309845,0.7322580516338348,0.0014024793647771667,0.001017677730770188,0.06313209033365647,0.13533088538520843
1782116353.711705,80.91319704055786,fun_at_the_park,two_speaker_attention_movie,speech_social,2328,1,0.5094013380629049,0.41910179856084806,0.4642515683118765,1,0,0.5973393678665162,0.6900502622127533,-0.04951268604467619,0.24306543335918185,-2.0930550259870437,0.6060097813606262,0.7319831550121307,0.0002749519058503544,0.0011275274589268123,0.05665228544315714,0.134557502905029
1782116353.745601,80.94709300994873,fun_at_the_park,two_speaker_attention_movie,speech_social,2329,1,0.5264784086625338,0.43924658541570233,0.4828624970391181,1,0,0.5969139695167541,0.690303748846054,-0.05377691094684042,0.24097721720569354,-2.071206379553934,0.6061758399009705,0.7320803999900818,0.0001924370664865768,8.251483936377762e-05,0.06703100149170997,0.13456688591696336
1782116353.780204,80.98169612884521,fun_at_the_park,two_speaker_attention_movie,speech_social,2330,1,0.5181890443653511,0.4431980538902238,0.48069354912778745,1,0,0.5964413344860078,0.689993292093277,-0.061744047007468834,0.23803194594741445,-1.8349216360712877,0.6064262688159943,0.7319619953632355,0.0002770095614570267,8.45724949704499e-05,0.06434235783394478,0.13407989137411017
1782116353.814502,81.01599407196045,fun_at_the_park,two_speaker_attention_movie,speech_social,2331,1,0.5054676833104813,0.43357087353928575,0.4695192784248835,1,0,0.595764547586441,0.6896724164485931,-0.06040885747862179,0.23853297259887615,-1.7809464475725936,0.605523556470871,0.7306859493255615,0.001563068478442765,0.0012860589169857383,0.0614978322545819,0.13745561430611164
1782116353.85158,81.05307197570801,fun_at_the_park,two_speaker_attention_movie,speech_social,2332,1,0.4872214873823758,0.4348158630088765,0.4610186751956261,1,0,0.5953834414482116,0.6893995583057404,-0.04652267998508815,0.24294737622762308,-2.075617614252759,0.6042426526546478,0.7287666499614716,0.0023074714809529417,0.0007444030025101768,0.016115701784215432,0.13790647875882503
1782116353.883602,81.08509397506714,fun_at_the_park,two_speaker_attention_movie,speech_social,2333,1,0.5052889828667105,0.4379085048101225,0.4715987438384165,1,0,0.5953861832618713,0.6885260105133056,-0.04179654772945859,0.24322656807065957,-2.5289890205561196,0.6035163998603821,0.7284730672836304,0.0007833478856212018,0.00152412359533174,0.0025798043216533548,0.13562609244562746
1782116353.9181209,81.1196129322052,fun_at_the_park,two_speaker_attention_movie,speech_social,2334,1,0.48767224284008737,0.4121319217536213,0.44990208229685436,1,0,0.5956084847450256,0.6880782246589661,-0.04171631754853011,0.24747739811299846,-2.347473891112987,0.6035568118095398,0.7269884645938873,0.0014851526090025229,0.0007018047233813211,0.0030457840271129236,0.13573910385521654
1782116353.952832,81.15432405471802,fun_at_the_park,two_speaker_attention_movie,speech_social,2335,1,0.49422096269171084,0.4039299733060887,0.44907546799889975,1,0,0.5957635104656219,0.6883797287940978,-0.034788917795069894,0.24199825283323428,-2.8640439500631545,0.6030592322349548,0.7288273870944977,0.0019050515468866398,0.00041989893788411687,0.06708483327937537,0.13493690602825562
1782116353.986138,81.18763017654419,fun_at_the_park,two_speaker_attention_movie,speech_social,2336,1,0.4948325240890399,0.37276930536196284,0.43380091472550136,1,0,0.5963045060634613,0.6894385099411011,-0.04167036790579279,0.24012078500684494,-3.4363923579319153,0.6040026843547821,0.7304435074329376,0.0018713489387940992,3.370260809254055e-05,0.07192159007439831,0.13394243006231135
1782116354.021655,81.22314715385437,fun_at_the_park,two_speaker_attention_movie,speech_social,2337,1,0.5016444659044637,0.3960225615789039,0.4488335137416838,1,0,0.5969423234462738,0.689802235364914,-0.03177141491819988,0.24281781449089618,-4.031574342773649,0.6042084395885468,0.7300328314304352,0.00045933647280934525,0.001412012465984754,0.07226381650975908,0.1339213369209279
1782116354.0551412,81.25663328170776,fun_at_the_park,two_speaker_attention_movie,speech_social,2338,1,0.4865096628354188,0.4258684430277277,0.45618905293157325,1,0,0.5972934663295746,0.6890995264053345,-0.030121208107592917,0.2440723639920666,-4.09956003949403,0.6051375567913055,0.7303519546985626,0.0009823942369144149,0.0005230577641050696,0.07499760318252503,0.13334537848693845
1782116354.090591,81.29208302497864,fun_at_the_park,two_speaker_attention_movie,speech_social,2339,1,0.49891462268110387,0.42626046687353086,0.46258754477731734,1,0,0.5980778157711029,0.6894243240356446,-0.032027253904369855,0.24208058029877164,-4.33936488954053,0.6057075560092926,0.7305501699447632,0.0006034802335886485,0.00037891400332576636,0.07433453638935884,0.13257158086442225
1782116354.124855,81.32634711265564,fun_at_the_park,two_speaker_attention_movie,speech_social,2340,1,0.4974970947343169,0.4395083749285254,0.46850273483142113,1,0,0.5987263917922974,0.68833287358284,-0.032221695851832086,0.24238309380583642,-4.208977784663362,0.6061801612377167,0.7305471003055573,0.00047261519719389485,0.00013086503639475367,0.07816505888582503,0.13127459561590896
1782116354.15885,81.36034202575684,fun_at_the_park,two_speaker_attention_movie,speech_social,2341,1,0.4979977162952417,0.44384276016261515,0.4709202382289284,1,0,0.5989790081977844,0.6874441146850586,-0.02518060829413565,0.23979514180660552,-4.642133805679208,0.60555300116539,0.7304140627384186,0.0006411152397119867,0.0001685000425180919,0.0769936233857843,0.1324830764149061
1782116354.193783,81.3952751159668,fun_at_the_park,two_speaker_attention_movie,speech_social,2342,1,0.48557640271599,0.42563308139746253,0.4556047420567263,1,0,0.5988192439079285,0.6869401454925537,-0.029234556025914283,0.24321533673742912,-4.087063259438771,0.606013298034668,0.7295084595680237,0.0010158692386800458,0.000374753998968059,0.06690109766030732,0.13435276605339758
1782116354.228966,81.43045806884766,fun_at_the_park,two_speaker_attention_movie,speech_social,2343,1,0.4815797404327278,0.44870262653773973,0.46514118348523376,1,0,0.5992031037807465,0.686711210012436,-0.029019454534606356,0.23958040802045644,-4.180012254515085,0.6061994731426239,0.7297733724117279,0.00032379003317252,0.0006920792055075258,0.07149373348324499,0.1326423497663643
1782116354.262639,81.46413111686707,fun_at_the_park,two_speaker_attention_movie,speech_social,2344,1,0.5052157643999149,0.4544583691711048,0.47983706678550986,1,0,0.5995039820671082,0.6858125805854798,-0.03056966488466732,0.23734162880754417,-4.779928136041606,0.6068152785301208,0.7285018563270569,0.001412787821595086,0.001088997788422566,0.07146157401044403,0.13184982303302126
1782116354.296861,81.49835300445557,fun_at_the_park,two_speaker_attention_movie,speech_social,2345,1,0.49130543334888177,0.46479545544193124,0.4780504443954065,1,0,0.599903792142868,0.6840985298156739,-0.029797342466328296,0.24411224079893928,-4.923064129469189,0.6068273186683655,0.7260154783725739,0.0024864071061409428,0.0010736192845458568,0.06944262362319119,0.13410508234559715
1782116354.33148,81.53297209739685,fun_at_the_park,two_speaker_attention_movie,speech_social,2346,1,0.5246730059823834,0.44519126647321744,0.4849321362278004,1,0,0.600163608789444,0.6832959651947021,-0.028671845119739223,0.24962827471286397,-4.65729610490274,0.6072669327259064,0.7235906720161438,0.0024643348769538527,2.207222918709003e-05,0.056482183131541255,0.1369607245178611
1782116354.365914,81.56740617752075,fun_at_the_park,two_speaker_attention_movie,speech_social,2347,1,0.4967735597449457,0.4656953042546974,0.4812344319998215,1,0,0.6005534172058106,0.6816326677799225,-0.02375540311487892,0.24840995341225505,-4.562058265630437,0.6076976358890533,0.722996860742569,0.0007335646143110833,0.0017307702626427695,0.05957599463514438,0.13773375719855646
1782116354.399523,81.60101509094238,fun_at_the_park,two_speaker_attention_movie,speech_social,2348,1,0.4935938564323721,0.5100092195417659,0.5018015379870691,1,0,0.6010815382003785,0.6806523382663727,-0.02385197435853734,0.24534643799042236,-3.6882306815861554,0.6081483960151672,0.7225770354270935,0.0006159853787293041,0.00011757923558177916,0.062390676518765786,0.13475712372393173
1782116354.4349282,81.63642024993896,fun_at_the_park,two_speaker_attention_movie,speech_social,2349,1,0.49596704118132645,0.4800730797336657,0.4880200604574961,1,0,0.6016087055206298,0.6802975535392761,-0.02298280515281903,0.24455226683256642,-3.1770942451059145,0.6087214946746826,0.7218208014965057,0.0009488581723896108,0.00033287279366030675,0.07321080367483199,0.13349298512575222
1782116354.468291,81.66978311538696,fun_at_the_park,two_speaker_attention_movie,speech_social,2350,1,0.4685354697687337,0.4268428779114827,0.4476891738401082,1,0,0.6016944468021392,0.679909634590149,-0.022218769582507316,0.24174324341036801,-3.7185164670054394,0.6095174551010132,0.7232551276683807,0.0016403793974596027,0.0006915212250699919,0.06932776323544372,0.1346474252929262
1782116354.504101,81.70559310913086,fun_at_the_park,two_speaker_attention_movie,speech_social,2351,1,0.4632991882676409,0.43149613651792623,0.44739766239278356,1,0,0.603000396490097,0.680660742521286,-0.024468043756139497,0.24410720957431156,-3.0844085560233334,0.6102203130722046,0.7229335308074951,0.0007729384636559268,0.0008674409338036759,0.06126483702409197,0.13805879231129356
1782116354.5379531,81.73944520950317,fun_at_the_park,two_speaker_attention_movie,speech_social,2352,1,0.46893185265594395,0.4465765137467797,0.45775418320136185,1,0,0.6037187635898591,0.6805909037590027,-0.025062067871770368,0.24358802200499738,-3.0214009323137305,0.6107797920703888,0.7228598892688751,0.0005643047276246416,0.00020863373603128524,0.062315543826414584,0.138089462398875
1782116354.5725389,81.77403092384338,fun_at_the_park,two_speaker_attention_movie,speech_social,2353,1,0.4735286084594579,0.4555221762691042,0.46452539236428103,1,0,0.6048305034637451,0.6807352781295777,-0.02102765070656113,0.24550457435819903,-2.590162474222467,0.6111972033977509,0.7224303185939789,0.0005989684306714075,3.466370304676587e-05,0.06180705768259929,0.13633240072077493
1782116354.6064692,81.80796122550964,fun_at_the_park,two_speaker_attention_movie,speech_social,2354,1,0.45622112148207417,0.4412950248112376,0.4487580731466559,1,0,0.6052782773971557,0.6801271200180053,-0.017259774233236002,0.24142600914492424,-2.5761749522372233,0.6110904216766357,0.722885936498642,0.00046796368557174017,0.0001310047450996673,0.06090337303637194,0.13629948727794447
1782116354.642844,81.84433603286743,fun_at_the_park,two_speaker_attention_movie,speech_social,2355,1,0.48252749138269213,0.46204729545537504,0.4722873934190336,1,0,0.6061328172683715,0.6788964211940766,-0.017594365749244955,0.23833475494817705,-2.212583241084561,0.6117245852947235,0.7235517799854279,0.000919516744492105,0.00045155305892036483,0.06360108915556945,0.1357576312589438
1782116354.675646,81.87713813781738,fun_at_the_park,two_speaker_attention_movie,speech_social,2356,1,0.48726032058927576,0.48797901956566014,0.487619670077468,1,0,0.6078344404697418,0.6771558344364166,-0.006846622624784051,0.23828960769464372,-1.5516053454481267,0.6124908924102783,0.7223568260669708,0.0014195567838539414,0.0005000400393618364,0.05302307548214786,0.13551264528150742
1782116354.7106109,81.91210293769836,fun_at_the_park,two_speaker_attention_movie,speech_social,2357,1,0.46806421866724174,0.47311437991151106,0.47058929928937643,1,0,0.6096941888332367,0.6759284496307374,0.0007771691050428865,0.2403500588910038,-1.6646468444663458,0.6135294437408447,0.7199892103672028,0.002585380623430423,0.0011658238395764818,0.05563630696677611,0.13451060895619663
1782116354.7435899,81.94508194923401,fun_at_the_park,two_speaker_attention_movie,speech_social,2358,1,0.47310671323178005,0.4838518735552812,0.4784792933935306,1,0,0.6113235056400299,0.6749973118305206,0.007839985064748835,0.23765095499899935,-0.8101168344190315,0.6143268942832947,0.7198231816291809,0.0008145507409012956,0.0017708298825291275,0.046620094640583566,0.1348221011508261
1782116354.778568,81.98006010055542,fun_at_the_park,two_speaker_attention_movie,speech_social,2359,1,0.47318837172301553,0.471425522177437,0.47230694695022624,1,0,0.6122070610523224,0.675197982788086,0.007346372119296096,0.23935980011354763,-0.7563605468602357,0.6150057017803192,0.7190307378768921,0.0010434302653068376,0.00022887952440554197,0.036557768683439115,0.13626703413394156
1782116354.813498,82.01499009132385,fun_at_the_park,two_speaker_attention_movie,speech_social,2360,1,0.47127848327784044,0.48030606412456806,0.47579227370120425,1,0,0.6131426572799683,0.6747540354728698,0.012204849531390977,0.23281231971571914,-0.6562729490928741,0.6157691478729248,0.7192639112472534,0.0007982604568437581,0.0002451698084630795,0.04672948873236706,0.13529800964143546
1782116354.8510132,82.05250525474548,fun_at_the_park,two_speaker_attention_movie,speech_social,2361,1,0.4642897774653303,0.45884085233250005,0.46156531489891517,1,0,0.6136326670646668,0.673976331949234,0.009433790546715195,0.2321577004521031,0.014539716797659726,0.6163521409034729,0.7180452048778534,0.0013509722752461804,0.0005527118184024223,0.050807616109299826,0.13725576924650207
1782116354.8823628,82.08385491371155,fun_at_the_park,two_speaker_attention_movie,speech_social,2362,1,0.4692766714838283,0.5026950620186237,0.485985866751226,1,0,0.6141558408737182,0.6736576914787292,0.012553155370625175,0.22909253390015719,-0.22423032328895356,0.616894394159317,0.7180982232093811,0.0005448390009457167,0.0008061332743004637,0.05495646519352232,0.134567326476794
1782116354.9161541,82.11764621734619,fun_at_the_park,two_speaker_attention_movie,speech_social,2363,1,0.43675953040809273,0.5006797913897043,0.4687196608988985,1,0,0.6146427273750306,0.6730974316596985,0.01742332872747354,0.23709672397545095,-0.33439179595531615,0.6169206500053406,0.7151507437229156,0.0029475964263421597,0.002402757425396443,0.04568791840212528,0.135478876102391
1782116354.950952,82.1524441242218,fun_at_the_park,two_speaker_attention_movie,speech_social,2364,1,0.4497132950172154,0.5235226869821002,0.48661799099965786,1,0,0.6153401374816894,0.6725239992141723,0.018981144749181722,0.23999984363147175,-0.10089525228535173,0.6172836422920227,0.7145426571369171,0.0007081897318247948,0.002239406694517365,0.012229111930560532,0.13486755650060514
1782116354.9853818,82.18687391281128,fun_at_the_park,two_speaker_attention_movie,speech_social,2365,1,0.47000241045392216,0.5001286997061155,0.4850655550800188,1,0,0.6155570209026336,0.6719872653484344,0.013806365757320655,0.24191274282164116,-0.42636131865283194,0.617676705121994,0.7136270105838776,0.0009964471879624472,0.0002882574561376524,0.0057538107074158,0.13358581122484833
1782116355.019565,82.22105717658997,fun_at_the_park,two_speaker_attention_movie,speech_social,2366,1,0.45641809461863997,0.45393056209138977,0.45517432835501487,1,0,0.6156588912010192,0.6720760524272918,0.016520051031077485,0.23869222752867789,-0.1811563398276417,0.6178347766399384,0.7146501839160919,0.001035311678935312,3.8864490972864794e-05,0.015454242695846958,0.13521302102496194
1782116355.054859,82.25635099411011,fun_at_the_park,two_speaker_attention_movie,speech_social,2367,1,0.4651436281889623,0.47303855820048984,0.4690910931947261,1,0,0.6158539533615113,0.6715231895446777,0.017422415058798133,0.2428895144550699,-0.21172710227945765,0.6180818378925323,0.7133583724498749,0.0013152247438301694,0.0002799130648948574,0.05405242781537462,0.13438213579855204
1782116355.088486,82.28997802734375,fun_at_the_park,two_speaker_attention_movie,speech_social,2368,1,0.4605017316725256,0.46339415210499696,0.4619479418887613,1,0,0.6163562893867492,0.6710121512413025,0.015020129592692506,0.2409755400188686,-0.10829750752653783,0.6187205612659454,0.7142544090747833,0.0011003859236293028,0.0002148388202008666,0.06846328036445481,0.13462797310922878
1782116355.124224,82.32571601867676,fun_at_the_park,two_speaker_attention_movie,speech_social,2369,1,0.45133711527048626,0.47294334066199184,0.46214022796623905,1,0,0.616768193244934,0.6705394983291626,0.01794011556917769,0.24107328759660826,0.04622557813408471,0.6189193427562714,0.7141446173191071,0.00022708657052030744,0.0008732993531089953,0.0648936873571686,0.13331021404140553
1782116355.157194,82.3586859703064,fun_at_the_park,two_speaker_attention_movie,speech_social,2370,1,0.43468959446117567,0.47790242564762625,0.45629601005440096,1,0,0.617216956615448,0.6699237525463104,0.014413526048304603,0.24902607640050822,-0.05096263924720764,0.6194968521595001,0.712624728679657,0.0016259085420610327,0.0013988219715407252,0.060513837867316414,0.13422517141720677
1782116355.192203,82.39369511604309,fun_at_the_park,two_speaker_attention_movie,speech_social,2371,1,0.433104697942163,0.4451054036560352,0.4391050507990991,1,0,0.6187199711799622,0.6694311738014221,0.018680548202874136,0.24323800699845594,-0.3690543874580576,0.6194241940975189,0.7138218581676483,0.0011993323997079605,0.00042657614235307216,0.06296364562042835,0.1337448065263202
1782116355.22732,82.42881202697754,fun_at_the_park,two_speaker_attention_movie,speech_social,2372,1,0.4349195236060539,0.4647540961789196,0.44983680989248676,1,0,0.619027441740036,0.6698972165584565,0.017711580142763184,0.2474571280352011,-0.5154298621425756,0.6198815405368805,0.7140764892101288,0.0005234527040635081,0.0006758796956444524,0.059563740573120104,0.13371125088462885
1782116355.261612,82.4631040096283,fun_at_the_park,two_speaker_attention_movie,speech_social,2373,1,0.4291743967263779,0.45180326792283104,0.44048883232460445,1,0,0.619757455587387,0.6709623098373413,0.016729701826428967,0.24542025059617822,-0.8009310371602227,0.6204633414745331,0.7139034271240234,0.0006069949066512543,8.35422025877462e-05,0.06081414092567122,0.13471333146006376
1782116355.2953851,82.49687719345093,fun_at_the_park,two_speaker_attention_movie,speech_social,2374,1,0.440939801477113,0.4361675282647166,0.4385536648709148,1,0,0.6198792040348053,0.6718667268753051,0.021031153451427205,0.24396295011484156,-0.7943826451192566,0.6207733154296875,0.7145884037017822,0.0007518488976863743,0.00014485399103511998,0.07184954984316945,0.1334655607073941
1782116355.330136,82.53162813186646,fun_at_the_park,two_speaker_attention_movie,speech_social,2375,1,0.4524745227958703,0.4640944429200649,0.45828448285796763,1,0,0.620038741827011,0.6728757679462433,0.028117426311984304,0.24387598231262309,0.1692708822461551,0.6208308637142181,0.7154083847999573,0.0008219980574288351,7.014915974246083e-05,0.07501779205897773,0.13271444634747698
1782116355.3644218,82.56591391563416,fun_at_the_park,two_speaker_attention_movie,speech_social,2376,1,0.44279955172125235,0.454715046493491,0.44875729910737167,1,0,0.6209874033927918,0.6739830911159514,0.022943821507520893,0.2476444565104962,-0.5578692547275883,0.6214115619659424,0.7160576581954956,0.0008710719842294696,4.907392680063446e-05,0.06652613149263784,0.1323435243491107
1782116355.399452,82.60094404220581,fun_at_the_park,two_speaker_attention_movie,speech_social,2377,1,0.4259271858194284,0.4476759122256208,0.4368015490225246,1,0,0.6213516652584077,0.6749274075031281,0.031181245416673695,0.248628178123513,0.269079185970788,0.6217155456542969,0.7173177301883698,0.001296220471220626,0.00042514848699115636,0.05978132112773568,0.13452724062366722
1782116355.435274,82.63676595687866,fun_at_the_park,two_speaker_attention_movie,speech_social,2378,1,0.4265855237848482,0.45120990127156824,0.4388977125282082,1,0,0.6219644963741302,0.675447827577591,0.0323895411615188,0.25361975974895046,0.08902254975925739,0.6218569576740265,0.7172471880912781,0.0001580302084605981,0.0011381902627600278,0.05671242246431766,0.13355587721895074
1782116355.468069,82.66956114768982,fun_at_the_park,two_speaker_attention_movie,speech_social,2379,1,0.4138198113823913,0.411719223898496,0.4127695176404437,1,0,0.6223003506660462,0.6762172281742096,0.03551254385399685,0.25299856108967916,0.0533820593545967,0.6220277845859528,0.7174949645996094,0.00030095686056163536,0.00014292665210103726,0.05211249785849505,0.13420851433503267
1782116355.5028532,82.70434522628784,fun_at_the_park,two_speaker_attention_movie,speech_social,2380,1,0.4065638563724497,0.4429500881400072,0.42475697225622844,1,0,0.6229271113872528,0.676939171552658,0.04065379881174961,0.25504617697734416,-0.09564030513474042,0.6217984855175018,0.717920333147049,0.0004832354125509816,0.00018227855198934623,0.054612235072072426,0.13449174880689785
1782116355.536414,82.7379059791565,fun_at_the_park,two_speaker_attention_movie,speech_social,2381,1,0.4227558472493855,0.42002209248271644,0.42138896986605096,1,0,0.6230077981948853,0.6777258455753326,0.04432476454950652,0.25434743269151494,0.3077023263591346,0.6221510171890259,0.7180373668670654,0.000371450496093941,0.0001117849164570406,0.04598011513360341,0.13434516846609376
1782116355.571278,82.7727701663971,fun_at_the_park,two_speaker_attention_movie,speech_social,2382,1,0.39585923853101884,0.43479226752397615,0.4153257530274975,1,0,0.6246420085430145,0.6787734925746918,0.039817255797946906,0.25058481998665194,0.04880073502694921,0.6222084760665894,0.7191753387451172,0.001139421571608814,0.0007679710755148729,0.043847448332181356,0.13681387570502165
1782116355.605131,82.80662298202515,fun_at_the_park,two_speaker_attention_movie,speech_social,2383,1,0.3901384979996098,0.4304818580806043,0.41031017804010705,1,0,0.6248770534992218,0.6791342079639435,0.047362024100322996,0.2483220083339832,0.09814778214623737,0.6219561696052551,0.7202467024326324,0.0011006719317568218,3.874963985199217e-05,0.04060403209210858,0.13596938765098793
1782116355.642505,82.84399700164795,fun_at_the_park,two_speaker_attention_movie,speech_social,2384,1,0.42200399862927734,0.44470850997833183,0.4333562543038046,1,0,0.6250753402709961,0.6788357079029084,0.040690104474074354,0.24923996779353447,-0.5332047821311633,0.6221802234649658,0.720092236995697,0.000272139124822049,0.0008285328069347728,0.034463024249309235,0.13372170661939103
1782116355.6744099,82.87590193748474,fun_at_the_park,two_speaker_attention_movie,speech_social,2385,1,0.4445423838391147,0.4694100210072682,0.4569762024231915,1,0,0.6252222836017609,0.6785939991474151,0.036861620348491206,0.24751737302567137,0.15556803488208204,0.6222911179065704,0.7201171517372131,0.00011365879430828897,0.00015848033051376,0.03549785008126186,0.13215635879171173
1782116355.7086139,82.91010594367981,fun_at_the_park,two_speaker_attention_movie,speech_social,2386,1,0.4256138740064443,0.45642368760520186,0.4410187808058231,1,0,0.6248319625854493,0.6774933815002442,0.03346376932400797,0.24786357093736178,0.8579042752536774,0.622529923915863,0.7197547852993011,0.00043397896884443687,0.00032032017453614793,0.018574028426214383,0.13222461632633944
1782116355.744131,82.94562315940857,fun_at_the_park,two_speaker_attention_movie,speech_social,2387,1,0.436214047001912,0.4609652585134631,0.4485896527576876,1,0,0.6248228132724762,0.6768720209598541,0.0313258520958923,0.24707014579533199,0.3082075167331891,0.6222634315490723,0.7193489968776703,0.00048547134280759683,5.149237396315996e-05,0.02793484721744137,0.13346589011035412
1782116355.777909,82.97940111160278,fun_at_the_park,two_speaker_attention_movie,speech_social,2388,1,0.44219865914390044,0.44926002708051804,0.44572934311220924,1,0,0.624107277393341,0.6762268245220184,0.03488491540637711,0.24432064080530583,-0.1713886770532458,0.6216489672660828,0.7189227342605591,0.000747841008380991,0.0002623696655733941,0.035071803726869744,0.1325176464851861
1782116355.8121312,83.01362323760986,fun_at_the_park,two_speaker_attention_movie,speech_social,2389,1,0.43149980059906856,0.46544286586335815,0.44847133323121335,1,0,0.6242855846881866,0.6763335227966308,0.034061463660666765,0.2428845541617223,0.3518386560561281,0.6212181448936462,0.7191255390644073,0.00047616982795612784,0.0002716711804248631,0.02838230498602262,0.13317897743013088
1782116355.8465421,83.04803419113159,fun_at_the_park,two_speaker_attention_movie,speech_social,2390,1,0.43827769915840237,0.4828656450359065,0.46057167209715444,1,0,0.6243933618068696,0.6765970766544342,0.03453587593448553,0.24168272967912996,-0.39217789599724767,0.620904952287674,0.7186363041400909,0.0005808962210297067,0.00010472639307357887,0.03064712771803398,0.13264396662302286
1782116355.880756,83.0822479724884,fun_at_the_park,two_speaker_attention_movie,speech_social,2391,1,0.44000674954735775,0.4883714014617056,0.4641890755045317,1,0,0.6240108847618102,0.6764271974563598,0.03696952235028514,0.24246137807339763,-0.7928022787460907,0.6204608678817749,0.718533992767334,0.0004557176500401575,0.0001251785709895492,0.016058708273009748,0.1324730690030411
1782116355.914788,83.11628007888794,fun_at_the_park,two_speaker_attention_movie,speech_social,2392,1,0.42840432504168036,0.46041898545829,0.44441165524998516,1,0,0.6237037539482116,0.6758560717105866,0.04316876879495406,0.24706085375694045,-0.17503958811121617,0.6198410093784332,0.7178686261177063,0.0009093609528684154,0.00045364330282825785,0.01292663839596345,0.13263180592304913
1782116355.950072,83.15156412124634,fun_at_the_park,two_speaker_attention_movie,speech_social,2393,1,0.43323015008868354,0.452104845364627,0.44266749772665526,1,0,0.6236506760120392,0.6755245923995972,0.04148411546484957,0.24683657069944245,0.643558467694414,0.619701474905014,0.7172855138778687,0.0005995746438274783,0.0003097863090409371,0.018178511849827786,0.13255934611642936
1782116355.983841,83.18533301353455,fun_at_the_park,two_speaker_attention_movie,speech_social,2394,1,0.4351303584304826,0.4766933459582303,0.4559118521943565,1,0,0.6231809139251709,0.6750345408916474,0.03676667013668569,0.24706947407322152,-0.21675679102544676,0.6199237406253815,0.7167173326015472,0.0006101081979556422,1.0533554128163889e-05,0.014249236683373589,0.13265031757467527
1782116356.0194151,83.22090721130371,fun_at_the_park,two_speaker_attention_movie,speech_social,2395,1,0.4399327020996077,0.48226999137068216,0.4611013467351449,1,0,0.6227420926094055,0.6746162414550781,0.041523517121729525,0.24678842486814256,-0.4401128652665287,0.6192527711391449,0.7157294154167175,0.0011942279579470717,0.0005841197599914295,0.01366731006732636,0.13444813558073615
1782116356.053335,83.25482702255249,fun_at_the_park,two_speaker_attention_movie,speech_social,2396,1,0.4336830896429961,0.464553379167225,0.44911823440511056,1,0,0.6222558617591858,0.6735998749732972,0.033481540790430246,0.242205918594294,0.270481576111885,0.6192418932914734,0.7159082293510437,0.00017914449664773144,0.0010150834612993403,0.04906316780048373,0.13410752122947955
1782116356.087702,83.28919410705566,fun_at_the_park,two_speaker_attention_movie,speech_social,2397,1,0.4624579882255854,0.45656431206985554,0.4595111501477205,1,0,0.6215096294879914,0.673075693845749,0.02292426856232443,0.23923018337405183,-0.2972235201712188,0.6192490756511688,0.7156135737895966,0.00029474308504615673,0.00011559858839842529,0.05934910412147399,0.13267297212922646
1782116356.122526,83.3240180015564,fun_at_the_park,two_speaker_attention_movie,speech_social,2398,1,0.44374931745605806,0.43263310158814927,0.43819120952210366,1,0,0.6209180474281311,0.6729859352111817,0.01720827375670422,0.23603382461474667,0.24508587877985283,0.6190461218357086,0.7157067656517029,0.00022332705696511326,7.141602808104347e-05,0.06531738264642725,0.13404382527952688
1782116356.15669,83.35818195343018,fun_at_the_park,two_speaker_attention_movie,speech_social,2399,1,0.45546292603086463,0.4661997947905432,0.46083136041070394,1,0,0.6195953071117402,0.6726996660232544,0.014074529840396241,0.23530497315377513,-0.4766489463053094,0.6182346940040588,0.7153186500072479,0.000899471444486455,0.0006761443875213418,0.06676057295732829,0.13423202394930384
1782116356.191048,83.39253997802734,fun_at_the_park,two_speaker_attention_movie,speech_social,2400,1,0.4407059927822752,0.4538372966094495,0.44727164469586234,1,0,0.6178954601287842,0.6715811431407928,0.007039321381668558,0.23877007826847407,-0.26774774600184853,0.6178030967712402,0.7137111723423004,0.0016644099899609393,0.0007649385454744843,0.05832146913282182,0.1343766658002108
1782116356.2267468,83.42823886871338,fun_at_the_park,two_speaker_attention_movie,speech_social,2401,1,0.4650874059482629,0.4713794317291661,0.4682334188387145,1,0,0.6168141782283783,0.6718769073486328,0.008399283430192075,0.2449116799866398,0.9408961501715903,0.6163797676563263,0.7136167287826538,0.0014264590268635209,0.00023795096309741845,0.009798051013526533,0.1361743592070467
1782116356.259156,83.46064805984497,fun_at_the_park,two_speaker_attention_movie,speech_social,2402,1,0.47219805725309116,0.4597763943449558,0.4659872257990235,1,0,0.6149952411651611,0.6716322422027587,0.0049416856943603135,0.2441275231412075,0.1680909882947358,0.6152739822864532,0.7136420905590057,0.001106076174558062,0.000320382852305459,0.0041363094559807734,0.13832227428840785
1782116356.293896,83.49538803100586,fun_at_the_park,two_speaker_attention_movie,speech_social,2403,1,0.4594837583901968,0.4381989035864495,0.44884133098832313,1,0,0.6108546316623689,0.6707887828350068,0.0015647459750800377,0.2508217511606791,0.30770145301496926,0.614258348941803,0.7114693224430084,0.0023984228936240605,0.0012923467190659986,0.0013111018197241745,0.13643413085037875
1782116356.328854,83.53034615516663,fun_at_the_park,two_speaker_attention_movie,speech_social,2404,1,0.4812309327231749,0.46944018702605456,0.47533555987461473,1,0,0.6097798228263855,0.6716740071773529,0.0005943579642966983,0.24480530419762675,0.06040690260948061,0.6133608818054199,0.7136174440383911,0.0023280622090994644,7.036068452459607e-05,0.0007044386251179316,0.13597529681805928
1782116356.363093,83.56458497047424,fun_at_the_park,two_speaker_attention_movie,speech_social,2405,1,0.4576185386911461,0.43829957506750866,0.44795905687932736,1,0,0.608431214094162,0.673043030500412,-0.003805866604169817,0.243010188860354,-0.1304903850618769,0.6126605570316315,0.7150631546974182,0.0016064040893892227,0.0007216581197102417,0.00189743636851199,0.13702357802363133
1782116356.3975658,83.59905791282654,fun_at_the_park,two_speaker_attention_movie,speech_social,2406,1,0.46714103783740346,0.4480613004006213,0.4576011691190124,1,0,0.607268363237381,0.6738635122776031,-0.007946530816784207,0.23681498951189098,-0.5469034369262658,0.6116898357868195,0.7162107229232788,0.0015030677190779585,0.00010333637031126417,0.0616690672087493,0.1347778466728921
1782116356.434541,83.6360330581665,fun_at_the_park,two_speaker_attention_movie,speech_social,2407,1,0.44134581585414967,0.4411810104147568,0.4412634131344533,1,0,0.6062357246875762,0.6748699963092804,-0.009352046296423363,0.23937278201771986,-0.3500356197150322,0.6109221279621124,0.7164866626262665,0.0008157928804551593,0.0006872748386227992,0.07432337337320631,0.13497100602495565
1782116356.466366,83.6678581237793,fun_at_the_park,two_speaker_attention_movie,speech_social,2408,1,0.44967194704940794,0.4389595227146988,0.44431573488205334,1,0,0.6049418687820435,0.6768708646297454,-0.014275006547903504,0.23504907592895016,-0.7368124181143311,0.6101842224597931,0.7197232246398926,0.003319614164086028,0.0025038212836308686,0.07233749202476061,0.13467115811804198
1782116356.500304,83.70179605484009,fun_at_the_park,two_speaker_attention_movie,speech_social,2409,1,0.4385562619728833,0.4258813249522519,0.4322187934625676,1,0,0.6037782013416291,0.6777424216270447,-0.017575068907033004,0.24912601355182915,-0.24526208686956194,0.6091464757919312,0.7190518975257874,0.001235960452761902,0.002083653711324126,0.06250886431601331,0.13574317416657192
1782116356.53481,83.73630213737488,fun_at_the_park,two_speaker_attention_movie,speech_social,2410,1,0.45524961190752145,0.45810455988925786,0.4566770858983896,1,0,0.6029160082340241,0.6777040123939514,-0.017700381735838402,0.2536119622872512,-0.4446797124691494,0.6082116365432739,0.7183794975280762,0.0011515407842330226,8.441966852887925e-05,0.06530430454674674,0.13460347338984993
1782116356.569346,83.77083802223206,fun_at_the_park,two_speaker_attention_movie,speech_social,2411,1,0.45607661754787365,0.44673328137649715,0.4514049494621854,1,0,0.6019945323467255,0.6784674406051636,-0.02285973604508275,0.254059982205498,-0.28405616728866045,0.607975572347641,0.7180722057819366,0.0003874977699359101,0.0007640430142971126,0.06651164662858028,0.1354931560013204
1782116356.6036491,83.80514121055603,fun_at_the_park,two_speaker_attention_movie,speech_social,2412,1,0.4601685671226143,0.4439992579544709,0.45208391253854263,1,0,0.6010760962963104,0.6791109502315522,-0.019754850982091492,0.2521988931734323,-0.8753002285903736,0.6069976091384888,0.7196208834648132,0.0018316152990994878,0.0014441175291635777,0.061034346701446154,0.13410540346158487
1782116356.638685,83.84017705917358,fun_at_the_park,two_speaker_attention_movie,speech_social,2413,1,0.45147959174421093,0.43408672273875937,0.44278315724148515,1,0,0.5999732196331025,0.6792491614818573,-0.02642364315233514,0.2513384350100105,-1.9691675265593134,0.6061567664146423,0.7205619513988495,0.00126199260802778,0.0005696226910717078,0.06725754612628723,0.13380740353521986
1782116356.673478,83.87496995925903,fun_at_the_park,two_speaker_attention_movie,speech_social,2414,1,0.4738072437716988,0.438870044934224,0.4563386443529614,1,0,0.5990910351276397,0.6796035587787628,-0.026205662640705927,0.2549778169524688,-1.767294991148894,0.6052325963973999,0.7205465734004974,0.0009242979517467255,0.0003376946562810545,0.0636987270870115,0.13234268061242135
1782116356.7076511,83.9091432094574,fun_at_the_park,two_speaker_attention_movie,speech_social,2415,1,0.45503359632005125,0.4495828005528362,0.45230819843644376,1,0,0.5987165689468383,0.68055801987648,-0.027460164128200393,0.2542308169658487,-1.8643395802991707,0.6047387719154358,0.721331924200058,0.0009277060403799865,3.408088633260987e-06,0.06642116467297368,0.13643539929017198
1782116356.74229,83.94378209114075,fun_at_the_park,two_speaker_attention_movie,speech_social,2416,1,0.46421121332056275,0.4418335857538323,0.45302239953719753,1,0,0.5982308804988861,0.6813533902168274,-0.02578794896916194,0.2518317471433792,-1.3868495966120906,0.6043406426906586,0.721920907497406,0.00071092067361743,0.00021678536676255646,0.0562548555846693,0.1347913688331897
1782116356.7764218,83.97791385650635,fun_at_the_park,two_speaker_attention_movie,speech_social,2417,1,0.4498483043381423,0.43785864584764955,0.44385347509289597,1,0,0.5980213642120361,0.6822968542575836,-0.029046628704190294,0.2548172362240894,-0.7530600438521203,0.6041990518569946,0.7208752930164337,0.0010551576218729604,0.00034423694825553035,0.05886650274993874,0.13571199665205572
1782116356.811048,84.012540102005,fun_at_the_park,two_speaker_attention_movie,speech_social,2418,1,0.44769617117841226,0.4495967413318177,0.448646456255115,1,0,0.5977390766143799,0.6835491538047791,-0.028685534577711794,0.2536732895298672,-0.20443358980091844,0.6042951047420502,0.7224799990653992,0.0016075781972625194,0.000552420575389559,0.052262360852082586,0.1379103557761338
1782116356.8454452,84.04693722724915,fun_at_the_park,two_speaker_attention_movie,speech_social,2419,1,0.47325613483858975,0.46338772089817337,0.46832192786838156,1,0,0.5981135904788971,0.6835765242576599,-0.0339305735995192,0.253834986155003,-0.4164949358676114,0.6048326790332794,0.7226178050041199,0.0005549563904824618,0.0010526218067800576,0.050217708179561366,0.13416214736782314
1782116356.878998,84.08049011230469,fun_at_the_park,two_speaker_attention_movie,speech_social,2420,1,0.45543451651560707,0.4806325501344856,0.4680335333250463,1,0,0.5984516739845276,0.6832293629646301,-0.028765913233016426,0.2582687215414042,-0.03464585542850073,0.6051011085510254,0.721687912940979,0.0009678603489603844,0.00041290395847792263,0.052525051926506715,0.13243819344048616
1782116356.9138079,84.11529994010925,fun_at_the_park,two_speaker_attention_movie,speech_social,2421,1,0.4554146217752913,0.44766059347260967,0.45153760762395045,1,0,0.5986835956573486,0.6834012210369109,-0.03405281153325613,0.25665978337388323,-0.6192043295941912,0.605574905872345,0.7223641276359558,0.0008256816671043297,0.00014217868185605477,0.04371725437800701,0.13450315922357567
1782116356.948221,84.1497130393982,fun_at_the_park,two_speaker_attention_movie,speech_social,2422,1,0.44899321037330836,0.44505039324036805,0.4470218018068382,1,0,0.5991366744041443,0.6830503463745117,-0.03421597673029331,0.25802526279281357,-0.6207884429360703,0.6057716906070709,0.7212251722812653,0.0011558302348526118,0.00033014856774828214,0.04766481883139617,0.13517762175294148
1782116356.982945,84.18443703651428,fun_at_the_park,two_speaker_attention_movie,speech_social,2423,1,0.4632061739941557,0.42275952146794427,0.44298284773105,1,0,0.5992439985275269,0.6827331900596618,-0.032611000517403836,0.2521615968747161,-0.7523149609401066,0.6055172085762024,0.7213856279850006,0.0003008440408187912,0.0008549861940338205,0.06973100099273655,0.13585418324257864
1782116357.017969,84.21946096420288,fun_at_the_park,two_speaker_attention_movie,speech_social,2424,1,0.47462877436517914,0.4087001539950674,0.4416644641801233,1,0,0.5994231998920441,0.6822109401226044,-0.031301881840407324,0.2376325825542329,-0.7804035983972154,0.6056233644485474,0.7246387898921967,0.003254893464257276,0.0029540494234384846,0.08541615030556231,0.13378964480343364
1782116357.051788,84.25328016281128,fun_at_the_park,two_speaker_attention_movie,speech_social,2425,1,0.48143049088760015,0.42566496713890856,0.45354772901325435,1,0,0.5994931578636169,0.6817328274250031,-0.027655987292511976,0.23983930898625583,-0.932764813316296,0.6055056750774384,0.7246904671192169,0.00012853530201675282,0.003126358162240523,0.08248928727173235,0.1346990268934996
1782116357.08586,84.28735208511353,fun_at_the_park,two_speaker_attention_movie,speech_social,2426,1,0.4931269180794984,0.4419291017470297,0.46752800991326404,1,0,0.5997386515140533,0.6804991364479065,-0.027714014238066652,0.2440796382783852,-1.2866474047774112,0.6053273975849152,0.7231069505214691,0.0015935205300475841,0.0014649852280308312,0.07792238772565084,0.13561750785165316
1782116357.121275,84.32276701927185,fun_at_the_park,two_speaker_attention_movie,speech_social,2427,1,0.478290152410105,0.47701586606399893,0.47765300923705195,1,0,0.5990601778030396,0.6798851788043976,-0.027895231365003898,0.24458149562621434,-1.6805047223669631,0.6053624153137207,0.7227267920970917,0.0003817678207442808,0.0012117527093033033,0.06407931753666873,0.13516554008570167
1782116357.154679,84.35617113113403,fun_at_the_park,two_speaker_attention_movie,speech_social,2428,1,0.4651229645124301,0.4368002173012414,0.45096159090683574,1,0,0.5984889328479768,0.6799054324626923,-0.026755087704189873,0.2507595566879057,-1.5338161918908924,0.6048910617828369,0.7217164933681488,0.0011148442370036255,0.0007330764162593447,0.05335549263883809,0.1352271616061794
1782116357.189481,84.39097309112549,fun_at_the_park,two_speaker_attention_movie,speech_social,2429,1,0.46332036652685493,0.4463699343617049,0.4548451504442799,1,0,0.5983137607574462,0.6802653849124909,-0.023922015559254203,0.25283744346847425,-1.5227001227970463,0.6044023633003235,0.7213574647903442,0.000606405579205284,0.0005084386577983416,0.05489994386778599,0.13644208330887303
1782116357.225919,84.42741107940674,fun_at_the_park,two_speaker_attention_movie,speech_social,2430,1,0.46313873186917287,0.48144339075573017,0.4722910613124515,1,0,0.5975471496582031,0.6796422839164734,-0.02125557694582231,0.24747322508365052,-2.038362740988031,0.6034674346446991,0.7226327657699585,0.0015812919337404824,0.0009748863545351984,0.06060628623260841,0.13386547307164187
1782116357.258074,84.45956611633301,fun_at_the_park,two_speaker_attention_movie,speech_social,2431,1,0.46931005762802447,0.4380921865230644,0.45370112207554447,1,0,0.5967038869857788,0.6796753883361817,-0.02141175362546887,0.24165662626902945,-1.7583108809656207,0.6025910079479218,0.7234104871749878,0.001171739876706767,0.0004095520570337153,0.08839145899439044,0.13442610927922083
1782116357.293089,84.4945809841156,fun_at_the_park,two_speaker_attention_movie,speech_social,2432,1,0.46752652648105264,0.3977441708729205,0.4326353486769866,1,0,0.5955317556858063,0.6788467943668366,-0.031564778490865635,0.23476223528144743,-2.4908048276870756,0.602784276008606,0.7235659062862396,0.0002480073455019876,0.0009237325312047794,0.09760891980961452,0.1335032201484761
1782116357.327687,84.52917909622192,fun_at_the_park,two_speaker_attention_movie,speech_social,2433,1,0.45556587186790987,0.43665106267605636,0.4461084672719831,1,0,0.5946715712547301,0.6780606865882874,-0.026024939145815322,0.23217501525767104,-2.3964806236767275,0.6013434827327728,0.7232982218265533,0.0014654488164529994,0.0012174414709510118,0.09273159683698083,0.13266886546681744
1782116357.3615491,84.56304121017456,fun_at_the_park,two_speaker_attention_movie,speech_social,2434,1,0.49819282033395984,0.4474848953527049,0.47283885784333235,1,0,0.593058204650879,0.6777940154075623,-0.035650146992723244,0.2330903326146431,-3.251408280646874,0.6010483801364899,0.7228811085224152,0.0005109491665733646,0.0009544996498796348,0.10809884084446213,0.13124184024216234
1782116357.396117,84.59760904312134,fun_at_the_park,two_speaker_attention_movie,speech_social,2435,1,0.5102118986455422,0.4563708254197657,0.48329136203265394,1,0,0.592201966047287,0.6780789375305176,-0.03672907602697308,0.23408912728536585,-4.006802648916014,0.6002592146396637,0.7247852385044098,0.0020611873203839975,0.0015502381538106329,0.09283083145849635,0.13140116844619704
1782116357.431103,84.63259506225586,fun_at_the_park,two_speaker_attention_movie,speech_social,2436,1,0.5104826098047117,0.4440653470542067,0.4772739784294592,1,0,0.5916387498378755,0.6782553851604461,-0.039193145645067214,0.23366196618867513,-3.0940778317780215,0.5991310179233551,0.7248912751674652,0.0011331688332289333,0.0009280184871550642,0.035063341418586136,0.1322568134000933
1782116357.465208,84.6667001247406,fun_at_the_park,two_speaker_attention_movie,speech_social,2437,1,0.5172629609321853,0.4792693561021444,0.4982661585171648,1,0,0.5904680490493774,0.6784824311733246,-0.03700001324074589,0.24313748243190236,-3.482489536573943,0.5982753932476044,0.7214696705341339,0.0035269635456845537,0.0023937947124556204,0.027677302329376957,0.13198593241936862
1782116357.4991171,84.70060920715332,fun_at_the_park,two_speaker_attention_movie,speech_social,2438,1,0.4860339628654475,0.4507054995154918,0.46836973119046965,1,0,0.5894720554351807,0.6789766430854798,-0.03789499712435965,0.24137622622625501,-3.544090471713108,0.5975514054298401,0.7222299575805664,0.0010498546343395043,0.0024771089113450493,0.03804295500040009,0.13539782401772688
1782116357.5343091,84.73580121994019,fun_at_the_park,two_speaker_attention_movie,speech_social,2439,1,0.45654020799813444,0.4173707213001175,0.43695546464912594,1,0,0.5886799573898316,0.6794792711734772,-0.03810499059931733,0.23932664265976428,-4.090528339894166,0.5966495275497437,0.7232318222522736,0.001348004647997225,0.00029815001365772064,0.05909635102261044,0.1341964161488517
1782116357.5684,84.76989197731018,fun_at_the_park,two_speaker_attention_movie,speech_social,2440,1,0.48626568340707177,0.44238238264678587,0.4643240330269288,1,0,0.588216632604599,0.6802274763584137,-0.03809578297176503,0.2417969895992902,-3.9871343168344335,0.5965781211853027,0.7246182858943939,0.0013883012280497078,4.029658005248282e-05,0.05804218806712849,0.1355165798256471
1782116357.60348,84.80497217178345,fun_at_the_park,two_speaker_attention_movie,speech_social,2441,1,0.48284436570334305,0.43048726693660605,0.45666581631997455,1,0,0.5877355575561524,0.6798144757747651,-0.03268582897047571,0.24715298142567665,-4.240019892604902,0.5958224236965179,0.7226302027702332,0.002126864641468392,0.0007385634134186841,0.059467430767967074,0.13433863022620915
1782116357.638331,84.83982300758362,fun_at_the_park,two_speaker_attention_movie,speech_social,2442,1,0.4861445646297864,0.4261192778583904,0.4561319212440884,1,0,0.5875736713409424,0.6789807498455047,-0.03372573128763989,0.2447735539309,-4.167707698229812,0.5952573716640472,0.722551703453064,0.0005704786956541862,0.0015563859458142056,0.06207513249022546,0.1349358400298081
1782116357.671712,84.87320399284363,fun_at_the_park,two_speaker_attention_movie,speech_social,2443,1,0.4836350981939494,0.42572828564721527,0.45468169192058233,1,0,0.5869737505912781,0.6774427890777588,-0.04128600236361092,0.23560298952577896,-4.384887689508236,0.5955564379692078,0.7231278121471405,0.0006491085288863034,7.862983323211718e-05,0.07650211227627556,0.13322114347648972
1782116357.706177,84.90766906738281,fun_at_the_park,two_speaker_attention_movie,speech_social,2444,1,0.4911852009064538,0.4461623299200585,0.4686737654132561,1,0,0.5873430252075196,0.6766221284866333,-0.03876425896740396,0.23891901606856414,-4.532623142573181,0.5955004394054413,0.7220064103603363,0.001122799094491779,0.0004736905656054757,0.07284636228205393,0.13379864542336709
1782116357.7408,84.94229197502136,fun_at_the_park,two_speaker_attention_movie,speech_social,2445,1,0.509120437318368,0.4266317104678995,0.46787607389313374,1,0,0.5872006714344025,0.6759718596935271,-0.03228044981392709,0.2423992249625341,-3.921547301036454,0.594453752040863,0.7190732061862946,0.0031143604746052904,0.001991561380113511,0.06067891347061978,0.13573040232529077
1782116357.774764,84.97625613212585,fun_at_the_park,two_speaker_attention_movie,speech_social,2446,1,0.48649362888133,0.44968609185799185,0.46808986036966094,1,0,0.5872858881950378,0.6760411024093629,-0.03323032710113891,0.24033591661575762,-3.2581544997362477,0.5941796600818634,0.719729095697403,0.0007108568440764081,0.002403503630528882,0.05929055663243335,0.13562833534175234
1782116357.8109891,85.01248121261597,fun_at_the_park,two_speaker_attention_movie,speech_social,2447,1,0.49135035721343506,0.4478611174987039,0.4696057373560695,1,0,0.5875208854675293,0.6757295787334442,-0.03776148261603155,0.24043383530808568,-3.1265886575828112,0.594362735748291,0.7187403440475464,0.0010055578176972214,0.00029470097362081327,0.06243975519394245,0.13442667980360706
1782116357.843603,85.04509496688843,fun_at_the_park,two_speaker_attention_movie,speech_social,2448,1,0.4930625726784368,0.44392685077952854,0.46849471172898266,1,0,0.5875680923461915,0.6748201727867127,-0.03304823595394075,0.24263494524954438,-2.074444872444858,0.5941606760025024,0.7179557979106903,0.0008101486170598212,0.00019540920063740015,0.05956949728999499,0.13557935350219266
1782116357.8781362,85.07962822914124,fun_at_the_park,two_speaker_attention_movie,speech_social,2449,1,0.504020325522068,0.45245516927682156,0.4782377473994448,1,0,0.58748939037323,0.6743829667568206,-0.043194566900793874,0.23903032280864114,-1.2623145891271021,0.5944918990135193,0.7180027961730957,0.00033454075939441506,0.00047560785766540616,0.04655117663408852,0.13597735802587171
1782116357.912606,85.114098072052,fun_at_the_park,two_speaker_attention_movie,speech_social,2450,1,0.5013899533168905,0.4353905148499647,0.4683902340834276,1,0,0.5867396473884583,0.6749250233173371,-0.04600590446720574,0.2374503895559079,-2.2849466706686745,0.594081848859787,0.7175347208976746,0.0006222825660714441,0.00028774180667702904,0.01431610305102293,0.1365557729198281
1782116357.94766,85.14915204048157,fun_at_the_park,two_speaker_attention_movie,speech_social,2451,1,0.49071635852681256,0.47780613183892257,0.48426124518286756,1,0,0.5849921226501464,0.6751974880695344,-0.04788002890796985,0.24120999942659502,-1.900011105042388,0.5927570760250092,0.716776430606842,0.0015264426713559077,0.0009041601052844636,0.006122641538820013,0.13605680364126663
1782116357.9811242,85.18261623382568,fun_at_the_park,two_speaker_attention_movie,speech_social,2452,1,0.48410802797016905,0.4441931710015344,0.4641505994858517,1,0,0.5829041123390197,0.6761236786842346,-0.05442315023150614,0.24165954194229827,-1.865904034701239,0.5914102792739868,0.7165794372558594,0.0013611274256643672,0.00016531524569154054,0.0033990750280367375,0.13785915682533487
1782116358.01843,85.21992206573486,fun_at_the_park,two_speaker_attention_movie,speech_social,2453,1,0.4632243218047998,0.4301936653229453,0.4467089935638725,1,0,0.5810076951980592,0.6772365808486938,-0.05462504628903102,0.23667949898587196,-1.9194021597674449,0.5896469354629517,0.7191018760204315,0.0030776742382734776,0.0017165468126091104,0.009589337761981972,0.139252488179195
1782116358.0513332,85.25282526016235,fun_at_the_park,two_speaker_attention_movie,speech_social,2454,1,0.4914571441285088,0.45019204811918734,0.4708245961238481,1,0,0.5789775788784027,0.6760331749916078,-0.04918123870110917,0.2378822788206633,-2.9114806489146856,0.5876477360725403,0.717883437871933,0.0023412367937348326,0.000736437444538645,0.039975635743324904,0.13722588666350496
1782116358.084665,85.28615713119507,fun_at_the_park,two_speaker_attention_movie,speech_social,2455,1,0.5081059062468352,0.44775737152246226,0.47793163888464874,1,0,0.5773826956748962,0.6732539236545563,-0.050209987584739074,0.2356427248462787,-4.365790398297189,0.5860930532217026,0.7169073820114136,0.0018356807482629287,0.0005055560454719039,0.05766149417952714,0.13302201708970304
1782116358.119096,85.32058811187744,fun_at_the_park,two_speaker_attention_movie,speech_social,2456,1,0.5096625685057322,0.45405512874472526,0.48185884862522876,1,0,0.5763565361499786,0.6712661325931549,-0.0509608836332366,0.23842840604077786,-3.884222315791634,0.5852341502904892,0.713601291179657,0.0034158382328605564,0.0015801574845976277,0.06749309570111005,0.1326631961963858
1782116358.1533928,85.35488486289978,fun_at_the_park,two_speaker_attention_movie,speech_social,2457,1,0.4823824576195304,0.44116994051933517,0.4617761990694328,1,0,0.5752088546752929,0.6668516278266907,-0.05185020230130506,0.2368754584650501,-4.6577250635203296,0.5838678330183029,0.7107958793640137,0.0031204420109378177,0.0002953962219227387,0.07750784294736539,0.13159793538621373
1782116358.188077,85.38956904411316,fun_at_the_park,two_speaker_attention_movie,speech_social,2458,1,0.47509994996089727,0.44264374125940115,0.4588718456101492,1,0,0.5737190008163453,0.6628260135650634,-0.06043202846290072,0.23770073801931726,-3.425880412941939,0.5828868895769119,0.7069069147109985,0.0040107725075861815,0.0008903304966483639,0.07517444693422863,0.13648011502587107
1782116358.225943,85.42743515968323,fun_at_the_park,two_speaker_attention_movie,speech_social,2459,1,0.44867282937807446,0.4389233996444059,0.4437981145112402,1,0,0.5720363020896911,0.658587384223938,-0.05529111560240099,0.2362868324427568,-3.052235888142644,0.5805729478597641,0.703053206205368,0.004495041214129837,0.00048426870654365555,0.060539101810974424,0.13633647153669004
1782116358.257052,85.4585440158844,fun_at_the_park,two_speaker_attention_movie,speech_social,2460,1,0.4906346777861664,0.467328986441494,0.47898183211383016,1,0,0.5697399020195006,0.6580059885978699,-0.054113792042904854,0.2334760428654194,-1.6354763574491646,0.5778702199459076,0.7045289278030396,0.0030793655856642442,0.0014156756284655929,0.049907580685319995,0.1332568962255102
1782116358.291469,85.49296116828918,fun_at_the_park,two_speaker_attention_movie,speech_social,2461,1,0.45406469663579563,0.46815119877017847,0.461107947702987,1,0,0.5668301105499267,0.6632020950317383,-0.04228355536124332,0.22982340871415857,-1.1370200528651655,0.5745265036821365,0.7104508578777313,0.0068007127760364924,0.003721347190372248,0.04330797296692014,0.13637286749172073
1782116358.325862,85.5273540019989,fun_at_the_park,two_speaker_attention_movie,speech_social,2462,1,0.4203662290284263,0.4517639709595008,0.4360650999939636,1,0,0.5634969711303711,0.6695718884468078,-0.0383417028522631,0.22573111440623345,-1.6894503255398525,0.5709268599748611,0.716395914554596,0.006949901705093387,0.00014918892905689454,0.018011825944208967,0.13747958425706566
1782116358.360704,85.56219601631165,fun_at_the_park,two_speaker_attention_movie,speech_social,2463,1,0.45585396596118205,0.4688275700118084,0.46234076798649526,1,0,0.559555321931839,0.6764964044094086,-0.03571556036725863,0.22722694085721423,-2.364957951519229,0.5670594125986099,0.7225228250026703,0.007245424821692305,0.0002955231165989178,0.07071760106361533,0.13731291963680967
1782116358.394429,85.5959210395813,fun_at_the_park,two_speaker_attention_movie,speech_social,2464,1,0.4256106227062645,0.4445271674680695,0.43506889508716695,1,0,0.5553158283233642,0.6836951076984406,-0.03281957281663204,0.23133010650661553,-3.977690930591274,0.5628214031457901,0.7298330664634705,0.008449873036761677,0.0012044482150693724,0.05430464918232291,0.13553168416953718
1782116358.429735,85.63122701644897,fun_at_the_park,two_speaker_attention_movie,speech_social,2465,1,0.4334143857792191,0.4714304115769942,0.45242239867810663,1,0,0.5512207627296448,0.690687507390976,-0.01824710222923904,0.23309479207188083,-4.628426569492522,0.5580793470144272,0.7355480790138245,0.007426201236412894,0.0010236718003487832,0.06297035498247443,0.13701988449599467
1782116358.463486,85.66497802734375,fun_at_the_park,two_speaker_attention_movie,speech_social,2466,1,0.4159898181439657,0.45418814258191625,0.43508898036294097,1,0,0.5473434686660766,0.6966370105743408,-0.01578369217376401,0.23718195947523277,-5.559440895659025,0.5538702607154846,0.7433971464633942,0.008906417197719892,0.0014802159613069984,0.05547627183175507,0.13651708466597673
1782116358.497393,85.69888496398926,fun_at_the_park,two_speaker_attention_movie,speech_social,2467,1,0.4549419433169029,0.43958064779843337,0.44726129555766814,1,0,0.5433299541473389,0.7012520015239716,-0.02247646430821709,0.24686298168220386,-4.977239698281911,0.550306648015976,0.7448442280292511,0.003846216391512886,0.0050602008062070065,0.06983699817748143,0.1376620431868064
1782116358.531598,85.73309016227722,fun_at_the_park,two_speaker_attention_movie,speech_social,2468,1,0.44608384038105864,0.43985908417778397,0.4429714622794213,1,0,0.5395031094551086,0.7049899339675902,-0.022385814423181247,0.2527360000292882,-5.518872858207244,0.5464038103818893,0.7475486695766449,0.004748278180700087,0.0009020617891872008,0.04895272698081693,0.1391210186274267
1782116358.5670059,85.76849794387817,fun_at_the_park,two_speaker_attention_movie,speech_social,2469,1,0.4655091156784092,0.4684164434607107,0.46696277956955995,1,0,0.5370316356420517,0.7114028096199035,-0.02949811183830663,0.25924024883735114,-3.7991422687579726,0.5431223660707474,0.7505631446838379,0.004455887895696232,0.00029239028500385473,0.1011991312512938,0.1421744324894388
1782116358.602675,85.80416703224182,fun_at_the_park,two_speaker_attention_movie,speech_social,2470,1,0.4651634688580219,0.47633554460434374,0.4707495067311828,1,0,0.5341638654470444,0.7167462348937989,-0.04336725817358022,0.26173426160609825,-4.6639710404542845,0.5417403429746628,0.7547360062599182,0.004395766323548011,6.012157214822095e-05,0.10679984965676141,0.14361786346543137
1782116358.635712,85.83720397949219,fun_at_the_park,two_speaker_attention_movie,speech_social,2471,1,0.45906115938511094,0.4471450762669894,0.4531031178260502,1,0,0.5316178649663925,0.7222758412361145,-0.04796665740596753,0.2627772077072016,-4.364350101993958,0.5389509797096252,0.7587802708148956,0.0049129037457482875,0.0005171374222002765,0.09849257019563036,0.14730881814593833
1782116358.669872,85.8713641166687,fun_at_the_park,two_speaker_attention_movie,speech_social,2472,1,0.48567054073426,0.465405528243698,0.475538034488979,1,0,0.5285635620355607,0.7296670258045197,-0.03746431767319604,0.27288180718962984,-2.567455968604887,0.5355835407972336,0.7662425637245178,0.008186907859362238,0.0032740041136139503,0.09894855200339052,0.14560312682774798
1782116358.704882,85.90637397766113,fun_at_the_park,two_speaker_attention_movie,speech_social,2473,1,0.47137261866520036,0.44529841274730636,0.45833551570625336,1,0,0.5258446335792542,0.7371997058391571,-0.046484635401650584,0.2678919095884001,-3.5060666452882887,0.5334973335266113,0.7759756445884705,0.009954151087874754,0.0017672432285125161,0.08247164163669787,0.14538155543108028
1782116358.738652,85.94014406204224,fun_at_the_park,two_speaker_attention_movie,speech_social,2474,1,0.4965948016967543,0.46998593988317305,0.4832903707899637,1,0,0.5223955005407334,0.7436144471168518,-0.05801430190652107,0.27328531058579614,-2.8433120610419507,0.5308212637901306,0.7803289294242859,0.005110033081717625,0.004844118006157129,0.05779824585124432,0.14235512192792565
1782116358.773671,85.97516298294067,fun_at_the_park,two_speaker_attention_movie,speech_social,2475,1,0.495315423384174,0.49004808455574755,0.4926817539699608,1,0,0.5203722447156907,0.7491887390613556,-0.05370784435465004,0.2799169980414731,-2.301610611914631,0.5282454341650009,0.78308966755867,0.0037757877726825053,0.0013342453090351195,0.10136350584753456,0.1431428153835069
1782116358.8097239,86.01121592521667,fun_at_the_park,two_speaker_attention_movie,speech_social,2476,1,0.485292141656974,0.44763376748313494,0.4664629545700545,1,0,0.5193164110183717,0.7525956630706787,-0.07361936498750728,0.2844134177566501,-2.919301528902085,0.5289088934659958,0.7811694145202637,0.0020316372647659104,0.001744150507916595,0.11849032244877844,0.1464626389234854
1782116358.842284,86.04377603530884,fun_at_the_park,two_speaker_attention_movie,speech_social,2477,1,0.4907752019117959,0.422116112331338,0.45644565712156693,1,0,0.5186084419488907,0.7535173356533051,-0.07152304425795325,0.28605872604743804,-2.603006546769379,0.5288090407848358,0.7812060117721558,0.0001063480925117528,0.0019252891722541575,0.08013714038811076,0.14705202046567978
1782116358.876526,86.07801818847656,fun_at_the_park,two_speaker_attention_movie,speech_social,2478,1,0.4999071757827886,0.45093454098926444,0.47542085838602655,1,0,0.5195090770721436,0.75426766872406,-0.06412688370132888,0.2889548188474709,-2.7184935537636745,0.5282268524169922,0.7808239459991455,0.0006963602160939052,0.0005900121235821523,0.05248742080492539,0.14785113355214904
1782116358.9117599,86.11325192451477,fun_at_the_park,two_speaker_attention_movie,speech_social,2479,1,0.4883345019696558,0.437214564149071,0.4627745330593634,1,0,0.5202143460512161,0.7557645320892334,-0.060112396055744234,0.2926447560953662,-2.2580939758318372,0.528971254825592,0.7822987735271454,0.0016520445463956152,0.0009556843303017101,0.08505559419696984,0.14641755099264264
1782116358.945376,86.14686799049377,fun_at_the_park,two_speaker_attention_movie,speech_social,2480,1,0.47190936635528485,0.4288914304132734,0.45040039838427914,1,0,0.521946594119072,0.7568278312683105,-0.06376842597061938,0.2934603143106322,-2.3366171807003098,0.5306529551744461,0.7846230268478394,0.00286884463889086,0.0012168000924952448,0.08516213216250419,0.1445215894120975
1782116358.9802969,86.1817889213562,fun_at_the_park,two_speaker_attention_movie,speech_social,2481,1,0.44980170012729725,0.41303260654914814,0.4314171533382227,1,0,0.5267071336507797,0.7591630578041076,-0.05395559178666813,0.29652255833367547,-2.768500581971415,0.5318961292505264,0.783404141664505,0.001741023513221512,0.0011278211256693482,0.04158363156351316,0.14838560317356753
1782116359.0144,86.21589207649231,fun_at_the_park,two_speaker_attention_movie,speech_social,2482,1,0.451083482772817,0.43496700962368173,0.44302524619824935,1,0,0.5295565038919449,0.7612485408782959,-0.04014928712074934,0.28935247611997955,-3.0839234643585334,0.5325364321470261,0.7875636518001556,0.004208504766285311,0.0024674812530637996,0.024654279468690074,0.14920427184397936
1782116359.048671,86.2501630783081,fun_at_the_park,two_speaker_attention_movie,speech_social,2483,1,0.45066767353567466,0.45622031928529916,0.45344399641048694,1,0,0.5314724802970886,0.7619183659553528,-0.03273553725010965,0.29693577142468164,-2.4611649505263657,0.5343598872423172,0.7864013612270355,0.002162384762457205,0.0020461200038281065,0.02703848134131377,0.14725749899623314
1782116359.083482,86.28497409820557,fun_at_the_park,two_speaker_attention_movie,speech_social,2484,1,0.4721512145765992,0.47202325434341613,0.47208723446000767,1,0,0.5345438867807388,0.7626875340938568,-0.02571122888045767,0.30326123168266234,-1.590173821127787,0.5363498628139496,0.7879045605659485,0.002493914799707883,0.00033153003725067826,0.021933258094981475,0.14374144425550042
1782116359.117782,86.31927418708801,fun_at_the_park,two_speaker_attention_movie,speech_social,2485,1,0.44889410780671307,0.457975159712553,0.453434633759633,1,0,0.5359301775693893,0.7643711566925049,-0.023819940749059517,0.3017120500537722,-2.055291833111108,0.5384303778409958,0.7861410081386566,0.002727390683707069,0.00023347588399918583,0.015266471113379153,0.1459705870235899
1782116359.15267,86.35416197776794,fun_at_the_park,two_speaker_attention_movie,speech_social,2486,1,0.47181517650509464,0.4599886303824787,0.4659019034437867,1,0,0.5371545404195786,0.7649944782257081,-0.023972178275903398,0.29492314905168415,-1.337008667342329,0.5388393998146057,0.790029376745224,0.003909822169285264,0.0011824314855781951,0.023216923937594686,0.14688550731034555
1782116359.187005,86.38849711418152,fun_at_the_park,two_speaker_attention_movie,speech_social,2487,1,0.4868966051804176,0.4454569931714544,0.466176799175936,1,0,0.5384966433048248,0.7647774636745452,-0.02593168104821996,0.2988789548692271,-2.670334902331702,0.5403257608413696,0.7874842882156372,0.002947328404728075,0.0009624937645571889,0.012870321832068718,0.14701292487125978
1782116359.221215,86.42270708084106,fun_at_the_park,two_speaker_attention_movie,speech_social,2488,1,0.4852690530723428,0.46921870532616555,0.47724387919925415,1,0,0.5389182597398758,0.7655785739421844,-0.022736827430840427,0.30731026488919716,-2.059942090802982,0.5404887199401855,0.7864426970481873,0.001054261745486693,0.0018930666592413823,0.011691782380179037,0.1468940944115201
1782116359.255619,86.457111120224,fun_at_the_park,two_speaker_attention_movie,speech_social,2489,1,0.4543917913889935,0.4469610388226602,0.45067641510582684,1,0,0.5392425298690795,0.7670836687088013,-0.025052918433295306,0.30374031295123116,-2.0073049095591435,0.541208028793335,0.7884247303009033,0.0021085210554062173,0.0010542593099195244,0.025321894835962883,0.1474470684030537
1782116359.289991,86.49148297309875,fun_at_the_park,two_speaker_attention_movie,speech_social,2490,1,0.4829430690909131,0.46423634066092023,0.4735897048759167,1,0,0.5401811242103577,0.7680331408977508,-0.019896679177682158,0.30660286473569925,-2.112138121135074,0.5413504242897034,0.7891270816326141,0.0007166406844032519,0.0013918803710029654,0.01499121005677434,0.14562432522741414
1782116359.324239,86.52573108673096,fun_at_the_park,two_speaker_attention_movie,speech_social,2491,1,0.45144058398627956,0.4459527879371629,0.44869668596172124,1,0,0.5408340781927108,0.7699175179004669,-0.01738384822630499,0.3114011271089433,-2.0127064164540394,0.541638508439064,0.7892076373100281,0.00029913490982577077,0.00041750577457748113,0.004560288267575878,0.14693792697233593
1782116359.3584268,86.55991888046265,fun_at_the_park,two_speaker_attention_movie,speech_social,2492,1,0.4727261990894886,0.4486283893083401,0.46067729419891434,1,0,0.5416682332754135,0.7718400895595551,-0.01058503114242068,0.30682860144361646,-2.0878700053835524,0.541853278875351,0.7930544018745422,0.0038527553718221835,0.003553620461996413,0.004782963201558719,0.14401419695550313
1782116359.393908,86.59540009498596,fun_at_the_park,two_speaker_attention_movie,speech_social,2493,1,0.47277342052359217,0.44458064063256847,0.4586770305780803,1,0,0.5423660099506378,0.773350989818573,-0.009270012494752412,0.31176785409269253,-1.491862189789819,0.5421245843172073,0.7910916209220886,0.001981442835434725,0.0018713125363874587,0.020440797081289028,0.14513860027352207
1782116359.4279711,86.62946319580078,fun_at_the_park,two_speaker_attention_movie,speech_social,2494,1,0.45650702482406547,0.41812651066507084,0.4373167677445682,1,0,0.5431719034910203,0.7753530323505402,-0.015383240048342916,0.3110063061221878,-1.67707550662395,0.543772965669632,0.7923965156078339,0.0021023584908163003,0.00012091565538157548,0.025208193196373296,0.149339638822455
1782116359.4626582,86.66415023803711,fun_at_the_park,two_speaker_attention_movie,speech_social,2495,1,0.336670548354589,0.34927190738646235,0.3429712278705257,1,0,0.5445800065994263,0.7782256722450256,-0.015828175403170098,0.3151215529324075,0.015524012939382525,0.5446464121341705,0.7934570610523224,0.0013739233480221155,0.0007284351427941848,0.026785564650716805,0.16047794899389536
1782116359.496202,86.69769406318665,fun_at_the_park,two_speaker_attention_movie,speech_social,2496,1,0.12949352420622465,0.12398817632684661,0.12674085026653564,0,1,0.5431157439947129,0.7858263313770295,-0.016110018591932774,0.31260462608275696,0.1167724593313898,0.5453706234693527,0.79886794090271,0.005459130224984253,0.0040852068769621375,0.047395867033577926,0.18763573945666912
1782116359.531551,86.73304295539856,fun_at_the_park,two_speaker_attention_movie,speech_social,2497,1,0.07886270518277412,0.09349087465684669,0.0861767899198104,0,1,0.5446860849857331,0.787569659948349,-0.0067158055801249065,0.31807140948802165,0.778948775358214,0.5470806062221527,0.7996110320091248,0.0018644638390985728,0.00359466638588568,0.05209828046875451,0.19669271921202922
1782116359.564917,86.76640915870667,fun_at_the_park,two_speaker_attention_movie,speech_social,2498,1,0.0795015469319373,0.06432169527074853,0.07191162110134292,0,1,0.545553696155548,0.7880466818809508,-0.01926078354035996,0.3245985956975735,1.1587286559829555,0.5498965084552765,0.7962064445018768,0.0044182034223222595,0.0025537395832236865,0.02145576949076645,0.19597857440706473
1782116359.600734,86.80222606658936,fun_at_the_park,two_speaker_attention_movie,speech_social,2499,1,0.11484987100339472,0.14513149111088663,0.12999068105714068,0,1,0.5493126213550568,0.7881644308567046,-0.0033513409531179543,0.3147332877679311,1.3056707606394165,0.55007503926754,0.8019337058067322,0.005730043220170405,0.0013118397978481456,0.025313082014870644,0.18574940768193252
1782116359.6342669,86.83575892448425,fun_at_the_park,two_speaker_attention_movie,speech_social,2500,1,0.2559083850659967,0.2367160180651023,0.2463122015655495,1,0,0.5543204575777054,0.7844258844852448,0.003935792475405923,0.3177949343111181,-0.6001254802027166,0.5511141717433929,0.8007386028766632,0.001583687884600925,0.00414635533556948,0.06803885200677122,0.16967545469902898
1782116359.669298,86.87079000473022,fun_at_the_park,two_speaker_attention_movie,speech_social,2501,1,0.4164230378983031,0.37473043769254627,0.3955767377954247,1,0,0.5549072176218033,0.7826285183429718,0.009113271845485191,0.321532784826778,-1.2617910847195488,0.5518537163734436,0.8021685481071472,0.0016098663366940534,2.6178452093128524e-05,0.06169417214375373,0.1528971299315939
1782116359.70303,86.90452218055725,fun_at_the_park,two_speaker_attention_movie,speech_social,2502,1,0.4245162210628945,0.39051300369395026,0.40751461237842235,1,0,0.5555936098098755,0.7834311544895172,0.008007509115791886,0.3184383073610111,-1.152157488369355,0.5533262193202972,0.8011367619037628,0.0017980121517907047,0.00018814581509665122,0.042467479378734414,0.15250195479491685
1782116359.737546,86.93903803825378,fun_at_the_park,two_speaker_attention_movie,speech_social,2503,1,0.42727387622449214,0.41056567374795755,0.41891977498622485,1,0,0.5573070764541626,0.7829926133155822,0.021092219163369598,0.32172616707086044,-1.3983946663025888,0.5536631345748901,0.8016217350959778,0.0005905174730222382,0.0012074946787684665,0.06252628781209911,0.1515539179337969
1782116359.7727911,86.97428321838379,fun_at_the_park,two_speaker_attention_movie,speech_social,2504,1,0.4412377677552791,0.46231418535219737,0.45177597655373825,1,0,0.5587130934000015,0.7830075085163116,0.020310675896606154,0.3204520647957721,-1.8473391535022652,0.5555240958929062,0.8026109337806702,0.0021075319843241245,0.0015170145113018864,0.05874178130844311,0.1486656385354756
1782116359.806493,87.00798511505127,fun_at_the_park,two_speaker_attention_movie,speech_social,2505,1,0.45507342248624516,0.46523689125924383,0.4601551568727445,1,0,0.5608311086893082,0.7844683289527893,0.0248421816946662,0.3152543385201449,-2.404197472870326,0.5573651492595673,0.804605633020401,0.002714461743306919,0.0006069297589827946,0.06409432192630499,0.15003953656047908
1782116359.8407722,87.04226422309875,fun_at_the_park,two_speaker_attention_movie,speech_social,2506,1,0.4520131692755782,0.4640893089000607,0.4580512390878195,1,0,0.5622071146965026,0.7851114928722382,0.0186172717071728,0.3152571811790862,-3.26247738655685,0.5585608184337616,0.8037247657775879,0.0014851100543662535,0.0012293516889406656,0.05113552595391878,0.14700332355424972
1782116359.87565,87.07714200019836,fun_at_the_park,two_speaker_attention_movie,speech_social,2507,1,0.4460584007419388,0.45573739407801644,0.45089789740997765,1,0,0.5640186965465546,0.7870842814445496,0.025195594676224092,0.31921017335757523,-2.9556478100311248,0.5599478781223297,0.8033951222896576,0.0014256926066952614,5.941744767099205e-05,0.05771448621042365,0.14702158577237687
1782116359.910212,87.11170411109924,fun_at_the_park,two_speaker_attention_movie,speech_social,2508,1,0.45720658138121506,0.4679388976232533,0.4625727395022342,1,0,0.5649116456508636,0.7894054293632508,0.02748623916601369,0.32123087337845085,-1.9391826701963584,0.5616292804479599,0.8029665052890778,0.001735173280632415,0.0003094806739371537,0.06070270179634441,0.14965628442632525
1782116359.9446568,87.1461489200592,fun_at_the_park,two_speaker_attention_movie,speech_social,2509,1,0.4873600941345718,0.4443573854229128,0.4658587397787423,1,0,0.5665940821170807,0.7912266969680786,0.02877083479644953,0.3141604081614866,-2.343948703000035,0.5631166249513626,0.8094164133071899,0.006619177223334489,0.004884003942702074,0.04275702781735367,0.14797769679503148
1782116359.978744,87.18023610115051,fun_at_the_park,two_speaker_attention_movie,speech_social,2510,1,0.469391579959058,0.45133607568890327,0.46036382782398066,1,0,0.5675392746925354,0.7937893688678741,0.024601678465839532,0.32311393578923353,-2.615575921832356,0.5635886192321777,0.807699054479599,0.0017810390068234672,0.004838138216511022,0.029922825513553165,0.14657968247032016
1782116360.013624,87.21511602401733,fun_at_the_park,two_speaker_attention_movie,speech_social,2511,1,0.49600012744671546,0.47321738109523365,0.48460875427097455,1,0,0.5685797095298767,0.7963404774665832,0.030304109412560582,0.3285164286789311,-1.738369268841306,0.564712405204773,0.8076901733875275,0.0011238210649379002,0.000657217941885567,0.0303738146349106,0.14907534241357118
1782116360.047574,87.24906611442566,fun_at_the_park,two_speaker_attention_movie,speech_social,2512,1,0.46664517462526856,0.44951874247613366,0.4580819585507011,1,0,0.5693927943706513,0.7983577609062195,0.03196523940570974,0.3249932811811348,-2.107264576971284,0.5645053386688232,0.8080530762672424,0.0004178217926528322,0.0007059992722850681,0.003516427434973077,0.151329991586598
1782116360.082366,87.28385806083679,fun_at_the_park,two_speaker_attention_movie,speech_social,2513,1,0.4955047695132833,0.44050121305307327,0.4680029912831783,1,0,0.5701005697250366,0.7981652796268464,0.03032694900234935,0.3298718845359306,-1.4226062879373291,0.5652083158493042,0.8093904554843903,0.0015108805666682894,0.0010930587740154572,0.0025661097567781007,0.14889149688473363
1782116360.1170251,87.31851720809937,fun_at_the_park,two_speaker_attention_movie,speech_social,2514,1,0.48834707747807415,0.45182461525272655,0.47008584636540035,1,0,0.5705789506435395,0.7994480133056641,0.026303328326211413,0.3322966039903794,-0.8934109592765183,0.5661604553461075,0.8081358075141907,0.0015750273491272298,6.414678245894047e-05,0.0029009703514332463,0.14880548311591227
1782116360.150773,87.35226511955261,fun_at_the_park,two_speaker_attention_movie,speech_social,2515,1,0.4604187595168025,0.45913315893175227,0.4597759592242774,1,0,0.5714844942092896,0.8001064658164978,0.018012052773602082,0.3231217041783178,-0.8350602211036312,0.5676281750202179,0.812391847372055,0.004502008031256833,0.0029269806821296033,0.013001344408969055,0.14805383776469985
1782116360.186861,87.38835310935974,fun_at_the_park,two_speaker_attention_movie,speech_social,2516,1,0.4841388601326017,0.4571746928069104,0.47065677646975607,1,0,0.5710166454315185,0.7993013858795166,0.0318496801289684,0.32549676565296676,-1.2936842825611463,0.5667368173599243,0.8105601072311401,0.0020371034392988106,0.0024649045919580225,0.007568845651532976,0.14520368646660414
1782116360.2204008,87.42189288139343,fun_at_the_park,two_speaker_attention_movie,speech_social,2517,1,0.4677521096044347,0.4561838268281353,0.461967968216285,1,0,0.5715657889842987,0.8001632213592529,0.023278849077976956,0.3266100106150117,-0.8461751847047024,0.5674949437379837,0.8129855394363403,0.0025411566238883678,0.0005040531845895571,0.014055892543738588,0.14624831266145227
1782116360.254105,87.4555971622467,fun_at_the_park,two_speaker_attention_movie,speech_social,2518,1,0.49593856128422364,0.47202430174522736,0.4839814315147255,1,0,0.5710732400417328,0.7994129657745361,0.023596532181147087,0.33409393825064015,-1.4597230695203007,0.5669205486774445,0.8103731572628021,0.0026747841606739216,0.00013362753678555382,0.004879164628285453,0.1436439407795467
1782116360.289418,87.49091005325317,fun_at_the_park,two_speaker_attention_movie,speech_social,2519,1,0.4223278374123093,0.45307079351187934,0.4376993154620943,1,0,0.5700531661510467,0.7999114573001862,0.026114289717272133,0.3292136843382721,-0.6907638320509202,0.5662603676319122,0.8110963702201843,0.0009792221375181092,0.0016955620231558124,0.007822152924435685,0.14739117958344355
1782116360.323176,87.52466797828674,fun_at_the_park,two_speaker_attention_movie,speech_social,2520,1,0.43813363627783175,0.4433145276101435,0.4407240819439876,1,0,0.5685182094573975,0.7982856035232544,0.018856615037824813,0.3340550083495128,-1.3549651393348938,0.565744549036026,0.8095679581165314,0.0016131064386626479,0.0006338843011445387,0.0066497493630811345,0.14658452161859978
1782116360.357555,87.55904698371887,fun_at_the_park,two_speaker_attention_movie,speech_social,2521,1,0.4578657798751553,0.4584814549503212,0.45817361741273827,1,0,0.566990214586258,0.7979535400867462,0.025625639247509352,0.3249654287013399,-0.9058174163155703,0.5639254748821259,0.8095782995223999,0.00181910354902157,0.00020599711035892217,0.004104468932971237,0.14729756234992256
1782116360.393458,87.59494996070862,fun_at_the_park,two_speaker_attention_movie,speech_social,2522,1,0.45819403852694396,0.4096675225361504,0.4339307805315472,1,0,0.5656228184700012,0.7964299499988556,0.01660563783215892,0.322596809473457,-1.4166726633541746,0.5632674247026443,0.8067072033882141,0.0029455429126821826,0.0011264393636606126,0.021905034565980672,0.14979782099307107
1782116360.426792,87.62828397750854,fun_at_the_park,two_speaker_attention_movie,speech_social,2523,1,0.4512228675578453,0.44037473241121294,0.4457987999845291,1,0,0.5639129877090454,0.7948345065116882,0.02164750917593475,0.3254736410114936,-2.244636440595899,0.5610922127962112,0.808261513710022,0.00267346730190717,0.0002720756107750127,0.03940914944282775,0.14652286305447576
1782116360.460722,87.66221404075623,fun_at_the_park,two_speaker_attention_movie,speech_social,2524,1,0.45337625901315043,0.4157739342101532,0.43457509661165183,1,0,0.5626947432756424,0.7945469915866852,0.019138412967347564,0.3192508481658319,-1.9838018911176443,0.559762105345726,0.8086619675159454,0.0013890820999908188,0.0012843852019163511,0.009487509139631005,0.14523958126328873
1782116360.4950778,87.69656991958618,fun_at_the_park,two_speaker_attention_movie,speech_social,2525,1,0.44198792624082245,0.4217119978359237,0.4318499620383731,1,0,0.5612974882125854,0.793892914056778,0.012989210624008615,0.3185091515049832,-2.139776503638618,0.5594640374183655,0.8070370852947235,0.0016519947706225035,0.00026291267063168464,0.02029331046619275,0.1453630286986558
1782116360.529247,87.7307391166687,fun_at_the_park,two_speaker_attention_movie,speech_social,2526,1,0.43664473278132643,0.4196794728417365,0.42816210281153144,1,0,0.5607329607009888,0.7925162792205811,0.011522376449869743,0.32046131180943166,-2.1298671354374323,0.5589415580034256,0.8074245154857635,0.0006504512986882575,0.001001543471934246,0.030408081232154816,0.14340366431168064
1782116360.56455,87.76604199409485,fun_at_the_park,two_speaker_attention_movie,speech_social,2527,1,0.4655427094591217,0.42199965714871523,0.44377118330391846,1,0,0.5607009798288345,0.7929433882236481,0.0014960708361396638,0.3190716086917322,-2.129464682257037,0.5585989952087402,0.8074473738670349,0.0003433245897062919,0.00030712670898196565,0.03893927313730782,0.1440846724379057
1782116360.6011362,87.8026282787323,fun_at_the_park,two_speaker_attention_movie,speech_social,2528,1,0.47816121388132143,0.4249202855658898,0.4515407497236056,1,0,0.5600850194692611,0.7929308950901031,0.0008032972465970196,0.3209669330823277,-2.2492743070276875,0.5579235404729843,0.8075729608535767,0.0006870307061869487,0.0003437061164806568,0.051750164964249896,0.1429527655609078
1782116360.6335151,87.83500719070435,fun_at_the_park,two_speaker_attention_movie,speech_social,2529,1,0.4831142065283329,0.43335745608556453,0.4582358313069487,1,0,0.5596691459417343,0.7934071898460389,0.004994175347376732,0.31845018794231045,-2.1727208937133065,0.5581236779689789,0.8074031472206116,0.00026247225995098465,0.00042455844623596404,0.01735895919607952,0.14436848636693697
1782116360.66733,87.86882209777832,fun_at_the_park,two_speaker_attention_movie,speech_social,2530,1,0.46363377309957854,0.42149842378938823,0.44256609844448336,1,0,0.5553259193897248,0.7937963724136352,-1.614956162302698e-05,0.3219928290040257,-1.5354987512066802,0.5578205287456512,0.8082753121852875,0.0009233478094479182,0.0006608755494969336,0.03498508923487622,0.14604505053226094
1782116360.7020001,87.90349221229553,fun_at_the_park,two_speaker_attention_movie,speech_social,2531,1,0.46683304836814943,0.4232054716773534,0.4450192600227514,1,0,0.5530721634626388,0.7940725624561309,-0.006116222969833777,0.31859681060421313,-0.8963668651855977,0.5581357181072235,0.8086926341056824,0.0005229741091970208,0.0004003737002508974,0.031872915289552335,0.14526513784281048
1782116360.736479,87.9379711151123,fun_at_the_park,two_speaker_attention_movie,speech_social,2532,1,0.47578616375556126,0.42532343353898894,0.4505547986472751,1,0,0.5525175690650941,0.7935880362987519,-0.007209110792501251,0.3227271462352689,-0.6642684972429539,0.5583005994558334,0.8073859214782715,0.0013170739348094683,0.0007940998256124475,0.015628176495009645,0.145426995674701
1782116360.770932,87.97242403030396,fun_at_the_park,two_speaker_attention_movie,speech_social,2533,1,0.4805993929824935,0.424936157081833,0.45276777503216326,1,0,0.552486002445221,0.7935232877731323,-0.007777333376265969,0.32300220719365713,-0.37371930823600247,0.558485746383667,0.8092055916786194,0.0018290650679842891,0.0005119911331748208,0.015850662442215533,0.145161254182908
1782116360.805357,88.00684905052185,fun_at_the_park,two_speaker_attention_movie,speech_social,2534,1,0.46350042818810056,0.4343978324209928,0.44894913030454664,1,0,0.5520677626132966,0.7936355292797088,-0.0073844333506817164,0.32452601543219595,0.06207119775211625,0.5577435791492462,0.8084968328475952,0.001026231593940925,0.0008028334740433642,0.019636793753704408,0.14375721699949628
1782116360.8402061,88.04169821739197,fun_at_the_park,two_speaker_attention_movie,speech_social,2535,1,0.46432360632347536,0.4379249717836006,0.45112428905353796,1,0,0.5522130519151688,0.7934951245784759,-0.003152297558071378,0.3285997161005174,-0.774079086394329,0.5569516569375992,0.8056050539016724,0.002998253868734702,0.001972022274793777,0.006423235827658913,0.1437185107569636
1782116360.87423,88.07572197914124,fun_at_the_park,two_speaker_attention_movie,speech_social,2536,1,0.4505689088832455,0.41349352299842107,0.43203121594083327,1,0,0.5523659765720368,0.7934775471687316,-0.015871380575319963,0.3239814980609661,-0.2832611498515943,0.5583888739347458,0.8078560829162598,0.0026707160690349397,0.0003275377996997623,0.0017638496385132933,0.14383327446925814
1782116360.9085288,88.11002087593079,fun_at_the_park,two_speaker_attention_movie,speech_social,2537,1,0.46348996381728613,0.4334091299002952,0.4484495468587907,1,0,0.5518385082483291,0.7936798870563507,-0.008511848040002804,0.32252943755871577,-1.3357551494881423,0.5579565912485123,0.8077210485935211,0.00045288253348385333,0.0022178335355510863,0.006935586079426859,0.14549656611169373
1782116360.942949,88.1444411277771,fun_at_the_park,two_speaker_attention_movie,speech_social,2538,1,0.44953767038507897,0.45361075183349614,0.4515742111092875,1,0,0.5519891083240509,0.7930328547954559,-0.007383765366728081,0.3244642078089088,-1.1210023079734155,0.5578090697526932,0.8081281781196594,0.00043303238075495423,1.9850152728899102e-05,0.015500621324027714,0.1448983261553245
1782116360.977175,88.17866706848145,fun_at_the_park,two_speaker_attention_movie,speech_social,2539,1,0.4543526315692376,0.4402281372511063,0.447290384410172,1,0,0.5521896034479141,0.7927327036857605,-0.010614872849398193,0.31975205584932936,-0.6890888506618824,0.5581742525100708,0.8094498813152313,0.0013712249208174768,0.0009381925400625226,0.009319960956725265,0.1448838990512985
1782116361.0127392,88.21423125267029,fun_at_the_park,two_speaker_attention_movie,speech_social,2540,1,0.44876732350480697,0.4381150328124779,0.4434411781586424,1,0,0.5516237854957581,0.7929679036140442,-0.011296393950093594,0.3193662398835137,-1.0990830968565333,0.5581386089324951,0.8079551160335541,0.0014951901925608162,0.0001239652717433394,0.031188668513312083,0.14495410938435463
1782116361.046576,88.24806809425354,fun_at_the_park,two_speaker_attention_movie,speech_social,2541,1,0.4596916515032348,0.4307895205115783,0.44524058600740657,1,0,0.5513621509075164,0.7925066947937012,-0.013642958758738928,0.31864396687378704,-1.1624650483330217,0.5581418573856354,0.8087651431560516,0.0008100336361099329,0.0006851565564508833,0.011408065093768117,0.1449952914049658
1782116361.080416,88.28190803527832,fun_at_the_park,two_speaker_attention_movie,speech_social,2542,1,0.46110733178927427,0.4321631396655188,0.4466352357273965,1,0,0.550668939948082,0.7925491809844971,-0.02039577329266046,0.3203912619337554,-1.2151080952903077,0.5582444667816162,0.806899905204773,0.0018680581637181065,0.0010580245276081736,0.010556367777777768,0.144044763082928
1782116361.115351,88.31684303283691,fun_at_the_park,two_speaker_attention_movie,speech_social,2543,1,0.4385560538930667,0.397137123505157,0.41784658869911184,1,0,0.5501967400312424,0.7935638070106505,-0.03037066743812262,0.31975811483875555,-1.0978143453981142,0.5586236119270325,0.8057173490524292,0.0012418494654098664,0.0006262086983082401,0.02620978604481829,0.14823545341025596
1782116361.149427,88.350919008255,fun_at_the_park,two_speaker_attention_movie,speech_social,2544,1,0.36376054024647914,0.2640707881027368,0.313915664174608,1,0,0.5521123319864273,0.7967825710773468,-0.020873655349053038,0.31402846046512145,-0.19935779803573261,0.5573021471500397,0.8081149756908417,0.002737678332831988,0.0014958288674221216,0.012025570337657684,0.1622007765025063
1782116361.186047,88.38753914833069,fun_at_the_park,two_speaker_attention_movie,speech_social,2545,1,0.20935716234891427,0.21971170281632527,0.21453443258261978,1,0,0.5513216435909272,0.79917032122612,-0.03052200087486335,0.3152428307332362,0.5288975759911737,0.5570635497570038,0.8060701787471771,0.002058670264219943,0.0006790080686120449,0.0051810085518768775,0.17613454433580514
1782116361.218452,88.41994404792786,fun_at_the_park,two_speaker_attention_movie,speech_social,2546,1,0.23418428118981335,0.28715195447250136,0.26066811783115734,1,0,0.5527345776557923,0.7960007965564728,-0.02658471751162688,0.31647819967940705,0.41267826224120324,0.5561875551939011,0.8055255711078644,0.00103148628463171,0.001027183979588233,0.008579932493384772,0.1682485973578616
1782116361.253821,88.45531296730042,fun_at_the_park,two_speaker_attention_movie,speech_social,2547,1,0.3665170784860986,0.38275413420117244,0.3746356063436355,1,0,0.5529947012662888,0.7912775814533234,-0.0239189218328697,0.31809762575384704,-1.6146868030710078,0.5560191869735718,0.8030206859111786,0.002510537334156269,0.0014790510495245588,0.007182891620488924,0.15545048359468336
1782116361.286921,88.48841309547424,fun_at_the_park,two_speaker_attention_movie,speech_social,2548,1,0.446669676708169,0.3799858301321047,0.41332775342013683,1,0,0.5546755462884903,0.7862386643886566,-0.023400303512873696,0.31587158683179173,-2.016429649341363,0.5565685331821442,0.7976425886154175,0.005406081000091083,0.002895543665934814,0.004967392709138485,0.15161339457372158
1782116361.321467,88.52295899391174,fun_at_the_park,two_speaker_attention_movie,speech_social,2549,1,0.47983261629425095,0.4176367404846442,0.4487346783894476,1,0,0.5561454087495803,0.7811409771442412,-0.026166000744215313,0.32347329344088943,-2.1731114732704153,0.5577585250139236,0.794547975063324,0.0033155261417311534,0.0020905548583599293,0.004279871847499168,0.1473362868516176
1782116361.355938,88.5574300289154,fun_at_the_park,two_speaker_attention_movie,speech_social,2550,1,0.4053198717720923,0.4267319866897062,0.4160259292308992,1,0,0.557013639807701,0.7786340057849884,-0.015879872655954478,0.32133051542283514,-2.439667502061664,0.5575746595859528,0.7918744087219238,0.002679881243165578,0.0006356448985655756,0.0055197765128442095,0.15046976736915035
1782116361.39327,88.59476208686829,fun_at_the_park,two_speaker_attention_movie,speech_social,2551,1,0.4381337057770498,0.4383081536345937,0.4382209297058217,1,0,0.5585696250200272,0.7766732931137086,-0.01906002563494605,0.3094884307706114,-2.2900239660569,0.5593896806240082,0.7962124347686768,0.004702421860157872,0.0020225406169922942,0.008661271038120791,0.1497366045673544
1782116361.424968,88.62646007537842,fun_at_the_park,two_speaker_attention_movie,speech_social,2552,1,0.4767758984939353,0.43914836319392414,0.4579621308439297,1,0,0.5591596990823746,0.7754393637180328,-0.01693750602783294,0.3119518410943342,-2.7444286131046596,0.5589420199394226,0.794491171836853,0.001778523592476087,0.002923898267681785,0.009422106838978275,0.14778511661499621
1782116361.459282,88.66077399253845,fun_at_the_park,two_speaker_attention_movie,speech_social,2553,1,0.4716535323103055,0.4375861018411181,0.4546198170757118,1,0,0.5596347421407699,0.7760747611522675,-0.018991337729344228,0.30876372886053943,-2.2611779017821854,0.5592377930879593,0.7953517138957977,0.0009099529606568075,0.0008685706318192796,0.013083867095432222,0.1476163076638424
1782116361.4947698,88.69626188278198,fun_at_the_park,two_speaker_attention_movie,speech_social,2554,1,0.4807371013960616,0.43493272347560663,0.4578349124358341,1,0,0.5598969668149948,0.7784133970737457,-0.017933580075643624,0.3072013230398257,-1.8118792529700445,0.5590448528528214,0.7970623075962067,0.0017214403103836678,0.0008114873497268604,0.047905525920900235,0.1458754040073437
1782116361.5284731,88.72996520996094,fun_at_the_park,two_speaker_attention_movie,speech_social,2555,1,0.48535568587104805,0.4121723905870843,0.4487640382290662,1,0,0.5599758505821228,0.7817348122596741,-0.016773771767362996,0.3115704698762621,-0.7631700679691389,0.5588124990463257,0.7981781959533691,0.0011398224059228676,0.0005816179044608003,0.0324607991606476,0.14826124626525444
1782116361.5627892,88.76428127288818,fun_at_the_park,two_speaker_attention_movie,speech_social,2556,1,0.4456102531710003,0.405439567388625,0.42552491027981265,1,0,0.5592990159988404,0.7853645741939546,-0.011510225335811395,0.31101778082038317,-0.2823997830965728,0.5586164891719818,0.800453782081604,0.00228401228058328,0.0011441898746604123,0.0273098847064506,0.15130946908676104
1782116361.598274,88.79976606369019,fun_at_the_park,two_speaker_attention_movie,speech_social,2557,1,0.4702246688935547,0.42814117858934797,0.4491829237414513,1,0,0.5597546070814132,0.7878044962882995,-0.01618405639352056,0.31227391698344775,-0.6686170091689145,0.5587881952524185,0.8033694326877594,0.0029207022161174294,0.0006366899355341495,0.044237837049429095,0.14684424583334252
1782116361.63193,88.83342218399048,fun_at_the_park,two_speaker_attention_movie,speech_social,2558,1,0.4561389184295549,0.3831932526107002,0.4196660855201275,1,0,0.5595249265432358,0.7899535059928894,-0.00527230892645922,0.3206614569127499,-0.6243346075253801,0.5581241399049759,0.8028365969657898,0.000851400852168952,0.002069301363948477,0.012873002493207686,0.1495007493174053
1782116361.666591,88.8680830001831,fun_at_the_park,two_speaker_attention_movie,speech_social,2559,1,0.47091484550651813,0.41305716614422966,0.4419860058253739,1,0,0.5594911456108094,0.7920828402042388,-0.010690301960870074,0.31480298988935534,-0.6535213042877699,0.558696448802948,0.807078629732132,0.004280464865574602,0.0034290640134056498,0.0017719329606704511,0.14888192788764051
1782116361.700771,88.90226316452026,fun_at_the_park,two_speaker_attention_movie,speech_social,2560,1,0.45667200292646987,0.41505805212079644,0.43586502752363315,1,0,0.55891555249691,0.7927193701267242,-0.012361984206543497,0.32224763751665064,0.05485885371162118,0.5579502433538437,0.8051704466342926,0.0020488985595077083,0.0022315663060668935,0.000812956587843897,0.14632617718686897
1782116361.7349691,88.93646121025085,fun_at_the_park,two_speaker_attention_movie,speech_social,2561,1,0.4492584270512223,0.4092986844576267,0.42927855575442453,1,0,0.558745664358139,0.7937084496021272,-0.00892901119022802,0.3222898277054835,-1.4073030472765717,0.5576542466878891,0.8047171831130981,0.0005413518688448687,0.0015075466906628397,0.001187900441254888,0.14609682620428172
1782116361.7695591,88.97105121612549,fun_at_the_park,two_speaker_attention_movie,speech_social,2562,1,0.4585656396321586,0.44295724495588323,0.45076144229402093,1,0,0.5579974889755249,0.7939821839332581,-0.009214223364241162,0.3227538119948973,-1.7031670516882458,0.556643158197403,0.8047778010368347,0.0010129039778141284,0.0004715521089692597,0.0026264879605222375,0.14426816738319692
1782116361.804199,89.00569105148315,fun_at_the_park,two_speaker_attention_movie,speech_social,2563,1,0.4460845609680563,0.45159338582722214,0.44883897339763923,1,0,0.5579473584890365,0.7942582428455353,-0.014940215875806113,0.32598086791236286,-2.088480845031971,0.557188555598259,0.8072452545166016,0.0025270110802436178,0.0015141071024294894,0.001731339987468493,0.14306606398235738
1782116361.8384378,89.03992986679077,fun_at_the_park,two_speaker_attention_movie,speech_social,2564,1,0.46900806001267203,0.42440876921981896,0.4467084146162455,1,0,0.5577305525541305,0.7957491219043732,-0.013169161074250249,0.3260251311272502,-1.4019919562317762,0.5569407343864441,0.8075783848762512,0.00041520018008872107,0.002111810900154897,0.0010413615377483682,0.14555035593142096
1782116361.873007,89.07449913024902,fun_at_the_park,two_speaker_attention_movie,speech_social,2565,1,0.46408999106328824,0.43305162595391045,0.4485708085085993,1,0,0.5574384868144989,0.7959700882434845,-0.01050019762599043,0.3254509504325747,-2.131337706114575,0.5564272105693817,0.8065120875835419,0.0011835102987002711,0.0007683101186115501,0.0014704164296624254,0.14400032239419455
1782116361.9066198,89.10811185836792,fun_at_the_park,two_speaker_attention_movie,speech_social,2566,1,0.48069084059681055,0.43791334870276233,0.45930209464978644,1,0,0.5578612864017487,0.7967859208583832,-0.02079220240119259,0.32848475485066075,-2.0958847199250004,0.5574580281972885,0.8055379092693329,0.0014183118027706247,0.00023480150407035358,0.0017820016122944862,0.14411057014564008
1782116361.942048,89.14354014396667,fun_at_the_park,two_speaker_attention_movie,speech_social,2567,1,0.4491482531130136,0.431461785074873,0.44030501909394326,1,0,0.5575345903635025,0.7974361836910249,-0.006533153589860922,0.32572549176149307,-2.078670558552879,0.5558817684650421,0.8086692988872528,0.0035057375376257366,0.002087425734855112,0.002013131456034396,0.1446712961797025
1782116361.976286,89.17777800559998,fun_at_the_park,two_speaker_attention_movie,speech_social,2568,1,0.4608460269674016,0.4185625298903508,0.4397042784288762,1,0,0.5574664205312729,0.7977337837219238,-0.010410278210433674,0.3239568502544933,-2.034663811773856,0.5571921318769455,0.8073602020740509,0.0018522383047519702,0.0016534992328737664,0.004212406841509227,0.1451087611043473
1782116362.010989,89.2124810218811,fun_at_the_park,two_speaker_attention_movie,speech_social,2569,1,0.45208963064280805,0.43699119959657473,0.4445404151196914,1,0,0.557887852191925,0.7980014562606812,-0.006329395585747056,0.3255458106037391,-2.603008624858517,0.5564448833465576,0.8076495826244354,0.0008013248212227627,0.0010509134835292074,0.003412178788868212,0.14617164443093475
1782116362.0449111,89.24640321731567,fun_at_the_park,two_speaker_attention_movie,speech_social,2570,1,0.4357081065266082,0.41471042568124844,0.4252092661039283,1,0,0.557817530632019,0.7978192627429962,-0.005217340970649802,0.32974053714553825,-2.174866147794087,0.5571838021278381,0.8065405488014221,0.001332650361466425,0.0005313255402436623,0.003055161534138365,0.14582013390441514
1782116362.0800908,89.28158283233643,fun_at_the_park,two_speaker_attention_movie,speech_social,2571,1,0.4277880128736283,0.42007163477412557,0.4239298238238769,1,0,0.5573514103889465,0.7976353108882904,-0.006160406788068424,0.32539504153889126,-2.6481987295737226,0.5573236793279648,0.8068065941333771,0.0003005756972383048,0.0010320746642281202,0.0023671721586810135,0.1458536283687157
1782116362.1142452,89.31573724746704,fun_at_the_park,two_speaker_attention_movie,speech_social,2572,1,0.40391971782091884,0.41242591319020555,0.40817281550556217,1,0,0.5523268461227417,0.7976091206073761,-0.006253979398498045,0.3221900318330677,-2.4899136743834,0.5573691725730896,0.8083977699279785,0.0015918260095492572,0.0012912503123109524,0.0024134689777524187,0.14581369108050526
1782116362.148133,89.34962511062622,fun_at_the_park,two_speaker_attention_movie,speech_social,2573,1,0.41930847588780024,0.40663287833769773,0.412970677112749,1,0,0.5514521121978759,0.7972227513790131,-0.004737532565219858,0.32012425079464746,-2.3516460959366237,0.5571283996105194,0.8090426921844482,0.0006884012902332694,0.0009034247193159877,0.0044310234833949014,0.14616335206650682
1782116362.184587,89.38607907295227,fun_at_the_park,two_speaker_attention_movie,speech_social,2574,1,0.4386600475918944,0.4336891236670412,0.4361745856294678,1,0,0.5516584128141403,0.7965771973133087,-0.002990433211891961,0.32100057826413003,-1.754585570558847,0.5568157881498337,0.8085570335388184,0.0005775727187351544,0.00011082857149811499,0.024824641307631436,0.14421057374149637
1782116362.2173781,89.41887021064758,fun_at_the_park,two_speaker_attention_movie,speech_social,2575,1,0.4110560332809702,0.431998625461343,0.42152732937115656,1,0,0.5515491783618927,0.7968484342098237,0.00037821880571146254,0.31875090237221965,-1.9005229061112727,0.5566260516643524,0.8088406324386597,0.000341215869962084,0.00023635684877307045,0.01134297343679064,0.14562298690240294
1782116362.251371,89.45286297798157,fun_at_the_park,two_speaker_attention_movie,speech_social,2576,1,0.4439869731482132,0.42959572008266517,0.43679134661543917,1,0,0.5516914188861847,0.796261441707611,-0.004097813436112214,0.3221496536383606,-1.3424201777422995,0.5570355206727982,0.8085780143737793,0.00048644950085188505,0.00014523363088980105,0.00910495906480369,0.1450856753406268
1782116362.285897,89.487389087677,fun_at_the_park,two_speaker_attention_movie,speech_social,2577,1,0.41950659256069744,0.4336292578690858,0.4265679252148916,1,0,0.5519045293331146,0.7966376781463622,-0.00409721361114878,0.31851432292218146,-1.790907365425116,0.5565953254699707,0.8099232017993927,0.0014153801703502555,0.0009289306694983705,0.006662577072978844,0.14545353719236584
1782116362.320454,89.52194595336914,fun_at_the_park,two_speaker_attention_movie,speech_social,2578,1,0.4078224654315742,0.39993259731142045,0.4038775313714973,1,0,0.5516539454460144,0.7977116703987122,-0.0020435570045728444,0.31982882888250397,-1.2526126716672832,0.5572374761104584,0.808732658624649,0.0013526827033740843,6.269746697617129e-05,0.010925172208591915,0.15110333169138615
1782116362.3557901,89.55728220939636,fun_at_the_park,two_speaker_attention_movie,speech_social,2579,1,0.24620497659410615,0.2618980619125181,0.2540515192533121,1,0,0.5532665520906448,0.801224136352539,-0.0069177628181035025,0.3202528784906779,-0.5398191254014159,0.5576303750276566,0.809234619140625,0.0006374432670711546,0.0007152394363029297,0.010113593898398825,0.17129436065824338
1782116362.3889,89.59039211273193,fun_at_the_park,two_speaker_attention_movie,speech_social,2580,1,0.2623262435388509,0.21724271685144286,0.2397844801951469,1,0,0.5531492084264755,0.8010981678962708,-0.006469622042632257,0.31820668809101205,-1.5320054252568485,0.5582266002893448,0.8102994859218597,0.0012204203474428142,0.0005829770803716596,0.012262394214417964,0.17108880562446957
1782116362.4235141,89.62500619888306,fun_at_the_park,two_speaker_attention_movie,speech_social,2581,1,0.34277423504433174,0.32179615064946476,0.3322851928468983,1,0,0.5523607552051544,0.8005881905555725,-0.011473704966908698,0.321985090681935,-1.3993836524747816,0.5581622421741486,0.8105131089687347,0.0002231070889679873,0.000997313258474827,0.009282998963860657,0.16356447771853908
1782116362.4583008,89.65979290008545,fun_at_the_park,two_speaker_attention_movie,speech_social,2582,1,0.37815666493815053,0.38663793997558515,0.38239730245686787,1,0,0.552448183298111,0.800221574306488,-0.00161927274445068,0.3213603937071536,-1.3166960227904616,0.5579484552145004,0.8100307881832123,0.0005275776760464717,0.0003044705870784844,0.013619111208002205,0.15512496205551476
1782116362.4924212,89.69391322135925,fun_at_the_park,two_speaker_attention_movie,speech_social,2583,1,0.40536616237936474,0.36928240026678405,0.3873242813230744,1,0,0.5535743415355683,0.7995230734348298,-0.015129352066485793,0.3251711042272382,-1.1998857522907984,0.5595596432685852,0.8103586435317993,0.001644206822520397,0.001116629146473925,0.0032042981924475617,0.1527173532521769
1782116362.527173,89.7286651134491,fun_at_the_park,two_speaker_attention_movie,speech_social,2584,1,0.4042211736827635,0.38742045036740863,0.39582081202508607,1,0,0.5540744125843048,0.7996354639530182,-0.01669224552732775,0.3218044623478051,-1.9623900689381597,0.5594446659088135,0.809874951839447,0.0004971694344091405,0.0011470373881112563,0.004785877214065737,0.1519009450213998
