timestamp,elapsed_time,stimulus_id,stimulus_type,paper_category,frame_index,face_detected,left_ear,right_ear,avg_ear,eye_open,blink_state,gaze_x,gaze_y,yaw_proxy,pitch_proxy,roll_proxy_deg,head_center_x,head_center_y,head_movement,head_acceleration,mouth_open,eyebrow_signal
1782116302.402813,29.604305028915405,mechanical_puppy,mixed_social_nonsocial_movie,mixed,840,1,0.4459588132790513,0.47649181395999873,0.461225313619525,1,0,0.5138571113348007,0.7319391548633576,0.007499605438315283,0.2745602121847711,-9.991619951749405,0.5181055814027786,0.7695100605487823,0.003642704092119852,0.003642704092119852,0.01946808428226084,0.1265798892755202
1782116302.438068,29.639559984207153,mechanical_puppy,mixed_social_nonsocial_movie,mixed,841,1,0.45741796165511744,0.4608370315709535,0.4591274966130355,1,0,0.5146511316299438,0.7354920029640197,-0.003548877551551617,0.28333499709778953,-8.67610671935396,0.5188449174165726,0.7680670917034149,0.0016213503106959149,0.0020213537814239373,0.006663935693367271,0.12754027965740894
1782116302.471769,29.673261165618896,mechanical_puppy,mixed_social_nonsocial_movie,mixed,842,1,0.43417309516422015,0.45191967149990014,0.44304638333206015,1,0,0.515178993344307,0.7377451419830322,0.009245345339101037,0.2869978818155778,-8.672824731473618,0.5178639739751816,0.7694462537765503,0.001692435540628673,7.108522993275819e-05,0.011229412851530455,0.13030236091743858
1782116302.506151,29.707643032073975,mechanical_puppy,mixed_social_nonsocial_movie,mixed,843,1,0.4614473053377117,0.45774049958270113,0.4595939024602064,1,0,0.5154676705598831,0.7415973246097565,0.011454384592380464,0.2851281225697938,-9.323209366102741,0.5176232904195786,0.772121012210846,0.002685565351238628,0.000993129810609955,0.04119373313555545,0.13606670384881334
1782116302.541493,29.742985010147095,mechanical_puppy,mixed_social_nonsocial_movie,mixed,844,1,0.4464020260559658,0.45069752605011093,0.44854977605303836,1,0,0.5154309302568436,0.7419691383838654,0.013729870811763968,0.280718910021412,-9.146562966877845,0.5178739279508591,0.7743189632892609,0.002212195315787394,0.00047337003545123383,0.07574984561912637,0.13626938606770378
1782116302.5750809,29.776572942733765,mechanical_puppy,mixed_social_nonsocial_movie,mixed,845,1,0.449221745960181,0.4295737565262719,0.43939775124322644,1,0,0.5154798358678818,0.7416656732559204,0.005067283791778571,0.2796206666450413,-9.3755162471984,0.5189493298530579,0.7756919264793396,0.0017439946022175519,0.0004682007135698423,0.07801353562276576,0.1362848253434273
1782116302.610513,29.812005043029785,mechanical_puppy,mixed_social_nonsocial_movie,mixed,846,1,0.4389804986641713,0.44210237476991865,0.440541436717045,1,0,0.5154204577207565,0.7413909792900086,0.01125677361394855,0.27533395889195666,-9.828129773576581,0.5183754563331604,0.77541583776474,0.0006368326272803287,0.0011071619749372231,0.08644386880323897,0.1357898212910968
1782116302.644038,29.845530033111572,mechanical_puppy,mixed_social_nonsocial_movie,mixed,847,1,0.4374854409800735,0.44427850763887183,0.4408819743094727,1,0,0.5151844620704651,0.7403442442417145,0.0065292648987481765,0.27501215665620277,-10.183904896506665,0.5191904604434967,0.7763629257678986,0.0012494828472579991,0.0006126502199776704,0.0798791683223008,0.1357659606537491
1782116302.679232,29.88072395324707,mechanical_puppy,mixed_social_nonsocial_movie,mixed,848,1,0.43978537347228236,0.450216606184583,0.44500098982843267,1,0,0.5156049430370331,0.7399844646453857,0.010017758847220982,0.2750691851778156,-10.827837760464064,0.5184656977653503,0.7747306525707245,0.0017859442124116742,0.0005364613651536751,0.031216814048812637,0.13560396817081463
1782116302.712808,29.914299964904785,mechanical_puppy,mixed_social_nonsocial_movie,mixed,849,1,0.4579733367479552,0.45951277038253185,0.45874305356524353,1,0,0.5154908001422882,0.7397583067417145,0.006772969188499443,0.28286157256859445,-10.302020548627082,0.5190731287002563,0.7708961963653564,0.0038822708215123618,0.0020963266091006873,0.009999703129716504,0.13581233630737724
1782116302.749677,29.95116901397705,mechanical_puppy,mixed_social_nonsocial_movie,mixed,850,1,0.4480866321052846,0.46086671023047454,0.4544766711678796,1,0,0.5156158149242401,0.7401498973369598,0.013762760810090473,0.27981337174906534,-10.38372673218821,0.5185778886079788,0.7735414206981659,0.0026911845941678257,0.001191086227344536,0.025545890111377822,0.1361627886139287
1782116302.781356,29.982848167419434,mechanical_puppy,mixed_social_nonsocial_movie,mixed,851,1,0.44852354002440165,0.44804513618531544,0.44828433810485857,1,0,0.5154923528432847,0.7412081897258758,0.0003672657084296342,0.2745328239652391,-10.420592774050158,0.5199390053749084,0.7770017385482788,0.003718391920847912,0.0010272073266800862,0.041656240296654365,0.13709631841014674
1782116302.815685,30.01717710494995,mechanical_puppy,mixed_social_nonsocial_movie,mixed,852,1,0.44587400050777604,0.43337218532407296,0.4396230929159245,1,0,0.515454751253128,0.7425854682922364,-0.008330574300029845,0.26877397698238165,-10.664803098490388,0.5204634666442871,0.7804674506187439,0.003505170435006789,0.00021322148584112296,0.07891739022563946,0.13557149883360395
1782116302.851198,30.052690029144287,mechanical_puppy,mixed_social_nonsocial_movie,mixed,853,1,0.4255926730966541,0.45536162695978816,0.44047715002822113,1,0,0.5148662477731705,0.745650464296341,-0.011079194471332562,0.26664708009533045,-10.132322404303794,0.5206791460514069,0.7835137844085693,0.003053959260646375,0.0004512111743604141,0.058568530148696195,0.1368307544839239
1782116302.8851871,30.086679220199585,mechanical_puppy,mixed_social_nonsocial_movie,mixed,854,1,0.40396397807425716,0.4516266119007143,0.4277952949874857,1,0,0.5129383951425552,0.7476900517940521,-0.006484513127422893,0.2736249265222866,-10.232531399532585,0.5192875862121582,0.7849444448947906,0.0019958026488219606,0.0010581566118244142,0.06967443936443751,0.13505927804072065
1782116302.91966,30.12115216255188,mechanical_puppy,mixed_social_nonsocial_movie,mixed,855,1,0.4286493782919392,0.44221749990301323,0.4354334390974762,1,0,0.512085548043251,0.7497369110584259,-0.004813630827185931,0.26849162400180193,-10.27480172577312,0.5180204212665558,0.787841796875,0.003162333868614543,0.0011665312197925823,0.062041393855533686,0.13568108162363288
1782116302.956512,30.15800404548645,mechanical_puppy,mixed_social_nonsocial_movie,mixed,856,1,0.4461355475230105,0.4373891052917408,0.44176232640737567,1,0,0.511189603805542,0.7503402531147003,-0.016902111138812858,0.2694376003502571,-10.547427664660791,0.5186010003089905,0.7891936898231506,0.0014712873844948849,0.001691046484119658,0.07452150210130323,0.13485422883577333
1782116302.988232,30.18972396850586,mechanical_puppy,mixed_social_nonsocial_movie,mixed,857,1,0.44555682176530553,0.4561825165110317,0.4508696691381686,1,0,0.5109130173921586,0.751227593421936,-0.018618835038964672,0.2660944612646608,-10.752868260139385,0.5184483528137207,0.7908558547496796,0.0016691595192776098,0.0001978721347827249,0.07932723867966493,0.13440138512295893
1782116303.0229278,30.224419832229614,mechanical_puppy,mixed_social_nonsocial_movie,mixed,858,1,0.44191469182753534,0.45846991120769476,0.450192301517615,1,0,0.5110158145427703,0.7516652703285217,-0.01968542932844138,0.2657541014490005,-10.44292005753191,0.5189704298973083,0.7911602556705475,0.0006043379864220186,0.0010648215328555911,0.06566577536266031,0.1356129065139178
1782116303.056618,30.25811004638672,mechanical_puppy,mixed_social_nonsocial_movie,mixed,859,1,0.44701410636007755,0.44176184752834335,0.44438797694421045,1,0,0.5110775798559188,0.7521472275257111,-0.026333228067276924,0.26745138551585007,-10.67825698285641,0.5195150077342987,0.7896256148815155,0.0016284002492943192,0.0010240622628723006,0.0650313801460524,0.13591810864822443
1782116303.0921211,30.29361319541931,mechanical_puppy,mixed_social_nonsocial_movie,mixed,860,1,0.44833267469901444,0.43343716492220014,0.4408849198106073,1,0,0.5113293141126634,0.7521329700946808,-0.03056570527484331,0.27146974114669253,-10.543331642877934,0.5200934857130051,0.7902497947216034,0.0008510212950451595,0.0007773789542491597,0.059941997082335385,0.1346076189198991
1782116303.1255229,30.327014923095703,mechanical_puppy,mixed_social_nonsocial_movie,mixed,861,1,0.4712197336187395,0.4414001454163828,0.45630993951756116,1,0,0.5120709002017976,0.7533571660518646,-0.027636850903968762,0.2719507630349474,-9.84755530681581,0.5197963267564774,0.7898376882076263,0.000508070097828001,0.0003429511972171585,0.006718042966426942,0.13462462471488945
1782116303.1610088,30.3625009059906,mechanical_puppy,mixed_social_nonsocial_movie,mixed,862,1,0.47354606948028083,0.48302527177559706,0.4782856706279389,1,0,0.5134506613016129,0.7550122141838074,-0.01936024451390888,0.27493010760192893,-7.9685850852010365,0.519824206829071,0.7904190123081207,0.0005819922750891415,7.392217726114047e-05,0.003973648185739477,0.13392700564016727
1782116303.194359,30.395851135253906,mechanical_puppy,mixed_social_nonsocial_movie,mixed,863,1,0.4442782271883401,0.4717115536738241,0.4579948904310821,1,0,0.5148337751626968,0.7580586671829224,-0.025654197972881335,0.2808102525099559,-6.371171073322013,0.5213217288255692,0.7891570925712585,0.00195831906294097,0.0013763267878518287,0.0060266189717248135,0.135331952534838
1782116303.229548,30.431040048599243,mechanical_puppy,mixed_social_nonsocial_movie,mixed,864,1,0.4516625291793901,0.4473909444162698,0.44952673679782995,1,0,0.5153150379657745,0.7623763263225556,-0.05019366568030296,0.292183316150349,-4.340869160749339,0.5231544226408005,0.7879565060138702,0.002190930099790645,0.00023261103684967498,0.004928036608148812,0.13624769049407828
1782116303.263519,30.46501111984253,mechanical_puppy,mixed_social_nonsocial_movie,mixed,865,1,0.4745664735279331,0.4607028795467869,0.46763467653736,1,0,0.516579207777977,0.7683919370174408,-0.044255902546539785,0.30450447347490606,-3.84381500270124,0.5252373814582825,0.7909883260726929,0.0036784032275438833,0.0014874731277532381,0.02116834468098276,0.1360372514116783
1782116303.298283,30.499775171279907,mechanical_puppy,mixed_social_nonsocial_movie,mixed,866,1,0.4836506909922482,0.4056908278994992,0.4446707594458737,1,0,0.5178307145833969,0.771747237443924,-0.059559418864449015,0.3143255917322156,-2.894301921024694,0.5279866009950638,0.7905183434486389,0.002789102315859475,0.0008893009116844081,0.02643240864473301,0.136819170539727
1782116303.332889,30.53438115119934,mechanical_puppy,mixed_social_nonsocial_movie,mixed,867,1,0.5002554422192711,0.41222217202725897,0.45623880712326503,1,0,0.5200738102197646,0.7747689962387085,-0.05855522294151099,0.3107430608091933,-3.0289997399471456,0.5294011533260345,0.792392909526825,0.0023483944043836834,0.0004407079114757918,0.028392579659170854,0.13856502252510375
1782116303.367388,30.568880081176758,mechanical_puppy,mixed_social_nonsocial_movie,mixed,868,1,0.49522315931895344,0.44133514596128015,0.46827915264011677,1,0,0.5221866607666016,0.7761701583862304,-0.05647839736351688,0.32068299038680687,-2.825747797890436,0.5315048098564148,0.7926675081253052,0.002121503049278688,0.00022689135510499522,0.02692166957177052,0.13862580370977684
1782116303.402179,30.603671073913574,mechanical_puppy,mixed_social_nonsocial_movie,mixed,869,1,0.49840057419644457,0.4477706780329924,0.4730856261147185,1,0,0.5238050162792206,0.7774658799171448,-0.04861362071554543,0.3254350166791039,-2.698253839549456,0.5318273305892944,0.7947998940944672,0.0021566384825964986,3.513543331781039e-05,0.008089156236117577,0.14032697787092138
1782116303.436699,30.638190984725952,mechanical_puppy,mixed_social_nonsocial_movie,mixed,870,1,0.5025297389022186,0.42533083071553907,0.4639302848088789,1,0,0.525943586230278,0.7788381099700927,-0.05149360789737828,0.32403599222382123,-3.2662569256646945,0.5343851298093796,0.794763594865799,0.0025580567789378872,0.00040141829634138867,0.0099508384481219,0.14026720173959445
1782116303.470494,30.67198610305786,mechanical_puppy,mixed_social_nonsocial_movie,mixed,871,1,0.48059604979435244,0.422191901322331,0.4513939755583417,1,0,0.5280035555362701,0.7794113457202911,-0.04287037079113853,0.3236538840313274,-3.1842011884963495,0.5358698219060898,0.7954494059085846,0.0016354349294424642,0.000922621849495423,0.007475447130901294,0.14122379724189604
1782116303.505014,30.70650601387024,mechanical_puppy,mixed_social_nonsocial_movie,mixed,872,1,0.46689472627137757,0.45943650082997056,0.4631656135506741,1,0,0.5296204537153244,0.7810218691825866,-0.040146934135748644,0.3217529655348941,-3.287473644529978,0.5370196253061295,0.7967270016670227,0.001718807371616099,8.337244217363469e-05,0.010888574125835881,0.1425644004877715
1782116303.5398378,30.74132990837097,mechanical_puppy,mixed_social_nonsocial_movie,mixed,873,1,0.4410171201762335,0.4538076502011402,0.44741238518868687,1,0,0.5303713232278824,0.7838622093200683,-0.03150512333393499,0.3149719225557787,-3.984418662933622,0.5370170027017593,0.8027475774288177,0.006020576333007302,0.004301768961391203,0.07057521550432494,0.14306534653703398
1782116303.574594,30.77608609199524,mechanical_puppy,mixed_social_nonsocial_movie,mixed,874,1,0.44881690231250165,0.4532059827993965,0.45101144255594905,1,0,0.5298415660858153,0.7867686033248902,-0.02486777053129882,0.31614899663758866,-3.7310395945507824,0.5362785160541534,0.8062779903411865,0.0036068237911647924,0.0024137525418425096,0.05041113214572061,0.1432269004331433
1782116303.608397,30.80988907814026,mechanical_puppy,mixed_social_nonsocial_movie,mixed,875,1,0.4582943832964215,0.45929415014152825,0.4587942667189749,1,0,0.5299079775810241,0.788901972770691,-0.025217455829974204,0.3198251691900088,-3.2265266683932183,0.5358613133430481,0.8067931532859802,0.0006629109758045716,0.0029439128153602207,0.06369189517028968,0.14212760025539212
1782116303.642268,30.843760013580322,mechanical_puppy,mixed_social_nonsocial_movie,mixed,876,1,0.46915435187274407,0.4371888795389823,0.4531716157058632,1,0,0.5285805433988571,0.793904596567154,-0.032153909837693305,0.31695925646205386,-3.1537639788508796,0.5356285125017166,0.8124772608280182,0.0056888728919863825,0.005025961916181811,0.03637796914831253,0.143858219658465
1782116303.677025,30.878517150878906,mechanical_puppy,mixed_social_nonsocial_movie,mixed,877,1,0.46461579023882815,0.4414075215153462,0.45301165587708714,1,0,0.5269795089960099,0.7992247760295867,-0.03946039786694192,0.31581063184657787,-3.007115720051361,0.5347270667552948,0.8140217065811157,0.0017882721040163297,0.0039006007879700526,0.006127132446720199,0.14286563068604147
1782116303.711327,30.912819147109985,mechanical_puppy,mixed_social_nonsocial_movie,mixed,878,1,0.47733419921595793,0.4248997623573987,0.4511169807866783,1,0,0.5254191160202026,0.8044499814510346,-0.03846431940073395,0.3219605869113039,-2.576451450740681,0.5327208787202835,0.8178355097770691,0.0043092789709285005,0.0025210068669121706,0.0029409941908850614,0.14355120188679968
1782116303.748012,30.949504137039185,mechanical_puppy,mixed_social_nonsocial_movie,mixed,879,1,0.4669707253924694,0.45028852107009515,0.4586296232312823,1,0,0.5230285346508026,0.8117104291915893,-0.03643473687601047,0.33550282692882033,-1.2522701750140917,0.53012815117836,0.8204818964004517,0.003704807453440325,0.0006044715174881757,0.002521903579437918,0.1444604088443269
1782116303.7809842,30.982476234436035,mechanical_puppy,mixed_social_nonsocial_movie,mixed,880,1,0.4515846280768421,0.42551329861294795,0.438548963344895,1,0,0.5200943320989608,0.818082869052887,-0.03620303980427206,0.33389864276453995,-1.234073235622483,0.5274634957313538,0.824708878993988,0.0049967760103210015,0.0012919685568806767,0.002846835183788562,0.14730056265745808
1782116303.814521,31.016013145446777,mechanical_puppy,mixed_social_nonsocial_movie,mixed,881,1,0.4182285021417281,0.4082429038198266,0.41323570298077733,1,0,0.5167205691337586,0.8249242782592774,-0.04114920164628478,0.3375198657094296,0.7939845789686566,0.5235407054424286,0.82695272564888,0.004519195886610304,0.0004775801237106971,0.0029876748853853103,0.14988086107266693
1782116303.8495512,31.051043272018433,mechanical_puppy,mixed_social_nonsocial_movie,mixed,882,1,0.4083878457040684,0.4138255594410554,0.4111067025725619,1,0,0.5130186825990677,0.8316495299339295,-0.06305292424521189,0.32775661776147347,1.1000485569425242,0.5221051871776581,0.8314773440361023,0.004746881527748483,0.00022768564113817818,0.0034387544054913744,0.15130497503261334
1782116303.8831859,31.084677934646606,mechanical_puppy,mixed_social_nonsocial_movie,mixed,883,1,0.3742240314579414,0.41113771906271424,0.3926808752603278,1,0,0.5099064469337463,0.8376232743263246,-0.06557495092664171,0.33173511782595844,0.9707292743656514,0.5183310210704803,0.8366524279117584,0.006405140351674207,0.0016582588239257246,0.003447347948797561,0.1539580748489904
1782116303.9182348,31.11972689628601,mechanical_puppy,mixed_social_nonsocial_movie,mixed,884,1,0.3833614894516614,0.4222169767007628,0.40278923307621206,1,0,0.5072247177362442,0.8449345350265502,-0.061540774543365186,0.3427458442213435,0.46654259796426367,0.515126496553421,0.8343843817710876,0.0039259407377908685,0.0024791996138833388,0.0032586531480960006,0.15494628711919395
1782116303.952669,31.154160976409912,mechanical_puppy,mixed_social_nonsocial_movie,mixed,885,1,0.4490522540421894,0.408523700344447,0.4287879771933182,1,0,0.5040555417537689,0.8520679414272309,-0.07226933916636778,0.34133762565019565,1.0626060107333402,0.5127028375864029,0.8422358334064484,0.00821701987163326,0.004291079133842391,0.002291621620727033,0.15318495462316517
1782116303.9875479,31.189039945602417,mechanical_puppy,mixed_social_nonsocial_movie,mixed,886,1,0.45276607633687815,0.38644220226959514,0.41960413930323665,1,0,0.5024956345558167,0.8562988638877869,-0.07709811232915939,0.34735395408822417,2.0889975909328546,0.5116280615329742,0.8438860476016998,0.0019693528011082992,0.00624766707052496,0.001257858538074438,0.15653075019166948
1782116304.021259,31.222751140594482,mechanical_puppy,mixed_social_nonsocial_movie,mixed,887,1,0.41290827061845536,0.39410830133834435,0.4035082859783998,1,0,0.5010668486356735,0.8590180397033691,-0.071799003113813,0.3499006221760675,1.278082907239965,0.5102718770503998,0.8433325290679932,0.0014647931997154207,0.0005045596013928785,0.0013171295213314383,0.1580278033181942
1782116304.055688,31.257179975509644,mechanical_puppy,mixed_social_nonsocial_movie,mixed,888,1,0.4238700280369379,0.3726855850910161,0.39827780656397704,1,0,0.49969497919082645,0.8610497236251831,-0.07305702026886392,0.3471136193459714,2.326488587381972,0.5090610831975937,0.8459798097610474,0.002911033634606536,0.0014462404348911154,0.0014685292451269215,0.160172611419058
1782116304.090105,31.29159712791443,mechanical_puppy,mixed_social_nonsocial_movie,mixed,889,1,0.43787573159654875,0.3522414102944687,0.3950585709455087,1,0,0.49907965660095216,0.8633590340614319,-0.06536587625603107,0.34519413992094244,2.606560215766172,0.5081395208835602,0.8487724363803864,0.0029407550958363577,2.972146122982161e-05,0.0016968168440415188,0.15809647815307848
1782116304.124799,31.32629108428955,mechanical_puppy,mixed_social_nonsocial_movie,mixed,890,1,0.4518100955020424,0.3481620895580097,0.39998609253002604,1,0,0.4984901279211044,0.8649880230426789,-0.06854997683745169,0.34103188555660124,2.728143012393633,0.5075433254241943,0.8542529344558716,0.005512831230970685,0.002572076135134327,0.0020104021618107316,0.15972929065801691
1782116304.159468,31.360960006713867,mechanical_puppy,mixed_social_nonsocial_movie,mixed,891,1,0.46529145598887245,0.35000919569081446,0.40765032583984345,1,0,0.4989290744066238,0.8660088658332825,-0.07055321290461322,0.3509983226012259,2.3731550583628738,0.507421463727951,0.8497223258018494,0.0045322472404881325,0.000980583990482552,0.0009394021494215877,0.15857352730131105
1782116304.193778,31.395270109176636,mechanical_puppy,mixed_social_nonsocial_movie,mixed,892,1,0.42804677886820114,0.3635671972168572,0.3958069880425292,1,0,0.4990579068660736,0.8679128944873811,-0.06633037568840507,0.3472041469944754,2.259083463651851,0.5072842538356781,0.8509718179702759,0.0012570032750541047,0.0032752439654340276,0.001668039655332629,0.16248046062595517
1782116304.228483,31.429975032806396,mechanical_puppy,mixed_social_nonsocial_movie,mixed,893,1,0.3068857655766526,0.36996055096024977,0.33842315826845115,1,0,0.4986644148826599,0.8687835812568665,-0.06496750763777502,0.34706651992395043,2.2982251796072397,0.5079131126403809,0.8508882820606232,0.000634382884742084,0.0006226203903120207,0.0013944420755425803,0.17087531280591003
1782116304.263024,31.464516162872314,mechanical_puppy,mixed_social_nonsocial_movie,mixed,894,1,0.3187035958306975,0.3487021057266837,0.3337028507786906,1,0,0.49890736043453215,0.864634346961975,-0.07279908124275572,0.33849085470754414,2.1067827271309834,0.5087720155715942,0.8482670187950134,0.002758393618191932,0.002124010733449848,0.0015382156544931872,0.17504376155464385
1782116304.296648,31.49814009666443,mechanical_puppy,mixed_social_nonsocial_movie,mixed,895,1,0.2434767976150571,0.38682218039314364,0.3151494890041004,1,0,0.5004191756248474,0.8566552102565765,-0.07135129557354616,0.3371727908503058,2.1023696000177763,0.5108877271413803,0.8391760587692261,0.00933390537968916,0.006575511761497228,0.0020211370981929955,0.17674178149049818
1782116304.332795,31.534286975860596,mechanical_puppy,mixed_social_nonsocial_movie,mixed,896,1,0.2657815420757177,0.38249386653573897,0.3241377043057283,1,0,0.5054293036460877,0.8425754964351654,-0.06735037574344746,0.3310093473948696,2.4261033984713802,0.5151057839393616,0.8338274359703064,0.006811737590080765,0.0025221677896083957,0.005323317070441052,0.1714350080683792
1782116304.365199,31.566691160202026,mechanical_puppy,mixed_social_nonsocial_movie,mixed,897,1,0.316580069494662,0.31422856794765813,0.31540431872116004,1,0,0.5116001278162002,0.8270188868045807,-0.04361943059800629,0.34074280070023705,2.73803609705257,0.5204512774944305,0.822789341211319,0.012264331912324846,0.005452594322244081,0.0099230128561107,0.16574002736745116
1782116304.4000251,31.60151720046997,mechanical_puppy,mixed_social_nonsocial_movie,mixed,898,1,0.34752170289544326,0.37833993848227815,0.36293082068886073,1,0,0.5173607766628265,0.8133145332336426,-0.046913893564707015,0.34877886937838903,3.391604200290517,0.5276412069797516,0.8051868975162506,0.019014234405884997,0.006749902493560151,0.0020826627707467007,0.16298339342283077
1782116304.4345012,31.635993242263794,mechanical_puppy,mixed_social_nonsocial_movie,mixed,899,1,0.37150395548342136,0.29691717063569417,0.33421056305955776,1,0,0.5232564449310303,0.8004448711872101,-0.06352938449293635,0.34186937146541135,4.199264536882761,0.5339036732912064,0.7957254946231842,0.011346216506264602,0.007668017899620395,0.0018708773459469022,0.16576939186219464
1782116304.4688928,31.670384883880615,mechanical_puppy,mixed_social_nonsocial_movie,mixed,900,1,0.2950506197062787,0.32950798748582194,0.31227930359605033,1,0,0.5276293396949768,0.7935465216636658,-0.0789710447007949,0.3379760199818512,6.592992457383139,0.5389364808797836,0.7943031489849091,0.005229934926780762,0.006116281579483841,0.0023427606552433797,0.16418902977338787
1782116304.503671,31.70516300201416,mechanical_puppy,mixed_social_nonsocial_movie,mixed,901,1,0.2855042953069843,0.28658114313608024,0.28604271922153224,1,0,0.5324786514043808,0.7888682007789611,-0.0929627769734093,0.3332358969939683,8.671820915806688,0.5436820387840271,0.7937715649604797,0.0047752383602869646,0.0004546965664937973,0.019052483974032402,0.16366579101556095
1782116304.5399182,31.74141025543213,mechanical_puppy,mixed_social_nonsocial_movie,mixed,902,1,0.2982098382212976,0.27939100185496557,0.28880042003813156,1,0,0.5355445146560669,0.7847302734851838,-0.10621775572075193,0.3370483299830899,8.710588208714906,0.5499541461467743,0.7871039509773254,0.009154037742886046,0.004378799382599082,0.02730846928745607,0.1633175193685553
1782116304.572109,31.773601055145264,mechanical_puppy,mixed_social_nonsocial_movie,mixed,903,1,0.2905377270596117,0.32136337943441534,0.3059505532470135,1,0,0.538256224989891,0.7839617013931275,-0.11613615235233073,0.3315309410690079,10.78006100105317,0.5529828518629074,0.7860185205936432,0.00321733079318214,0.005936706949703906,0.051117333490916496,0.161647984873486
1782116304.6069279,31.808419942855835,mechanical_puppy,mixed_social_nonsocial_movie,mixed,904,1,0.28261589054508574,0.3020543201463976,0.2923351053457417,1,0,0.5411716222763061,0.7819229006767273,-0.12036437335222716,0.33194344130068476,11.88103376529471,0.5550612658262253,0.7865723073482513,0.0021509263986696833,0.001066404394512457,0.010803295635666439,0.1601701816622673
1782116304.640588,31.842080116271973,mechanical_puppy,mixed_social_nonsocial_movie,mixed,905,1,0.2952592997844176,0.3091703210639432,0.3022148104241804,1,0,0.5453680008649826,0.7815600275993347,-0.11888887827178246,0.3383925718905777,12.098888494405314,0.5601308643817902,0.7821892201900482,0.006701662670635599,0.004550736271965916,0.0035907667030013854,0.15998223389266059
1782116304.675933,31.877424955368042,mechanical_puppy,mixed_social_nonsocial_movie,mixed,906,1,0.30192196927286247,0.2910949555873718,0.29650846243011714,1,0,0.5517976820468903,0.7811808109283447,-0.11626425441142549,0.3425663117445436,12.590588490091871,0.5650651752948761,0.7813386619091034,0.005007082341671924,0.001694580328963675,0.004382475995595333,0.15916332314633588
1782116304.710306,31.911798000335693,mechanical_puppy,mixed_social_nonsocial_movie,mixed,907,1,0.28973836807758213,0.30505744120900746,0.2973979046432948,1,0,0.5556705832481384,0.7826593756675719,-0.10016755145811788,0.33971906336836444,12.321666211202208,0.5687146931886673,0.7844996452331543,0.004828125560922172,0.0001789567807497514,0.020614318927690084,0.1562620441523167
1782116304.747334,31.94882607460022,mechanical_puppy,mixed_social_nonsocial_movie,mixed,908,1,0.3145749239090797,0.29959369051354173,0.30708430721131075,1,0,0.5609276294708252,0.7851482987403869,-0.09649315257812625,0.3313091197783719,12.495824216603564,0.5719318091869354,0.7891570329666138,0.005660485477950765,0.0008323599170285923,0.021323119138232576,0.15551451993378482
1782116304.7786949,31.980186939239502,mechanical_puppy,mixed_social_nonsocial_movie,mixed,909,1,0.30281756283591577,0.32672461606953457,0.31477108945272514,1,0,0.5631862699985504,0.7882168233394622,-0.09040411800766802,0.3409020731885302,12.610247781541293,0.5743442922830582,0.7914544641971588,0.003331405851613052,0.0023290796263377126,0.00355021336551761,0.1544742829575691
1782116304.8136199,32.01511192321777,mechanical_puppy,mixed_social_nonsocial_movie,mixed,910,1,0.31240792943418694,0.32213145011883365,0.31726968977651027,1,0,0.5668545007705689,0.7938310623168945,-0.07786628325908744,0.3411903725759569,12.15981688276168,0.5761226415634155,0.794657975435257,0.0036640156134449876,0.0003326097618319354,0.003352822834586984,0.15779528897286785
1782116304.8476229,32.04911494255066,mechanical_puppy,mixed_social_nonsocial_movie,mixed,911,1,0.3273993351456771,0.3431273338178585,0.3352633344817678,1,0,0.5673929721117019,0.7989125549793243,-0.07752695013855346,0.337753995792329,12.70786824865979,0.5777463912963867,0.7996923625469208,0.005289765286419689,0.0016257496729747017,0.002300745227770573,0.1599289539898282
1782116304.8819442,32.083436250686646,mechanical_puppy,mixed_social_nonsocial_movie,mixed,912,1,0.3085090432160987,0.32173615908646064,0.31512260115127966,1,0,0.5674116879701614,0.8015589714050293,-0.07365472353625814,0.34544003216306923,12.066143627533748,0.5791114121675491,0.7950713932514191,0.004818364785762755,0.0004714005006569346,0.002732401393858517,0.15576354928888847
1782116304.916366,32.11785817146301,mechanical_puppy,mixed_social_nonsocial_movie,mixed,913,1,0.2960405897631155,0.3405413970163643,0.3182909933897399,1,0,0.5687233567237854,0.8051809847354889,-0.07494055039878601,0.34491220839059916,11.67058643647898,0.5799329876899719,0.8011893928050995,0.006172917047707518,0.001354552261944763,0.0022953337568304773,0.15679716230059415
1782116304.951062,32.15255403518677,mechanical_puppy,mixed_social_nonsocial_movie,mixed,914,1,0.30592416003180434,0.3065446025665545,0.30623438129917946,1,0,0.5710142612457276,0.8126456201076507,-0.07987664903762837,0.3422852938360123,12.190052327595865,0.5804562866687775,0.8100684881210327,0.008894502540932029,0.002721585493224511,0.002039582867531382,0.15938045964389
1782116304.9853692,32.18686127662659,mechanical_puppy,mixed_social_nonsocial_movie,mixed,915,1,0.28965112838338125,0.2660673812236953,0.27785925480353824,1,0,0.5721952974796296,0.8130503535270691,-0.06829236042933537,0.3454858444816524,11.707931362030726,0.5812380015850067,0.8055036664009094,0.004631271482731784,0.004263231058200244,0.0016518726778061424,0.15878210221161623
1782116305.020392,32.22188401222229,mechanical_puppy,mixed_social_nonsocial_movie,mixed,916,1,0.28404768023281995,0.2705889765764635,0.27731832840464177,1,0,0.5711327850818635,0.8079074919223785,-0.07513554546347642,0.34630026896846877,12.244509499928913,0.5817779749631882,0.8008422255516052,0.00469261143082469,6.133994809290593e-05,0.0025503716884316442,0.1556461315936885
1782116305.0540211,32.255513191223145,mechanical_puppy,mixed_social_nonsocial_movie,mixed,917,1,0.30498006670195454,0.28102084582209386,0.2930004562620242,1,0,0.5717427790164947,0.8072223365306854,-0.08018435181345619,0.33949845998805667,12.4433545872059,0.5819252282381058,0.803251326084137,0.0024135966736011766,0.0022790147572235137,0.0023453885224552517,0.15525638588900303
1782116305.088436,32.28992795944214,mechanical_puppy,mixed_social_nonsocial_movie,mixed,918,1,0.33802927697843344,0.2989979590145431,0.31851361799648825,1,0,0.5722211122512817,0.8053563296794891,-0.08049437509289739,0.3408011180552844,12.363587313813921,0.5824743807315826,0.8010307848453522,0.0022874378361467554,0.00012615883745442126,0.0027908473807635352,0.15168088868644378
1782116305.1233659,32.32485795021057,mechanical_puppy,mixed_social_nonsocial_movie,mixed,919,1,0.3217257314560251,0.29960676604556996,0.3106662487507975,1,0,0.5718350946903229,0.8042004525661468,-0.08332852991651869,0.3425460380735666,12.138237948896704,0.582594558596611,0.7980128526687622,0.00302032404581691,0.0007328862096701548,0.002293483478564385,0.15266210510072487
1782116305.158336,32.35982799530029,mechanical_puppy,mixed_social_nonsocial_movie,mixed,920,1,0.34085433532015247,0.2645028675475047,0.3026786014338286,1,0,0.5723112046718597,0.8034804463386536,-0.08502558689162869,0.3436707601285206,11.6401051620226,0.5835011601448059,0.796687662601471,0.0016056322996367432,0.001414691746180167,0.003087461604348671,0.15317889419304032
1782116305.191658,32.393150091171265,mechanical_puppy,mixed_social_nonsocial_movie,mixed,921,1,0.36770848176574533,0.32006208939268715,0.34388528557921627,1,0,0.5737515985965729,0.800508177280426,-0.07652352662301636,0.3462851358807491,13.143318737633313,0.5824811160564423,0.7953888177871704,0.0016515107610430581,4.587846140631491e-05,0.0027712305255293695,0.1444641578220395
1782116305.226466,32.4279580116272,mechanical_puppy,mixed_social_nonsocial_movie,mixed,922,1,0.42286851271982173,0.3316630780662878,0.37726579539305477,1,0,0.5722288548946382,0.7911019146442413,-0.0700413433510922,0.3558155196456758,12.119374588996829,0.5826521217823029,0.7864492237567902,0.008941229467264963,0.0072897187062219045,0.0022080225694755813,0.13563550602146957
1782116305.2607381,32.46223020553589,mechanical_puppy,mixed_social_nonsocial_movie,mixed,923,1,0.45062746397741044,0.3555002599588578,0.40306386196813415,1,0,0.5741795778274537,0.7841383874416352,-0.07466960082018649,0.3435019510728141,11.240167939744028,0.5820640325546265,0.7864296436309814,0.0005884150924608409,0.008352814374804122,0.002411080091648552,0.13604752635704723
1782116305.295402,32.496894121170044,mechanical_puppy,mixed_social_nonsocial_movie,mixed,924,1,0.4787796123925501,0.3577487177309431,0.4182641650617466,1,0,0.5754861116409302,0.7779028952121735,-0.07100756337316852,0.3484008734365394,10.135064793098174,0.5825342983007431,0.7789652347564697,0.007479207826893162,0.006890792734432321,0.00247015344454044,0.13716394934856124
1782116305.331025,32.532516956329346,mechanical_puppy,mixed_social_nonsocial_movie,mixed,925,1,0.4600500545843697,0.38184283741634173,0.4209464460003557,1,0,0.5764155745506286,0.7700179874897003,-0.06355340010353137,0.33430762267422137,10.247684312353572,0.5823245346546173,0.7794577777385712,0.0005353497702001626,0.006943858056693,0.0036023301742655824,0.1362336526294953
1782116305.364537,32.56602907180786,mechanical_puppy,mixed_social_nonsocial_movie,mixed,926,1,0.4685008760691829,0.39098263596959915,0.429741756019391,1,0,0.5768188178539276,0.7668189823627471,-0.07562682017353718,0.33358280833980675,10.837014749108626,0.5832071304321289,0.78171506524086,0.00242370009994442,0.0018883503297442573,0.02267978312673805,0.13804379194670915
1782116305.399107,32.60059905052185,mechanical_puppy,mixed_social_nonsocial_movie,mixed,927,1,0.4550452622434954,0.39669081210491447,0.42586803717420496,1,0,0.5769594967365266,0.764678555727005,-0.06692060212503355,0.3336686781990477,10.733775205359771,0.5825661569833755,0.7814158797264099,0.0007073605403636304,0.0017163395595807896,0.0005156092297268737,0.13695384696068863
1782116305.434093,32.63558506965637,mechanical_puppy,mixed_social_nonsocial_movie,mixed,928,1,0.4734437055375055,0.39250576950792604,0.43297473752271576,1,0,0.5774942278862,0.7600531518459319,-0.06681554937862205,0.320976717368288,9.38441948869404,0.5833745151758194,0.7790918052196503,0.0024606432655428063,0.001753282725179176,0.0009237675555349123,0.1373258268481092
1782116305.467797,32.669289112091064,mechanical_puppy,mixed_social_nonsocial_movie,mixed,929,1,0.4608567791641605,0.3946859885709288,0.42777138386754465,1,0,0.5777378141880036,0.7557891428470611,-0.05666417968695759,0.3235672970626705,9.362809369905076,0.5825172066688538,0.7759941518306732,0.003214099313082385,0.0007534560475395786,0.00024222140954351099,0.13804901615022083
1782116305.502089,32.70358109474182,mechanical_puppy,mixed_social_nonsocial_movie,mixed,930,1,0.458168244118349,0.38451157629130206,0.42133991020482553,1,0,0.5773970544338226,0.7537645041942597,-0.05205417850852398,0.3179716254246232,8.377516733314165,0.5819228142499924,0.7767996191978455,0.0010010394733372281,0.002213059839745157,0.0018254995478174576,0.1358168807403913
1782116305.541027,32.74251914024353,mechanical_puppy,mixed_social_nonsocial_movie,mixed,931,1,0.4666009810047136,0.3836842055458396,0.4251425932752766,1,0,0.5769907236099243,0.7511362910270691,-0.05703062423858876,0.31198686602396636,8.787882507038407,0.5824720561504364,0.7764409780502319,0.0006559650432491942,0.000345074430088034,0.0004208597064246591,0.13734331657926108
1782116305.570893,32.772385120391846,mechanical_puppy,mixed_social_nonsocial_movie,mixed,932,1,0.460195798547127,0.39003791142364197,0.4251168549853845,1,0,0.577161705493927,0.7487059473991394,-0.058373960382659976,0.30919196286241935,8.563232371140945,0.5826351344585419,0.7748898863792419,0.001559640954318994,0.0009036759110697998,0.001507387238111252,0.1375706248247969
1782116305.605113,32.806605100631714,mechanical_puppy,mixed_social_nonsocial_movie,mixed,933,1,0.4722286831769598,0.4058164063696066,0.4390225447732832,1,0,0.5775376021862031,0.7461284399032593,-0.057035226524761666,0.3081612241633133,8.795408008868007,0.5826826095581055,0.7740767598152161,0.000814511322329595,0.000745129631989399,0.008644736199182854,0.13529172059251166
1782116305.640428,32.841920137405396,mechanical_puppy,mixed_social_nonsocial_movie,mixed,934,1,0.47113930415943617,0.4051707061956608,0.43815500517754846,1,0,0.5779595315456391,0.7452889025211334,-0.05509379435012837,0.3053653799600963,8.330099926979802,0.5825985968112946,0.7731256186962128,0.0009548442647288386,0.00014033294239924367,0.008570189678007073,0.13564852925238693
1782116305.6748002,32.87629222869873,mechanical_puppy,mixed_social_nonsocial_movie,mixed,935,1,0.4905226359953659,0.42165986508495124,0.45609125054015853,1,0,0.5785614073276519,0.7419308423995972,-0.047983438973725326,0.2970401514723385,7.603154715136162,0.582297146320343,0.7737389206886292,0.0006833825666468431,0.0002714616980819955,0.014830345441039765,0.13216277606376894
1782116305.7087529,32.910244941711426,mechanical_puppy,mixed_social_nonsocial_movie,mixed,936,1,0.44873254778342286,0.4278413502155045,0.4382869489994637,1,0,0.5798151195049286,0.7377330899238587,-0.04360205619233921,0.29119787164192923,7.077102082102684,0.5829076319932938,0.7694190144538879,0.004362829659044014,0.0036794470923971713,0.0017295347464282662,0.13485593244915314
1782116305.74334,32.94483208656311,mechanical_puppy,mixed_social_nonsocial_movie,mixed,937,1,0.4703229318249151,0.4257859478302834,0.44805443982759924,1,0,0.5808473408222199,0.7354279935359955,-0.031760178530103815,0.2930131571788716,7.255712473018357,0.5823464691638947,0.7689979374408722,0.0007015764904766102,0.003661253168567404,0.0013051331635547951,0.1330459211420829
1782116305.778465,32.97995710372925,mechanical_puppy,mixed_social_nonsocial_movie,mixed,938,1,0.4406795185369786,0.40229531673277097,0.4214874176348748,1,0,0.5817204415798187,0.7317636728286743,-0.02488970618361413,0.287771297938492,7.141275060957173,0.5837464034557343,0.7654418647289276,0.003821710239422309,0.003120133748945699,0.008606923661848242,0.13547796705256251
1782116305.8114939,33.012985944747925,mechanical_puppy,mixed_social_nonsocial_movie,mixed,939,1,0.45265546667385925,0.40008032653957143,0.42636789660671537,1,0,0.5825012683868408,0.7283649444580078,-0.03045303381344511,0.2889139358264045,6.076121471318155,0.5849443823099136,0.7623375952243805,0.003327407773616297,0.0004943024658060121,0.01604866054382441,0.1349733198725674
1782116305.846522,33.04801416397095,mechanical_puppy,mixed_social_nonsocial_movie,mixed,940,1,0.44349851872455115,0.38219087050393813,0.41284469461424467,1,0,0.5840237200260162,0.7271746218204498,-0.027764030698176078,0.2873516434114446,5.79978890115464,0.5849513709545135,0.7615742683410645,0.0007633588749378127,0.0025640488986784843,0.005632921829950356,0.136951331193209
1782116305.880417,33.0819091796875,mechanical_puppy,mixed_social_nonsocial_movie,mixed,941,1,0.3852444511695054,0.27393748217610975,0.3295909666728076,1,0,0.5851638555526734,0.7270727276802063,-0.029010430522350802,0.2814074424856746,5.667281599580095,0.5864255726337433,0.7618224620819092,0.0014949484017979596,0.0007315895268601468,0.007956244423553652,0.1428734884381732
1782116305.916585,33.11807703971863,mechanical_puppy,mixed_social_nonsocial_movie,mixed,942,1,0.3596167658057231,0.32449274498770236,0.3420547553967127,1,0,0.5853204369544982,0.7243664383888244,-0.018955493421352148,0.2834685769307383,5.0181765823299935,0.5853298902511597,0.7577444911003113,0.004222601947882213,0.0027276535460842534,0.009740615518813497,0.14452051113612593
1782116305.9499578,33.15144991874695,mechanical_puppy,mixed_social_nonsocial_movie,mixed,943,1,0.3905371088468886,0.3629214654978772,0.37672928717238285,1,0,0.5842641890048981,0.7200430154800415,-0.016419557801024026,0.2820621419154285,4.280614966859716,0.5850944519042969,0.7566522061824799,0.0011173708233596753,0.003105231124522538,0.013445549698428188,0.13754640825429798
1782116305.984724,33.18621611595154,mechanical_puppy,mixed_social_nonsocial_movie,mixed,944,1,0.42835700734334853,0.38540669020918356,0.40688184877626604,1,0,0.584428197145462,0.7171118497848511,-0.013366521823128353,0.27847363466828834,3.8498569158760803,0.5842563509941101,0.7552833259105682,0.001605068950071841,0.00048769812671216567,0.041018042776967995,0.13493955794351728
1782116306.018316,33.21980810165405,mechanical_puppy,mixed_social_nonsocial_movie,mixed,945,1,0.4252460237012147,0.3943159544113323,0.4097809890562735,1,0,0.5838983714580537,0.7140432119369506,-0.015462611708952545,0.27961151570058623,2.999408367235852,0.5844863057136536,0.7522635161876678,0.00302855244887125,0.001423483498799409,0.04057896617938452,0.13503514505187572
1782116306.0526521,33.25414419174194,mechanical_puppy,mixed_social_nonsocial_movie,mixed,946,1,0.41987173031514313,0.40147661870383233,0.41067417450948773,1,0,0.583852744102478,0.7113647222518921,-0.01583715778378259,0.28046306682946653,3.0352678048408936,0.5850726813077927,0.7482896447181702,0.00401690064521014,0.00098834819633889,0.04007964459771068,0.13554580004220915
1782116306.087747,33.289239168167114,mechanical_puppy,mixed_social_nonsocial_movie,mixed,947,1,0.4215031511221274,0.4143457005637237,0.41792442584292555,1,0,0.5842068672180176,0.7098317623138428,-0.014838212295618346,0.27915159119757327,2.68220900843512,0.5857586711645126,0.747980386018753,0.0007524779243857264,0.0032644227208244135,0.031760951022912425,0.1353767893341691
1782116306.123088,33.32457995414734,mechanical_puppy,mixed_social_nonsocial_movie,mixed,948,1,0.4287231246301741,0.4167014103363408,0.4227122674832574,1,0,0.5846514284610749,0.7081366717815398,-0.009327390797692861,0.2771753894569375,1.9853352188193951,0.5861328095197678,0.7483331263065338,0.0005142034806345307,0.00023827444375119564,0.017686137668676404,0.1328602348605917
1782116306.1557288,33.35722088813782,mechanical_puppy,mixed_social_nonsocial_movie,mixed,949,1,0.4723168646671153,0.4250442356790989,0.4486805501731071,1,0,0.5854270756244659,0.7073887586593628,-0.009563517014227885,0.27660012829705516,2.015086064147629,0.5868437141180038,0.7483005225658417,0.0007116518472542092,0.00019744836661967843,0.020977855073531566,0.13071108291469596
1782116306.1908998,33.39239192008972,mechanical_puppy,mixed_social_nonsocial_movie,mixed,950,1,0.49159801150759086,0.41082068370079317,0.451209347604192,1,0,0.586760425567627,0.7071844279766082,-0.007923626851504129,0.2792759372544186,2.27268290600079,0.5878392159938812,0.746249258518219,0.002280067581881021,0.0015684157346268117,0.008374778835047626,0.1319435858107092
1782116306.22506,33.426552057266235,mechanical_puppy,mixed_social_nonsocial_movie,mixed,951,1,0.4672302161057217,0.4076336022719227,0.4374319091888222,1,0,0.5879063427448272,0.7079616069793702,-0.011565823798498616,0.27851567224942314,1.3760119373811757,0.5894337594509125,0.7455467581748962,0.0017424338061257183,0.0005376337757553027,0.009329474364306227,0.13411529721964704
1782116306.259907,33.46139907836914,mechanical_puppy,mixed_social_nonsocial_movie,mixed,952,1,0.5013078188232449,0.41422546634158897,0.45776664258241695,1,0,0.5906483173370362,0.7072377741336822,-0.0037693288839961204,0.2818129489225247,1.218488715577371,0.5906963348388672,0.7456355690956116,0.001265695061974762,0.00047673874415095634,0.001546058034317388,0.130167298257323
1782116306.293705,33.495197057724,mechanical_puppy,mixed_social_nonsocial_movie,mixed,953,1,0.5087992087695319,0.44821503838859816,0.478507123579065,1,0,0.5933895528316497,0.7092001676559447,-0.0018355112072855131,0.28318356337488504,1.016959935253455,0.5923521518707275,0.7467694282531738,0.0020068299958358737,0.0007411349338611118,0.0016281203319871607,0.13135492394822731
1782116306.3288581,33.53035020828247,mechanical_puppy,mixed_social_nonsocial_movie,mixed,954,1,0.48109017005544363,0.41677350553738035,0.448931837796412,1,0,0.5960382580757142,0.7110196828842164,0.00808322121141485,0.2882636918187472,1.3339294140180202,0.5943098813295364,0.7473695278167725,0.002047638669326074,4.080867349020006e-05,0.006181157682737304,0.1335287977804168
1782116306.362946,33.56443810462952,mechanical_puppy,mixed_social_nonsocial_movie,mixed,955,1,0.46866274405401825,0.41573713494168674,0.4421999394978525,1,0,0.5985536813735962,0.7122983634471893,0.008909494076318462,0.2941119542998326,1.2186281497096378,0.5971163213253021,0.7481861710548401,0.0029228430727828826,0.0008752044034568088,0.007506972072577467,0.1338243928080074
1782116306.397194,33.59868597984314,mechanical_puppy,mixed_social_nonsocial_movie,mixed,956,1,0.4701685224666197,0.427679349422591,0.44892393594460533,1,0,0.6012424826622009,0.7142441868782043,0.005247911610464914,0.28899225477503304,1.7161924920706193,0.5998855829238892,0.7509319186210632,0.003899735824235938,0.0009768927514530552,0.0018097292532401848,0.1345880042202035
1782116306.43211,33.633602142333984,mechanical_puppy,mixed_social_nonsocial_movie,mixed,957,1,0.4620242582314152,0.4305931250804196,0.44630869165591736,1,0,0.6035888314247131,0.7148005723953248,-0.0003958685148280302,0.29032050285675703,2.911186432249956,0.6020649075508118,0.752242237329483,0.0025429099368924363,0.0013568258873435015,0.0011309987440662173,0.13295418003387757
1782116306.4659321,33.66742420196533,mechanical_puppy,mixed_social_nonsocial_movie,mixed,958,1,0.4787611537503859,0.4200459009917634,0.4494035273710747,1,0,0.6045259177684783,0.7144321382045746,-0.0023485284138577644,0.29198382682215246,3.656252358718141,0.603493258357048,0.7526941299438477,0.0014981298210078756,0.0010447801158845608,0.007382447279971425,0.1334524866032409
1782116306.500673,33.70216512680054,mechanical_puppy,mixed_social_nonsocial_movie,mixed,959,1,0.43555570794670456,0.4383909787277752,0.4369733433372399,1,0,0.6037212252616881,0.7159041345119477,-0.004301246830081198,0.28991116343683876,4.476069921994913,0.6034266650676727,0.7526616156101227,7.410700430730024e-05,0.0014240228167005753,0.0032762365371596523,0.13627212017550866
1782116306.5349262,33.7364182472229,mechanical_puppy,mixed_social_nonsocial_movie,mixed,960,1,0.4216948191869731,0.4247234228784719,0.4232091210327225,1,0,0.6005753636360168,0.7233481287956238,0.00210602941407229,0.28809947431442345,6.612718075036605,0.6012276411056519,0.7572078108787537,0.005050108692500064,0.004976001688192763,0.00798715565522085,0.14493971647541504
1782116306.5694,33.77089214324951,mechanical_puppy,mixed_social_nonsocial_movie,mixed,961,1,0.33989761892680803,0.40123646882554603,0.370567043876177,1,0,0.5981090724468231,0.7310612678527832,-0.0073041922166014964,0.2836804251599102,7.774766539300712,0.6000981777906418,0.7616696059703827,0.004602532218207541,0.00044757647429252267,0.00994720898543865,0.15375562980736734
1782116306.604321,33.80581307411194,mechanical_puppy,mixed_social_nonsocial_movie,mixed,962,1,0.3400936160205788,0.39266276224245794,0.3663781891315184,1,0,0.5958862781524659,0.7391168951988221,-0.004584129609761522,0.28132236899971397,6.366362918525783,0.5975722521543503,0.7685748636722565,0.007352746714620447,0.0027502144964129064,0.00586917548562665,0.15562373970483517
1782116306.6377861,33.83927822113037,mechanical_puppy,mixed_social_nonsocial_movie,mixed,963,1,0.35533869022390274,0.4010018048289248,0.37817024752641376,1,0,0.5935397922992707,0.7504596710205078,-0.003812311344039861,0.2857839899424801,6.468906275449822,0.5936294794082642,0.7754440307617188,0.007920284933651767,0.0005675382190313194,0.033116302352610746,0.1551739184225919
1782116306.672947,33.874439001083374,mechanical_puppy,mixed_social_nonsocial_movie,mixed,964,1,0.3599499698065544,0.36002792630888864,0.3599889480577215,1,0,0.5889922797679901,0.7626278221607208,0.0011459785423804415,0.2853748663913251,6.3516943589733454,0.5897132307291031,0.7898744642734528,0.014952404992294943,0.0070321200586431765,0.02276189887044669,0.1599852897415873
1782116306.70816,33.9096519947052,mechanical_puppy,mixed_social_nonsocial_movie,mixed,965,1,0.4074116181422784,0.38534731730557187,0.3963794677239251,1,0,0.5849722921848297,0.7748030364513396,-0.00987218924470196,0.30218521804850507,5.955236622739459,0.587097242474556,0.7924662232398987,0.003682473229784749,0.011269931762510194,0.01972319789508431,0.15916103996058054
1782116306.741825,33.9433171749115,mechanical_puppy,mixed_social_nonsocial_movie,mixed,966,1,0.2891504328446224,0.3418460546678668,0.3154982437562446,1,0,0.5812485039234161,0.7879945814609528,-0.02627984595423534,0.3048591219971162,5.637681823238533,0.5849832445383072,0.8037458956241608,0.011476061884233146,0.007793588654448397,0.00578920788969424,0.16556679552993517
1782116306.775993,33.97748517990112,mechanical_puppy,mixed_social_nonsocial_movie,mixed,967,1,0.3388636024919748,0.34882960549731334,0.34384660399464406,1,0,0.5789027869701385,0.7984914004802703,-0.019636396368574775,0.3176999417788471,6.0109426139746205,0.5826534926891327,0.8104221820831299,0.007071106318034427,0.004404955566198719,0.015000743149563091,0.1639918431757429
1782116306.81065,34.012142181396484,mechanical_puppy,mixed_social_nonsocial_movie,mixed,968,1,0.2914820287912345,0.3608085045075543,0.3261452666493944,1,0,0.5769801199436188,0.8050521612167358,-0.033596004150071156,0.3310487116533532,7.980153235912639,0.5812336206436157,0.8113313615322113,0.001686014204054205,0.005385092113980222,0.001374626187095279,0.1629449546583644
1782116306.844631,34.046123027801514,mechanical_puppy,mixed_social_nonsocial_movie,mixed,969,1,0.3123441936728446,0.308269020751525,0.31030660721218484,1,0,0.5754536986351013,0.809802383184433,-0.0481216136767458,0.34273429537444106,8.350097765932077,0.5819188058376312,0.8084442615509033,0.0029672925457673734,0.0012812783417131685,0.002084311117989094,0.1651386821830434
1782116306.879487,34.080979108810425,mechanical_puppy,mixed_social_nonsocial_movie,mixed,970,1,0.31743915668598627,0.3116781201041164,0.3145586383950513,1,0,0.5749093294143677,0.8114946246147156,-0.05104169347226833,0.3383412104757332,8.774876490567163,0.5816672742366791,0.8129787147045135,0.004541424176242878,0.001574131630475505,0.0014766767943266603,0.16474248883275425
1782116306.914741,34.116233110427856,mechanical_puppy,mixed_social_nonsocial_movie,mixed,971,1,0.3137663573735518,0.3679811288877153,0.34087374313063357,1,0,0.5750299334526062,0.8139823913574219,-0.05533097057645773,0.3446547195006975,8.597623179382651,0.5818453729152679,0.8115070462226868,0.0014824059024833402,0.003059018273759538,0.0013604482201001716,0.16439524753558307
1782116306.948194,34.149686098098755,mechanical_puppy,mixed_social_nonsocial_movie,mixed,972,1,0.35193602399474094,0.35923991110830106,0.355587967551521,1,0,0.5739923655986785,0.8186398327350617,-0.030309150106382302,0.33771333814123394,8.247553696431892,0.5783355385065079,0.8164105713367462,0.0060302152632495535,0.004547809360766214,0.0017515315059934181,0.16276803687047425
1782116306.98235,34.183842182159424,mechanical_puppy,mixed_social_nonsocial_movie,mixed,973,1,0.28160657179986603,0.2788960024792299,0.28025128713954794,1,0,0.5713969111442566,0.8248780727386474,-0.042368720696028,0.3308657467248379,8.882835095077244,0.577023908495903,0.8262226581573486,0.00989936467960237,0.0038691494163528165,0.00344008383989511,0.16947604372056094
1782116307.016642,34.21813416481018,mechanical_puppy,mixed_social_nonsocial_movie,mixed,974,1,0.1960605722637272,0.10704262081985079,0.15155159654178899,0,1,0.5683974742889404,0.8322468042373657,-0.04382538860029385,0.32955765253152663,7.754621888418266,0.5741872191429138,0.8237776756286621,0.0037449627569502764,0.006154401922652094,0.004203352580326139,0.18751027200594844
1782116307.0516639,34.25315594673157,mechanical_puppy,mixed_social_nonsocial_movie,mixed,975,1,0.12413979198377621,0.0927619025393961,0.10845084726158616,0,1,0.5622358918190002,0.8389417171478271,-0.047308480176881704,0.32816288815211403,6.820943548415658,0.570161372423172,0.8322544395923615,0.00938418718414801,0.005639224427197734,0.007500176544684197,0.19359951541453968
1782116307.086407,34.287899017333984,mechanical_puppy,mixed_social_nonsocial_movie,mixed,976,1,0.16810733619214777,0.15385573702363176,0.16098153660788977,0,1,0.5612294524908066,0.8463093519210816,-0.05197163621571661,0.33855152583315623,6.061042086150008,0.5676648616790771,0.8349719345569611,0.003690168665251664,0.005694018518896346,0.016215965617815416,0.18176767407888075
1782116307.122668,34.32416009902954,mechanical_puppy,mixed_social_nonsocial_movie,mixed,977,1,0.21780130284274904,0.25876531062500224,0.23828330673387565,1,0,0.5602042853832245,0.8428233027458191,-0.05583508687319733,0.3424152334219611,5.981570376920713,0.5667964071035385,0.8366008102893829,0.001845927815882,0.0018442408493696638,0.00404346101840022,0.16819021446783122
1782116307.155324,34.3568160533905,mechanical_puppy,mixed_social_nonsocial_movie,mixed,978,1,0.38967447474610195,0.3392824230527848,0.36447844889944336,1,0,0.5605360269546509,0.8388858258724212,-0.04727174233670574,0.3488130710035888,4.2622669471829395,0.5659317970275879,0.8349126279354095,0.0018967103742275658,5.078255834556583e-05,0.011095453325677506,0.15368419702451985
1782116307.188703,34.39019513130188,mechanical_puppy,mixed_social_nonsocial_movie,mixed,979,1,0.3806514949387176,0.3579057077088139,0.3692786013237658,1,0,0.5602306365966796,0.8386469423770905,-0.052979567439449184,0.35076159378363436,5.319162268305159,0.565978392958641,0.8334599733352661,0.0014534017228930848,0.00044330865133448104,0.007758002655877666,0.155971370257239
1782116307.223659,34.425151109695435,mechanical_puppy,mixed_social_nonsocial_movie,mixed,980,1,0.4385018439189553,0.3864762340536155,0.4124890389862854,1,0,0.5595619320869445,0.8411720037460326,-0.054405992402117055,0.34508052313490123,4.356137845926695,0.5645150989294052,0.8367539644241333,0.003604387147565269,0.0021509854246721844,0.0038917023057647845,0.15165284698647466
1782116307.257787,34.45927906036377,mechanical_puppy,mixed_social_nonsocial_movie,mixed,981,1,0.3932372445705469,0.39302042179879254,0.39312883318466973,1,0,0.5576161831617356,0.8432317554950715,-0.05775500950941893,0.34389335809552185,5.297585976400225,0.5624008774757385,0.8374367654323578,0.0022217447135026236,0.0013826424340626455,0.0030531685004629937,0.15543939684828237
1782116307.2922828,34.49377489089966,mechanical_puppy,mixed_social_nonsocial_movie,mixed,982,1,0.40599964807901273,0.39003384178543643,0.3980167449322246,1,0,0.555651381611824,0.847506332397461,-0.04291259776975274,0.33774855470534193,6.272177825923645,0.5601246803998947,0.8395954966545105,0.0031370676781951722,0.0009153229646925486,0.0012192470553185467,0.15289024704307774
1782116307.326798,34.528290033340454,mechanical_puppy,mixed_social_nonsocial_movie,mixed,983,1,0.3993764288321673,0.4082489862170396,0.4038127075246034,1,0,0.5540208429098129,0.8471549212932586,-0.05650284387830025,0.35000024597685386,5.166122150629098,0.5596201121807098,0.8396596014499664,0.0005086241368750047,0.0026284435413201678,0.0015947938627346426,0.15063760662619827
1782116307.361757,34.56324911117554,mechanical_puppy,mixed_social_nonsocial_movie,mixed,984,1,0.4431813451903711,0.39763981372082996,0.42041057945560056,1,0,0.5530719310045242,0.8439518928527832,-0.06661742624777812,0.3422370035395223,4.521163588678869,0.5584038645029068,0.8391245603561401,0.0013287314950147465,0.0008201073581397419,0.0019008533024288375,0.15034245817461456
1782116307.395985,34.597476959228516,mechanical_puppy,mixed_social_nonsocial_movie,mixed,985,1,0.46365633679181045,0.3961450644298494,0.42990070061082997,1,0,0.5518037378787994,0.8423530519008637,-0.08157388619587702,0.33327622875231055,4.3661839093284875,0.5586099326610565,0.8412756621837616,0.0021609495964967813,0.0008322181014820348,0.0023177512996157756,0.14982642118089018
1782116307.430366,34.631858110427856,mechanical_puppy,mixed_social_nonsocial_movie,mixed,986,1,0.4764483964460138,0.4201805022067594,0.4483144493263866,1,0,0.5512401938438416,0.8416444480419158,-0.07503820232581851,0.333837373278709,3.856410627927007,0.5574681013822556,0.8426067233085632,0.00175371103298304,0.0004072385635137414,0.003366589555319678,0.15038040620401236
1782116307.464952,34.666444063186646,mechanical_puppy,mixed_social_nonsocial_movie,mixed,987,1,0.4355751999211659,0.4084812364074176,0.42202821816429176,1,0,0.5502367436885833,0.842745327949524,-0.07371292399619207,0.3353500141355205,5.073380015965439,0.557138130068779,0.8419852256774902,0.000703662115753574,0.001050048917229466,0.0026153681952835843,0.15336448546921252
1782116307.499209,34.700700998306274,mechanical_puppy,mixed_social_nonsocial_movie,mixed,988,1,0.418365537019955,0.40897297756342743,0.41366925729169124,1,0,0.5499546825885773,0.8457624197006226,-0.07742202008232506,0.3302273885667072,4.6329873811398565,0.5562407970428467,0.8447479605674744,0.002904808191906045,0.002201146076152471,0.0024021823926281428,0.15246918830529774
1782116307.533481,34.73497295379639,mechanical_puppy,mixed_social_nonsocial_movie,mixed,989,1,0.39362059918908543,0.3932085937125171,0.39341459645080123,1,0,0.5489132821559906,0.8471518993377685,-0.06766582176194263,0.33454101678901854,4.650570486768492,0.5559329241514206,0.8463943600654602,0.0016749379165339486,0.0012298702753720963,0.0012675626108294745,0.15255961555519376
1782116307.5680819,34.76957392692566,mechanical_puppy,mixed_social_nonsocial_movie,mixed,990,1,0.41842201814037583,0.38879207806363897,0.4036070481020074,1,0,0.5490693569183349,0.8466540992259979,-0.07246438245320043,0.34524888675640303,4.645564232875508,0.5562988668680191,0.8401917517185211,0.006213393949956008,0.00453845603342206,0.0015196056560487785,0.15455054786160696
1782116307.6020448,34.803536891937256,mechanical_puppy,mixed_social_nonsocial_movie,mixed,991,1,0.42651520195629905,0.4121764281398015,0.41934581504805024,1,0,0.5484656065702438,0.8464769124984741,-0.0659463436912824,0.3433579554491894,4.289093514756575,0.5548152327537537,0.8410020470619202,0.001690487719135038,0.00452290623082097,0.00179570689724659,0.15368590061712303
1782116307.63682,34.83831214904785,mechanical_puppy,mixed_social_nonsocial_movie,mixed,992,1,0.4554165160089591,0.40066170536025003,0.42803911068460454,1,0,0.5478638261556625,0.8456422865390778,-0.08458178341664253,0.33877690080649325,4.170976619849808,0.5559218525886536,0.8426145613193512,0.001955712067102986,0.00026522434796794796,0.0026741279216610015,0.15094772680934113
1782116307.671,34.87249207496643,mechanical_puppy,mixed_social_nonsocial_movie,mixed,993,1,0.45981897297619184,0.41573739623317957,0.4377781846046857,1,0,0.5472816795110702,0.8448943078517914,-0.07176290346778569,0.333726571051032,3.972836648897103,0.5537528395652771,0.843621015548706,0.0023911435781573207,0.0004354315110543347,0.0023654391996476985,0.15322485216297738
1782116307.7062988,34.90779089927673,mechanical_puppy,mixed_social_nonsocial_movie,mixed,994,1,0.43476963904124977,0.40045458710671544,0.4176121130739826,1,0,0.5467161625623703,0.8444754123687744,-0.08429959234210183,0.33853092435635057,4.418211914223678,0.5550568103790283,0.8412285447120667,0.0027247489035294743,0.00033360532537215354,0.0021222903837383018,0.15516855579300384
1782116307.739391,34.94088315963745,mechanical_puppy,mixed_social_nonsocial_movie,mixed,995,1,0.4633958514847134,0.4077636743541615,0.43557976291943745,1,0,0.5467860579490662,0.845573902130127,-0.08351174354130754,0.3305084419681424,4.46717498433286,0.5546657145023346,0.8445770740509033,0.003371291253780483,0.0006465423502510087,0.0030049612363505316,0.15428765797690308
1782116307.774593,34.97608518600464,mechanical_puppy,mixed_social_nonsocial_movie,mixed,996,1,0.449981369391282,0.40098737313084376,0.42548437126106287,1,0,0.5465406894683837,0.8449913084506988,-0.08364207690508424,0.331979061136537,4.946224608067585,0.5553310811519623,0.8450881540775299,0.0008389967652222528,0.0025322944885582304,0.0022323605712556015,0.15399631881660766
1782116307.808935,35.01042699813843,mechanical_puppy,mixed_social_nonsocial_movie,mixed,997,1,0.44069896480045684,0.4104328678704551,0.42556591633545593,1,0,0.5465080171823502,0.8426499962806702,-0.08204408776129053,0.33116348922601146,4.354331871163155,0.5543360412120819,0.8452857136726379,0.001014462555039062,0.00017546578981680926,0.0038177749345027845,0.15265313037697625
1782116307.8432262,35.04471826553345,mechanical_puppy,mixed_social_nonsocial_movie,mixed,998,1,0.43867158545313795,0.3992339641593155,0.4189527748062267,1,0,0.54638112783432,0.8409959077835083,-0.07882557779307389,0.32669655357208605,4.41461310755425,0.5536315888166428,0.8422292172908783,0.0031366261028611215,0.0021221635478220592,0.008852495771068525,0.156071362478904
1782116307.877802,35.079293966293335,mechanical_puppy,mixed_social_nonsocial_movie,mixed,999,1,0.44309015528469275,0.4002625682995948,0.42167636179214374,1,0,0.5460263669490815,0.83941148519516,-0.07564710369296324,0.32482636410988813,4.111201751895391,0.553291916847229,0.8425034582614899,0.0004365605991925952,0.0027000655036685263,0.0036886184072575977,0.15508717191224966
1782116307.915116,35.11660814285278,mechanical_puppy,mixed_social_nonsocial_movie,mixed,1000,1,0.41310954596918126,0.3908732169757963,0.4019913814724888,1,0,0.5458320260047913,0.8385586202144624,-0.07823403098156606,0.33110407754725457,3.8091592790310522,0.5538583397865295,0.8379208147525787,0.004617516266991509,0.0041809556677989135,0.0025641657051440796,0.15660502192131354
1782116307.946934,35.1484260559082,mechanical_puppy,mixed_social_nonsocial_movie,mixed,1001,1,0.45641056924636003,0.4243138174110545,0.4403621933287073,1,0,0.5458850115537643,0.8384834408760071,-0.06896804217425252,0.3297511525587243,3.5554525294561334,0.5525832921266556,0.8390353620052338,0.001693505864575302,0.002924010402416207,0.00388136690377712,0.1540747776804814
1782116307.981411,35.18290305137634,mechanical_puppy,mixed_social_nonsocial_movie,mixed,1002,1,0.4325765177640671,0.40202000204468663,0.41729825990437686,1,0,0.5455076992511749,0.8380503356456757,-0.08139026380065387,0.32968102759645684,3.5962930230990815,0.5542032867670059,0.8404957950115204,0.0021811114599247813,0.00048760559534947925,0.0029580744209630797,0.15515926962169405
1782116308.015476,35.216968059539795,mechanical_puppy,mixed_social_nonsocial_movie,mixed,1003,1,0.4377034918594686,0.4151668182201165,0.42643515503979257,1,0,0.5457111924886704,0.8383607983589172,-0.07579073221881857,0.33291343271550317,3.774935925957314,0.5543225705623627,0.8399609327316284,0.0005480020823737304,0.001633109377551051,0.004512754533478699,0.15533784281867924
1782116308.050483,35.25197505950928,mechanical_puppy,mixed_social_nonsocial_movie,mixed,1004,1,0.4465828367248936,0.41170815872472116,0.42914549772480737,1,0,0.5455055236816406,0.8379075586795808,-0.06906672259769188,0.33407800590279535,3.9428511382469775,0.5527000278234482,0.8366779983043671,0.0036620081093987162,0.003114006027024986,0.006224546794508842,0.15605547393278174
1782116308.085103,35.28659510612488,mechanical_puppy,mixed_social_nonsocial_movie,mixed,1005,1,0.44992000762316414,0.40843168301705424,0.4291758453201092,1,0,0.544152495265007,0.838197010755539,-0.07195274671004294,0.3306420047865006,3.671583134784587,0.5526362657546997,0.8401619493961334,0.0034845345185879678,0.00017747359081074845,0.003015904674068139,0.15564994868337545
1782116308.1199338,35.321425914764404,mechanical_puppy,mixed_social_nonsocial_movie,mixed,1006,1,0.4418014772529719,0.4063570126721732,0.42407924496257254,1,0,0.5440588086843491,0.8384869039058684,-0.08106466120774174,0.3321674590141451,3.313927671838345,0.5531426817178726,0.8373948633670807,0.0028130450085157147,0.000671489510072253,0.004648783371036892,0.15650556005541272
1782116308.1535518,35.35504388809204,mechanical_puppy,mixed_social_nonsocial_movie,mixed,1007,1,0.45588304476799096,0.4327889299656343,0.4443359873668126,1,0,0.5439443558454513,0.8385898053646088,-0.07708432649104105,0.32868188734419196,3.417657559968953,0.5523789077997208,0.8413376212120056,0.004016054036210928,0.0012030090276952134,0.004791727167142392,0.15594455883032443
1782116308.188585,35.390077114105225,mechanical_puppy,mixed_social_nonsocial_movie,mixed,1008,1,0.4393795407651367,0.408246980685988,0.42381326072556236,1,0,0.5436183899641037,0.8386385977268219,-0.07747411301285456,0.3326406353034098,3.8036627042871363,0.5523987710475922,0.8398570716381073,0.001480682811876495,0.002535371224334433,0.0025306764506330833,0.15626427097033532
1782116308.222048,35.423540115356445,mechanical_puppy,mixed_social_nonsocial_movie,mixed,1009,1,0.4470051784466923,0.4285789641076918,0.43779207127719205,1,0,0.5436874508857727,0.8391516506671906,-0.08768343659107909,0.32903316049934095,3.685697239879261,0.5531721860170364,0.8433369696140289,0.0035648086397146134,0.0020841258278381184,0.003225500319405253,0.15400587814194305
1782116308.2568681,35.45836019515991,mechanical_puppy,mixed_social_nonsocial_movie,mixed,1010,1,0.43102048615782285,0.4139156596539826,0.4224680729059027,1,0,0.5438704341650009,0.8391609907150268,-0.08523245829647699,0.32365904200360296,3.959602775148588,0.5531376451253891,0.8434657454490662,0.0001333277498697456,0.0034314808898448677,0.003837103613861454,0.15666378838483355
1782116308.291112,35.49260401725769,mechanical_puppy,mixed_social_nonsocial_movie,mixed,1011,1,0.4315996289829409,0.4166725196741441,0.4241360743285425,1,0,0.5439034312963485,0.8395573675632477,-0.07992182112392286,0.3264616934169553,3.7246510264873134,0.5523408055305481,0.8413662016391754,0.0022456708462187704,0.0021123430963490247,0.005772783493069494,0.1580013486909345
1782116308.326668,35.528160095214844,mechanical_puppy,mixed_social_nonsocial_movie,mixed,1012,1,0.44092246159229675,0.4056035233563862,0.4232629924743415,1,0,0.5439833909273147,0.839824342727661,-0.08896333648093256,0.32950712976851565,3.570180442221502,0.5534374564886093,0.840449869632721,0.001429093303416351,0.0008165775428024193,0.008320312624963178,0.15540104999975768
1782116308.360645,35.56213712692261,mechanical_puppy,mixed_social_nonsocial_movie,mixed,1013,1,0.4389322495051182,0.4308996204547522,0.4349159349799352,1,0,0.5441011220216752,0.8403388679027557,-0.07898532004232293,0.326081188659519,4.038307805378145,0.5525381714105606,0.8438522517681122,0.003519221198906157,0.0020901278954898062,0.017634951811190167,0.15323362179072664
1782116308.394164,35.59565615653992,mechanical_puppy,mixed_social_nonsocial_movie,mixed,1014,1,0.4291782747092438,0.4099912442630704,0.4195847594861571,1,0,0.5444941818714142,0.8404572486877442,-0.09182592439136927,0.3268678318503315,3.867984280051252,0.5538888871669769,0.8423908650875092,0.001989996001220919,0.001529225197685238,0.0034386543234416526,0.15567612659895305
1782116308.429473,35.63096499443054,mechanical_puppy,mixed_social_nonsocial_movie,mixed,1015,1,0.4236937064378849,0.41456322411066,0.41912846527427244,1,0,0.5446661621332168,0.8409474074840546,-0.08878183650314499,0.32368920757544606,3.855073576668814,0.5545075386762619,0.8447678089141846,0.0024561334746122697,0.0004661374733913506,0.0028679131135020703,0.1565250998280534
1782116308.463273,35.66476511955261,mechanical_puppy,mixed_social_nonsocial_movie,mixed,1016,1,0.4301604677715755,0.4075120998696227,0.4188362838205991,1,0,0.5451842546463013,0.8406339347362518,-0.07722161746273397,0.3278123271718965,3.906206381108588,0.5536317229270935,0.8417750895023346,0.0031182403218089306,0.0006621068471966609,0.0054182828859278085,0.15655290849522563
1782116308.4987142,35.70020627975464,mechanical_puppy,mixed_social_nonsocial_movie,mixed,1017,1,0.4252832977398409,0.392389638283072,0.40883646801145646,1,0,0.5453250259160995,0.8404765784740448,-0.08497881865939873,0.328771867105292,3.5152055340133797,0.5545718967914581,0.8426271677017212,0.001268843628310524,0.0018493966934984066,0.004439958881608907,0.15642837283601252
1782116308.5326111,35.734103202819824,mechanical_puppy,mixed_social_nonsocial_movie,mixed,1018,1,0.4148522101505726,0.4014943045360885,0.40817325734333054,1,0,0.5458493828773499,0.8411263465881347,-0.07925547174874417,0.33086834348605326,3.587341854304239,0.5546811819076538,0.8412968814373016,0.0013347676883732386,6.592406006271454e-05,0.005902340871086623,0.1563994805539831
1782116308.56752,35.76901197433472,mechanical_puppy,mixed_social_nonsocial_movie,mixed,1019,1,0.4214261769397093,0.4003631484971785,0.4108946627184439,1,0,0.5462826669216156,0.8409790456295013,-0.07365470704335399,0.3311042760532546,3.8186688789691017,0.5538795590400696,0.8412901759147644,0.0008016509127210291,0.0005331167756522095,0.004877088662065423,0.15720457347139813
1782116308.601713,35.80320501327515,mechanical_puppy,mixed_social_nonsocial_movie,mixed,1020,1,0.4265981699675693,0.3926798918754877,0.4096390309215285,1,0,0.5462705105543136,0.8408299326896667,-0.08065058097183651,0.33059888317064035,3.419563563817298,0.5551338940858841,0.8421799540519714,0.0015378756583710252,0.0007362247456499961,0.0057723450559414875,0.1543401647508988
1782116308.635663,35.83715510368347,mechanical_puppy,mixed_social_nonsocial_movie,mixed,1021,1,0.4077306944450393,0.4168952031657867,0.412312948805413,1,0,0.546978110074997,0.8409349679946899,-0.07958123506074137,0.3313763637505659,3.533303720323203,0.554732009768486,0.8415533304214478,0.0007444247301784064,0.0007934509281926188,0.005782993058995457,0.15656800365076687
1782116308.6710799,35.87257194519043,mechanical_puppy,mixed_social_nonsocial_movie,mixed,1022,1,0.40663485023963397,0.4018225652456588,0.4042287077426464,1,0,0.54741151034832,0.8409057974815368,-0.07773883563399546,0.3269386210470857,3.065734930707286,0.554522305727005,0.8429876863956451,0.00144960437558984,0.0007051796454114336,0.004424832894830328,0.15529323126303438
1782116308.706482,35.90797400474548,mechanical_puppy,mixed_social_nonsocial_movie,mixed,1023,1,0.39874031836168716,0.3858837751726141,0.3923120467671506,1,0,0.547478073835373,0.8408942222595215,-0.08490546888283902,0.33005025795747234,3.3225980490310816,0.5568070411682129,0.8400362730026245,0.0037324063354373595,0.0022828019598475193,0.0030533898861728292,0.15675432098731445
1782116308.738535,35.9400269985199,mechanical_puppy,mixed_social_nonsocial_movie,mixed,1024,1,0.4298642420504696,0.39831207091139764,0.4140881564809336,1,0,0.5483529627323152,0.8415545761585236,-0.08120352419734041,0.326539365913191,3.5020662796596023,0.5556272119283676,0.8425361216068268,0.0027642793055561374,0.0009681270298812221,0.0029269469106037154,0.15789934234872396
1782116308.773877,35.97536897659302,mechanical_puppy,mixed_social_nonsocial_movie,mixed,1025,1,0.4176875442834449,0.3983646358642197,0.4080260900738323,1,0,0.5479975253343583,0.8420596539974212,-0.07392079278919543,0.327800776919495,3.7799850484754485,0.5546603202819824,0.8436990976333618,0.0015124128715878762,0.0012518664339682612,0.0035318013916920696,0.15672408183206946
1782116308.807756,36.00924801826477,mechanical_puppy,mixed_social_nonsocial_movie,mixed,1026,1,0.41583621487808653,0.4146656253172471,0.41525092009766684,1,0,0.5478742301464081,0.8417115807533264,-0.08222262435713093,0.3334891630190044,3.0889944466011836,0.554711639881134,0.8407644629478455,0.0029350833784907663,0.0014226705069028901,0.004095150815461637,0.15663057521396326
1782116308.8415942,36.0430862903595,mechanical_puppy,mixed_social_nonsocial_movie,mixed,1027,1,0.41100286726552127,0.39766138350641617,0.40433212538596874,1,0,0.5478688836097717,0.8416016101837158,-0.08607072972273871,0.33526664583439486,2.7986073892641823,0.5554009675979614,0.8397402167320251,0.0012346064197989155,0.0017004769586918508,0.003490574698398962,0.15589988452103234
1782116308.87642,36.07791209220886,mechanical_puppy,mixed_social_nonsocial_movie,mixed,1028,1,0.41448131335555866,0.40551662406154015,0.4099989687085494,1,0,0.548311784863472,0.8418122112751008,-0.08663978304196532,0.3347140308819296,2.9369436770439594,0.5554623603820801,0.839767575263977,6.721282029793736e-05,0.0011673935995009782,0.008286067217696244,0.15627154321477782
1782116308.910965,36.112457036972046,mechanical_puppy,mixed_social_nonsocial_movie,mixed,1029,1,0.3957145648948721,0.4042212403672717,0.3999679026310719,1,0,0.5483949303627014,0.8424232423305511,-0.07061755970173322,0.33792933355626054,2.988220349527389,0.5544697493314743,0.8410836160182953,0.001648405279296088,0.0015811924589981506,0.0019214993241802255,0.15659939945018392
1782116308.945058,36.14655017852783,mechanical_puppy,mixed_social_nonsocial_movie,mixed,1030,1,0.4050784566257811,0.4017220249461149,0.40340024078594805,1,0,0.5483700126409531,0.8426002979278564,-0.07045647882808607,0.3377274301278112,3.4647102972668637,0.55503249168396,0.8404442667961121,0.000851731403194334,0.0007966738761017539,0.00442554055380644,0.15424922802650998
1782116308.979889,36.18138098716736,mechanical_puppy,mixed_social_nonsocial_movie,mixed,1031,1,0.41411359891450616,0.4023055763602873,0.40820958763739673,1,0,0.5486794531345367,0.8429382920265198,-0.06434418477684652,0.3339133471983147,3.43228922024261,0.5551263839006424,0.8413253724575043,0.0008860942020411534,3.4362798846819336e-05,0.0023996679866284424,0.1553777969750361
1782116309.014202,36.215694189071655,mechanical_puppy,mixed_social_nonsocial_movie,mixed,1032,1,0.406417225344455,0.3974449464431934,0.4019310858938242,1,0,0.5486370980739594,0.8437804043292999,-0.06130339448411434,0.33389092173015433,3.3780512118066466,0.5548573434352875,0.8423347473144531,0.0010446149404631873,0.0001585207384220339,0.0032369990258655744,0.15575255195255122
1782116309.048892,36.25038409233093,mechanical_puppy,mixed_social_nonsocial_movie,mixed,1033,1,0.41817584327466056,0.39774806118003936,0.40796195222735,1,0,0.548815706372261,0.8445475578308106,-0.06592536616847942,0.33394106590882217,3.083481963468716,0.555320993065834,0.843026876449585,0.0008330748583436628,0.00021154008211952448,0.0026180979175301497,0.15714547815565144
1782116309.082863,36.28435516357422,mechanical_puppy,mixed_social_nonsocial_movie,mixed,1034,1,0.41655974538961393,0.4173614266926197,0.41696058604111685,1,0,0.549281644821167,0.8441633462905884,-0.06196339493943707,0.3370021982240988,2.9079960292331135,0.5542420744895935,0.8413760960102081,0.001972090604710158,0.0011390157463664952,0.002316318722875388,0.15619691173854428
1782116309.118484,36.31997609138489,mechanical_puppy,mixed_social_nonsocial_movie,mixed,1035,1,0.42096780903034564,0.44179136127491236,0.431379585152629,1,0,0.5494018018245697,0.8432729542255402,-0.0779424307886154,0.3373123596302744,3.098820296316754,0.5567611902952194,0.8423134386539459,0.0026878533579649875,0.0007157627532548296,0.0032330467346259354,0.1543811372116101
1782116309.1516328,36.35312485694885,mechanical_puppy,mixed_social_nonsocial_movie,mixed,1036,1,0.4109995916979291,0.4229420357714304,0.41697081373467976,1,0,0.5500813335180282,0.8421229302883149,-0.06494073020431317,0.33631517528616994,2.5446503045824587,0.5555709004402161,0.8399460315704346,0.002649793621772013,3.805973619297465e-05,0.0032845573170439254,0.15656900615020788
1782116309.186458,36.38795018196106,mechanical_puppy,mixed_social_nonsocial_movie,mixed,1037,1,0.3969927678494577,0.4317866161110321,0.4143896919802449,1,0,0.5504634916782379,0.8405412554740905,-0.06865822118141543,0.3450454694235098,3.404292848974023,0.5571375489234924,0.8382342755794525,0.002320451689394783,0.00032934193237723003,0.0026536314828466212,0.1523651199038554
1782116309.2207072,36.42219924926758,mechanical_puppy,mixed_social_nonsocial_movie,mixed,1038,1,0.42164170581409083,0.41011691737318645,0.41587931159363867,1,0,0.5511699557304383,0.8391349017620087,-0.05967702287691411,0.3267962582384047,3.5336520480591944,0.5572557747364044,0.8403049111366272,0.0020740079444097623,0.00024644374498502056,0.0024568985704407206,0.1522616295531001
1782116309.2556741,36.45716619491577,mechanical_puppy,mixed_social_nonsocial_movie,mixed,1039,1,0.4514974908134595,0.41845767927701505,0.4349775850452373,1,0,0.5512562692165375,0.8363514721393586,-0.053129737718204575,0.32624784916719446,3.87050027061702,0.5572305172681808,0.8444179892539978,0.00411315566679575,0.0020391477223859877,0.0036689245883931246,0.15018155360017743
1782116309.290352,36.491844177246094,mechanical_puppy,mixed_social_nonsocial_movie,mixed,1040,1,0.44376382734303743,0.4324501106438122,0.43810696899342483,1,0,0.5513996481895447,0.835241049528122,-0.04319124238261939,0.3231992472864881,3.3565059560669064,0.5570056587457657,0.8426852226257324,0.0017472954939371033,0.0023658601728586467,0.003876770982079007,0.14943870095852624
1782116309.3240361,36.52552819252014,mechanical_puppy,mixed_social_nonsocial_movie,mixed,1041,1,0.4750539292845687,0.4356413177466748,0.45534762351562175,1,0,0.5521806865930557,0.8323513805866242,-0.03976343229108261,0.3234511085820847,2.4306734690003893,0.5575182288885117,0.8399183750152588,0.0028139249902615166,0.0010666294963244134,0.005762487821562022,0.1504309948676485
1782116309.358977,36.56046915054321,mechanical_puppy,mixed_social_nonsocial_movie,mixed,1042,1,0.47121618017715394,0.4381627226060257,0.4546894513915898,1,0,0.5531452983617783,0.8285373628139496,-0.03345240469305744,0.32146031716873275,1.65812673318405,0.5574035495519638,0.8375782370567322,0.0023429462254111067,0.00047097876485040994,0.004283268970327442,0.15129605453689285
1782116309.392459,36.59395098686218,mechanical_puppy,mixed_social_nonsocial_movie,mixed,1043,1,0.44587982236668,0.43057069605330456,0.4382252592099923,1,0,0.5539507448673249,0.8271780908107758,-0.025763009505530413,0.31936467956962733,1.8851485105808443,0.5572009980678558,0.838322639465332,0.0007714674650583814,0.0015714787603527253,0.00570744728665295,0.15188340255719548
1782116309.427886,36.62937808036804,mechanical_puppy,mixed_social_nonsocial_movie,mixed,1044,1,0.4462242324451658,0.43716737674536776,0.4416958045952668,1,0,0.5543771535158157,0.8243782877922058,-0.008676163928763216,0.3231724998748642,1.0567096220086898,0.5571933686733246,0.833400547504425,0.0049220978738019885,0.004150630408743607,0.004802563662628883,0.15164322659590362
1782116309.462068,36.66356015205383,mechanical_puppy,mixed_social_nonsocial_movie,mixed,1045,1,0.37742366565750074,0.3878792785253242,0.3826514720914125,1,0,0.5546155035495758,0.8228226959705353,-0.006041960637160623,0.3245580619993149,1.3861922445336439,0.5565423965454102,0.8296684622764587,0.0037884330349269436,0.0011336648388750449,0.004977294540592391,0.160476200511742
1782116309.498548,36.700040102005005,mechanical_puppy,mixed_social_nonsocial_movie,mixed,1046,1,0.20366038791670402,0.21151788425257625,0.20758913608464014,1,0,0.553909745812416,0.8240742266178132,-0.008471419700908995,0.32467775271470956,2.3626087206953654,0.556473970413208,0.8269661068916321,0.0027032215524203326,0.001085211482506611,0.004059949308391437,0.18230908121185485
1782116309.530346,36.73183798789978,mechanical_puppy,mixed_social_nonsocial_movie,mixed,1047,1,0.11674145669977122,0.12158554113404721,0.11916349891690922,0,1,0.5519309908151626,0.8236740052700042,-0.005194056209058673,0.31400328639703184,1.8632177172365603,0.5551685243844986,0.8295701742172241,0.0029129634343893263,0.00020974188196899377,0.003541297082110189,0.19563364126378024
1782116309.565459,36.76695108413696,mechanical_puppy,mixed_social_nonsocial_movie,mixed,1048,1,0.1662371699806726,0.10451112039570241,0.1353741451881875,0,1,0.5527824848890305,0.8180777430534363,-0.00697315320011996,0.3190453925058478,1.4477998514885608,0.5555817186832428,0.8220813274383545,0.007500237036647624,0.004587273602258298,0.0022036711314170686,0.19104396654632358
1782116309.5992692,36.800761222839355,mechanical_puppy,mixed_social_nonsocial_movie,mixed,1049,1,0.21744670176979464,0.17105240243535869,0.19424955210257666,1,0,0.5514622122049332,0.8108838260173797,-0.0037593385022470184,0.3093256163324491,1.2183078084884635,0.5537914484739304,0.8223751187324524,0.0018142162899829014,0.005686020746664723,0.001887067008067153,0.1816863088730139
1782116309.634176,36.835668087005615,mechanical_puppy,mixed_social_nonsocial_movie,mixed,1050,1,0.31564401300462264,0.15852047911384862,0.2370822460592356,1,0,0.5511215120553971,0.8004408061504364,0.009459445771267266,0.30656567207004976,0.5347647329226203,0.5545466840267181,0.8181428015232086,0.004299173141414018,0.002484956851431117,0.001453945320000962,0.17412146788692787
1782116309.6680698,36.86956191062927,mechanical_puppy,mixed_social_nonsocial_movie,mixed,1051,1,0.3788219972527394,0.3063187470204894,0.3425703721366144,1,0,0.5517819851636887,0.7827893257141113,0.008282653241810552,0.2932558689595543,-1.3231504686423277,0.5554790198802948,0.8081842362880707,0.010002113361003387,0.0057029402195893685,0.003689917601391983,0.16056356059542318
1782116309.706203,36.907695055007935,mechanical_puppy,mixed_social_nonsocial_movie,mixed,1052,1,0.44292724781128634,0.36167145925314703,0.4022993535322167,1,0,0.5523176699876786,0.7703707039356231,-0.0029928279542042976,0.28282204931416005,-0.5705585091092289,0.5567877292633057,0.7997615933418274,0.008523710134036848,0.001478403226966539,0.015423216106943761,0.15723935674173434
1782116309.736764,36.93825602531433,mechanical_puppy,mixed_social_nonsocial_movie,mixed,1053,1,0.3725695463836984,0.39028614759297137,0.3814278469883349,1,0,0.550089991092682,0.7554476141929627,-0.00418787945853906,0.2788214259150374,0.1838754679959099,0.55559241771698,0.786779373884201,0.013037131269522122,0.004513421135485274,0.0027320783377363695,0.15261539481620826
1782116309.772197,36.97368907928467,mechanical_puppy,mixed_social_nonsocial_movie,mixed,1054,1,0.3824948683493201,0.3857112452240815,0.3841030567867008,1,0,0.5478355050086975,0.7381475627422334,-0.01844659768945283,0.2672030291780223,0.14863224981487233,0.5534932464361191,0.7705585658550262,0.01635607328137573,0.0033189420118536084,0.008398336980548666,0.15418150835042058
1782116309.8060732,37.00756525993347,mechanical_puppy,mixed_social_nonsocial_movie,mixed,1055,1,0.33866471125810316,0.3027804206071282,0.32072256593261567,1,0,0.5440620481967926,0.7204277276992799,-0.022324258599684517,0.25771840656888473,-0.021239088694972166,0.5511037558317184,0.760699450969696,0.010144545907563257,0.006211527373812474,0.0016538279322204287,0.15192236135034468
1782116309.84131,37.04280209541321,mechanical_puppy,mixed_social_nonsocial_movie,mixed,1056,1,0.3605233079558737,0.3514607996410943,0.355992053798484,1,0,0.5429127663373947,0.7092528760433197,-0.02032945603116267,0.2618649273734687,-1.4739838680244473,0.5467861890792847,0.7513891160488129,0.010262734479695864,0.00011818857213260689,0.00044675623144739475,0.14752886061187764
1782116309.8746738,37.07616591453552,mechanical_puppy,mixed_social_nonsocial_movie,mixed,1057,1,0.3880976479360705,0.40458668782074364,0.39634216787840704,1,0,0.5405151903629303,0.6978237271308899,-0.01470721955686086,0.2496072313017998,-0.4448761723436649,0.5444807708263397,0.7438910007476807,0.007844532260758737,0.0024182022189371266,0.0014133148068735217,0.1390376895737693
1782116309.910078,37.11157011985779,mechanical_puppy,mixed_social_nonsocial_movie,mixed,1058,1,0.3977489679974011,0.40894219423736416,0.4033455811173826,1,0,0.5397367805242539,0.688877421617508,-0.0033958506271557737,0.2525086730814345,-1.090659350240066,0.5431343019008636,0.7330622673034668,0.010912123834208838,0.0030675915734501014,0.011951010357499176,0.13919550339523537
1782116309.944136,37.14562797546387,mechanical_puppy,mixed_social_nonsocial_movie,mixed,1059,1,0.39549171571649117,0.4447283096103795,0.42011001266343534,1,0,0.5389824748039246,0.6821466267108918,0.0017273321888245888,0.25081339108592904,-0.24999830787144522,0.5413766801357269,0.7273933589458466,0.005935128999135479,0.00497699483507336,0.010503283214789048,0.13881325954368587
1782116309.979042,37.18053412437439,mechanical_puppy,mixed_social_nonsocial_movie,mixed,1060,1,0.4022424784874774,0.4133518631079857,0.4077971707977316,1,0,0.5376882404088974,0.678193634748459,0.0092006389098776,0.24552875055906037,-0.994776851364277,0.5393155813217163,0.7230219542980194,0.004832939779902164,0.0011021892192333146,0.0011818869062747998,0.13702539647759285
1782116310.013443,37.214935064315796,mechanical_puppy,mixed_social_nonsocial_movie,mixed,1061,1,0.4070266496614013,0.415010774734493,0.41101871219794717,1,0,0.5351576924324035,0.677668422460556,0.010794170857794695,0.2503109724428707,-0.07609330872450894,0.5362198799848557,0.7216751873493195,0.003375966229267028,0.0014569735506351363,0.0009759747349408581,0.13993754921120216
1782116310.047452,37.24894404411316,mechanical_puppy,mixed_social_nonsocial_movie,mixed,1062,1,0.3843445858627493,0.4215586045878962,0.40295159522532276,1,0,0.5321103900671005,0.6833767652511596,0.0026949079072586587,0.24229701817071897,0.4552382609780168,0.5326944589614868,0.7267850637435913,0.006208013382455587,0.0028320471531885594,0.003421972984083994,0.1390958345878836
1782116310.083043,37.28453516960144,mechanical_puppy,mixed_social_nonsocial_movie,mixed,1063,1,0.42484772717741465,0.4600267951244763,0.4424372611509455,1,0,0.5284886568784714,0.691655445098877,0.0008173760015723633,0.24217678749280172,-0.2585274251589456,0.529713973402977,0.7336053848266602,0.007443122586699688,0.0012351092042441007,0.007618357207891177,0.13760839517662427
1782116310.116998,37.31849002838135,mechanical_puppy,mixed_social_nonsocial_movie,mixed,1064,1,0.3926633891546303,0.4070170312592402,0.3998402102069353,1,0,0.5271479904651641,0.6981441974639893,-0.0022013693772227026,0.24413588064180092,0.8412673564816098,0.5281985104084015,0.7408057153224945,0.007358083129264706,8.503945743498168e-05,0.0023291005745876376,0.13693134704872975
1782116310.150058,37.35155010223389,mechanical_puppy,mixed_social_nonsocial_movie,mixed,1065,1,0.41397618968191974,0.4107265404147728,0.41235136504834624,1,0,0.5260909050703049,0.7028141915798187,-0.003211698325014709,0.2495875008021009,1.2919484700689585,0.5273349434137344,0.7454522848129272,0.004726135417410154,0.002631947711854552,0.013258217474341602,0.136862298406934
1782116310.185535,37.38702702522278,mechanical_puppy,mixed_social_nonsocial_movie,mixed,1066,1,0.42472064457421144,0.42041271756443227,0.4225666810693218,1,0,0.5257987707853318,0.7079968869686126,-0.003773571941691726,0.24858733028141633,1.725170817469027,0.5271256566047668,0.752566009759903,0.007116802905071376,0.0023906674876612213,0.007092972102157231,0.13806519765712988
1782116310.219178,37.42067003250122,mechanical_puppy,mixed_social_nonsocial_movie,mixed,1067,1,0.4158062045869012,0.4524494400387602,0.4341278223128307,1,0,0.5255689173936844,0.7122659504413604,-0.008396063662780704,0.2496764281651045,0.6676483320666676,0.5270885825157166,0.756759762763977,0.004193916874147534,0.002922886030923842,0.020180014726879508,0.1402970048512427
1782116310.25374,37.4552321434021,mechanical_puppy,mixed_social_nonsocial_movie,mixed,1068,1,0.4009500520319183,0.4613986622756083,0.4311743571537633,1,0,0.5261967092752456,0.719265240430832,-0.009885676018676055,0.25111903945855113,1.0023972560754821,0.5282951146364212,0.7607347667217255,0.00415407946751234,3.983740663519343e-05,0.021219646791397775,0.1407277423758953
1782116310.290293,37.49178504943848,mechanical_puppy,mixed_social_nonsocial_movie,mixed,1069,1,0.4373126430730147,0.45977654065320084,0.4485445918631078,1,0,0.5290290892124176,0.729278701543808,-0.004213940991693836,0.25861526586098527,1.4845117697562351,0.5299459546804428,0.7667692601680756,0.006256227617741185,0.002102148150228845,0.02581411632985687,0.14207486693208907
1782116310.32256,37.524052143096924,mechanical_puppy,mixed_social_nonsocial_movie,mixed,1070,1,0.42545796522738616,0.4215480073275913,0.4235029862774887,1,0,0.5313078790903092,0.7395693063735962,-0.0041166968304313075,0.2580809066910615,2.61370736366862,0.5334720015525818,0.7761841118335724,0.01005347892163849,0.0037972513038973055,0.038086794122978405,0.1469238918698448
1782116310.3580701,37.55956220626831,mechanical_puppy,mixed_social_nonsocial_movie,mixed,1071,1,0.444831203803301,0.45411031900498017,0.44947076140414055,1,0,0.5339206755161285,0.7476639032363892,-0.007994124747307723,0.2613157263013346,2.715172245448354,0.5353581011295319,0.784589409828186,0.00861431401751918,0.0014391649041193104,0.038248890695188505,0.14600029000388826
1782116310.391764,37.5932559967041,mechanical_puppy,mixed_social_nonsocial_movie,mixed,1072,1,0.4480520759989768,0.43063177893136084,0.4393419274651688,1,0,0.5370056658983231,0.755511325597763,0.00025817674236260015,0.26322832652707884,2.639377030179565,0.5363594442605972,0.7915182709693909,0.007000843147809423,0.001613470869709757,0.02340108134460522,0.14478624403357693
1782116310.4268532,37.628345251083374,mechanical_puppy,mixed_social_nonsocial_movie,mixed,1073,1,0.4477918955620916,0.42312751023534534,0.4354597028987185,1,0,0.5389535278081894,0.7599361121654511,-0.009404240117800207,0.2715947705019164,2.7128493481218903,0.5387360155582428,0.7934970855712891,0.003092539144696191,0.003908304003113232,0.032738548851564755,0.14694938261447105
1782116310.460554,37.66204595565796,mechanical_puppy,mixed_social_nonsocial_movie,mixed,1074,1,0.4414186671677192,0.44164300497653775,0.4415308360721285,1,0,0.5404861509799957,0.7636795997619629,0.004387712720821662,0.2749150921302025,2.671609767439682,0.5394517928361893,0.7988925278186798,0.005442713859514697,0.0023501747148185065,0.06090499192233712,0.14682147434096138
1782116310.4945312,37.6960232257843,mechanical_puppy,mixed_social_nonsocial_movie,mixed,1075,1,0.4382422514640438,0.44896553723789984,0.4436038943509718,1,0,0.5421065986156464,0.7693062007427216,0.003013382599556787,0.27718538641779894,3.5557350088715958,0.5412648916244507,0.8032202422618866,0.0046921678910643895,0.0007505459684503078,0.028541095765364722,0.1455666518825818
1782116310.5298262,37.73131823539734,mechanical_puppy,mixed_social_nonsocial_movie,mixed,1076,1,0.46236196073081687,0.44943896488532353,0.4559004628080702,1,0,0.5431156188249588,0.7754408121109009,0.010418704597056462,0.27870352432259227,3.831352243069036,0.5415601432323456,0.8055013120174408,0.0023000984199961134,0.002392069471068276,0.04403197424471225,0.14322275212360003
1782116310.5636532,37.76514530181885,mechanical_puppy,mixed_social_nonsocial_movie,mixed,1077,1,0.4527665391146205,0.44480567856904074,0.4487861088418306,1,0,0.5442400515079499,0.78183154463768,0.012189730574170329,0.2798760878340017,3.312677860622121,0.5413762331008911,0.8138271570205688,0.008327875956843015,0.006027777536846902,0.012538128531449613,0.1469719047860082
1782116310.598681,37.80017304420471,mechanical_puppy,mixed_social_nonsocial_movie,mixed,1078,1,0.46179000108916435,0.45879227269033823,0.4602911368897513,1,0,0.5445250391960144,0.7885044872760772,0.002935865917280852,0.29764170944712587,3.0650210818168175,0.542875736951828,0.8148059248924255,0.001790669803719668,0.006537206153123347,0.06275331462263851,0.14508416439927008
1782116310.632307,37.83379912376404,mechanical_puppy,mixed_social_nonsocial_movie,mixed,1079,1,0.4399401785381661,0.45731377926675887,0.4486269789024625,1,0,0.5447043418884278,0.7940335273742676,0.005991433273015788,0.30208140468202105,3.3827614943344044,0.5429245382547379,0.8177884817123413,0.0029829560424504712,0.0011922862387308032,0.029069288007915646,0.1460947913321399
1782116310.6676779,37.86916995048523,mechanical_puppy,mixed_social_nonsocial_movie,mixed,1080,1,0.4232457298277175,0.4561420887357855,0.4396939092817515,1,0,0.5447561472654343,0.7965387284755707,0.0018410546464303892,0.3046759112594116,3.583958736391493,0.5429447889328003,0.8219747841358185,0.0041863514031639576,0.0012033953607134863,0.0022705294896372625,0.14407776442150028
1782116310.701765,37.90325713157654,mechanical_puppy,mixed_social_nonsocial_movie,mixed,1081,1,0.4290247604734129,0.46128757195143355,0.44515616621242327,1,0,0.5449322402477265,0.798335862159729,0.012176993797364777,0.2941568733789871,3.6101085646007336,0.5425983667373657,0.8252770006656647,0.003320337685760159,0.0008660137174037984,0.040335223239731315,0.14383708170087234
1782116310.735627,37.937119007110596,mechanical_puppy,mixed_social_nonsocial_movie,mixed,1082,1,0.431698479911763,0.4415768377049051,0.43663765880833405,1,0,0.5452021032571792,0.7996456265449524,0.004537896422170548,0.2991462629476308,3.635172266100957,0.5434951782226562,0.8240784108638763,0.0014969597032318505,0.0018233779825283087,0.018327775136652007,0.14647390508157976
1782116310.7702038,37.97169589996338,mechanical_puppy,mixed_social_nonsocial_movie,mixed,1083,1,0.42908984830675134,0.45208550728368624,0.4405876777952188,1,0,0.5452608048915863,0.8013265609741211,0.0015736291415393046,0.29825465077337826,4.332258505211905,0.5436248779296875,0.8274688720703125,0.003392941085010542,0.0018959813817786915,0.004436395488137951,0.1450496367963574
1782116310.80512,38.006612062454224,mechanical_puppy,mixed_social_nonsocial_movie,mixed,1084,1,0.4391168041652447,0.46976689195193605,0.45444184805859034,1,0,0.5454359531402588,0.8021881878376007,0.010233033583536246,0.30046589820364594,3.6478267626886605,0.543316125869751,0.8258640468120575,0.001634255776813498,0.0017586853081970441,0.001445130600385491,0.14416873902187238
1782116310.8393338,38.040825843811035,mechanical_puppy,mixed_social_nonsocial_movie,mixed,1085,1,0.43407080684068733,0.44294095981807036,0.43850588332937884,1,0,0.5459123998880386,0.8029491364955903,0.0033236384810833913,0.3027180782418131,3.403009562760383,0.5441942662000656,0.8256521224975586,0.0009033506267230502,0.0007309051500904477,0.002100281047871177,0.1454683574246072
1782116310.8739898,38.07548189163208,mechanical_puppy,mixed_social_nonsocial_movie,mixed,1086,1,0.42214758750943804,0.4296618987733127,0.4259047431413754,1,0,0.5462676495313644,0.8028780281543731,0.007707598881412746,0.30114306947801217,3.689432697013071,0.5442999601364136,0.8257936835289001,0.0001766655987316461,0.0007266850279914041,0.003067518987517809,0.14636392377321927
1782116310.908247,38.10973906517029,mechanical_puppy,mixed_social_nonsocial_movie,mixed,1087,1,0.4297679152237647,0.4410359237145187,0.4354019194691417,1,0,0.5468158096075058,0.8023569047451019,0.00777942082632052,0.30521151952116016,3.6470355403812595,0.5448832213878632,0.8252716958522797,0.0007827290859462081,0.000606063487214562,0.0028569945956501515,0.1447116335655491
1782116310.942761,38.14425301551819,mechanical_puppy,mixed_social_nonsocial_movie,mixed,1088,1,0.42598714617566846,0.4621752867254592,0.44408121645056386,1,0,0.5473214238882065,0.8019987881183623,0.008435609805847951,0.3053109527290453,4.169647934968687,0.5448688566684723,0.8254192769527435,0.0001482785432127807,0.0006344505427334274,0.0028606078530019037,0.1437312486188667
1782116310.976595,38.17808699607849,mechanical_puppy,mixed_social_nonsocial_movie,mixed,1089,1,0.434962245668875,0.4560522148654252,0.4455072302671501,1,0,0.5479458808898926,0.8011359214782714,0.01652385567233563,0.302580416627267,3.7946791571527294,0.5447267144918442,0.8262004554271698,0.0007940051682977457,0.000645726625084965,0.007529877997932237,0.14485550016193394
1782116311.01183,38.213322162628174,mechanical_puppy,mixed_social_nonsocial_movie,mixed,1090,1,0.4514647830746816,0.4330814092595357,0.44227309616710864,1,0,0.5480144172906876,0.8011494994163513,0.01259442420021379,0.29881546186727453,4.0476419395341035,0.5456142723560333,0.8265989124774933,0.0009728961831750062,0.00017889101487726048,0.04354621465751754,0.14473714277777894
1782116311.0459929,38.24748492240906,mechanical_puppy,mixed_social_nonsocial_movie,mixed,1091,1,0.42274343662273234,0.46164029251636696,0.4421918645695496,1,0,0.5478831231594086,0.8015662670135497,0.017309517090284523,0.2964189722583014,3.892864515303892,0.5444014817476273,0.8254141211509705,0.0016954620453556836,0.0007225658621806774,0.01688958732301872,0.1460450505004433
1782116311.081503,38.282994985580444,mechanical_puppy,mixed_social_nonsocial_movie,mixed,1092,1,0.43433625669543946,0.4239004856085873,0.42911837115201334,1,0,0.5479011595249176,0.8018646001815797,0.013687940839695427,0.298756280949708,3.581746478532974,0.5453393310308456,0.8273253738880157,0.0021289547442104872,0.0004334926988548036,0.017535244496185442,0.14388964519666678
1782116311.11495,38.316442012786865,mechanical_puppy,mixed_social_nonsocial_movie,mixed,1093,1,0.41856854722160364,0.46758406784179973,0.4430763075317017,1,0,0.5475876599550247,0.8016049563884735,0.023740785992952533,0.299860034415713,3.772264835304219,0.5439946353435516,0.8246554434299469,0.0029894372618188237,0.0008604825176083365,0.01650916362032744,0.1448866420934656
1782116311.149367,38.35085916519165,mechanical_puppy,mixed_social_nonsocial_movie,mixed,1094,1,0.4447524696740517,0.4511777420443358,0.44796510585919375,1,0,0.5474630564451217,0.8020800471305847,0.02023986395176219,0.30616463736979005,4.153078624403884,0.5450982302427292,0.8253496289253235,0.0013037696128848635,0.0016856676489339602,0.00455234998775416,0.14349346960748272
1782116311.1837518,38.38524389266968,mechanical_puppy,mixed_social_nonsocial_movie,mixed,1095,1,0.42745098229248507,0.46261075063050167,0.44503086646149337,1,0,0.5474823415279388,0.801442313194275,0.02098595445789043,0.303780524297766,3.7821604602410135,0.5444864928722382,0.824201226234436,0.0013011730672331087,2.5965456517547912e-06,0.01171316290415077,0.1445846743583251
1782116311.217481,38.418972969055176,mechanical_puppy,mixed_social_nonsocial_movie,mixed,1096,1,0.4316555057891941,0.44227299379260765,0.43696424979090087,1,0,0.5472039043903352,0.8015260040760039,0.018994669771637697,0.30487123451423626,3.1470062352601893,0.5440507978200912,0.8242924809455872,0.0004451489646989813,0.0008560241025341274,0.0057633737034380765,0.1435456860104794
1782116311.25264,38.454132080078125,mechanical_puppy,mixed_social_nonsocial_movie,mixed,1097,1,0.43335837184466686,0.4381825608363444,0.43577046634050565,1,0,0.5469797521829605,0.8019062578678131,0.02099269722370194,0.30474869830616647,3.6605486795324937,0.5434556752443314,0.8240986764431,0.0006258842268050759,0.00018073526210609454,0.005335174053610312,0.14460104945258145
1782116311.286578,38.488070011138916,mechanical_puppy,mixed_social_nonsocial_movie,mixed,1098,1,0.44302443518501744,0.43482684888530265,0.43892564203516005,1,0,0.5465646266937256,0.8029082775115968,0.015927662560925916,0.3056404708842807,3.466738491491952,0.5439038723707199,0.8245265781879425,0.000619661655536499,6.222571268576886e-06,0.0008476348394130714,0.14487995377601762
1782116311.3219311,38.523423194885254,mechanical_puppy,mixed_social_nonsocial_movie,mixed,1099,1,0.43831883027305896,0.44490150561264935,0.4416101679428541,1,0,0.5463096052408218,0.8031474471092224,0.01953425213894763,0.3047248120678471,3.737809202370031,0.5430913865566254,0.8253070116043091,0.0011265919915774655,0.0005069303360409665,0.0007077304430392192,0.14275497548497068
1782116311.355892,38.55738401412964,mechanical_puppy,mixed_social_nonsocial_movie,mixed,1100,1,0.4500974388569682,0.47176203503084185,0.46092973694390504,1,0,0.54557104408741,0.8046779692173005,0.019831281324608124,0.3043491414545481,3.8972835466320057,0.5433131158351898,0.8272891044616699,0.0019944563089156833,0.0008678643173382179,0.0019338208759827457,0.14376503893263182
1782116311.3902001,38.591692209243774,mechanical_puppy,mixed_social_nonsocial_movie,mixed,1101,1,0.44016379396512195,0.47765151759558855,0.45890765578035525,1,0,0.5458575874567031,0.8049630582332612,0.018622040647195942,0.3030173186494788,4.288387282955325,0.5436480492353439,0.8279432058334351,0.0007348666457826408,0.0012595896631330426,0.0014336255055623175,0.14385956048564932
1782116311.424382,38.625874042510986,mechanical_puppy,mixed_social_nonsocial_movie,mixed,1102,1,0.44040584718871306,0.4437732828821265,0.44208956503541974,1,0,0.5460079550743102,0.8048028469085693,0.01705483896774964,0.3054718184101479,3.761586806831018,0.5437480211257935,0.8263163864612579,0.001629888231925988,0.0008950215861433473,0.0013641204780956082,0.14468470286514476
1782116311.4587631,38.66025519371033,mechanical_puppy,mixed_social_nonsocial_movie,mixed,1103,1,0.4479376138033886,0.44567690820769906,0.4468072610055438,1,0,0.5462578862905503,0.8040367305278777,0.015325586842413409,0.3066037129978861,3.488879379896005,0.544164627790451,0.8259165287017822,0.0005774489941545116,0.0010524392377714766,0.0016796794102295857,0.14553120499158798
1782116311.493579,38.69507098197937,mechanical_puppy,mixed_social_nonsocial_movie,mixed,1104,1,0.4340744688803216,0.44336252174833557,0.4387184953143286,1,0,0.5467641532421113,0.8033251762390137,0.01752916833694651,0.3069056627154776,3.0485082508845633,0.544598788022995,0.8241245746612549,0.0018437989019643346,0.001266349907809823,0.0020705110721694286,0.1459819920805296
1782116311.528047,38.72953915596008,mechanical_puppy,mixed_social_nonsocial_movie,mixed,1105,1,0.44023767899974514,0.44287130842398614,0.4415544937118656,1,0,0.5472932040691376,0.8028118193149567,0.016013480991109573,0.30726848392190315,2.7354719098444096,0.5448210686445236,0.8260881006717682,0.0019760675769490907,0.00013226867498475608,0.0021381321638089387,0.14489047462477525
1782116311.561665,38.76315712928772,mechanical_puppy,mixed_social_nonsocial_movie,mixed,1106,1,0.45518845453002427,0.42898232746765635,0.4420853909988403,1,0,0.5475666552782059,0.8029671490192414,0.015472380951458052,0.3047665788728992,2.615278898263802,0.5454519391059875,0.8276890814304352,0.001720795434899119,0.0002552721420499718,0.0021896116292236226,0.14534656148391686
1782116311.596416,38.79790806770325,mechanical_puppy,mixed_social_nonsocial_movie,mixed,1107,1,0.4454977041489739,0.4185039498979103,0.4320008270234421,1,0,0.5480000078678131,0.8026680231094361,0.013358756994948519,0.30736595840305375,2.9206702194409675,0.5460440367460251,0.8262056410312653,0.001597239817068006,0.0001235556178311129,0.0017815746857663141,0.14609165063230176
1782116311.6309419,38.8324339389801,mechanical_puppy,mixed_social_nonsocial_movie,mixed,1108,1,0.4392030227520875,0.44668429862232273,0.44294366068720514,1,0,0.5480401366949081,0.8027423262596131,0.009470260431380613,0.30519490085190293,2.9668996214641843,0.5461191833019257,0.8269906342029572,0.0007885818184986376,0.0008086579985693684,0.0027431261565003463,0.1441191267996351
1782116311.666951,38.86844301223755,mechanical_puppy,mixed_social_nonsocial_movie,mixed,1109,1,0.4367209336491035,0.43382045666440644,0.435270695156755,1,0,0.5482253730297089,0.8026767551898957,0.006514021854057893,0.30218256462508614,3.1593213904715522,0.5462606251239777,0.8265356123447418,0.0004764983530707361,0.00031208346542790146,0.0066039032832017315,0.1457089497767683
1782116311.700206,38.90169811248779,mechanical_puppy,mixed_social_nonsocial_movie,mixed,1110,1,0.43301231899533676,0.4247465365532163,0.42887942777427657,1,0,0.5481681734323501,0.8026150763034821,0.010523133483830169,0.3036933859038043,2.819255416459349,0.5459812134504318,0.8261204063892365,0.0005004666510376229,2.3968297966886758e-05,0.003355548775597798,0.14499441230537208
1782116311.73473,38.936222076416016,mechanical_puppy,mixed_social_nonsocial_movie,mixed,1111,1,0.43450948621338153,0.434739798647905,0.43462464243064325,1,0,0.5480734944343566,0.8019332110881805,0.012514251408059323,0.30132670703309317,3.191308071232821,0.5457870066165924,0.8263784050941467,0.000322923560684741,0.00017754309035288186,0.051558630989075455,0.14451294598238149
1782116311.7687008,38.97019290924072,mechanical_puppy,mixed_social_nonsocial_movie,mixed,1112,1,0.44190703772840684,0.41806343954669595,0.4299852386375514,1,0,0.547982057929039,0.8017592012882233,0.02369227376337882,0.2943606727391359,3.4292319920349685,0.5448844283819199,0.828771710395813,0.0025578423987197563,0.0022349188380350153,0.018440633309263706,0.14638638682305427
1782116311.8036742,39.00516629219055,mechanical_puppy,mixed_social_nonsocial_movie,mixed,1113,1,0.4380878670910402,0.4261338537844928,0.4321108604377665,1,0,0.5478506058454513,0.8016756474971771,0.016570889755502537,0.295012087144195,3.355556418485102,0.5448516607284546,0.8274415731430054,0.0013305408037411761,0.0012273015949785802,0.020650313709268564,0.1454006442198218
1782116311.837528,39.03902006149292,mechanical_puppy,mixed_social_nonsocial_movie,mixed,1114,1,0.43383198471888507,0.43195321016950405,0.43289259744419456,1,0,0.5478631585836411,0.8010494470596313,0.021169439341348094,0.29587517665766955,2.921740410515505,0.5441528260707855,0.8280563950538635,0.0009307931353586117,0.00039974766838256446,0.016225759772159568,0.14430114965476287
1782116311.873137,39.074629068374634,mechanical_puppy,mixed_social_nonsocial_movie,mixed,1115,1,0.43091542496723256,0.4258566943752691,0.4283860596712508,1,0,0.5475550204515457,0.8005653977394105,0.012537051014656672,0.29748619517887565,2.8870354876068873,0.5455184429883957,0.8270232975482941,0.0017123667894691644,0.0007815736541105528,0.038209288826496664,0.14468400841767495
1782116311.906951,39.10844302177429,mechanical_puppy,mixed_social_nonsocial_movie,mixed,1116,1,0.42669793911397985,0.46724526448857917,0.4469716018012795,1,0,0.5469188511371612,0.7994622349739076,0.018175596649382304,0.29439731038554207,2.8034386838694987,0.5437173247337341,0.8274680376052856,0.0018552144581066566,0.00014284766863749214,0.03573956990662158,0.14366013021095816
1782116311.941288,39.1427800655365,mechanical_puppy,mixed_social_nonsocial_movie,mixed,1117,1,0.43745452746816327,0.4414042767103739,0.4394294020892686,1,0,0.5467786461114883,0.7993764340877534,0.011684313896851208,0.2951757833487538,2.957980205398273,0.5446325987577438,0.8252352178096771,0.002413132979901479,0.0005579185217948225,0.04590767881531356,0.14445377688229719
1782116311.975622,39.17711400985718,mechanical_puppy,mixed_social_nonsocial_movie,mixed,1118,1,0.4227899133999055,0.43817052006227647,0.430480216731091,1,0,0.5463093340396881,0.7993931353092194,0.0166177496245605,0.29297048979819973,2.910384110619322,0.5434511601924896,0.8267344534397125,0.0019087966255831377,0.0005043363543183414,0.028647181566051724,0.14583594202168848
1782116312.010062,39.21155405044556,mechanical_puppy,mixed_social_nonsocial_movie,mixed,1119,1,0.43434900836860457,0.43511142553556104,0.4347302169520828,1,0,0.5460009902715683,0.799468994140625,0.014426817499788845,0.2982979093415527,2.699917144732598,0.5440142750740051,0.8251045048236847,0.0017244798812033916,0.00018431674437974612,0.041735247952535554,0.14485543591902325
1782116312.0440068,39.24549889564514,mechanical_puppy,mixed_social_nonsocial_movie,mixed,1120,1,0.4343254272285458,0.43878787017750787,0.4365566487030268,1,0,0.5455680817365647,0.7996007084846497,0.01814590200183066,0.29529941407847143,2.8917794236826153,0.5433636754751205,0.8242194056510925,0.0010984900470154982,0.0006259898341878934,0.01441276382608181,0.14496994677939934
1782116312.081703,39.28319501876831,mechanical_puppy,mixed_social_nonsocial_movie,mixed,1121,1,0.44032868645216694,0.4310714230485745,0.4357000547503707,1,0,0.5453411877155304,0.8000615775585174,0.008588168906082378,0.2964241464696445,2.3270352164850707,0.5434688627719879,0.8240876793861389,0.00016857098297421737,0.0009299190640412808,0.03862146262123044,0.1446273539469058
1782116312.112808,39.31430006027222,mechanical_puppy,mixed_social_nonsocial_movie,mixed,1122,1,0.44141681110331604,0.4521742983622087,0.44679555473276233,1,0,0.5449131965637207,0.7992968320846557,0.007610973498495027,0.29739155639137443,1.8364680972230043,0.5431234985589981,0.8249440491199493,0.0009233880877510857,0.0007548171047768684,0.014540501106151583,0.14315260350793022
1782116312.1478631,39.34935522079468,mechanical_puppy,mixed_social_nonsocial_movie,mixed,1123,1,0.456513261569894,0.46643819166104555,0.46147572661546976,1,0,0.5451302289962769,0.7985694348812103,0.011067888684300042,0.29765991235837735,1.785395586948917,0.5435076802968979,0.8252591788768768,0.0004968927162244125,0.0004264953715266732,0.009301975968203363,0.14248515887925828
1782116312.181824,39.38331604003906,mechanical_puppy,mixed_social_nonsocial_movie,mixed,1124,1,0.44642671590011396,0.4601628020139335,0.45329475895702376,1,0,0.5450303971767425,0.797239077091217,0.019323393621319677,0.29737937969476286,1.6662745352723602,0.5429510921239853,0.8243140280246735,0.0010968593928334382,0.0005999666766090257,0.01002325630495911,0.14343701220214417
1782116312.2172632,39.418755292892456,mechanical_puppy,mixed_social_nonsocial_movie,mixed,1125,1,0.4564746043366889,0.4431957841366671,0.449835194236678,1,0,0.5449145287275314,0.7966447710990905,0.0184155597080296,0.2955352766801669,1.6213419731131227,0.5428068786859512,0.8239036500453949,0.00043498000136369584,0.0006618793914697425,0.02799660652915105,0.1454483922207321
1782116312.250617,39.45210909843445,mechanical_puppy,mixed_social_nonsocial_movie,mixed,1126,1,0.4527569824597537,0.44245516790897704,0.44760607518436535,1,0,0.544801902770996,0.7961272060871124,0.020032741278532704,0.2948763714561042,1.7797694953079684,0.542606383562088,0.8233433067798615,0.0005951326490133233,0.00016015264764962744,0.02633240863342305,0.1470100606922436
1782116312.298924,39.50041604042053,mechanical_puppy,mixed_social_nonsocial_movie,mixed,1127,1,0.45425833740614135,0.46471388374039985,0.4594861105732706,1,0,0.5446843028068542,0.7958302199840546,0.01670824164678314,0.29222130953142944,1.620211440088905,0.5427923649549484,0.8247390687465668,0.0014080982018990751,0.0008129655528857518,0.04213836392786485,0.14473657499525283
1782116312.3391109,39.540602922439575,mechanical_puppy,mixed_social_nonsocial_movie,mixed,1128,1,0.4593045839006719,0.44781559931459286,0.4535600916076324,1,0,0.5444372683763504,0.7960067212581634,0.018634259373210126,0.29339359915699587,1.8261628408282187,0.5422523319721222,0.823972225189209,0.0009379150622531581,0.000470183139645917,0.0394744574460695,0.14430840389340657
1782116312.358958,39.560450077056885,mechanical_puppy,mixed_social_nonsocial_movie,mixed,1129,1,0.4566842574838081,0.4496877377516309,0.4531859976177195,1,0,0.5439318120479584,0.796944510936737,0.02087599285860662,0.2961383506193577,2.643577290579138,0.5419743955135345,0.8231419622898102,0.0008755484893084737,6.236657294468443e-05,0.018506980790114286,0.14372987459233935
