timestamp,elapsed_time,stimulus_id,stimulus_type,paper_category,frame_index,face_detected,left_ear,right_ear,avg_ear,eye_open,blink_state,gaze_x,gaze_y,yaw_proxy,pitch_proxy,roll_proxy_deg,head_center_x,head_center_y,head_movement,head_acceleration,mouth_open,eyebrow_signal
1781866491.239557,10.744433164596558,dog_in_grass,nonsocial_movie,non_social,291,1,0.4007258497511184,0.47306965073676543,0.43689775024394195,1,0,0.5735023140907287,0.8597481369972229,0.13610225438286844,0.2711655533169839,3.5740774925005887,0.556283175945282,0.8880873322486877,0.000983919449029785,0.000983919449029785,0.002966396211987663,0.14076961380419087
1781866491.273025,10.77790117263794,dog_in_grass,nonsocial_movie,non_social,292,1,0.4067789911088112,0.4674117509426212,0.4370953710257162,1,0,0.573413097858429,0.859703278541565,0.13294375322010504,0.26955474386534073,3.5119724762256133,0.5564343184232712,0.8889260292053223,0.0008522069195452025,0.00013171252948458246,0.00425540515496503,0.13929187123568593
1781866491.308084,10.812960147857666,dog_in_grass,nonsocial_movie,non_social,293,1,0.40098994062420396,0.48305546474146394,0.44202270268283395,1,0,0.5735736906528472,0.8598994314670563,0.1335863061922573,0.27031637141501463,3.5314980714432616,0.5569131225347519,0.8886804282665253,0.0005381200593815485,0.00031408686016365394,0.003289485912784758,0.13765008570498477
1781866491.3407412,10.845617294311523,dog_in_grass,nonsocial_movie,non_social,294,1,0.42110946750655076,0.491052622037777,0.4560810447721639,1,0,0.5734653830528259,0.8599176049232482,0.1347244599839317,0.2737736135807284,3.9651846424191346,0.5561148077249527,0.8869859278202057,0.0018731359529201236,0.001335015893538575,0.0034802241295423353,0.13679940059329268
1781866491.3762639,10.881139993667603,dog_in_grass,nonsocial_movie,non_social,295,1,0.42705955697435816,0.4765401816426302,0.45179986930849414,1,0,0.5734000682830811,0.8603648781776428,0.13288264141146178,0.2666611070341653,3.7379058400308143,0.5568323135375977,0.8898055851459503,0.0029095157717057753,0.0010363798187856517,0.002024544728017661,0.13750942914337877
1781866491.412601,10.917477130889893,dog_in_grass,nonsocial_movie,non_social,296,1,0.41067349773105594,0.46734977669186756,0.43901163721146175,1,0,0.573344761133194,0.8602442383766175,0.13437585975484007,0.2763534241664411,3.780847240593445,0.5566152036190033,0.8870003819465637,0.002813592313502588,9.592345820318713e-05,0.002288195908551689,0.1388486642262979
1781866491.447066,10.951942205429077,dog_in_grass,nonsocial_movie,non_social,297,1,0.3997424745136286,0.49555762812144244,0.44765005131753555,1,0,0.5733360469341278,0.8604720890522003,0.13294322337548115,0.2750119662483869,3.7217423432883847,0.5565139800310135,0.886433869600296,0.0005754845377933841,0.002238107775709204,0.002826303323881684,0.13880124207156805
1781866491.4800708,10.984946966171265,dog_in_grass,nonsocial_movie,non_social,298,1,0.38975642066799526,0.46488848182741704,0.4273224512477062,1,0,0.573392677307129,0.8606439054012298,0.13694235006492872,0.27580203214768884,3.728762632450571,0.5560372024774551,0.8867221772670746,0.0005571697643451094,1.831477344827468e-05,0.0026886405468424615,0.13992581416264266
1781866491.5145721,11.019448280334473,dog_in_grass,nonsocial_movie,non_social,299,1,0.406653624972266,0.4709307655129158,0.4387921952425909,1,0,0.5732978582382202,0.8612355709075927,0.1331323130024113,0.2716936125382906,3.761012167607548,0.5567456632852554,0.8875236809253693,0.001069731195417239,0.0005125614310721296,0.0027492642114011804,0.14012350922113523
1781866491.549746,11.054622173309326,dog_in_grass,nonsocial_movie,non_social,300,1,0.3933169444850423,0.44331319777694633,0.4183150711309943,1,0,0.573576533794403,0.8612222254276276,0.143914300158038,0.273409322573437,3.5334253826904973,0.5560645163059235,0.8869485855102539,0.0008914572025284061,0.00017827399288883295,0.003392277730253464,0.1408820528416521
1781866491.583206,11.088082075119019,dog_in_grass,nonsocial_movie,non_social,301,1,0.42283789131117044,0.46665530134370087,0.44474659632743563,1,0,0.5734922468662262,0.862238770723343,0.13413520552137126,0.27242136600948663,3.041576579452126,0.5568313747644424,0.8882972896099091,0.0015514749897528872,0.0006600177872244812,0.00325609074420982,0.1397511644054214
1781866491.618241,11.123117208480835,dog_in_grass,nonsocial_movie,non_social,302,1,0.4050856258129765,0.4693685268557236,0.4372270763343501,1,0,0.5734131395816803,0.8618686556816102,0.13925207838021283,0.2746821957620235,3.2342480427912568,0.5560371279716492,0.8866599202156067,0.0018198369435915146,0.0002683619538386274,0.003592814266161681,0.14059042233707922
1781866491.652121,11.156997203826904,dog_in_grass,nonsocial_movie,non_social,303,1,0.40524791680384104,0.4797296330968932,0.4424887749503671,1,0,0.5731233954429626,0.861801552772522,0.13501670508082317,0.26915734546479647,3.2472464128840115,0.5564091205596924,0.8889385461807251,0.0023087907602186227,0.000488953816627108,0.003715479911969387,0.1413518621589703
1781866491.688104,11.19298005104065,dog_in_grass,nonsocial_movie,non_social,304,1,0.4079833986331146,0.4453774296173021,0.42668041412520835,1,0,0.5733225584030152,0.861982136964798,0.1389584366112412,0.2708055781120689,3.0628549623811816,0.5561505705118179,0.8884303867816925,0.0005701527006697825,0.00173863805954884,0.0032814625733211533,0.14127567504436758
1781866491.721568,11.226444244384766,dog_in_grass,nonsocial_movie,non_social,305,1,0.39907893392645455,0.45421014919363045,0.4266445415600425,1,0,0.5734916448593139,0.8624466538429261,0.13546683576461188,0.26883826345885137,3.14211653056564,0.5566578358411789,0.8900614380836487,0.0017081119588553393,0.0011379592581855567,0.004083170620683446,0.14191648684874064
1781866491.75574,11.260616064071655,dog_in_grass,nonsocial_movie,non_social,306,1,0.38801099548842255,0.46017342450182586,0.4240922099951242,1,0,0.5736416757106781,0.8624225795269013,0.13888067906555168,0.2695133988112555,3.53515380579915,0.5562268495559692,0.8898003995418549,0.0005038752805413899,0.0012042366783139493,0.004548971701033016,0.14196285361060576
1781866491.790724,11.295600175857544,dog_in_grass,nonsocial_movie,non_social,307,1,0.39636771083902905,0.4648055988420368,0.43058665484053293,1,0,0.5735270202159881,0.8629051923751831,0.13240139835442022,0.2680857416801098,3.391487504666244,0.5564936250448227,0.8900034129619598,0.0003352366480498828,0.00016863863249150712,0.003386319930338927,0.14203237138753103
1781866491.825168,11.330044031143188,dog_in_grass,nonsocial_movie,non_social,308,1,0.41488945620901907,0.4689112787078601,0.4419003674584396,1,0,0.5735759139060974,0.8629741370677948,0.1322342506194277,0.2710566312283605,3.1061965815825916,0.5560557246208191,0.8898467123508453,0.00046509339155291376,0.00012985674350303098,0.004558578862918388,0.14141405376570673
1781866491.8596082,11.364484310150146,dog_in_grass,nonsocial_movie,non_social,309,1,0.4062103711613257,0.4666668218980486,0.43643859652968714,1,0,0.5734381020069121,0.8630948603153229,0.13499515266016177,0.27359535039382943,2.8520237576005734,0.5563071966171265,0.8888928294181824,0.0009864739297885737,0.0005213805382356599,0.005852190026309607,0.14057302481698333
1781866491.894919,11.399795055389404,dog_in_grass,nonsocial_movie,non_social,310,1,0.4032212716111038,0.46621310035243635,0.4347171859817701,1,0,0.5734871208667756,0.8631571233272552,0.13346532789973584,0.2753074873230995,2.769704913050951,0.5558683276176453,0.8891594707965851,0.0005135208110506601,0.0004729531187379136,0.00605004777835985,0.14001262183944582
1781866491.926754,11.43163013458252,dog_in_grass,nonsocial_movie,non_social,311,1,0.3967057598040755,0.4529875819598797,0.4248466708819776,1,0,0.5734775543212891,0.8631233692169189,0.13456144819097016,0.2764825168915171,2.8832006961212655,0.5559077858924866,0.8884184062480927,0.0007421142907165606,0.00022859347966590056,0.00910923292494945,0.13983434190427377
1781866491.9618828,11.466758966445923,dog_in_grass,nonsocial_movie,non_social,312,1,0.4017453068506492,0.4288332379540046,0.4152892724023269,1,0,0.5735526800155639,0.8636518716812134,0.1367665474490934,0.2778044446205069,2.8970936195531207,0.555520087480545,0.8879387378692627,0.000616759120136331,0.00012535517058022958,0.0055425939569054795,0.14013825522149057
1781866491.997508,11.502384185791016,dog_in_grass,nonsocial_movie,non_social,313,1,0.3828305372903415,0.4509123993514913,0.41687146832091637,1,0,0.5730347454547882,0.8639542698860169,0.12966910346500993,0.27522111790545334,3.059574648477998,0.5561780333518982,0.8914174139499664,0.00354035027138431,0.0029235911512479787,0.0054960286818903645,0.1387985430566555
1781866492.0315268,11.536402940750122,dog_in_grass,nonsocial_movie,non_social,314,1,0.37996649766610746,0.44712703999611986,0.41354676883111363,1,0,0.5730852961540223,0.8643677651882171,0.13288241196887754,0.27980134513305677,2.9150091696948723,0.5561915934085846,0.8896990418434143,0.0017184256084316605,0.0018219246629526493,0.0033299407834521165,0.14045868280570958
1781866492.0654368,11.570312976837158,dog_in_grass,nonsocial_movie,non_social,315,1,0.38863764808820034,0.43839349334570676,0.41351557071695355,1,0,0.5729277670383452,0.864885413646698,0.13683629818192922,0.2797439190447445,3.012024302772253,0.5557110160589218,0.8901337683200836,0.0006480290877161427,0.001070396520715518,0.001955877439567019,0.14061373974087635
1781866492.099827,11.604703187942505,dog_in_grass,nonsocial_movie,non_social,316,1,0.39914786329590984,0.4382721440699032,0.41871000368290656,1,0,0.5730955243110657,0.865203320980072,0.13532339375117136,0.2798829644094449,3.1350380627875087,0.5564228594303131,0.8902070224285126,0.0007156026479796229,6.757356026348027e-05,0.002469541284927916,0.1408642510740431
1781866492.136153,11.641029119491577,dog_in_grass,nonsocial_movie,non_social,317,1,0.39441829574478654,0.4329459975731935,0.41368214665899006,1,0,0.573253083229065,0.8657953798770905,0.1355130124141411,0.2766594696457266,3.0377365004190025,0.5563184767961502,0.892290860414505,0.002086450691049223,0.0013708480430696002,0.0020258275708671353,0.14112803670914736
1781866492.1684248,11.673300981521606,dog_in_grass,nonsocial_movie,non_social,318,1,0.3672179514178977,0.35893858544408863,0.36307826843099317,1,0,0.5727367639541626,0.8671933948993683,0.1298501279030474,0.2812571181332927,2.828505763131463,0.5570685863494873,0.8904259204864502,0.0020101406113157004,7.631007973352274e-05,0.004001545263252273,0.14778211028018384
1781866492.2051158,11.709991931915283,dog_in_grass,nonsocial_movie,non_social,319,1,0.1298847362753966,0.16768232214544282,0.1487835292104197,0,1,0.5720542728900909,0.8716838896274566,0.13531839430342327,0.2826478260438429,3.664767475937916,0.555993840098381,0.8890420496463776,0.00175219234282949,0.0002579482684862105,0.006311999397693258,0.1739734615510723
1781866492.2386901,11.743566274642944,dog_in_grass,nonsocial_movie,non_social,320,1,0.134920792377027,0.202765443841908,0.1688431181094675,0,1,0.5725559592247009,0.8704288482666016,0.13612209462339886,0.2828528943781873,3.7029315879051268,0.5558860749006271,0.8873324990272522,0.0017129438569897326,3.924848583975729e-05,0.00667546646950775,0.17080437349011346
1781866492.27204,11.776916027069092,dog_in_grass,nonsocial_movie,non_social,321,1,0.26323051653397594,0.30472874840736225,0.2839796324706691,1,0,0.5737940788269043,0.8683783292770386,0.13912024624322739,0.28208219731467044,3.1478113186240377,0.5563226044178009,0.8865512013435364,0.0008949771449281083,0.0008179667120616243,0.007970019979918306,0.15884338834025571
1781866492.30637,11.811246156692505,dog_in_grass,nonsocial_movie,non_social,322,1,0.28864281037803646,0.3678832497466267,0.3282630300623316,1,0,0.5744374692440033,0.8675811767578125,0.13399947405273926,0.2873458112654906,3.3447345012466325,0.5566436499357224,0.8862714469432831,0.0004258318318756031,0.00046914531305250516,0.00759167161778795,0.1526474113460338
1781866492.3420942,11.846970319747925,dog_in_grass,nonsocial_movie,non_social,323,1,0.32873766318279163,0.3881589017532045,0.3584482824679981,1,0,0.5745450019836426,0.8677935540676116,0.1316611021706992,0.2867765008568063,2.7403589451138206,0.5566858053207397,0.8867512047290802,0.00048160628060576544,5.577444873016232e-05,0.005008686603572348,0.1494366228117935
1781866492.3738601,11.8787362575531,dog_in_grass,nonsocial_movie,non_social,324,1,0.30874507329848044,0.41110588427123507,0.35992547878485776,1,0,0.5745487332344055,0.8674634218215942,0.13704488611266902,0.28949071981317603,3.0746122099228117,0.5564671158790588,0.8870069980621338,0.00033653424957553964,0.0001450720310302258,0.004470731316562155,0.14725140146189628
1781866492.40993,11.914806127548218,dog_in_grass,nonsocial_movie,non_social,325,1,0.34134359046125684,0.4352973912031384,0.3883204908321976,1,0,0.574389499425888,0.8671920955181122,0.13261613296300548,0.28811714967016533,2.59924149470335,0.5566966235637665,0.8877308070659637,0.0007593242070190937,0.0004227899574435541,0.006500743475698695,0.14553568534682818
1781866492.4433339,11.948210000991821,dog_in_grass,nonsocial_movie,non_social,326,1,0.3501389097850528,0.43687594425934284,0.3935074270221978,1,0,0.5744801700115204,0.8670976459980011,0.1342225156162894,0.2839480030648516,2.5523315184483124,0.5568800568580627,0.8889891505241394,0.0012716430443288152,0.0005123188373097214,0.009614040337363076,0.14427435281220335
1781866492.4788458,11.98372197151184,dog_in_grass,nonsocial_movie,non_social,327,1,0.3653485656455985,0.4442774004709563,0.4048129830582774,1,0,0.5748014807701111,0.8674219906330108,0.1356578828446159,0.28238123781047375,2.3257415587920023,0.5573846995830536,0.8902684152126312,0.0013752026843735661,0.00010355964004475095,0.010148836052284272,0.14341233550697274
1781866492.5126662,12.017542362213135,dog_in_grass,nonsocial_movie,non_social,328,1,0.37828169984026644,0.44013797876380584,0.40920983930203614,1,0,0.575049376487732,0.8678071737289429,0.1375833992727206,0.28457437704007704,2.541488329473667,0.5575913637876511,0.8895508348941803,0.0007467473514449456,0.0006284553329286205,0.00888610740655229,0.14332841847824335
1781866492.548159,12.053035020828247,dog_in_grass,nonsocial_movie,non_social,329,1,0.3742677636206619,0.4180676804299447,0.39616772202530326,1,0,0.574990737438202,0.8680003046989441,0.14030242344428429,0.2878460949923081,2.3378372176706392,0.5574668943881989,0.8887631595134735,0.0007974491436897877,5.0701792244842105e-05,0.009208030875626797,0.14360007283992038
1781866492.581762,12.08663821220398,dog_in_grass,nonsocial_movie,non_social,330,1,0.3756670105652425,0.4255075720678697,0.4005872913165561,1,0,0.5750946462154388,0.8684513032436371,0.14306110128490634,0.28727991298531275,2.107136146429694,0.5574665367603302,0.888091117143631,0.0006720424649984965,0.0001254066786912912,0.008503924243139603,0.14356354783292632
1781866492.616524,12.121400117874146,dog_in_grass,nonsocial_movie,non_social,331,1,0.37856385754484345,0.43927463772797876,0.4089192476364111,1,0,0.5751020848751068,0.8688081681728363,0.14785334169779762,0.29073435515452545,2.589261461415178,0.55693519115448,0.8865277767181396,0.001651169718360823,0.0009791272533623266,0.008022870854495464,0.1430978543604048
1781866492.650196,12.155072212219238,dog_in_grass,nonsocial_movie,non_social,332,1,0.39488318163069647,0.4457592396653053,0.4203212106480009,1,0,0.5751150667667388,0.8687257468700409,0.14095793468791432,0.300517330147602,2.1808990918936884,0.5576212108135223,0.8825174868106842,0.004068543733872304,0.002417374015511481,0.008712060330640072,0.14250058218995643
1781866492.685819,12.19069504737854,dog_in_grass,nonsocial_movie,non_social,333,1,0.38710184602114545,0.4376778053991651,0.41238982571015526,1,0,0.5752599477767943,0.8692678868770599,0.145821132678482,0.29355373890687975,2.7376480314873946,0.5577078610658646,0.885275274515152,0.0027591486529624683,0.0013093950809098358,0.00800644812289186,0.14199170853718324
1781866492.719341,12.224217176437378,dog_in_grass,nonsocial_movie,non_social,334,1,0.3805821695627181,0.4344092873120829,0.4074957284374005,1,0,0.5751023828983306,0.8697389662265778,0.1441881459224584,0.29357238356970305,2.6844800683462084,0.5572951287031174,0.8864250779151917,0.0012216365506981493,0.001537512102264319,0.0065464934175369915,0.14365256848712973
1781866492.754505,12.25938105583191,dog_in_grass,nonsocial_movie,non_social,335,1,0.38217866866357625,0.4260645914549535,0.4041216300592649,1,0,0.5747632682323456,0.8693596363067626,0.14523343226764815,0.2938465791066964,1.9558483782459126,0.5573098808526993,0.888055145740509,0.0016301345775892948,0.00040849802689114554,0.007303116488009281,0.14290400546095508
1781866492.7892869,12.29416298866272,dog_in_grass,nonsocial_movie,non_social,336,1,0.38607828952785955,0.42586690057771276,0.40597259505278616,1,0,0.5747988522052765,0.8701623678207397,0.14220203912669616,0.2933821226207128,1.9086719906758767,0.5572285503149033,0.8876409530639648,0.0004221021555038892,0.0012080324220854056,0.004471502735486324,0.14302467720286682
1781866492.823444,12.328320026397705,dog_in_grass,nonsocial_movie,non_social,337,1,0.39373127107156575,0.4213922974502381,0.40756178426090195,1,0,0.5749436438083648,0.8706895291805268,0.14408543118641176,0.2943511814185506,1.7578955390476874,0.5572904497385025,0.8880087435245514,0.00037296294928636486,4.913920621752436e-05,0.004927840337956616,0.14303841234768852
1781866492.857352,12.362228155136108,dog_in_grass,nonsocial_movie,non_social,338,1,0.38961990926325063,0.43312581456873345,0.41137286191599204,1,0,0.574803638458252,0.8708408892154693,0.13717588259529082,0.2937954894399821,1.4188295740769883,0.5573753267526627,0.8885204493999481,0.0005186974170441526,0.00014573446775778776,0.00237627082392966,0.14242705425665234
1781866492.893075,12.397951126098633,dog_in_grass,nonsocial_movie,non_social,339,1,0.3758354490447259,0.4353140550729416,0.40557475205883375,1,0,0.574661809206009,0.8711243510246277,0.14125067411580675,0.29364458438626106,1.919229529722781,0.5571107566356659,0.8894763588905334,0.0009918469140944995,0.0004731494970503469,0.002731967686930163,0.14380930442699796
1781866492.9253938,12.430269956588745,dog_in_grass,nonsocial_movie,non_social,340,1,0.38506021077933633,0.4298585424839923,0.4074593766316643,1,0,0.5747393786907196,0.8716029405593873,0.13793824406492297,0.29396780020179136,2.0905823783125905,0.5583301782608032,0.8885138928890228,0.0015534895892526624,0.0005616426751581629,0.0030862671820937053,0.14338074150250962
1781866492.959771,12.464647054672241,dog_in_grass,nonsocial_movie,non_social,341,1,0.4093441267101462,0.4411141126711146,0.4252291196906304,1,0,0.5748905062675476,0.8720269143581391,0.14267995769842706,0.30383747546968803,1.4614199372805043,0.5571223944425583,0.886244535446167,0.0025707440469754056,0.0010172544577227432,0.0034097904028739206,0.14270045130488612
1781866492.996419,12.50129508972168,dog_in_grass,nonsocial_movie,non_social,342,1,0.39437758498270054,0.44466877304565144,0.419523179014176,1,0,0.5749191999435425,0.872563898563385,0.13579318505079452,0.2999073428390869,1.7788161607265296,0.557828962802887,0.8893950581550598,0.0032287818425943424,0.0006580377956189368,0.00399110988360942,0.14200881386954214
1781866493.028335,12.53321123123169,dog_in_grass,nonsocial_movie,non_social,343,1,0.40919598040270677,0.44735487421994186,0.4282754273113243,1,0,0.574721771478653,0.8720671653747558,0.14748486121973506,0.2959829634729199,1.8129625117759685,0.5565672516822815,0.8901332318782806,0.0014617850038611024,0.00176699683873324,0.0031161398753642927,0.14198883355717093
1781866493.063891,12.568767070770264,dog_in_grass,nonsocial_movie,non_social,344,1,0.40932422491165477,0.4395518213353188,0.4244380231234868,1,0,0.5745754420757294,0.8726250767707825,0.13413875059338556,0.2972833276569045,1.695855728789267,0.5577967017889023,0.8881689608097076,0.002317306280037832,0.0008555212761767299,0.003914906279299379,0.14154944820737203
1781866493.098936,12.603812217712402,dog_in_grass,nonsocial_movie,non_social,345,1,0.42580873538048664,0.4299696057571113,0.42788917056879894,1,0,0.574304497241974,0.873085218667984,0.13935686861901703,0.30156110074506615,1.5310556358573266,0.556930273771286,0.888447493314743,0.0009100977233636827,0.0014072085566741496,0.0038434490770236666,0.14182246231158444
1781866493.1338618,12.638737916946411,dog_in_grass,nonsocial_movie,non_social,346,1,0.39942258145265674,0.4019916806284525,0.4007071310405546,1,0,0.5743635594844818,0.8736467897891997,0.14026472787014466,0.30050666519747327,1.227027748560038,0.5565852224826813,0.8892155587673187,0.0008420124293667396,6.808529399694307e-05,0.0025136686817421117,0.14362582612546035
1781866493.167059,12.671935081481934,dog_in_grass,nonsocial_movie,non_social,347,1,0.4091292136874049,0.4197644627135406,0.4144468382004728,1,0,0.5742206335067749,0.8742108345031738,0.13463295098032985,0.3021414019228667,1.2997097963127404,0.5567209720611572,0.8903988301753998,0.0011910328178679716,0.00034902038850123196,0.0033275745321874745,0.1416532743478526
1781866493.201353,12.706229209899902,dog_in_grass,nonsocial_movie,non_social,348,1,0.41606048172386045,0.4059743713341107,0.41101742652898554,1,0,0.5738229215145112,0.8739704549312591,0.13677155834827884,0.2994700323498875,0.6611911591107947,0.5559932589530945,0.890337735414505,0.0007302731937125509,0.00046075962415542064,0.0033622947104792206,0.14242657061519573
1781866493.238045,12.742921113967896,dog_in_grass,nonsocial_movie,non_social,349,1,0.3969136818561516,0.42469575147866323,0.4108047166674074,1,0,0.5734448790550232,0.8738397717475892,0.1378713417593536,0.2990683702870146,0.8071040534330305,0.5557379275560379,0.8914249241352081,0.0011167691958264977,0.0003864960021139468,0.002526637306012943,0.14123645244689423
1781866493.27052,12.77539610862732,dog_in_grass,nonsocial_movie,non_social,350,1,0.40264784222371464,0.4436768850089759,0.4231623636163453,1,0,0.5733760237693787,0.8736771881580352,0.13945555081495434,0.2977602821508908,1.2870317976170065,0.5556195676326752,0.8903078734874725,0.0011233037082930624,6.534512466564724e-06,0.0040478817299938975,0.1411467759870253
1781866493.3056252,12.810501337051392,dog_in_grass,nonsocial_movie,non_social,351,1,0.4117250991503627,0.4290106388814933,0.42036786901592804,1,0,0.5732425034046174,0.8738579273223877,0.13289337529169132,0.2934086097733196,1.4022749900332594,0.5565054714679718,0.8925874829292297,0.0024456992481378128,0.0013223955398447504,0.0027332575675781635,0.14083343388376418
1781866493.341001,12.845877170562744,dog_in_grass,nonsocial_movie,non_social,352,1,0.4133443642621388,0.4274874567804601,0.42041591052129945,1,0,0.573136955499649,0.8737358391284943,0.1385029003554523,0.2948526816092272,1.2926362292935474,0.5553684830665588,0.894146203994751,0.0019293402978861137,0.0005163589502516991,0.0031091851219100584,0.14075880571640983
1781866493.373069,12.877945184707642,dog_in_grass,nonsocial_movie,non_social,353,1,0.38321703952604375,0.4433193614620631,0.41326820049405344,1,0,0.5729844152927399,0.8737972915172577,0.14319036573584543,0.2892068538217847,1.327150106196033,0.5550023317337036,0.8949685096740723,0.0009001407827643986,0.001029199515121715,0.0021644505913555713,0.14217820039664095
1781866493.4090502,12.913926362991333,dog_in_grass,nonsocial_movie,non_social,354,1,0.4126262843758749,0.4215545063329025,0.4170903953543887,1,0,0.5735436975955963,0.8735074639320373,0.13515504676266335,0.2918321850405683,0.6650776063299914,0.5559000372886658,0.8914932012557983,0.003589379314802983,0.0026892385320385842,0.0017452730412846316,0.14113201085434895
1781866493.443895,12.948771238327026,dog_in_grass,nonsocial_movie,non_social,355,1,0.42448240672264925,0.42294873507291175,0.4237155708977805,1,0,0.5739941298961639,0.8734638631343841,0.13374397124116175,0.29025851096874894,1.1172907940626835,0.5566124767065048,0.8928014039993286,0.0014896188580542941,0.0020997604567486888,0.0034065663797883234,0.14108021074671484
1781866493.478103,12.98297905921936,dog_in_grass,nonsocial_movie,non_social,356,1,0.40404694013862547,0.441181260336875,0.42261410023775026,1,0,0.5741234421730042,0.8728557050228118,0.14194683672918723,0.29697771354461033,1.117101498807243,0.5558433830738068,0.8909447491168976,0.002009644836360813,0.000520025978306519,0.0017364398235776028,0.14125682698293468
1781866493.5109131,13.015789270401001,dog_in_grass,nonsocial_movie,non_social,357,1,0.4134049765543565,0.45027010564561026,0.4318375410999834,1,0,0.574186372756958,0.8734621644020081,0.13661853694626597,0.29620081001620774,1.0256428692040886,0.5568238496780396,0.8910429179668427,0.0009853689081330463,0.0010242759282277668,0.0032958398358889666,0.1411381079674704
1781866493.5470662,13.051942348480225,dog_in_grass,nonsocial_movie,non_social,358,1,0.41425155846466927,0.4531604647591975,0.4337060116119334,1,0,0.5743982911109924,0.8731300950050354,0.14209911729174068,0.2999008076927725,1.3290435112704968,0.5565263777971268,0.8909313082695007,0.00031772038725039724,0.0006676485208826491,0.002013894634110003,0.14067210751173606
1781866493.581513,13.086389064788818,dog_in_grass,nonsocial_movie,non_social,359,1,0.42304526399917114,0.4608829902636864,0.44196412713142874,1,0,0.5743939757347107,0.873287296295166,0.13860413075445666,0.29935974479672556,1.2946185386399416,0.5564865469932556,0.8909333050251007,3.988082208215413e-05,0.0002778395651682431,0.0032769852462108816,0.13919917385692743
1781866493.615171,13.120047092437744,dog_in_grass,nonsocial_movie,non_social,360,1,0.4189950433047098,0.44777226285803295,0.4333836530813714,1,0,0.5742588043212891,0.8732356548309326,0.13815248822540263,0.29632681910267644,0.9394736654857441,0.5559834837913513,0.8919797837734222,0.0011611159958414172,0.0011212351737592632,0.0029867717515110353,0.14043322042043185
1781866493.6500638,13.154939889907837,dog_in_grass,nonsocial_movie,non_social,361,1,0.4169483934246528,0.46250381386338774,0.43972610364402026,1,0,0.5741735935211181,0.8733702600002289,0.1358523286387367,0.29845441917680926,1.192771779392017,0.5558039546012878,0.8906732201576233,0.0013188401010791545,0.0001577241052377373,0.00250124326496813,0.13982355580149872
1781866493.684046,13.18892216682434,dog_in_grass,nonsocial_movie,non_social,362,1,0.405507699783248,0.452459302061091,0.4289835009221695,1,0,0.5740941524505616,0.8730071365833283,0.1372550212991122,0.29694242895023115,1.171145572568157,0.5557677298784256,0.8907535672187805,8.813558182169936e-05,0.0012307045192574552,0.0029459418303142177,0.14084925169960122
1781866493.718912,13.223788022994995,dog_in_grass,nonsocial_movie,non_social,363,1,0.4073942715075812,0.4440954585282849,0.42574486501793307,1,0,0.5744713842868805,0.8730305910110474,0.13388210556400754,0.2987566033499841,1.2514340279846699,0.5563297718763351,0.8900741636753082,0.0008817484801783657,0.0007936128983566664,0.003198271128072117,0.1410123936339399
1781866493.752966,13.257842063903809,dog_in_grass,nonsocial_movie,non_social,364,1,0.4116917005926783,0.4387343917728316,0.4252130461827549,1,0,0.5746232688426971,0.872948431968689,0.13448502125153178,0.29871756380826736,1.058899008718027,0.5562381744384766,0.8901239335536957,0.00010424553427825284,0.0007775029459001129,0.0018369145440992227,0.14120353742546465
1781866493.789218,13.29409408569336,dog_in_grass,nonsocial_movie,non_social,365,1,0.399771951668585,0.44737277615868715,0.42357236391363606,1,0,0.5746480524539948,0.872759860754013,0.13571381846533478,0.29731377152071764,1.2032648611103136,0.5565145313739777,0.8920728266239166,0.0019683895333380504,0.0018641439990597975,0.00279459810855749,0.14009538127411342
1781866493.8218849,13.32676100730896,dog_in_grass,nonsocial_movie,non_social,366,1,0.40626433349296354,0.4330045726566235,0.4196344530747935,1,0,0.5748148322105409,0.8728526413440705,0.13742666740312864,0.29458923199180836,1.629325151416508,0.5562608242034912,0.8936194181442261,0.0015672627919558772,0.00040112674138217323,0.002913406624298054,0.14066266501614577
1781866493.8564339,13.361310005187988,dog_in_grass,nonsocial_movie,non_social,367,1,0.40176802127643246,0.4596651961890919,0.4307166087327622,1,0,0.5745538771152496,0.872960901260376,0.13908961578807277,0.29393146944096593,1.8913916092360783,0.556007981300354,0.8930515348911285,0.0006216276400028309,0.0009456351519530463,0.002795279267003743,0.1409620797854638
1781866493.892213,13.39708924293518,dog_in_grass,nonsocial_movie,non_social,368,1,0.39576989625328834,0.4574997165750177,0.426634806414153,1,0,0.5745807886123657,0.8727871954441071,0.14008625287243412,0.2887730223593022,1.504994655574776,0.55644890666008,0.8933865129947662,0.0005537377563126492,6.78898836901817e-05,0.004878143474523473,0.1411157327851038
1781866493.9254222,13.430298328399658,dog_in_grass,nonsocial_movie,non_social,369,1,0.4077598874682724,0.4505122478862218,0.4291360676772471,1,0,0.574665904045105,0.8729559302330017,0.1414277548545527,0.29126461539444376,1.675580310501596,0.5560477524995804,0.8936781883239746,0.0004959830220430235,5.775473426962571e-05,0.003410721057625986,0.14071833561852445
1781866493.959363,13.464239120483398,dog_in_grass,nonsocial_movie,non_social,370,1,0.4045990849380943,0.4496742657166094,0.4271366753273519,1,0,0.5745631277561187,0.8731587529182434,0.14057156758079828,0.2918722576290867,1.812985851861987,0.5560120046138763,0.8925088047981262,0.001169929802106912,0.0006739467800638885,0.004670183484184093,0.1414040789998073
1781866493.99648,13.50135612487793,dog_in_grass,nonsocial_movie,non_social,371,1,0.4033370294265357,0.4599983024019158,0.4316676659142258,1,0,0.5744288742542267,0.8729317486286163,0.13804417690930024,0.2933319498069825,1.818555517642523,0.5559296309947968,0.8921356499195099,0.00038213868759318206,0.00078779111451373,0.004034842916269775,0.14056750497875367
1781866494.028683,13.533559083938599,dog_in_grass,nonsocial_movie,non_social,372,1,0.41004761716358995,0.45452194127979356,0.43228477922169173,1,0,0.574055016040802,0.872531944513321,0.13594465215671778,0.29585309585899605,1.7463145310395856,0.5561780333518982,0.8911848664283752,0.0009826967884488747,0.0006005581008556927,0.002381679922234866,0.14042988024093905
1781866494.063112,13.567988157272339,dog_in_grass,nonsocial_movie,non_social,373,1,0.40771691251573916,0.4636301931859519,0.4356735528508455,1,0,0.5741674840450287,0.872677606344223,0.13990656899748394,0.2955099684318049,1.730332263206465,0.555632159113884,0.8914148509502411,0.0005923441263534803,0.0003903526620953944,0.0026765417114495748,0.14054786156634394
1781866494.097558,13.602434158325195,dog_in_grass,nonsocial_movie,non_social,374,1,0.39650482391830505,0.4530272352165296,0.4247660295674173,1,0,0.5741307675838471,0.8732019007205962,0.1365135546974708,0.29524162272098925,1.7186328754785027,0.5563957542181015,0.8899345099925995,0.0016656790909584695,0.0010733349646049892,0.0036644995014561243,0.14178796859377046
1781866494.130259,13.635135173797607,dog_in_grass,nonsocial_movie,non_social,375,1,0.42519845203777695,0.4605318861620971,0.442865169099937,1,0,0.5742031276226044,0.8729828596115112,0.13712522348374445,0.3014424673811364,1.4034835978852525,0.5558711588382721,0.888209730386734,0.0018027936657720525,0.00013711457481358305,0.0035633012686615067,0.1398380794018202
1781866494.1647518,13.669627904891968,dog_in_grass,nonsocial_movie,non_social,376,1,0.4197251484855777,0.46768797964917014,0.4437065640673739,1,0,0.5742443680763245,0.8733297646045686,0.1357354421260422,0.30126424001767926,1.5444303840626643,0.5561974346637726,0.8900342583656311,0.001853471947477043,5.067828170499046e-05,0.003913397153947848,0.13861003589670567
1781866494.200962,13.705838203430176,dog_in_grass,nonsocial_movie,non_social,377,1,0.40725890330008757,0.46390745407640843,0.43558317868824803,1,0,0.5742535591125488,0.8730463266372681,0.140748670794505,0.30206770784212533,1.440739791281026,0.5555489510297775,0.8893726170063019,0.0009264449859190003,0.0009270269615580427,0.0033477999694391195,0.13986520753198975
1781866494.23661,13.741486072540283,dog_in_grass,nonsocial_movie,non_social,378,1,0.41594310086318,0.4542979263850176,0.43512051362409876,1,0,0.5740640759468079,0.873700225353241,0.13669757751564945,0.29802025937675874,1.9136688919901883,0.5556486397981644,0.8889424204826355,0.0004415958554120781,0.0004848491305069222,0.005107121705603226,0.14115369088573507
1781866494.269939,13.774815082550049,dog_in_grass,nonsocial_movie,non_social,379,1,0.4099539322379497,0.46147155889317615,0.43571274556556294,1,0,0.5740868926048279,0.8732686460018158,0.14129920045153443,0.30152846456414256,1.7182217777974755,0.5554141998291016,0.8881864547729492,0.0007914835774137382,0.00034988772200166007,0.0032083126234654534,0.14107203603265844
1781866494.3041222,13.808998346328735,dog_in_grass,nonsocial_movie,non_social,380,1,0.4076116354457353,0.45401620040769314,0.4308139179267142,1,0,0.574050521850586,0.8732915639877319,0.13205201682037893,0.29830881840996815,1.761981892320581,0.556660071015358,0.8889429569244385,0.0014575632123348295,0.0006660796349210913,0.003413438731655599,0.13945014517264734
1781866494.3378549,13.84273099899292,dog_in_grass,nonsocial_movie,non_social,381,1,0.3765406852539737,0.44741520519846245,0.4119779452262181,1,0,0.5741164743900299,0.8739421963691711,0.13747122673008688,0.2980712238611436,1.4422599701425987,0.5554620921611786,0.8907069563865662,0.002132333800662483,0.0006747705883276536,0.0030832978574124883,0.14293824886541842
1781866494.372787,13.877663135528564,dog_in_grass,nonsocial_movie,non_social,382,1,0.0751575565766797,0.1552675709789465,0.11521256377781311,0,1,0.5707536339759827,0.8811580300331117,0.12842222810258014,0.2905123806393724,3.765144696585303,0.5552376955747604,0.8940538763999939,0.0033544339916413953,0.0012221001909789122,0.003361907443003128,0.18281551524661763
1781866494.4068532,13.911729335784912,dog_in_grass,nonsocial_movie,non_social,383,1,0.061246960630645345,0.13841760052575441,0.09983228057819987,0,1,0.5694935023784637,0.8805852353572845,0.12333239012256524,0.28705324262742354,2.712107471926564,0.5556671917438507,0.895173579454422,0.0011992505532034733,0.002155183438437922,0.003094298511631074,0.1828856147561529
1781866494.44304,13.947916030883789,dog_in_grass,nonsocial_movie,non_social,384,1,0.09108945355444087,0.2129597079720638,0.15202458076325231,0,1,0.570543396472931,0.8789293766021729,0.12264281551928607,0.2876389100485645,3.3118979962147037,0.5561897456645966,0.8972465693950653,0.00213783766785395,0.0009385871146504769,0.0026374895491111192,0.1733392921467623
1781866494.476521,13.981397151947021,dog_in_grass,nonsocial_movie,non_social,385,1,0.1879410741905483,0.24916850167318824,0.21855478793186828,1,0,0.5707253575325012,0.8770904123783112,0.12275412159272958,0.2911327501786191,2.7779983008951508,0.555939108133316,0.8952223658561707,0.0020396615255870347,9.817614226691543e-05,0.0028688713464802107,0.16511616403913162
1781866494.5087512,14.013627290725708,dog_in_grass,nonsocial_movie,non_social,386,1,0.24811308528457277,0.3186496217480745,0.28338135351632365,1,0,0.5702020227909088,0.8764081537723541,0.12843187838142744,0.29072969976783253,2.730209106227651,0.555356577038765,0.8962596654891968,0.0011896776894583744,0.0008499838361286604,0.004890124648264507,0.15532210564231946
1781866494.543587,14.048463106155396,dog_in_grass,nonsocial_movie,non_social,387,1,0.2996388718541668,0.3671080455439579,0.3333734586990623,1,0,0.5706169009208679,0.8748765826225281,0.12992107159033464,0.29400857759362176,1.6321334691896547,0.5546286404132843,0.8949466645717621,0.0015012871610389875,0.0003116094715806131,0.005222038475243116,0.15014610603440354
1781866494.580354,14.085230112075806,dog_in_grass,nonsocial_movie,non_social,388,1,0.33419679266066615,0.40466217929312603,0.36942948597689607,1,0,0.5707672417163849,0.8742716848850249,0.12880930601792792,0.29435237776829254,1.6017302670738114,0.5544002652168274,0.895442545413971,0.0005459423413021767,0.0009553448197368108,0.0029844091939795776,0.1467113374762785
1781866494.6139278,14.118803977966309,dog_in_grass,nonsocial_movie,non_social,389,1,0.3500902882094558,0.4112706785729429,0.38068048339119936,1,0,0.5707011580467224,0.8737423956394196,0.13109542507347283,0.2975998580524359,1.6639356344817697,0.5541129857301712,0.8920001089572906,0.003454402735891553,0.0029084603945893762,0.0030109586043690446,0.14466530554406692
1781866494.6471329,14.152009010314941,dog_in_grass,nonsocial_movie,non_social,390,1,0.35586993868549166,0.43129560782955906,0.39358277325752533,1,0,0.570407110452652,0.8734769582748414,0.13222870829734365,0.2973321531523896,2.076589731880931,0.5540392994880676,0.8917040228843689,0.0003051173951999009,0.0031492853406916523,0.003295286277314998,0.1443390319478058
1781866494.6813061,14.186182260513306,dog_in_grass,nonsocial_movie,non_social,391,1,0.37033416764189897,0.42988452473414773,0.40010934618802335,1,0,0.5702919244766236,0.8738196790218353,0.13299538587445195,0.29264333484331156,2.1285494729174754,0.5541594922542572,0.8926661610603333,0.0009696165070234308,0.0006644991118235299,0.0035469790005003307,0.14372397302390277
1781866494.716575,14.221451044082642,dog_in_grass,nonsocial_movie,non_social,392,1,0.3845314504983096,0.40705310308887205,0.39579227679359086,1,0,0.5701298832893371,0.8737246811389923,0.13978003786716467,0.29738461996352206,1.874712327953494,0.5534583032131195,0.8918703198432922,0.0010606739905140153,9.105748349058445e-05,0.004243641914942554,0.14425258927967133
1781866494.7499478,14.254823923110962,dog_in_grass,nonsocial_movie,non_social,393,1,0.38259285468377363,0.4284631596903727,0.40552800718707316,1,0,0.570490688085556,0.8733275055885314,0.1314927629191487,0.297792075063951,1.5017710034084235,0.5541854798793793,0.8903139531612396,0.0017178658716431048,0.0006571918811290895,0.0037250353787306157,0.1438821498669119
1781866494.788685,14.293561220169067,dog_in_grass,nonsocial_movie,non_social,394,1,0.39075892957321273,0.4090096142459065,0.3998842719095596,1,0,0.5706101596355437,0.8733639597892762,0.12727514882862423,0.29807767548936415,1.3480218467390284,0.5546557009220123,0.890669196844101,0.0005893266523311148,0.00112853921931199,0.002550527819835058,0.14274358475262702
1781866494.819579,14.32445502281189,dog_in_grass,nonsocial_movie,non_social,395,1,0.3708642528246888,0.38668289362477065,0.3787735732247297,1,0,0.5709911167621613,0.8730117440223695,0.1372068563959163,0.2953388725012755,1.2630303037666901,0.5539469718933105,0.8922350704669952,0.0017187952289323624,0.0011294685766012474,0.00302644165327889,0.14425623619051797
1781866494.85378,14.358656167984009,dog_in_grass,nonsocial_movie,non_social,396,1,0.3730483748687607,0.4250097321625422,0.39902905351565143,1,0,0.5709310710430145,0.8730963945388794,0.13436612815161159,0.2917247124396614,1.5314821808743406,0.5540899783372879,0.8928788304328918,0.0006594526038391604,0.001059342625093202,0.0037714754977275756,0.1440366903653528
1781866494.887404,14.392280101776123,dog_in_grass,nonsocial_movie,non_social,397,1,0.3832782713486691,0.42436885336455304,0.4038235623566111,1,0,0.5709173023700714,0.872884887456894,0.13447585700447193,0.29038849678245376,0.8121044878513841,0.5541269481182098,0.8933775126934052,0.0005000507590755927,0.00015940184476356768,0.004343977713973709,0.14250227829429604
1781866494.922452,14.427328109741211,dog_in_grass,nonsocial_movie,non_social,398,1,0.3812662117795743,0.4365780986858523,0.4089221552327133,1,0,0.5708268642425538,0.8731779456138611,0.1296909164733455,0.29382233345881875,0.822930558136483,0.5544362664222717,0.8924484848976135,0.0009791682483522282,0.0004791174892766355,0.004508851830589268,0.14213917631255324
1781866494.956463,14.461339235305786,dog_in_grass,nonsocial_movie,non_social,399,1,0.39233991985180716,0.44413065600950613,0.4182352879306567,1,0,0.5706795513629913,0.8732545256614686,0.12460473415831474,0.3005748019355035,0.5162807511693622,0.5543008893728256,0.8906506299972534,0.0018029445882404664,0.0008237763398882382,0.005558877869261078,0.1404778945231398
1781866494.992233,14.497109174728394,dog_in_grass,nonsocial_movie,non_social,400,1,0.3947989800972748,0.42435409184254913,0.40957653596991195,1,0,0.5709528982639313,0.8734701812267304,0.13056698934585217,0.29827384634526627,1.1843019565959878,0.5541398227214813,0.8912355601787567,0.0006067007362849865,0.00119624385195548,0.003225984435531345,0.14175924635184464
1781866495.025393,14.530269145965576,dog_in_grass,nonsocial_movie,non_social,401,1,0.3991727604877336,0.4476801883975777,0.4234264744426557,1,0,0.5710771799087524,0.8735510587692261,0.12744917419815052,0.304060172018752,1.453140876082878,0.5544033348560333,0.8899270594120026,0.0013347707299953622,0.0007280699937103757,0.002728040879601496,0.14031606341443523
1781866495.0601542,14.565030336380005,dog_in_grass,nonsocial_movie,non_social,402,1,0.3960713697733256,0.42795764548868037,0.412014507631003,1,0,0.571256136894226,0.8736940979957581,0.12733102709102126,0.2974516588124174,1.3030863913998725,0.5550837516784668,0.892560601234436,0.002720020143814504,0.0013852494138191416,0.004082632470951749,0.1419238554347963
1781866495.094629,14.599505186080933,dog_in_grass,nonsocial_movie,non_social,403,1,0.41322990162898093,0.4232536312990095,0.41824176646399525,1,0,0.5713550448417664,0.8741113662719726,0.13045575029094747,0.29893529420483794,1.1860468738396512,0.5548488646745682,0.8929522931575775,0.00045672143288304445,0.0022632987109314595,0.004601622424595388,0.14170664324184667
1781866495.129969,14.63484501838684,dog_in_grass,nonsocial_movie,non_social,404,1,0.40497558416207413,0.42265845126729745,0.4138170177146858,1,0,0.5715209186077117,0.8741527438163758,0.13783937898411347,0.2995876336011348,0.9151578253259331,0.5538809895515442,0.8928654193878174,0.0009717660755763364,0.0005150446426932919,0.004895075073322905,0.1412608523450989
1781866495.1646981,14.66957426071167,dog_in_grass,nonsocial_movie,non_social,405,1,0.39227721645022556,0.46554398161042715,0.42891059903032636,1,0,0.5713513493537903,0.8744881510734558,0.13415436959628751,0.29623382802954107,1.1650618402860582,0.5538226366043091,0.8925517797470093,0.0003190217715725067,0.0006527443040038297,0.004217975888970703,0.14110540469952454
1781866495.1993961,14.704272270202637,dog_in_grass,nonsocial_movie,non_social,406,1,0.3952612903367926,0.46602704764532316,0.43064416899105784,1,0,0.5713857173919678,0.8747712433338166,0.1284233014851777,0.29782488238275606,1.2568118711334555,0.5545084178447723,0.8921332955360413,0.000803383435602731,0.00048436166403022435,0.003637302033958308,0.14077253271848675
1781866495.232054,14.736930131912231,dog_in_grass,nonsocial_movie,non_social,407,1,0.41280991763044794,0.44971664784142584,0.4312632827359369,1,0,0.5714359700679779,0.8746239960193634,0.12896031674717365,0.30477076101157874,1.1461789642735893,0.5544139444828033,0.8878137469291687,0.004320581602429977,0.003517198166827246,0.004258870470423832,0.13998697523245768
1781866495.267466,14.772342205047607,dog_in_grass,nonsocial_movie,non_social,408,1,0.4173177069901864,0.44662646649736587,0.43197208674377613,1,0,0.5714139997959138,0.8747500598430633,0.13023463179395994,0.3000008331547386,1.2007461279715106,0.5542568862438202,0.8911846578121185,0.00337456774583384,0.0009460138565961368,0.0028212589713423664,0.1405812360380964
1781866495.300559,14.805435180664062,dog_in_grass,nonsocial_movie,non_social,409,1,0.42768188925617706,0.4435636251891145,0.43562275722264576,1,0,0.5713447630405426,0.874601936340332,0.12488571203615843,0.30192531318925114,1.0259764257247164,0.5548337697982788,0.8899464905261993,0.0013659622481332716,0.0020086054977005684,0.00151958662945366,0.13968471276927705
1781866495.335871,14.840747117996216,dog_in_grass,nonsocial_movie,non_social,410,1,0.41532700486192653,0.43429546218222637,0.42481123352207645,1,0,0.5711824357509613,0.8744637072086334,0.12348416433627851,0.3017612892136101,1.0071811696634951,0.5547735244035721,0.8907749056816101,0.000830602899885146,0.0005353593482481257,0.0019665289196172265,0.13978789175006576
1781866495.371382,14.876258134841919,dog_in_grass,nonsocial_movie,non_social,411,1,0.4000982483789983,0.4290480060502425,0.4145731272146204,1,0,0.5713200032711029,0.8749197781085968,0.1292674401661819,0.30180184751378625,0.9615931425874408,0.554282546043396,0.8914687633514404,0.0008499989506720367,1.9396050786890727e-05,0.0015945189032212817,0.14139750533613216
1781866495.4056818,14.910557985305786,dog_in_grass,nonsocial_movie,non_social,412,1,0.39623474665620284,0.43420652842563007,0.4152206375409164,1,0,0.5712709486484527,0.8748897016048431,0.1307058924282331,0.30473501999966346,1.0387471082806083,0.5541152507066727,0.8907545804977417,0.0007335154246548833,0.00011648352601715335,0.0024125108005385023,0.14151806008686146
1781866495.437807,14.942683219909668,dog_in_grass,nonsocial_movie,non_social,413,1,0.39352485598811876,0.4550930659524762,0.42430896097029747,1,0,0.5714389383792877,0.8746801853179931,0.1299493125641003,0.2988580323779164,0.994081997609179,0.5543896555900574,0.8916919231414795,0.0009766827897504534,0.00024316736509557007,0.004676851208737227,0.14033442078294078
1781866495.474953,14.97982907295227,dog_in_grass,nonsocial_movie,non_social,414,1,0.39299057921824176,0.4358480811891977,0.41441933020371974,1,0,0.571623945236206,0.8748230040073395,0.12994109712627167,0.29667563783223105,0.8048455751703649,0.5546096563339233,0.8923838436603546,0.000726053945476503,0.00025062884427395037,0.005389486477069487,0.14116269615843047
1781866495.509282,15.014158248901367,dog_in_grass,nonsocial_movie,non_social,415,1,0.3925223561188471,0.4284664904477413,0.4104944232832942,1,0,0.5717580080032348,0.8748207688331604,0.133521254125848,0.29754427058447547,0.6296706547527373,0.5544025748968124,0.8939743638038635,0.0016039442161445401,0.0008778902706680371,0.005186363141882981,0.14102101447133364
1781866495.543796,15.048672199249268,dog_in_grass,nonsocial_movie,non_social,416,1,0.3897594781383171,0.44523995676296624,0.4174997174506416,1,0,0.571535313129425,0.8749632477760314,0.1314944118204978,0.2968214245919718,0.44446817255837423,0.5545291751623154,0.8947828412055969,0.0008183296012848364,0.0007856146148597038,0.0034614744615192638,0.14063607573562634
1781866495.5800729,15.084949016571045,dog_in_grass,nonsocial_movie,non_social,417,1,0.38836734066488016,0.44370697695340827,0.4160371588091442,1,0,0.5715263068675995,0.8752574682235718,0.1290533622073461,0.29405880162405174,0.5239805362201454,0.5548730343580246,0.89577516913414,0.001050216103590313,0.00023188650230547667,0.002985207862117133,0.1403484711677912
1781866495.612128,15.117004156112671,dog_in_grass,nonsocial_movie,non_social,418,1,0.3911854108192428,0.433383634878211,0.4122845228487269,1,0,0.5713967323303223,0.8755615949630737,0.1387408621920166,0.2958891414060072,0.6035239275176587,0.5540496557950974,0.8950069546699524,0.0011261020028732799,7.588589928296681e-05,0.0018423299359197468,0.14085240940035695
1781866495.64697,15.151846170425415,dog_in_grass,nonsocial_movie,non_social,419,1,0.39561396187003217,0.4336044663208199,0.41460921409542606,1,0,0.5716339170932769,0.8755927860736847,0.13326449947110816,0.29763511723815317,0.58165551158459,0.5549386292695999,0.8942224085330963,0.0011856586689367886,5.9556666063508706e-05,0.003995350006225776,0.1412007649905969
1781866495.680358,15.185234069824219,dog_in_grass,nonsocial_movie,non_social,420,1,0.4245943318503997,0.4315941114751018,0.42809422166275074,1,0,0.5716230690479278,0.8759198188781738,0.12950099099683243,0.30053292308178176,0.773140951826259,0.5547702759504318,0.8914952278137207,0.002732372140871185,0.0015467134719343966,0.0024070653805886625,0.14071753513237373
1781866495.715946,15.220822095870972,dog_in_grass,nonsocial_movie,non_social,421,1,0.406253520337156,0.41766943138668766,0.41196147586192183,1,0,0.5715675354003906,0.8754964649677277,0.13295751037656334,0.29585775720486446,0.7508667341096471,0.5548552125692368,0.8931092321872711,0.001616237713659065,0.0011161344272121202,0.0021572362025453757,0.14178742259931887
1781866495.74893,15.253806114196777,dog_in_grass,nonsocial_movie,non_social,422,1,0.40150692192550097,0.41488794866047013,0.4081974352929856,1,0,0.571529644727707,0.8751706600189209,0.1360918311935636,0.29979213796805104,0.9923571572669148,0.5547857880592346,0.8918847441673279,0.0012264545134547577,0.0003897832002043072,0.0016039812104808246,0.1412415364999197
1781866495.789516,15.294392108917236,dog_in_grass,nonsocial_movie,non_social,423,1,0.3988229710262764,0.3917775912575385,0.39530028114190746,1,0,0.5713496029376983,0.8753835678100585,0.13648556919922797,0.30021688549000797,0.9282231192399092,0.5546808689832687,0.8928351998329163,0.000956229044084409,0.0002702254693703487,0.002063292373627355,0.1418995047697672
1781866495.8193421,15.324218273162842,dog_in_grass,nonsocial_movie,non_social,424,1,0.3996753792406294,0.41739934327191025,0.4085373612562698,1,0,0.5713063538074493,0.8753338277339935,0.13790272831459413,0.30198208697614337,0.5387446003951014,0.5541444718837738,0.8916800618171692,0.0012736034248425438,0.0003173743807581348,0.0030801093043782263,0.1412442959881677
1781866495.853639,15.35851502418518,dog_in_grass,nonsocial_movie,non_social,425,1,0.3829738171510056,0.41816889514146593,0.40057135614623574,1,0,0.5713771283626556,0.8753978490829468,0.13958731638710456,0.2978955528288282,0.6053147415388069,0.5546619296073914,0.8907250165939331,0.0010862199934440178,0.000187383431398526,0.0032562649397575878,0.14155605796496976
1781866495.888982,15.393858194351196,dog_in_grass,nonsocial_movie,non_social,426,1,0.39546260670463285,0.415843509700528,0.40565305820258046,1,0,0.5716561913490295,0.8751956760883332,0.13997990347539688,0.3030533922440193,0.7237689349043969,0.5545563697814941,0.8901627361774445,0.0005721032630654169,0.0005141167303786009,0.003477110289146566,0.14114905799112917
1781866495.922125,15.427001237869263,dog_in_grass,nonsocial_movie,non_social,427,1,0.3892615319034261,0.426114390762634,0.4076879613330301,1,0,0.5714244425296784,0.8754593849182128,0.14010932454051137,0.2926892987023573,1.090931222509304,0.5544964075088501,0.8936974108219147,0.003535183208321922,0.0029630799452565054,0.0034877680943160125,0.14261494722783236
1781866495.95639,15.461266040802002,dog_in_grass,nonsocial_movie,non_social,428,1,0.38888006750128484,0.40990374333685664,0.39939190541907077,1,0,0.5709488809108734,0.8750504612922669,0.13722538689082606,0.29251285936253085,1.0298419093095148,0.5551938563585281,0.8921948671340942,0.0016565242019741975,0.0018786590063477246,0.004374276010928974,0.14212345874449084
1781866495.992915,15.497791051864624,dog_in_grass,nonsocial_movie,non_social,429,1,0.3870644323698984,0.4041653999050809,0.39561491613748967,1,0,0.5711960911750793,0.8748656809329987,0.13480467685108422,0.30013704548042747,0.7759789382602378,0.5551986843347549,0.8896470665931702,0.002547805115327199,0.0008912809133530015,0.003596509240238856,0.14213640018022533
1781866496.025651,15.530527114868164,dog_in_grass,nonsocial_movie,non_social,430,1,0.3853782738241545,0.37797826662916284,0.3816782702266587,1,0,0.5710793912410737,0.8751263856887816,0.13616311920589963,0.29871249250154325,0.9708120850828864,0.5548153519630432,0.8898214995861053,0.00042115386288916486,0.0021266512524380343,0.0020672527780767357,0.14436510325175994
1781866496.060436,15.565312147140503,dog_in_grass,nonsocial_movie,non_social,431,1,0.38271643091915786,0.38597394599376106,0.3843451884564595,1,0,0.5709263920783997,0.8753323018550873,0.1368029058856744,0.29811999549968937,0.6851501659626962,0.5550863742828369,0.8916262984275818,0.0018250347821400722,0.0014038809192509073,0.003996059363529984,0.14317291758258344
1781866496.095778,15.600654125213623,dog_in_grass,nonsocial_movie,non_social,432,1,0.376405478829608,0.39645543751816525,0.38643045817388666,1,0,0.5708370268344879,0.8756017744541169,0.13992487444011753,0.29540433662776966,1.192288616257106,0.5551238059997559,0.8933014571666718,0.0016755768960513224,0.00014945788608874988,0.00416924823861678,0.14365154296520272
1781866496.129133,15.63400912284851,dog_in_grass,nonsocial_movie,non_social,433,1,0.3829542007077278,0.37258616528674365,0.37777018299723575,1,0,0.5709886968135833,0.8755169749259949,0.14272572474823306,0.2928365777371886,0.8712679948479276,0.5549430847167969,0.8933583796024323,0.00018947386576319522,0.0014861030302881272,0.003254105515978862,0.1438208200839011
1781866496.163195,15.668071031570435,dog_in_grass,nonsocial_movie,non_social,434,1,0.37227523059961715,0.38196091790802844,0.3771180742538228,1,0,0.5712135076522826,0.8753138184547424,0.13935550898713384,0.29425264145645774,0.9401817016742335,0.5551984757184982,0.8929185569286346,0.0005085946796187491,0.0003191208138555539,0.004081560032161986,0.1433716129580751
1781866496.197998,15.702874183654785,dog_in_grass,nonsocial_movie,non_social,435,1,0.3830923620970808,0.3817560909607836,0.3824242265289322,1,0,0.5713039457798004,0.8752578675746918,0.14329802173847908,0.29160257486047014,1.0085074378709094,0.5546255558729172,0.8926634788513184,0.0006271379234171633,0.00011854324379841422,0.003590690317529562,0.14279106037540396
1781866496.233056,15.737932205200195,dog_in_grass,nonsocial_movie,non_social,436,1,0.38062848666811183,0.4066012747047005,0.39361488068640615,1,0,0.5713636577129364,0.8756769478321076,0.14234339202474514,0.28842380030192943,1.1020323313411793,0.5546583235263824,0.8948934078216553,0.0022301697092063353,0.001603031785789172,0.00502054275359218,0.14298316366937783
1781866496.266402,15.771278142929077,dog_in_grass,nonsocial_movie,non_social,437,1,0.3766553227687949,0.4012017527252554,0.3889285377470251,1,0,0.5712190926074981,0.8755854427814485,0.13873977281310362,0.287308167339316,0.960552192684537,0.5550252944231033,0.8953088223934174,0.0005542895502103642,0.0016758801589959712,0.004218716291454431,0.14373639474625255
1781866496.301425,15.80630111694336,dog_in_grass,nonsocial_movie,non_social,438,1,0.3833371248281479,0.37880820297454554,0.38107266390134675,1,0,0.5713640391826629,0.8757311820983886,0.1389184473135435,0.28944408502786506,1.1036308648569748,0.5546403080224991,0.8940434753894806,0.0013226176957163278,0.0007683281455059636,0.002439549458519422,0.14377934370366185
1781866496.335639,15.84051513671875,dog_in_grass,nonsocial_movie,non_social,439,1,0.38840387276618266,0.3917394144026902,0.39007164358443647,1,0,0.5713737785816193,0.8755843758583068,0.13787341826986127,0.2884887883126458,0.8505216869078694,0.5550593733787537,0.8944031000137329,0.0005522188363152763,0.0007703988594010515,0.004529309919338301,0.14359838915240605
1781866496.372084,15.876960039138794,dog_in_grass,nonsocial_movie,non_social,440,1,0.3924039150400621,0.39013978677293387,0.39127185090649796,1,0,0.5714920938014985,0.8757020890712738,0.1376915303637504,0.28610846552253266,0.558798618103398,0.5550019592046738,0.8942280113697052,0.00018426182635787215,0.0003679570099574042,0.002687357377833806,0.1432548323210886
1781866496.404456,15.909332036972046,dog_in_grass,nonsocial_movie,non_social,441,1,0.40494265042952843,0.37297269978521114,0.3889576751073698,1,0,0.5713943719863892,0.8755339682102203,0.13300353752886396,0.28933639240260006,0.3205001799687169,0.5550927817821503,0.8942140936851501,9.188276510232533e-05,9.237906125554682e-05,0.0037965068349023507,0.14175414414984422
1781866496.4392672,15.944143295288086,dog_in_grass,nonsocial_movie,non_social,442,1,0.40059066152060646,0.3873708151082661,0.39398073831443625,1,0,0.5714635074138641,0.8756162941455841,0.13459887271743337,0.28880379069667494,0.504847974209106,0.5549790561199188,0.8941261470317841,0.00014376418221614094,5.1881417113815615e-05,0.0038315662067309624,0.14302020244414085
1781866496.473191,15.97806715965271,dog_in_grass,nonsocial_movie,non_social,443,1,0.4051912910473519,0.37297087825443304,0.3890810846508925,1,0,0.5716217637062073,0.8753756046295166,0.13595776102416882,0.29124361144220395,0.5752663402188977,0.5552753955125809,0.8927830159664154,0.001375433784084731,0.00123166960186859,0.0061546101667947755,0.1429669771129424
1781866496.5078888,16.012764930725098,dog_in_grass,nonsocial_movie,non_social,444,1,0.38634242575294936,0.3943385341009174,0.3903404799269334,1,0,0.5721008598804473,0.8755640268325806,0.1418713144643374,0.2952543695009155,0.8434820390990395,0.5545838177204132,0.8917573988437653,0.0012370005355264264,0.00013843324855830467,0.004659190707418227,0.14282570613825918
1781866496.542743,16.047619104385376,dog_in_grass,nonsocial_movie,non_social,445,1,0.38735540370613664,0.37667726499152054,0.3820163343488286,1,0,0.5728823900222778,0.8757340610027313,0.13917875757874038,0.29155492323303384,0.8368095383032985,0.5553342401981354,0.8926911652088165,0.0011979371935004516,3.9063342025974805e-05,0.004575316687288031,0.14255749817045463
1781866496.576084,16.080960035324097,dog_in_grass,nonsocial_movie,non_social,446,1,0.3928136105961174,0.3936598459217446,0.39323672825893097,1,0,0.5731255769729614,0.8754655182361603,0.1403797283822474,0.29061892737257145,0.5568812767609538,0.5551259219646454,0.8930379450321198,0.00040454014912565155,0.0007933970443748,0.004386435674391766,0.1429370913116566
1781866496.611105,16.115981101989746,dog_in_grass,nonsocial_movie,non_social,447,1,0.38304715750852425,0.3875572534525939,0.38530220548055905,1,0,0.5730783641338348,0.875183641910553,0.13135833526010524,0.28980317033565184,0.6237886543309151,0.5559007823467255,0.8942139148712158,0.0014083016985649488,0.0010037615494392972,0.004594362794211164,0.14273227408328915
1781866496.6456141,16.150490283966064,dog_in_grass,nonsocial_movie,non_social,448,1,0.38952031583666946,0.4161568301615778,0.4028385729991236,1,0,0.5732142269611358,0.8754432141780853,0.1345599152474011,0.28835924973097615,0.4259087333818788,0.5557069629430771,0.8955492675304413,0.0013493452803975453,5.8956418167403464e-05,0.006096997746884433,0.141738027982077
1781866496.679612,16.18448805809021,dog_in_grass,nonsocial_movie,non_social,449,1,0.3916498932917706,0.4060883382632813,0.39886911577752593,1,0,0.5732857584953308,0.8753839612007142,0.13755690088417677,0.2882637516626643,0.7034202367713558,0.5554992854595184,0.8950315117835999,0.0005578538792233885,0.0007914914011741568,0.004961137178842019,0.1410759181358602
1781866496.714606,16.21948218345642,dog_in_grass,nonsocial_movie,non_social,450,1,0.39897767422148683,0.41415026954123446,0.4065639718813606,1,0,0.5732437193393707,0.8752306699752808,0.13716223944029626,0.28410391988349293,0.28200216023457136,0.5554959774017334,0.8970703780651093,0.0020388689651672748,0.0014810150859438861,0.005143178083364258,0.14073082094085645
1781866496.748645,16.25352120399475,dog_in_grass,nonsocial_movie,non_social,451,1,0.39666955317430214,0.41516519559849374,0.40591737438639797,1,0,0.573285984992981,0.8752207159996033,0.1372968259134406,0.28948079574384,0.41932869418721663,0.5555809140205383,0.8955200910568237,0.0015526120047432616,0.0004862569604240131,0.004779116792285337,0.1413780582775826
1781866496.7840378,16.28891396522522,dog_in_grass,nonsocial_movie,non_social,452,1,0.38590268392042065,0.42537244345692843,0.40563756368867454,1,0,0.5733196020126343,0.8752085745334626,0.14336326675424196,0.28651073854537024,0.6372252303026726,0.5549627393484116,0.8974252641201019,0.0020029539001933804,0.0004503418954501187,0.0049965150499472095,0.14161361500823258
1781866496.817513,16.322389125823975,dog_in_grass,nonsocial_movie,non_social,453,1,0.3876227728948637,0.4170183868970325,0.4023205798959481,1,0,0.5734108448028564,0.875200515985489,0.1405307501236993,0.2859299145037339,0.9524599777945775,0.5550113618373871,0.8966759145259857,0.000750925402843921,0.0012520284973494594,0.004817250227228526,0.1414497687400632
1781866496.8524082,16.35728430747986,dog_in_grass,nonsocial_movie,non_social,454,1,0.3875840515442105,0.4305454932114487,0.40906477237782957,1,0,0.5734326303005219,0.875305688381195,0.14290923130851615,0.28663800245665916,0.565487748521107,0.5548863708972931,0.8961153924465179,0.0005742888965289659,0.0001766365063149551,0.005077877962709668,0.14120886011278036
1781866496.8881228,16.392998933792114,dog_in_grass,nonsocial_movie,non_social,455,1,0.38622528520206206,0.4219454774090621,0.40408538130556204,1,0,0.5736191391944885,0.875283932685852,0.13988290496974573,0.2884429690797595,0.4443507559497968,0.5554766952991486,0.8955157697200775,0.0008414453716610908,0.0002671564751321249,0.005598221831532771,0.141066263690926
1781866496.921067,16.42594313621521,dog_in_grass,nonsocial_movie,non_social,456,1,0.3927796297439645,0.41660034362338705,0.4046899866836758,1,0,0.5737701714038849,0.8750364899635314,0.14103426323944704,0.29066626471249873,0.6129830645480241,0.5555038750171661,0.8949464559555054,0.0005699621913801135,0.0002714831802809773,0.004197949905065664,0.14060121845026324
1781866496.955352,16.460228204727173,dog_in_grass,nonsocial_movie,non_social,457,1,0.3819210740069952,0.41811746320999604,0.4000192686084956,1,0,0.5737616419792175,0.875130182504654,0.13791809917159145,0.2912985195762808,0.3062578211418635,0.5556523650884628,0.8953257203102112,0.0004072968843781051,0.00016266530700200838,0.0041275890911898,0.14136749516532146
1781866496.991714,16.49659013748169,dog_in_grass,nonsocial_movie,non_social,458,1,0.3898047615424055,0.4041565293086002,0.3969806454255028,1,0,0.572846782207489,0.8752291202545166,0.13701616998003502,0.2950279962471704,0.9266546047943672,0.5556194931268692,0.8931354582309723,0.002190508740363956,0.001783211855985851,0.002155463067606199,0.14170427364634638
1781866497.0241752,16.529051303863525,dog_in_grass,nonsocial_movie,non_social,459,1,0.39471803898972796,0.39154257804185316,0.39313030851579056,1,0,0.5721811890602112,0.8749292433261872,0.13809122700479473,0.2925122341895539,0.6700860710097535,0.5555134117603302,0.8919923305511475,0.0011480392627033619,0.0010424694776605943,0.0026041579599292678,0.1421293525186646
1781866497.0586329,16.563508987426758,dog_in_grass,nonsocial_movie,non_social,460,1,0.3952501728165737,0.3934628509937809,0.3943565119051773,1,0,0.5717664897441864,0.8747068583965301,0.13512978121840363,0.29804650573131447,0.5239211443103422,0.5557883679866791,0.8901931345462799,0.00182008439099383,0.0006720451282904681,0.0022216605147888664,0.1414576322735944
1781866497.0931919,16.59806799888611,dog_in_grass,nonsocial_movie,non_social,461,1,0.4040429908598031,0.3818471070888917,0.3929450489743474,1,0,0.5716871500015259,0.875139594078064,0.14218373683353375,0.2995701720770466,0.5542244536200392,0.5550228953361511,0.888940691947937,0.001467842239769041,0.000352242151224789,0.002513933457335138,0.1426470002198531
1781866497.128039,16.632915019989014,dog_in_grass,nonsocial_movie,non_social,462,1,0.40227991221491405,0.37757146969543665,0.3899256909551754,1,0,0.5715584874153137,0.8751803815364838,0.13408492504136435,0.30275802427025494,0.36714490967364827,0.5559845566749573,0.8872692883014679,0.0019283108359350936,0.0004604685961660526,0.0033492480633101813,0.1428587310726417
1781866497.163234,16.668110132217407,dog_in_grass,nonsocial_movie,non_social,463,1,0.40410838149181877,0.3831262759910004,0.3936173287414096,1,0,0.5713409125804901,0.8757244408130647,0.14291568707893673,0.29921573058331896,1.2176747829441876,0.5551940053701401,0.8888774812221527,0.0017919977220099725,0.00013631311392512118,0.0029616686439921124,0.1441853455215199
1781866497.1973372,16.702213287353516,dog_in_grass,nonsocial_movie,non_social,464,1,0.3948644834485127,0.3814137131728304,0.38813909831067156,1,0,0.5714816272258758,0.8755552887916564,0.13725282300540556,0.3007964239849353,0.8909699459293324,0.5554750710725784,0.8889099955558777,0.0002829401190795408,0.0015090576029304316,0.002899100680036596,0.14307772542292047
1781866497.2308102,16.73568630218506,dog_in_grass,nonsocial_movie,non_social,465,1,0.4125684176921628,0.3841777056639194,0.3983730616780411,1,0,0.5711802244186401,0.8756036043167115,0.13598179552093184,0.3003921783480174,1.009795839080151,0.5553790628910065,0.8901076316833496,0.0012014781998666063,0.0009185380807870655,0.002620542475678319,0.14176418295691565
1781866497.265324,16.77020025253296,dog_in_grass,nonsocial_movie,non_social,466,1,0.39539461556422806,0.39346472410349964,0.39442966983386385,1,0,0.5708602249622345,0.8755363881587983,0.13901729370106594,0.29843853212580035,0.8095748513917873,0.5547936856746674,0.8909359872341156,0.0010143172106859646,0.0001871609891806417,0.0034476815201379255,0.14263330539139404
1781866497.2998998,16.804775953292847,dog_in_grass,nonsocial_movie,non_social,467,1,0.3914433790836239,0.39903212587922987,0.3952377524814269,1,0,0.5707338750362396,0.8751731872558594,0.12985905916448046,0.2975809449386139,0.7152734271136861,0.555743858218193,0.8910104334354401,0.0009530845184776283,6.123269220833626e-05,0.004282301652359189,0.14268832136994433
1781866497.334692,16.83956813812256,dog_in_grass,nonsocial_movie,non_social,468,1,0.40933640897602197,0.3967483333076432,0.4030423711418326,1,0,0.5708181381225585,0.8750555992126465,0.1365900883624588,0.29752241466120255,0.8774322749190027,0.5552275627851486,0.8916108012199402,0.0007918348633699606,0.00016124965510766769,0.003230439000550227,0.14227821954752262
1781866497.371779,16.876655101776123,dog_in_grass,nonsocial_movie,non_social,469,1,0.39353691924840684,0.397738143009199,0.39563753112880296,1,0,0.5708215236663818,0.875172209739685,0.13704532916469478,0.2955793832174508,0.891118330881167,0.5551370680332184,0.8928670585155487,0.0012595124822313388,0.00046767761886137816,0.0043525162922460415,0.14279652505799992
1781866497.403042,16.907918214797974,dog_in_grass,nonsocial_movie,non_social,470,1,0.39398572829800355,0.3871952159699716,0.39059047213398757,1,0,0.571064966917038,0.8749080240726471,0.1398678723889919,0.29452997795658376,1.174608000399326,0.5547570884227753,0.8928278386592865,0.00038199830035973956,0.0008775141818715992,0.005600580691497171,0.14235401711512952
1781866497.4378219,16.942698001861572,dog_in_grass,nonsocial_movie,non_social,471,1,0.4020563616891913,0.4118288902205493,0.4069426259548703,1,0,0.5708351135253906,0.8740482985973359,0.1328772970439997,0.2934263849434187,0.6963275788391025,0.554938793182373,0.8924983739852905,0.0003762493735167652,5.748926842974358e-06,0.0022292712788472475,0.13982318781750216
1781866497.472234,16.977110147476196,dog_in_grass,nonsocial_movie,non_social,472,1,0.38710618545610054,0.4033880868153251,0.39524713613571283,1,0,0.5709171831607818,0.8733781635761261,0.13145503746442844,0.28721308782497806,0.6316208672677194,0.55518439412117,0.8947809040546417,0.0022957054119878586,0.0019194560384710934,0.003710072823623984,0.14070563607550796
1781866497.506203,17.01107907295227,dog_in_grass,nonsocial_movie,non_social,473,1,0.3899121203991591,0.40274580905532226,0.39632896472724066,1,0,0.5709036827087403,0.8729059934616088,0.13601869624281884,0.28618978314616483,0.7581911094674859,0.5552052110433578,0.8944575190544128,0.00032405432048100675,0.001971651091506852,0.0054343353222161845,0.14090139922439598
1781866497.540048,17.044924020767212,dog_in_grass,nonsocial_movie,non_social,474,1,0.4012299168706649,0.39240707475592473,0.3968184958132948,1,0,0.5708378314971924,0.8729004979133606,0.1328149563916572,0.29106552570355465,0.5038244645715182,0.5551741868257523,0.8923256099224091,0.002132134857179341,0.001808080536698334,0.0084991973537021,0.14128725047404814
1781866497.57521,17.08008623123169,dog_in_grass,nonsocial_movie,non_social,475,1,0.3959151407345924,0.38549595440806445,0.3907055475713284,1,0,0.5707100927829742,0.8726976096630097,0.13333119816262318,0.29101079448569384,0.20000190871065385,0.554812490940094,0.893644779920578,0.0013678572285772998,0.0007642776286020411,0.006726980843662276,0.14056466498980427
1781866497.609774,17.1146502494812,dog_in_grass,nonsocial_movie,non_social,476,1,0.3909981094463813,0.3860306294171887,0.38851436943178497,1,0,0.5707436561584472,0.8728597283363342,0.13288917483932794,0.2948270768632533,0.13418792374146016,0.554857462644577,0.8919938504695892,0.0016515418572794905,0.00028368462870219076,0.005019796479547649,0.14009205026360194
1781866497.643338,17.148214101791382,dog_in_grass,nonsocial_movie,non_social,477,1,0.38298491853113553,0.4055727022623424,0.39427881039673895,1,0,0.570279884338379,0.8729377627372742,0.1323705098408835,0.2919750316240744,0.5255504731397022,0.5548319071531296,0.8925938308238983,0.000600524361454198,0.0010510174958252925,0.006736644258986966,0.14059996969517566
1781866497.6773498,17.182225942611694,dog_in_grass,nonsocial_movie,non_social,478,1,0.4017050632265788,0.3965795878532794,0.3991423255399291,1,0,0.5699805796146393,0.8726839601993561,0.12842714286545182,0.29060975398828964,0.6038165584899122,0.5548922568559647,0.8926472365856171,8.05869841664442e-05,0.0005199373772877538,0.005717996734557317,0.1405348488276408
1781866497.713168,17.21804404258728,dog_in_grass,nonsocial_movie,non_social,479,1,0.3978346957102781,0.38261035449920905,0.39022252510474353,1,0,0.5701206564903258,0.8728277444839477,0.13152780076427628,0.29068927266698247,0.6145452858626569,0.5545625984668732,0.8921992778778076,0.0005561849129567504,0.0004755979287903062,0.005191365739718587,0.14133730521453772
1781866497.748269,17.253145217895508,dog_in_grass,nonsocial_movie,non_social,480,1,0.39466192255248533,0.3791218722799484,0.3868918974162169,1,0,0.5700743615627288,0.8733226358890533,0.13295630740279551,0.2932699422172694,0.3369552492091366,0.5546062588691711,0.8928134441375732,0.000615716188972905,5.953127601615463e-05,0.0038460734920953738,0.14175987211048996
1781866497.782073,17.286949157714844,dog_in_grass,nonsocial_movie,non_social,481,1,0.4052516019946465,0.3806879910346389,0.3929697965146427,1,0,0.5701232552528381,0.8738270998001099,0.1323665278403842,0.2938068724526505,0.11759691605030807,0.5545070469379425,0.8924936652183533,0.0003348157171872439,0.0002809004717856611,0.006899164967331421,0.14068911067231685
1781866497.8164108,17.321286916732788,dog_in_grass,nonsocial_movie,non_social,482,1,0.40031494223631914,0.3893477522758349,0.39483134725607705,1,0,0.5698207318782806,0.8741658866405486,0.13478220324357978,0.29538005003487733,0.49417457307114776,0.5539990812540054,0.8924264013767242,0.0005123998052774348,0.00017758408809019085,0.0052973885726567025,0.14219488223800728
1781866497.850476,17.35535216331482,dog_in_grass,nonsocial_movie,non_social,483,1,0.3991589666947327,0.4007396577964348,0.3999493122455837,1,0,0.5696110367774964,0.8744231402873993,0.12666383078690155,0.2950734889318532,0.43718628782736774,0.5544760376214981,0.8940463662147522,0.0016887194713565495,0.0011763196660791147,0.004624014080326854,0.1416629830082415
1781866497.884143,17.38901925086975,dog_in_grass,nonsocial_movie,non_social,484,1,0.4171344241786112,0.398628261221067,0.4078813426998391,1,0,0.569263219833374,0.8741001009941101,0.12198792634466023,0.29774594636878954,0.2520196992136415,0.5542281866073608,0.8926953971385956,0.0013735164978770126,0.0003152029734795369,0.004058628917419541,0.14048297469122914
1781866497.9199018,17.42477798461914,dog_in_grass,nonsocial_movie,non_social,485,1,0.39205965073837046,0.4245334275839393,0.4082965391611549,1,0,0.5684022188186646,0.8741640150547028,0.12213682688575835,0.29435227461817387,0.12114492409970769,0.5546514242887497,0.8933424949645996,0.0007732177774511872,0.0006002987204258254,0.004793646614196997,0.14046086393013638
1781866497.954775,17.459651231765747,dog_in_grass,nonsocial_movie,non_social,486,1,0.4262631016006698,0.40965316417427183,0.41795813288747086,1,0,0.5645913481712341,0.8744143068790435,0.11930783694250137,0.292878264094041,0.18911152992036598,0.5543981194496155,0.8922937214374542,0.0010789296792515185,0.0003057119018003313,0.003889321033051595,0.14006243545965835
1781866497.988534,17.493410110473633,dog_in_grass,nonsocial_movie,non_social,487,1,0.455959019271602,0.41035300984486006,0.43315601455823105,1,0,0.5622238159179687,0.8740456581115723,0.11209919781190089,0.2963615702288545,0.08308521999644083,0.5536613017320633,0.8931905031204224,0.0011606540121009278,8.172433284940931e-05,0.005336227830476201,0.1381287499493191
1781866498.0219321,17.526808261871338,dog_in_grass,nonsocial_movie,non_social,488,1,0.4770924622617726,0.4330366234382463,0.4550645428500094,1,0,0.561158949136734,0.8748256087303161,0.0953373253498625,0.3022759963167362,0.45564767600205347,0.5547961741685867,0.8907924890518188,0.002652999608066505,0.0014923455959655774,0.002200773991970122,0.1372125727437835
1781866498.056579,17.561455249786377,dog_in_grass,nonsocial_movie,non_social,489,1,0.478033885664478,0.4399782508069827,0.45900606823573037,1,0,0.560996487736702,0.8744964957237243,0.09346421953196178,0.3068008544166459,0.5506908320074236,0.5544025599956512,0.8892946839332581,0.0015486614511643893,0.001104338156902116,0.005392293836044613,0.13752511998744338
1781866498.092126,17.597002029418945,dog_in_grass,nonsocial_movie,non_social,490,1,0.46692791372205755,0.4343417564466406,0.4506348350843491,1,0,0.5604294925928116,0.8745250225067138,0.10249471709029856,0.300729549703785,0.4768201976264314,0.553217202425003,0.8909480273723602,0.002034359136906556,0.0004856976857421666,0.0039362563834240095,0.1376525185247552
1781866498.1253152,17.630191326141357,dog_in_grass,nonsocial_movie,non_social,491,1,0.4699093513082618,0.4169244438412102,0.443416897574736,1,0,0.5602484077215195,0.8746259927749633,0.09800425347103889,0.30293149663024627,0.29774468355257444,0.5536706745624542,0.8898413777351379,0.0011959558516135788,0.0008384032852929771,0.0033946299227522528,0.13785803196376767
1781866498.1630762,17.667952299118042,dog_in_grass,nonsocial_movie,non_social,492,1,0.47834355777643606,0.4242580643528729,0.4513008110646545,1,0,0.5598640769720078,0.8745941162109374,0.09787156570072837,0.2998443296701723,0.7965479325623347,0.5533177554607391,0.8907777965068817,0.001000715748067104,0.00019524010354647473,0.005052216908502441,0.1383686461904214
1781866498.194339,17.699215173721313,dog_in_grass,nonsocial_movie,non_social,493,1,0.47708321713999835,0.39846383162620413,0.43777352438310124,1,0,0.5595494031906127,0.8751585006713867,0.09420121725352988,0.3006375133353349,0.6957328122121087,0.5537964552640915,0.8903964161872864,0.0006120493851840924,0.0003886663628830116,0.006744606891413533,0.13927674573161275
1781866498.228776,17.733652114868164,dog_in_grass,nonsocial_movie,non_social,494,1,0.48919304988178725,0.4052191843770662,0.4472061171294267,1,0,0.5595238089561463,0.8754444241523742,0.08353211435967228,0.30892386086749096,0.8237238555684467,0.5543187409639359,0.8877259492874146,0.002721061523665526,0.0021090121384814337,0.005133320168395307,0.13845644917145677
1781866498.263386,17.768262147903442,dog_in_grass,nonsocial_movie,non_social,495,1,0.4908202806219125,0.4243062969877543,0.45756328880483343,1,0,0.5592173695564271,0.8756505846977234,0.08899006774209685,0.308562390305002,0.16933519921139978,0.5536918342113495,0.8869440257549286,0.001002205810746329,0.0017188557129191972,0.0022069505048205908,0.13733670493648087
1781866498.298655,17.803531169891357,dog_in_grass,nonsocial_movie,non_social,496,1,0.4862988327851907,0.43888561992520947,0.4625922263552001,1,0,0.5590640813112259,0.8753118872642518,0.0903442940530874,0.3082340003536588,0.49150636610510984,0.5536151975393295,0.8868011236190796,0.00016215486402973073,0.0008400509467165982,0.0024599145643079585,0.13779342591417532
1781866498.332211,17.837087154388428,dog_in_grass,nonsocial_movie,non_social,497,1,0.47589037888497154,0.43169188445156864,0.4537911316682701,1,0,0.5590996503829956,0.8754619717597961,0.09088263638585965,0.30868205313557656,0.5753496115621093,0.5535785555839539,0.886391669511795,0.0004110903779778081,0.0002489355139480774,0.0018509051360956056,0.1395138915325794
1781866498.3665721,17.871448278427124,dog_in_grass,nonsocial_movie,non_social,498,1,0.4780327431821849,0.4249216413993346,0.4514771922907598,1,0,0.5594378560781479,0.8753802359104157,0.09623055926596885,0.3080916700070448,0.5319299292758077,0.552854374051094,0.88689324259758,0.0008809168251991624,0.0004698264472213543,0.0016829157211293577,0.1388908175999179
1781866498.402076,17.906952142715454,dog_in_grass,nonsocial_movie,non_social,499,1,0.46621649736349746,0.3893487373724044,0.4277826173679509,1,0,0.5619128525257111,0.8755913257598877,0.10041443466058537,0.3089653640760692,-0.1970513561095923,0.5529178977012634,0.8872301280498505,0.0003428222018515508,0.0005380946233476116,0.002051151702375113,0.13864107631629757
1781866498.4361641,17.94104027748108,dog_in_grass,nonsocial_movie,non_social,500,1,0.4304777425402859,0.418111330880272,0.42429453671027895,1,0,0.5662049472332,0.8742554068565369,0.10537284066514295,0.31128581399036737,0.09397700831289474,0.553243100643158,0.8876228630542755,0.0005098997324156986,0.0001670775305641478,0.0015421625515579546,0.13769779490471712
1781866498.471228,17.976104021072388,dog_in_grass,nonsocial_movie,non_social,501,1,0.4236388362143812,0.43543335258774546,0.42953609440106333,1,0,0.56628977060318,0.8744697511196137,0.10086508627764013,0.3046061703473393,0.1892773388420914,0.5532503128051758,0.8895198404788971,0.0018969911346142082,0.0013870914021985098,0.001861882616676599,0.13790489103286918
1781866498.503583,18.008459091186523,dog_in_grass,nonsocial_movie,non_social,502,1,0.4346020727814051,0.42353994205964707,0.42907100742052606,1,0,0.5664137482643128,0.8741652369499207,0.10436310403442382,0.30143220934039366,-0.2003277300480744,0.5533025115728378,0.8896926939487457,0.0001805631008377645,0.0017164280337764438,0.0021486590474495207,0.13688580822074264
1781866498.540917,18.045793056488037,dog_in_grass,nonsocial_movie,non_social,503,1,0.44707669430522684,0.4380243977478101,0.44255054602651844,1,0,0.5667872786521913,0.8742936909198762,0.10021932298662149,0.2968329311487615,0.32418355863259585,0.5541428476572037,0.8912984430789948,0.0018123451668991797,0.0016317820660614153,0.0036912927048627997,0.13774828062556652
1781866498.57191,18.076786041259766,dog_in_grass,nonsocial_movie,non_social,504,1,0.43276802894797045,0.44308228781812364,0.437925158383047,1,0,0.5667833745479585,0.8737519681453705,0.11414356333514336,0.2967043024461409,0.5671996194800655,0.5532251745462418,0.8905197381973267,0.0012035386289256497,0.00060880653797353,0.004871536630171011,0.13716457352424818
1781866498.6080482,18.112924337387085,dog_in_grass,nonsocial_movie,non_social,505,1,0.4376357108214547,0.427735246801028,0.4326854788112413,1,0,0.5668898403644562,0.873764806985855,0.11012166915001645,0.2997007921942088,0.10655418250439755,0.5532187670469284,0.8895184397697449,0.001001318928776047,0.0002022197001496028,0.0036588807621757103,0.1379314935739785
1781866498.642278,18.147154092788696,dog_in_grass,nonsocial_movie,non_social,506,1,0.4549308064887508,0.4494748073892842,0.4522028069390175,1,0,0.5670953273773194,0.874008446931839,0.10617982082531162,0.30114690328028704,0.29926764479033474,0.5537344813346863,0.8894844949245453,0.0005168302227165461,0.00048448870605950084,0.0019699647340114907,0.13713959165340278
1781866498.677122,18.181998252868652,dog_in_grass,nonsocial_movie,non_social,507,1,0.4556384829976039,0.4398579748533163,0.44774822892546007,1,0,0.5675646960735321,0.8740171968936921,0.10848325084912229,0.3047619374634091,0.2921099398181218,0.5535765439271927,0.8893838822841644,0.00018726219076526057,0.0003295680319512855,0.0017514731160740349,0.13654539369694696
1781866498.710935,18.215811252593994,dog_in_grass,nonsocial_movie,non_social,508,1,0.46159884975965704,0.4302048265256531,0.44590183814265505,1,0,0.568076753616333,0.8740995883941651,0.10984885760504653,0.3074061285878479,-0.15910665228733842,0.5535534620285034,0.8881946504116058,0.0011894558506965784,0.0010021936599313177,0.0013925268583153893,0.13719315480770938
1781866498.7465112,18.251387357711792,dog_in_grass,nonsocial_movie,non_social,509,1,0.44030540777539595,0.44093789731920835,0.4406216525473021,1,0,0.5685162007808685,0.8741419196128846,0.10806599159310087,0.30570212796396695,-0.011093185864523535,0.5535741448402405,0.8903335630893707,0.0021390126745311103,0.0009495568238345319,0.00200754231573349,0.13611084875856458
1781866498.7820532,18.28692936897278,dog_in_grass,nonsocial_movie,non_social,510,1,0.442679809098826,0.43708462036178686,0.4398822147303064,1,0,0.5687092900276184,0.874560010433197,0.10998579412784745,0.3020080799797514,0.025176699713380272,0.5537406355142593,0.892188310623169,0.0018622050259479554,0.00027680764858315486,0.0018969719745917423,0.1367343534030256
1781866498.8139899,18.31886601448059,dog_in_grass,nonsocial_movie,non_social,511,1,0.4525538110903216,0.4290422078479826,0.4407980094691521,1,0,0.5689183056354523,0.8748090863227844,0.11478827497665293,0.3004202638062424,-0.2830610120704879,0.5536429286003113,0.8910962641239166,0.0010964087730233189,0.0007657962529246365,0.0013382535585835225,0.1383160042915797
1781866498.849814,18.354690074920654,dog_in_grass,nonsocial_movie,non_social,512,1,0.44829876422395687,0.43873144004458775,0.4435151021342723,1,0,0.5691316545009613,0.874756932258606,0.12037422412615394,0.3064021439339007,-0.36883386111331057,0.5531233549118042,0.8887750208377838,0.0023786818221875556,0.0012822730491642367,0.0016538318883218028,0.13847500195450163
1781866498.884266,18.38914203643799,dog_in_grass,nonsocial_movie,non_social,513,1,0.4335636129185734,0.44174930278639857,0.43765645785248597,1,0,0.569530588388443,0.8749538481235504,0.11489411138783553,0.30143549081495624,-0.09309043942659194,0.5540412664413452,0.8899528384208679,0.0014932567880597137,0.0008854250341278418,0.0017075650160268787,0.13919000848137947
1781866498.918473,18.423349142074585,dog_in_grass,nonsocial_movie,non_social,514,1,0.44457042454494544,0.4695321848442772,0.4570513046946113,1,0,0.5694286823272705,0.8746932387351989,0.1138410466595229,0.3053003602423495,-0.06883787332270973,0.5542030334472656,0.8894443213939667,0.000533627333307558,0.0009596294547521557,0.0035835256588140486,0.13644949935083586
1781866498.954716,18.45959210395813,dog_in_grass,nonsocial_movie,non_social,515,1,0.45302948070238536,0.45005028513792583,0.45153988292015557,1,0,0.5693859815597535,0.874812251329422,0.12219850865590218,0.30669004611786216,-0.3511620601671924,0.553402453660965,0.8891435861587524,0.0008552015411191501,0.0003215742078115921,0.002038611610143619,0.13727618605846775
1781866498.987444,18.49232006072998,dog_in_grass,nonsocial_movie,non_social,516,1,0.4308325525371666,0.4523224795775182,0.4415775160573424,1,0,0.5698648452758789,0.8751471221446991,0.12241696628668744,0.29988861452266563,0.24583071901331094,0.5536255836486816,0.8913869559764862,0.0022544389835471856,0.0013992374424280354,0.0017150248961074486,0.13727013807229413
1781866499.0204108,18.52528691291809,dog_in_grass,nonsocial_movie,non_social,517,1,0.42206622125288246,0.44461718200021944,0.43334170162655095,1,0,0.5699577450752258,0.8746557891368867,0.12401134251201087,0.3018417171666242,0.09866633812079519,0.5537214577198029,0.8907873332500458,0.000607239039898795,0.0016471999436483906,0.0031824342603066504,0.13835749225257
1781866499.055346,18.560222148895264,dog_in_grass,nonsocial_movie,non_social,518,1,0.4288383777856869,0.4588981544093603,0.4438682660975236,1,0,0.570143187046051,0.8746498107910157,0.12118991319046997,0.30606856229114354,0.01816737118165874,0.5535394549369812,0.8893711268901825,0.0014278534471968867,0.0008206144072980917,0.0021502442309444926,0.13698454089502685
1781866499.0903418,18.59521794319153,dog_in_grass,nonsocial_movie,non_social,519,1,0.4168594322437633,0.4516350074753721,0.4342472198595677,1,0,0.5703076839447021,0.8748502135276794,0.12411986253464538,0.30578208806238544,0.11504120424963289,0.5537578761577606,0.8889146149158478,0.0005060741174944168,0.0009217793297024699,0.00189185162864651,0.1379761279745842
1781866499.1237419,18.628618001937866,dog_in_grass,nonsocial_movie,non_social,520,1,0.42366992409300186,0.4459363139739768,0.43480311903348934,1,0,0.5708380877971649,0.8752990782260894,0.12476092496831308,0.3007664570425392,0.3825744586266133,0.5537050366401672,0.8912815153598785,0.0023674901745461413,0.0018614160570517245,0.00259544297313309,0.13877250130947827
1781866499.159182,18.664058208465576,dog_in_grass,nonsocial_movie,non_social,521,1,0.42020308836725273,0.4506244002964087,0.4354137443318307,1,0,0.571033376455307,0.8755215048789977,0.1286115892836696,0.295096656006012,0.5869356900674992,0.5539666712284088,0.894331157207489,0.0030608443371823667,0.0006933541626362254,0.004447265620627044,0.13898639373569252
1781866499.195233,18.700109243392944,dog_in_grass,nonsocial_movie,non_social,522,1,0.4206557975201452,0.4456488797432745,0.4331523386317099,1,0,0.5713294804096222,0.8753584146499633,0.13345118434724562,0.2983360013472138,0.2984797437709092,0.5533413887023926,0.8926365077495575,0.001806326388726255,0.0012545179484561117,0.0038555994181220213,0.13797389471406987
1781866499.228639,18.73351502418518,dog_in_grass,nonsocial_movie,non_social,523,1,0.4114576719865921,0.44627859985382873,0.42886813592021045,1,0,0.5712862253189086,0.8754998981952667,0.1354350582272665,0.2984775455160098,0.8481844012208849,0.5532839894294739,0.893412709236145,0.0007783209006009529,0.0010280054881253021,0.003001430364572123,0.13858793470920797
1781866499.2619781,18.766854286193848,dog_in_grass,nonsocial_movie,non_social,524,1,0.42015181910104044,0.4504526592533361,0.43530223917718824,1,0,0.5713866651058197,0.875729763507843,0.13469688588073533,0.29714007640719664,0.6428742077530962,0.5536326169967651,0.8942477107048035,0.0009048583498742695,0.0001265374492733166,0.00301977856595352,0.13935280213963075
1781866499.297278,18.802154064178467,dog_in_grass,nonsocial_movie,non_social,525,1,0.42057102680744424,0.4522889991251872,0.43643001296631573,1,0,0.5713605523109436,0.8757647931575775,0.13735354216082932,0.30114636850179927,0.4739090247258573,0.5534152984619141,0.8925826251506805,0.001679207327324016,0.0007743489774497466,0.004819481837191885,0.13986283108610842
1781866499.332274,18.83715009689331,dog_in_grass,nonsocial_movie,non_social,526,1,0.4187238224292692,0.43210513167357495,0.4254144770514221,1,0,0.5714103937149049,0.8756744682788848,0.13731256657090427,0.29484704273984946,1.0404378659929914,0.5535265058279037,0.8933977782726288,0.0008227038899095649,0.0008565034374144511,0.0036856183501868893,0.13958725518310114
1781866499.366844,18.8717200756073,dog_in_grass,nonsocial_movie,non_social,527,1,0.4180634217906611,0.44418519215031926,0.4311243069704902,1,0,0.5715031445026397,0.8754733622074127,0.1391104202640077,0.2968596121624592,0.867340505764933,0.5534170120954514,0.8913012444972992,0.002099391042313008,0.001276687152403443,0.002513633906623093,0.13988021209754417
1781866499.400723,18.905599117279053,dog_in_grass,nonsocial_movie,non_social,528,1,0.41258563752459826,0.44168163583481507,0.42713363667970666,1,0,0.5715421974658966,0.8753438293933868,0.13351767638833686,0.3041412762712176,1.0933129754261914,0.5537548512220383,0.8884913325309753,0.0028301485003340353,0.0007307574580210272,0.0021855495113806567,0.14098902601628793
1781866499.4342542,18.939130306243896,dog_in_grass,nonsocial_movie,non_social,529,1,0.4159510916548597,0.43433642632225444,0.42514375898855705,1,0,0.5717118740081788,0.8754972755908965,0.13624892438231653,0.3019627991145744,1.099824524332598,0.5539512634277344,0.889877051115036,0.0013995691296815297,0.0014305793706525056,0.0027731179088278106,0.1414786432794998
1781866499.468025,18.972901105880737,dog_in_grass,nonsocial_movie,non_social,530,1,0.41569100280186416,0.44254917083220346,0.42912008681703384,1,0,0.5717999994754792,0.8754323303699494,0.13087353834003762,0.3024523835805415,0.9095942785401112,0.5545926988124847,0.888810008764267,0.0012449974823848342,0.00015457164729669546,0.0016703518503487585,0.14075120406460648
1781866499.503105,19.007981061935425,dog_in_grass,nonsocial_movie,non_social,531,1,0.414482428837279,0.4428336386844061,0.42865803376084255,1,0,0.5717457175254821,0.8752844095230103,0.1303509473149947,0.3021508356982526,0.9236517614789549,0.55437171459198,0.8896318674087524,0.0008510497383981719,0.0003939477439866623,0.001371345118253158,0.14017303877476064
1781866499.539722,19.04459810256958,dog_in_grass,nonsocial_movie,non_social,532,1,0.4070336183782122,0.4348329810322089,0.42093329970521054,1,0,0.5716411709785462,0.8752202332019805,0.1343469505046366,0.29851861764410054,0.9633638987179497,0.5541651248931885,0.8916009664535522,0.001979906652314262,0.00112885691391609,0.0013977475712300647,0.1404027026856725
1781866499.571253,19.07612919807434,dog_in_grass,nonsocial_movie,non_social,533,1,0.40456219727091314,0.43798614770225675,0.42127417248658494,1,0,0.5717371523380279,0.8755990445613862,0.14001898863080858,0.2956079309123325,1.0325526757454613,0.553653821349144,0.8924524188041687,0.0009931779395066865,0.0009867287128075756,0.0014190049021285463,0.1415401648815917
1781866499.6070662,19.111942291259766,dog_in_grass,nonsocial_movie,non_social,534,1,0.41330457428975126,0.43655496552124123,0.42492976990549625,1,0,0.5717136561870575,0.8757260143756866,0.1390527493240263,0.29649751471752905,0.6021829192374297,0.5536487400531769,0.8906883597373962,0.0017640663849840888,0.0007708884454774023,0.0014057314129810301,0.14168343355673751
1781866499.640977,19.14585304260254,dog_in_grass,nonsocial_movie,non_social,535,1,0.4093186357085524,0.4491098872007775,0.42921426145466496,1,0,0.5714940071105957,0.8755750715732575,0.13769289226180753,0.2938587530288832,0.4486388776592702,0.5541723072528839,0.8926281630992889,0.002009218677849498,0.0002451522928654092,0.0020523869655204347,0.14128461583319535
1781866499.6749241,19.179800271987915,dog_in_grass,nonsocial_movie,non_social,536,1,0.4087318981606075,0.4466731124494946,0.42770250530505105,1,0,0.571666032075882,0.8757874429225923,0.13468475637471303,0.29218040523337857,0.8088088686499239,0.5541344285011292,0.8917437791824341,0.0008851947312462043,0.0011240239466032936,0.0015148898591364744,0.14063574133037848
1781866499.7099462,19.21482229232788,dog_in_grass,nonsocial_movie,non_social,537,1,0.4013301649561436,0.4443605702402098,0.4228453675981767,1,0,0.5717852473258972,0.8754268109798431,0.13889871758771632,0.29434710844004874,0.6638585226172691,0.5538003742694855,0.8908670842647552,0.0009381823961058654,5.298766485966114e-05,0.0011149082173952756,0.1415232546810032
1781866499.74642,19.251296043395996,dog_in_grass,nonsocial_movie,non_social,538,1,0.40009426717357,0.4425076296396185,0.42130094840659427,1,0,0.5719089269638061,0.8754301309585572,0.1405596856384205,0.29514372013168827,0.6565335965458163,0.554068073630333,0.8911303877830505,0.00037548860241666825,0.0005626937936891972,0.001339063958040668,0.14170086703595058
1781866499.77825,19.28312611579895,dog_in_grass,nonsocial_movie,non_social,539,1,0.41061097793535045,0.44455768491787806,0.42758433142661423,1,0,0.5720465064048768,0.8759266197681428,0.14117310784448542,0.29346183526076364,0.9801796806580799,0.5541069656610489,0.8903297781944275,0.0008015536809524202,0.00042606507853575195,0.0013937536825776192,0.14168685425863287
1781866499.812989,19.317865133285522,dog_in_grass,nonsocial_movie,non_social,540,1,0.42544315797639365,0.4325240702319275,0.4289836141041606,1,0,0.5722277164459229,0.8757628500461578,0.1415686781275105,0.29195048082670866,0.9147266882900578,0.5538021326065063,0.8916038274765015,0.0013100094519868726,0.0005084557710344524,0.0022091979023764596,0.14136328681162968
1781866499.848681,19.353557109832764,dog_in_grass,nonsocial_movie,non_social,541,1,0.41841607514088547,0.436688937239713,0.4275525061902993,1,0,0.5722624242305756,0.8761377036571503,0.13573328872437043,0.2953323901069874,1.0940235923889141,0.5544127970933914,0.8904474079608917,0.0013077527333657825,2.256718621090111e-06,0.0015261561915847477,0.1414435621344253
1781866499.88236,19.38723611831665,dog_in_grass,nonsocial_movie,non_social,542,1,0.42717179176221315,0.4359774230846785,0.43157460742344583,1,0,0.5722667455673218,0.8764883339405061,0.13811517879902035,0.29686555091361916,1.231050371757552,0.5542382150888443,0.8905721604824066,0.00021457415486496518,0.0010931785785008173,0.0015877394977071783,0.1420544274919883
1781866499.9167218,19.421597957611084,dog_in_grass,nonsocial_movie,non_social,543,1,0.42358068394312,0.4290012249166833,0.4262909544299016,1,0,0.5722376108169556,0.8763826668262482,0.13934850897168258,0.292253429526918,1.3011665867175022,0.5544144958257675,0.8920695781707764,0.0015077581475995416,0.0012931839927345765,0.0021481174341682996,0.14129465536826585
1781866499.950172,19.455048084259033,dog_in_grass,nonsocial_movie,non_social,544,1,0.41312183445447975,0.43416932204029707,0.4236455782473884,1,0,0.5724329769611358,0.8761379301548005,0.13683474397760087,0.29658931747165346,0.9413079706721462,0.5545967370271683,0.8916805684566498,0.00042958167229624694,0.0010781764753032947,0.004236785017974106,0.14072516515049055
1781866499.984527,19.489403247833252,dog_in_grass,nonsocial_movie,non_social,545,1,0.4101091255540305,0.4325279102209917,0.42131851788751107,1,0,0.5724651217460632,0.8759537816047669,0.14197116174933075,0.2956072125278692,1.3780112721259596,0.5545706152915955,0.8913640975952148,0.00031754708502316136,0.00011203458727308558,0.0051627734108815925,0.14188464664282685
1781866500.019401,19.524277210235596,dog_in_grass,nonsocial_movie,non_social,546,1,0.40991352879083803,0.4327012447319405,0.42130738676138924,1,0,0.572313666343689,0.8762855172157288,0.14324311188613215,0.29395036590892865,0.6289452271047143,0.554127037525177,0.8913689255714417,0.0004436040398995864,0.00012605695487642504,0.005555632191800156,0.14145421659842983
1781866500.0552042,19.5600802898407,dog_in_grass,nonsocial_movie,non_social,547,1,0.4069721009684618,0.44159978453474236,0.4242859427516021,1,0,0.5719439387321472,0.8765284657478333,0.13344935708243896,0.29739293808807077,0.4900259175092407,0.5552327930927277,0.8903786838054657,0.0014843429961610803,0.0010407389562614939,0.00619223921158768,0.14092109531528313
1781866500.089141,19.594017028808594,dog_in_grass,nonsocial_movie,non_social,548,1,0.4378881879616008,0.43114194370116954,0.43451506583138516,1,0,0.572210705280304,0.8768664598464966,0.13171336099974468,0.2954902286763769,0.4852187594615417,0.5553174763917923,0.8919834494590759,0.0016069984642642125,0.00012265546810313215,0.004685512366714808,0.13967054803797088
1781866500.1234848,19.628360986709595,dog_in_grass,nonsocial_movie,non_social,549,1,0.4163561090507502,0.4448977089683704,0.4306269090095603,1,0,0.5723686397075654,0.876653528213501,0.1426052461097145,0.296800376724517,0.4361195020341881,0.5545077174901962,0.8923404812812805,0.0008849752543324601,0.0007220232099317523,0.0036948971157700354,0.1397620538678102
1781866500.158493,19.663369178771973,dog_in_grass,nonsocial_movie,non_social,550,1,0.39245060017255395,0.4395255318591228,0.4159880660158384,1,0,0.5720541715621947,0.8769238948822021,0.13789725556560078,0.29502518950425255,1.207333992239205,0.5552147030830383,0.892238974571228,0.0007142354238428522,0.0001707398304896079,0.004869235429679452,0.1425988673333614
1781866500.19359,19.698466062545776,dog_in_grass,nonsocial_movie,non_social,551,1,0.4231474743948718,0.4273727225593253,0.42526009847709856,1,0,0.572421795129776,0.8765828311443329,0.14198810900489342,0.2983953864004322,1.0020978534615794,0.5546968132257462,0.8914008438587189,0.000985227382657026,0.00027099195881417383,0.003798944457762497,0.1423036650294635
1781866500.227042,19.73191809654236,dog_in_grass,nonsocial_movie,non_social,552,1,0.40420943463538617,0.43070985797380174,0.417459646304594,1,0,0.5721467792987823,0.8763294041156768,0.1423856207671164,0.29584262939169687,0.8589195469410871,0.5551593899726868,0.8922693729400635,0.0009840325258605339,1.1948567964921962e-06,0.0037829946886515863,0.14234597577696412
1781866500.261452,19.76632809638977,dog_in_grass,nonsocial_movie,non_social,553,1,0.4039742990638328,0.42858458436819474,0.4162794417160138,1,0,0.572262567281723,0.876490306854248,0.13854103035708162,0.29523084116953385,0.9657387714908862,0.5551161617040634,0.893172562122345,0.0009042230820978232,7.980944376271063e-05,0.002836012766794595,0.14161483801820707
1781866500.295965,19.800841093063354,dog_in_grass,nonsocial_movie,non_social,554,1,0.39412227681484474,0.4238282718423876,0.40897527432861613,1,0,0.5722401082515716,0.876809573173523,0.14865602983323556,0.29655414306241046,0.8078798630278641,0.5542557388544083,0.8917531371116638,0.0016598478367476582,0.000755624754649835,0.004111033718148559,0.14317378205461548
1781866500.3319502,19.83682632446289,dog_in_grass,nonsocial_movie,non_social,555,1,0.38304951733920106,0.4209387387303536,0.4019941280347773,1,0,0.5721105635166168,0.8771125674247742,0.14433403117919072,0.2910193367782186,0.7484974632199194,0.5540978163480759,0.8921978771686554,0.00047194622182954003,0.0011879016149181183,0.0026223721692135685,0.14510825370910757
1781866500.36558,19.870456218719482,dog_in_grass,nonsocial_movie,non_social,556,1,0.3864571862358358,0.44851154169604324,0.4174843639659395,1,0,0.572206997871399,0.8757259726524353,0.14201100017663074,0.29686518294534164,0.7861791413516778,0.5549965351819992,0.8910123705863953,0.0014876563443990101,0.0010157101225694702,0.004241316069180552,0.14174700826720651
1781866500.398294,19.903170108795166,dog_in_grass,nonsocial_movie,non_social,557,1,0.39463893407578726,0.4389722980315763,0.41680561605368177,1,0,0.5725718438625336,0.874772435426712,0.14494921815330875,0.30353138134804375,1.3158624002123431,0.5550101548433304,0.8889823853969574,0.0020300308777237517,0.0005423745333247416,0.00232957395409823,0.14223964985142293
1781866500.433671,19.938547134399414,dog_in_grass,nonsocial_movie,non_social,558,1,0.4016983220761693,0.4329722066000261,0.4173352643380977,1,0,0.5726141810417176,0.8747660696506501,0.13637681506918234,0.30356132280838954,1.2509472830028912,0.5556246787309647,0.889987051486969,0.0011777069078902167,0.000852323969833535,0.003292621092102041,0.14136186134169512
1781866500.467006,19.971882104873657,dog_in_grass,nonsocial_movie,non_social,559,1,0.4262101951491427,0.4327795530281197,0.4294948740886312,1,0,0.5726324915885925,0.8745717823505401,0.13464874615789607,0.3033795989193637,0.575895905049034,0.5558536648750305,0.8893150091171265,0.0007099828174242757,0.00046772409046594104,0.0020185367012475323,0.14055775243987195
1781866500.5020769,20.00695300102234,dog_in_grass,nonsocial_movie,non_social,560,1,0.42461601247417746,0.44232239932835404,0.43346920590126575,1,0,0.5727578580379487,0.8751764059066773,0.13691278343132007,0.30340278726493275,0.6973078844237951,0.5552693903446198,0.8899856209754944,0.0008894363335677247,0.00017945351614344904,0.0019175342457850883,0.13977443584319726
1781866500.538313,20.04318904876709,dog_in_grass,nonsocial_movie,non_social,561,1,0.40774528826669315,0.4290519505358121,0.4183986194012526,1,0,0.5727498948574066,0.8752298533916474,0.14062200965709218,0.2963968410629755,0.795079757093767,0.5548733174800873,0.8928954601287842,0.002936671178739157,0.002047234845171432,0.0032651969521948427,0.1411970703286568
1781866500.571792,20.07666802406311,dog_in_grass,nonsocial_movie,non_social,562,1,0.41492754008355315,0.42164248275109906,0.4182850114173261,1,0,0.5726162314414978,0.8748968720436097,0.1449088568856031,0.2976479936115969,0.35434674100477903,0.5544072985649109,0.8915109634399414,0.0014608232989375492,0.0014758478798016076,0.005613445405628671,0.14036266755487875
1781866500.6042309,20.10910701751709,dog_in_grass,nonsocial_movie,non_social,563,1,0.4127641434894469,0.4201108551853817,0.4164374993374143,1,0,0.572512298822403,0.8748064815998078,0.1422997509384555,0.296096414389043,0.3568245302915854,0.554409071803093,0.8922809362411499,0.0007699748430789856,0.0006908484558585636,0.0027252736058320736,0.14036578673357689
1781866500.6385658,20.143441915512085,dog_in_grass,nonsocial_movie,non_social,564,1,0.4102256896943438,0.41342617685278904,0.4118259332735664,1,0,0.5725419580936432,0.8746269524097443,0.14409438605643296,0.29339977452589494,0.7175028025661938,0.5546400398015976,0.8928296566009521,0.0005953488469752379,0.00017462599610374775,0.003380985294291805,0.1419592716894723
1781866500.673058,20.177934169769287,dog_in_grass,nonsocial_movie,non_social,565,1,0.41138109490417496,0.4224960608338425,0.41693857786900873,1,0,0.5728524386882783,0.8750345766544342,0.14121758732731282,0.29116122275795736,0.3453425497586914,0.5552186816930771,0.8933210670948029,0.0007591513103733413,0.00016380246339810342,0.0031952202438261155,0.14180730994667892
1781866500.708755,20.21363115310669,dog_in_grass,nonsocial_movie,non_social,566,1,0.4200938724860547,0.4355977280182225,0.4278458002521386,1,0,0.5730936527252197,0.8748574912548065,0.139008336122059,0.3000204973540246,0.18793769494417,0.5552557408809662,0.8906419575214386,0.002679365874511918,0.001920214564138577,0.0017199614077303244,0.14048091377784416
1781866500.742541,20.247417211532593,dog_in_grass,nonsocial_movie,non_social,567,1,0.409587678741572,0.4482183779686441,0.4289030283551081,1,0,0.5730352044105529,0.8750021576881408,0.1423717620480176,0.30021295977915546,0.7012855488648818,0.5544309467077255,0.891422837972641,0.0011358079535211043,0.0015435579209908139,0.0016993668522594751,0.1397668922579498
1781866500.7776709,20.282546997070312,dog_in_grass,nonsocial_movie,non_social,568,1,0.4086179278590223,0.44533138992974813,0.42697465889438524,1,0,0.5726016998291016,0.8744762122631073,0.14413594331821727,0.3011759401415602,0.6918819604143819,0.5539959818124771,0.8923508524894714,0.0010248928741807633,0.000110915079340341,0.003918779456894404,0.1393131672322475
1781866500.8125482,20.317424297332764,dog_in_grass,nonsocial_movie,non_social,569,1,0.40930662195980494,0.44506815602985966,0.42718738899483233,1,0,0.5726467788219451,0.8748816847801208,0.1386912851389323,0.2933799287179191,1.1343001308798106,0.5540534257888794,0.8941977918148041,0.0018478324279774666,0.0008229395537967033,0.003736266159665307,0.1400843584867694
1781866500.8466969,20.35157299041748,dog_in_grass,nonsocial_movie,non_social,570,1,0.40208780273839456,0.4532044597638754,0.427646131251135,1,0,0.5726320207118989,0.8741592764854431,0.14062107588787423,0.2880233704108526,1.3187622254503848,0.5543947964906693,0.8945768773555756,0.0005101370436093693,0.0013376953843680973,0.0042975208225965395,0.14120593832248546
1781866500.8815181,20.386394262313843,dog_in_grass,nonsocial_movie,non_social,571,1,0.4116840329371483,0.4462980229726723,0.4289910279549103,1,0,0.5728623688220977,0.8736845195293426,0.1374703922894362,0.29521207876459366,1.2733477530511839,0.5545771569013596,0.8903254270553589,0.004255359558791665,0.0037452225151822956,0.00378990179319615,0.14103963239342213
1781866500.915235,20.420111179351807,dog_in_grass,nonsocial_movie,non_social,572,1,0.41624562664790954,0.439338085523816,0.4277918560858628,1,0,0.5731971263885498,0.8736924946308136,0.13598737730991806,0.2940592785493893,1.1671072370483369,0.5549824982881546,0.8909631669521332,0.0007556545611498776,0.0034997049976417875,0.002914728666723972,0.14078878566918884
1781866500.949861,20.454737186431885,dog_in_grass,nonsocial_movie,non_social,573,1,0.4164662486769048,0.43349806156036436,0.4249821551186346,1,0,0.5733293414115905,0.8737591624259948,0.14056868447950538,0.2919508173085349,1.2383644386668395,0.5545950382947922,0.8923352360725403,0.0014257275046905481,0.0006700729435406706,0.003765556412755634,0.14059903009453864
1781866500.985745,20.490621089935303,dog_in_grass,nonsocial_movie,non_social,574,1,0.4110394010831,0.4259313177511434,0.4184853594171217,1,0,0.5735615074634552,0.8738947927951812,0.1459192402154325,0.28938684672667464,1.2627015387280058,0.5547420084476471,0.8922919034957886,0.00015322512208558076,0.0012725023826049675,0.005197047783874611,0.14065345174031288
1781866501.019219,20.524095058441162,dog_in_grass,nonsocial_movie,non_social,575,1,0.4019452118841364,0.4270159967873795,0.41448060433575795,1,0,0.5735826373100281,0.8738990306854248,0.14230214234870986,0.2894024128425021,1.3875414414815481,0.5554204285144806,0.8925929367542267,0.0007422094109941152,0.0005889842889085344,0.005184212557831843,0.14130358277403732
1781866501.052313,20.557189226150513,dog_in_grass,nonsocial_movie,non_social,576,1,0.4062515610405877,0.43581856375972733,0.42103506240015753,1,0,0.5737490653991699,0.873408979177475,0.14175587685758712,0.2959296694585093,1.3688835871902856,0.5552606284618378,0.8903770446777344,0.0022216466306516996,0.0014794372196575843,0.002997396867467004,0.14063246551885888
1781866501.088649,20.593525171279907,dog_in_grass,nonsocial_movie,non_social,577,1,0.3970303273183208,0.4186050845570776,0.40781770593769917,1,0,0.5733009815216064,0.8731912076473236,0.14349880935965248,0.29617677321749686,1.168536913918052,0.5550805926322937,0.8903332948684692,0.00018527532412697685,0.0020363713065247226,0.004630067550850654,0.14114364838070445
1781866501.121938,20.626814126968384,dog_in_grass,nonsocial_movie,non_social,578,1,0.389600788978299,0.45101958465244796,0.42031018681537347,1,0,0.5732632339000702,0.8735744953155518,0.14520072914260143,0.29259693653225866,1.5684368749504496,0.5548827946186066,0.8907288610935211,0.00044226314861219224,0.0002569878244852154,0.0047531204131725634,0.14142985405641903
1781866501.156906,20.661782026290894,dog_in_grass,nonsocial_movie,non_social,579,1,0.3996869368404363,0.44057141186061677,0.42012917435052655,1,0,0.5730863809585571,0.873794001340866,0.14448067011486546,0.29674807022895716,1.7943817632677719,0.5550968050956726,0.8900796175003052,0.0006836064128034363,0.00024134326419124406,0.004639603818853291,0.14092716108689782
1781866501.192349,20.697225093841553,dog_in_grass,nonsocial_movie,non_social,580,1,0.4017813638152251,0.43628916687879066,0.41903526534700786,1,0,0.5730363190174104,0.8736388087272644,0.1453271435865173,0.29893183779462706,1.790828282026741,0.5552892237901688,0.8892594873905182,0.0008424003507660835,0.00015879393796264718,0.003911288275317601,0.14114018354299784
