timestamp,elapsed_time,stimulus_id,stimulus_type,paper_category,frame_index,face_detected,left_ear,right_ear,avg_ear,eye_open,blink_state,gaze_x,gaze_y,yaw_proxy,pitch_proxy,roll_proxy_deg,head_center_x,head_center_y,head_movement,head_acceleration,mouth_open,eyebrow_signal
1781866511.2477021,30.752578258514404,mechanical_puppy,mixed_social_nonsocial_movie,mixed,868,1,0.45339047899055807,0.4680755110289258,0.46073299500974196,1,0,0.5521163076162339,0.8632882356643676,0.10050898004831472,0.2940874129930234,0.8489034759837277,0.5406570434570312,0.8835742771625519,0.0010664138651526522,0.0010664138651526522,0.009553303588383268,0.13877737812374466
1781866511.279722,30.784598112106323,mechanical_puppy,mixed_social_nonsocial_movie,mixed,869,1,0.45843841775896693,0.4725874744767454,0.46551294611785615,1,0,0.5519876480102539,0.8633208632469177,0.09252978200723441,0.2948396842025315,0.9510164069223909,0.5410681217908859,0.8826896846294403,0.0009754431537519159,9.097071140073628e-05,0.008373866151812587,0.1390808390856811
1781866511.314466,30.819342136383057,mechanical_puppy,mixed_social_nonsocial_movie,mixed,870,1,0.45717314558129774,0.4868276071314812,0.4720003763563895,1,0,0.5519479542970658,0.8627630174160004,0.09842413325546563,0.2922848901192709,1.0119421175334757,0.5405740141868591,0.8838303685188293,0.0012431017898260797,0.00026765863607416376,0.006427900917233577,0.13718191252237663
1781866511.348235,30.853111028671265,mechanical_puppy,mixed_social_nonsocial_movie,mixed,871,1,0.4270495655670979,0.4813302320979624,0.45418989883253014,1,0,0.5516786575317383,0.8621063172817229,0.09945199004976779,0.2897670990587523,1.4633397649199824,0.5405458062887192,0.883289635181427,0.0005414685842186516,0.0007016332056074281,0.008279153563360616,0.13965338820469714
1781866511.382182,30.88705801963806,mechanical_puppy,mixed_social_nonsocial_movie,mixed,872,1,0.4348723848345032,0.4636784973770876,0.4492754411057954,1,0,0.5513076543807983,0.862508898973465,0.09400890576922774,0.29383436739068486,1.0380038041683752,0.5406821519136429,0.8819131851196289,0.0013831865029922095,0.000841717918773558,0.008141976376573209,0.14033861110226412
1781866511.418296,30.92317223548889,mechanical_puppy,mixed_social_nonsocial_movie,mixed,873,1,0.429165020925964,0.45340145260790965,0.4412832367669368,1,0,0.5510156661272049,0.862273097038269,0.09037342517055974,0.30197759906974686,1.6347362014787492,0.5408275723457336,0.8807542026042938,0.0011680700205560877,0.00021511648243612187,0.007470966682391554,0.13903862345847612
1781866511.456523,30.96139907836914,mechanical_puppy,mixed_social_nonsocial_movie,mixed,874,1,0.41502475948632195,0.4355406919509988,0.4252827257186604,1,0,0.5500465214252472,0.8623091220855712,0.0910686021315318,0.2997212219244661,1.4273475130353996,0.5406215190887451,0.8818013668060303,0.0010672444940658706,0.00010082552649021701,0.007202765543673771,0.13935060498068225
1781866511.486891,30.991767168045044,mechanical_puppy,mixed_social_nonsocial_movie,mixed,875,1,0.41152831343573226,0.43685126358412263,0.42418978850992745,1,0,0.5499372243881225,0.8621355175971985,0.0898369337825065,0.30105921273354685,1.8614626909365328,0.5404889732599258,0.8801718950271606,0.0016348537166578365,0.0005676092225919659,0.008786800551154777,0.13983215853539516
1781866511.520085,31.024961233139038,mechanical_puppy,mixed_social_nonsocial_movie,mixed,876,1,0.4260540218259963,0.4472031323351749,0.43662857708058556,1,0,0.5498038113117218,0.862174892425537,0.09201934450054532,0.29382691021941415,1.658967208227472,0.5401419699192047,0.8814879953861237,0.001361077320850728,0.00027377639580710854,0.011188199316999253,0.13992837095782773
1781866511.555648,31.060524225234985,mechanical_puppy,mixed_social_nonsocial_movie,mixed,877,1,0.4197608512797486,0.4521642823892937,0.43596256683452117,1,0,0.5498281031847,0.8619418382644654,0.08858256621651009,0.29501910289759237,1.7548873946622172,0.5400066673755646,0.8813007771968842,0.00023099226977890206,0.0011300850510718259,0.007441243321649505,0.13944924423758853
1781866511.59008,31.094956159591675,mechanical_puppy,mixed_social_nonsocial_movie,mixed,878,1,0.4352249999653141,0.4604421789666979,0.44783358946600604,1,0,0.5493106663227081,0.8625661194324494,0.09280014613025359,0.2921730363227829,1.0953828930157343,0.539855107665062,0.8847513496875763,0.003453899370185673,0.003222907100406771,0.006872193681923151,0.13852099870400117
1781866511.623786,31.128662109375,mechanical_puppy,mixed_social_nonsocial_movie,mixed,879,1,0.4298376306257359,0.44922269393339936,0.43953016227956765,1,0,0.5492613911628723,0.8624761998653412,0.09174705475748698,0.2976497057179765,0.9524109642239051,0.5400026440620422,0.8823793530464172,0.0023765805381059098,0.0010773188320797634,0.00592710401674397,0.13919369310854365
1781866511.659776,31.164652109146118,mechanical_puppy,mixed_social_nonsocial_movie,mixed,880,1,0.41731510912396647,0.44225625721889655,0.4297856831714315,1,0,0.5489506274461746,0.8625999569892884,0.08863337473990335,0.29416171246005335,1.3603917774656786,0.5406325161457062,0.8827261626720428,0.0007190380784115192,0.0016575424596943905,0.0036217190203235976,0.1386892413627652
1781866511.692736,31.197612047195435,mechanical_puppy,mixed_social_nonsocial_movie,mixed,881,1,0.40439302977981856,0.4442684088346825,0.4243307193072505,1,0,0.5492084294557571,0.8621721982955932,0.08117365457220914,0.2958643111889987,1.4332452780721354,0.5406471490859985,0.8823347389698029,0.000391697124851409,0.00032734095356011023,0.00807540463726302,0.1391331549863461
1781866511.72645,31.23132610321045,mechanical_puppy,mixed_social_nonsocial_movie,mixed,882,1,0.4173762564434606,0.45260821062529083,0.4349922335343757,1,0,0.549048689007759,0.8622118413448334,0.08846302688658624,0.2936397189643885,1.0170389967676254,0.5398082882165909,0.8819590508937836,0.0009191458473422151,0.0005274487224908061,0.007843198113836524,0.13849938693668518
1781866511.761345,31.266221046447754,mechanical_puppy,mixed_social_nonsocial_movie,mixed,883,1,0.42875521355023155,0.4533266633643694,0.44104093845730047,1,0,0.548739242553711,0.8624516069889069,0.08606078040072357,0.2956989705361294,0.8948061722264281,0.540348544716835,0.8824872374534607,0.0007555515388638972,0.00016359430847831785,0.008730840962432878,0.13935543380543985
1781866511.797354,31.3022301197052,mechanical_puppy,mixed_social_nonsocial_movie,mixed,884,1,0.42375373930205185,0.45560990851149524,0.4396818239067736,1,0,0.5491153120994567,0.8624017655849456,0.08631044601879012,0.2937685802950873,0.9849120503629285,0.5397748351097107,0.8831819295883179,0.0009009660790169487,0.00014541454015305148,0.006230447185729772,0.1392431702050867
1781866511.832064,31.336940050125122,mechanical_puppy,mixed_social_nonsocial_movie,mixed,885,1,0.4402718029366534,0.4285713700649251,0.4344215865007892,1,0,0.5490761011838914,0.8626204431056976,0.07900056650943518,0.29166372325176876,1.2422072371855561,0.5405294895172119,0.8832406997680664,0.0007569393692949876,0.0001440267097219611,0.0051864003575400105,0.13807441912773408
1781866511.867313,31.372189044952393,mechanical_puppy,mixed_social_nonsocial_movie,mixed,886,1,0.42013811509965215,0.43421152307398375,0.427174819086818,1,0,0.5489965498447418,0.8625360488891601,0.08024526870558173,0.2999405525840144,1.0032348513985903,0.540108934044838,0.8815602958202362,0.001732231027671254,0.0009752916583762665,0.003747407493433238,0.13933528811767462
1781866511.89973,31.404606103897095,mechanical_puppy,mixed_social_nonsocial_movie,mixed,887,1,0.4363006982324064,0.4446535980409574,0.44047714813668193,1,0,0.5484908938407898,0.8630060434341431,0.07995505950285033,0.29912715816762586,0.6804130627741813,0.5404955744743347,0.8812679648399353,0.00048471457969111073,0.0012475164479801434,0.004276506075484861,0.13870092449733498
1781866511.933641,31.438517093658447,mechanical_puppy,mixed_social_nonsocial_movie,mixed,888,1,0.44581365052193844,0.4341914644718531,0.44000255749689576,1,0,0.5486433565616607,0.8630234122276306,0.08378715472536342,0.2997676593079747,0.9289237034890331,0.5403170585632324,0.8807401955127716,0.0005571430635047906,7.242848381367985e-05,0.0077342054571705975,0.13879305401714018
1781866511.968287,31.47316312789917,mechanical_puppy,mixed_social_nonsocial_movie,mixed,889,1,0.4398626600078993,0.4521696494183818,0.44601615471314054,1,0,0.548461177945137,0.8628215968608857,0.08303815805289598,0.29657294911205817,1.127623898431722,0.5404480844736099,0.8812399208545685,0.000516617079106234,4.0525984398556616e-05,0.005736891597718948,0.13826758630457725
1781866512.002968,31.50784420967102,mechanical_puppy,mixed_social_nonsocial_movie,mixed,890,1,0.42850329823151057,0.4426222383568346,0.4355627682941726,1,0,0.54860160946846,0.8629743039608002,0.0819463111816627,0.296916356022529,1.1189421038611727,0.5402823090553284,0.882608562707901,0.0013786449912866975,0.0008620279121804636,0.006002819818836913,0.1381392329293608
1781866512.038744,31.543620109558105,mechanical_puppy,mixed_social_nonsocial_movie,mixed,891,1,0.4220668594589614,0.44739251819480746,0.43472968882688445,1,0,0.5486391812562943,0.8629285991191864,0.08079350772338632,0.29634575281551295,1.1471725156027697,0.5402847677469254,0.8836875855922699,0.0010790256855868362,0.00029961930569986136,0.008486350637910098,0.1389183098613925
1781866512.072433,31.577309131622314,mechanical_puppy,mixed_social_nonsocial_movie,mixed,892,1,0.4152265167308131,0.4350330874474252,0.42512980208911916,1,0,0.5486675381660462,0.8632902085781098,0.0849993619861801,0.2990272187433933,0.9349109946606645,0.5402514636516571,0.8826976716518402,0.000990474013903781,8.855167168305518e-05,0.0054587848082676685,0.1403336748787633
1781866512.10676,31.6116361618042,mechanical_puppy,mixed_social_nonsocial_movie,mixed,893,1,0.4222318853951284,0.4544690556788306,0.4383504705369795,1,0,0.548700413107872,0.8628770589828492,0.08344146728658666,0.2953321822126802,1.0409873855505745,0.5403201282024384,0.882822573184967,0.00014253144744730454,0.0008479425664564764,0.005090790478852055,0.13843677378851757
1781866512.1401038,31.64497995376587,mechanical_puppy,mixed_social_nonsocial_movie,mixed,894,1,0.4206747419380654,0.43622867182181596,0.4284517068799407,1,0,0.5490835040807724,0.8628528416156769,0.08287770339924454,0.29352896425651265,1.1028755753602493,0.5402336567640305,0.8830484747886658,0.00024188601492022884,9.93545674729243e-05,0.006283120292442376,0.13887201103252295
1781866512.175863,31.680739164352417,mechanical_puppy,mixed_social_nonsocial_movie,mixed,895,1,0.4351380417819113,0.44793054894292095,0.4415342953624161,1,0,0.550440537929535,0.8619951844215393,0.08463297273699158,0.2958843951788763,0.7603565880026818,0.5400499403476715,0.8827069997787476,0.0003877588219994715,0.00014587280707924267,0.0064730150156389835,0.13731827717567474
1781866512.209207,31.714083194732666,mechanical_puppy,mixed_social_nonsocial_movie,mixed,896,1,0.44594043108796283,0.4583183128749608,0.4521293719814618,1,0,0.5505087465047837,0.8619928419589997,0.08437314064721228,0.29883403456761254,0.6907327048572296,0.5404854118824005,0.8825583755970001,0.00046013542023987797,7.237659824040646e-05,0.007987392614565565,0.1371289299381744
1781866512.248024,31.75290012359619,mechanical_puppy,mixed_social_nonsocial_movie,mixed,897,1,0.4379414897078028,0.44327401108523695,0.4406077503965199,1,0,0.5507799744606018,0.8616822838783265,0.08655228332000874,0.2952803094132193,1.0380824529776786,0.5402142852544785,0.8818571269512177,0.0007518372906288535,0.0002917018703889756,0.0063445818153179375,0.13665504999214578
1781866512.27879,31.783666133880615,mechanical_puppy,mixed_social_nonsocial_movie,mixed,898,1,0.447171482655438,0.4418884445497637,0.4445299636026009,1,0,0.5507152736186981,0.8618023276329041,0.08157039519845301,0.2946080945078847,0.8848539862270022,0.5404375344514847,0.8819660544395447,0.00024840571989621934,0.0005034315707326343,0.00795298421446795,0.13710700084255203
1781866512.312822,31.81769824028015,mechanical_puppy,mixed_social_nonsocial_movie,mixed,899,1,0.44509997735635176,0.4381314044024726,0.4416156908794122,1,0,0.551025202870369,0.8619549393653869,0.08775125274321592,0.29851639933386864,1.1959077479628424,0.5402816087007523,0.8824837803840637,0.0005406967665610777,0.0002922910466648583,0.0065157230079268755,0.13732074193802307
1781866512.3471801,31.85205626487732,mechanical_puppy,mixed_social_nonsocial_movie,mixed,900,1,0.43705000631618446,0.4546384998040883,0.4458442530601364,1,0,0.5512239545583725,0.8623379409313201,0.08863140129433165,0.2974655520310509,0.7575646312214352,0.5401424169540405,0.8811023831367493,0.0013883921266128712,0.0008476953600517936,0.004460387052605982,0.13753662081838453
1781866512.380469,31.885345220565796,mechanical_puppy,mixed_social_nonsocial_movie,mixed,901,1,0.4337149646500179,0.4625884075323848,0.4481516860912014,1,0,0.5512359827756882,0.8625189960002899,0.08870094586310175,0.3005760458287327,1.1749384772415128,0.5399785935878754,0.8802101016044617,0.0009071959149837413,0.00048119621162912994,0.0049483668033326305,0.13774322997512609
1781866512.415631,31.920507192611694,mechanical_puppy,mixed_social_nonsocial_movie,mixed,902,1,0.44045769307807925,0.467036161769208,0.45374692742364364,1,0,0.5511237114667893,0.8626858294010162,0.08427717577237603,0.296197565325513,1.0795796630701884,0.5403796136379242,0.8820799887180328,0.0019124055265661295,0.0010052096115823882,0.005920220056023101,0.1372547425033242
1781866512.4554849,31.960361003875732,mechanical_puppy,mixed_social_nonsocial_movie,mixed,903,1,0.43845891256371894,0.46493869316076375,0.45169880286224134,1,0,0.5510235637426377,0.8631961643695831,0.08857103077532087,0.29180412083594864,1.3893288120288656,0.5395864546298981,0.883539617061615,0.0016612092322767064,0.0002511962942894231,0.005786904411304078,0.1381270831996798
1781866512.484222,31.989098072052002,mechanical_puppy,mixed_social_nonsocial_movie,mixed,904,1,0.45577023327752847,0.47014388541842966,0.46295705934797904,1,0,0.5506621837615967,0.862811130285263,0.08554942448652147,0.29708886732359074,1.201947276728492,0.539710283279419,0.8817506730556488,0.0017932245232888464,0.00013201529101214003,0.006814849569525088,0.1369841274318166
1781866512.518924,32.02380013465881,mechanical_puppy,mixed_social_nonsocial_movie,mixed,905,1,0.459447558499789,0.4605105652570801,0.45997906187843457,1,0,0.5504715234041214,0.8629020154476166,0.08315118647655396,0.29878967501368386,1.2097420911191714,0.5394094884395599,0.8811294138431549,0.0006902467274781845,0.001102977795810662,0.007834917218077678,0.1362452228370059
1781866512.5535622,32.058438301086426,mechanical_puppy,mixed_social_nonsocial_movie,mixed,906,1,0.46557067775092853,0.45694149393366496,0.4612560858422967,1,0,0.5503631919622421,0.8631352961063385,0.08059922791776064,0.30290353099555023,1.1312278599756196,0.5394961088895798,0.8806452453136444,0.0004918559416434826,0.0001983907858347019,0.006205556421546758,0.13649791903219818
1781866512.590581,32.09545707702637,mechanical_puppy,mixed_social_nonsocial_movie,mixed,907,1,0.47883929987618973,0.471236375483788,0.47503783767998886,1,0,0.5500625789165496,0.8633354663848877,0.08176801653381348,0.3021425397971671,1.2992740021305764,0.5394298881292343,0.8806565701961517,6.718215584911972e-05,0.0004246737857943629,0.005495485564396282,0.13710053970738087
1781866512.623681,32.128557205200195,mechanical_puppy,mixed_social_nonsocial_movie,mixed,908,1,0.45883531339642075,0.46782641513950335,0.46333086426796205,1,0,0.5499208062887192,0.8631988346576691,0.08517688414984921,0.30149479318806904,1.116442797393497,0.539047122001648,0.881774514913559,0.001181655744963898,0.0011144735891147784,0.005262240049328947,0.13744718537501588
1781866512.658605,32.16348123550415,mechanical_puppy,mixed_social_nonsocial_movie,mixed,909,1,0.4613303369870043,0.45874753620686815,0.46003893659693623,1,0,0.5498025327920913,0.8627880752086639,0.08443567983968417,0.29973817253624485,0.9024146221374283,0.5390104502439499,0.8822315037250519,0.0004584578406379115,0.0007231979043259866,0.004486896428271671,0.13599079064141087
1781866512.694062,32.1989381313324,mechanical_puppy,mixed_social_nonsocial_movie,mixed,910,1,0.4694875970524745,0.4458294524328198,0.4576585247426471,1,0,0.5497377246618271,0.8625946640968323,0.08128419710411634,0.30120380993415813,0.5063754390090082,0.539250910282135,0.8817552924156189,0.0005334774983032235,7.501965766531203e-05,0.0046926212031585,0.1348551268032048
1781866512.725656,32.23053216934204,mechanical_puppy,mixed_social_nonsocial_movie,mixed,911,1,0.47790523407345625,0.4466976657758297,0.46230144992464295,1,0,0.5495179742574692,0.8624984562397003,0.08394678532772526,0.29912670413192466,0.3284086330750213,0.5389339029788971,0.8815415799617767,0.0003823174639398704,0.0001511600343633531,0.005963116553961494,0.13538015404715673
1781866512.759171,32.264047145843506,mechanical_puppy,mixed_social_nonsocial_movie,mixed,912,1,0.47902864307113296,0.45470891760878807,0.4668687803399605,1,0,0.5495557069778443,0.8622927427291871,0.07950713622518564,0.30090968356777875,0.7642685571118787,0.5395082533359528,0.8811094760894775,0.0007187434097826061,0.00033642594584273563,0.004001629869991851,0.13479939924621587
1781866512.793997,32.29887318611145,mechanical_puppy,mixed_social_nonsocial_movie,mixed,913,1,0.4646761147071316,0.43997808888074924,0.4523271017939404,1,0,0.5498697698116303,0.8626962840557098,0.08236181181501148,0.30364460757412276,0.7118947440478856,0.5392079949378967,0.8813887536525726,0.00041006226704185677,0.0003086811427407493,0.004823076742047579,0.13561314191899476
1781866512.830147,32.335023164749146,mechanical_puppy,mixed_social_nonsocial_movie,mixed,914,1,0.4793278588091969,0.438203582585631,0.45876572069741395,1,0,0.5496258109807968,0.8626577496528626,0.07989857974101232,0.2987683935466694,0.27126585467965714,0.5394110083580017,0.8824644982814789,0.0010947332804676062,0.0006846710134257494,0.004590231343621738,0.13608364433131107
1781866512.8645399,32.36941599845886,mechanical_puppy,mixed_social_nonsocial_movie,mixed,915,1,0.4607936476889219,0.4481716118365625,0.45448262976274223,1,0,0.549538666009903,0.8631093502044678,0.07763716108131663,0.29897347413562053,0.3802230964508063,0.5394727885723114,0.8828941881656647,0.00043410850193442425,0.000660624778533182,0.005901322241192668,0.13657259597315557
1781866512.898627,32.40350317955017,mechanical_puppy,mixed_social_nonsocial_movie,mixed,916,1,0.46122674425073656,0.4487831251394521,0.45500493469509434,1,0,0.5491819828748703,0.8627534091472626,0.0751659071937311,0.29646085918666537,0.34947265497068647,0.5395575761795044,0.8844429850578308,0.001551115969718899,0.0011170074677844747,0.0031339571160248444,0.13551007416006627
1781866512.933215,32.43809103965759,mechanical_puppy,mixed_social_nonsocial_movie,mixed,917,1,0.44283033315867576,0.4481843891968159,0.4455073611777458,1,0,0.5487768441438675,0.8626049160957336,0.07964273474890944,0.29454437429011276,0.41723693482425844,0.5390883684158325,0.8847916424274445,0.0005845664092948462,0.0009665495604240528,0.005186364178568316,0.1353471773801507
1781866512.966777,32.47165322303772,mechanical_puppy,mixed_social_nonsocial_movie,mixed,918,1,0.45633907259172896,0.4531214062049199,0.45473023939832447,1,0,0.5485282063484191,0.8625309467315674,0.07754808513397686,0.2957600278854329,0.3294159642491824,0.5392565578222275,0.8836836814880371,0.0011206538804090687,0.0005360874711142225,0.0030297298324941384,0.1357490788435385
1781866513.0023181,32.50719428062439,mechanical_puppy,mixed_social_nonsocial_movie,mixed,919,1,0.4746766174653717,0.43577924442190225,0.455227930943637,1,0,0.5485646665096282,0.8625626981258392,0.07633194866895811,0.29297590086836633,0.02971563370619739,0.5393659770488739,0.8836700916290283,0.00011025992666322668,0.001010393953745842,0.003687263245605862,0.1346609129642191
1781866513.038243,32.54311919212341,mechanical_puppy,mixed_social_nonsocial_movie,mixed,920,1,0.46041771757920236,0.4383273271129548,0.4493725223460786,1,0,0.5484998136758804,0.86192307472229,0.07473036609389366,0.29837365519468906,0.20383325836186736,0.5395167469978333,0.8832737803459167,0.00042402147425660644,0.0003137615475933798,0.0050752789832324225,0.13523184017130796
1781866513.091278,32.59615421295166,mechanical_puppy,mixed_social_nonsocial_movie,mixed,921,1,0.4731423972612321,0.43769640008122696,0.4554193986712295,1,0,0.5485670775175094,0.8616431951522827,0.07734568551317073,0.2965879363805841,0.23751647424085423,0.5392777472734451,0.8829759061336517,0.00038190301725713236,4.2118456999474076e-05,0.0029906678328199135,0.13351974831365984
1781866513.1048698,32.60974597930908,mechanical_puppy,mixed_social_nonsocial_movie,mixed,922,1,0.4734482826501686,0.42847684284629123,0.4509625627482299,1,0,0.5483089029788971,0.8613711655139924,0.07537081666021367,0.2970174025375007,0.03505688329314179,0.5388909131288528,0.8839242458343506,0.0010242015638262003,0.0006422985465690679,0.003742182450632286,0.13465926068071546
1781866513.1407418,32.645617961883545,mechanical_puppy,mixed_social_nonsocial_movie,mixed,923,1,0.4893887457291387,0.43411296691357937,0.46175085632135904,1,0,0.548415356874466,0.8614122807979584,0.07638509496961243,0.29375985024726115,0.03725614440705264,0.5389400124549866,0.8846262395381927,0.0007037086784038014,0.00032049288542239894,0.0028121056928994293,0.1329702434467753
1781866513.174407,32.679283142089844,mechanical_puppy,mixed_social_nonsocial_movie,mixed,924,1,0.476628690292023,0.43866294969719816,0.45764581999461057,1,0,0.5483187109231948,0.861068731546402,0.07588108560062307,0.29746924190636564,0.07722406892115792,0.5388003587722778,0.8833464980125427,0.0012873389311161088,0.0005836302527123074,0.0032412499950367248,0.13372357165589038
1781866513.207686,32.712562084198,mechanical_puppy,mixed_social_nonsocial_movie,mixed,925,1,0.46882053790417755,0.4317527245309464,0.45028663121756196,1,0,0.5481997281312943,0.8609345078468322,0.07869063895583445,0.2952964136917841,0.04847999013815652,0.5386545360088348,0.883468508720398,0.00019013387696432247,0.0010972050541517863,0.006326743527121627,0.13404945253877196
1781866513.241972,32.74684810638428,mechanical_puppy,mixed_social_nonsocial_movie,mixed,926,1,0.475868241386372,0.43443215211844155,0.45515019675240675,1,0,0.5481286734342574,0.8609056532382965,0.07537790740682627,0.2976710454242809,-0.08450096285337087,0.5385632812976837,0.8828678131103516,0.0006075875560248708,0.0004174536790605484,0.005144142027219802,0.13314645380745613
1781866513.276482,32.78135824203491,mechanical_puppy,mixed_social_nonsocial_movie,mixed,927,1,0.46578742790210814,0.43348523923647964,0.4496363335692939,1,0,0.547576653957367,0.8609500229358673,0.07917305853539781,0.2994062039063151,0.4741797363827548,0.5385355055332184,0.8824264109134674,0.00044227524518764574,0.00016531231083722508,0.0027142075254181952,0.13386694129632168
1781866513.310712,32.8155882358551,mechanical_puppy,mixed_social_nonsocial_movie,mixed,928,1,0.46435394695134397,0.4306798591007007,0.4475169030260223,1,0,0.5472973704338073,0.8606311261653901,0.07232706069557429,0.3018733108596993,0.5806716482565013,0.538707971572876,0.8812251687049866,0.0012135597959190508,0.000771284550731405,0.006688572262516605,0.13431601596729012
1781866513.352042,32.85691809654236,mechanical_puppy,mixed_social_nonsocial_movie,mixed,929,1,0.462195328077001,0.43367577514069394,0.44793555160884746,1,0,0.5474081933498383,0.8602429807186127,0.07357173164122087,0.3015702839234687,1.0405575692171904,0.5384557694196701,0.882104754447937,0.0009150284177463313,0.0002985313781727196,0.005900399774014688,0.13502610432066475
1781866513.3803551,32.885231256484985,mechanical_puppy,mixed_social_nonsocial_movie,mixed,930,1,0.47046364368987825,0.43103837467581047,0.4507510091828444,1,0,0.5470407783985138,0.8595560789108276,0.07377928402379802,0.30541727205592434,0.5597710731229554,0.5385526418685913,0.8797211050987244,0.002385617004332813,0.0014705885865864815,0.0063178252727801735,0.1357819666966609
1781866513.415692,32.920568227767944,mechanical_puppy,mixed_social_nonsocial_movie,mixed,931,1,0.47009605616426625,0.4395984384905457,0.454847247327406,1,0,0.5470052361488342,0.8591996431350708,0.07669555290201406,0.3064618491612056,0.5600925316069647,0.5386045426130295,0.8791947364807129,0.0005289211749406012,0.0018566958293922116,0.004468634515398738,0.13602655250796533
1781866513.449933,32.95480918884277,mechanical_puppy,mixed_social_nonsocial_movie,mixed,932,1,0.4678078376136643,0.43687359696850914,0.4523407172910867,1,0,0.5468618422746658,0.8588049650192261,0.07569110838882659,0.3027721343363234,0.5191013121100642,0.5387243032455444,0.8794253766536713,0.0002598797769789917,0.0002690413979616095,0.006030012977498261,0.1359371001179163
1781866513.484709,32.989585161209106,mechanical_puppy,mixed_social_nonsocial_movie,mixed,933,1,0.4648792005147215,0.4363494195815139,0.4506143100481177,1,0,0.5465887486934662,0.8588887810707093,0.07863657467363319,0.3038954038706797,0.49788016134513013,0.5384774655103683,0.8798426687717438,0.0004848314957924054,0.00022495171881341372,0.00525350647659467,0.1348085123580686
1781866513.517503,33.02237915992737,mechanical_puppy,mixed_social_nonsocial_movie,mixed,934,1,0.4592084483464201,0.4277886607143207,0.4434985545303704,1,0,0.5464005321264267,0.859017527103424,0.07427992052937613,0.3043448558618001,0.6147303308604194,0.5386389791965485,0.8792392015457153,0.0006247074224898819,0.00013987592669747648,0.005666770428249375,0.13565957021017475
1781866513.552008,33.05688405036926,mechanical_puppy,mixed_social_nonsocial_movie,mixed,935,1,0.458911878266569,0.430994892366616,0.44495338531659245,1,0,0.5464204639196396,0.8586543381214142,0.07566901399628818,0.30139383280951015,0.41028892914633425,0.5386793911457062,0.8797191381454468,0.0004816349918730026,0.0001430724306168793,0.007457699168899714,0.13416067443242735
1781866513.601506,33.10638213157654,mechanical_puppy,mixed_social_nonsocial_movie,mixed,936,1,0.46708890021436095,0.43216804478584964,0.4496284725001053,1,0,0.5464096337556839,0.8585831046104431,0.08003713963760987,0.3013343427423354,0.26592525815225365,0.5381061881780624,0.8812077641487122,0.0015951705299789892,0.0011135355381059866,0.0064029986107807125,0.13463976475037667
1781866513.621938,33.126814126968384,mechanical_puppy,mixed_social_nonsocial_movie,mixed,937,1,0.4513370923872926,0.437457817624579,0.4443974550059358,1,0,0.546490377187729,0.8585525333881379,0.07752603013980304,0.2995408436516423,0.5223680789627136,0.5382892489433289,0.8820983171463013,0.0009091731877342614,0.0006859973422447278,0.00782641464758941,0.13471016709504827
1781866513.6574578,33.162333965301514,mechanical_puppy,mixed_social_nonsocial_movie,mixed,938,1,0.45533208572793443,0.4443061480791937,0.4498191169035641,1,0,0.5465859860181809,0.8584249079227447,0.07837592159088912,0.3021845079791146,0.45355237270977533,0.5384061485528946,0.8809323906898499,0.0011717721709316948,0.00026259898319743336,0.005309930956877272,0.13566012361443505
1781866513.691871,33.196747064590454,mechanical_puppy,mixed_social_nonsocial_movie,mixed,939,1,0.4508281082392703,0.4514949644302996,0.45116153633478495,1,0,0.5466980993747711,0.8582381665706634,0.0806574246586178,0.30177750520882385,0.2307482552594565,0.5378324687480927,0.8808055520057678,0.0005875343140764243,0.0005842378568552705,0.004907493175006395,0.13517467147192375
1781866513.725648,33.23052406311035,mechanical_puppy,mixed_social_nonsocial_movie,mixed,940,1,0.4663788114696721,0.46396641636973424,0.46517261391970316,1,0,0.5475322932004929,0.857652872800827,0.07971813154607398,0.2969677579235075,0.24480297668942658,0.5379669219255447,0.8810002207756042,0.000236587376832725,0.0003509469372436993,0.00653544112184631,0.13422454530065148
1781866513.758262,33.26313805580139,mechanical_puppy,mixed_social_nonsocial_movie,mixed,941,1,0.44515296968600554,0.472630358872892,0.4588916642794488,1,0,0.5479764670133591,0.8569659352302551,0.08403125413019004,0.2991827248505621,0.7811037817882267,0.5380180031061172,0.8814206123352051,0.0004234835892833388,0.0001868962124506138,0.008044607994064942,0.1341523580442112
1781866513.793082,33.29795813560486,mechanical_puppy,mixed_social_nonsocial_movie,mixed,942,1,0.45037728663181986,0.4638164470912738,0.4570968668615468,1,0,0.5481683403253556,0.8564308285713196,0.08212434358273613,0.2960044456133146,0.8222463628635451,0.5380965173244476,0.8813742399215698,9.118598152342376e-05,0.00033229760775991505,0.00729682677721893,0.1333533303959157
1781866513.8306198,33.335495948791504,mechanical_puppy,mixed_social_nonsocial_movie,mixed,943,1,0.44424878521240074,0.46016098793873805,0.4522048865755694,1,0,0.54867724776268,0.8551044344902039,0.08109789258523033,0.2937483050706321,1.497432921402342,0.5385114848613739,0.8818938136100769,0.0006649472719633543,0.0005737612904399306,0.0048083658083337725,0.13292517876338641
1781866513.863209,33.36808514595032,mechanical_puppy,mixed_social_nonsocial_movie,mixed,944,1,0.45997903884667773,0.46576792165165726,0.4628734802491675,1,0,0.5486895829439162,0.8543667376041413,0.08334996205370723,0.2967292928233059,0.9281035854794866,0.5384239852428436,0.8792616426944733,0.0026336248617053713,0.0019686775897420168,0.006576949211921938,0.1330182130773692
1781866513.8972821,33.40215826034546,mechanical_puppy,mixed_social_nonsocial_movie,mixed,945,1,0.45396009172381574,0.46509420490728004,0.45952714831554786,1,0,0.5488027542829514,0.8532703399658204,0.0811666406404836,0.2973391920247307,0.7332834326068097,0.53876993060112,0.8784904181957245,0.0008452605624204113,0.00178836429928496,0.006819502201488903,0.13270535719555235
1781866513.933543,33.43841910362244,mechanical_puppy,mixed_social_nonsocial_movie,mixed,946,1,0.46638279121344034,0.4414811304052918,0.45393196080936604,1,0,0.5490515559911728,0.8538655459880828,0.08262369682294982,0.2952945812524459,0.7500112009540711,0.5386151820421219,0.8780020475387573,0.0005123016836772347,0.0003329588787431766,0.011276094420335555,0.1331168690343601
1781866513.968114,33.47299003601074,mechanical_puppy,mixed_social_nonsocial_movie,mixed,947,1,0.4655172121246506,0.43370588511397623,0.4496115486193134,1,0,0.5492482930421829,0.854300731420517,0.08861459309535542,0.290112518867957,0.444396707719517,0.5381304025650024,0.8813888132572174,0.003421285310109732,0.0029089836264324974,0.0099512008890762,0.132360095715118
1781866514.000278,33.50515413284302,mechanical_puppy,mixed_social_nonsocial_movie,mixed,948,1,0.46979562044997697,0.45549459392374964,0.4626451071868633,1,0,0.5493324786424637,0.854747599363327,0.08431796849191929,0.2887966775579195,0.8836084327608812,0.5382225811481476,0.8814907371997833,0.00013742409271603844,0.0032838612173936937,0.00841452939298703,0.13164521267246737
1781866514.037777,33.54265308380127,mechanical_puppy,mixed_social_nonsocial_movie,mixed,949,1,0.4694994047629936,0.44773019791367386,0.45861480133833377,1,0,0.5492921739816665,0.8547705411911011,0.08571308997801257,0.2861205463439093,0.4923001111963795,0.5381026864051819,0.881667286157608,0.00021341106789433633,7.59869751782979e-05,0.00450381103725069,0.13189960012362106
1781866514.0693812,33.574257373809814,mechanical_puppy,mixed_social_nonsocial_movie,mixed,950,1,0.47338618015091427,0.4734983577333318,0.47344226894212305,1,0,0.5493947267532349,0.8542511284351348,0.09170044322135024,0.28550835216015547,1.126904156075598,0.5378675907850266,0.8802882730960846,0.0013989092088010806,0.0011854981409067443,0.00511574270417656,0.13243511121347323
1781866514.1041348,33.60901093482971,mechanical_puppy,mixed_social_nonsocial_movie,mixed,951,1,0.44059186349702767,0.4722463691314032,0.45641911631421545,1,0,0.5498626381158829,0.8546400845050812,0.09630663577537209,0.29048272240770734,1.3720976311112705,0.5375921726226807,0.8790759444236755,0.0012432200022904607,0.0001556892065106199,0.005874935239070562,0.1334386107979667
1781866514.139186,33.64406204223633,mechanical_puppy,mixed_social_nonsocial_movie,mixed,952,1,0.4476980734091734,0.43305899032976525,0.4403785318694693,1,0,0.5524459600448608,0.8561932146549225,0.10500583746166701,0.2893119067721046,0.2818546061076701,0.5387430340051651,0.8784561455249786,0.0013071467387098805,6.392673641941976e-05,0.005476163682345786,0.13764865980807922
1781866514.173228,33.67810416221619,mechanical_puppy,mixed_social_nonsocial_movie,mixed,953,1,0.4067787540644459,0.4026162665102611,0.4046975102873535,1,0,0.5562608718872071,0.8591044247150421,0.11604485129983486,0.2837920856702342,-0.25279062848776884,0.539392277598381,0.8807820677757263,0.002414835721090589,0.0011076889823807084,0.011579913033701206,0.14177847131241023
1781866514.206697,33.711573123931885,mechanical_puppy,mixed_social_nonsocial_movie,mixed,954,1,0.38662587785494285,0.40292180682470724,0.39477384233982504,1,0,0.5578021615743638,0.8601593673229218,0.12844384238073533,0.2809727309810565,0.04919577504829379,0.5388469398021698,0.8840996325016022,0.0033620870039831312,0.0009472512828925424,0.008020741441929097,0.14058900310762354
1781866514.242419,33.74729514122009,mechanical_puppy,mixed_social_nonsocial_movie,mixed,955,1,0.42432843709886214,0.3908065643175331,0.4075675007081976,1,0,0.5601026117801666,0.8606852054595948,0.12943299639735226,0.2848505044073147,-0.020655850449069528,0.5422564148902893,0.8828721940517426,0.0036236894906574576,0.0002616024866743264,0.01168494133640488,0.13932155982993308
1781866514.2760372,33.78091335296631,mechanical_puppy,mixed_social_nonsocial_movie,mixed,956,1,0.4081744218597889,0.42764463574142886,0.4179095288006089,1,0,0.5625041246414184,0.8638806700706483,0.14256481453174344,0.2791531115627851,1.1215324517464418,0.54257732629776,0.886004239320755,0.003148442741830968,0.00047524674882648945,0.005219311540110635,0.1397152581025928
1781866514.3104079,33.81528401374817,mechanical_puppy,mixed_social_nonsocial_movie,mixed,957,1,0.4509804111665729,0.4415063449199619,0.4462433780432674,1,0,0.5624066948890686,0.8636421382427215,0.13685455389460235,0.28376735680312337,0.31015742650886546,0.5425553619861603,0.885978639125824,3.373130540843099e-05,0.003114711436422537,0.004050249721115695,0.13849395742254708
1781866514.343932,33.84880805015564,mechanical_puppy,mixed_social_nonsocial_movie,mixed,958,1,0.43321112120765276,0.47920103564040484,0.4562060784240288,1,0,0.5621784567832946,0.8619652330875396,0.14758978974842096,0.27854617250470015,0.8895575263926289,0.5420393496751785,0.8862329125404358,0.0005752596582962162,0.0005415283528877852,0.004525561296098757,0.13662100916878667
1781866514.379605,33.88448119163513,mechanical_puppy,mixed_social_nonsocial_movie,mixed,959,1,0.4200894725589014,0.4420161707825632,0.43105282167073233,1,0,0.5636451303958893,0.8620900094509125,0.15668413927245267,0.28420061953312414,0.6093904820657164,0.5427935570478439,0.8846911787986755,0.0017163250541389083,0.001141065395842692,0.0040551533268679725,0.13969196854957663
1781866514.4143832,33.91925930976868,mechanical_puppy,mixed_social_nonsocial_movie,mixed,960,1,0.41638919573753924,0.4250256790791609,0.42070743740835004,1,0,0.564400988817215,0.8622912406921387,0.16437107596437414,0.2916458406721103,0.8283018135492056,0.5421558618545532,0.8807195127010345,0.004022534866312149,0.002306209812173241,0.005719229836826333,0.1425905690826106
1781866514.4489548,33.95383095741272,mechanical_puppy,mixed_social_nonsocial_movie,mixed,961,1,0.4694212360922533,0.46399519547015655,0.4667082157812049,1,0,0.5648597061634064,0.8639488935470581,0.14836221650734993,0.2902807981976923,-0.14300261340927126,0.5444280207157135,0.8811870515346527,0.0023197625851130122,0.0017027722811991369,0.00848757987710346,0.14060657725502018
1781866514.482538,33.98741412162781,mechanical_puppy,mixed_social_nonsocial_movie,mixed,962,1,0.4517526172980455,0.44673773887268153,0.4492451780853635,1,0,0.5674371242523193,0.8664803802967072,0.17152565829435448,0.28366412785680073,-0.3809866641713775,0.5456120669841766,0.8888885676860809,0.0077920033750359255,0.005472240789922913,0.006147347501110242,0.13966336935901227
1781866514.518424,34.02330017089844,mechanical_puppy,mixed_social_nonsocial_movie,mixed,963,1,0.4981381574772201,0.48461852784373405,0.4913783426604771,1,0,0.5680297017097473,0.868470698595047,0.17502070077225534,0.28412520160047516,-0.0769978036011555,0.5444115996360779,0.8881110548973083,0.0014302615112475677,0.006361741863788357,0.006318624915774486,0.13890122240338465
1781866514.556731,34.061607122421265,mechanical_puppy,mixed_social_nonsocial_movie,mixed,964,1,0.44992993456557134,0.4267679068734519,0.4383489207195116,1,0,0.5690404772758484,0.8672168493270873,0.19744982652850493,0.2875564439054861,-0.32745825568677384,0.5437695235013962,0.8880515694618225,0.0006448257747351099,0.0007854357365124578,0.0054065908741414955,0.141115620507852
1781866514.584811,34.08968710899353,mechanical_puppy,mixed_social_nonsocial_movie,mixed,965,1,0.4514514796824243,0.43105140254002744,0.44125144111122583,1,0,0.5712640881538391,0.8659022629261017,0.19684447043829043,0.2845886129944113,-1.0104554966217452,0.5453667789697647,0.8867081701755524,0.002087090480449829,0.0014422647057147193,0.004666828749237554,0.14055470545360788
1781866514.62144,34.12631607055664,mechanical_puppy,mixed_social_nonsocial_movie,mixed,966,1,0.4489836500429932,0.45654337196963546,0.4527635110063143,1,0,0.5721562206745148,0.8643685281276703,0.20800502040438726,0.2873126750687378,-0.45894383732113186,0.5449772626161575,0.8811403512954712,0.0055814272431982705,0.0034943367627484415,0.00808706034989541,0.14154269512640402
1781866514.6537259,34.15860199928284,mechanical_puppy,mixed_social_nonsocial_movie,mixed,967,1,0.4324280688557476,0.46303536452442984,0.4477317166900887,1,0,0.5726099073886872,0.8633665859699249,0.2151201484519417,0.2826780429460859,0.2926413410370909,0.5457034707069397,0.8841724097728729,0.0031178128233589,0.0024636144198393706,0.0073803260953509,0.14380562810261632
1781866514.6896808,34.19455695152283,mechanical_puppy,mixed_social_nonsocial_movie,mixed,968,1,0.4372741352370819,0.4507125872952229,0.4439933612661524,1,0,0.5737165629863739,0.8636695683002471,0.22000193418215508,0.2852758162687109,-0.1915692875012697,0.5467538684606552,0.882852166891098,0.0016871208338136005,0.0014306919895452994,0.010066212013216625,0.1453794292679982
1781866514.7246,34.2294762134552,mechanical_puppy,mixed_social_nonsocial_movie,mixed,969,1,0.45680807554727837,0.44153451399261223,0.44917129476994533,1,0,0.5746266543865204,0.8639420807361602,0.22292043148531937,0.28359529037828834,-0.40577222960582054,0.546678215265274,0.8822888731956482,0.000568351293923842,0.0011187695398897585,0.010286967173116716,0.1426721076846692
1781866514.758365,34.26324105262756,mechanical_puppy,mixed_social_nonsocial_movie,mixed,970,1,0.450198208031514,0.4761161185078111,0.46315716326966255,1,0,0.5752255260944367,0.8627707540988923,0.2304071094678107,0.28003711435601836,-0.5705982932603783,0.5466123074293137,0.8828316628932953,0.0005467764613741213,2.1574832549720686e-05,0.009168252547827261,0.14253172534905087
1781866514.792829,34.29770517349243,mechanical_puppy,mixed_social_nonsocial_movie,mixed,971,1,0.4492080027216833,0.4550046610486718,0.45210633188517757,1,0,0.5759466290473938,0.8611384332180023,0.23428865559657133,0.2834708853753281,0.06169887105334011,0.5465342849493027,0.8802642822265625,0.002568565941396164,0.0020217894800220425,0.007263945973211119,0.14314553321604487
1781866514.829386,34.33426213264465,mechanical_puppy,mixed_social_nonsocial_movie,mixed,972,1,0.44657138950329045,0.428963487687285,0.4377674385952877,1,0,0.5764537990093231,0.8598153114318847,0.23426510532173117,0.2800001225431511,-0.11103939575504156,0.5469156503677368,0.8806061744689941,0.0005121814988970069,0.0020563844424991568,0.004084929583735903,0.14443726045779098
1781866514.861537,34.36641311645508,mechanical_puppy,mixed_social_nonsocial_movie,mixed,973,1,0.4469830359171441,0.43513738407848074,0.4410602099978124,1,0,0.5767956376075745,0.859199732542038,0.23605776210255178,0.2822230016088846,-0.43274527465341794,0.5473467409610748,0.8798570036888123,0.0008643471279195956,0.00035216562902258867,0.006238257401616805,0.1436785767424884
1781866514.896102,34.400978088378906,mechanical_puppy,mixed_social_nonsocial_movie,mixed,974,1,0.44734445148717017,0.4209122723571251,0.43412836192214765,1,0,0.5775838136672973,0.861198228597641,0.23327832009916502,0.2832154688776699,-0.4988194082320958,0.5480760037899017,0.879712849855423,0.0007433737964102875,0.00012097333150930809,0.009306436627621727,0.14360703885297302
1781866514.9308622,34.43573832511902,mechanical_puppy,mixed_social_nonsocial_movie,mixed,975,1,0.44928609544392917,0.44142684322855985,0.4453564693362445,1,0,0.577948623895645,0.8621140956878662,0.23680182241888806,0.27989117544945363,-0.7011815455001091,0.5476102530956268,0.8816525936126709,0.0019948758239549274,0.00125150202754464,0.008344698280136611,0.1417805438882301
1781866514.964412,34.46928811073303,mechanical_puppy,mixed_social_nonsocial_movie,mixed,976,1,0.46509872838224126,0.41331876327321665,0.43920874582772895,1,0,0.5781092405319215,0.8626338541507721,0.2402422817215655,0.2800037359090069,-0.567006266929194,0.5477997958660126,0.8826816380023956,0.0010463550151977325,0.0009485208087571949,0.008872048785893647,0.14284721703285436
1781866514.998538,34.503414154052734,mechanical_puppy,mixed_social_nonsocial_movie,mixed,977,1,0.4561021004711438,0.4191986322418962,0.43765036635652,1,0,0.5783978044986725,0.8614450931549071,0.24905290729081658,0.2761611144363762,-0.4538522994604761,0.547369122505188,0.8833574950695038,0.0008014127019731964,0.0002449423132245361,0.011419868678959928,0.14269802678354948
1781866515.0556412,34.56051731109619,mechanical_puppy,mixed_social_nonsocial_movie,mixed,978,1,0.4539800483111454,0.41811993137440256,0.436049989842774,1,0,0.5786464273929596,0.8601577043533326,0.2515735689679536,0.2790659572389961,-0.7514498874954056,0.5479000508785248,0.8799712657928467,0.003427598817204801,0.0026261861152316046,0.012318538092820203,0.14272960578351765
1781866515.06916,34.57403612136841,mechanical_puppy,mixed_social_nonsocial_movie,mixed,979,1,0.4709653916651859,0.40499903355306627,0.43798221260912606,1,0,0.5787247061729431,0.8596923232078553,0.24734034910420122,0.2775804357464391,-0.34675924303685973,0.5479825735092163,0.881788045167923,0.0018186526007676286,0.0016089462164371722,0.010817510271594383,0.14118852280111835
1781866515.1015391,34.60641527175903,mechanical_puppy,mixed_social_nonsocial_movie,mixed,980,1,0.45926421903127707,0.4226245924907193,0.4409444057609982,1,0,0.5789927065372467,0.8601170718669892,0.25016908580554426,0.27174019504124713,-0.5692597516939439,0.5482518225908279,0.883470892906189,0.0017042510314315992,0.00011440156933602936,0.008892019593343913,0.1425014638898423
1781866515.1372201,34.642096281051636,mechanical_puppy,mixed_social_nonsocial_movie,mixed,981,1,0.47197074348746365,0.41890434865846743,0.44543754607296554,1,0,0.5791010856628418,0.860410863161087,0.2506245306020872,0.275373391376717,-0.08327519065294998,0.5483157932758331,0.8833909034729004,0.00010242342494693413,0.0016018276064846651,0.007461040828767539,0.14140365080311681
1781866515.171013,34.67588925361633,mechanical_puppy,mixed_social_nonsocial_movie,mixed,982,1,0.4426810481277378,0.43297460454745024,0.437827826337594,1,0,0.5794818222522735,0.8593948662281037,0.2569108485106447,0.27908898695200257,-0.33775011336950944,0.5474975407123566,0.8818319737911224,0.0017606246080196309,0.0016582011830726967,0.005577641893898279,0.13959983145441363
1781866515.205855,34.7107310295105,mechanical_puppy,mixed_social_nonsocial_movie,mixed,983,1,0.4793985390321362,0.44104738013194167,0.46022295958203896,1,0,0.5791287004947663,0.8581923723220826,0.2564432640680009,0.2780692106933193,-0.29826496833850186,0.5474587380886078,0.880234569311142,0.0015978756886164396,0.00016274891940319127,0.004425342437565268,0.139200290827919
1781866515.241814,34.74669003486633,mechanical_puppy,mixed_social_nonsocial_movie,mixed,984,1,0.48123332830414506,0.4060591644295055,0.44364624636682526,1,0,0.5791624426841735,0.8570130646228791,0.25151963168111346,0.27265530678346145,0.007139319463599785,0.5486877709627151,0.8818705677986145,0.0020462191614411735,0.00044834347282473393,0.010479755768096897,0.14032797966464436
1781866515.274732,34.77960824966431,mechanical_puppy,mixed_social_nonsocial_movie,mixed,985,1,0.45256937984932444,0.4366182330225477,0.44459380643593605,1,0,0.5798661649227143,0.8567057073116302,0.2721305405720848,0.2767964408940117,-0.2405382070289104,0.5469069629907608,0.8805206120014191,0.0022346493432656746,0.00018843018182450105,0.006477872142438314,0.13723091420648717
1781866515.30918,34.814056158065796,mechanical_puppy,mixed_social_nonsocial_movie,mixed,986,1,0.4683658036370761,0.420870829418689,0.44461831652788253,1,0,0.5797383666038514,0.8567984163761139,0.2607566950814902,0.2706087679972974,-0.22888626363049888,0.5483057200908661,0.8829194009304047,0.0027768164777166693,0.0005421671344509947,0.006147311360237766,0.13932142357191873
1781866515.344979,34.849855184555054,mechanical_puppy,mixed_social_nonsocial_movie,mixed,987,1,0.46128927857047547,0.4310527582186804,0.44617101839457796,1,0,0.5803565204143524,0.8569260716438294,0.26783518317850674,0.27150619757772637,0.1362997596396794,0.5476609170436859,0.8837001621723175,0.0010126001612315312,0.001764216316485138,0.009338456434853825,0.13813627611664447
1781866515.3786,34.88347601890564,mechanical_puppy,mixed_social_nonsocial_movie,mixed,988,1,0.4787031973037939,0.44297960487630017,0.460841401090047,1,0,0.5808361053466797,0.856568169593811,0.262962980176362,0.271513762494699,0.4522795405613835,0.5487688779830933,0.883733332157135,0.0011084573474632246,9.585718623169345e-05,0.007678711648006537,0.13865978032512652
1781866515.412682,34.91755819320679,mechanical_puppy,mixed_social_nonsocial_movie,mixed,989,1,0.46210255490135416,0.4543007469951762,0.45820165094826515,1,0,0.5810819327831268,0.8560311317443847,0.2751592977178018,0.27318097119543416,0.5553712607885997,0.5476463437080383,0.8809572458267212,0.002994451287395332,0.0018859939399321073,0.01009930223984452,0.13877699088090736
1781866515.447467,34.952343225479126,mechanical_puppy,mixed_social_nonsocial_movie,mixed,990,1,0.46315478677727756,0.44672208192921425,0.4549384343532459,1,0,0.5814935803413391,0.8554970145225524,0.2648276569354742,0.27369505052100196,0.8516283734042762,0.5492122620344162,0.8812510967254639,0.0015932509392992504,0.0014012003480960815,0.00854232792296592,0.1404235924051723
1781866515.480979,34.98585510253906,mechanical_puppy,mixed_social_nonsocial_movie,mixed,991,1,0.4678173285851991,0.4663802393936064,0.46709878398940274,1,0,0.5822913169860839,0.8560593843460083,0.28025669530459585,0.26778120998867805,1.2563986790409805,0.5485129356384277,0.8827494382858276,0.0016535068308415148,6.025589154226444e-05,0.004021318423634017,0.14134145141451068
1781866515.5161111,35.02098727226257,mechanical_puppy,mixed_social_nonsocial_movie,mixed,992,1,0.45006951909909515,0.48401998099977656,0.46704475004943585,1,0,0.5825231671333313,0.8561433136463166,0.2717550900267432,0.2699723532066805,1.8949662388884285,0.5494728237390518,0.8821336328983307,0.0011404391439221906,0.0005130676869193242,0.01013311600802322,0.1403688857869315
1781866515.549087,35.05396318435669,mechanical_puppy,mixed_social_nonsocial_movie,mixed,993,1,0.45284745657281905,0.4691638233978031,0.4610056399853111,1,0,0.5828154683113098,0.8552586376667023,0.2776891899484118,0.272044362909444,1.3552336211356018,0.5493190437555313,0.8792646527290344,0.0028730985877875458,0.0017326594438653552,0.012337916466266145,0.14124917804342701
1781866515.5851688,35.09004497528076,mechanical_puppy,mixed_social_nonsocial_movie,mixed,994,1,0.4669175428402563,0.45477872555649285,0.46084813419837456,1,0,0.5830046594142915,0.8546130895614623,0.2673167265242158,0.2711314180155302,1.6171508601481797,0.5506887435913086,0.8821161091327667,0.0031633654961945603,0.0002902669084070145,0.007140149541137453,0.1404154090123041
1781866515.62132,35.12619614601135,mechanical_puppy,mixed_social_nonsocial_movie,mixed,995,1,0.45625088101852745,0.46537445958419793,0.4608126703013627,1,0,0.5831540524959564,0.8540417134761811,0.2871197535125946,0.27530897373777835,1.067566141091662,0.5483932197093964,0.8792291581630707,0.0036883486540535094,0.0005249831578589491,0.008497290220429008,0.14105405744580357
1781866515.6542778,35.15915393829346,mechanical_puppy,mixed_social_nonsocial_movie,mixed,996,1,0.4448032687543762,0.44741314237808205,0.4461082055662291,1,0,0.5829865396022796,0.852925318479538,0.27567307264336915,0.2717615926840892,0.9176661010007349,0.5508627891540527,0.8786481618881226,0.0025369922966938575,0.001151356357359652,0.008149192221307744,0.14048761323127645
1781866515.68893,35.193806171417236,mechanical_puppy,mixed_social_nonsocial_movie,mixed,997,1,0.4526135175826814,0.4601360278113228,0.4563747726970021,1,0,0.5835814535617828,0.8526256859302521,0.282003357530791,0.26920077790995844,1.0214175731825967,0.5502112358808517,0.8794110417366028,0.0010032483895008916,0.0015337439071929659,0.004929201031813535,0.13850760057880784
1781866515.722314,35.227190017700195,mechanical_puppy,mixed_social_nonsocial_movie,mixed,998,1,0.4395096661325618,0.46013082456338295,0.4498202453479724,1,0,0.5835018336772919,0.8519262611865998,0.27227184220736966,0.27505441684137666,1.0961407195175408,0.5507485568523407,0.8774703741073608,0.002013679386990237,0.0010104309974893456,0.004030121149402566,0.1378776178072598
1781866515.756664,35.26154017448425,mechanical_puppy,mixed_social_nonsocial_movie,mixed,999,1,0.45167461516027,0.4610248640306407,0.45634973959545533,1,0,0.5836664199829101,0.8519470989704132,0.27417194890716884,0.27290800995397685,0.8296314518606708,0.5504308640956879,0.8795118629932404,0.002066060395728853,5.238100873861595e-05,0.002676537588687195,0.13602003600859067
1781866515.790928,35.295804023742676,mechanical_puppy,mixed_social_nonsocial_movie,mixed,1000,1,0.472385067118815,0.47534303861945665,0.4738640528691358,1,0,0.5838937878608703,0.8518242478370667,0.2805603162331062,0.26612844693460874,0.9516367010570884,0.5507343709468842,0.8794374465942383,0.0003124967346445758,0.0017535636610842772,0.003333418791256999,0.13706305694139295
1781866515.8260102,35.330886363983154,mechanical_puppy,mixed_social_nonsocial_movie,mixed,1001,1,0.43997060435757746,0.4984056048982745,0.469188104627926,1,0,0.58389253616333,0.8512886703014373,0.2810487783904844,0.2661900691299271,1.2240836448758945,0.5504812598228455,0.8812495768070221,0.0018297216042873958,0.00151722486964282,0.0028075809490118527,0.13751229515061558
1781866515.859808,35.364684104919434,mechanical_puppy,mixed_social_nonsocial_movie,mixed,1002,1,0.4617047076805275,0.4804901498486237,0.4710974287645756,1,0,0.5842229902744294,0.8505343794822693,0.2860262970802323,0.27139159338716845,1.3119752759528647,0.5501103699207306,0.8768925964832306,0.0043727379136414175,0.002543016309354022,0.002697955475643862,0.1371571038353192
1781866515.8941581,35.39903426170349,mechanical_puppy,mixed_social_nonsocial_movie,mixed,1003,1,0.46448312359909183,0.45072878135470046,0.45760595247689617,1,0,0.5844920396804809,0.8503753006458283,0.28563174971442473,0.2684048001482899,1.5334874844441255,0.5510289967060089,0.8788783848285675,0.002187974068197953,0.0021847638454434645,0.002803228730042189,0.1383941230576183
1781866515.9285529,35.43342900276184,mechanical_puppy,mixed_social_nonsocial_movie,mixed,1004,1,0.46929056297210753,0.4568651005357721,0.4630778317539398,1,0,0.5846102297306062,0.850683331489563,0.28401162825132326,0.2685548742995378,1.1966249943218625,0.5517862141132355,0.8775864243507385,0.0014975112948084908,0.0006904627733894623,0.0030323496589954166,0.13964334287923708
1781866515.963253,35.46812915802002,mechanical_puppy,mixed_social_nonsocial_movie,mixed,1005,1,0.4455170543700545,0.4596946540912224,0.4526058542306385,1,0,0.585080337524414,0.8526338458061218,0.2755759034091067,0.2654782560683681,2.101474702267817,0.5521199703216553,0.8797382414340973,0.0021775467771998334,0.0006800354823913426,0.003300770023778144,0.1414051722024944
1781866515.9988742,35.50375032424927,mechanical_puppy,mixed_social_nonsocial_movie,mixed,1006,1,0.43041541217611573,0.4917114244386202,0.46106341830736797,1,0,0.5852013468742371,0.8532130122184753,0.2879727008656391,0.268948165382683,1.914130838849365,0.5508347302675247,0.8789176940917969,0.0015248409548860445,0.0006527058223137888,0.004231913305681573,0.14353912310601014
1781866516.033206,35.538082122802734,mechanical_puppy,mixed_social_nonsocial_movie,mixed,1007,1,0.43961457727418884,0.4947681412910287,0.4671913592826088,1,0,0.5854149460792542,0.8531267940998077,0.28076483096344634,0.26982836708745356,2.7481789996461408,0.5518016368150711,0.8788408637046814,0.0009699542154516301,0.0005548867394344144,0.0030879907604001553,0.14183844551979174
1781866516.066175,35.57105112075806,mechanical_puppy,mixed_social_nonsocial_movie,mixed,1008,1,0.43683576364840054,0.5085669228298001,0.4727013432391003,1,0,0.5855215847492218,0.8529771208763122,0.2942326847000337,0.2686158583357164,2.3590061017642134,0.5505084693431854,0.8789759874343872,0.0013002078805609558,0.00033025366510932566,0.0032118765292474317,0.14226994905597815
1781866516.101921,35.606797218322754,mechanical_puppy,mixed_social_nonsocial_movie,mixed,1009,1,0.43225078597610483,0.4932891449028686,0.46276996543948673,1,0,0.5854721128940582,0.8531673789024353,0.2935561592920357,0.2673562273499144,2.3703667064655325,0.5510241538286209,0.8786689937114716,0.0006001463441765453,0.0007000615363844105,0.003039442630954505,0.14349584142560617
1781866516.135979,35.64085507392883,mechanical_puppy,mixed_social_nonsocial_movie,mixed,1010,1,0.44798819943608936,0.48289124340076356,0.4654397214184265,1,0,0.5854899704456329,0.8533451557159424,0.29351893407002616,0.26952227803493284,2.3259760662645768,0.5508512854576111,0.8781753778457642,0.0005230106084714291,7.713573570511617e-05,0.0030442446140978422,0.14214004459859578
1781866516.170926,35.67580223083496,mechanical_puppy,mixed_social_nonsocial_movie,mixed,1011,1,0.4535841864149467,0.49396374584633496,0.4737739661306408,1,0,0.5851900994777679,0.8535820186138153,0.28734930696847144,0.26732398259755996,2.4742248693171063,0.5510028302669525,0.8777980804443359,0.00040659458722764615,0.00011641602124378298,0.004374879679514584,0.14236824081879795
1781866516.204331,35.70920705795288,mechanical_puppy,mixed_social_nonsocial_movie,mixed,1012,1,0.4455443609192231,0.4833777181035166,0.46446103951136986,1,0,0.5851767361164093,0.8538463413715363,0.28803452924403866,0.26598716252095095,2.406433885931984,0.5510099232196808,0.8780045509338379,0.0002065922869169651,0.00020000230031068104,0.0035771041114488196,0.1444661784745002
1781866516.2410922,35.74596834182739,mechanical_puppy,mixed_social_nonsocial_movie,mixed,1013,1,0.42501734663696217,0.49461625112359525,0.4598167988802787,1,0,0.5850369691848756,0.8540490567684174,0.2931962956266314,0.2656840374549444,2.170486849528913,0.5503569543361664,0.8784133493900299,0.0007703794783241722,0.0005637871914072071,0.002968817494908708,0.14499875974002446
1781866516.2731688,35.77804493904114,mechanical_puppy,mixed_social_nonsocial_movie,mixed,1014,1,0.4305964762021524,0.4659374647788653,0.44826697049050884,1,0,0.5851103961467743,0.8541878879070282,0.2857448562671249,0.2668649890555298,2.6999382883647796,0.5508040636777878,0.8796256184577942,0.0012920925106288646,0.0005217130323046924,0.003076954030803792,0.14506809794618958
1781866516.307418,35.812294244766235,mechanical_puppy,mixed_social_nonsocial_movie,mixed,1015,1,0.4029992442499488,0.47686306561750197,0.43993115493372537,1,0,0.5849780380725861,0.8550228416919708,0.2974177611198096,0.2657222542836834,2.7562045333007945,0.5494747310876846,0.8785473108291626,0.001711687026613053,0.00041959451598418845,0.002938960610620662,0.14662047660874514
1781866516.344191,35.84906721115112,mechanical_puppy,mixed_social_nonsocial_movie,mixed,1016,1,0.27984176593009774,0.3080769976047788,0.2939593817674383,1,0,0.5833961546421051,0.8585946321487427,0.31477389708812736,0.26283486529206485,3.258353382282986,0.5473233759403229,0.8810311555862427,0.00328600270044839,0.0015743156738353369,0.003059478568358892,0.16202739388856272
1781866516.37709,35.88196611404419,mechanical_puppy,mixed_social_nonsocial_movie,mixed,1017,1,0.22105754687918464,0.2168353215136796,0.21894643419643212,1,0,0.5823845624923707,0.8579462766647339,0.30795554240358347,0.2639930231822444,3.549762000132003,0.5482171773910522,0.8812893927097321,0.0009303587723421518,0.0023556439281062383,0.003005029383907554,0.16640478421129168
1781866516.413619,35.918495178222656,mechanical_puppy,mixed_social_nonsocial_movie,mixed,1018,1,0.2559803812968549,0.3319069623200094,0.29394367180843217,1,0,0.5826843082904816,0.8569839417934417,0.30314901949805667,0.2648327819310755,2.977322864538405,0.5485489219427109,0.8840288519859314,0.0027594730608414718,0.00182911428849932,0.002995228018416174,0.1588229303545803
1781866516.445961,35.95083713531494,mechanical_puppy,mixed_social_nonsocial_movie,mixed,1019,1,0.3124946559478001,0.414566124528443,0.36353039023812156,1,0,0.5842785656452179,0.8554575920104981,0.2941650834096976,0.2646996783385317,1.8756955670432702,0.5491853803396225,0.8816778361797333,0.002435642546022036,0.00032383051481943556,0.0027371683876333966,0.1519633711459291
1781866516.481079,35.985955238342285,mechanical_puppy,mixed_social_nonsocial_movie,mixed,1020,1,0.3568888106096343,0.38466732796885944,0.37077806928924684,1,0,0.5847500801086426,0.8550239205360413,0.2914764264694482,0.2616570615404042,2.0450718394515675,0.5506412088871002,0.8819725513458252,0.0014853598179483925,0.0009502827280736437,0.0033371481658447124,0.1502016770085684
1781866516.514585,36.019461154937744,mechanical_puppy,mixed_social_nonsocial_movie,mixed,1021,1,0.39140454940991787,0.45208516376438457,0.4217448565871512,1,0,0.5850180983543396,0.8551451981067657,0.29867358984067705,0.26373650606024057,1.7684545738888053,0.5501248091459274,0.8814047873020172,0.0007674794473629367,0.0007178803705854558,0.0034172430814386093,0.14792479667283315
1781866516.549417,36.054293155670166,mechanical_puppy,mixed_social_nonsocial_movie,mixed,1022,1,0.36438507963988637,0.34138117451810956,0.35288312707899794,1,0,0.5851352453231812,0.8560278415679932,0.30060861653931387,0.262392487415868,2.7517829578365878,0.5493304133415222,0.8822417557239532,0.0011539414341181712,0.00038646198675523454,0.0029543604809796533,0.15316555314564323
1781866516.583746,36.088622093200684,mechanical_puppy,mixed_social_nonsocial_movie,mixed,1023,1,0.22391216643653822,0.16781627604449073,0.19586422124051447,1,0,0.5819630920886993,0.8607452213764191,0.30208459536762206,0.2617008878983508,2.4690632485390718,0.5481692403554916,0.8807784616947174,0.0018680342929091075,0.0007140928587909363,0.003511971350075118,0.1747093940134762
1781866516.618078,36.12295413017273,mechanical_puppy,mixed_social_nonsocial_movie,mixed,1024,1,0.23230167022079437,0.16986044514107942,0.2010810576809369,1,0,0.5814502358436584,0.859095674753189,0.3138588528681802,0.2618494359222181,3.693012292352047,0.5468907654285431,0.8812503516674042,0.0013627832862045277,0.0005052510067045798,0.0033482143268269483,0.17253115312864276
1781866516.65247,36.15734624862671,mechanical_puppy,mixed_social_nonsocial_movie,mixed,1025,1,0.2424627981316823,0.3421795528742763,0.2923211755029793,1,0,0.5825239777565003,0.8569956123828888,0.30790710647983516,0.25995257799185373,3.895118951279849,0.547960638999939,0.881293922662735,0.0010707604262417806,0.00029202285996274713,0.0022318847294048485,0.1601891060394073
1781866516.6878872,36.192763328552246,mechanical_puppy,mixed_social_nonsocial_movie,mixed,1026,1,0.3301307313898128,0.41692811901777027,0.3735294252037915,1,0,0.5838800609111786,0.8550908863544464,0.30502438298204976,0.25938462812312346,2.3364055183909684,0.5486524403095245,0.8798730075359344,0.0015803761734203973,0.0005096157471786167,0.002430316632486265,0.15396256566100266
1781866516.721431,36.22630715370178,mechanical_puppy,mixed_social_nonsocial_movie,mixed,1027,1,0.35974428668446223,0.42615448243620097,0.39294938456033157,1,0,0.5842697203159333,0.8540155470371247,0.29501581168435864,0.2617892278108432,1.31364448878295,0.5502211004495621,0.8786235451698303,0.002005455269821071,0.00042507909640067377,0.002792851605147123,0.15019092728722808
1781866516.7547982,36.259674310684204,mechanical_puppy,mixed_social_nonsocial_movie,mixed,1028,1,0.38134482355869787,0.4295542824927038,0.40544955302570085,1,0,0.5847483694553375,0.8537030339241027,0.2968818514114543,0.2648149010829013,2.086281339498717,0.5497768521308899,0.879269003868103,0.0007835646111323264,0.0012218906586887446,0.002707380075604386,0.1471914259414992
1781866516.7897751,36.29465126991272,mechanical_puppy,mixed_social_nonsocial_movie,mixed,1029,1,0.3917848842128726,0.4846926818814299,0.43823878304715125,1,0,0.5848297417163849,0.8537955284118652,0.3027734951027468,0.2621711620768334,1.7430422136488661,0.5487826466560364,0.8801909387111664,0.0013558791911829596,0.0005723145800506332,0.0024705689979076257,0.14677329632547093
1781866516.823498,36.32837414741516,mechanical_puppy,mixed_social_nonsocial_movie,mixed,1030,1,0.39771228415023047,0.4464565257490264,0.4220844049496284,1,0,0.5846096336841584,0.8530048906803132,0.28558876540951994,0.26434555625406847,1.4458274536491145,0.5509985238313675,0.8804018795490265,0.002225894807314696,0.0008700156161317364,0.0024467879857702143,0.14807017416760557
1781866516.8587892,36.36366534233093,mechanical_puppy,mixed_social_nonsocial_movie,mixed,1031,1,0.4270720272222505,0.5184713787686749,0.4727717029954627,1,0,0.5847423017024994,0.8523568689823151,0.2937119465059438,0.2659553734660807,1.262930865601622,0.5489824712276459,0.8745487928390503,0.006190564767084882,0.003964669959770186,0.0021529973934570575,0.14831304957481206
1781866516.8935711,36.39844727516174,mechanical_puppy,mixed_social_nonsocial_movie,mixed,1032,1,0.39858373898571814,0.3765285712861476,0.3875561551359329,1,0,0.584353470802307,0.8510574519634246,0.2763312950941006,0.2660844599656511,0.9314889336720142,0.5523087531328201,0.8756751716136932,0.0035118201059644006,0.002678744661120481,0.0027247027607465737,0.15066800979015224
1781866516.927238,36.432114124298096,mechanical_puppy,mixed_social_nonsocial_movie,mixed,1033,1,0.43558244950718794,0.44766506852446764,0.4416237590158278,1,0,0.5852065324783324,0.8507963418960571,0.2949370119693697,0.2663383599267884,1.4439828296054595,0.5504981279373169,0.8767181038856506,0.0020895146140865696,0.001422305491877831,0.0030044723494864886,0.1439842324743208
1781866516.960524,36.46540021896362,mechanical_puppy,mixed_social_nonsocial_movie,mixed,1034,1,0.46654888204042094,0.45226467905223194,0.45940678054632644,1,0,0.5855471432209015,0.8541241586208344,0.2759558693925435,0.2715508558750187,1.6337708432647882,0.5526144951581955,0.8796511590480804,0.003616880257827949,0.0015273656437413794,0.0036254411666893707,0.14374776038896703
1781866516.9964821,36.50135827064514,mechanical_puppy,mixed_social_nonsocial_movie,mixed,1035,1,0.44934268432097324,0.4380870404035441,0.44371486236225866,1,0,0.585397231578827,0.8558423399925232,0.2735977241128244,0.26384470743335486,1.046322816465009,0.553328737616539,0.8824893832206726,0.0029267146671971703,0.0006901655906307786,0.005020436701633962,0.14374951734065017
1781866517.032737,36.53761315345764,mechanical_puppy,mixed_social_nonsocial_movie,mixed,1036,1,0.4490289896317842,0.5244765340514802,0.4867527618416322,1,0,0.5855232357978821,0.857717615365982,0.2656693490909772,0.26441671353789975,1.5716399274138504,0.553296759724617,0.8854251205921173,0.002935911527902165,9.196860704994633e-06,0.009791082296796604,0.14040600083603108
1781866517.0642529,36.56912899017334,mechanical_puppy,mixed_social_nonsocial_movie,mixed,1037,1,0.456215588030387,0.5110983288540163,0.48365695844220163,1,0,0.5859506070613861,0.8565437316894531,0.2971527654394387,0.2638544645245557,0.45027220581349503,0.5499770194292068,0.8822340071201324,0.004604767184131376,0.001668855656229211,0.00262519191543547,0.1406579419112382
1781866517.100055,36.604931116104126,mechanical_puppy,mixed_social_nonsocial_movie,mixed,1038,1,0.4271208630928358,0.463074183555815,0.4450975233243254,1,0,0.5857448637485505,0.8544031023979187,0.28196594505159156,0.267195729146751,0.7193239421081099,0.5512937009334564,0.8790125250816345,0.0034801719365568223,0.0011245952475745537,0.0029064908173103213,0.14295273274808482
1781866517.132659,36.637535095214844,mechanical_puppy,mixed_social_nonsocial_movie,mixed,1039,1,0.43630805484423046,0.46090671812550976,0.4486073864848701,1,0,0.5859406471252442,0.8540632963180542,0.2967955959852709,0.2663190274790716,0.9474085138227023,0.5497276335954666,0.878621518611908,0.0016141415571400515,0.0018660303794167709,0.0039782494150778485,0.14263701662120332
1781866517.1690502,36.67392635345459,mechanical_puppy,mixed_social_nonsocial_movie,mixed,1040,1,0.4227680982765812,0.4231181616070745,0.4229431299418278,1,0,0.5856870651245117,0.8553219497203828,0.28206270094219343,0.26689258501670476,0.6818764392778973,0.5526775270700455,0.8808274865150452,0.0036834991381883733,0.002069357581048322,0.0043555140221397835,0.14480922883656128
1781866517.204782,36.70965814590454,mechanical_puppy,mixed_social_nonsocial_movie,mixed,1041,1,0.45279560690793613,0.4676284813183582,0.4602120441131472,1,0,0.5865204989910126,0.8580563545227051,0.27989606842768733,0.2683203613950174,1.187153052885776,0.5524591654539108,0.8827833235263824,0.001967988874541134,0.0017155102636472394,0.0061259911935271395,0.14454247652438526
1781866517.2369611,36.7418372631073,mechanical_puppy,mixed_social_nonsocial_movie,mixed,1042,1,0.4542239177393037,0.4074191414206336,0.43082152957996867,1,0,0.5861945390701293,0.859046071767807,0.29261288996280094,0.26984365153071693,1.283659554309054,0.551245778799057,0.8838747441768646,0.0016320251868388199,0.00033596368770231404,0.007837991711188881,0.14468724365131794
1781866517.27115,36.776026248931885,mechanical_puppy,mixed_social_nonsocial_movie,mixed,1043,1,0.46392608895961907,0.4670682122618146,0.46549715061071684,1,0,0.5861844182014465,0.8581046104431151,0.30060185621923907,0.27109040152739156,0.7178073816845728,0.5498581230640411,0.8811379373073578,0.003068501308440692,0.0014364761216018724,0.0038465407707487654,0.14143031014087667
1781866517.305335,36.810211181640625,mechanical_puppy,mixed_social_nonsocial_movie,mixed,1044,1,0.43119603122386946,0.4460966643238392,0.43864634777385436,1,0,0.5856713950634003,0.8577952563762665,0.2857892190774703,0.26962127981210027,0.0029877695635671005,0.5506876111030579,0.8806076049804688,0.0009845317586626402,0.002083969549778052,0.007627505282249417,0.14679140217407005
1781866517.341067,36.845943212509155,mechanical_puppy,mixed_social_nonsocial_movie,mixed,1045,1,0.4059496545247571,0.42521288585740447,0.4155812701910808,1,0,0.5857041120529175,0.8577495336532592,0.2916564956611538,0.26611213258114097,0.03396365139005147,0.5507448315620422,0.8802763819694519,0.0003361292369810279,0.0006484025216816123,0.0034192970693832678,0.15051833799873274
1781866517.37373,36.87860608100891,mechanical_puppy,mixed_social_nonsocial_movie,mixed,1046,1,0.41040517255098224,0.45704478414217925,0.43372497834658075,1,0,0.5857641518115997,0.8581080734729767,0.2881668952893924,0.2661191733856313,0.43382078738199026,0.5509021282196045,0.8811659216880798,0.000903339996621933,0.000567210759640905,0.0038060769539075244,0.14939224607059912
1781866517.4090722,36.91394829750061,mechanical_puppy,mixed_social_nonsocial_movie,mixed,1047,1,0.39316944966349265,0.4292448915339046,0.4112071705986986,1,0,0.5860962808132171,0.8593400239944458,0.2834992634706957,0.26596065033466765,0.41107109315110457,0.551243469119072,0.882080614566803,0.0009763076728347952,7.296767621286224e-05,0.005740364944574304,0.14986850417042644
1781866517.4436731,36.94854927062988,mechanical_puppy,mixed_social_nonsocial_movie,mixed,1048,1,0.4103767199020427,0.40316465996996304,0.40677068993600285,1,0,0.5863235116004943,0.8611468434333802,0.28728251667998,0.2628501965715471,0.4577778677215521,0.5516858398914337,0.8868529498577118,0.00479279417762683,0.003816486504792035,0.007883151594250314,0.14846122263717765
1781866517.47947,36.98434615135193,mechanical_puppy,mixed_social_nonsocial_movie,mixed,1049,1,0.4146089719495976,0.4625301432450529,0.4385695575973253,1,0,0.5864472389221191,0.8624104261398315,0.29144715630523976,0.2656667929381352,0.8032949408168405,0.5509510934352875,0.8839010000228882,0.0030420158089882747,0.0017507783686385556,0.008912631093169882,0.15074247078389297
1781866517.5128808,37.017756938934326,mechanical_puppy,mixed_social_nonsocial_movie,mixed,1050,1,0.3929494929580902,0.4090954385561382,0.4010224657571142,1,0,0.5864756286144257,0.8609088361263275,0.28364980361487485,0.26567629495191336,0.5374065525426617,0.5515031069517136,0.8825569450855255,0.0014529977966143191,0.0015890180123739556,0.0068701533416231616,0.1508475380466355
1781866517.54838,37.053256034851074,mechanical_puppy,mixed_social_nonsocial_movie,mixed,1051,1,0.4043937607560185,0.4366798104726545,0.4205367856143365,1,0,0.5861682713031768,0.8598533034324647,0.2875668323419198,0.2663231081449541,0.7998868975278198,0.551174595952034,0.8807594478130341,0.001827270073504376,0.0003742722768900568,0.0068376796307410715,0.14978143144628278
1781866517.581812,37.08668804168701,mechanical_puppy,mixed_social_nonsocial_movie,mixed,1052,1,0.4057932672740107,0.39055138724263505,0.39817232725832286,1,0,0.5862196743488313,0.8592446386814118,0.28808338630993185,0.26569308890438176,0.3851344792763134,0.5520839244127274,0.8818075656890869,0.0013875984042685063,0.0004396716692358696,0.009349068649422363,0.15139576132443416
1781866517.6180449,37.122920989990234,mechanical_puppy,mixed_social_nonsocial_movie,mixed,1053,1,0.4097703128962042,0.4127643993458783,0.41126735612104126,1,0,0.5859012484550477,0.8592181146144867,0.28949992996158447,0.2680781074581922,0.5216275930303129,0.5512330234050751,0.8814040422439575,0.0009417344082026342,0.00044586399606587215,0.006072310054057438,0.1496855699145041
1781866517.650653,37.1555290222168,mechanical_puppy,mixed_social_nonsocial_movie,mixed,1054,1,0.40378696571337636,0.4212995934671655,0.41254327959027093,1,0,0.5858213186264039,0.8580241620540618,0.2916333091792142,0.2656959479069552,-0.09619013804666665,0.5514100939035416,0.8794169723987579,0.00199494374134427,0.001053209333141636,0.005246222008491563,0.1498432411279696
1781866517.68463,37.18950605392456,mechanical_puppy,mixed_social_nonsocial_movie,mixed,1055,1,0.41038379641836936,0.4250810630639845,0.41773242974117697,1,0,0.5857480525970459,0.8583539068698882,0.2959140286189393,0.2656689359959941,0.8788273088762196,0.5509283691644669,0.8810736238956451,0.0017252689374051857,0.0002696748039390845,0.0042764907479985815,0.15210133783835095
1781866517.717419,37.22229504585266,mechanical_puppy,mixed_social_nonsocial_movie,mixed,1056,1,0.42578569295271956,0.42314233963918,0.42446401629594976,1,0,0.5856680512428284,0.8596037209033967,0.28080459601434604,0.26509150797404785,0.5257867768072082,0.5522803962230682,0.8823568224906921,0.0018640214058644512,0.00013875246845926554,0.004411822916784737,0.15176539842970507
1781866517.753014,37.25789022445679,mechanical_puppy,mixed_social_nonsocial_movie,mixed,1057,1,0.4174629774702694,0.41043488501704134,0.4139489312436554,1,0,0.5857635974884033,0.8602566421031952,0.2887214200600796,0.2655520176337529,1.2502741590013187,0.5524269789457321,0.8836084008216858,0.001260132855375342,0.0006038885504891093,0.00397017753791306,0.15028202421096157
1781866517.788922,37.293798208236694,mechanical_puppy,mixed_social_nonsocial_movie,mixed,1058,1,0.40268767974948805,0.47391533819001547,0.43830150896975173,1,0,0.5859415113925934,0.8602063655853271,0.28683624276366204,0.2668321862154836,0.8750479213843843,0.5510450154542923,0.8820441961288452,0.002087237267963807,0.0008271044125884651,0.005974092093471624,0.14739221518098727
1781866517.847852,37.35272812843323,mechanical_puppy,mixed_social_nonsocial_movie,mixed,1059,1,0.38359998386102934,0.39928967886401334,0.39144483136252134,1,0,0.5857829451560974,0.8597412407398224,0.29042249642834156,0.2640772122341445,0.4192075594311208,0.5517211258411407,0.8818191885948181,0.0007125683444928751,0.001374668923470932,0.012878064538107812,0.14991182674546283
1781866517.857504,37.362380027770996,mechanical_puppy,mixed_social_nonsocial_movie,mixed,1060,1,0.4073558908106189,0.42464611773600813,0.41600100427331355,1,0,0.5859871149063111,0.8599604427814483,0.28418058676169633,0.26480378367369095,0.42871943820532454,0.5517446994781494,0.8816617131233215,0.00015923014942179517,0.00055333819507108,0.014783432896086458,0.14917750143312103
1781866517.891351,37.39622712135315,mechanical_puppy,mixed_social_nonsocial_movie,mixed,1061,1,0.4215228375655398,0.41082257060639293,0.4161727040859664,1,0,0.5861171066761017,0.8600794970989227,0.2929861663119197,0.2668927756804988,0.35238342763086605,0.5515161156654358,0.8818693459033966,0.0003088072712816206,0.00014957712185982545,0.007984024062791235,0.1488702957505779
1781866517.926492,37.43136811256409,mechanical_puppy,mixed_social_nonsocial_movie,mixed,1062,1,0.395770647365023,0.3718362973343441,0.38380347234968354,1,0,0.5857041597366333,0.8593432068824768,0.29271024038370363,0.2648172955449697,-0.22508717675070813,0.5511215925216675,0.8825514316558838,0.0007879654083237646,0.000479158137042144,0.007760567068464811,0.14841683870697167
1781866517.961602,37.46647810935974,mechanical_puppy,mixed_social_nonsocial_movie,mixed,1063,1,0.38467441131321695,0.3698514899176839,0.37726295061545045,1,0,0.5856072187423706,0.8590647339820862,0.29738256186233464,0.2646106010835367,-0.18684264038718862,0.5505011230707169,0.8808931708335876,0.0017705398313297687,0.000982574423006004,0.008100072346965052,0.14800089648390627
1781866517.9962811,37.50115728378296,mechanical_puppy,mixed_social_nonsocial_movie,mixed,1064,1,0.34807531842685263,0.36343242677321014,0.3557538726000314,1,0,0.5858975350856781,0.8592186331748962,0.3025119395672094,0.26132570055141907,0.7785704609499305,0.550733357667923,0.8831409215927124,0.0022597159961564644,0.0004891761648266957,0.007967256453091116,0.14824039488023635
1781866518.028882,37.53375816345215,mechanical_puppy,mixed_social_nonsocial_movie,mixed,1065,1,0.35756975063184404,0.3372493235280935,0.3474095370799688,1,0,0.5865896999835968,0.8595516443252563,0.29929591422991353,0.2661185278054903,0.21146971729531672,0.5513951480388641,0.8831837177276611,0.0006631726805568749,0.0015965433155995896,0.0022438403709367327,0.14878541176378487
1781866518.063306,37.56818222999573,mechanical_puppy,mixed_social_nonsocial_movie,mixed,1066,1,0.36931379662736497,0.39037844468456695,0.37984612065596596,1,0,0.5864312171936035,0.860736894607544,0.29159829747510335,0.2688412755706952,0.29169984813427685,0.5516573786735535,0.8818105459213257,0.0013979863073307012,0.0007348136267738263,0.006147575586181127,0.14787705094839376
1781866518.097336,37.60221219062805,mechanical_puppy,mixed_social_nonsocial_movie,mixed,1067,1,0.3642156697557032,0.365749713971525,0.3649826918636141,1,0,0.5864548981189728,0.8608499705791474,0.2937188316444566,0.26866473277733016,-0.04114328859316422,0.5511565208435059,0.8820046186447144,0.0005371431726118223,0.0008608431347188789,0.0034866536596268164,0.1485627421569467
1781866518.132718,37.63759422302246,mechanical_puppy,mixed_social_nonsocial_movie,mixed,1068,1,0.34985712539903835,0.3413624749886127,0.34560980019382553,1,0,0.5865646243095397,0.8602879285812377,0.28828769695049,0.2675543005521224,-0.03869183038326983,0.5515171587467194,0.8828257918357849,0.0008968751902953005,0.00035973201768347814,0.004809443065712705,0.1475392230252462
1781866518.1657221,37.67059826850891,mechanical_puppy,mixed_social_nonsocial_movie,mixed,1069,1,0.375251939366432,0.32507723521836385,0.3501645872923979,1,0,0.5868002474308014,0.8601351916790008,0.28582684697986893,0.26632641252888956,-0.6349643565217233,0.5525185018777847,0.8829704821109772,0.0010117427251366863,0.00011486753484138586,0.0072107928193280045,0.14880775334873594
1781866518.2009711,37.70584726333618,mechanical_puppy,mixed_social_nonsocial_movie,mixed,1070,1,0.3913759773877518,0.38620358016392964,0.38878977877584076,1,0,0.5865940690040589,0.8602419137954711,0.29381514972176415,0.26733465081874747,-0.3031699373677173,0.5521641969680786,0.8838727474212646,0.0009693372267637375,4.240549837294884e-05,0.00573943733874604,0.1471725082935055
1781866518.2369092,37.741785287857056,mechanical_puppy,mixed_social_nonsocial_movie,mixed,1071,1,0.39869265693899125,0.3723100164530465,0.3855013366960189,1,0,0.5867000102996827,0.8613954722881317,0.29720583986380317,0.26739290806254995,0.2008545361130505,0.5511458665132523,0.8826143145561218,0.0016188422379275948,0.0006495050111638574,0.004760351410294746,0.14878366783127675
1781866518.270145,37.77502107620239,mechanical_puppy,mixed_social_nonsocial_movie,mixed,1072,1,0.3849442392046288,0.383593954473327,0.3842690968389779,1,0,0.5868899405002594,0.8608783960342408,0.29278486703018997,0.26278275029365394,-0.1705076024483308,0.5517669171094894,0.8851430118083954,0.0026038459318366764,0.0009850036939090816,0.006143948332108206,0.14723703108553055
1781866518.305195,37.81007122993469,mechanical_puppy,mixed_social_nonsocial_movie,mixed,1073,1,0.4045756690416119,0.41506491049304073,0.4098202897673263,1,0,0.5867020905017852,0.8602678716182709,0.28949561148794517,0.26491836628764676,-0.20121989703522564,0.5527739524841309,0.8856699764728546,0.0011365790792407756,0.0014672668525959008,0.007891453329183467,0.146553721979408
1781866518.338668,37.843544244766235,mechanical_puppy,mixed_social_nonsocial_movie,mixed,1074,1,0.3999339254007305,0.4164791394835708,0.40820653244215066,1,0,0.5865722835063935,0.859082967042923,0.2964009677379306,0.26696391878591996,-0.08046103982194039,0.5509478747844696,0.8827320635318756,0.0034591750770916526,0.002322595997850877,0.00823082225642908,0.14459591335947214
1781866518.373371,37.878247022628784,mechanical_puppy,mixed_social_nonsocial_movie,mixed,1075,1,0.40395024220410247,0.4406594737354757,0.4223048579697891,1,0,0.586485230922699,0.8572554886341095,0.27693209558754,0.26761488941244244,-0.06608050952660523,0.5533397644758224,0.880553275346756,0.003235468165693628,0.0002237069113980245,0.0088338278336192,0.1435412205990813
1781866518.408284,37.9131600856781,mechanical_puppy,mixed_social_nonsocial_movie,mixed,1076,1,0.4274192964069457,0.42648115894338734,0.42695022767516655,1,0,0.5862126886844635,0.8574813485145569,0.29235617382600704,0.26650383596673627,0.5270588267304669,0.5523510873317719,0.8824009895324707,0.002095597816199345,0.0011398703494942832,0.011000713406717044,0.14201552742341703
1781866518.443315,37.94819116592407,mechanical_puppy,mixed_social_nonsocial_movie,mixed,1077,1,0.4350820048535844,0.43427211050579023,0.43467705767968734,1,0,0.5862130224704742,0.8574772953987122,0.28422830542958927,0.2697329297463092,0.3085593411739509,0.5525795966386795,0.8804064393043518,0.0020075973490300686,8.800046716927632e-05,0.006387479299858406,0.14179291260534896
1781866518.475538,37.980414152145386,mechanical_puppy,mixed_social_nonsocial_movie,mixed,1078,1,0.4354853678679028,0.40798340144417555,0.4217343846560392,1,0,0.5859090328216553,0.8577319920063018,0.27674532548827563,0.26817194536424444,0.9040624976167941,0.5529079139232635,0.8833090662956238,0.0029211360272704224,0.0009135386782403538,0.008082150683638696,0.14243576952531542
1781866518.511519,38.0163950920105,mechanical_puppy,mixed_social_nonsocial_movie,mixed,1079,1,0.43724955149995404,0.43953117452495116,0.4383903630124526,1,0,0.5859165668487549,0.8579100847244263,0.2857822954558061,0.27015130965396456,0.32480055720111345,0.5518211275339127,0.8789902031421661,0.004453502396358671,0.001532366369088249,0.013255826397158714,0.14316779261381385
1781866518.546068,38.050944089889526,mechanical_puppy,mixed_social_nonsocial_movie,mixed,1080,1,0.41427096059211993,0.44518482358187184,0.4297278920869959,1,0,0.5856138586997985,0.8568705797195435,0.279468872786955,0.270870346012617,0.5397176494720515,0.5520187169313431,0.8781002163887024,0.0009116567288831106,0.003541845667475561,0.012101862447105337,0.14383451523980206
1781866518.581165,38.08604121208191,mechanical_puppy,mixed_social_nonsocial_movie,mixed,1081,1,0.42715183730118406,0.4717095198594264,0.4494306785803052,1,0,0.5861260056495666,0.8561414897441864,0.2889896817584733,0.26756401242682093,0.13240527921025275,0.5516052693128586,0.8800898790359497,0.002032165441857944,0.0011205087129748336,0.008851764689595431,0.14336293035965436
1781866518.6163929,38.12126898765564,mechanical_puppy,mixed_social_nonsocial_movie,mixed,1082,1,0.4221089726198977,0.4688631725155639,0.4454860725677308,1,0,0.5859921336174011,0.8559196293354034,0.28254420041696593,0.26700897442362426,-0.29561033867932796,0.5517554581165314,0.8800607621669769,0.00015298519146453998,0.0018791802503934042,0.005643386498051047,0.1426044217107907
1781866518.649993,38.154869079589844,mechanical_puppy,mixed_social_nonsocial_movie,mixed,1083,1,0.4290427548496781,0.46956447911088306,0.44930361698028054,1,0,0.5860722303390503,0.8558061778545379,0.28967712959586844,0.2664572326664655,0.039831070031625136,0.5513058751821518,0.8814613521099091,0.001470978246993468,0.001317993055528928,0.005607625956500197,0.14358582942195022
1781866518.682966,38.18784213066101,mechanical_puppy,mixed_social_nonsocial_movie,mixed,1084,1,0.4287111597897838,0.4420246425543938,0.4353679011720888,1,0,0.5862405538558959,0.8569233179092408,0.2850778474946816,0.266560237156484,0.20836040881884055,0.5527061820030212,0.8830235004425049,0.0020978957566107547,0.0006269175096172868,0.007861709079687421,0.1449857470880437
1781866518.718623,38.223499059677124,mechanical_puppy,mixed_social_nonsocial_movie,mixed,1085,1,0.45546961230963623,0.4612658741776783,0.45836774324365726,1,0,0.5864721655845642,0.8568302989006042,0.2860535008292438,0.2668314171180601,0.6404059872692472,0.553005039691925,0.8814462125301361,0.0016053513873048393,0.0004925443693059154,0.015361885151910582,0.14183022689917413
1781866518.7531788,38.258054971694946,mechanical_puppy,mixed_social_nonsocial_movie,mixed,1086,1,0.45342001910772833,0.45478065990724637,0.45410033950748735,1,0,0.58634232878685,0.8563349962234497,0.28132031781452155,0.2664193655929058,0.12110587062736776,0.5528189986944199,0.8813034892082214,0.00023448070148966352,0.0013708706858151759,0.004369617558780167,0.14094855598620426
1781866518.788507,38.29338312149048,mechanical_puppy,mixed_social_nonsocial_movie,mixed,1087,1,0.45870570691208346,0.44414165128305405,0.45142367909756875,1,0,0.5864446282386779,0.855576491355896,0.282460602315315,0.26994926581652184,-0.09950090609184502,0.5526647865772247,0.8810581564903259,0.0002897749463977194,5.529424490805586e-05,0.00633912291736305,0.14064573859825374
1781866518.820863,38.32573914527893,mechanical_puppy,mixed_social_nonsocial_movie,mixed,1088,1,0.4608492316163639,0.46327307170662846,0.4620611516614962,1,0,0.5866456866264343,0.8552935957908631,0.28596675744685185,0.26831207254879563,-0.23162827415063458,0.5521231144666672,0.8812478482723236,0.0005739265175206082,0.0002841515711228888,0.006445217135425528,0.1414274466640042
1781866518.8552299,38.360105991363525,mechanical_puppy,mixed_social_nonsocial_movie,mixed,1089,1,0.45143968529957856,0.41898452518225965,0.43521210524091913,1,0,0.5865722358226776,0.8556433618068695,0.28424950432031443,0.2691307032606425,0.06852535591985669,0.5524414926767349,0.880335807800293,0.0009660137200204849,0.00039208720249987673,0.008700640382724884,0.14345963964220337
1781866518.8915358,38.39641189575195,mechanical_puppy,mixed_social_nonsocial_movie,mixed,1090,1,0.4207204456614201,0.42891021100602655,0.4248153283337233,1,0,0.587059611082077,0.8567517518997192,0.2868060383745181,0.2677367156943952,0.5159466079194489,0.5519938617944717,0.8807503879070282,0.000610122997154107,0.00035589072286637796,0.005773076114826068,0.14475623847861713
1781866518.923372,38.428248167037964,mechanical_puppy,mixed_social_nonsocial_movie,mixed,1091,1,0.4134639744754062,0.46140853412934557,0.43743625430237587,1,0,0.5868143796920777,0.856749564409256,0.2957102085863303,0.2695320534130632,0.5459747122321936,0.5506328642368317,0.8800609409809113,0.0015256642539675474,0.0009155412568134405,0.00557845569893879,0.14390771905882777
1781866518.9591029,38.4639790058136,mechanical_puppy,mixed_social_nonsocial_movie,mixed,1092,1,0.41690076324174663,0.47078257781952393,0.4438416705306353,1,0,0.5866304636001587,0.8562780439853668,0.2845188931112467,0.26697914934375183,0.06507092242960033,0.5523710250854492,0.8801425099372864,0.0017400737427796045,0.00021440948881205706,0.0025538565035185773,0.14396139897868304
1781866518.9968388,38.50171494483948,mechanical_puppy,mixed_social_nonsocial_movie,mixed,1093,1,0.4384103504447699,0.4534913859307934,0.4459508681877816,1,0,0.5868533670902252,0.8558353781700134,0.2841391607081302,0.26544046147975153,0.49168391675734985,0.552417978644371,0.8805526494979858,0.00041281847820340197,0.0013272552645762026,0.005215825453899308,0.14264992799624274
1781866519.029206,38.53408217430115,mechanical_puppy,mixed_social_nonsocial_movie,mixed,1094,1,0.45622454282205643,0.46808765971298016,0.46215610126751827,1,0,0.58728169798851,0.8558278977870941,0.27914520839593926,0.2660519213254212,0.15550244522967238,0.5531149357557297,0.8797598481178284,0.0010555961554747032,0.0006427776772713013,0.004170157365588267,0.14382140865373008
1781866519.06233,38.567206144332886,mechanical_puppy,mixed_social_nonsocial_movie,mixed,1095,1,0.46270494877699114,0.42661677653360947,0.4446608626553003,1,0,0.5873729526996613,0.8560496211051941,0.27726615732474574,0.2695430493868153,0.07487272078975014,0.5531010627746582,0.8805638551712036,0.0008041267322263028,0.00025146942324840045,0.010380975240908866,0.14254076630552218
1781866519.0975192,38.6023952960968,mechanical_puppy,mixed_social_nonsocial_movie,mixed,1096,1,0.4514271215388924,0.4425384970997655,0.446982809319329,1,0,0.5875142872333526,0.8568093597888946,0.28568962155128824,0.2669063324736321,0.4929121429873466,0.5525514781475067,0.8813559412956238,0.0009640766001206544,0.0001599498678943516,0.007959253711727387,0.1432197268005497
1781866519.130839,38.63571524620056,mechanical_puppy,mixed_social_nonsocial_movie,mixed,1097,1,0.4489264024618022,0.4280060699598227,0.4384662362108125,1,0,0.5875753879547119,0.8567646384239197,0.28494044638633054,0.270779800573036,0.44643893230183224,0.5522973239421844,0.880065381526947,0.0013153474357028257,0.00035127083558217137,0.00826861552897649,0.14318861712887582
1781866519.165161,38.670037031173706,mechanical_puppy,mixed_social_nonsocial_movie,mixed,1098,1,0.43212558431756287,0.46515008856302603,0.4486378364402944,1,0,0.5875016808509828,0.856281042098999,0.29038734854968284,0.2675137031650446,-0.09293131604547449,0.5517934560775757,0.8806296288967133,0.0007564773091597071,0.0005588701265431186,0.008125196994954047,0.14313717675701035
1781866519.200793,38.70566916465759,mechanical_puppy,mixed_social_nonsocial_movie,mixed,1099,1,0.4360087912351622,0.46705935506429563,0.45153407314972893,1,0,0.5871960937976837,0.8557064890861511,0.2934882941222555,0.2694512549211525,0.23331199235019826,0.5516368746757507,0.8788037896156311,0.001832541081596825,0.0010760637724371179,0.00375259311279996,0.14322424689658114
1781866519.237183,38.74205923080444,mechanical_puppy,mixed_social_nonsocial_movie,mixed,1100,1,0.4545065511744761,0.4537726437097415,0.4541395974421088,1,0,0.5871683955192566,0.8556841373443603,0.296496920873815,0.26652374634184106,-0.10430749634386233,0.5512905865907669,0.8788048624992371,0.00034628974700530365,0.0014862513345915214,0.003412739644798625,0.1429135762559999
1781866519.269582,38.774458169937134,mechanical_puppy,mixed_social_nonsocial_movie,mixed,1101,1,0.42055322907563303,0.4162961937535515,0.41842471141459225,1,0,0.5866956233978271,0.8557730793952942,0.28504572661866795,0.26368786301879715,-0.11991692410918495,0.5532899349927902,0.8810998499393463,0.003043741346259962,0.0026974515992546585,0.004057362586030009,0.1445106449866939
1781866519.3038871,38.80876326560974,mechanical_puppy,mixed_social_nonsocial_movie,mixed,1102,1,0.46175381395967846,0.48214942518445036,0.47195161957206444,1,0,0.5871335387229919,0.8569385349750519,0.28835131936938946,0.2661820893402851,0.05613603807215866,0.5521387159824371,0.8804956376552582,0.0013001452588235459,0.0017435960874364162,0.011871417616336971,0.1409545333589612
1781866519.3384929,38.843369007110596,mechanical_puppy,mixed_social_nonsocial_movie,mixed,1103,1,0.4447805790468087,0.4810879632229729,0.46293427113489083,1,0,0.5869486093521118,0.8567979812622071,0.2892248783923498,0.2685542830985122,-0.7771918925187719,0.5519065409898758,0.8800252676010132,0.0005245504886102939,0.000775594770213252,0.008438829117822188,0.14159700646124065
1781866519.3722482,38.877124309539795,mechanical_puppy,mixed_social_nonsocial_movie,mixed,1104,1,0.4535427271959358,0.44302791101081385,0.4482853191033748,1,0,0.5869047582149506,0.8565759003162384,0.2839145089741231,0.2664161695059233,-0.5825895744416638,0.5527690798044205,0.8817651569843292,0.001941954755593448,0.001417404266983154,0.012265207083798324,0.14228955777434132
1781866519.408308,38.91318416595459,mechanical_puppy,mixed_social_nonsocial_movie,mixed,1105,1,0.4618932595723783,0.4770689749678049,0.4694811172700916,1,0,0.5870265185832977,0.8563896000385285,0.29273055452443736,0.2711471338474365,-0.5695565794575462,0.5513558834791183,0.8781062662601471,0.003922321402607574,0.001980366647014126,0.011393614948807265,0.1409862892560025
1781866519.441386,38.94626212120056,mechanical_puppy,mixed_social_nonsocial_movie,mixed,1106,1,0.43856143090433547,0.4575746459759497,0.4480680384401426,1,0,0.5867635250091553,0.8558093130588531,0.28732856660660894,0.2677513609976553,-0.6072567562782317,0.5519632250070572,0.880238950252533,0.002217477112156515,0.0017048442904510595,0.006734766789786689,0.14171768067962046
1781866519.4748318,38.97970795631409,mechanical_puppy,mixed_social_nonsocial_movie,mixed,1107,1,0.43384555352681314,0.4697120914828175,0.4517788225048153,1,0,0.5867341041564942,0.8552428364753724,0.29607236980449914,0.26684345954298844,-0.5668847718799803,0.5519819408655167,0.8788846135139465,0.0013544660515652622,0.0008630110605912526,0.005965055125355046,0.14103229065507186
1781866519.5089989,39.013875007629395,mechanical_puppy,mixed_social_nonsocial_movie,mixed,1108,1,0.4591931508862675,0.485890714217243,0.47254193255175525,1,0,0.5869757771492004,0.8552586793899536,0.2958763595145593,0.2644102880624143,-0.8575541090389435,0.551872730255127,0.8806438148021698,0.001762587907001547,0.00040812185543628475,0.004637513805278456,0.13903797171931587
1781866519.54387,39.04874610900879,mechanical_puppy,mixed_social_nonsocial_movie,mixed,1109,1,0.42347652944781256,0.4535329299057444,0.43850472967677845,1,0,0.5871862292289733,0.8566117882728577,0.29118216471992625,0.2641007241563316,-0.468229467607392,0.5528043806552887,0.8819150626659393,0.0015760848959558405,0.00018650301104570642,0.0031982719464894076,0.1416735463471258
1781866519.580124,39.08500003814697,mechanical_puppy,mixed_social_nonsocial_movie,mixed,1110,1,0.44715756971679627,0.47237617883142274,0.4597668742741095,1,0,0.5872308671474457,0.8593869686126709,0.2776955780885254,0.269157458987378,0.26020723537753215,0.5539531111717224,0.884842574596405,0.0031448223960034802,0.0015687375000476397,0.0028569737068337452,0.14287707217960008
1781866519.612927,39.11780309677124,mechanical_puppy,mixed_social_nonsocial_movie,mixed,1111,1,0.45738721545610106,0.43051884072327584,0.44395302808968845,1,0,0.5867316603660584,0.8612088441848755,0.2766673211172231,0.26488543574688167,-0.22589049724437954,0.554096445441246,0.8873356878757477,0.002497230172902478,0.0006475922231010023,0.006877783594114747,0.13986347107507371
1781866519.648274,39.15315008163452,mechanical_puppy,mixed_social_nonsocial_movie,mixed,1112,1,0.4288638902079108,0.447765621025287,0.43831475561659894,1,0,0.5868613362312316,0.8612926125526428,0.2904464432722536,0.2694075471573522,-0.7779997135123426,0.5517981052398682,0.8844665586948395,0.003676175993883949,0.001178945820981471,0.027563932359551076,0.13875601979213312
1781866519.682981,39.187857151031494,mechanical_puppy,mixed_social_nonsocial_movie,mixed,1113,1,0.4290350895255588,0.43653552930629913,0.43278530941592896,1,0,0.5867546677589417,0.86001558303833,0.29716318758204874,0.2682847510231889,-1.315118398484741,0.5514082312583923,0.8835170269012451,0.0010264562087484975,0.0026497197851354515,0.006646817362526104,0.1422356372794634
1781866519.717574,39.22245001792908,mechanical_puppy,mixed_social_nonsocial_movie,mixed,1114,1,0.4341477917911059,0.4063514723462542,0.42024963206868005,1,0,0.5864232957363129,0.8597683131694793,0.2970449996333432,0.26411707141707463,-0.7466908107768568,0.5517405271530151,0.8836873769760132,0.00037341626846811943,0.0006530399402803781,0.01087782144967331,0.14349806267393322
1781866519.7520618,39.256937980651855,mechanical_puppy,mixed_social_nonsocial_movie,mixed,1115,1,0.4442409544867549,0.441219840338813,0.44273039741278397,1,0,0.5866585612297058,0.8597808659076691,0.29321199587940605,0.26544166453487633,-0.8846519999251685,0.552040159702301,0.883476197719574,0.00036657378921818416,6.842479249935269e-06,0.017116501168528763,0.14453040213432647
1781866519.7892082,39.294084310531616,mechanical_puppy,mixed_social_nonsocial_movie,mixed,1116,1,0.4411513397482923,0.43757258017548956,0.4393619599618909,1,0,0.5860644042491914,0.8613907337188721,0.2895731626836951,0.2700218654090936,-0.6807974669964405,0.5517294406890869,0.8860971629619598,0.002639319061229154,0.00227274527201097,0.004857125171590348,0.14745346995275688
1781866519.8204842,39.32536029815674,mechanical_puppy,mixed_social_nonsocial_movie,mixed,1117,1,0.4520033370317354,0.4291972169482876,0.4406002769900115,1,0,0.5861875712871552,0.8621906995773315,0.2818222808262843,0.271294462039674,-0.5169069640470021,0.5525932759046555,0.8851343989372253,0.0012934936594275665,0.0013458254018015874,0.006105314615435243,0.14720662072311663
1781866519.854579,39.35945510864258,mechanical_puppy,mixed_social_nonsocial_movie,mixed,1118,1,0.48241416706833096,0.45611973279312823,0.4692669499307296,1,0,0.5860368549823761,0.8615692019462585,0.29347677304140657,0.27209494325051153,-0.14283014485327045,0.5504521131515503,0.8843570351600647,0.002277909650826026,0.0009844159913984596,0.00631684051032813,0.1416352483537342
1781866519.8901918,39.39506793022156,mechanical_puppy,mixed_social_nonsocial_movie,mixed,1119,1,0.4366013633945365,0.41623053751907746,0.42641595045680697,1,0,0.5860820949077605,0.859658706188202,0.30107346858897777,0.2647829347202955,-1.5044485439956683,0.5503802746534348,0.882482260465622,0.0018761505602521349,0.0004017590905738913,0.0051734926693368126,0.14369014909827604
1781866519.924163,39.42903923988342,mechanical_puppy,mixed_social_nonsocial_movie,mixed,1120,1,0.45981086853976066,0.38860861126561597,0.4242097399026883,1,0,0.5859869062900543,0.858845192193985,0.2836969027242545,0.26791529400177116,-1.1158128317053924,0.5527473986148834,0.8823965191841125,0.0023686763004301193,0.0004925257401779844,0.00863427060835417,0.14358928193486659
1781866519.956896,39.461772203445435,mechanical_puppy,mixed_social_nonsocial_movie,mixed,1121,1,0.436066606766605,0.4300031304404135,0.43303486860350926,1,0,0.5866021156311035,0.8597930371761322,0.2934856298476586,0.2706099393575992,-1.0788532210050914,0.5518397390842438,0.8818762898445129,0.0010461760795111082,0.001322500220919011,0.006565882872660878,0.14201402403247432
1781866519.993239,39.49811506271362,mechanical_puppy,mixed_social_nonsocial_movie,mixed,1122,1,0.44067465856008603,0.40404179793664186,0.42235822824836394,1,0,0.5867098331451416,0.8614883959293365,0.28423671892210384,0.2696561126081313,-1.7710481647624285,0.5531863570213318,0.8836168348789215,0.002200653740435215,0.001154477660924107,0.007380115051601539,0.1453222230988471
1781866520.025642,39.53051805496216,mechanical_puppy,mixed_social_nonsocial_movie,mixed,1123,1,0.4547114298102557,0.41984519802849357,0.43727831391937466,1,0,0.587084048986435,0.8623864531517029,0.2912030530430135,0.2651982196625628,-1.6698463937350843,0.5522787570953369,0.8863910436630249,0.0029188991081334635,0.0007182453676982483,0.009206717759368443,0.14145680616897813
1781866520.0618508,39.56672692298889,mechanical_puppy,mixed_social_nonsocial_movie,mixed,1124,1,0.4592461337633338,0.39099577530413054,0.42512095453373216,1,0,0.5869289457798004,0.8614890933036805,0.28993964724100146,0.26809635744867205,-1.6106158902570058,0.5514529943466187,0.8839742839336395,0.0025539404274081286,0.0003649586807253349,0.00873816480635474,0.14314637220749554
1781866520.096672,39.601548194885254,mechanical_puppy,mixed_social_nonsocial_movie,mixed,1125,1,0.44708301666225775,0.3895563609584175,0.41831968881033765,1,0,0.5866006910800934,0.8613079130649567,0.2890156454249799,0.2699864712031312,-0.7535754156133796,0.5520483255386353,0.8839665353298187,0.0005953816163177021,0.0019585588110904266,0.008800951301591194,0.1453985132510054
1781866520.129324,39.63420009613037,mechanical_puppy,mixed_social_nonsocial_movie,mixed,1126,1,0.44077366277658436,0.4001179974752896,0.42044583012593695,1,0,0.5865056574344635,0.8603088080883026,0.29862538266681665,0.2714020030387562,-0.6885547021081413,0.5505187809467316,0.8814383745193481,0.0029548441147074205,0.0023594624983897185,0.0028817508241772674,0.14581999159772532
1781866520.164684,39.6695601940155,mechanical_puppy,mixed_social_nonsocial_movie,mixed,1127,1,0.434347331764138,0.3978775357295952,0.4161124337468666,1,0,0.5864874482154846,0.8609203219413757,0.28083309838780773,0.27556965004211686,-1.0137836869240051,0.5539497435092926,0.8822955787181854,0.0035364251927899803,0.0005815810780825598,0.008291621077630753,0.14530561805256692
1781866520.199584,39.70446014404297,mechanical_puppy,mixed_social_nonsocial_movie,mixed,1128,1,0.44598596575967675,0.46223616813416446,0.4541110669469206,1,0,0.5866956293582917,0.8625181078910827,0.2817440998992282,0.26927635839949204,-0.41987832214089976,0.5523715913295746,0.8834015429019928,0.0019271017301153146,0.0016093234626746657,0.005039078480662072,0.14095081821178085
1781866520.233715,39.73859119415283,mechanical_puppy,mixed_social_nonsocial_movie,mixed,1129,1,0.4302276240927962,0.3815505747374789,0.4058890994151375,1,0,0.5868993282318116,0.863404655456543,0.2862846488894352,0.2697381901084019,-1.5387333579128826,0.5528322756290436,0.8838424384593964,0.0006376667752952459,0.0012894349548200688,0.005053791020228391,0.14932862380243528
1781866520.2674172,39.77229332923889,mechanical_puppy,mixed_social_nonsocial_movie,mixed,1130,1,0.44996877054468987,0.4074158567602428,0.4286923136524663,1,0,0.5866703271865845,0.8633167386054993,0.28305464249368295,0.2743893222855109,-1.2755419264013097,0.5531887263059616,0.8830533623695374,0.0008658511192246067,0.00022818434392936078,0.005453160599958991,0.1464413761207022
1781866520.302142,39.80701804161072,mechanical_puppy,mixed_social_nonsocial_movie,mixed,1131,1,0.42105036377821814,0.4136744690233832,0.41736241640080063,1,0,0.5865435123443603,0.8623378694057464,0.2972891545343296,0.27074343523236666,-1.091789147107277,0.5515928864479065,0.8813886046409607,0.0023061056236462997,0.001440254504421693,0.005897223770072224,0.14568541863318066
1781866520.336993,39.84186911582947,mechanical_puppy,mixed_social_nonsocial_movie,mixed,1132,1,0.4170218077352067,0.4049792582016943,0.4110005329684505,1,0,0.5868195712566375,0.8626921653747559,0.2891633050134305,0.26732750062269445,-1.361504008439574,0.5527549982070923,0.8848730325698853,0.003673110634422464,0.0013670050107761644,0.007216638367458126,0.14795529440954844
1781866520.3724108,39.87728691101074,mechanical_puppy,mixed_social_nonsocial_movie,mixed,1133,1,0.45963800853318476,0.4132056058752189,0.4364218072042018,1,0,0.5867859125137329,0.8621958792209625,0.3026926263983038,0.27165542251598507,-1.463622085467686,0.5516831874847412,0.8818246722221375,0.0032312968038030548,0.0004418138306194093,0.004602147937651693,0.14666693287804256
1781866520.4054852,39.91036128997803,mechanical_puppy,mixed_social_nonsocial_movie,mixed,1134,1,0.42569401969325804,0.41030667987866376,0.4180003497859609,1,0,0.5868951618671417,0.8629823625087738,0.30237698924781536,0.2724317590670316,-0.8590380989586754,0.5516871064901352,0.8824109733104706,0.0005863141860674109,0.0026449826177356436,0.010222564607044305,0.14701579044785656
1781866520.441998,39.946874141693115,mechanical_puppy,mixed_social_nonsocial_movie,mixed,1135,1,0.41821435778204374,0.41561516895134704,0.4169147633666954,1,0,0.586791354417801,0.8627703726291656,0.29591372525403764,0.2726259996118383,-0.6107657478026992,0.5516146719455719,0.8836144804954529,0.0012056849951584002,0.0006193708090909892,0.008468017127420785,0.1478723661723173
1781866520.474118,39.97899413108826,mechanical_puppy,mixed_social_nonsocial_movie,mixed,1136,1,0.4092904623403232,0.40659900634084783,0.40794473434058554,1,0,0.5868069648742675,0.8630457758903504,0.29381996491900325,0.2689774199841031,-0.8576107254392854,0.55150505900383,0.8848636448383331,0.0012539643346286876,4.8279339470287414e-05,0.007993660667993452,0.14741786215704372
1781866520.5094159,40.01429200172424,mechanical_puppy,mixed_social_nonsocial_movie,mixed,1137,1,0.42806507514952574,0.32211984806718175,0.37509246160835374,1,0,0.586503803730011,0.8629297375679016,0.2895316866805963,0.26871797566620226,-1.5850767185753873,0.5521765649318695,0.884132593870163,0.0009926508597965327,0.00026131347483215493,0.007807242348915023,0.1495804674279877
1781866520.544079,40.04895520210266,mechanical_puppy,mixed_social_nonsocial_movie,mixed,1138,1,0.4423218228146474,0.3986048960203575,0.42046335941750246,1,0,0.5867360770702362,0.8623150944709778,0.2979418438814911,0.26920106671888255,-1.2613562378897036,0.5517532825469971,0.883263885974884,0.0009663443406277325,2.630651916880021e-05,0.005465465444240055,0.1482751851938896
1781866520.579846,40.08472204208374,mechanical_puppy,mixed_social_nonsocial_movie,mixed,1139,1,0.4198415464256275,0.36992797201124455,0.394884759218436,1,0,0.5869179785251617,0.8625238120555878,0.2872721531712023,0.26852098055681994,-1.7821674107451217,0.5531457960605621,0.8838514387607574,0.001511394111953903,0.0005450497713261706,0.00863010433876376,0.14921387186961557
1781866520.6117818,40.116657972335815,mechanical_puppy,mixed_social_nonsocial_movie,mixed,1140,1,0.4443404341598521,0.4251556614263374,0.4347480477930947,1,0,0.5867153942584992,0.8622594773769379,0.2870939389135487,0.270367307628618,-1.279194737898702,0.5523853600025177,0.8836960792541504,0.0007761440424736538,0.0007352500694802493,0.007067872418596699,0.1460321765921042
1781866520.6471932,40.152069330215454,mechanical_puppy,mixed_social_nonsocial_movie,mixed,1141,1,0.4055101773448577,0.3859431247336232,0.39572665103924043,1,0,0.5870696902275085,0.862906277179718,0.2944558460638831,0.27174851728004695,-1.3610456133337236,0.5518067330121994,0.8835013210773468,0.0006105243167611509,0.00016561972571250288,0.006976823773094051,0.14868568393119536
1781866520.681615,40.18649125099182,mechanical_puppy,mixed_social_nonsocial_movie,mixed,1142,1,0.40654219282707216,0.408218078161522,0.4073801354942971,1,0,0.5868990898132325,0.8630362629890442,0.2956182519291999,0.2734008363540762,-1.098328313510764,0.5515665113925934,0.8828257620334625,0.0007169982205696032,0.00010647390380845228,0.008813960689228495,0.1474970022174634
1781866520.714402,40.21927809715271,mechanical_puppy,mixed_social_nonsocial_movie,mixed,1143,1,0.4057547842374036,0.3900448706937835,0.39789982746559355,1,0,0.587006402015686,0.8630577027797699,0.2947736269421034,0.27301503239277364,-0.998757640734455,0.5519312918186188,0.882492870092392,0.0004938439061494921,0.00022315431442011108,0.007560385751658517,0.14840884114333416
1781866520.7500968,40.2549729347229,mechanical_puppy,mixed_social_nonsocial_movie,mixed,1144,1,0.4240111625868064,0.40555567492149813,0.41478341875415226,1,0,0.5869495034217835,0.8625516176223755,0.28862256437307937,0.27165835334715727,-1.666665240515534,0.5528849959373474,0.882082462310791,0.0010382610910934602,0.0005444171849439681,0.004730659144694666,0.14744102944217524
1781866520.783974,40.28885006904602,mechanical_puppy,mixed_social_nonsocial_movie,mixed,1145,1,0.4272524258297866,0.41887394967111835,0.4230631877504525,1,0,0.5870010733604432,0.8618300259113312,0.28799133724788906,0.2735017778624504,-1.5983032201486511,0.5525372177362442,0.8814845979213715,0.000691658517838538,0.00034660257325492216,0.006784293700642406,0.14699546198801292
1781866520.8199182,40.32479429244995,mechanical_puppy,mixed_social_nonsocial_movie,mixed,1146,1,0.40730769658101534,0.4034990581544728,0.40540337736774407,1,0,0.5868651688098907,0.8620779812335968,0.29346928159432595,0.2725310400598429,-1.6848557464751164,0.5518118292093277,0.8838046193122864,0.0024307792514510406,0.0017391207336125026,0.005862761523744277,0.14779334012262102
1781866520.853056,40.35793209075928,mechanical_puppy,mixed_social_nonsocial_movie,mixed,1147,1,0.4044561843055336,0.4073555091446261,0.40590584672507984,1,0,0.587114679813385,0.8628108501434326,0.2985913444974596,0.27413167837273966,-0.9869834412622278,0.5513891577720642,0.881790280342102,0.002058206168167231,0.0003725730832838097,0.00426590530863012,0.14842359597840724
1781866520.888653,40.393529176712036,mechanical_puppy,mixed_social_nonsocial_movie,mixed,1148,1,0.4003890388900714,0.42706222647347014,0.41372563268177076,1,0,0.5871840476989746,0.862706071138382,0.2953935557899281,0.27088651791673335,-0.7628160164054448,0.5521136820316315,0.8825866878032684,0.0010766616213569468,0.0009815445468102841,0.003902564352142462,0.14754748458634598
1781866520.9221818,40.42705798149109,mechanical_puppy,mixed_social_nonsocial_movie,mixed,1149,1,0.4108194735116246,0.42302261706567335,0.416921045288649,1,0,0.5871104419231414,0.8625105082988739,0.2986334078341677,0.2702433101386074,-0.9781554396191172,0.5521979928016663,0.8848005831241608,0.0022155001236318695,0.0011388385022749227,0.00392664804230491,0.14724845932862038
1781866520.9564428,40.46131896972656,mechanical_puppy,mixed_social_nonsocial_movie,mixed,1150,1,0.4180922895710302,0.41168140068961573,0.4148868451303229,1,0,0.5871659994125367,0.8620098054409027,0.29781509493108477,0.2705220312979439,-1.0768164966169578,0.5521331876516342,0.8834291994571686,0.001372914006616443,0.0008425861170154264,0.004706809340200743,0.14674148073933346
1781866520.990905,40.4957811832428,mechanical_puppy,mixed_social_nonsocial_movie,mixed,1151,1,0.42118732664497,0.3918273523507621,0.40650733949786605,1,0,0.5872230291366577,0.8620434880256653,0.2960785744562057,0.2702143836463387,-1.056676430778687,0.5520422756671906,0.8835723996162415,0.00016962097297793717,0.0012032930336385059,0.004863044318419262,0.147125428771789
1781866521.025321,40.53019714355469,mechanical_puppy,mixed_social_nonsocial_movie,mixed,1152,1,0.39927852395250896,0.41681487756281566,0.4080467007576623,1,0,0.5872130274772644,0.8619986951351166,0.2985371759684242,0.26944429606813153,-0.8370697178075889,0.5517349541187286,0.8843500316143036,0.0008361567188985179,0.0006665357459205807,0.006960339893336448,0.1460929438819598
1781866521.059245,40.56412124633789,mechanical_puppy,mixed_social_nonsocial_movie,mixed,1153,1,0.41399134326203363,0.40147995224909094,0.40773564775556226,1,0,0.5872155487537384,0.8622870564460754,0.2985075007116892,0.2673007161439489,-1.116333205105965,0.5518161952495575,0.8838600218296051,0.0004966988126003609,0.000339457906298157,0.006360167022929318,0.14616151783406334
1781866521.09392,40.598796129226685,mechanical_puppy,mixed_social_nonsocial_movie,mixed,1154,1,0.4109288569018273,0.40229636837541227,0.4066126126386198,1,0,0.5871545910835266,0.8626848340034485,0.29653676807073326,0.26726059023812265,-1.3243913473190743,0.5525612086057663,0.8845529556274414,0.0010174488434871532,0.0005207500308867923,0.0069284914075571635,0.1478604157547618
1781866521.1277819,40.63265800476074,mechanical_puppy,mixed_social_nonsocial_movie,mixed,1155,1,0.43215244698418215,0.4252611369729014,0.4287067919785418,1,0,0.5871656715869904,0.8625702857971191,0.299031011402779,0.2708497873314442,-1.5081913824042437,0.5518823266029358,0.8822018802165985,0.002447128186515216,0.0014296793430280627,0.008948434848232973,0.14828557572173862
1781866521.162785,40.66766119003296,mechanical_puppy,mixed_social_nonsocial_movie,mixed,1156,1,0.42211999948632,0.4346621581832008,0.4283910788347604,1,0,0.5869460463523865,0.862359094619751,0.3074339886932412,0.2693867557752361,-1.3170162434821744,0.5506077706813812,0.8840019106864929,0.0022055843873490977,0.00024154379916611814,0.00977628645157652,0.1467866527863331
1781866521.197421,40.70229721069336,mechanical_puppy,mixed_social_nonsocial_movie,mixed,1157,1,0.4251494857393062,0.40955748892005384,0.41735348732968003,1,0,0.5872063100337982,0.8620519280433655,0.2943921397708764,0.2708543082744535,-1.1063108305315226,0.5521462112665176,0.8823783993721008,0.002236646691356058,3.1062304006960334e-05,0.009298328599021513,0.1456032616506069
