timestamp,elapsed_time,stimulus_id,stimulus_type,paper_category,frame_index,face_detected,left_ear,right_ear,avg_ear,eye_open,blink_state,gaze_x,gaze_y,yaw_proxy,pitch_proxy,roll_proxy_deg,head_center_x,head_center_y,head_movement,head_acceleration,mouth_open,eyebrow_signal
1781864701.2441359,49.92974090576172,blowing_bubbles,mixed_social_nonsocial_movie,mixed,1431,1,0.21978591508432083,0.05444288998303825,0.13711440253367954,0,1,0.5637988448143005,0.6512733161449433,-0.023267347732999558,0.262143392868228,-7.516585825355409,0.5706433653831482,0.6939768195152283,0.0,0.0,0.0006051006453191192,0.1514306751706635
1781864701.292732,49.97833704948425,blowing_bubbles,mixed_social_nonsocial_movie,mixed,1432,1,0.30987260727588745,0.12393020204706079,0.21690140466147412,1,0,0.5641950249671936,0.6489969968795777,-0.022794362013049428,0.26393220951876567,-7.7116072705871845,0.5703403949737549,0.6935864090919495,0.0004941774656666253,0.0004941774656666253,0.00022782372052033775,0.1422552385969177
1781864701.3134,49.99900507926941,blowing_bubbles,mixed_social_nonsocial_movie,mixed,1433,1,0.39375493569084513,0.24150549792692338,0.31763021680888426,1,0,0.5636410534381866,0.6474843323230743,-0.021675684087810315,0.2638535109700199,-8.361958118740382,0.5704014897346497,0.692308247089386,0.001279621301247313,0.0007854438355806877,0.0004950826193637641,0.13223882267124573
1781864701.3463051,50.03191018104553,blowing_bubbles,mixed_social_nonsocial_movie,mixed,1434,1,0.423623265729434,0.34950014187997375,0.3865617038047039,1,0,0.5635301649570466,0.6466624915599823,-0.01789758851062931,0.26261128260985744,-7.970572036289816,0.5700231194496155,0.6924952566623688,0.00042206238044162516,0.0008575589208056878,0.0007191035784985108,0.1261595577741588
1781864701.381292,50.06689715385437,blowing_bubbles,mixed_social_nonsocial_movie,mixed,1435,1,0.4510411221522694,0.3647275211410265,0.40788432164664795,1,0,0.5635896146297454,0.6463376045227051,-0.01805458844155522,0.26198548699892155,-8.127262907868976,0.5700805187225342,0.6935786306858063,0.0010848935206695413,0.0006628311402279161,0.00029751665118054574,0.12415015702776143
1781864701.4153652,50.10097026824951,blowing_bubbles,mixed_social_nonsocial_movie,mixed,1436,1,0.4519331773102602,0.3687779776280369,0.4103555774691485,1,0,0.5638624966144561,0.647098982334137,-0.020390833783282894,0.2630957537790071,-7.973690064112451,0.5703371465206146,0.6933545470237732,0.00034069240428541024,0.0007442011163841311,0.00020330358338392185,0.12403004533637436
1781864701.44998,50.13558506965637,blowing_bubbles,mixed_social_nonsocial_movie,mixed,1437,1,0.4528130249973211,0.38443091999378803,0.41862197249555455,1,0,0.5640209078788757,0.6473975479602814,-0.021431498750261294,0.2639603433674349,-8.050988167840112,0.5706465989351273,0.6935969889163971,0.0003931143194374361,5.242191515202586e-05,0.00019401559308873098,0.1224482451845433
1781864701.483741,50.16934609413147,blowing_bubbles,mixed_social_nonsocial_movie,mixed,1438,1,0.4632452642450661,0.3948858355330333,0.4290655498890497,1,0,0.563865852355957,0.6472718119621277,-0.01784479343068042,0.2638644284065403,-8.82791860145835,0.5704755783081055,0.6932851076126099,0.00035569369198644696,3.7420627450989146e-05,0.00020763054227988223,0.12108873426423944
1781864701.519336,50.20494103431702,blowing_bubbles,mixed_social_nonsocial_movie,mixed,1439,1,0.47706258300491594,0.38473804036348697,0.43090031168420145,1,0,0.564310222864151,0.6468104064464568,-0.017994076449841887,0.2652012090770176,-8.19601302729064,0.5706028491258621,0.6930689513683319,0.00025084135024512546,0.0001048523417413215,0.0003957365016118083,0.12043854240368614
1781864701.55257,50.2381751537323,blowing_bubbles,mixed_social_nonsocial_movie,mixed,1440,1,0.4769612696083948,0.38220157037106534,0.4295814199897301,1,0,0.5656494498252869,0.646982204914093,-0.02049386531519135,0.26278901628858015,-8.762066407856022,0.5709208250045776,0.692478746175766,0.0006704109402274669,0.00041956958998234147,0.0005675658522292632,0.12120116099876621
1781864701.58681,50.27241516113281,blowing_bubbles,mixed_social_nonsocial_movie,mixed,1441,1,0.47505641443872276,0.3891329050364327,0.43209465973757777,1,0,0.5657086551189423,0.6468849420547486,-0.018753712077520232,0.2642866146437032,-8.4424250135272,0.5710096061229706,0.6931614577770233,0.0006884600333167073,1.8049093089240326e-05,0.000805744315046141,0.12221612933608526
1781864701.622144,50.30774903297424,blowing_bubbles,mixed_social_nonsocial_movie,mixed,1442,1,0.47226024533458755,0.39376597799205826,0.4330131116633229,1,0,0.565476232767105,0.6468428611755371,-0.019011926545768842,0.26316110351969285,-8.307823046086638,0.5708873271942139,0.6938050091266632,0.0006550652456368119,3.3394787679895334e-05,0.0009412493552413046,0.12093759547929196
1781864701.6561532,50.341758251190186,blowing_bubbles,mixed_social_nonsocial_movie,mixed,1443,1,0.475402780967202,0.3980275497007571,0.4367151653339796,1,0,0.5657289266586304,0.6471120595932007,-0.018723650857791374,0.26347462265280774,-8.48210897476254,0.5710692703723907,0.6938887238502502,0.00020027849367907112,0.0004547867519577408,0.002226020281610876,0.12001952075128827
1781864701.691221,50.37682604789734,blowing_bubbles,mixed_social_nonsocial_movie,mixed,1444,1,0.48133144396870026,0.3949639355145946,0.4381476897416474,1,0,0.5656277894973755,0.6471611499786376,-0.020483905503970133,0.26407276290377096,-8.550712883318115,0.5712518095970154,0.6925989091396332,0.001302667477236899,0.001102388983557828,0.0028681593780283316,0.11950465174935428
1781864701.727245,50.41285014152527,blowing_bubbles,mixed_social_nonsocial_movie,mixed,1445,1,0.47089984105095395,0.3979627797659673,0.4344313104084606,1,0,0.564638876914978,0.6485199630260468,-0.02036454614812288,0.26287929664293397,-8.16908087450389,0.571099042892456,0.6941806375980377,0.0015890886011008707,0.0002864211238639716,0.0007866545277379209,0.12200588839657041
1781864701.760709,50.446314096450806,blowing_bubbles,mixed_social_nonsocial_movie,mixed,1446,1,0.4757902530979466,0.3911668568534752,0.43347855497571086,1,0,0.5642174303531646,0.6490118265151978,-0.023116881600520927,0.26263916097143586,-7.8374310850407785,0.5720770061016083,0.693900465965271,0.0010173043705118366,0.0005717842305890341,0.0004200059496623724,0.12245208655974887
1781864701.794681,50.48028612136841,blowing_bubbles,mixed_social_nonsocial_movie,mixed,1447,1,0.4626985584385859,0.38549774731573094,0.42409815287715846,1,0,0.5645732343196869,0.6491711616516114,-0.017752520026554686,0.2628311886640838,-8.62741330306655,0.5712417364120483,0.6942973434925079,0.0009247633350880968,9.254103542373981e-05,9.808252903955897e-05,0.12379126533209736
1781864701.830299,50.51590394973755,blowing_bubbles,mixed_social_nonsocial_movie,mixed,1448,1,0.46289552824345104,0.382888518121778,0.42289202318261454,1,0,0.5646537959575653,0.6497813701629638,-0.021510551434066317,0.2623328310307171,-7.751239216075494,0.5718237310647964,0.6946838200092316,0.0006986285664115254,0.0002261347686765714,0.0008694566646781401,0.12464576170007179
1781864701.864545,50.55015015602112,blowing_bubbles,mixed_social_nonsocial_movie,mixed,1449,1,0.45098328260399645,0.3814320834475612,0.4162076830257788,1,0,0.5646805047988892,0.6500812590122222,-0.021075825056843692,0.2616137918673633,-8.474187332341208,0.5717987418174744,0.6943956911563873,0.00028921047408947854,0.00040941809232204686,0.00011814492894184466,0.124669643157044
1781864701.897324,50.5829291343689,blowing_bubbles,mixed_social_nonsocial_movie,mixed,1450,1,0.46545554499591135,0.3762158920394488,0.4208357185176801,1,0,0.5648250460624695,0.6494185626506805,-0.01927079381676432,0.26349743786612484,-8.131939384038471,0.5718526542186737,0.6942881941795349,0.00012025866719487523,0.0001689518068946033,0.00010029360945847153,0.12343595721521962
1781864701.9327202,50.61832523345947,blowing_bubbles,mixed_social_nonsocial_movie,mixed,1451,1,0.4869905189176284,0.39325322248414046,0.44012187070088443,1,0,0.56478853225708,0.6498961925506592,-0.020598305109707366,0.2622700841219552,-8.328861668875078,0.5719107538461685,0.6940230429172516,0.0002714419986027892,0.00015118333140791396,0.0004181576346951701,0.12363320026877221
1781864701.967246,50.65285110473633,blowing_bubbles,mixed_social_nonsocial_movie,mixed,1452,1,0.4704348574198207,0.39806059580294,0.43424772661138034,1,0,0.5649410545825958,0.6498299658298492,-0.022083869726572575,0.26270512275746805,-8.491545217651542,0.5722661018371582,0.6939605176448822,0.00036080687962575085,8.936488102296165e-05,0.0003101454726291076,0.12359578609676952
1781864702.0015628,50.68716788291931,blowing_bubbles,mixed_social_nonsocial_movie,mixed,1453,1,0.4714941536054562,0.3833840916574611,0.42743912263145867,1,0,0.5648868441581727,0.6495586037635803,-0.019049097841920718,0.2626698708442749,-8.376064018524957,0.5719148814678192,0.6937851905822754,0.0003925497761060995,3.174289648034864e-05,0.0001258226648450079,0.12411933479211595
1781864702.0360372,50.72164225578308,blowing_bubbles,mixed_social_nonsocial_movie,mixed,1454,1,0.47129655521757713,0.3812802383921947,0.42628839680488595,1,0,0.5649404525756836,0.6497487187385559,-0.02023473613390852,0.26260632025157676,-8.261204416246533,0.5722430944442749,0.6937275528907776,0.00033323544438594496,5.931433172015453e-05,0.0005884135027325018,0.1240744591748517
1781864702.071264,50.756869077682495,blowing_bubbles,mixed_social_nonsocial_movie,mixed,1455,1,0.4700338964931607,0.3852467288500398,0.42764031267160024,1,0,0.5644533276557923,0.6497637689113617,-0.01855672589503203,0.2603194941380158,-8.447912977614255,0.5723296105861664,0.6941997110843658,0.00048001916897173226,0.0001467837245857873,0.0006470044971366827,0.12534954617570077
1781864702.104546,50.79015111923218,blowing_bubbles,mixed_social_nonsocial_movie,mixed,1456,1,0.4688132774619095,0.39991252660521237,0.4343629020335609,1,0,0.5647720217704773,0.649511307477951,-0.017364822534135033,0.2617834053292615,-8.771122050539923,0.5722450762987137,0.6943725049495697,0.00019236362859757086,0.0002876555403741614,0.0006563670676848626,0.12396527242261703
1781864702.139532,50.8251371383667,blowing_bubbles,mixed_social_nonsocial_movie,mixed,1457,1,0.4828143071718726,0.39631786065137514,0.4395660839116239,1,0,0.5648806035518646,0.6491959273815155,-0.019519714743278464,0.26305942901679163,-8.406196082744668,0.5722370445728302,0.6940190196037292,0.00035357658059409546,0.0001612129519965246,0.0005579326201977373,0.12355691844537424
1781864702.172835,50.85844016075134,blowing_bubbles,mixed_social_nonsocial_movie,mixed,1458,1,0.4790854567804849,0.40607867410290116,0.44258206544169304,1,0,0.5648288547992706,0.6493660926818847,-0.019447572637517205,0.26125889753961884,-8.543092156599132,0.5720857381820679,0.6938464045524597,0.00022954210901336933,0.00012403447158072613,0.00030952136948771743,0.12338086105260615
1781864702.206918,50.89252305030823,blowing_bubbles,mixed_social_nonsocial_movie,mixed,1459,1,0.479738870880042,0.3898745095318038,0.4348066902059229,1,0,0.5646383941173554,0.6494347214698791,-0.019395678210745636,0.2618061528765472,-8.62838798621109,0.5720366835594177,0.6940227746963501,0.00018306497114211094,4.647713787125839e-05,0.00025319267976038856,0.12485900585425576
1781864702.242269,50.92787408828735,blowing_bubbles,mixed_social_nonsocial_movie,mixed,1460,1,0.45821064927651944,0.3748974799254163,0.4165540646009679,1,0,0.5643223822116852,0.6495121002197266,-0.016162522902308154,0.26108239266600897,-8.326418230175959,0.5716265141963959,0.693805068731308,0.0004643649357742991,0.00028129996463218814,0.0001471781275627712,0.12476627115109379
1781864702.2759821,50.96158719062805,blowing_bubbles,mixed_social_nonsocial_movie,mixed,1461,1,0.4777486946350734,0.3695383463598154,0.4236435204974444,1,0,0.5645545721054077,0.6493295490741731,-0.018545025627327592,0.2634526164152057,-7.524344112413584,0.5717272758483887,0.6931821703910828,0.0006309954459167286,0.00016663051014242957,0.0006874257975453892,0.12436282471097776
1781864702.3132641,50.99886918067932,blowing_bubbles,mixed_social_nonsocial_movie,mixed,1462,1,0.47043868502877345,0.401689954495808,0.43606431976229076,1,0,0.5645610988140106,0.6494482696056366,-0.018629396762240655,0.26032364318697054,-8.27352785824106,0.5719192177057266,0.6939650475978851,0.0008060635195374001,0.00017506807362067142,0.0001947348278183352,0.12341792186598453
1781864702.348753,51.03435802459717,blowing_bubbles,mixed_social_nonsocial_movie,mixed,1463,1,0.46084402850499195,0.3938732115544606,0.42735862002972624,1,0,0.5645584046840668,0.6491670668125153,-0.01811495026764781,0.26247856962673055,-7.957644512784625,0.5720702111721039,0.6938162744045258,0.00021197285191968857,0.0005940906676177115,0.00021997410359791286,0.12504199797470092
1781864702.3800588,51.06566381454468,blowing_bubbles,mixed_social_nonsocial_movie,mixed,1464,1,0.46963426414276727,0.3904820105142009,0.4300581373284841,1,0,0.5648632526397706,0.6486486613750457,-0.02028409272565234,0.26380207288536905,-7.944534753054396,0.5724238753318787,0.6932010650634766,0.0007096202302805249,0.0004976473783608363,0.00015184190802961854,0.12356172529022418
1781864702.414613,51.100218057632446,blowing_bubbles,mixed_social_nonsocial_movie,mixed,1465,1,0.4667996697174496,0.3899658074077498,0.4283827385625997,1,0,0.5647469222545624,0.6485088348388672,-0.01565336452513449,0.2633809188719747,-8.32762217023647,0.5717685222625732,0.6932121813297272,0.0006554473409995566,5.417288928096832e-05,0.0013899068372941966,0.12278940084951448
1781864702.4499981,51.135603189468384,blowing_bubbles,mixed_social_nonsocial_movie,mixed,1466,1,0.47109568153033343,0.40351516450094393,0.4373054230156387,1,0,0.5645423054695129,0.6481416881084442,-0.01875303313182096,0.26154689877443377,-7.8484957344643735,0.5719364732503891,0.6935973465442657,0.0004201901674228801,0.00023525717357667647,0.00048105714461965177,0.1221737799533015
1781864702.484131,51.16973614692688,blowing_bubbles,mixed_social_nonsocial_movie,mixed,1467,1,0.4840847015915489,0.3868420614398662,0.43546338151570757,1,0,0.5648086845874787,0.6477964222431183,-0.022169933326121362,0.26262031627164645,-8.350504665578294,0.5724212527275085,0.6930709481239319,0.0007156161250043132,0.0002954259575814331,0.000692879113312954,0.12252805373994305
1781864702.5170932,51.20269823074341,blowing_bubbles,mixed_social_nonsocial_movie,mixed,1468,1,0.4798694466603543,0.38383610593584516,0.4318527762980997,1,0,0.5646714866161346,0.647829532623291,-0.018201168460169392,0.2612853526823357,-8.433251585347556,0.5718277841806412,0.6936988234519958,0.0008639631610851819,0.00014834703608086872,8.328640746714511e-05,0.12364133190963442
1781864702.5540679,51.239672899246216,blowing_bubbles,mixed_social_nonsocial_movie,mixed,1469,1,0.4805369797523715,0.39696749141737253,0.438752235584872,1,0,0.5645393669605255,0.6477975964546203,-0.022000309481674668,0.26157915720191044,-8.288961773796562,0.5720358341932297,0.6932151913642883,0.0005264834318365672,0.00033747972924861474,0.000501126916293265,0.12280424580132383
1781864702.587471,51.27307605743408,blowing_bubbles,mixed_social_nonsocial_movie,mixed,1470,1,0.47172018491981704,0.3955667923266565,0.43364348862323676,1,0,0.5644601285457611,0.6477089643478393,-0.017268680400128484,0.2606919147452389,-8.548439107803887,0.571531742811203,0.6937299966812134,0.0007205085952074829,0.00019402516337091577,0.0002880372620744055,0.12240079464086662
1781864702.62196,51.30756497383118,blowing_bubbles,mixed_social_nonsocial_movie,mixed,1471,1,0.4712470420135862,0.3913549746798041,0.43130100834669516,1,0,0.5642960071563721,0.6472533583641051,-0.018481027025793437,0.26073292767105133,-7.878428089480487,0.5717039108276367,0.6938595771789551,0.000215483018536744,0.0005050255766707389,0.00010012679875800216,0.12140959172523264
1781864702.655401,51.34100604057312,blowing_bubbles,mixed_social_nonsocial_movie,mixed,1472,1,0.46787784488962614,0.380030517375041,0.4239541811323336,1,0,0.5644170939922333,0.6473267257213593,-0.020570978239154186,0.2611299104614333,-8.566858647929392,0.5718525648117065,0.6932285726070404,0.0006482783173584098,0.0004327952988216658,0.00024951759025145133,0.12231037999675809
1781864702.691243,51.376847982406616,blowing_bubbles,mixed_social_nonsocial_movie,mixed,1473,1,0.4636559399147078,0.37603096450134155,0.41984345220802466,1,0,0.5645254731178284,0.646901899576187,-0.019403538981001108,0.2635440811529488,-8.135566196376546,0.5718221366405487,0.6927954852581024,0.00043415495552872067,0.00021412336182968913,0.0003195106845265854,0.12389259703988839
1781864702.7237172,51.4093222618103,blowing_bubbles,mixed_social_nonsocial_movie,mixed,1474,1,0.45758383630807714,0.3885485577961109,0.42306619705209403,1,0,0.5643851935863495,0.6471429228782654,-0.020716506722002363,0.2626056271320978,-8.648816357813196,0.5717479884624481,0.6923072040081024,0.0004938790655790127,5.972411005029205e-05,9.293689397515225e-05,0.12414102389499133
1781864702.759528,51.44513297080994,blowing_bubbles,mixed_social_nonsocial_movie,mixed,1475,1,0.471851341201258,0.4013939339776498,0.43662263758945385,1,0,0.5643117725849152,0.6471196413040161,-0.019276963503391496,0.26397004345771935,-8.46314494415448,0.571759045124054,0.6923108696937561,1.164847703253898e-05,0.00048223058854647376,0.003092159683465922,0.12331778699470713
1781864702.794471,51.48007607460022,blowing_bubbles,mixed_social_nonsocial_movie,mixed,1476,1,0.47430351071372795,0.3970864831007498,0.4356949969072389,1,0,0.5655478417873383,0.6461483597755432,-0.018323335787291593,0.26150387206739234,-8.741412740775706,0.5716394186019897,0.6925342381000519,0.00025338498320203135,0.00024173650616949238,0.005047393490879099,0.12104448811612234
1781864702.828301,51.51390600204468,blowing_bubbles,mixed_social_nonsocial_movie,mixed,1477,1,0.4826648864878123,0.3923062910669553,0.4374855887773838,1,0,0.5658304393291473,0.6453521430492402,-0.0167477633021446,0.25952399470179155,-8.448255017867382,0.5712907314300537,0.6922841668128967,0.0004290901916056627,0.00017570520840363133,0.005649631862706088,0.11954703281323564
1781864702.8630311,51.54863619804382,blowing_bubbles,mixed_social_nonsocial_movie,mixed,1478,1,0.46412941464318386,0.3919492774642488,0.4280393460537163,1,0,0.5657658040523529,0.6446444869041443,-0.016239652044949898,0.2595229137044145,-8.709054278528038,0.5710361897945404,0.6915631294250488,0.0007646478659385064,0.0003355576743328437,0.0001153983988336947,0.1188762083067713
1781864702.8966331,51.58223819732666,blowing_bubbles,mixed_social_nonsocial_movie,mixed,1479,1,0.4501726072847019,0.40247591631745133,0.42632426180107663,1,0,0.5654342949390412,0.6445364058017731,-0.012807295003398125,0.25925381176825,-8.751436347179125,0.570761650800705,0.6907287836074829,0.0008783533471365159,0.00011370548119800958,0.0002722541071374748,0.11996557426131764
1781864702.930876,51.61648106575012,blowing_bubbles,mixed_social_nonsocial_movie,mixed,1480,1,0.47273241039673874,0.4000645545793828,0.4363984824880608,1,0,0.5653576552867889,0.6441127240657807,-0.0158312809493194,0.2596741440480538,-9.017887362127771,0.5709356665611267,0.6915613114833832,0.0008505199286472797,2.7833418489236214e-05,2.2135576841016756e-05,0.11955995156221945
1781864702.966769,51.652374029159546,blowing_bubbles,mixed_social_nonsocial_movie,mixed,1481,1,0.46695514902348295,0.40875889420172956,0.43785702161260626,1,0,0.5656609058380127,0.6441726446151733,-0.01594461143934469,0.25904455840037327,-9.021070379988553,0.5710197240114212,0.6910085082054138,0.0005591575082959017,0.00029136242035137803,0.00018196908030546674,0.12080363134423316
1781864702.9996438,51.68524885177612,blowing_bubbles,mixed_social_nonsocial_movie,mixed,1482,1,0.46850565405096145,0.4030483979131775,0.43577702598206947,1,0,0.5658335506916046,0.644266140460968,-0.0174687672325572,0.2585962947504878,-8.760423134778904,0.5712565034627914,0.6910868883132935,0.00024941521585984943,0.00030974229243605227,0.0003460410774798924,0.12059174242293415
1781864703.032753,51.71835803985596,blowing_bubbles,mixed_social_nonsocial_movie,mixed,1483,1,0.4806812279741908,0.40175327886434165,0.4412172534192662,1,0,0.566036194562912,0.6437855780124664,-0.015208335656830147,0.2607815659658891,-8.863581172350104,0.5709426999092102,0.6900204122066498,0.0011116851875787803,0.0008622699717189308,0.00035866854060195494,0.11947176954431271
1781864703.069525,51.75513005256653,blowing_bubbles,mixed_social_nonsocial_movie,mixed,1484,1,0.4647620187371221,0.4084117512446753,0.4365868849908987,1,0,0.565899235010147,0.6439787447452545,-0.012402593058404772,0.2594459204272866,-9.048254343156117,0.5706878155469894,0.6901392638683319,0.0002812325649516587,0.0008304526226271215,0.00020035301583608135,0.12005584770053394
1781864703.103745,51.7893500328064,blowing_bubbles,mixed_social_nonsocial_movie,mixed,1485,1,0.45969612559064393,0.40427918923516326,0.43198765741290357,1,0,0.56583212018013,0.6437420308589935,-0.01263271526615494,0.25965714940094325,-9.127113924346432,0.5708246529102325,0.6900221109390259,0.00018013681695952288,0.00010109574799213583,0.001477106562521905,0.12120737636875688
1781864703.1380029,51.82360792160034,blowing_bubbles,mixed_social_nonsocial_movie,mixed,1486,1,0.44688050084173186,0.4076580017438793,0.4272692512928056,1,0,0.5659649312496186,0.6437089502811432,-0.009814388730722181,0.25919088172277027,-9.030338444909553,0.5706965178251266,0.6905174553394318,0.0005116489763974514,0.00033151215943792847,0.0012696174136748782,0.12011328694590274
1781864703.1730921,51.858697175979614,blowing_bubbles,mixed_social_nonsocial_movie,mixed,1487,1,0.43965539832815326,0.41473125959839424,0.4271933289632738,1,0,0.5657692492008208,0.6437667429447174,-0.011240174524415796,0.26066529898222474,-8.805942041713406,0.5711626708507538,0.6907534599304199,0.0005224909666863359,1.0841990288884573e-05,0.0016983048426732984,0.11856424201898261
1781864703.205911,51.8915159702301,blowing_bubbles,mixed_social_nonsocial_movie,mixed,1488,1,0.4471678944776322,0.4100061880401337,0.428587041258883,1,0,0.5663609147071839,0.6439111351966857,-0.014048842556189378,0.25708566159801427,-8.645445847625114,0.5716027170419693,0.6909293830394745,0.00047390884218666594,4.858212449966999e-05,0.00028192562300812657,0.11934998698867155
1781864703.241898,51.92750310897827,blowing_bubbles,mixed_social_nonsocial_movie,mixed,1489,1,0.4618441725024641,0.41343133877014454,0.43763775563630436,1,0,0.5664015114307404,0.6437018752098084,-0.014363756260261705,0.2580826267153597,-8.665711242703603,0.57194484770298,0.6904515326023102,0.0005877026710010483,0.00011379382881438236,0.00021509357893652691,0.11864252612500133
1781864703.2760441,51.96164917945862,blowing_bubbles,mixed_social_nonsocial_movie,mixed,1490,1,0.4579547485173084,0.4319819841519611,0.44496836633463477,1,0,0.5666272521018982,0.6435878992080688,-0.01535642925021455,0.2580871234073051,-8.76336294670925,0.5718930661678314,0.6902467012405396,0.00021127520949500557,0.0003764274615060427,0.0003606093893623551,0.11833526885017351
1781864703.309824,51.995429039001465,blowing_bubbles,mixed_social_nonsocial_movie,mixed,1491,1,0.4535192945493721,0.42725009738929737,0.4403846959693347,1,0,0.566628485918045,0.6434622764587402,-0.014266964746837392,0.25693913925996986,-8.591664598367894,0.5717384070158005,0.6910928189754486,0.0008601364279197605,0.0006488612184247549,0.00048300838012094047,0.11846228952760396
1781864703.344289,52.02989411354065,blowing_bubbles,mixed_social_nonsocial_movie,mixed,1492,1,0.45233239418858295,0.4198032102220352,0.43606780220530905,1,0,0.5662944436073303,0.6436958253383637,-0.01912869395493419,0.2567244833927524,-8.319305410547894,0.5723613500595093,0.6919053792953491,0.001023871236622071,0.00016373480870231064,0.0002422793626769295,0.11975568563359665
1781864703.38105,52.06665515899658,blowing_bubbles,mixed_social_nonsocial_movie,mixed,1493,1,0.4713411970139357,0.41104304290120897,0.44119211995757235,1,0,0.5668788850307465,0.6433636128902436,-0.017632220623036193,0.2595505647164997,-8.217900467415038,0.5724362730979919,0.691268116235733,0.0006416522959101245,0.00038221894071194663,0.00038279493631042914,0.1199489955638071
1781864703.411916,52.09752106666565,blowing_bubbles,mixed_social_nonsocial_movie,mixed,1494,1,0.4626896955314238,0.4234367720155654,0.4430632337734946,1,0,0.5672349691390992,0.6435587644577027,-0.015259120454852544,0.25815400683930895,-7.959122135704788,0.5723879337310791,0.6918132603168488,0.0005472830744404946,9.436922146962982e-05,0.0002115681115105615,0.11952052852422362
1781864703.447797,52.13340210914612,blowing_bubbles,mixed_social_nonsocial_movie,mixed,1495,1,0.46039963630970887,0.42009889656719873,0.4402492664384538,1,0,0.567136174440384,0.6433241903781891,-0.015490277569549253,0.25953010557969425,-8.336877657708389,0.5722540766000748,0.6911503076553345,0.0006763312523679367,0.00012904817792744208,7.5023773292446e-05,0.119659820971561
1781864703.482058,52.16766309738159,blowing_bubbles,mixed_social_nonsocial_movie,mixed,1496,1,0.4447253171637587,0.4204802386101693,0.432602777886964,1,0,0.5672949612140656,0.6436809003353119,-0.013217425447227408,0.259330802536845,-8.347487987178095,0.5723106265068054,0.690871387720108,0.00028459483870577686,0.00039173641366215987,0.0003316929936899997,0.1196793173412736
1781864703.516612,52.20221710205078,blowing_bubbles,mixed_social_nonsocial_movie,mixed,1497,1,0.46335183835747107,0.4127749654527149,0.43806340190509296,1,0,0.5671984732151032,0.6438657760620117,-0.014008044726899305,0.25783494962482045,-8.532888640268762,0.5725900828838348,0.6916495263576508,0.0008267984070492979,0.0005422035683435211,3.23157896011008e-05,0.11984046410907588
1781864703.5508301,52.23643517494202,blowing_bubbles,mixed_social_nonsocial_movie,mixed,1498,1,0.45603680915323636,0.4082380175253806,0.43213741333930844,1,0,0.5672410964965819,0.6433062255382538,-0.017156289865043833,0.2596008939350054,-8.198146484396696,0.5728379935026169,0.6908137500286102,0.00087176931988305,4.4970912833752026e-05,0.00015872757156860308,0.11931205190006584
1781864703.584578,52.270183086395264,blowing_bubbles,mixed_social_nonsocial_movie,mixed,1499,1,0.4558087333448501,0.39852243109381974,0.4271655822193349,1,0,0.5676409125328064,0.6433560252189636,-0.019354855653937263,0.26230461641359265,-7.861167161162416,0.5733837336301804,0.6899690330028534,0.0010056734760529756,0.00013390415616992564,0.00040848405855686327,0.11973433997716172
1781864703.619492,52.3050971031189,blowing_bubbles,mixed_social_nonsocial_movie,mixed,1500,1,0.4649300818380695,0.40272262781384766,0.43382635482595855,1,0,0.5681632041931153,0.6435773551464081,-0.018879503962855232,0.25829784952102514,-7.578453694144126,0.5735071897506714,0.6913625299930573,0.0013989550655378123,0.0003932815894848367,0.00032223734818303884,0.11951317964689291
1781864703.654471,52.340075969696045,blowing_bubbles,mixed_social_nonsocial_movie,mixed,1501,1,0.44624753618474633,0.4043857405847094,0.4253166383847279,1,0,0.5683925449848175,0.6430976212024688,-0.016262193675420738,0.260238793389192,-7.904104210791651,0.5737675279378891,0.690714418888092,0.0006984439677619316,0.0007005110977758807,0.0002808787820330623,0.12008504491021586
1781864703.687949,52.37355399131775,blowing_bubbles,mixed_social_nonsocial_movie,mixed,1502,1,0.4662841428955392,0.42106469992436957,0.4436744214099544,1,0,0.5686556100845337,0.6427217066287993,-0.0177533901563355,0.2611608567390409,-7.486376404130579,0.5736650675535202,0.6907797157764435,0.00012149820572091789,0.0005769457620410137,0.00030444695180451963,0.11970803287017048
1781864703.7237499,52.40935492515564,blowing_bubbles,mixed_social_nonsocial_movie,mixed,1503,1,0.4545316703899692,0.41871539305365924,0.43662353172181423,1,0,0.5686823546886444,0.643033790588379,-0.016844625590946512,0.25632568175878745,-7.793370642426431,0.5737995207309723,0.6911891400814056,0.0004309360955184757,0.0003094378897975578,0.00038784440128293633,0.12043975234551443
1781864703.7594151,52.44502019882202,blowing_bubbles,mixed_social_nonsocial_movie,mixed,1504,1,0.460506434887323,0.4016543424776842,0.43108038868250365,1,0,0.5689116656780243,0.6433345913887024,-0.01606344563589289,0.2581637371444339,-7.611718183782746,0.5738245248794556,0.6908054053783417,0.000384548475197813,4.638762032066273e-05,0.00011058347922909061,0.12064647280120519
1781864703.7924328,52.47803783416748,blowing_bubbles,mixed_social_nonsocial_movie,mixed,1505,1,0.4578009249331336,0.4016390297817879,0.42971997735746076,1,0,0.5691090047359466,0.6432044863700866,-0.016037703313623367,0.25705933298858696,-7.342541843626819,0.5741838365793228,0.6910200119018555,0.00041852223070724487,3.397375550943189e-05,0.0001716274209594992,0.12090948609831298
1781864703.827594,52.51319909095764,blowing_bubbles,mixed_social_nonsocial_movie,mixed,1506,1,0.4674886245413286,0.4039382273827456,0.4357134259620371,1,0,0.5690637171268463,0.6427894175052643,-0.01570307564089963,0.2584545674185129,-7.477762666151986,0.5740890800952911,0.6908311247825623,0.0002113223487966522,0.00020719988191059266,0.0015030783477333026,0.11989160345526301
1781864703.860648,52.546252965927124,blowing_bubbles,mixed_social_nonsocial_movie,mixed,1507,1,0.4686320862675592,0.3991874227731877,0.43390975452037345,1,0,0.568980622291565,0.6424688458442689,-0.01525650435634354,0.2576657077716773,-7.3862617561939174,0.5741099715232849,0.690204530954361,0.0006269420047369387,0.0004156196559402865,0.0019087175188225352,0.12052801211193581
1781864703.8955798,52.58118486404419,blowing_bubbles,mixed_social_nonsocial_movie,mixed,1508,1,0.46372250765075157,0.3973301692803057,0.4305263384655286,1,0,0.5691787242889405,0.642278116941452,-0.01596993209823985,0.25773120597985666,-7.308551960439409,0.5742311477661133,0.6900212466716766,0.00021971984458648216,0.00040722216015045653,0.005567605542338416,0.12033025928274539
1781864703.9292932,52.61489820480347,blowing_bubbles,mixed_social_nonsocial_movie,mixed,1509,1,0.47004230326444785,0.4065947510972673,0.43831852718085756,1,0,0.5691720247268677,0.6425449848175049,-0.014334009195403135,0.2575173832326779,-6.995671628854367,0.5739004611968994,0.6904562711715698,0.0005464429728395787,0.0003267231282530965,0.0030202042009069086,0.1200615783092819
1781864703.963816,52.649420976638794,blowing_bubbles,mixed_social_nonsocial_movie,mixed,1510,1,0.4509768745754716,0.41418251449861754,0.4325796945370446,1,0,0.5691817402839661,0.6427920043468476,-0.0165121654918325,0.2549630600859579,-7.056828227015436,0.5741506516933441,0.6910796761512756,0.0006717358507875314,0.00012529287794795267,0.0022916801170838456,0.11972367420576976
1781864703.9987168,52.684321880340576,blowing_bubbles,mixed_social_nonsocial_movie,mixed,1511,1,0.4628731572395302,0.41687917550422043,0.4398761663718753,1,0,0.5693438291549683,0.6428360998630525,-0.018621892233554902,0.25648077003287356,-6.923865766869871,0.5743293762207031,0.6906960308551788,0.0004232329971740197,0.0002485028536135117,0.00216637624372813,0.1196736446016593
1781864704.03373,52.719335079193115,blowing_bubbles,mixed_social_nonsocial_movie,mixed,1512,1,0.4474198248063868,0.4141391224607067,0.43077947363354674,1,0,0.568998396396637,0.6424880266189574,-0.011639168720524123,0.25644558490295144,-7.131425420613542,0.5740766227245331,0.6902936398983002,0.00047518713366831146,5.195413649429178e-05,0.003032903438225281,0.12035144631561641
1781864704.067136,52.75274109840393,blowing_bubbles,mixed_social_nonsocial_movie,mixed,1513,1,0.4426257272328224,0.4182931770177572,0.4304594521252898,1,0,0.5686572968959809,0.6420038282871247,-0.010680258067986196,0.25722258682455534,-7.139078468159944,0.5743779689073563,0.6903729140758514,0.00031159896843303624,0.00016358816523527522,0.000467244541459069,0.11985163057495757
1781864704.101824,52.787429094314575,blowing_bubbles,mixed_social_nonsocial_movie,mixed,1514,1,0.4596858268289001,0.4164356706854013,0.43806074875715073,1,0,0.5688724637031555,0.6416431486606597,-0.007270263598392588,0.2574348706889516,-6.479803978432063,0.5740723162889481,0.690517008304596,0.0003379151815134456,2.6316213080409352e-05,9.831881968279578e-05,0.11998714463907148
1781864704.13691,52.82251501083374,blowing_bubbles,mixed_social_nonsocial_movie,mixed,1515,1,0.4692140010635121,0.40659749171350007,0.4379057463885061,1,0,0.5689659237861633,0.6416945517063141,-0.009514834025132306,0.2541675546823782,-6.785643839222553,0.5742231905460358,0.6906529068946838,0.00020305533295051422,0.00013485984856293138,0.0019576489808667188,0.12109180883916573
1781864704.171526,52.857131004333496,blowing_bubbles,mixed_social_nonsocial_movie,mixed,1516,1,0.4600323049891976,0.42038700878883645,0.44020965688901703,1,0,0.5689981162548066,0.6416188597679138,-0.009094762430539841,0.258538370662806,-6.9437078734084565,0.5741819888353348,0.6903126835823059,0.00034270903584542137,0.00013965370289490715,8.609554374227547e-05,0.11984987118317453
1781864704.206666,52.89227104187012,blowing_bubbles,mixed_social_nonsocial_movie,mixed,1517,1,0.4481183144686081,0.40822847625323977,0.4281733953609239,1,0,0.5688434541225433,0.6417389988899231,-0.009253165543802788,0.2553781626736559,-6.796706217250001,0.5741803050041199,0.6910867989063263,0.0007741171553264707,0.00043140811948104934,0.00023103013457868743,0.12051848673317057
1781864704.239709,52.92531394958496,blowing_bubbles,mixed_social_nonsocial_movie,mixed,1518,1,0.4484716256101941,0.4218965410832935,0.4351840833467438,1,0,0.5689283072948456,0.6413843035697937,-0.012277621306851215,0.2572834145308754,-6.714952115803866,0.5743698924779892,0.6901975572109222,0.0009092272560219615,0.00013511010069549082,0.006194830074067824,0.11878489561121464
1781864704.2743318,52.95993685722351,blowing_bubbles,mixed_social_nonsocial_movie,mixed,1519,1,0.46002247414027836,0.4206835063981552,0.4403529902692168,1,0,0.5692114472389221,0.6418347418308259,-0.012495765177739378,0.25916045825029055,-6.600012589286655,0.5743752270936966,0.6901434063911438,5.441295257034816e-05,0.0008548143034516134,0.00018907160667698398,0.12044728099797496
1781864704.309056,52.99466109275818,blowing_bubbles,mixed_social_nonsocial_movie,mixed,1520,1,0.47957962537224125,0.40752213767846596,0.4435508815253536,1,0,0.569255131483078,0.6417152225971222,-0.012553989076024435,0.25986201861896346,-6.202022429353593,0.5742345154285431,0.6901920735836029,0.00014889012167408345,9.447716910373528e-05,0.00011954352433992592,0.119655503301452
1781864704.343647,53.02925205230713,blowing_bubbles,mixed_social_nonsocial_movie,mixed,1521,1,0.46265723757105726,0.42765816403019974,0.4451577008006285,1,0,0.5692439198493957,0.6420745968818664,-0.012452960445162437,0.2553281962816874,-6.430707013673903,0.5743362009525299,0.6913391649723053,0.0011515895969587677,0.0010026994752846843,0.00043460869549131825,0.11891129216079954
1781864704.377308,53.062912940979004,blowing_bubbles,mixed_social_nonsocial_movie,mixed,1522,1,0.4541625919512407,0.41380349285030116,0.4339830424007709,1,0,0.5691403865814209,0.6418735206127166,-0.014260586502685484,0.25497952597449425,-6.627725698106774,0.5743648111820221,0.6915871202945709,0.0002496004548702698,0.0009019891420884979,0.0002735309127595039,0.1208881283792971
1781864704.412281,53.097886085510254,blowing_bubbles,mixed_social_nonsocial_movie,mixed,1523,1,0.4566034073141464,0.4192939040005284,0.4379486556573374,1,0,0.5692233800888062,0.6421778261661529,-0.01414543220694114,0.25419269321081445,-6.682030834468389,0.5743362009525299,0.691334992647171,0.0002537457306340446,4.145275763774766e-06,0.00016211083828695388,0.12172734823380857
1781864704.446595,53.13220000267029,blowing_bubbles,mixed_social_nonsocial_movie,mixed,1524,1,0.4615516717051184,0.430843842102759,0.4461977569039387,1,0,0.5693386554718017,0.6416333675384521,-0.010494639508529314,0.25430737221245975,-6.516912638893663,0.5740590542554855,0.6911241412162781,0.00034823643920791416,9.449070857386958e-05,0.0010125258771055555,0.12060875246740525
1781864704.480906,53.16651105880737,blowing_bubbles,mixed_social_nonsocial_movie,mixed,1525,1,0.4703539775376507,0.4278534320684262,0.4491037048030384,1,0,0.5692769885063171,0.6416728615760803,-0.013129406320168995,0.25558519828084947,-6.801903948894843,0.5744659602642059,0.6910593211650848,0.00041203657479580433,6.380013558789018e-05,0.0002853536120682563,0.12037234703940662
1781864704.515734,53.20133900642395,blowing_bubbles,mixed_social_nonsocial_movie,mixed,1526,1,0.4640448443800483,0.42619948169970095,0.4451221630398746,1,0,0.5693378746509552,0.641342717409134,-0.013294654031138331,0.25913898145291914,-6.248748264553625,0.5745210349559784,0.6896559596061707,0.001404441841697933,0.0009924052669021285,0.00029891752350246837,0.11877080674367571
1781864704.5488908,53.234495878219604,blowing_bubbles,mixed_social_nonsocial_movie,mixed,1527,1,0.4525336929632005,0.4110937430258841,0.43181371799454227,1,0,0.5698037564754486,0.6414571464061737,-0.012610316052109868,0.25625658002434437,-6.638927668942249,0.5748192816972733,0.6894006133079529,0.0003926230389400547,0.0010118188027578782,0.00031287517235409264,0.11998556473282747
1781864704.584536,53.27014112472534,blowing_bubbles,mixed_social_nonsocial_movie,mixed,1528,1,0.4605140775750573,0.42015245324537503,0.44033326541021617,1,0,0.5700076758861542,0.6415063738822937,-0.01566620586753623,0.2576831893462998,-6.0410468440956775,0.5752511024475098,0.6898233294487,0.0006042831256811002,0.00021166008674104552,0.0003888087266072565,0.12047114373488593
1781864704.618282,53.303887128829956,blowing_bubbles,mixed_social_nonsocial_movie,mixed,1529,1,0.44960766569553395,0.4181958029156809,0.4339017343056074,1,0,0.570291006565094,0.6415157973766327,-0.013116943945857875,0.2561397704214158,-5.869301608144252,0.5753801017999649,0.6902219951152802,0.00041901688109631166,0.00018526624458478858,9.272281643187325e-05,0.12011142003027377
1781864704.6508842,53.33648920059204,blowing_bubbles,mixed_social_nonsocial_movie,mixed,1530,1,0.4639004325109065,0.41555205130372846,0.43972624190731746,1,0,0.5704447388648987,0.6415561437606812,-0.012733805259898928,0.25441716775425566,-5.832221279879521,0.575446829199791,0.6901412606239319,0.00010474065104250997,0.0003142762300538017,0.00014854610389729796,0.12057867255498209
1781864704.68818,53.3737850189209,blowing_bubbles,mixed_social_nonsocial_movie,mixed,1531,1,0.45901394914207244,0.4370024925699182,0.44800822085599534,1,0,0.5705368220806122,0.6413532674312592,-0.012619369420588989,0.2544571536874477,-6.147133176059311,0.5754106044769287,0.6905712783336639,0.0004315407990325467,0.0003268001479900367,0.000220032003871097,0.11943950710584086
1781864704.723147,53.40875196456909,blowing_bubbles,mixed_social_nonsocial_movie,mixed,1532,1,0.452635925677885,0.43346370781666876,0.4430498167472769,1,0,0.5705160617828369,0.6417867541313171,-0.010759125501321682,0.25710279897650273,-5.993256077540631,0.5751030296087265,0.6899159848690033,0.0007238866101652648,0.0002923458111327181,0.00032764583760548123,0.121049374558991
1781864704.755418,53.441023111343384,blowing_bubbles,mixed_social_nonsocial_movie,mixed,1533,1,0.4566114608551848,0.4335784523525109,0.44509495660384785,1,0,0.5703766345977783,0.6411235451698303,-0.01063771370013312,0.2584635525668713,-6.383978864025579,0.5751781165599823,0.6897831559181213,0.0001525830280250469,0.0005713035821402179,0.00020067961322184385,0.12017011233949638
1781864704.7909272,53.476532220840454,blowing_bubbles,mixed_social_nonsocial_movie,mixed,1534,1,0.48191077752864,0.42514464953371506,0.4535277135311775,1,0,0.5704174399375916,0.6409772157669067,-0.010218347666932647,0.25528200109669813,-6.409073435728972,0.5752677023410797,0.6903788149356842,0.0006023580972966101,0.0004497750692715632,0.00021001322949681527,0.11892880454691557
1781864704.8253329,53.51093792915344,blowing_bubbles,mixed_social_nonsocial_movie,mixed,1535,1,0.4818304173351811,0.4369938902471613,0.4594121537911712,1,0,0.5705380439758301,0.6406040072441102,-0.01123090734790617,0.2554908404447642,-6.543501765183428,0.5752684473991394,0.6899061799049377,0.00047263561799786046,0.00012972247929874964,0.003211978151339281,0.11955520538917074
1781864704.859754,53.54535913467407,blowing_bubbles,mixed_social_nonsocial_movie,mixed,1536,1,0.4529032090824542,0.44018102233232187,0.446542115707388,1,0,0.5704555511474609,0.6405922412872314,-0.009596910933287472,0.25827919071977334,-6.461608107609446,0.5753631442785263,0.6890194118022919,0.0008918100508716982,0.0004191744328738377,0.002531343570563494,0.12010969394383937
1781864704.895155,53.58076000213623,blowing_bubbles,mixed_social_nonsocial_movie,mixed,1537,1,0.44860947030843884,0.4248527634480239,0.4367311168782314,1,0,0.5707136273384095,0.6405943155288696,-0.010643871231538671,0.2553469414247965,-6.347491407322803,0.5757497400045395,0.6897121667861938,0.0007933257358063519,9.848431506534624e-05,0.0012696778817187437,0.12043383844562355
1781864704.928431,53.614036083221436,blowing_bubbles,mixed_social_nonsocial_movie,mixed,1538,1,0.4515296757685611,0.4204406619228015,0.4359851688456813,1,0,0.5708547532558441,0.6404561817646026,-0.01331360020098087,0.25547691275750517,-6.035858845311322,0.5760844796895981,0.6901212632656097,0.0005285930251371136,0.00026473271066923835,0.0041109522964719175,0.11958462334991299
1781864704.9620008,53.647605895996094,blowing_bubbles,mixed_social_nonsocial_movie,mixed,1539,1,0.4719346493215611,0.43164430707634077,0.45178947819895093,1,0,0.570997416973114,0.6407981932163238,-0.012608758271408484,0.25700473023291015,-6.242692671365231,0.5757859945297241,0.6896713972091675,0.0005398822643909468,1.1289239253833264e-05,0.0014223249227471046,0.12009740616021213
1781864704.99772,53.68332505226135,blowing_bubbles,mixed_social_nonsocial_movie,mixed,1540,1,0.458558230386713,0.42106774735514557,0.4398129888709293,1,0,0.5709715068340302,0.6402114689350128,-0.011722325356403948,0.2569696042231586,-6.237717274063149,0.5761072635650635,0.6891781687736511,0.0005886323833003019,4.875011890935509e-05,0.00026634428158798563,0.1202758246837081
1781864705.03139,53.71699500083923,blowing_bubbles,mixed_social_nonsocial_movie,mixed,1541,1,0.46416886643380817,0.41419510966013345,0.43918198804697084,1,0,0.5711545586585999,0.6402779996395112,-0.013434564237074518,0.25507346118324126,-5.828225590578242,0.5761369913816452,0.6892922520637512,0.00011789291818756454,0.0004707394651127374,0.003021506007442982,0.12128214263628873
1781864705.067328,53.75293302536011,blowing_bubbles,mixed_social_nonsocial_movie,mixed,1542,1,0.46230613071094845,0.4291776370416191,0.4457418838762838,1,0,0.5711407482624054,0.6400762379169465,-0.016381509598447776,0.25394212397243776,-5.572071012401809,0.5764914453029633,0.6897562444210052,0.000583889107560584,0.0004659961893730195,0.00036626348047161125,0.12066695739294948
1781864705.101048,53.7866530418396,blowing_bubbles,mixed_social_nonsocial_movie,mixed,1543,1,0.4694759988094752,0.4297007387480911,0.44958836877878317,1,0,0.5714370131492614,0.6402702391147614,-0.015346300853831618,0.2532574365179142,-5.83624685199808,0.5762878507375717,0.6894410252571106,0.00037525173996054244,0.00020863736760004157,0.0003655353145908156,0.11937802582595741
1781864705.134718,53.82032299041748,blowing_bubbles,mixed_social_nonsocial_movie,mixed,1544,1,0.46576269477838095,0.4318735381858455,0.4488181164821132,1,0,0.5712623000144958,0.6401577055454254,-0.012647243295729473,0.254537359781564,-6.016308944865336,0.576354444026947,0.689289927482605,0.00016512178429987025,0.00021012995566067219,0.000430983547004883,0.11979742873038686
1781864705.170877,53.85648202896118,blowing_bubbles,mixed_social_nonsocial_movie,mixed,1545,1,0.4728126027227301,0.4261760458101379,0.449494324266434,1,0,0.5713490962982177,0.639651995897293,-0.012375546055439203,0.254952051016491,-5.935571867662301,0.5763297826051712,0.6888130903244019,0.000477474461272262,0.0003123526769723918,6.80297731459224e-05,0.11949481018850082
1781864705.204467,53.89007210731506,blowing_bubbles,mixed_social_nonsocial_movie,mixed,1546,1,0.46431497383948495,0.43333653851011034,0.44882575617479764,1,0,0.5712849259376527,0.6396086096763611,-0.01354697390097749,0.2570579628039127,-5.862717978830156,0.5764046162366867,0.6884677410125732,0.0003533641458698022,0.00012411031540245982,8.425912814064871e-05,0.12010347763522856
1781864705.237683,53.923288106918335,blowing_bubbles,mixed_social_nonsocial_movie,mixed,1547,1,0.46842173255669606,0.42564467227876657,0.4470332024177313,1,0,0.5713278651237488,0.6394132435321808,-0.00971878329122461,0.25778978805977626,-5.814597699410799,0.5762251019477844,0.6878121197223663,0.000679753378875504,0.00032638923300570176,0.00017854915813887367,0.12058966747153914
1781864705.273654,53.959259033203125,blowing_bubbles,mixed_social_nonsocial_movie,mixed,1548,1,0.45448478086416455,0.4248315121738796,0.4396581465190221,1,0,0.5713524878025055,0.6395803809165954,-0.01299559492808069,0.25735895340989007,-5.794479657020207,0.5763939768075943,0.6881632804870605,0.00038965702988195933,0.0002900963489935446,0.0004952921792444472,0.11991362907324556
1781864705.307768,53.99337315559387,blowing_bubbles,mixed_social_nonsocial_movie,mixed,1549,1,0.44798473945951206,0.42402555292071126,0.43600514619011166,1,0,0.5714628577232361,0.6396608412265778,-0.010133732554929305,0.2562931509704831,-6.202113858701458,0.5762630552053452,0.6884767711162567,0.00033973054106054717,4.992648882141216e-05,0.00015835342411553256,0.12062301558195634
1781864705.3417978,54.02740287780762,blowing_bubbles,mixed_social_nonsocial_movie,mixed,1550,1,0.4622454996877419,0.4246705398859712,0.44345801978685656,1,0,0.5712511718273163,0.6395088493824006,-0.01335422719115153,0.2556320459015964,-5.968264013164088,0.5763948410749435,0.6892322301864624,0.0007668676040763796,0.0004271370630158324,0.0006060727453454784,0.12048310580693901
1781864705.376868,54.06247305870056,blowing_bubbles,mixed_social_nonsocial_movie,mixed,1551,1,0.4661634458584593,0.42761751757774624,0.44689048171810275,1,0,0.5713949799537659,0.6395868718624115,-0.016792152814251494,0.2544267956940205,-6.056633900963629,0.576623722910881,0.6884149610996246,0.0008487141186069434,8.184651453056377e-05,0.00015796432994746244,0.12107478222969079
1781864705.408803,54.09440803527832,blowing_bubbles,mixed_social_nonsocial_movie,mixed,1552,1,0.47024332131486685,0.4233843093463519,0.4468138153306094,1,0,0.5714780449867248,0.6395925581455231,-0.01738960827649041,0.2539368300105292,-5.8574023464913205,0.576776534318924,0.6883908212184906,0.00015470636796596735,0.000694007750640976,0.0006116352269713079,0.12163798024582459
1781864705.445054,54.130659103393555,blowing_bubbles,mixed_social_nonsocial_movie,mixed,1553,1,0.4662842915370998,0.410406959629554,0.4383456255833269,1,0,0.5714333355426788,0.6393388509750366,-0.016961166500283762,0.2546728759077053,-6.044275618020052,0.5769918859004974,0.6885113418102264,0.00024678232659280713,9.207595862683978e-05,0.00035144042772977115,0.1214453414794214
1781864705.479306,54.16491103172302,blowing_bubbles,mixed_social_nonsocial_movie,mixed,1554,1,0.47468567302286485,0.42817511905386463,0.45143039603836477,1,0,0.5715221583843231,0.6393829107284545,-0.01705995438924338,0.2555394649453528,-5.721372308150974,0.576812744140625,0.6892611086368561,0.0007708709778195521,0.000524088651226745,0.00013303955185139685,0.12117717440364151
1781864705.5132108,54.19881582260132,blowing_bubbles,mixed_social_nonsocial_movie,mixed,1555,1,0.4828599423881128,0.43436809854652253,0.4586140204673177,1,0,0.5714847266674041,0.6392181217670441,-0.015953961134797266,0.2564139158529782,-5.952762751878227,0.5766487568616867,0.6882438957691193,0.0010303464688845901,0.00025947549106503803,5.5333673297678936e-05,0.12076066007453733
1781864705.549103,54.234708070755005,blowing_bubbles,mixed_social_nonsocial_movie,mixed,1556,1,0.4877732718216171,0.43785284688972825,0.4628130593556727,1,0,0.5714421570301056,0.6393119692802429,-0.017222803371979716,0.259392562971354,-6.54826354907727,0.5767204612493515,0.6879797875881195,0.00027366887013575915,0.000756677598748831,0.00047611977685800555,0.11959909935724405
1781864705.5824552,54.26806020736694,blowing_bubbles,mixed_social_nonsocial_movie,mixed,1557,1,0.48348942788452054,0.44616688163801127,0.46482815476126593,1,0,0.5712286412715912,0.639414232969284,-0.012193392011255194,0.2596273888934604,-6.154835029999818,0.5762754082679749,0.6886175870895386,0.0007777276902892515,0.0005040588201534924,0.00028302111378640077,0.12025781978128469
1781864705.616658,54.302263021469116,blowing_bubbles,mixed_social_nonsocial_movie,mixed,1558,1,0.47875486319597393,0.4478573062208451,0.4633060847084095,1,0,0.5711754262447357,0.6393172323703766,-0.014074908652563797,0.2593702287135012,-5.900264164722313,0.576265886425972,0.6879675686359406,0.0006500881905503992,0.00012763949973885233,0.0001731152122742922,0.11956751462568974
1781864705.6519308,54.3375358581543,blowing_bubbles,mixed_social_nonsocial_movie,mixed,1559,1,0.47901056684775684,0.43825469888686175,0.45863263286730926,1,0,0.5710448324680328,0.639272928237915,-0.013693445648291487,0.2568675692749816,-6.118538537356115,0.5763373225927353,0.6880198419094086,8.851904337992457e-05,0.0005615691471704746,0.0002107873397231867,0.1196631128609509
1781864705.6867058,54.37231087684631,blowing_bubbles,mixed_social_nonsocial_movie,mixed,1560,1,0.49447404156307273,0.4256164601395679,0.4600452508513203,1,0,0.5711390852928162,0.6392492592334748,-0.017950084016777362,0.2571779463670351,-5.9431807255727405,0.5764179229736328,0.688903421163559,0.0008872478344666648,0.0007987287910867402,0.00021718654789809039,0.11944483059091288
1781864705.721026,54.406630992889404,blowing_bubbles,mixed_social_nonsocial_movie,mixed,1561,1,0.4891913523420103,0.4376991693289457,0.463445260835478,1,0,0.570962381362915,0.6391092479228974,-0.01813128507298304,0.2559819442104714,-5.636942151518216,0.5767043679952621,0.6886193752288818,0.0004034015907539661,0.0004838462437126987,0.0010807057547538928,0.12030744338131304
1781864705.7559848,54.44158983230591,blowing_bubbles,mixed_social_nonsocial_movie,mixed,1562,1,0.4716843207654548,0.4124389111182642,0.4420616159418595,1,0,0.571266496181488,0.6388974785804749,-0.015091724483491609,0.2554137401581859,-6.022087178969296,0.5766960680484772,0.6884720027446747,0.00014760602365086948,0.00025579556710309665,0.000520907634540727,0.12049489621068839
1781864705.789044,54.47464895248413,blowing_bubbles,mixed_social_nonsocial_movie,mixed,1563,1,0.47285823133284227,0.42931251043168034,0.4510853708822613,1,0,0.5712510049343109,0.6387715995311737,-0.018753092955848528,0.25509860230550313,-5.950313789307927,0.576975554227829,0.6877684891223907,0.0007569966586371001,0.0006093906349862306,0.005502710315230318,0.11869410290355442
1781864705.8234198,54.50902485847473,blowing_bubbles,mixed_social_nonsocial_movie,mixed,1564,1,0.4817952432078024,0.4192308614330724,0.4505130523204374,1,0,0.5714270532131196,0.6387303113937378,-0.018070233996955065,0.25740055837369474,-6.169329164766504,0.5768195688724518,0.687652975320816,0.00019410015313335357,0.0005628965055037465,0.000537445082684025,0.11977506772512098
1781864705.858966,54.54457116127014,blowing_bubbles,mixed_social_nonsocial_movie,mixed,1565,1,0.4720852764785256,0.4443057904881577,0.45819553348334163,1,0,0.5714453518390655,0.6391215324401855,-0.016439572108746067,0.2580340561280532,-5.725232071290607,0.5766797959804535,0.6874206066131592,0.0002711672503007791,7.70670971674255e-05,0.0006676899191689856,0.12031495862740679
1781864705.892381,54.577986001968384,blowing_bubbles,mixed_social_nonsocial_movie,mixed,1566,1,0.4769831610518485,0.4329342306032334,0.45495869582754095,1,0,0.5714093744754791,0.638880729675293,-0.015125919772450452,0.25612045378154114,-5.926204392013947,0.5767840296030045,0.6878474652767181,0.0004394006904016404,0.00016823344010086135,0.0023515139088344677,0.12034831072083615
1781864705.927686,54.61329102516174,blowing_bubbles,mixed_social_nonsocial_movie,mixed,1567,1,0.46757306079345395,0.44167163194438125,0.45462234636891763,1,0,0.5714925110340119,0.6385496079921722,-0.013544828133840447,0.25554466425016836,-5.979273312022551,0.5767234265804291,0.6881407797336578,0.00029950976110153964,0.00013989092930010078,0.00034599413673496566,0.1198032476771377
1781864705.962399,54.64800405502319,blowing_bubbles,mixed_social_nonsocial_movie,mixed,1568,1,0.48230686598570394,0.4307177415411693,0.45651230376343666,1,0,0.5716613829135895,0.6381183624267578,-0.01407903709116694,0.255076096195387,-6.444727295314524,0.5767556428909302,0.6877518594264984,0.0003902523491066822,9.074258800514256e-05,0.0029889542438956847,0.11955427769840858
1781864705.995355,54.680959939956665,blowing_bubbles,mixed_social_nonsocial_movie,mixed,1569,1,0.4775446664611748,0.42783757510903275,0.45269112078510376,1,0,0.5717226803302764,0.6382280766963959,-0.014818448950019042,0.25658301752409246,-6.315043419684287,0.5768378973007202,0.6877551972866058,8.232210663002006e-05,0.00030793024247666216,0.00024346075216888003,0.12019234645895002
1781864706.030331,54.715935945510864,blowing_bubbles,mixed_social_nonsocial_movie,mixed,1570,1,0.4714072802232517,0.4295480749170113,0.45047767757013146,1,0,0.5717059314250945,0.6387740314006805,-0.01646126904365468,0.2565593644161127,-5.640129260475793,0.5769527405500412,0.6880421340465546,0.000309065811963208,0.00022674370533318797,1.59353682519765e-05,0.12124995997644397
1781864706.064953,54.75055813789368,blowing_bubbles,mixed_social_nonsocial_movie,mixed,1571,1,0.46520778254042183,0.42598106102367056,0.4455944217820462,1,0,0.571624618768692,0.638916265964508,-0.01710360298005611,0.25927376337223695,-5.473401145075327,0.5771069079637527,0.6874679923057556,0.0005944798818952214,0.0002854140699320134,0.0004860102038649721,0.12111604951860507
1781864706.098756,54.784361124038696,blowing_bubbles,mixed_social_nonsocial_movie,mixed,1572,1,0.48291215661553577,0.4192090785329713,0.45106061757425353,1,0,0.5716150522232055,0.6392756521701812,-0.0179953090096392,0.25621188739079226,-5.442189122325032,0.5770829766988754,0.6881715059280396,0.0007039205368347285,0.00010944065493950707,0.0017858987815114055,0.12106514192810165
1781864706.134791,54.820395946502686,blowing_bubbles,mixed_social_nonsocial_movie,mixed,1573,1,0.4764377414099932,0.41970366672952114,0.44807070406975713,1,0,0.5716435790061951,0.6391578912734985,-0.016553951074891247,0.25451116772721794,-5.8612590474648565,0.5769535452127457,0.688797116279602,0.0006388589997674865,6.506153706724196e-05,0.000117202932483336,0.12047082129389011
1781864706.168802,54.85440707206726,blowing_bubbles,mixed_social_nonsocial_movie,mixed,1574,1,0.47838849616729057,0.4299895082688841,0.45418900221808733,1,0,0.5713933050632476,0.6389809966087341,-0.016204029163838042,0.2565716461790409,-5.386369585113136,0.5769194960594177,0.6890504658222198,0.00025562733732329383,0.0003832316624441927,8.66971839598166e-05,0.12032073976326525
1781864706.203135,54.88874006271362,blowing_bubbles,mixed_social_nonsocial_movie,mixed,1575,1,0.4775960959020147,0.40755972857884765,0.4425779122404312,1,0,0.5714501559734344,0.6388949155807495,-0.015964682801049748,0.255344260339577,-5.905424267829231,0.5768003016710281,0.6886655986309052,0.0004029020441422848,0.00014727470681899095,0.00026626002914054814,0.11973680351969299
1781864706.235986,54.92159104347229,blowing_bubbles,mixed_social_nonsocial_movie,mixed,1576,1,0.48011521938190144,0.42048991296321314,0.45030256617255726,1,0,0.5711930811405181,0.6391441226005554,-0.01343542723062101,0.25540021895333664,-5.704408861098975,0.5765451788902283,0.6893181800842285,0.0007006783759362712,0.0002977763317939864,0.0006439486518613569,0.12069736742894915
1781864706.272382,54.95798707008362,blowing_bubbles,mixed_social_nonsocial_movie,mixed,1577,1,0.4891613505124405,0.4209883982925619,0.45507487440250116,1,0,0.5713552415370942,0.6393911182880402,-0.014583474061290028,0.25487265469888176,-5.6684831395987,0.5765781104564667,0.6884553730487823,0.0008634352717316554,0.00016275689579538417,0.000597509928763111,0.12087666506867278
1781864706.305495,54.99110007286072,blowing_bubbles,mixed_social_nonsocial_movie,mixed,1578,1,0.46744945924808284,0.43209025863893,0.4497698589435064,1,0,0.5713511765003204,0.6391863167285918,-0.014135015362511412,0.2552243896427229,-5.424992507099302,0.5765560120344162,0.6876937448978424,0.0007619486731803627,0.00010148659855129265,0.0001699950758695945,0.12138160762708051
1781864706.34043,55.02603507041931,blowing_bubbles,mixed_social_nonsocial_movie,mixed,1579,1,0.47577981493595045,0.4390757799902587,0.4574277974631046,1,0,0.5714264929294586,0.639229702949524,-0.016335238617552997,0.2542858514208628,-5.792120864277539,0.5767807364463806,0.6882722675800323,0.00062063641138834,0.00014131226179202273,0.000541607575452642,0.12015098758433816
1781864706.374431,55.060035943984985,blowing_bubbles,mixed_social_nonsocial_movie,mixed,1580,1,0.47653572487777635,0.4306708794326255,0.45360330215520095,1,0,0.5715645015239716,0.6396155536174775,-0.01594909469056408,0.2554196658257673,-5.386494282853841,0.5768630057573318,0.6885863542556763,0.0003246824284457664,0.0002959539829425736,0.00016275483730515583,0.11967776218696663
1781864706.4096892,55.09529423713684,blowing_bubbles,mixed_social_nonsocial_movie,mixed,1581,1,0.4700235147927998,0.42007571007972583,0.44504961243626284,1,0,0.571722948551178,0.6395918667316437,-0.015088629000445126,0.25466615357439365,-5.463288558060097,0.5769233107566833,0.6891539394855499,0.0005707798928812375,0.00024609746443547106,0.003428765722393947,0.12049191424695334
1781864706.4436212,55.129226207733154,blowing_bubbles,mixed_social_nonsocial_movie,mixed,1582,1,0.46952394632880223,0.4178989942577836,0.44371147029329294,1,0,0.5717412948608398,0.6394726514816285,-0.01730129739822221,0.2558602234559978,-5.4805766647664225,0.5770722478628159,0.688149631023407,0.0010152919524526191,0.00044451205957138167,0.00024341918184706676,0.12001462618197141
1781864706.4782379,55.16384291648865,blowing_bubbles,mixed_social_nonsocial_movie,mixed,1583,1,0.4699758301774844,0.4207380746555068,0.4453569524164956,1,0,0.5714258313179017,0.6393242478370667,-0.017493155746540298,0.25595900174531605,-5.525487527275628,0.5768764615058899,0.6883502006530762,0.00028028641405529616,0.000735005538397323,0.00013228343320075293,0.12094573340169452
1781864706.5136828,55.19928789138794,blowing_bubbles,mixed_social_nonsocial_movie,mixed,1584,1,0.4697609571956223,0.4143034988556102,0.44203222802561626,1,0,0.5712851703166961,0.6396423041820526,-0.019707685554766898,0.256870358404092,-6.032017996539866,0.5772787779569626,0.6875777840614319,0.0008709109701060746,0.0005906245560507784,0.002857234206511189,0.12129869647156882
1781864706.5475688,55.233173847198486,blowing_bubbles,mixed_social_nonsocial_movie,mixed,1585,1,0.4812097919652974,0.42184396032574295,0.4515268761455202,1,0,0.57150838971138,0.6399756431579591,-0.018798497591331474,0.25859950646470475,-6.099990841231144,0.577202245593071,0.688135951757431,0.0005633900776370054,0.00030752089246906917,0.0002888448750005069,0.12105488774593122
1781864706.582793,55.26839804649353,blowing_bubbles,mixed_social_nonsocial_movie,mixed,1586,1,0.471215053381333,0.43097262769350675,0.45109384053741985,1,0,0.5713176190853119,0.6405829846858978,-0.01918488593318125,0.2578027735655921,-5.654777142312195,0.5768474638462067,0.6890181303024292,0.0009508465034710828,0.0003874564258340774,0.002072654866065245,0.12141332692410803
1781864706.615818,55.30142307281494,blowing_bubbles,mixed_social_nonsocial_movie,mixed,1587,1,0.47918484464155814,0.4365838780265789,0.4578843613340685,1,0,0.5712760806083679,0.6410047650337218,-0.02205238175333214,0.256867183049983,-5.800588223205358,0.5768365561962128,0.6895116865634918,0.0004936767765071642,0.00045716972696391864,0.0007085081722669421,0.11963018053286735
1781864706.6503198,55.33592486381531,blowing_bubbles,mixed_social_nonsocial_movie,mixed,1588,1,0.46914321485931637,0.42974777198406566,0.44944549342169104,1,0,0.5712381899356842,0.641107165813446,-0.019283597910540237,0.25637832927962756,-5.991632325695337,0.576784074306488,0.6888995468616486,0.0006143853540912545,0.00012070857758409033,0.0011260380860038234,0.11933117080983939
1781864706.683962,55.36956715583801,blowing_bubbles,mixed_social_nonsocial_movie,mixed,1589,1,0.4912864316139794,0.41531764737708887,0.45330203949553416,1,0,0.5712582349777222,0.6410789430141449,-0.018410907661590113,0.25370932597555723,-6.025478402540672,0.5769091248512268,0.690653920173645,0.0017588244246043694,0.001144439070513115,0.0001677972835656118,0.11985595338765992
1781864706.719019,55.40462398529053,blowing_bubbles,mixed_social_nonsocial_movie,mixed,1590,1,0.4829477292578905,0.4311020668592272,0.45702489805855884,1,0,0.571334856748581,0.6410737037658691,-0.01824704953264176,0.2560424373543706,-6.0684133121698,0.5766297876834869,0.6898072063922882,0.000891601637964221,0.0008672227866401485,0.0001688470119812322,0.11890167961916996
1781864706.753439,55.43904399871826,blowing_bubbles,mixed_social_nonsocial_movie,mixed,1591,1,0.4799040228147658,0.4226869940259072,0.4512955084203365,1,0,0.5712274968624116,0.6412546694278717,-0.016249196443737145,0.25708890930606026,-5.900194856157438,0.5764647871255875,0.6902099549770355,0.0004352374140892563,0.00045636422387496464,0.0022346095007539724,0.11932222789143122
1781864706.789361,55.474966049194336,blowing_bubbles,mixed_social_nonsocial_movie,mixed,1592,1,0.48142552845005143,0.4334209329394422,0.45742323069474683,1,0,0.5713480710983276,0.6418056964874268,-0.01639122599250244,0.25611974595047404,-5.739177984697653,0.5767167061567307,0.6907617449760437,0.0006065767892506015,0.00017133937516134514,0.0003591490033173894,0.11993628339324827
1781864706.824542,55.51014709472656,blowing_bubbles,mixed_social_nonsocial_movie,mixed,1593,1,0.4847702494642247,0.4230836105220874,0.4539269299931561,1,0,0.5713221728801727,0.6414601564407348,-0.018554013098300348,0.2555281996796566,-5.232445625170449,0.5772578418254852,0.6910317540168762,0.0006047583766511723,1.8184125994291254e-06,0.00011503170255829965,0.11912692989015225
1781864706.856768,55.542372941970825,blowing_bubbles,mixed_social_nonsocial_movie,mixed,1594,1,0.4950078331326767,0.41055087856216466,0.4527793558474207,1,0,0.5717267215251922,0.6412708699703217,-0.020026463182344655,0.25389678235843915,-5.561869709833444,0.5772398412227631,0.6910220086574554,2.0469336300951127e-05,0.0005842890403502212,0.00019208924365866675,0.11881266214309477
1781864706.892736,55.578341007232666,blowing_bubbles,mixed_social_nonsocial_movie,mixed,1595,1,0.4924598454872432,0.41756059074064844,0.4550102181139458,1,0,0.5716712415218352,0.6414015293121338,-0.021152494585119808,0.25454750738313764,-5.6279853259350405,0.5771166980266571,0.6903199851512909,0.0007127420641120876,0.0006922727278111365,0.00022912100676665255,0.11880614918543646
1781864706.9260821,55.61168718338013,blowing_bubbles,mixed_social_nonsocial_movie,mixed,1596,1,0.4873690181721449,0.42268617979156214,0.4550275989818535,1,0,0.5715803146362304,0.6417815625667571,-0.017478651922031654,0.2533773771342045,-5.541684365223412,0.5768974423408508,0.6906446218490601,0.0003917423149174058,0.00032099974919468186,0.003837053947070648,0.11897437654664078
1781864706.959261,55.64486598968506,blowing_bubbles,mixed_social_nonsocial_movie,mixed,1597,1,0.48197743530396897,0.4138024318247817,0.44788993356437534,1,0,0.5714235186576844,0.6416888117790223,-0.016643704382103778,0.25567255799649663,-5.790171462579444,0.5769616067409515,0.6910498738288879,0.00041030017961816794,1.8557864700762157e-05,0.0006188419957130778,0.12136694486479807
1781864706.9945421,55.68014717102051,blowing_bubbles,mixed_social_nonsocial_movie,mixed,1598,1,0.3945243277194754,0.2936567566340858,0.3440905421767806,1,0,0.5703527450561523,0.6441796004772187,-0.016522605137364546,0.2522355979370741,-6.246072144643292,0.5766025334596634,0.6918223798274994,0.0008518797680575062,0.00044157958843933827,0.00031384028075085856,0.13203379531488313
1781864707.031012,55.71661710739136,blowing_bubbles,mixed_social_nonsocial_movie,mixed,1599,1,0.38197020597316134,0.2378247645193813,0.3098974852462713,1,0,0.569125097990036,0.6441462695598602,-0.016997954985921444,0.25129860962811507,-6.592412258791467,0.5767821073532104,0.693589448928833,0.0017761700346902746,0.0009242902666327684,0.0005041357790640293,0.13423100175833744
1781864707.0632489,55.74885392189026,blowing_bubbles,mixed_social_nonsocial_movie,mixed,1600,1,0.4237769081603542,0.27090369633333045,0.3473403022468423,1,0,0.5691423296928406,0.64328852891922,-0.01853657691543959,0.2507106037846355,-6.316250299936104,0.5767830014228821,0.6931539177894592,0.0004355320570575719,0.0013406379776327026,0.0004974673226540937,0.12991040372710352
1781864707.099027,55.784631967544556,blowing_bubbles,mixed_social_nonsocial_movie,mixed,1601,1,0.44452633117401724,0.340179746124012,0.3923530386490146,1,0,0.5688734650611877,0.6428683936595916,-0.018754226030344327,0.25133961282082623,-5.866660016280927,0.576775074005127,0.6925947666168213,0.0005592073656655883,0.00012367530860801643,0.0012512756018685563,0.12527259698253188
1781864707.132065,55.81767010688782,blowing_bubbles,mixed_social_nonsocial_movie,mixed,1602,1,0.4513914711496782,0.37467313288024934,0.41303230201496377,1,0,0.5690534591674805,0.6426434636116027,-0.01872982142143371,0.2515997632986613,-5.869762483047853,0.5766584575176239,0.6925804615020752,0.00011749060160475958,0.00044171676406082875,0.0003112948311903577,0.12410815523578492
1781864707.166996,55.852601051330566,blowing_bubbles,mixed_social_nonsocial_movie,mixed,1603,1,0.4426477138055515,0.38660765393110774,0.4146276838683296,1,0,0.568655812740326,0.6428089797496797,-0.021472822961090956,0.25113405848047027,-5.347200193193169,0.5768585950136185,0.6919955015182495,0.0006182501111850443,0.0005007595095802848,0.00031037585378153055,0.12366207985067919
1781864707.200255,55.885859966278076,blowing_bubbles,mixed_social_nonsocial_movie,mixed,1604,1,0.43588129662103486,0.38097476542724984,0.4084280310241424,1,0,0.568974894285202,0.6428663074970244,-0.01884705536602008,0.25072907419468476,-5.968902333304544,0.5766143351793289,0.692143589258194,0.0002856446137581037,0.00033260549742694065,0.0002433096582935267,0.12412008378065077
1781864707.236094,55.92169904708862,blowing_bubbles,mixed_social_nonsocial_movie,mixed,1605,1,0.4607569054764886,0.4046717577607815,0.43271433161863504,1,0,0.5687820911407471,0.6429046392440796,-0.022798466944284737,0.2506315244039861,-5.6852937345542465,0.5770906656980515,0.6921367943286896,0.00047637898162434513,0.00019073436786624145,0.0002872284775417558,0.122883786100443
1781864707.269336,55.95494103431702,blowing_bubbles,mixed_social_nonsocial_movie,mixed,1606,1,0.4504441299189311,0.40469422436842917,0.42756917714368015,1,0,0.5689549326896668,0.6428219079971313,-0.02332925685676848,0.25116054194988174,-5.810656694107762,0.5769376903772354,0.6920635402202606,0.00016961018006149124,0.00030676880156285387,0.0030961262080339137,0.12314709442691586
1781864707.3040588,55.98966383934021,blowing_bubbles,mixed_social_nonsocial_movie,mixed,1607,1,0.4596394421441653,0.4193764371242484,0.43950793963420687,1,0,0.5689290404319762,0.6430141627788544,-0.022796038693040765,0.2528712672419181,-5.69893386491538,0.5767514407634735,0.6915916800498962,0.0005072878265864057,0.00033767764652491443,0.00032098111391078794,0.12096633983265868
1781864707.3384519,56.024056911468506,blowing_bubbles,mixed_social_nonsocial_movie,mixed,1608,1,0.45857033570062283,0.42452607576363144,0.44154820573212716,1,0,0.5688822209835052,0.6434562802314758,-0.020355852282153787,0.2512521308359539,-5.903225907931898,0.5765679478645325,0.6925124526023865,0.0009388779139915734,0.00043159008740516766,0.0013693824617220353,0.12217677040445125
1781864707.374562,56.06016707420349,blowing_bubbles,mixed_social_nonsocial_movie,mixed,1609,1,0.47963358680828466,0.43350465634530205,0.45656912157679336,1,0,0.5688171207904815,0.643005633354187,-0.023725437239669998,0.2532949761769674,-5.993986132095624,0.5768473297357559,0.692263662815094,0.00037409970359431445,0.0005647782103972589,0.0003293147376928208,0.11968393401396182
1781864707.407764,56.093369007110596,blowing_bubbles,mixed_social_nonsocial_movie,mixed,1610,1,0.485742615168694,0.4237169587906308,0.4547297869796624,1,0,0.5688932359218597,0.6436376571655273,-0.024850884549045812,0.25329157642366823,-5.767341283027032,0.5771035254001617,0.6920627653598785,0.00032557027808506465,4.8529425509249806e-05,0.000391942787470602,0.12104821515053954
1781864707.442131,56.12773609161377,blowing_bubbles,mixed_social_nonsocial_movie,mixed,1611,1,0.47376949708238003,0.4051777465757647,0.43947362182907235,1,0,0.5689362466335297,0.6434857785701751,-0.021496438502198126,0.2528714494133035,-6.236530020143828,0.5771213918924332,0.6924640834331512,0.00040171558033190734,7.614530224684269e-05,0.0031661344595350096,0.12145269076811444
1781864707.4766028,56.16220784187317,blowing_bubbles,mixed_social_nonsocial_movie,mixed,1612,1,0.46682407228272366,0.4158474382273126,0.4413357552550181,1,0,0.5686893820762634,0.6437300384044647,-0.02165708021571897,0.2536839128713573,-6.033416946844422,0.5772131085395813,0.6924154162406921,0.00010382889282828126,0.0002978866875036261,0.0023237463538613684,0.12190487852068199
1781864707.512331,56.197936058044434,blowing_bubbles,mixed_social_nonsocial_movie,mixed,1613,1,0.47605550187095885,0.4226276836966717,0.44934159278381525,1,0,0.5686028122901916,0.6433347821235657,-0.02279654016101457,0.25352754474117295,-6.3769538985656595,0.5770844966173172,0.6922039985656738,0.00024746405771063936,0.0001436351648823581,0.0003484886409882529,0.12053785124604158
1781864707.546158,56.23176312446594,blowing_bubbles,mixed_social_nonsocial_movie,mixed,1614,1,0.47874477240164054,0.43048703935821003,0.4546159058799253,1,0,0.5685308098793029,0.6434137761592864,-0.021032949745760497,0.2526079606818158,-6.416913989073761,0.5767831802368164,0.6921284794807434,0.00031063594986225745,6.31718921516181e-05,0.0004730324411287212,0.12067389171492372
1781864707.5801642,56.265769243240356,blowing_bubbles,mixed_social_nonsocial_movie,mixed,1615,1,0.4816554604078374,0.42951456391176024,0.45558501215979885,1,0,0.5685794532299042,0.6433513462543488,-0.022356784912724147,0.25402163343638307,-6.19158693891486,0.5769181996583939,0.6925728023052216,0.00046438455675802844,0.000153748606895771,0.0008001707098998625,0.12109504907913479
1781864707.6140852,56.29969024658203,blowing_bubbles,mixed_social_nonsocial_movie,mixed,1616,1,0.49220908945968,0.41275768536975754,0.4524833874147188,1,0,0.5685479462146759,0.6433141231536865,-0.02501203349583311,0.2516442232431881,-5.584454038225261,0.577143132686615,0.6928236782550812,0.0003369474876040686,0.00012743706915395984,0.00013650144411727903,0.12141729248490984
1781864707.64708,56.3326849937439,blowing_bubbles,mixed_social_nonsocial_movie,mixed,1617,1,0.4842346022824518,0.4138436152067749,0.44903910874461334,1,0,0.5685685336589814,0.64301318526268,-0.025060431192390608,0.25369806969152,-5.522791526620712,0.5769338011741638,0.6916334927082062,0.001208454102601848,0.0008715066149977795,0.00017204149867144168,0.1220332943837775
1781864707.683977,56.36958193778992,blowing_bubbles,mixed_social_nonsocial_movie,mixed,1618,1,0.48864683579149065,0.4163095185964138,0.4524781771939522,1,0,0.5684488773345948,0.6431362450122833,-0.026122022235033456,0.2545802600857956,-5.912127049971182,0.5766964256763458,0.6913368105888367,0.00037995711194544363,0.0008284969906564045,0.00029214505280963465,0.1222695759891675
1781864707.7184331,56.404038190841675,blowing_bubbles,mixed_social_nonsocial_movie,mixed,1619,1,0.4903611933588249,0.42843238152912255,0.4593967874439737,1,0,0.568358427286148,0.6428995490074157,-0.026315944444284665,0.25190791082565767,-5.800032567594379,0.5766173899173737,0.6922902762889862,0.0009567358530743748,0.0005767787411289312,0.0033977063095878978,0.12027531054714943
1781864707.7530031,56.438608169555664,blowing_bubbles,mixed_social_nonsocial_movie,mixed,1620,1,0.4647558771509197,0.4255208415352014,0.44513835934306056,1,0,0.5692539751529693,0.6426713168621063,-0.027776233143590554,0.2523467403071381,-5.907192351339562,0.5768932700157166,0.6922869086265564,0.0002759006520686873,0.0006808352010056875,0.001125637524276093,0.12030817936115341
1781864707.786674,56.47227907180786,blowing_bubbles,mixed_social_nonsocial_movie,mixed,1621,1,0.44513334349420397,0.38685038304532393,0.41599186326976395,1,0,0.5716684818267822,0.6416237711906434,-0.02682119471550291,0.25306532683083344,-6.016703681428077,0.576532781124115,0.6914175152778625,0.000941167910482091,0.0006652672584134037,0.0005883496237858137,0.121729090556558
1781864707.820481,56.506086111068726,blowing_bubbles,mixed_social_nonsocial_movie,mixed,1622,1,0.45572449130985254,0.38226788751105006,0.4189961894104513,1,0,0.5718387544155121,0.6418567717075347,-0.025663055495654195,0.25282235603932807,-6.103357905000647,0.5764030367136002,0.6912316679954529,0.00022665573992047944,0.0007145121705616115,0.00022476544267766967,0.12191892243640316
1781864707.855456,56.54106116294861,blowing_bubbles,mixed_social_nonsocial_movie,mixed,1623,1,0.46049968559210047,0.39291111469155804,0.4267054001418292,1,0,0.5720437586307525,0.6418704628944397,-0.01997455461141638,0.25469735255855114,-6.029751878445539,0.5764086842536926,0.6909402906894684,0.0002914320317876525,6.477629186717304e-05,0.0003845124476513945,0.12045981466026418
1781864707.890073,56.57567811012268,blowing_bubbles,mixed_social_nonsocial_movie,mixed,1624,1,0.460413727912977,0.39413799750159734,0.4272758627072872,1,0,0.5723784744739533,0.6415521621704101,-0.017735613792375274,0.2537332578853771,-5.829661077544288,0.5763351023197174,0.6904346346855164,0.0005109816976568391,0.0002195496658691866,0.00030977835030866085,0.12071899964027853
1781864707.924793,56.610398054122925,blowing_bubbles,mixed_social_nonsocial_movie,mixed,1625,1,0.48138938504795237,0.38439462059180635,0.4328920028198794,1,0,0.572497832775116,0.6415793716907501,-0.01804651062657942,0.2542556281977547,-5.739413707408943,0.5765023678541183,0.6906305849552155,0.0002576320383678644,0.0002533496592889747,0.00012999265844504675,0.12019837044615098
1781864707.957807,56.6434121131897,blowing_bubbles,mixed_social_nonsocial_movie,mixed,1626,1,0.47034402311089063,0.3924125229444627,0.4313782730276767,1,0,0.5724725842475891,0.6409687221050262,-0.018145905866799594,0.2526387763815091,-5.739537238219248,0.5765995681285858,0.690551370382309,0.00012539075690540127,0.0001322412814624631,0.001241552675195582,0.11968801608313927
1781864707.99413,56.67973494529724,blowing_bubbles,mixed_social_nonsocial_movie,mixed,1627,1,0.4622681482066128,0.39107098431211373,0.42666956625936325,1,0,0.57259281873703,0.641129058599472,-0.014790319635278156,0.2525717127567786,-5.864621219910524,0.5767136514186859,0.6909380853176117,0.00040319156522211755,0.00027780080831671627,0.0019770963706603616,0.12050434229125938
1781864708.028776,56.714380979537964,blowing_bubbles,mixed_social_nonsocial_movie,mixed,1628,1,0.47721749410856984,0.4059249486523751,0.44157122138047245,1,0,0.5725383460521698,0.6409438014030457,-0.017312325421977543,0.2548676750764558,-5.894369435472519,0.5765970200300217,0.6904577314853668,0.0004943103124294353,9.111874720731772e-05,0.005166291122996727,0.1197595064862699
1781864708.062212,56.747817039489746,blowing_bubbles,mixed_social_nonsocial_movie,mixed,1629,1,0.46820004599322135,0.4197525259149936,0.4439762859541075,1,0,0.5724027633666993,0.6413869500160218,-0.01690301750114258,0.25474582571406945,-5.95398321473351,0.5763861238956451,0.6891961991786957,0.0012790390690944414,0.0007847287566650061,0.0008674618413630575,0.1190242651857603
1781864708.097764,56.783369064331055,blowing_bubbles,mixed_social_nonsocial_movie,mixed,1630,1,0.4784120112892763,0.42056848080568954,0.4494902460474829,1,0,0.5721828758716583,0.6412653088569641,-0.016746413174392096,0.25380818187410426,-5.688873314747679,0.5765732079744339,0.690123975276947,0.0009464507071278056,0.0003325883619666358,0.002004793861039349,0.11957131366166775
1781864708.131341,56.816946029663086,blowing_bubbles,mixed_social_nonsocial_movie,mixed,1631,1,0.4845845587515915,0.40433038258886805,0.4444574706702298,1,0,0.5726618647575379,0.6414404451847076,-0.01674849962596283,0.25579816870963895,-5.852200074949797,0.5763775855302811,0.6904760897159576,0.00040280605608169746,0.0005436446510461081,0.002665257376393023,0.11987398660227994
1781864708.165676,56.85128116607666,blowing_bubbles,mixed_social_nonsocial_movie,mixed,1632,1,0.4782809894242287,0.42380510934658466,0.4510430493854067,1,0,0.5720934510231017,0.6414537847042083,-0.015113309482370071,0.2535426291031637,-5.819195807721595,0.5762227177619934,0.6908586323261261,0.00041270191936662473,9.895863284927267e-06,0.00532081341673654,0.11968837442509914
1781864708.1993852,56.884990215301514,blowing_bubbles,mixed_social_nonsocial_movie,mixed,1633,1,0.47862098718798685,0.41325266459128657,0.4459368258896367,1,0,0.5717202544212341,0.6413562059402466,-0.014807368735646573,0.2542684901924334,-5.793011965397299,0.5763402432203293,0.6906856596469879,0.0002091214505623439,0.00020358046880428082,0.0012874386183344484,0.12047637270476255
1781864708.234514,56.92011904716492,blowing_bubbles,mixed_social_nonsocial_movie,mixed,1634,1,0.49465287246998224,0.41574218038252847,0.45519752642625533,1,0,0.5719932436943054,0.6415421664714813,-0.01619667120225783,0.25450779113013405,-5.811400589221114,0.5762946903705597,0.6907167136669159,5.5130883140199475e-05,0.00015399056742214443,0.004148703181157634,0.11918918654416716
1781864708.2705548,56.956159830093384,blowing_bubbles,mixed_social_nonsocial_movie,mixed,1635,1,0.47092868360262,0.404748378351426,0.437838530977023,1,0,0.571689510345459,0.6417965114116668,-0.014411015297159118,0.25424541585923277,-5.789154577700388,0.5760776251554489,0.6908555924892426,0.00025769096783148746,0.00020256008469128798,0.001398324728741807,0.12024852491392839
1781864708.30353,56.98913502693176,blowing_bubbles,mixed_social_nonsocial_movie,mixed,1636,1,0.47510114083740557,0.4067796532509378,0.44094039704417165,1,0,0.5716427922248841,0.6417208790779114,-0.014738385436636175,0.2551587149836791,-5.819665844048608,0.576219454407692,0.6909103691577911,0.00015203953502001334,0.00010565143281147411,0.00017967095579557175,0.12118881032005194
1781864708.3381388,57.023743867874146,blowing_bubbles,mixed_social_nonsocial_movie,mixed,1637,1,0.47923683673489975,0.40540329581686185,0.44232006627588083,1,0,0.5719896733760834,0.6415867209434509,-0.0160845781830388,0.25570115014684197,-5.6367525148572355,0.5765286684036255,0.6901035308837891,0.000864060932848969,0.0007120213978289557,0.0003007191388857099,0.11998821695540564
1781864708.372349,57.05795407295227,blowing_bubbles,mixed_social_nonsocial_movie,mixed,1638,1,0.4881604370151838,0.3969891494769648,0.4425747932460743,1,0,0.5721749246120453,0.6414508759975434,-0.01700966675240046,0.25416125735719486,-5.823904459650736,0.5766616016626358,0.6900290250778198,0.00015238886597855258,0.0007116720668704164,0.00044934168260744184,0.12030077577051197
1781864708.4069939,57.0925989151001,blowing_bubbles,mixed_social_nonsocial_movie,mixed,1639,1,0.48165538159474225,0.4105581184141901,0.4461067500044662,1,0,0.5720545053482056,0.6413450121879578,-0.01677763851527754,0.255118630759506,-6.026872688761395,0.5766460001468658,0.689527839422226,0.0005014284282600854,0.00034903956228153285,0.003462249448891728,0.12034570947651077
1781864708.43983,57.12543511390686,blowing_bubbles,mixed_social_nonsocial_movie,mixed,1640,1,0.4789247810854805,0.42186303481568693,0.4503939079505837,1,0,0.5718051135540008,0.6412918925285339,-0.016625329768235626,0.2576855257662524,-5.827764645540956,0.5768394768238068,0.6905153691768646,0.0010063042486329946,0.0005048758203729092,0.000557334895668598,0.11914121746886595
1781864708.475581,57.16118597984314,blowing_bubbles,mixed_social_nonsocial_movie,mixed,1641,1,0.4879991511235787,0.422849714462418,0.4554244327929984,1,0,0.5721744179725647,0.6414772689342498,-0.015498840572133382,0.25585529946542385,-6.0713529456413555,0.5767890512943268,0.6907899975776672,0.0002792194344073074,0.0007270848142256871,0.0031583790081062798,0.11956544872871651
1781864708.511244,57.19684910774231,blowing_bubbles,mixed_social_nonsocial_movie,mixed,1642,1,0.489585681574316,0.42690043368245606,0.458243057628386,1,0,0.5719848453998566,0.6411363184452057,-0.014287487566140714,0.2579888869906172,-6.194127108531194,0.576777458190918,0.689545065164566,0.0012449863907836964,0.000965766956376389,0.0036707665550663915,0.11982102479157065
1781864708.543751,57.22935605049133,blowing_bubbles,mixed_social_nonsocial_movie,mixed,1643,1,0.4700355823657416,0.40603587294881277,0.43803572765727716,1,0,0.572245216369629,0.6406936764717102,-0.016405489842089047,0.259311618306782,-6.179779067552103,0.5768314898014069,0.6893264353275299,0.00022520750559088676,0.0010197788851928097,0.0038278584370577584,0.12074217550802889
1781864708.578253,57.26385807991028,blowing_bubbles,mixed_social_nonsocial_movie,mixed,1644,1,0.4635898722328417,0.4110914815836549,0.4373406769082483,1,0,0.5730130076408386,0.6412510752677918,-0.013569188424175921,0.25684291230368006,-6.051215084307541,0.5769646912813187,0.690776139497757,0.0014558107072776998,0.0012306032016868131,0.0041904846989032135,0.12228116096395807
1781864708.613209,57.29881405830383,blowing_bubbles,mixed_social_nonsocial_movie,mixed,1645,1,0.4772645119638516,0.3982344119452595,0.43774946195455555,1,0,0.5732589304447173,0.6408885419368744,-0.015468698982121826,0.2564767363375857,-6.068131074727637,0.5773155391216278,0.689972847700119,0.0008765682627165909,0.000579242444561109,0.0005628702718344662,0.12196700081905536
1781864708.648084,57.33368897438049,blowing_bubbles,mixed_social_nonsocial_movie,mixed,1646,1,0.48427961889199866,0.41457700703684675,0.4494283129644227,1,0,0.5734040081501007,0.6407268643379211,-0.01457593726132197,0.2580213253903947,-5.871065129165493,0.5772656351327896,0.6902330815792084,0.0002649756213840361,0.0006115926413325548,0.0002650081756300453,0.12031692217951052
1781864708.682515,57.368119955062866,blowing_bubbles,mixed_social_nonsocial_movie,mixed,1647,1,0.4713539952483524,0.4075693685725708,0.43946168191046164,1,0,0.5732914566993713,0.6408402562141418,-0.016552124994003044,0.25390049210629695,-5.783741734995122,0.5773360729217529,0.6910068988800049,0.0007770165359411829,0.0005120409145571468,0.0033816968320849326,0.12040178860528533
1781864708.717033,57.40263795852661,blowing_bubbles,mixed_social_nonsocial_movie,mixed,1648,1,0.469081355806744,0.4138209171735646,0.44145113649015433,1,0,0.5733205318450927,0.6410904705524445,-0.01486881603989172,0.25261580463085764,-5.698512304141139,0.5770013928413391,0.6909289658069611,0.00034363399147909363,0.00043338254446208924,0.0019256996542640428,0.12100231414907453
1781864708.7500648,57.435669898986816,blowing_bubbles,mixed_social_nonsocial_movie,mixed,1649,1,0.4666075638358989,0.40530088506595374,0.43595422445092635,1,0,0.573165512084961,0.6410269916057587,-0.014588484255424859,0.2552850354666867,-6.143259230173138,0.5766088515520096,0.6895743012428284,0.0014103916991904416,0.001066757707711348,0.0002481914839332553,0.12150468735292351
1781864708.7867122,57.47231721878052,blowing_bubbles,mixed_social_nonsocial_movie,mixed,1650,1,0.4732502192200568,0.41427195296311997,0.4437610860915884,1,0,0.5728636085987091,0.6408151388168335,-0.015211649515581483,0.2567816188914168,-6.150191836540414,0.5766101628541946,0.6890145540237427,0.0005597487550567556,0.000850642944133686,0.00039113680339137257,0.12041198991439346
1781864708.8196638,57.505268812179565,blowing_bubbles,mixed_social_nonsocial_movie,mixed,1651,1,0.4572397789439846,0.41378698320287194,0.4355133810734283,1,0,0.5728151798248291,0.6408267498016358,-0.012034070059774082,0.2541303544158255,-6.1408014476642725,0.5763485878705978,0.689449280500412,0.0005073544929937849,5.23942620629707e-05,0.0015320083646467655,0.12108208375307587
1781864708.853787,57.53939199447632,blowing_bubbles,mixed_social_nonsocial_movie,mixed,1652,1,0.461473591533663,0.41999971056927216,0.4407366510514676,1,0,0.5724092960357666,0.6404171645641327,-0.006578529056244124,0.25597239394152466,-6.234026138676998,0.5761837065219879,0.6889232397079468,0.000551275588482615,4.39210954888301e-05,0.005113040509391422,0.1194596174297878
1781864708.889559,57.57516407966614,blowing_bubbles,mixed_social_nonsocial_movie,mixed,1653,1,0.4808908444970302,0.4260352360552161,0.45346304027612316,1,0,0.5726042270660401,0.6402513325214386,-0.007523850162198545,0.2564465904322653,-5.950122380272135,0.5762052834033966,0.6894618570804596,0.0005390493815819993,1.2226206900615728e-05,0.0008035708786454303,0.1200202162003761
1781864708.923698,57.60930299758911,blowing_bubbles,mixed_social_nonsocial_movie,mixed,1654,1,0.4746306622921386,0.4112643928835858,0.4429475275878622,1,0,0.5727786839008331,0.6402825176715851,-0.009984798141601109,0.2568329795295975,-6.4664967521298635,0.5762399137020111,0.6886138916015625,0.0008486723225033964,0.00030962294092139707,0.0010704880517944798,0.11924283461111804
1781864708.956764,57.64236903190613,blowing_bubbles,mixed_social_nonsocial_movie,mixed,1655,1,0.46555556970437967,0.41937045594054945,0.4424630128224646,1,0,0.5724849879741669,0.6403425276279449,-0.008133714758193489,0.25758240065638544,-6.358859313409553,0.5762048810720444,0.6885495185852051,7.328826916593911e-05,0.0007753840533374572,0.0005950761100710119,0.11929491862240867
1781864708.9923398,57.67794489860535,blowing_bubbles,mixed_social_nonsocial_movie,mixed,1656,1,0.4611223840472462,0.42471006695961666,0.44291622550343146,1,0,0.572550505399704,0.6403016924858094,-0.006028059119345218,0.25764283085112244,-6.56189647061162,0.5760014355182648,0.6884649991989136,0.00022030347253682,0.00014701520337088091,0.00036425906063423165,0.11920118260606892
1781864709.025635,57.71124005317688,blowing_bubbles,mixed_social_nonsocial_movie,mixed,1657,1,0.4809069749801594,0.42026367380974444,0.4505853243949519,1,0,0.5725506365299224,0.6405146479606629,-0.009150564204307753,0.25851857645479,-6.499121060291953,0.5761617124080658,0.6888212561607361,0.00039065036061841185,0.00017034688808159184,2.2931795158453775e-05,0.11936108135359737
1781864709.060447,57.74605202674866,blowing_bubbles,mixed_social_nonsocial_movie,mixed,1658,1,0.472603665500382,0.42493948808900667,0.44877157679469437,1,0,0.5726850032806396,0.6404216527938842,-0.008324385815121368,0.25747380939753783,-6.905947482510819,0.5758957862854004,0.6889133453369141,0.00028141982710000186,0.00010923053351840999,0.0001963336153102715,0.11917419230917105
1781864709.0957718,57.78137683868408,blowing_bubbles,mixed_social_nonsocial_movie,mixed,1659,1,0.4717404278007795,0.4417118724279465,0.456726150114363,1,0,0.5721438288688661,0.6400402426719665,-0.006446792725557239,0.2584877483226249,-7.03155966900614,0.5758578181266785,0.6893288791179657,0.00041726478915887684,0.00013584496205887498,0.0002525262864255625,0.1194056723671225
1781864709.12979,57.81539511680603,blowing_bubbles,mixed_social_nonsocial_movie,mixed,1660,1,0.4693920831944331,0.44169251983598584,0.45554230151520947,1,0,0.5719767868518829,0.6398648798465729,-0.0033720632804858353,0.2584534732230809,-6.634515506180872,0.5758239477872849,0.6898211538791656,0.0004934385882813662,7.617379912248939e-05,0.0001778638134060306,0.11842733540744624
1781864709.164893,57.85049796104431,blowing_bubbles,mixed_social_nonsocial_movie,mixed,1661,1,0.4625854529135251,0.4471568339363041,0.45487114342491464,1,0,0.5718784749507904,0.6402699887752532,-0.006056735825482741,0.2566338267173364,-6.47714963496411,0.5760641694068909,0.6901722848415375,0.00042544021820028165,6.799837008108459e-05,0.0011588155631169453,0.1188260809594321
1781864709.1984708,57.88407588005066,blowing_bubbles,mixed_social_nonsocial_movie,mixed,1662,1,0.4669777111267471,0.4435251780946164,0.45525144461068173,1,0,0.5719400525093079,0.6405156970024108,-0.006759683594752723,0.2544262867351145,-6.569829643652409,0.5760279893875122,0.690315455198288,0.00014767106979467052,0.0002777691484056111,0.006664429308919087,0.12000592349327446
1781864709.2326348,57.91823983192444,blowing_bubbles,mixed_social_nonsocial_movie,mixed,1663,1,0.4662162402447151,0.44069311258632493,0.45345467641552,1,0,0.5719227135181427,0.6402664363384247,-0.007975449519360788,0.2575495544418547,-6.71853903579056,0.5761147737503052,0.6896396577358246,0.0006813470010921921,0.0005336759312975216,0.0027521615474632305,0.11938329205352981
1781864709.2660758,57.95168089866638,blowing_bubbles,mixed_social_nonsocial_movie,mixed,1664,1,0.4590794758994053,0.4353058972317291,0.4471926865655672,1,0,0.5719482481479645,0.6402177155017852,-0.009166229190491763,0.2571025875257312,-6.5068505639460215,0.5763347297906876,0.6904145777225494,0.0008055319022399701,0.00012418490114777798,0.0005266608484110196,0.11956820032819677
1781864709.302718,57.98832297325134,blowing_bubbles,mixed_social_nonsocial_movie,mixed,1665,1,0.4691973922789347,0.43650606027697514,0.4528517262779549,1,0,0.5721156120300293,0.6404534161090851,-0.008748991571868807,0.25554536281383816,-6.302953768169683,0.5763529390096664,0.6894959211349487,0.000918837037563244,0.00011330513532327392,0.0010753732439571523,0.11995292973557908
1781864709.338039,58.0236439704895,blowing_bubbles,mixed_social_nonsocial_movie,mixed,1666,1,0.4518982341365097,0.43761644599727906,0.4447573400668944,1,0,0.5720688164234161,0.6408555984497071,-0.006620003175581271,0.254417193748455,-6.385737272369942,0.5760542005300522,0.6893793344497681,0.0003206822950579804,0.0005981547425052636,0.0007053605872369587,0.12043482342620196
1781864709.370873,58.05647802352905,blowing_bubbles,mixed_social_nonsocial_movie,mixed,1667,1,0.462810689437933,0.4341742172236357,0.44849245333078436,1,0,0.5717507421970367,0.6406380236148834,-0.010885377577027016,0.2565450154226495,-6.597467570371662,0.5760828703641891,0.6894724071025848,9.738828518765707e-05,0.00022329400987032333,0.00205089014280187,0.12069009789677614
1781864709.405963,58.09156799316406,blowing_bubbles,mixed_social_nonsocial_movie,mixed,1668,1,0.4582180608228617,0.43248532089839115,0.4453516908606264,1,0,0.5718320608139038,0.6402697503566741,-0.011226834200660861,0.2562525858033857,-6.687505405430503,0.5760352462530136,0.6891393959522247,0.00033639928987651263,0.00023901100468885555,0.0059082114103748,0.12104048794682541
1781864709.440533,58.12613797187805,blowing_bubbles,mixed_social_nonsocial_movie,mixed,1669,1,0.46216559830850357,0.44189081446771294,0.45202820638810826,1,0,0.5718501031398773,0.6406396746635437,-0.011465532794577288,0.25623001204774204,-6.547814913800993,0.5760756433010101,0.6887886226177216,0.00035309184879476997,1.6692558918257334e-05,0.006265221752894387,0.12088176418178359
1781864709.4745789,58.160183906555176,blowing_bubbles,mixed_social_nonsocial_movie,mixed,1670,1,0.4644852730203002,0.4385125631680651,0.45149891809418263,1,0,0.5718690752983093,0.6406978309154511,-0.008493497641021992,0.2563129952513031,-6.582842881786735,0.575799435377121,0.6895321309566498,0.0007931553865888858,0.00044006353779411586,0.0026239084236659277,0.11942275548364109
1781864709.5090408,58.19464588165283,blowing_bubbles,mixed_social_nonsocial_movie,mixed,1671,1,0.4686065433177684,0.4390572808565431,0.4538319120871558,1,0,0.5715296983718872,0.6402512907981872,-0.005029998418797115,0.2571846061818785,-6.370179333245531,0.5757428556680679,0.6897319853305817,0.0002077090134207763,0.0005854463731681096,0.00023402743354306542,0.11934957310957305
1781864709.542054,58.22765898704529,blowing_bubbles,mixed_social_nonsocial_movie,mixed,1672,1,0.46498219114485967,0.42990708140554296,0.4474446362752013,1,0,0.5697880744934082,0.639512586593628,-0.004496286792022694,0.2548357059310843,-6.544776467929866,0.5755520015954971,0.6893088519573212,0.00046418436917206556,0.00025647535575128925,0.0003089469595692222,0.1201480818577002
1781864709.5781178,58.26372289657593,blowing_bubbles,mixed_social_nonsocial_movie,mixed,1673,1,0.45882503281195836,0.4271612957692899,0.44299316429062413,1,0,0.5693877160549163,0.6389288485050202,-0.00441549089778465,0.25625418971054165,-6.492476116206568,0.5754437148571014,0.6895683407783508,0.0002811769299778012,0.00018300743919426435,0.0002436151282847554,0.11981684789832213
1781864709.611464,58.29706907272339,blowing_bubbles,mixed_social_nonsocial_movie,mixed,1674,1,0.454214327468254,0.4265511684243901,0.44038274794632204,1,0,0.5690668880939485,0.6389336168766022,-0.008718787719571824,0.2558110698109493,-6.250681329439433,0.5758719146251678,0.6895074844360352,0.0004325026425031026,0.0001513257125253014,0.00033367868448703944,0.11955272597970884
1781864709.6455932,58.33119821548462,blowing_bubbles,mixed_social_nonsocial_movie,mixed,1675,1,0.46452773197309616,0.42651212153061246,0.4455199267518543,1,0,0.569243198633194,0.6393706381320954,-0.010262593359166365,0.25713971843219646,-6.098437723964352,0.5761440396308899,0.6888851225376129,0.0006792542611916098,0.0002467516186885072,0.0003672188794275359,0.11882754784949681
1781864709.680247,58.36585211753845,blowing_bubbles,mixed_social_nonsocial_movie,mixed,1676,1,0.46249545513577617,0.425418948710652,0.4439572019232141,1,0,0.5697052240371705,0.639957743883133,-0.006805439431361812,0.25714560863697855,-6.188908143664583,0.5756432414054871,0.6887870728969574,0.000510306373269335,0.0001689478879222748,0.0025820292218895558,0.11937090711258584
1781864709.715799,58.40140414237976,blowing_bubbles,mixed_social_nonsocial_movie,mixed,1677,1,0.47411929635051286,0.42083882266466655,0.4474790595075897,1,0,0.5693354845046996,0.6396714091300963,-0.009636539281956829,0.2555626856520403,-6.25914758336724,0.5759665220975876,0.689794659614563,0.0010581783400638112,0.0005478719667944762,2.547196969533684e-05,0.1193405270576018
1781864709.748082,58.43368697166443,blowing_bubbles,mixed_social_nonsocial_movie,mixed,1678,1,0.4611554423747394,0.4099773799389668,0.43556641115685313,1,0,0.5692210435867309,0.6397144258022309,-0.009090432204519206,0.25592550090194405,-6.637575424401568,0.5758909583091736,0.6878368854522705,0.0019592318792474514,0.0009010535391836402,7.7435266682605e-05,0.11993298042163575
1781864709.784632,58.470237016677856,blowing_bubbles,mixed_social_nonsocial_movie,mixed,1679,1,0.45923950038692907,0.4284700343050122,0.4438547673459706,1,0,0.5690938115119935,0.6395444273948669,-0.009398623680576333,0.25678272959520126,-6.132308335454735,0.5756892412900925,0.6883263885974884,0.0005294365731276819,0.0014297953061197695,0.0002102323599197855,0.12031944355626825
1781864709.817756,58.503360986709595,blowing_bubbles,mixed_social_nonsocial_movie,mixed,1680,1,0.4618643999785326,0.43289051550154184,0.44737745774003723,1,0,0.5689523994922638,0.6400619208812713,-0.011067722814661672,0.25570175088091973,-6.131528474382696,0.5757254362106323,0.6888305842876434,0.0005054931910953824,2.394338203229947e-05,0.00015581434972707818,0.11992268428195105
1781864709.851878,58.53748297691345,blowing_bubbles,mixed_social_nonsocial_movie,mixed,1681,1,0.47110486239939536,0.4255102291972199,0.44830754579830767,1,0,0.5690235435962677,0.6405340373516083,-0.00946855190323826,0.25450447719240127,-6.464893064477924,0.5753593742847443,0.6894105970859528,0.0006858689231824779,0.00018037573208709546,0.0002142880702084334,0.11923388498858123
1781864709.889208,58.5748131275177,blowing_bubbles,mixed_social_nonsocial_movie,mixed,1682,1,0.4694526831507101,0.43296966702077155,0.4512111750857408,1,0,0.5688668191432953,0.6398726403713226,-0.007942485095565695,0.25451916273237196,-6.295759774115479,0.5752429515123367,0.6899936199188232,0.0005945333342911729,9.133558889130497e-05,0.000264569402926002,0.11911112857992064
1781864709.922953,58.60855793952942,blowing_bubbles,mixed_social_nonsocial_movie,mixed,1683,1,0.4636244899079695,0.42533717443764085,0.4444808321728052,1,0,0.5684976398944854,0.6397316932678223,-0.010860705991579995,0.25316995841957984,-6.329085505889751,0.5754946768283844,0.6904079020023346,0.000484763116849669,0.0001097702174415039,0.00033885726472650235,0.1191357807242069
1781864709.9558039,58.641408920288086,blowing_bubbles,mixed_social_nonsocial_movie,mixed,1684,1,0.4642288483713229,0.4062238114585619,0.43522632991494237,1,0,0.5682297945022583,0.6396809160709381,-0.008507539101277658,0.253766736741901,-6.18892386780836,0.5753188282251358,0.6899842917919159,0.0004586592870916913,2.6103829757977745e-05,0.0043567711554481975,0.1201030933824111
1781864709.990379,58.675984144210815,blowing_bubbles,mixed_social_nonsocial_movie,mixed,1685,1,0.4724496225779712,0.421958226154069,0.4472039243660201,1,0,0.5683629393577576,0.639907854795456,-0.008555265728790038,0.2540395865192481,-6.3808520031604905,0.5751773416996002,0.6902625262737274,0.0003121423774130297,0.00014651690967866157,0.0037668680711475974,0.11885391599880478
1781864710.026151,58.711755990982056,blowing_bubbles,mixed_social_nonsocial_movie,mixed,1686,1,0.475798943131228,0.43428872842809646,0.45504383577966223,1,0,0.5683097898960113,0.6399473667144775,-0.010232212062374024,0.2548750803165877,-5.936749815341493,0.5753225535154343,0.6904512047767639,0.00023808832177558582,7.405405563744389e-05,0.0017896863981290562,0.1189595892241598
1781864710.057886,58.74349093437195,blowing_bubbles,mixed_social_nonsocial_movie,mixed,1687,1,0.46031043811251865,0.41954161629268155,0.4399260272026001,1,0,0.5682114124298097,0.6404903948307037,-0.012733470927299154,0.2535954198387559,-6.1340796530056245,0.575396791100502,0.6905889213085175,0.00015645146900849182,8.1636852767094e-05,0.0001493962967400453,0.12049789717766379
1781864710.094723,58.780328035354614,blowing_bubbles,mixed_social_nonsocial_movie,mixed,1688,1,0.45940231030538087,0.4180226051274733,0.4387124577164271,1,0,0.5682577848434448,0.6401709258556366,-0.01379997599716577,0.2527226858818665,-6.450743675883409,0.575440987944603,0.6905254125595093,7.73739118118485e-05,7.907755719664332e-05,0.002424619456667343,0.1199295517638779
1781864710.1298199,58.81542491912842,blowing_bubbles,mixed_social_nonsocial_movie,mixed,1689,1,0.44898620632011066,0.4218070889332168,0.43539664762666375,1,0,0.5682990670204162,0.6400835573673248,-0.013950990930146833,0.2542498435710128,-6.689933069908846,0.5753882378339767,0.6906262040138245,0.00011376067613217081,3.638676432032231e-05,0.002184784287777075,0.12016821147004444
1781864710.162289,58.847893953323364,blowing_bubbles,mixed_social_nonsocial_movie,mixed,1690,1,0.45008413038936046,0.42132451942227833,0.4357043249058194,1,0,0.5679995059967041,0.6404398679733276,-0.007791909631306688,0.252575506970147,-7.052659486528606,0.5749464184045792,0.6904093325138092,0.0004921764477421428,0.000378415771609972,0.0001886141393682419,0.11990680028630867
1781864710.197154,58.88275909423828,blowing_bubbles,mixed_social_nonsocial_movie,mixed,1691,1,0.45732953390730247,0.41882924542490685,0.43807938966610466,1,0,0.5678019940853118,0.6401148855686187,-0.011653042756680134,0.251836932760692,-7.180950381507889,0.5755327343940735,0.6909105479717255,0.000771351654429362,0.0002791752066872192,0.00018215070249228785,0.11899304181263572
1781864710.2315001,58.917105197906494,blowing_bubbles,mixed_social_nonsocial_movie,mixed,1692,1,0.4432837663708812,0.3934272126851041,0.4183554895279926,1,0,0.5708551228046417,0.6398304760456086,-0.011131863927075264,0.25288654280981976,-6.327671822852574,0.57532599568367,0.6897552907466888,0.0011736098799765588,0.00040225822554719676,0.00038211365730134986,0.11987141676460486
1781864710.265341,58.95094609260559,blowing_bubbles,mixed_social_nonsocial_movie,mixed,1693,1,0.4664117642789795,0.39747589748754353,0.4319438308832615,1,0,0.5716546297073364,0.6404447257518768,-0.017541937038283002,0.2533776080868426,-6.68230841904154,0.5759556144475937,0.6902624666690826,0.0008084845107611768,0.000365125369215382,0.002107489457699534,0.11909374975237097
1781864710.300354,58.98595905303955,blowing_bubbles,mixed_social_nonsocial_movie,mixed,1694,1,0.4627933282048882,0.3994592153819696,0.4311262717934289,1,0,0.5721628189086914,0.6403913080692292,-0.01778886003294189,0.2520175653950991,-6.411570802363931,0.5757015198469162,0.6899580955505371,0.0003964919216051087,0.0004119925891560681,0.0006497741842497672,0.12001838449378982
1781864710.336256,59.02186107635498,blowing_bubbles,mixed_social_nonsocial_movie,mixed,1695,1,0.47212787977231707,0.4076932469756965,0.4399105633740068,1,0,0.5721903622150422,0.6405432283878326,-0.015373541739171484,0.25325223027969296,-6.9941529581324176,0.5755612254142761,0.6894589364528656,0.0005185000796702307,0.00012200815806512197,0.0004000465180759785,0.11969110315257016
1781864710.370608,59.05621314048767,blowing_bubbles,mixed_social_nonsocial_movie,mixed,1696,1,0.4670986874805071,0.42704729387726453,0.44707299067888584,1,0,0.5720301210880279,0.6400265932083129,-0.008402484988670819,0.253568168389241,-6.75929949293005,0.5752260684967041,0.6899522542953491,0.0005963997427137057,7.789966304347503e-05,0.0007371557802604963,0.11886949972746698
1781864710.404692,59.09029698371887,blowing_bubbles,mixed_social_nonsocial_movie,mixed,1697,1,0.47962919503846535,0.4290017351168932,0.4543154650776793,1,0,0.5722796082496644,0.6402492344379425,-0.0135226169174061,0.2560088548256842,-6.986619539457637,0.5756795108318329,0.6896328330039978,0.0005546529659666379,4.1746776747067765e-05,0.0002353227782982624,0.11895920795698744
1781864710.437071,59.1226761341095,blowing_bubbles,mixed_social_nonsocial_movie,mixed,1698,1,0.4942063370692269,0.4271597363509156,0.46068303671007127,1,0,0.572445845603943,0.640547001361847,-0.011350313840881048,0.2567030533007122,-6.571722224204322,0.5755702555179596,0.6893479824066162,0.000305084556210571,0.00024956840975606695,9.199779188897337e-05,0.11806551805777796
1781864710.473182,59.15878701210022,blowing_bubbles,mixed_social_nonsocial_movie,mixed,1699,1,0.48489740126483033,0.4395666252626047,0.46223201326371754,1,0,0.5726716339588165,0.6406069397926331,-0.012814851018827358,0.25523633488917175,-6.71749718846494,0.5757514983415604,0.6893453299999237,0.00018126223094743683,0.00012382232526313416,0.00016958982886934094,0.11774682335122905
1781864710.507732,59.193336963653564,blowing_bubbles,mixed_social_nonsocial_movie,mixed,1700,1,0.47912480340710917,0.4230642543389197,0.45109452887301443,1,0,0.5727569758892059,0.6405449628829956,-0.010547206475403598,0.2556126332908525,-6.404430933401804,0.5757327675819397,0.6898434162139893,0.0004984382790257203,0.0003171760480782835,0.00047830400811357435,0.1175298173758409
1781864710.541793,59.22739815711975,blowing_bubbles,mixed_social_nonsocial_movie,mixed,1701,1,0.48175079985495367,0.42367686360539647,0.4527138317301751,1,0,0.5731009840965271,0.6407806217670441,-0.014257984008783002,0.25552843919794926,-6.397281770911773,0.5761349499225616,0.6901457607746124,0.0005031529274947786,4.7146484690582455e-06,0.0003258711194287932,0.11797124884706588
1781864710.5776849,59.26328992843628,blowing_bubbles,mixed_social_nonsocial_movie,mixed,1702,1,0.4839181772049344,0.4126325270024093,0.44827535210367186,1,0,0.5729795157909394,0.6406316757202148,-0.015077346711413756,0.252888800284181,-6.21170335333177,0.5761694312095642,0.6899821162223816,0.00016723785046508948,0.00033591507702968905,0.0003535583173294817,0.1178550979511842
1781864710.610698,59.296303033828735,blowing_bubbles,mixed_social_nonsocial_movie,mixed,1703,1,0.49038521373699595,0.4119866962351502,0.45118595498607306,1,0,0.5729883790016175,0.6403056502342224,-0.016855879717824283,0.2543662123006924,-6.233495690146524,0.5764389485120773,0.6897355914115906,0.000365258892690508,0.00019802104222541855,0.00163006894058389,0.11752492731414516
1781864710.643782,59.329386949539185,blowing_bubbles,mixed_social_nonsocial_movie,mixed,1704,1,0.502171940449465,0.4053496343631438,0.45376078740630443,1,0,0.573168271780014,0.6403094291687011,-0.01737093620965099,0.2532406720105653,-6.1849095234313225,0.5764358192682266,0.6904142200946808,0.0006786358977241255,0.0003133770050336175,0.0005490995087070862,0.11757993391513916
1781864710.679277,59.36488199234009,blowing_bubbles,mixed_social_nonsocial_movie,mixed,1705,1,0.49893677685028454,0.4099564991994887,0.4544466380248866,1,0,0.5730844676494599,0.6405165851116181,-0.014914227392849621,0.25250681778264045,-6.42191779927618,0.5762840509414673,0.6901726126670837,0.00028532047609204473,0.0003933154216320808,0.00025956834740893593,0.1176376946740214
1781864710.7150998,59.400704860687256,blowing_bubbles,mixed_social_nonsocial_movie,mixed,1706,1,0.46796100363552295,0.4043225881818992,0.43614179590871105,1,0,0.5701701521873475,0.6400983035564423,-0.014677469594782062,0.25467421337065355,-5.807817108063599,0.5764854848384857,0.689828634262085,0.0003986185620032473,0.00011329808591120259,0.0017133344999447448,0.11824319609195477
1781864710.7481039,59.433708906173706,blowing_bubbles,mixed_social_nonsocial_movie,mixed,1707,1,0.4567246436940252,0.4020493158937115,0.42938697979386836,1,0,0.5691182076931001,0.6397537648677826,-0.01875826986094011,0.2528435494894388,-6.308890387517652,0.5764651298522949,0.6902417540550232,0.0004136209481882603,1.5002386185012967e-05,0.0015567657991804762,0.11832467189466442
1781864710.7826712,59.468276262283325,blowing_bubbles,mixed_social_nonsocial_movie,mixed,1708,1,0.45006228186793673,0.40998636259582383,0.43002432223188025,1,0,0.5683850049972534,0.6393968641757966,-0.018083196057933012,0.2527532927252514,-6.413408082072217,0.5765416473150253,0.6898793578147888,0.0003703862268480163,4.3234721340244006e-05,0.0004570875746218318,0.11830513166313036
1781864710.815037,59.50064206123352,blowing_bubbles,mixed_social_nonsocial_movie,mixed,1709,1,0.47579938215404194,0.4157528588658454,0.44577612050994364,1,0,0.5685486912727356,0.6391899466514588,-0.02082286330993308,0.25237232945655613,-6.232573027053531,0.576371043920517,0.6909891664981842,0.0011228449723615346,0.0007524587455135183,0.0003573632764906478,0.11792275568500178
1781864710.851398,59.53700304031372,blowing_bubbles,mixed_social_nonsocial_movie,mixed,1710,1,0.45811214860802535,0.4211653604791721,0.4396387545435987,1,0,0.568161404132843,0.6399296998977662,-0.01750086600149586,0.2523622958542237,-5.968024429862147,0.5763105899095535,0.6910859048366547,0.00011407450885974833,0.0010087704635017862,0.0003143835687011178,0.11855282625763233
1781864710.886532,59.572137117385864,blowing_bubbles,mixed_social_nonsocial_movie,mixed,1711,1,0.46732009727527096,0.4269228330301834,0.4471214651527272,1,0,0.5682264149188996,0.6396631717681884,-0.019351045576324444,0.2523784923348333,-6.065748972390773,0.5763038098812103,0.6915213465690613,0.0004354945132899033,0.00032142000443015497,0.00027723471662299007,0.11852707638849436
1781864710.919678,59.60528302192688,blowing_bubbles,mixed_social_nonsocial_movie,mixed,1712,1,0.4754939999347522,0.41709510246624804,0.4462945512005001,1,0,0.56824791431427,0.6400600612163544,-0.02268734499066609,0.25157853190101576,-6.0180652720375996,0.5763664245605469,0.6917235851287842,0.0002117097851002921,0.0002237847281896112,0.00024280497871718849,0.11819681954103702
1781864710.954711,59.640316009521484,blowing_bubbles,mixed_social_nonsocial_movie,mixed,1713,1,0.47870649749812155,0.4083714376226459,0.4435389675603837,1,0,0.5680056750774384,0.6395963370800019,-0.022651213935562665,0.2514579414060392,-5.862292492434925,0.5762639045715332,0.691667377948761,0.00011691704423873821,9.479274086155389e-05,0.00024545151638725657,0.1174809736805222
1781864710.989971,59.675575971603394,blowing_bubbles,mixed_social_nonsocial_movie,mixed,1714,1,0.48065144561579365,0.3985256195053565,0.43958853256057506,1,0,0.5680453240871429,0.6393549680709839,-0.027645344726458417,0.2498754582955763,-5.789989361315027,0.5764251947402954,0.6906830072402954,0.0009974969725389455,0.0008805799283002073,0.0003179278179304941,0.11886580241600414
1781864711.0226161,59.708221197128296,blowing_bubbles,mixed_social_nonsocial_movie,mixed,1715,1,0.4801601801710603,0.4004697265244651,0.4403149533477627,1,0,0.5680159986019135,0.639171302318573,-0.02627376738935777,0.2524903452541921,-5.91081859709558,0.5760487914085388,0.6896982192993164,0.0010542707227534725,5.677375021452698e-05,0.00040596683786140776,0.11870808058060195
1781864711.0591722,59.7447772026062,blowing_bubbles,mixed_social_nonsocial_movie,mixed,1716,1,0.47541971749487943,0.41529996197128305,0.44535983973308124,1,0,0.5678938865661621,0.638415628671646,-0.027119192288589073,0.25228723643056333,-5.97516118095568,0.5760848075151443,0.6901906728744507,0.0004937688564475814,0.0005605018663058911,0.00024402410776474875,0.11662487969284224
1781864711.0923882,59.77799320220947,blowing_bubbles,mixed_social_nonsocial_movie,mixed,1717,1,0.48470562881745904,0.39587838690653954,0.4402920078619993,1,0,0.5679849267005921,0.6384947836399079,-0.028514491638218082,0.25216041102061504,-5.990320930867827,0.5761918723583221,0.6910291910171509,0.0008453257101745285,0.00035155685372694715,0.0007059359418065099,0.11660569538648866
1781864711.126451,59.81205606460571,blowing_bubbles,mixed_social_nonsocial_movie,mixed,1718,1,0.4728379502102504,0.40785625446072327,0.4403471023354868,1,0,0.5679522812366485,0.6382020175457,-0.023220093984790188,0.25272915721157224,-6.22985445469164,0.5760772824287415,0.6902136504650116,0.0008235516038142069,2.1774106360321604e-05,0.001318972167237529,0.11669888501659267
1781864711.161459,59.84706401824951,blowing_bubbles,mixed_social_nonsocial_movie,mixed,1719,1,0.45315954605277226,0.41079202132174747,0.43197578368725986,1,0,0.5679922938346862,0.6375901103019714,-0.020842979856128895,0.2550078173420429,-5.829091500049576,0.5760168880224228,0.6900047361850739,0.0002174687579320075,0.0006060828458821994,0.0002747297439455898,0.11715424280989696
1781864711.196331,59.88193607330322,blowing_bubbles,mixed_social_nonsocial_movie,mixed,1720,1,0.46931635236034613,0.4215176373835999,0.445416994871973,1,0,0.5679531157016755,0.6375206708908081,-0.020803245822379114,0.2539339626103216,-5.9425581809782875,0.5758998245000839,0.6903927028179169,0.0004052431078524732,0.0001877743499204657,0.00023705762638871202,0.11719030595191134
1781864711.2302542,59.91585922241211,blowing_bubbles,mixed_social_nonsocial_movie,mixed,1721,1,0.4751971060213899,0.41056949173443774,0.44288329887791383,1,0,0.5680729269981384,0.6371874809265137,-0.020860597372215465,0.25195864973002935,-5.979920682849499,0.5760142505168915,0.6901324987411499,0.00028425248440179583,0.00012099062345067739,0.0005322573192354051,0.11715839980284512
1781864711.2646558,59.95026087760925,blowing_bubbles,mixed_social_nonsocial_movie,mixed,1722,1,0.4721445022644933,0.4155185680859944,0.4438315351752439,1,0,0.5679055571556091,0.6371615886688232,-0.019207041133872418,0.25181194733215273,-5.53230099923548,0.5759836733341217,0.6901862025260925,6.179854871516138e-05,0.00022245393568663446,0.00028486908895759914,0.11704116497127685
1781864711.299477,59.985082149505615,blowing_bubbles,mixed_social_nonsocial_movie,mixed,1723,1,0.4856892357026839,0.40340160294275956,0.44454541932272174,1,0,0.5678873479366302,0.6370317995548248,-0.018295024037708277,0.25321876899967627,-5.437296096290288,0.576006293296814,0.688615620136261,0.0015707452708702198,0.0015089467221550584,0.0003586809448384755,0.11750658055090318
1781864711.33391,60.01951503753662,blowing_bubbles,mixed_social_nonsocial_movie,mixed,1724,1,0.4938353497244557,0.4166040123793757,0.4552196810519157,1,0,0.5678891122341156,0.6363391578197479,-0.024193742671955662,0.25383950903321156,-5.7203752188593056,0.5763317793607712,0.6882694363594055,0.00047516774426330417,0.0010955775266069155,0.0004250117555856664,0.11742948762894476
1781864711.368599,60.05420398712158,blowing_bubbles,mixed_social_nonsocial_movie,mixed,1725,1,0.4937231387926322,0.42012291379206856,0.4569230262923504,1,0,0.5680154442787171,0.6362135410308838,-0.026363117481857608,0.2535535433609224,-6.046799699906664,0.5763295441865921,0.6879286468029022,0.00034079688646659304,0.00013437085779671113,0.000291925014590236,0.11726897368427347
1781864711.402428,60.088032960891724,blowing_bubbles,mixed_social_nonsocial_movie,mixed,1726,1,0.4665781047765571,0.42681516157950333,0.4466966331780302,1,0,0.568099743127823,0.6361987113952636,-0.023114069405168067,0.25098220290596773,-6.009115852659773,0.5759830474853516,0.6889738738536835,0.001101162817959018,0.0007603659314924249,0.0003225069937209041,0.11792865988690972
1781864711.437542,60.12314701080322,blowing_bubbles,mixed_social_nonsocial_movie,mixed,1727,1,0.4683485368551868,0.43070836418169267,0.4495284505184397,1,0,0.5680191814899445,0.6364129185676575,-0.023295681407318525,0.2543618811781455,-5.794899123742105,0.5759706199169159,0.6884726285934448,0.0005013992973358984,0.0005997635206231195,0.0004967918063839211,0.1164148549103794
1781864711.4706318,60.15623688697815,blowing_bubbles,mixed_social_nonsocial_movie,mixed,1728,1,0.4778581170027706,0.43042413187269213,0.45414112443773136,1,0,0.5679906904697418,0.6365946829319,-0.02651687636386969,0.2543377392358122,-5.58079786554125,0.5760145634412766,0.6884448826313019,5.196991195368078e-05,0.00044942938538221767,0.00023096919749395777,0.11682010143331882
1781864711.50474,60.19034504890442,blowing_bubbles,mixed_social_nonsocial_movie,mixed,1729,1,0.495917448433665,0.41997616325869613,0.4579468058461805,1,0,0.5680280387401582,0.6364228785037995,-0.02601693844552231,0.2519795746499126,-5.594371969667337,0.5760024189949036,0.68882155418396,0.00037686727923707554,0.00032489736728339477,0.00023496848755003193,0.11692266298453695
1781864711.541143,60.22674798965454,blowing_bubbles,mixed_social_nonsocial_movie,mixed,1730,1,0.48438012303469086,0.4157903411316789,0.45008523208318485,1,0,0.5677352368831634,0.6363845825195313,-0.026245075336332857,0.25257625402602013,-5.689553060480019,0.5760458260774612,0.6882014572620392,0.0006216143236700636,0.000244747044432988,0.0004567626196257374,0.11647231630227525
1781864711.5745962,60.26020121574402,blowing_bubbles,mixed_social_nonsocial_movie,mixed,1731,1,0.4821915760833764,0.4238768296559028,0.4530342028696396,1,0,0.567790561914444,0.63611980676651,-0.024246204456651516,0.2514089905480337,-5.906486386390318,0.5756891965866089,0.6883534491062164,0.00038766753080701885,0.0002339467928630447,0.0003361306069905946,0.11707344201232894
1781864711.6094122,60.29501724243164,blowing_bubbles,mixed_social_nonsocial_movie,mixed,1732,1,0.4610328691002703,0.42787105419424853,0.4444519616472594,1,0,0.5674529612064362,0.6363118588924408,-0.022702564582486134,0.2516832629352732,-5.839164514913686,0.5757781565189362,0.6882408857345581,0.0001434725834393554,0.00024419494736766347,0.0004006549822831054,0.11629222831660439
1781864711.6440792,60.329684257507324,blowing_bubbles,mixed_social_nonsocial_movie,mixed,1733,1,0.4698037858136686,0.4101987793085308,0.4400012825610997,1,0,0.5675419509410858,0.6360443353652954,-0.021825423431041442,0.2512842579859954,-5.595349296453794,0.5758478343486786,0.6886037886142731,0.0003695314601803617,0.00022605887674100627,0.0004759944288320452,0.11602924662678966
1781864711.678417,60.36402201652527,blowing_bubbles,mixed_social_nonsocial_movie,mixed,1734,1,0.4849828628899764,0.4109976681493971,0.44799026551968674,1,0,0.5677219092845918,0.6356927871704101,-0.02045738306842829,0.25067993935504557,-5.3482606612832,0.5753281861543655,0.6884688138961792,0.0005368914418924304,0.0001673599817120687,0.00030277027323856714,0.11737883981694261
1781864711.713538,60.39914298057556,blowing_bubbles,mixed_social_nonsocial_movie,mixed,1735,1,0.4516540233524482,0.40811293310908775,0.429883478230768,1,0,0.5676037609577179,0.6355217039585113,-0.01937845450582626,0.2529347275986089,-5.63204939549906,0.5751327723264694,0.6872474253177643,0.0012369222383057982,0.0007000307964133678,0.00012207399975350364,0.11888428696872805
1781864711.747859,60.43346405029297,blowing_bubbles,mixed_social_nonsocial_movie,mixed,1736,1,0.3963197335253278,0.20816849476123314,0.30224411414328045,1,0,0.5683422982692719,0.6388031840324402,-0.023650288439927936,0.2510347780451058,-5.1463198643843135,0.575197234749794,0.6891999542713165,0.0019535927719155563,0.0007166705336097581,0.0005772148095308784,0.1330334457856026
1781864711.780596,60.466201066970825,blowing_bubbles,mixed_social_nonsocial_movie,mixed,1737,1,0.22881454159059852,0.15302209822694746,0.190918319908773,1,0,0.5681689202785491,0.6423317015171051,-0.020277351032855006,0.25081725658045667,-4.799936200502648,0.5747776925563812,0.6892518401145935,0.00042273844488781737,0.001530854327027739,0.0011987549698556663,0.1471553401105279
1781864711.8140821,60.49968719482422,blowing_bubbles,mixed_social_nonsocial_movie,mixed,1738,1,0.26945075983247185,0.15089092752204855,0.2101708436772602,1,0,0.5695702016353608,0.6412730157375336,-0.020522340984371158,0.2507940125691115,-4.803783763710442,0.5744266510009766,0.6897471845149994,0.0006071212800045718,0.00018438283511675442,0.0006098896660217035,0.14363393943463476
1781864711.849022,60.534626960754395,blowing_bubbles,mixed_social_nonsocial_movie,mixed,1739,1,0.37764771452283014,0.3149307900468837,0.3462892522848569,1,0,0.5716959357261657,0.6392425060272218,-0.018631215245795293,0.25157415915593206,-5.346708415198431,0.5743797123432159,0.6882076561450958,0.0015402437597115254,0.0009331224797069536,0.0002678844256171594,0.13030156301992177
1781864711.884009,60.56961393356323,blowing_bubbles,mixed_social_nonsocial_movie,mixed,1740,1,0.4114390709502307,0.37870580746708465,0.39507243920865764,1,0,0.571266132593155,0.637370103597641,-0.023127698434755324,0.2512636368144948,-5.991823564791666,0.5746609568595886,0.6866690814495087,0.0015640685956475246,2.382483593599922e-05,0.0015439558709207176,0.12390825066215166
1781864711.9198568,60.605461835861206,blowing_bubbles,mixed_social_nonsocial_movie,mixed,1741,1,0.45552281644041465,0.3820347886158212,0.41877880252811794,1,0,0.5711940467357635,0.6374719560146331,-0.026833690172399085,0.2501218758512188,-6.033732727105817,0.5752621591091156,0.6873987019062042,0.0009454047575853057,0.0006186638380622189,0.00026007212615984486,0.12275825110210574
1781864711.953325,60.63893008232117,blowing_bubbles,mixed_social_nonsocial_movie,mixed,1742,1,0.47444289566571096,0.3894608420275727,0.43195186884664183,1,0,0.5713331222534179,0.6369040846824645,-0.028913732697322593,0.24913786833794488,-5.745120277183318,0.5753950625658035,0.6880761981010437,0.0006904088808970892,0.00025499587668821654,0.0006406605424754484,0.12070965961159721
1781864711.987099,60.672703981399536,blowing_bubbles,mixed_social_nonsocial_movie,mixed,1743,1,0.5014435781132978,0.3956109340874936,0.4485272561003957,1,0,0.571417510509491,0.6368749439716339,-0.029522767845488976,0.24883024495197772,-5.797620455361003,0.5756654292345047,0.6883076429367065,0.0003559000526827287,0.0003345088282143605,0.00035733469678631414,0.12024919905786405
1781864712.022805,60.708410024642944,blowing_bubbles,mixed_social_nonsocial_movie,mixed,1744,1,0.49892738954992083,0.41655828075891266,0.4577428351544167,1,0,0.5716458797454834,0.6363002479076385,-0.03065210904373311,0.2504724417301455,-5.859879687536832,0.5756371468305588,0.6879725456237793,0.0003362887204531562,1.961133222957252e-05,0.0026068756931639696,0.11969687738295783
1781864712.057232,60.74283695220947,blowing_bubbles,mixed_social_nonsocial_movie,mixed,1745,1,0.4875392598305519,0.40951445277637893,0.44852685630346545,1,0,0.5718320310115814,0.6362636685371399,-0.026699435778286817,0.24925354001719366,-5.963860626156286,0.5758594423532486,0.6878809630870819,0.00024042183851694576,9.586688193621043e-05,0.004257423165580252,0.1194786475271834
1781864712.090122,60.77572703361511,blowing_bubbles,mixed_social_nonsocial_movie,mixed,1746,1,0.495712395451978,0.4210521268706804,0.4583822611613292,1,0,0.5719108045101167,0.6361399590969086,-0.02273250782795785,0.24914348455255012,-5.68682845674792,0.5755002945661545,0.6880151033401489,0.00038338067304897344,0.00014295883453202768,0.0004790640326534599,0.11951802714185145
1781864712.126591,60.812196016311646,blowing_bubbles,mixed_social_nonsocial_movie,mixed,1747,1,0.48558371376894266,0.4028839204680226,0.44423381711848264,1,0,0.5722840666770935,0.6365755677223206,-0.019442630985610283,0.24747087469369203,-6.250504516272411,0.5752419829368591,0.6874538660049438,0.000617828652829662,0.0002344479797806886,0.004563865296202625,0.12044965286001975
1781864712.159756,60.84536099433899,blowing_bubbles,mixed_social_nonsocial_movie,mixed,1748,1,0.485904581503852,0.40950982670863467,0.4477072041062433,1,0,0.5720541775226593,0.6366060614585877,-0.01834198802544021,0.24988162204490333,-6.220249883836302,0.5751948803663254,0.6878339946269989,0.0003830357965730631,0.00023479285625659893,0.004625611082031196,0.12019483216914621
1781864712.1941051,60.87971019744873,blowing_bubbles,mixed_social_nonsocial_movie,mixed,1749,1,0.503928014606158,0.40795507493551436,0.45594154477083615,1,0,0.5721485555171967,0.6375454425811768,-0.020462176841590626,0.24953620051429976,-6.034404345582475,0.5751972049474716,0.687677651643753,0.0001563602637747758,0.00022667553279828728,0.004509487719284765,0.12038257081490567
1781864712.228095,60.913700103759766,blowing_bubbles,mixed_social_nonsocial_movie,mixed,1750,1,0.5080043666314585,0.4135782565870893,0.4607913116092739,1,0,0.5720798134803773,0.637750256061554,-0.02253364875917496,0.25044022812436434,-5.901620094709004,0.5755835473537445,0.6886167228221893,0.0010154383945146193,0.0008590781307398435,0.0013191052675713855,0.11953683992375187
1781864712.2631161,60.948721170425415,blowing_bubbles,mixed_social_nonsocial_movie,mixed,1751,1,0.4990478619437266,0.4119028280350932,0.4554753449894099,1,0,0.572160518169403,0.6376778125762939,-0.025821310002784877,0.25396447942659767,-6.165724612687551,0.5758525729179382,0.6876994967460632,0.0009558652775969174,5.957311691770191e-05,0.0003719664358855687,0.11905723795814177
1781864712.297859,60.98346400260925,blowing_bubbles,mixed_social_nonsocial_movie,mixed,1752,1,0.5023705986049951,0.41133630876153265,0.4568534536832639,1,0,0.5721979975700379,0.6377004146575928,-0.024871798494434192,0.2530783934915149,-6.036990431376826,0.5758147984743118,0.6879977881908417,0.00030067373450185983,0.0006551915430950576,0.00032923741179023697,0.11927230605479747
1781864712.332393,61.0179979801178,blowing_bubbles,mixed_social_nonsocial_movie,mixed,1753,1,0.47905209146106426,0.4078231214802203,0.4434376064706423,1,0,0.5722241401672363,0.6377637445926667,-0.021352373055693367,0.25236346325125564,-5.774144446562535,0.5756316035985947,0.6881476938724518,0.00023671095426282604,6.396278023903379e-05,0.0029889636231593903,0.12041657107776828
1781864712.366737,61.0523419380188,blowing_bubbles,mixed_social_nonsocial_movie,mixed,1754,1,0.48655782891965754,0.40680412667146065,0.4466809777955591,1,0,0.5724002897739411,0.6381204724311829,-0.021341026404392806,0.25175353539765405,-5.674846174791866,0.5758937150239944,0.6887251436710358,0.0006341535060297221,0.00039744255176689603,0.003460063140056293,0.12116169342529044
1781864712.401694,61.08729910850525,blowing_bubbles,mixed_social_nonsocial_movie,mixed,1755,1,0.4824629466852653,0.41927200447252655,0.45086747557889595,1,0,0.572280114889145,0.6377054929733277,-0.02281355759828465,0.25182458482165465,-5.978440401692236,0.5759128630161285,0.6880300343036652,0.0006953730496712759,6.121954364155381e-05,0.00032083567652807694,0.12064981107835862
1781864712.4347332,61.12033820152283,blowing_bubbles,mixed_social_nonsocial_movie,mixed,1756,1,0.47626673272938647,0.4150318634128674,0.44564929807112696,1,0,0.5723228693008423,0.6377543032169342,-0.01939054455028783,0.25082256675887715,-5.72198123509141,0.5758607983589172,0.6883557438850403,0.0003298445996679161,0.00036552845000335977,0.0003776832710126688,0.1215627275077173
1781864712.469577,61.155182123184204,blowing_bubbles,mixed_social_nonsocial_movie,mixed,1757,1,0.48635799134316665,0.4134677252067275,0.4499128582749471,1,0,0.5723525047302247,0.6375698983669281,-0.01768317083325888,0.2520957506963178,-5.709029527450703,0.5756994336843491,0.6868197023868561,0.0015444941056353915,0.0012146495059674753,0.0012090822171778588,0.12172605013680987
1781864712.506786,61.19239115715027,blowing_bubbles,mixed_social_nonsocial_movie,mixed,1758,1,0.472666674555436,0.4287177437063437,0.4506922091308898,1,0,0.5719595193862914,0.6376683235168457,-0.02237566820042777,0.2534822158310327,-5.803050987504114,0.5755414664745331,0.6870031356811523,0.00024207728690115802,0.0013024168187342334,0.0013361027938226127,0.12093004012355552
1781864712.5378702,61.223475217819214,blowing_bubbles,mixed_social_nonsocial_movie,mixed,1759,1,0.4755491106039764,0.4288900664887635,0.45221958854636995,1,0,0.5719027101993561,0.6381304860115051,-0.01690554367570666,0.2519008302154485,-5.824157295381366,0.5754494965076447,0.6876330971717834,0.0006366395797369344,0.00039456229283577635,0.0015306967485818716,0.12102861365324775
1781864712.5747478,61.26035284996033,blowing_bubbles,mixed_social_nonsocial_movie,mixed,1760,1,0.486431008628509,0.4218189834163249,0.45412499602241696,1,0,0.5718641340732574,0.6382859945297241,-0.014736501282529723,0.25345162117847236,-6.3014328403144475,0.5752403289079666,0.6874355375766754,0.00028771666335880206,0.00034892291637813233,0.0021029930310210387,0.1199028475985989
1781864712.6070058,61.29261088371277,blowing_bubbles,mixed_social_nonsocial_movie,mixed,1761,1,0.500182258165832,0.4240128120260992,0.4620975350959656,1,0,0.5716959834098816,0.6382996618747712,-0.016777588537476244,0.25355641449035493,-6.302948127217924,0.5754219740629196,0.687917560338974,0.0005151125175064742,0.0002273958541476721,0.0020182192503334358,0.11927497429282781
1781864712.642848,61.328453063964844,blowing_bubbles,mixed_social_nonsocial_movie,mixed,1762,1,0.4796987795471167,0.42454887620524806,0.4521238278761824,1,0,0.5718764424324035,0.6380605280399323,-0.013459431015632555,0.25221870788279366,-6.091292658499336,0.5753680467605591,0.688163548707962,0.0002518301642323239,0.00026328235327415027,0.001114142074823262,0.11967824964487293
1781864712.675776,61.36138105392456,blowing_bubbles,mixed_social_nonsocial_movie,mixed,1763,1,0.48475058835693813,0.4269976311844333,0.4558741097706857,1,0,0.5718521177768707,0.6383451342582702,-0.012517920505626612,0.2543421734458982,-6.113148386707279,0.5752384215593338,0.687550812959671,0.0006262968864895029,0.00037446672225717903,0.0027673261474021817,0.11959076068640034
1781864712.7106402,61.39624524116516,blowing_bubbles,mixed_social_nonsocial_movie,mixed,1764,1,0.482073570534013,0.42622311211831465,0.45414834132616383,1,0,0.5719111800193786,0.6383639395236969,-0.012233109534984058,0.25379972216059893,-6.02365459472422,0.5752697288990021,0.6883140504360199,0.000763879306448674,0.0001375824199591711,0.003410352926858862,0.11931127289923012
1781864712.7459059,61.43151092529297,blowing_bubbles,mixed_social_nonsocial_movie,mixed,1765,1,0.48407479905389234,0.42709556614062355,0.45558518259725794,1,0,0.5720746219158173,0.6383584618568421,-0.01329643861804168,0.2543287622245164,-6.087870392728754,0.5756186097860336,0.6885870695114136,0.00044300935527903125,0.00032086995116964277,0.0013741037255855053,0.11944605128079912
1781864712.779972,61.465577125549316,blowing_bubbles,mixed_social_nonsocial_movie,mixed,1766,1,0.49399589107146924,0.42295170297755297,0.4584737970245111,1,0,0.5721552431583405,0.6382116734981537,-0.01254284678511327,0.25677071017342507,-6.004851287561156,0.5755810290575027,0.68773153424263,0.0008563602672295616,0.0004133509119505304,0.0040678040309757866,0.11911352104021158
1781864712.813186,61.498790979385376,blowing_bubbles,mixed_social_nonsocial_movie,mixed,1767,1,0.4760471080120224,0.4216866036476709,0.44886685582984664,1,0,0.5720572113990784,0.638040190935135,-0.012599553012766662,0.254373216041839,-5.8104516980730745,0.575646311044693,0.6870289444923401,0.0007056161102638994,0.00015074415696566222,0.0035106781169841395,0.11924730513773901
1781864712.849644,61.53524899482727,blowing_bubbles,mixed_social_nonsocial_movie,mixed,1768,1,0.473490138481152,0.41264826087090445,0.4430691996760282,1,0,0.572230088710785,0.6381538271903991,-0.01194777604527963,0.25446972937953355,-5.574762021987187,0.5756464004516602,0.6876822710037231,0.000653326517500676,5.228959276322345e-05,0.0017875287303529795,0.12045286409824406
1781864712.883053,61.568658113479614,blowing_bubbles,mixed_social_nonsocial_movie,mixed,1769,1,0.4658870303749205,0.41870941004956735,0.44229822021224396,1,0,0.5722800254821778,0.6383357346057892,-0.012332700028693641,0.25348287710338097,-5.829219466416166,0.5755622982978821,0.687882125377655,0.00021682929472240784,0.00043649722277826816,0.005090736160019446,0.12008304047066802
1781864712.917684,61.60328912734985,blowing_bubbles,mixed_social_nonsocial_movie,mixed,1770,1,0.4749514122907547,0.43329856397388483,0.4541249881323198,1,0,0.5716444194316864,0.6386161327362061,-0.010834084853228653,0.2536657094109837,-5.713553024591897,0.5755839645862579,0.6889231204986572,0.0010412205674122871,0.0008243912726898793,0.00026400543018182245,0.11970135882283903
1781864712.952516,61.638121128082275,blowing_bubbles,mixed_social_nonsocial_movie,mixed,1771,1,0.4791151653938454,0.4301280695489943,0.4546216174714198,1,0,0.5701281785964966,0.6402976393699646,-0.010294362894156318,0.2507225389049265,-5.68476285032749,0.5755796283483505,0.6903687715530396,0.0014456575576518513,0.00040443699023956416,0.0008624895491134916,0.1221464064194202
1781864712.986721,61.67232608795166,blowing_bubbles,mixed_social_nonsocial_movie,mixed,1772,1,0.48514260194397235,0.42961892342116753,0.45738076268256994,1,0,0.5699446558952331,0.640365070104599,-0.010569802446962588,0.2514062409159384,-5.785481840579197,0.5753930956125259,0.6906681954860687,0.000352773515452711,0.0010928840421991401,0.000887410426588259,0.12184913622700522
1781864713.019527,61.70513200759888,blowing_bubbles,mixed_social_nonsocial_movie,mixed,1773,1,0.4902519751825519,0.43878132951545473,0.4645166523490033,1,0,0.5699966549873352,0.6404673874378204,-0.013331725163373331,0.25011302875830976,-5.825025970302223,0.5754278749227524,0.6906467378139496,4.086602638622366e-05,0.00031190748906648733,0.000690611607038513,0.12122341345210699
1781864713.056652,61.7422571182251,blowing_bubbles,mixed_social_nonsocial_movie,mixed,1774,1,0.4810935446671397,0.4433080179035351,0.46220078128533737,1,0,0.5699997067451477,0.6407215237617493,-0.013004017064045465,0.2507001829098955,-5.571963148778218,0.5756990313529968,0.6909568309783936,0.0004119266685925856,0.00037106064220636197,0.00014905145276437935,0.12172252293807714
1781864713.090348,61.7759530544281,blowing_bubbles,mixed_social_nonsocial_movie,mixed,1775,1,0.4862167411705444,0.43147258523666926,0.45884466320360684,1,0,0.5700636625289917,0.6405817866325378,-0.01187436233293182,0.25049513893013564,-6.008901066633538,0.5759714692831039,0.6903916895389557,0.0006273812814636356,0.00021545461287104999,0.00019369561889917293,0.1211337244272662
1781864713.124769,61.81037402153015,blowing_bubbles,mixed_social_nonsocial_movie,mixed,1776,1,0.4999060008614846,0.44350048344086646,0.47170324215117554,1,0,0.570119297504425,0.6404339492321014,-0.009554114264340679,0.2512846342695416,-6.195059155139415,0.5755142271518707,0.6899488270282745,0.0006365513097476955,9.170028284059958e-06,0.0006580479583620864,0.12054429859570938
1781864713.1592388,61.84484386444092,blowing_bubbles,mixed_social_nonsocial_movie,mixed,1777,1,0.47025238556989174,0.40706355335306593,0.43865796946147884,1,0,0.5719074428081512,0.638798463344574,-0.011103637506829718,0.25413574672727673,-5.983904872445927,0.5755915343761444,0.6886548101902008,0.0012963240274496328,0.0006597727177019373,0.0004152502426084566,0.12050158764316989
1781864713.1941388,61.879743814468384,blowing_bubbles,mixed_social_nonsocial_movie,mixed,1778,1,0.47193296778638233,0.41153837624973627,0.4417356720180593,1,0,0.5722741842269897,0.6389665484428406,-0.012922764031664112,0.253309071021219,-5.87229044573776,0.575854018330574,0.6890401542186737,0.0004662486960976274,0.0008300753313520054,0.00012361321553207923,0.12052185367689976
1781864713.226274,61.91187906265259,blowing_bubbles,mixed_social_nonsocial_movie,mixed,1779,1,0.4739784852884396,0.40969251780140276,0.4418355015449212,1,0,0.572463995218277,0.638584554195404,-0.012326594707904807,0.25577043617533246,-6.209943360214374,0.575867235660553,0.6885793805122375,0.0004609632375305934,5.28545856703401e-06,0.00022727237388032244,0.11949375011153031
1781864713.2630248,61.94862985610962,blowing_bubbles,mixed_social_nonsocial_movie,mixed,1780,1,0.4786452148292979,0.42003917858146755,0.4493421967053827,1,0,0.572317373752594,0.6389061272144319,-0.013722079167112669,0.2555560981516074,-6.068034389548512,0.5759892612695694,0.6883938312530518,0.00022207831240403389,0.0002388849251265595,0.00019740667962220008,0.11960259240661046
1781864713.296648,61.982253074645996,blowing_bubbles,mixed_social_nonsocial_movie,mixed,1781,1,0.4765859435671369,0.4274239128751949,0.4520049282211659,1,0,0.5724560558795929,0.6392851531505584,-0.018432714369477535,0.25669997641308023,-6.220157284443175,0.5763702690601349,0.6877899467945099,0.0007140331755177798,0.0004919548631137459,0.0002577181521279209,0.11924139130047111
1781864713.330942,62.016546964645386,blowing_bubbles,mixed_social_nonsocial_movie,mixed,1782,1,0.4600087732603121,0.4097576840873233,0.4348832286738177,1,0,0.5726504147052764,0.6389234840869904,-0.01570139789649897,0.2533853300697229,-6.057258836976967,0.57640241086483,0.6881500482559204,0.0003615330664255399,0.00035250010909223986,0.0001709972889513884,0.11936956612148172
1781864713.3654752,62.05108022689819,blowing_bubbles,mixed_social_nonsocial_movie,mixed,1783,1,0.4586341156920876,0.4168146431138646,0.43772437940297615,1,0,0.5727706670761108,0.639298164844513,-0.016705867079233282,0.2523945534885501,-5.9563693366338795,0.5764611661434174,0.688506007194519,0.00036077548244045263,7.575839850872774e-07,0.0009040997622305862,0.11917052301107162
1781864713.39953,62.085134983062744,blowing_bubbles,mixed_social_nonsocial_movie,mixed,1784,1,0.4752649501658096,0.41862594985919527,0.4469454500125024,1,0,0.5727705895900727,0.6398852646350861,-0.020249231870361328,0.25249403580112395,-6.240068883805453,0.5767730176448822,0.6889688372612,0.0005580887291369818,0.00019731324669652916,0.001570800252047346,0.11869964024989295
1781864713.433506,62.11911106109619,blowing_bubbles,mixed_social_nonsocial_movie,mixed,1785,1,0.4774799366198341,0.4241702873190196,0.4508251119694269,1,0,0.5728407502174377,0.6403118908405303,-0.020447281696537804,0.2525171304819895,-5.6894387769020955,0.5767221748828888,0.6902240514755249,0.0012562434916410603,0.0006981547625040785,0.0016395754459163632,0.11919197234066414
1781864713.468931,62.15453600883484,blowing_bubbles,mixed_social_nonsocial_movie,mixed,1786,1,0.4922333153425987,0.4180047382972995,0.4551190268199491,1,0,0.5727136135101318,0.6399783432483672,-0.021401803675735447,0.25285048196294424,-5.683597309986502,0.5769060254096985,0.6901041567325592,0.00021948978472587799,0.0010367537069151823,0.0021683991225050487,0.1194581843277772
1781864713.5368052,62.22241020202637,blowing_bubbles,mixed_social_nonsocial_movie,mixed,1787,1,0.4858844331660742,0.40637050545255415,0.4461274693093142,1,0,0.572722041606903,0.639667773246765,-0.02136564108734215,0.2519560129851235,-5.7838880089706075,0.5770450830459595,0.6901548206806183,0.00014799953322705494,7.149025149882305e-05,0.0008138329471296047,0.1196886166018595
1781864713.572025,62.25763010978699,blowing_bubbles,mixed_social_nonsocial_movie,mixed,1788,1,0.5056357820725812,0.40850999635756713,0.45707288921507416,1,0,0.5727441430091857,0.6394002497196198,-0.020361278070359902,0.2546684083362544,-5.8464463389354835,0.5770664364099503,0.6896969079971313,0.00045841028768116884,0.0003104107544541139,0.0002427260765633909,0.11887219832125033
1781864713.6065652,62.29217028617859,blowing_bubbles,mixed_social_nonsocial_movie,mixed,1789,1,0.48097018095321137,0.40989203120984374,0.4454311060815276,1,0,0.5726481258869172,0.6395904004573822,-0.019790083838871302,0.2544998868982635,-6.021399809498674,0.5770717412233353,0.6898253262042999,0.00012852772843803737,0.0003298825592431315,0.00022440030414605427,0.11905009651918434
1781864713.640652,62.32625699043274,blowing_bubbles,mixed_social_nonsocial_movie,mixed,1790,1,0.5092278272854771,0.42030806527597636,0.4647679462807267,1,0,0.5725891590118408,0.6397575557231903,-0.02274258925137943,0.25416529829333734,-6.014179978643201,0.5770232081413269,0.689974844455719,0.00015719786117071003,2.8670132732672653e-05,0.00021661267211578396,0.11834677161669897
1781864713.674895,62.36050009727478,blowing_bubbles,mixed_social_nonsocial_movie,mixed,1791,1,0.4962921708842253,0.4163857016568861,0.45633893627055566,1,0,0.5723516643047333,0.6400132119655609,-0.017836499063491298,0.2539710441738022,-6.105111570637764,0.5765020698308945,0.6893492937088013,0.0008141860202494852,0.0006569881590787752,0.0029167951722640366,0.1185748033005672
1781864713.709424,62.395029067993164,blowing_bubbles,mixed_social_nonsocial_movie,mixed,1792,1,0.487250811225415,0.4168437786099731,0.4520472949176941,1,0,0.5721341252326966,0.6399712443351746,-0.015863831227120075,0.2538198991585011,-6.231723296833168,0.5763120949268341,0.6898669898509979,0.0005514524093863803,0.0002627336108631049,0.00024788718712328976,0.11776799361691598
1781864713.7444758,62.43008089065552,blowing_bubbles,mixed_social_nonsocial_movie,mixed,1793,1,0.46987266686144213,0.4167166466089324,0.44329465673518725,1,0,0.572292160987854,0.6399274826049806,-0.014992948319076927,0.25312277985531406,-6.255963402103616,0.5760791301727295,0.6892017126083374,0.0007048874990074735,0.00015343508962109326,0.0004416985863680452,0.11938746338450396
1781864713.7794912,62.46509623527527,blowing_bubbles,mixed_social_nonsocial_movie,mixed,1794,1,0.49281482870558235,0.42468691966983974,0.45875087418771104,1,0,0.5720305144786835,0.6396617472171784,-0.017730988368709497,0.2535774774971934,-6.168371355663545,0.5764304995536804,0.6903239488601685,0.0011759569068608138,0.00047106940785334025,0.00035144531044429905,0.11779679626058037
1781864713.8131049,62.49870991706848,blowing_bubbles,mixed_social_nonsocial_movie,mixed,1795,1,0.48893561197283897,0.41101821521256954,0.44997691359270425,1,0,0.572210294008255,0.6399426758289337,-0.019124193946557424,0.2518752449269629,-5.829646185894519,0.5765129029750824,0.6900144517421722,0.000320279237395613,0.0008556776694652007,0.00023191935113067857,0.11931323402710095
1781864713.847017,62.53262209892273,blowing_bubbles,mixed_social_nonsocial_movie,mixed,1796,1,0.4918486802073188,0.4142427922723061,0.4530457362398125,1,0,0.5723393261432648,0.6398514330387115,-0.02097884318956017,0.2520619193180943,-5.583483631967325,0.5763736069202423,0.6901282668113708,0.00017988124101944814,0.00014039799637616487,0.0002285774516498002,0.11959093106770423
1781864713.882782,62.568387031555176,blowing_bubbles,mixed_social_nonsocial_movie,mixed,1797,1,0.4806903523935793,0.4157645048379003,0.44822742861573983,1,0,0.572371906042099,0.640170407295227,-0.0217651913404349,0.25134672846292017,-5.645566497586869,0.5764573514461517,0.6901448965072632,8.537969550932861e-05,9.450154551011953e-05,0.001570525595894913,0.11940926021015708
1781864713.9163399,62.60194492340088,blowing_bubbles,mixed_social_nonsocial_movie,mixed,1798,1,0.5164935482426463,0.41884139586644886,0.46766747205454756,1,0,0.5724349081516267,0.640003502368927,-0.02067576150827117,0.251779871529977,-5.757818480037998,0.5761467516422272,0.6898724436759949,0.0004131619337064996,0.00032778223819717096,0.001860792821185214,0.11919760321309816
1781864713.949465,62.63507008552551,blowing_bubbles,mixed_social_nonsocial_movie,mixed,1799,1,0.504450063556757,0.41840784413177307,0.4614289538442651,1,0,0.5722449600696564,0.6403340816497802,-0.02105955592651118,0.25258449254873755,-6.0945005557046485,0.576056718826294,0.6894695460796356,0.00041283456867967095,3.273650268286409e-07,0.004363115530863645,0.1189312261595731
1781864713.984778,62.67038297653198,blowing_bubbles,mixed_social_nonsocial_movie,mixed,1800,1,0.4877730001382713,0.4215370592314616,0.4546550296848665,1,0,0.57208371758461,0.639714241027832,-0.017885229975750348,0.2540592851929793,-6.4542554657235565,0.576146587729454,0.6893237233161926,0.0001712912668332794,0.00024154330184639157,0.0015599052576628623,0.11853277617544172
1781864714.020139,62.70574402809143,blowing_bubbles,mixed_social_nonsocial_movie,mixed,1801,1,0.4926551078302822,0.41466715783064123,0.4536611328304617,1,0,0.572113299369812,0.6394359111785889,-0.020183808398568343,0.25342731922692563,-5.7810795770773,0.5764793306589127,0.6888665854930878,0.0005654138717945924,0.00039412260496131304,0.002876361727467032,0.11920205490590738
