timestamp,elapsed_time,stimulus_id,stimulus_type,paper_category,frame_index,face_detected,left_ear,right_ear,avg_ear,eye_open,blink_state,gaze_x,gaze_y,yaw_proxy,pitch_proxy,roll_proxy_deg,head_center_x,head_center_y,head_movement,head_acceleration,mouth_open,eyebrow_signal
1781864651.932916,0.618520975112915,floating_bubbles,nonsocial_movie,non_social,0,1,0.43244439396858847,0.42049580438758494,0.4264700991780867,1,0,0.5919556975364685,0.6484050154685974,0.0034939762947804524,0.27644231211867754,1.0885410136630382,0.5920652449131012,0.6793137788772583,0.0,0.0,0.0011895561884591001,0.13249778745722565
1781864651.969416,0.6550209522247314,floating_bubbles,nonsocial_movie,non_social,1,1,0.4092632580731705,0.4247741147650966,0.41701868641913353,1,0,0.5911309123039246,0.648011463880539,-0.0055305107557255965,0.2708559132983872,0.7829737600545739,0.5925007909536362,0.689373791217804,0.010069436361850476,0.010069436361850476,0.0003550963705361215,0.12762157434377291
1781864652.001827,0.687432050704956,floating_bubbles,nonsocial_movie,non_social,2,1,0.43705160149775996,0.43993777040867904,0.4384946859532195,1,0,0.5909187436103821,0.6485141277313232,-0.009457859597242747,0.2673908090995081,0.8674611692000195,0.5923930257558823,0.6922516524791718,0.002879878257414433,0.0071895581044360436,0.0016579929606407734,0.12303870471566779
1781864652.036813,0.7224180698394775,floating_bubbles,nonsocial_movie,non_social,3,1,0.43459042122606223,0.43730393980280613,0.43594718051443415,1,0,0.5911094188690185,0.6485691070556641,0.000657970878293196,0.2675198605905074,0.5096763403480542,0.5912924408912659,0.6913775205612183,0.0014054869811591054,0.0014743912762553275,0.0013347349415084658,0.12262080347680596
1781864652.0692601,0.7548651695251465,floating_bubbles,nonsocial_movie,non_social,4,1,0.42814969427853194,0.424232121558762,0.426190907918647,1,0,0.5898792505264282,0.6501371502876281,0.002221360216931486,0.2678016088523,0.1587030229928599,0.5912350863218307,0.6917905509471893,0.0004169935807305653,0.0009884934004285402,0.0008763427654986239,0.12357767058277236
1781864652.1032362,0.7888412475585938,floating_bubbles,nonsocial_movie,non_social,5,1,0.43118041680164854,0.40003135359000525,0.41560588519582686,1,0,0.5887644708156585,0.6513536810874938,0.003130556168528086,0.2662193017880756,0.3120325565254573,0.5909747630357742,0.6928170919418335,0.0010590347619168579,0.0006420411811862926,0.0006535726009327227,0.12567816392335926
1781864652.13836,0.8239650726318359,floating_bubbles,nonsocial_movie,non_social,6,1,0.4396647445310652,0.4340218421385972,0.4368432933348312,1,0,0.588446420431137,0.6510670721530915,0.004336515575229574,0.2642821426329065,0.668118576607967,0.5907162129878998,0.6937294006347656,0.0009482379861909194,0.00011079677572593848,0.001869063556152281,0.12309863405307063
1781864652.171803,0.8574080467224121,floating_bubbles,nonsocial_movie,non_social,7,1,0.43934032877235407,0.4047089808561011,0.4220246548142276,1,0,0.5885935485363007,0.6517270863056184,0.0025593936637346654,0.2650863290879411,0.4212479906347799,0.5908485054969788,0.6935355365276337,0.00023470108647486736,0.0007135368997160521,0.0015162242033191263,0.12471888014226257
1781864652.206551,0.8921561241149902,floating_bubbles,nonsocial_movie,non_social,8,1,0.448215386111978,0.3888253255217225,0.4185203558168502,1,0,0.5885154485702515,0.6516736924648285,0.005132712918356226,0.26492295060169,0.20109594864803784,0.5907420516014099,0.6935001611709595,0.00011217775065319143,0.00012252333582167595,0.0011883347531706288,0.12495701113399668
1781864652.2408059,0.9264109134674072,floating_bubbles,nonsocial_movie,non_social,9,1,0.45598281112192135,0.40887540929546273,0.432429110208692,1,0,0.5883111178874969,0.6524146199226379,0.0038664811305856236,0.2633096906084978,0.22947795959781792,0.5904386937618256,0.6948012709617615,0.0013360062374697635,0.001223828486816572,0.0015814997673838,0.1252273845507277
1781864652.275414,0.9610190391540527,floating_bubbles,nonsocial_movie,non_social,10,1,0.44573576061701553,0.4017677734418209,0.4237517670294182,1,0,0.5882720470428466,0.6519993126392365,0.005798929988590955,0.26367961658055533,0.7393689999349118,0.5902321487665176,0.6943394839763641,0.0005058735563054386,0.000830132681164325,0.0014686000610350906,0.12554759773668892
1781864652.309736,0.9953410625457764,floating_bubbles,nonsocial_movie,non_social,11,1,0.43917851414499515,0.40041476647149365,0.4197966403082444,1,0,0.5879168152809142,0.6523100137710571,0.003698076792222612,0.263889171742716,0.6749163646215308,0.5904476493597031,0.6948156952857971,0.0005227023214939327,1.6828765188494146e-05,0.0037108754980751937,0.12679017124961134
1781864652.344063,1.0296680927276611,floating_bubbles,nonsocial_movie,non_social,12,1,0.4062170351913739,0.38693517078904294,0.3965761029902084,1,0,0.5889538288116455,0.6511393427848816,0.0050957046917596265,0.2655767877514574,0.7311990739274592,0.5904116034507751,0.6940644085407257,0.0007521509694671909,0.0002294486479732582,0.001767224724019683,0.12616530612383076
1781864652.379253,1.0648579597473145,floating_bubbles,nonsocial_movie,non_social,13,1,0.44879986456184195,0.39662593824823084,0.42271290140503637,1,0,0.5903803884983063,0.648965471982956,0.006322928953093739,0.2642035437723724,0.6255971024403355,0.590140163898468,0.6932273805141449,0.0008799405365355438,0.0001277895670683529,0.0056216079294268894,0.1202868708093886
1781864652.414218,1.099822998046875,floating_bubbles,nonsocial_movie,non_social,14,1,0.4366596015365986,0.3826559965597411,0.40965779904816985,1,0,0.5903580009937286,0.6486783385276794,0.0076470653240617885,0.26566721561194656,0.36742074518649737,0.5901186019182205,0.6930760443210602,0.00015286452279573623,0.0007270760137398076,0.0013955696451636358,0.12094418194330149
1781864652.4482229,1.1338279247283936,floating_bubbles,nonsocial_movie,non_social,15,1,0.4891219608971292,0.4029812332897966,0.4460515970934629,1,0,0.5900102376937866,0.6486220240592957,0.006185884037670528,0.2649337130090731,0.03729017421728427,0.5896429419517517,0.6938031315803528,0.0008688545829577805,0.0007159900601620443,0.003219837125397758,0.11860765530405694
1781864652.48177,1.167375087738037,floating_bubbles,nonsocial_movie,non_social,16,1,0.4609189179217253,0.41314088997719106,0.4370299039494582,1,0,0.5900563478469849,0.6489501535892487,0.00433886665237353,0.26699771473938444,-0.008066189578532753,0.5902968943119049,0.6941642165184021,0.0007470180866860032,0.00012183649627177731,0.0017793881688305385,0.11952568288938994
1781864652.5167282,1.2023332118988037,floating_bubbles,nonsocial_movie,non_social,17,1,0.4863363658519659,0.39637339846701175,0.4413548821594888,1,0,0.5900970518589019,0.6488905906677247,0.0034515535010707014,0.26878035554957963,0.04101871833311941,0.5901987850666046,0.6923684775829315,0.0017984170118130025,0.0010513989251269991,0.001480558475919421,0.1186966623148246
1781864652.551109,1.2367141246795654,floating_bubbles,nonsocial_movie,non_social,18,1,0.47372488132309254,0.41536147684347513,0.44454317908328383,1,0,0.590287321805954,0.6492947101593017,0.006395369309217891,0.26959158235591624,0.4766597376978197,0.5903083235025406,0.692186176776886,0.00021267875500893422,0.0015857382568040682,0.001622996377326677,0.11772935443935113
1781864652.5867178,1.2723228931427002,floating_bubbles,nonsocial_movie,non_social,19,1,0.4329927875092608,0.4219831013310127,0.4274879444201367,1,0,0.5901537954807281,0.6491388022899627,0.010340537200269683,0.2680627434867549,0.8827728227282713,0.5897897779941559,0.6928649246692657,0.0008541593210144809,0.0006414805660055467,0.0012891839034236347,0.11956470797574682
1781864652.620301,1.305906057357788,floating_bubbles,nonsocial_movie,non_social,20,1,0.4594339462608149,0.42061657370557287,0.44002525998319386,1,0,0.5900938391685486,0.649144423007965,0.006664774350463307,0.26956926217314353,0.25033397764813675,0.5901066362857819,0.6926215589046478,0.0003995323170410589,0.000454627003973422,0.0016148262555163166,0.11966286268255154
1781864652.654698,1.3403029441833496,floating_bubbles,nonsocial_movie,non_social,21,1,0.4585758535681027,0.4080007862856554,0.43328831992687905,1,0,0.5898170232772828,0.6492390811443329,0.009399777176029543,0.27079594905737303,0.45545940663872375,0.5897987633943558,0.6920877695083618,0.0006162116818613898,0.0002166793648203309,0.0017633459164562355,0.11951423689078991
1781864652.689335,1.3749401569366455,floating_bubbles,nonsocial_movie,non_social,22,1,0.46991948406439304,0.4001933223347775,0.4350564031995853,1,0,0.5897352755069732,0.6494864046573638,0.009890230081128569,0.2682996495592342,0.38775807591830175,0.5893842577934265,0.6928483843803406,0.0008662273816250513,0.00025001569976366154,0.001843952219566528,0.11833159705732314
1781864652.7228842,1.4084892272949219,floating_bubbles,nonsocial_movie,non_social,23,1,0.45348721207258286,0.41400569646152974,0.43374645426705627,1,0,0.5895514369010926,0.6493643939495086,0.007689487150477072,0.2717664366528699,0.5972199678582025,0.5896061211824417,0.692046731710434,0.0008317874527508305,3.4439928874220854e-05,0.0015266554365565342,0.117556929122236
1781864652.758431,1.4440360069274902,floating_bubbles,nonsocial_movie,non_social,24,1,0.46505160503406157,0.40100641012398025,0.4330290075790209,1,0,0.5892955243587494,0.6491106808185577,0.011288067350742233,0.26892960374298996,-0.28569979144316504,0.5892648249864578,0.6927281022071838,0.0007620687942923835,6.971865845844703e-05,0.001600384684131419,0.11754011180465222
1781864652.792107,1.4777121543884277,floating_bubbles,nonsocial_movie,non_social,25,1,0.46262197768018215,0.3988796411789386,0.43075080942956034,1,0,0.5892153382301331,0.6491642653942108,0.006542402452307108,0.2706217162311993,0.20266391254813243,0.5895361453294754,0.6929005682468414,0.000321495355130289,0.0004405734391620945,0.0017655671218174585,0.11758850651997449
1781864652.826879,1.512484073638916,floating_bubbles,nonsocial_movie,non_social,26,1,0.4813713855650087,0.411170005101283,0.44627069533314584,1,0,0.589318722486496,0.6492992639541626,0.010204948954888615,0.2683715394311908,0.0764330831829358,0.5890834927558899,0.6932193338871002,0.0005536297370835327,0.00023213438195324372,0.001604709870232437,0.11765651160646015
1781864652.860909,1.5465140342712402,floating_bubbles,nonsocial_movie,non_social,27,1,0.4559339874309802,0.4045049741401183,0.4302194807855493,1,0,0.5890134334564209,0.649236935377121,0.013565880831831802,0.26900708410044,0.022451721735240442,0.5889011323451996,0.6932658553123474,0.0001882008565181566,0.0003654288805653761,0.0016368714847981528,0.11819771028302396
1781864652.894977,1.5805821418762207,floating_bubbles,nonsocial_movie,non_social,28,1,0.4615382122660477,0.4161060910833291,0.4388221516746884,1,0,0.5889457941055298,0.6496920645236969,0.010113868759053459,0.26682193618639405,-0.029727737844173062,0.5890221297740936,0.6937133371829987,0.0004635519413836023,0.0002753510848654457,0.0025729330854057475,0.11787242338910332
1781864652.930033,1.615638017654419,floating_bubbles,nonsocial_movie,non_social,29,1,0.46094392594677425,0.4151488886470601,0.4380464072969172,1,0,0.5889313280582429,0.6498501539230347,0.010167658923644988,0.26462029917137103,-0.21587523684761722,0.5889807045459747,0.6938949227333069,0.00018625080296590522,0.0002773011384176971,0.0036006744596268838,0.11868576842912947
1781864652.964034,1.6496391296386719,floating_bubbles,nonsocial_movie,non_social,30,1,0.472651471358583,0.4107726608948686,0.44171206612672576,1,0,0.5888428211212158,0.649231243133545,0.009759029607333223,0.26754523322330576,-0.648028291219495,0.5887771248817444,0.6931843757629395,0.0007391357634335363,0.000552884960467631,0.0034982367051217783,0.11743938494306401
1781864652.999001,1.6846060752868652,floating_bubbles,nonsocial_movie,non_social,31,1,0.46864026165432066,0.3983520575441341,0.4334961595992274,1,0,0.5888468801975251,0.6492233276367188,0.009540014900143189,0.2702841702349944,0.04234686274822783,0.5888761878013611,0.69281867146492,0.0003788840134300383,0.00036025175000349796,0.0016006302566673792,0.11778309727936816
1781864653.033198,1.7188031673431396,floating_bubbles,nonsocial_movie,non_social,32,1,0.4851712744344156,0.4054310779396083,0.4453011761870119,1,0,0.5887661933898926,0.6493932008743286,0.009466225199412344,0.26778036123087173,-0.12784831959135606,0.5885561406612396,0.6933246552944183,0.0005987067793283128,0.00021982276589827449,0.0036989006911049326,0.1171175585324285
1781864653.0679219,1.7535269260406494,floating_bubbles,nonsocial_movie,non_social,33,1,0.4649926985991047,0.39796810867567084,0.43148040363738777,1,0,0.5883995115756988,0.648797905445099,0.011029943514185495,0.2683661107231656,-0.17494293835613742,0.5886037051677704,0.6930557489395142,0.00027308059248025093,0.00032562618684806185,0.0029487487549935735,0.11654646007134797
1781864653.102207,1.7878119945526123,floating_bubbles,nonsocial_movie,non_social,34,1,0.48269438756547217,0.400479415471482,0.4415869015184771,1,0,0.5886326193809509,0.6488519728183746,0.007362678526178381,0.2710270171159461,-0.20984068482010726,0.5887940227985382,0.6928311586380005,0.00029438343043568054,2.1302837955429607e-05,0.001720869036988864,0.11588316725140271
1781864653.136309,1.8219139575958252,floating_bubbles,nonsocial_movie,non_social,35,1,0.43944200098331887,0.3893969446925053,0.4144194728379121,1,0,0.5886535227298737,0.6484545409679413,0.009650290175231762,0.2692380170027132,-0.5129433804474314,0.5886725932359695,0.6922660768032074,0.0005779815037514118,0.00028359807331573123,0.0041945948543019715,0.11689732314712968
1781864653.171175,1.8567800521850586,floating_bubbles,nonsocial_movie,non_social,36,1,0.4272116180898102,0.37931997753573116,0.40326579781277067,1,0,0.5883423745632171,0.647089833021164,0.010263270244569746,0.2665709765108708,-0.5580723292738372,0.588431715965271,0.6920744776725769,0.00030778578004440367,0.0002701957237070081,0.0035598126579701322,0.11562373929836305
1781864653.2075279,1.8931329250335693,floating_bubbles,nonsocial_movie,non_social,37,1,0.43899817743886194,0.4015992420260747,0.4202987097324683,1,0,0.5883123099803924,0.6464748561382294,0.008931745891099047,0.26695605153911145,-0.5397823007481013,0.5886307805776596,0.6914681792259216,0.0006381414626256668,0.0003303556825812631,0.0016413878979966233,0.11390932076352601
1781864653.23974,1.9253449440002441,floating_bubbles,nonsocial_movie,non_social,38,1,0.4371734607136749,0.400357937181424,0.41876569894754945,1,0,0.5879364967346192,0.6458416640758514,0.010024366198181672,0.2668850293295817,-0.7681455652186698,0.588400200009346,0.6919080317020416,0.0004966262168197658,0.00014151524580590096,0.0018569112879285369,0.1136292557920939
1781864653.275098,1.9607031345367432,floating_bubbles,nonsocial_movie,non_social,39,1,0.43624929362359577,0.39491786770127174,0.4155835806624337,1,0,0.5877215623855592,0.6454818725585938,0.011235816763525652,0.26498684397715566,-0.9116147335262721,0.5882283300161362,0.6917738020420074,0.0002180754369452037,0.0002785507798745621,0.001528674341476131,0.1141767110349677
1781864653.309361,1.9949660301208496,floating_bubbles,nonsocial_movie,non_social,40,1,0.4393268993324983,0.39985015871678736,0.41958852902464283,1,0,0.587533962726593,0.6449497461318969,0.01043818015023603,0.26203558974921076,-0.9996749016468883,0.5879813432693481,0.692482590675354,0.0007505889553212283,0.0005325135183760246,0.0018052317798821988,0.1149188468535644
1781864653.342787,2.0283920764923096,floating_bubbles,nonsocial_movie,non_social,41,1,0.4450880993953922,0.39491559238469426,0.4200018458900432,1,0,0.5870840013027191,0.6446849703788757,0.00708468822668147,0.26101110692012325,-0.792059488905595,0.5879047065973282,0.692506730556488,8.034869855486112e-05,0.0006702402567663672,0.0019234589392313633,0.1151835518245359
1781864653.378541,2.064146041870117,floating_bubbles,nonsocial_movie,non_social,42,1,0.4381484206551724,0.4116922850555488,0.42492035285536056,1,0,0.5870555818080903,0.6442650318145752,0.004025143498199794,0.25968587395261744,-1.0185755945386854,0.5881084501743317,0.692895770072937,0.0004391619183501964,0.0003588132197953353,0.0020588789958701226,0.11419140963353203
1781864653.4130712,2.0986762046813965,floating_bubbles,nonsocial_movie,non_social,43,1,0.4310838538523923,0.394681438938283,0.41288264639533767,1,0,0.5869766652584076,0.6432497680187226,0.00260500837863406,0.2626863332667915,-0.6198842503300036,0.5881727784872055,0.6926126480102539,0.00029033813772071174,0.00014882378062948463,0.004653450711624111,0.11395423974553864
1781864653.448307,2.1339120864868164,floating_bubbles,nonsocial_movie,non_social,44,1,0.42219907674684654,0.4152780287082252,0.4187385527275359,1,0,0.5869775831699371,0.6424702227115631,0.0045389500452898465,0.2627628161216197,-0.14271560491380564,0.588099792599678,0.6919707357883453,0.0006460481718987898,0.00035571003417807803,0.0020281091487506396,0.11485803076930015
1781864653.481298,2.166903018951416,floating_bubbles,nonsocial_movie,non_social,45,1,0.4415166173845714,0.4102738525234387,0.42589523495400505,1,0,0.5868177771568298,0.6422530472278596,0.0016571569809370778,0.26005741093945933,-0.5192040678280823,0.588188111782074,0.6917727887630463,0.00021675632125462454,0.00042929185064416523,0.006090163800097693,0.1152022269917341
1781864653.514957,2.200562000274658,floating_bubbles,nonsocial_movie,non_social,46,1,0.45148675253543763,0.4100213855239877,0.4307540690297127,1,0,0.5866264522075653,0.6414237499237061,0.0011662429659533816,0.2605675757147917,-0.4191515851877909,0.5881863534450531,0.6912318766117096,0.000540915009232267,0.0003241586879776424,0.008803074927568648,0.11536803752726338
1781864653.550144,2.2357490062713623,floating_bubbles,nonsocial_movie,non_social,47,1,0.4524125427783199,0.41879300888368415,0.43560277583100204,1,0,0.5866243541240692,0.6407465696334839,0.0029573223646415982,0.2593234031117636,-0.6178331221985652,0.5881005376577377,0.6913424432277679,0.00013996187316248337,0.0004009531360697836,0.003287344230705452,0.11474160006486095
1781864653.5830941,2.2686991691589355,floating_bubbles,nonsocial_movie,non_social,48,1,0.4505787047077562,0.4110923223227742,0.43083551351526517,1,0,0.5865053832530975,0.6398972690105438,0.001139297871315761,0.2580387792895469,-0.4610521583251714,0.5879814773797989,0.6907888352870941,0.0005662659284823618,0.0004263040553198784,0.0032857268340247,0.11513190973187154
1781864653.6183958,2.3040008544921875,floating_bubbles,nonsocial_movie,non_social,49,1,0.4288358581220281,0.4104657639868272,0.4196508110544277,1,0,0.5862766206264496,0.6381546616554261,0.002499356007186193,0.2570037763870022,0.6432029909027606,0.5875275135040283,0.689733475446701,0.0011488549052074048,0.0005825889767250431,0.005819805303641198,0.11414464099826488
1781864653.652429,2.338034152984619,floating_bubbles,nonsocial_movie,non_social,50,1,0.43242817923089766,0.38954509265219545,0.41098663594154655,1,0,0.5861219584941864,0.6371251821517945,-0.0006206259723060813,0.2574125312299261,-0.04614932965731707,0.5877858549356461,0.68890380859375,0.0008689576411862667,0.00027989726402113816,0.00719152560858552,0.1138596223695655
1781864653.687681,2.373286008834839,floating_bubbles,nonsocial_movie,non_social,51,1,0.45924495560139234,0.3923022913236101,0.42577362346250125,1,0,0.5860075414180755,0.6359250545501709,-0.004644290613347822,0.25992158524260556,0.02305459773206956,0.5881671756505966,0.6883925795555115,0.0006377778744897749,0.00023117976669649175,0.005525869111165078,0.11283418690481786
1781864653.720672,2.4062769412994385,floating_bubbles,nonsocial_movie,non_social,52,1,0.4616511332845046,0.415382595822782,0.43851686455364325,1,0,0.5858631968498229,0.6348837196826935,-0.003566592314410822,0.2580450956354026,0.09114025849437901,0.588140606880188,0.6884832382202148,9.447165208052849e-05,0.0005433062224092464,0.003574718691602105,0.11199401336784337
1781864653.757044,2.4426491260528564,floating_bubbles,nonsocial_movie,non_social,53,1,0.45672585329212256,0.40224541851295986,0.4294856359025412,1,0,0.5865609824657441,0.6345068573951722,-0.006009468768353051,0.25192912829774816,0.18372486677647515,0.5879756212234497,0.6881274282932281,0.000392200167097923,0.00029772851501739454,0.006044098113229574,0.11479190270155663
1781864653.790886,2.4764909744262695,floating_bubbles,nonsocial_movie,non_social,54,1,0.48284154513547184,0.40130587207405166,0.44207370860476175,1,0,0.5882292747497558,0.6346312642097474,-0.007188515666814612,0.2493223995205444,0.19005498903012308,0.5878854542970657,0.6875790357589722,0.0005557557433272557,0.00016355557622933266,0.01028140882796112,0.11591576005640149
1781864653.824393,2.509998083114624,floating_bubbles,nonsocial_movie,non_social,55,1,0.4831683769262104,0.42897408181770547,0.45607122937195793,1,0,0.5880952537059785,0.6346462607383727,-0.005053068715870312,0.25035475942582536,0.08136099937871644,0.5875510275363922,0.6877628564834595,0.0003816167147880493,0.00017413902853920634,0.005022980963657748,0.1166417846163812
1781864653.8595042,2.545109272003174,floating_bubbles,nonsocial_movie,non_social,56,1,0.490293342751325,0.427783494976303,0.459038418863814,1,0,0.5879024267196655,0.6345201075077056,-0.0046889509064457985,0.2547124816248595,0.0342725076834867,0.5873906463384628,0.6864997744560242,0.0012732236004250545,0.0008916068856370052,0.003041981662901013,0.11584637559492283
1781864653.8959801,2.581585168838501,floating_bubbles,nonsocial_movie,non_social,57,1,0.4874965272448892,0.41662225488976273,0.45205939106732596,1,0,0.5877642095088959,0.6343338489532471,-0.00524198459246032,0.25262497326052685,-0.06726851975540227,0.5874895006418228,0.6875382363796234,0.0010431564312499964,0.0002300671691750581,0.004656759245025641,0.11570233137112408
1781864653.928735,2.61434006690979,floating_bubbles,nonsocial_movie,non_social,58,1,0.510254445232803,0.4167984264292963,0.46352643583104963,1,0,0.5878946602344512,0.634132868051529,-0.006027272303971654,0.2532134973374728,-0.21174771364332173,0.5874051749706268,0.6868654787540436,0.0006780218592335127,0.0003651345720164837,0.005006289195294768,0.1144594646015013
1781864653.9631748,2.64877986907959,floating_bubbles,nonsocial_movie,non_social,59,1,0.5034312197344839,0.42619429906841677,0.46481275940145034,1,0,0.5878261983394624,0.6343172311782836,-0.00704981917973139,0.25302737478785003,-0.4624055001406236,0.5876632630825043,0.6865187287330627,0.00043225576981999,0.00024576608941352267,0.004961860575271781,0.11491064095376882
1781864653.997654,2.6832590103149414,floating_bubbles,nonsocial_movie,non_social,60,1,0.48384635607884513,0.4244486362928922,0.4541474961858687,1,0,0.5879441142082215,0.6342175364494324,-0.005950651255664881,0.2531153724669957,-0.04200061048625358,0.5877426415681839,0.6865283250808716,7.995644989654589e-05,0.0003522993199234441,0.005804228984047759,0.11510556068756772
1781864654.032985,2.718590021133423,floating_bubbles,nonsocial_movie,non_social,61,1,0.48691202639101133,0.42130186536855824,0.4541069458797848,1,0,0.5880606114864348,0.6344139695167541,-0.006025896809918562,0.2548769919657272,-0.19812936816392582,0.5877356976270676,0.686814159154892,0.000285918408272917,0.00020596195837637113,0.0023718775611805652,0.11542091481401832
1781864654.0674078,2.7530128955841064,floating_bubbles,nonsocial_movie,non_social,62,1,0.4910515915782961,0.42779325222649384,0.45942242190239496,1,0,0.5880537390708924,0.634585577249527,-0.006366048898485577,0.25355675677140427,-0.06708257299463917,0.5876639038324356,0.6877838373184204,0.0009723322939055087,0.0006864138856325917,0.0026569537616487836,0.1152650358435661
1781864654.102256,2.7878611087799072,floating_bubbles,nonsocial_movie,non_social,63,1,0.4907613316143857,0.42779686590174115,0.4592790987580634,1,0,0.5879017174243928,0.634684705734253,-0.005209836687614822,0.2535596180667363,-0.037890878132096635,0.5875119417905807,0.6877233386039734,0.0001635620879496223,0.0008087702059558863,0.0036267575743561768,0.11521077813383167
1781864654.134281,2.8198859691619873,floating_bubbles,nonsocial_movie,non_social,64,1,0.49476113732949606,0.41614002321844024,0.4554505802739681,1,0,0.5879426836967467,0.63482985496521,-0.004799087457517157,0.2530974029929991,-0.33032513105686834,0.5874477028846741,0.6874047219753265,0.00032502798815236205,0.00016146590020273976,0.0037861152773937938,0.11517977195831414
1781864654.1700962,2.855701208114624,floating_bubbles,nonsocial_movie,non_social,65,1,0.49629235263627114,0.42760441948266825,0.4619483860594697,1,0,0.5878844618797302,0.6349483549594879,-0.004701737740051134,0.2546393311858266,-0.42303733377888847,0.587513878941536,0.6866884827613831,0.0007192898456756932,0.0003942618575233312,0.002357223389594176,0.11489732734048483
1781864654.2047338,2.890338897705078,floating_bubbles,nonsocial_movie,non_social,66,1,0.49565125297484136,0.4144306523353944,0.4550409526551179,1,0,0.5879241466522217,0.634840214252472,-0.006479672559523466,0.25747066239853017,0.2172567251142629,0.5878113061189651,0.6863331198692322,0.0004634066367579747,0.0002558832089177185,0.004310730232753702,0.11576083832760056
1781864654.2390358,2.9246408939361572,floating_bubbles,nonsocial_movie,non_social,67,1,0.5136621024459339,0.41569550291637164,0.4646788026811528,1,0,0.5880406320095062,0.635176932811737,-0.005802580690688191,0.255065849491189,0.050363494981535056,0.587620735168457,0.687008261680603,0.0007015224534102093,0.0002381158166522346,0.004063651220481744,0.11498709656094562
1781864654.272693,2.9582979679107666,floating_bubbles,nonsocial_movie,non_social,68,1,0.4998960246570124,0.4250403861870742,0.46246820542204325,1,0,0.5881564199924469,0.6357705235481262,-0.004521832965458395,0.2541259958002787,0.0014136983271596949,0.5877660810947418,0.6876786053180695,0.0006859198426779247,1.56026107322846e-05,0.0027245133078686087,0.11481938153556025
1781864654.3066502,2.992255210876465,floating_bubbles,nonsocial_movie,non_social,69,1,0.48677466876499464,0.4177041856344377,0.45223942719971616,1,0,0.5883623540401459,0.6359357416629792,-0.0032457153820540353,0.2545947535814728,-0.1721705242343604,0.5878766477108002,0.6875965893268585,0.0001376648081424845,0.0005482550345354403,0.002600263311337517,0.11558266870343645
1781864654.3411012,3.0267062187194824,floating_bubbles,nonsocial_movie,non_social,70,1,0.4890854525829781,0.41567861176356496,0.45238203217327155,1,0,0.5883353650569916,0.6363735198974609,-0.006746585962342897,0.25556395784746955,-0.1155239868582423,0.5883083492517471,0.6881030797958374,0.0006655064354477932,0.0005278416273053087,0.00514440425916012,0.11610757313983848
1781864654.376152,3.0617570877075195,floating_bubbles,nonsocial_movie,non_social,71,1,0.5030252693288604,0.4205021605686596,0.46176371494876,1,0,0.5884211003780364,0.6368399024009705,-0.009210566119881204,0.255619327586994,-0.1271885149512409,0.5884780436754227,0.6875721514225006,0.0005573877779792312,0.00010811865746856205,0.004944772723780466,0.11645116853995323
1781864654.4112089,3.096813917160034,floating_bubbles,nonsocial_movie,non_social,72,1,0.502053344459234,0.4203994536782589,0.46122639906874646,1,0,0.5884883224964141,0.6368869602680206,-0.008956094265492948,0.2549339658793883,-0.11019384565155997,0.5884435474872589,0.688696950674057,0.0011253281047319751,0.000567940326752744,0.005919171384098729,0.11601295757604911
1781864654.445009,3.1306140422821045,floating_bubbles,nonsocial_movie,non_social,73,1,0.49188786999368994,0.4188438860638798,0.45536587802878487,1,0,0.5885904133319855,0.6368409216403961,-0.007842107931114622,0.2537512730083369,0.12578636106075572,0.5883940607309341,0.689155250787735,0.00046096413444951984,0.0006643639702824554,0.005435443283431974,0.11660360543321309
1781864654.4788961,3.164501190185547,floating_bubbles,nonsocial_movie,non_social,74,1,0.5003177643090025,0.4090215429483733,0.45466965362868794,1,0,0.5887955665588378,0.6373946487903595,-0.011460346087374243,0.2532526194161198,0.10747480123711185,0.5888162553310394,0.6896506547927856,0.0006509019961394308,0.00018993786168991093,0.005365160685841545,0.11686179827887815
1781864654.514504,3.2001090049743652,floating_bubbles,nonsocial_movie,non_social,75,1,0.4999176088529308,0.4219219599229017,0.46091978438791625,1,0,0.5890439271926879,0.6373687803745269,-0.008850625294838885,0.25270223392447544,-0.12375921418839446,0.5886651277542114,0.6897751986980438,0.00019583342108757157,0.0004550685750518592,0.006198974371237332,0.11683882229695133
1781864654.549033,3.234637975692749,floating_bubbles,nonsocial_movie,non_social,76,1,0.44668104455202917,0.3737903230052056,0.4102356837786174,1,0,0.5879592359066009,0.6385836243629456,-0.019885050905737556,0.2537776379164369,-0.05745252234038534,0.589057207107544,0.6899111270904541,0.0004149731884988346,0.00021913976741126304,0.0018852816931060354,0.11998655266312845
1781864654.582775,3.2683801651000977,floating_bubbles,nonsocial_movie,non_social,77,1,0.07380545331832772,0.06453603833469047,0.06917074582650909,0,1,0.5808584988117218,0.6441052317619325,-0.046573614793801,0.2560681764666329,0.9582330999212142,0.5885914415121078,0.6915795803070068,0.0017322452845128795,0.0013172720960140448,0.000599668213687308,0.1600701152315946
1781864654.6174889,3.303093910217285,floating_bubbles,nonsocial_movie,non_social,78,1,0.06985423251756095,0.05542812159612037,0.06264117705684066,0,1,0.5687044084072113,0.64618421792984,-0.12366552105172127,0.2447709594980625,-0.1811585345077327,0.5864655375480652,0.6893298029899597,0.0030953134963412096,0.00136306821182833,0.0017174220301596288,0.1662622452117466
1781864654.653408,3.33901309967041,floating_bubbles,nonsocial_movie,non_social,79,1,0.10384652973304491,0.07188922948641828,0.0878678796097316,0,1,0.5458584904670716,0.644471538066864,-0.2790254377588299,0.22599782061328114,-2.421620206665677,0.5828578323125839,0.6820153594017029,0.008155772316090638,0.005060458819749428,0.0014824990155955606,0.1680089521139685
1781864654.686635,3.3722400665283203,floating_bubbles,nonsocial_movie,non_social,80,1,0.413147774604615,0.1168762581390808,0.2650120163718479,1,0,0.5214392393827438,0.6410952508449554,-0.4992049559257327,0.22335786111701358,-3.777370425966479,0.5812270641326904,0.6775619983673096,0.004742555150887103,0.0034132171652035354,0.001709596610786707,0.16217515243845404
1781864654.7215161,3.407121181488037,floating_bubbles,nonsocial_movie,non_social,81,1,0.46955386692093354,0.17182473783742572,0.32068930237917964,1,0,0.4959403485059738,0.6375369012355805,-0.651216196589492,0.22837987136513468,-5.168886756726829,0.5758158564567566,0.677340567111969,0.005415736359252266,0.0006731812083651629,0.0036852786691137316,0.1627347040780663
1781864654.7544808,3.4400858879089355,floating_bubbles,nonsocial_movie,non_social,82,1,1.7526869222680312,0.29671290247052623,1.0246999123692788,1,0,0.4970317751169205,0.6173457264900207,-0.8409771871411896,0.2302685226527556,-0.04083824938470631,0.582284688949585,0.6725797057151794,0.008031911046551316,0.00261617468729905,0.003817310740752673,0.12027072726695977
1781864654.790381,3.4759860038757324,floating_bubbles,nonsocial_movie,non_social,83,1,1.4238440216053196,0.20950435655511737,0.8166741890802185,1,0,0.4962627619504929,0.6176235973834991,-0.7795267709721616,0.2266948998942783,-1.4125329355226501,0.5751602947711945,0.6764225363731384,0.008094710610938107,6.279956438679131e-05,0.007884208750843606,0.10796938916951768
1781864654.824953,3.5105581283569336,floating_bubbles,nonsocial_movie,non_social,84,0,0,0,0,0,0,0,0,0,0,0,0,0,0,0,0,0
1781864654.8583412,3.5439462661743164,floating_bubbles,nonsocial_movie,non_social,85,0,0,0,0,0,0,0,0,0,0,0,0,0,0,0,0,0
1781864654.892791,3.5783960819244385,floating_bubbles,nonsocial_movie,non_social,86,0,0,0,0,0,0,0,0,0,0,0,0,0,0,0,0,0
1781864654.92681,3.612415075302124,floating_bubbles,nonsocial_movie,non_social,87,0,0,0,0,0,0,0,0,0,0,0,0,0,0,0,0,0
1781864654.962375,3.647979974746704,floating_bubbles,nonsocial_movie,non_social,88,0,0,0,0,0,0,0,0,0,0,0,0,0,0,0,0,0
1781864654.995966,3.6815710067749023,floating_bubbles,nonsocial_movie,non_social,89,0,0,0,0,0,0,0,0,0,0,0,0,0,0,0,0,0
1781864655.031009,3.716614007949829,floating_bubbles,nonsocial_movie,non_social,90,0,0,0,0,0,0,0,0,0,0,0,0,0,0,0,0,0
1781864655.064587,3.750192165374756,floating_bubbles,nonsocial_movie,non_social,91,0,0,0,0,0,0,0,0,0,0,0,0,0,0,0,0,0
1781864655.098207,3.7838120460510254,floating_bubbles,nonsocial_movie,non_social,92,0,0,0,0,0,0,0,0,0,0,0,0,0,0,0,0,0
1781864655.1339462,3.8195512294769287,floating_bubbles,nonsocial_movie,non_social,93,0,0,0,0,0,0,0,0,0,0,0,0,0,0,0,0,0
1781864655.1672409,3.8528459072113037,floating_bubbles,nonsocial_movie,non_social,94,0,0,0,0,0,0,0,0,0,0,0,0,0,0,0,0,0
1781864655.202389,3.8879940509796143,floating_bubbles,nonsocial_movie,non_social,95,0,0,0,0,0,0,0,0,0,0,0,0,0,0,0,0,0
1781864655.239459,3.9250640869140625,floating_bubbles,nonsocial_movie,non_social,96,0,0,0,0,0,0,0,0,0,0,0,0,0,0,0,0,0
1781864655.2736819,3.95928692817688,floating_bubbles,nonsocial_movie,non_social,97,0,0,0,0,0,0,0,0,0,0,0,0,0,0,0,0,0
1781864655.306499,3.9921040534973145,floating_bubbles,nonsocial_movie,non_social,98,0,0,0,0,0,0,0,0,0,0,0,0,0,0,0,0,0
1781864655.3400111,4.02561616897583,floating_bubbles,nonsocial_movie,non_social,99,1,0.8521263547310224,0.4194219511279486,0.6357741529294855,1,0,0.47500420212745664,0.6230186879634857,-1.1466894970921016,0.22062931033572056,-19.19869650061946,0.5699862837791443,0.6610061228275299,0.016261494284200265,0.008166783673262158,0.0031696817734361664,0.09944122052217044
1781864655.375552,4.061156988143921,floating_bubbles,nonsocial_movie,non_social,100,1,0.7151296818286549,0.2749097240721896,0.49501970295042225,1,0,0.49192615449428556,0.6137755692005158,-0.9736697344809624,0.2141077281964893,-24.31700090817431,0.5723790526390076,0.6561594605445862,0.005405134420311923,0.010856359863888342,0.0035504150296129383,0.12662385992324338
1781864655.4097369,4.095341920852661,floating_bubbles,nonsocial_movie,non_social,101,1,0.6419228041279017,0.13111547677335014,0.3865191404506259,1,0,0.49759736359119416,0.6166319906711579,-0.6074021825361564,0.20427771844537604,-21.622307852175428,0.5678479969501495,0.6502818763256073,0.007421351757376976,0.002016217337065053,0.0009727235597138219,0.15362043625710017
1781864655.443413,4.129018068313599,floating_bubbles,nonsocial_movie,non_social,102,1,0.3293948687371701,0.11863786852231369,0.2240163686297419,1,0,0.5211916327476502,0.6130371868610383,-0.3987170955456257,0.2030782454798827,-13.63126006315978,0.5691811442375183,0.6627918779850006,0.012580835552849504,0.005159483795472528,0.0013842991956780236,0.15828431927736553
1781864655.4811342,4.166739225387573,floating_bubbles,nonsocial_movie,non_social,103,1,0.21377574762638066,0.15995585444301377,0.18686580103469722,1,0,0.5429915189743042,0.608356910943985,-0.28181681604008996,0.196027678561385,-8.230964897571692,0.5766061693429947,0.6679752469062805,0.009055291888782213,0.0035255436640672915,0.0005683090801540225,0.15496036391259482
1781864655.5126212,4.1982262134552,floating_bubbles,nonsocial_movie,non_social,104,1,0.2768132581441523,0.18695939192949323,0.23188632503682277,1,0,0.5608180582523346,0.6049597620964051,-0.14579012514451536,0.2053258606884205,-6.881953645954128,0.5790309906005859,0.6695303916931152,0.0028806654507744552,0.006174626438007758,0.0016175444843354462,0.14722122136184446
1781864655.548139,4.233744144439697,floating_bubbles,nonsocial_movie,non_social,105,1,0.318724171796763,0.11192866271889435,0.21532641725782867,1,0,0.5733429312705993,0.6055754005908967,-0.0306906572801701,0.2053545238880257,-7.35039576414474,0.5817831158638,0.6717889606952667,0.003560242604360118,0.0006795771535856626,0.002317413054717074,0.14774991713937619
1781864655.5815082,4.267113208770752,floating_bubbles,nonsocial_movie,non_social,106,1,0.36533886703225527,0.22391839926962337,0.29462863315093935,1,0,0.581442230939865,0.6088538885116577,0.01734300945362208,0.21146403388844429,-6.949862364151857,0.5840110629796982,0.6761564314365387,0.004902912300572544,0.0013426696962124261,0.00203971895181407,0.1402124949140751
1781864655.616639,4.302243947982788,floating_bubbles,nonsocial_movie,non_social,107,1,0.365994221748384,0.2526120060569479,0.30930311390266596,1,0,0.5866932988166809,0.615084570646286,0.04752297125627905,0.220039347482898,-5.776210082566343,0.5858449190855026,0.676304042339325,0.0018397872690660763,0.0030631250315064674,0.008297270140338034,0.13493847704750175
1781864655.651414,4.337018966674805,floating_bubbles,nonsocial_movie,non_social,108,1,0.3569002008317807,0.38805219586206685,0.3724761983469238,1,0,0.5898861348628998,0.6213937699794769,0.05940455050282919,0.22850804983562567,-5.3665357417904955,0.587192103266716,0.6813882887363434,0.005259702144010293,0.0034199148749442165,0.001810147429155933,0.1293846563216716
1781864655.684525,4.3701300621032715,floating_bubbles,nonsocial_movie,non_social,109,1,0.3797249597169373,0.4088890865623558,0.39430702313964655,1,0,0.5916172742843628,0.6268729925155639,0.052891005448123266,0.23159787002453205,-4.291854338336593,0.5896830558776855,0.6850718259811401,0.004446716939934544,0.0008129852040757489,0.001496145969792851,0.12513445530892947
1781864655.7198489,4.40545392036438,floating_bubbles,nonsocial_movie,non_social,110,1,0.4201776706134296,0.43001508291184504,0.42509637676263734,1,0,0.5937720000743866,0.6287918269634247,0.04716274944585038,0.23690011723820914,-3.6333492890463197,0.5911094844341278,0.6869530081748962,0.0023608356301824526,0.0020858813097520915,0.002555280215136075,0.12401085273389952
1781864655.7552278,4.440832853317261,floating_bubbles,nonsocial_movie,non_social,111,1,0.41367892898541614,0.4242764673420105,0.41897769816371333,1,0,0.5948385417461395,0.6306512355804443,0.04594352430990257,0.24369548859994838,-2.6317925426987903,0.5922478586435318,0.6867155730724335,0.0011628719914580747,0.0011979636387243779,0.005031211559799337,0.12370313092829467
1781864655.7880561,4.473661184310913,floating_bubbles,nonsocial_movie,non_social,112,1,0.4340953041205598,0.43395264844094045,0.4340239762807501,1,0,0.5963587522506714,0.6318023264408112,0.04452055825382436,0.247250786227534,-1.788063995840921,0.5936791300773621,0.6873609721660614,0.001570056657370773,0.00040718466591269835,0.0033109914548340846,0.12164542091027405
1781864655.821908,4.507513046264648,floating_bubbles,nonsocial_movie,non_social,113,1,0.44002667352164393,0.45483660117122243,0.4474316373464332,1,0,0.5975466787815094,0.6331431090831756,0.05108938238344841,0.24880406590630083,-0.993343298087395,0.5938083529472351,0.6867916285991669,0.000583824157827007,0.000986232499543766,0.003648046635070291,0.1215630194695816
1781864655.857367,4.542972087860107,floating_bubbles,nonsocial_movie,non_social,114,1,0.4618049124332137,0.39475495885818335,0.42827993564569855,1,0,0.5970419049263,0.6339694499969483,0.048822033844728295,0.24737537442199334,-0.8676646073537703,0.594580352306366,0.6881503462791443,0.0015627209425811354,0.0009788967847541284,0.002930971978613162,0.12211065586315177
1781864655.892035,4.577640056610107,floating_bubbles,nonsocial_movie,non_social,115,1,0.44970946511992105,0.4294413160938052,0.4395753906068631,1,0,0.5970700860023499,0.6361108005046845,0.043110884501696825,0.2498875484948552,-0.8108825187466978,0.5949394255876541,0.6889556646347046,0.000881743315901735,0.0006809776266794004,0.0027927318239340166,0.12225566392164706
1781864655.924743,4.6103479862213135,floating_bubbles,nonsocial_movie,non_social,116,1,0.49317132345094694,0.39698818651804735,0.44507975498449714,1,0,0.5973327279090881,0.6371881365776062,0.042036793275174615,0.25191547638028855,-0.7215412313321717,0.5953196138143539,0.6902099847793579,0.0013106723896551293,0.0004289290737533942,0.0021053798695153704,0.12205586610213294
1781864655.960636,4.646240949630737,floating_bubbles,nonsocial_movie,non_social,117,1,0.47340125058624066,0.4251057520472228,0.4492535013167317,1,0,0.5972227036952973,0.6371772050857545,0.038738633005148314,0.255248721331637,-0.772806369548532,0.5957759618759155,0.6899231374263763,0.000539012947157624,0.0007716594424975053,0.0048160930978183416,0.12194919811805062
1781864655.995948,4.68155312538147,floating_bubbles,nonsocial_movie,non_social,118,1,0.46467836438731336,0.41966992451457535,0.4421741444509444,1,0,0.597108817100525,0.6369362950325013,0.039045378488059695,0.25370698538538994,-0.3785210937530491,0.5955076664686203,0.6898997128009796,0.0002693160571720313,0.0002696968899855927,0.0028770058422540497,0.12144175499666937
1781864656.0286112,4.714216232299805,floating_bubbles,nonsocial_movie,non_social,119,1,0.4757633190053899,0.43064467343643165,0.4532039962209108,1,0,0.5971383452415466,0.637936133146286,0.040216714622126386,0.25472150888567263,0.41688240748311745,0.5952672064304352,0.6898510754108429,0.00024532962659104296,2.3986430580988328e-05,0.0023814855724982008,0.12144368430216965
1781864656.0627258,4.74833083152771,floating_bubbles,nonsocial_movie,non_social,120,1,0.4425154163750762,0.4446154530087961,0.44356543469193616,1,0,0.5965157508850099,0.6386573076248169,0.03663695733742467,0.25457711727179283,-0.24088836769689706,0.5946325361728668,0.6902301609516144,0.0007392646231654104,0.0004939349965743674,0.002067097359708412,0.12124984833338734
1781864656.098868,4.784472942352295,floating_bubbles,nonsocial_movie,non_social,121,1,0.44564079226781755,0.42506559934605626,0.4353531958069369,1,0,0.5961483836174011,0.639285409450531,0.031687705108292254,0.2564344866054069,0.0692046418064531,0.5947159379720688,0.6911963820457458,0.0009698139320791073,0.00023054930891369685,0.003657886453789289,0.12163546731932935
1781864656.1332428,4.818847894668579,floating_bubbles,nonsocial_movie,non_social,122,1,0.41326201733425233,0.43163571973853737,0.42244886853639485,1,0,0.5952661752700805,0.6397967517375946,0.027979063296371457,0.25441976503011987,0.7510154827208694,0.594452291727066,0.6920861601829529,0.000928016420089463,4.179751198964425e-05,0.004609949863954577,0.1222306338963607
1781864656.1672041,4.852809190750122,floating_bubbles,nonsocial_movie,non_social,123,1,0.4179666553216571,0.41863967875514163,0.41830316703839937,1,0,0.5948360025882722,0.6396405041217803,0.026153880621934012,0.2558920493088636,0.8216247035227799,0.5942925661802292,0.6915949285030365,0.0005165470101218304,0.0004114694099676327,0.002654333683183645,0.12188080777226182
1781864656.201817,4.88742208480835,floating_bubbles,nonsocial_movie,non_social,124,1,0.43105979597121324,0.43572834723054904,0.43339407160088117,1,0,0.5945619165897369,0.6396085321903229,0.02469848289590178,0.25501333669719,0.6270126812562719,0.5944838523864746,0.6913232207298279,0.00033228831866581186,0.0001842586914560185,0.0014129130540848523,0.12110952752971785
1781864656.236321,4.921926021575928,floating_bubbles,nonsocial_movie,non_social,125,1,0.4340454913131915,0.4303737085540009,0.4322095999335962,1,0,0.5946074366569518,0.639678829908371,0.01905107518025542,0.2555557803157924,0.44178780013622515,0.5944729894399643,0.6915495991706848,0.00022663892448496605,0.00010564939418084582,0.008538892007654515,0.12089723141925482
1781864656.2716439,4.95724892616272,floating_bubbles,nonsocial_movie,non_social,126,1,0.42442779705800227,0.4180102178708132,0.42121900746440777,1,0,0.5946419656276702,0.6387419283390046,0.020808182921133428,0.255959801724424,0.4661344379208634,0.5942538678646088,0.6914901435375214,0.00022704457073701654,4.056462520504972e-07,0.0047069004875282105,0.11945715713900437
1781864656.30641,4.99201512336731,floating_bubbles,nonsocial_movie,non_social,127,1,0.42041935859532814,0.40655417940546057,0.4134867690003944,1,0,0.5941738426685333,0.6377503335475921,0.021887714752983622,0.2562518426637163,0.27895162492807607,0.594253346323967,0.6908833682537079,0.0006067755079529546,0.00037973093721593805,0.004754983582306433,0.11736408774637618
1781864656.338221,5.0238261222839355,floating_bubbles,nonsocial_movie,non_social,128,1,0.41609903721874686,0.40458364772329397,0.4103413424710204,1,0,0.5942285060882568,0.6377929627895356,0.021354965977531542,0.25651227050169007,0.21568290059484463,0.5941407829523087,0.6910350918769836,0.00018891948152325113,0.00041785602642970346,0.003359856581285285,0.11750610593678358
1781864656.373816,5.059421062469482,floating_bubbles,nonsocial_movie,non_social,129,1,0.4262251520596083,0.39990214537668234,0.4130636487181453,1,0,0.5943625390529632,0.6373872935771943,0.02026814316177,0.2573634946960107,0.3177233226306323,0.5945456027984619,0.6911715567111969,0.00042720224579980874,0.0002382827642765576,0.0015957317214127273,0.11659381680398485
1781864656.408705,5.09431004524231,floating_bubbles,nonsocial_movie,non_social,130,1,0.4060044126019921,0.41818914240928884,0.41209677750564044,1,0,0.5943820059299469,0.6373618602752686,0.01796924587235864,0.2580112717856863,0.2941410043136452,0.5947361290454865,0.6908150911331177,0.0004041880245140987,2.3014221285710046e-05,0.003783090815930833,0.1157351250572845
1781864656.4417012,5.127306222915649,floating_bubbles,nonsocial_movie,non_social,131,1,0.4056995920185107,0.41769107446446513,0.4116953332414879,1,0,0.5945035636425018,0.6373733103275299,0.015711240829763214,0.2562346469717963,0.01589964112506238,0.5948726385831833,0.6912296712398529,0.00043647625225526164,3.228822774116295e-05,0.0031000327836684187,0.11618367490790799
1781864656.477696,5.16330099105835,floating_bubbles,nonsocial_movie,non_social,132,1,0.4080718753262416,0.4277332136628383,0.41790254449453995,1,0,0.5943497836589813,0.6369102060794831,0.016035030236627747,0.25537930473802106,0.7762098422537811,0.5948474854230881,0.691627025604248,0.0003981496858803765,3.832656637488513e-05,0.004589461390224975,0.11594350295879426
1781864656.512183,5.1977880001068115,floating_bubbles,nonsocial_movie,non_social,133,1,0.40450215882804086,0.42087366704666496,0.4126879129373529,1,0,0.5943298220634461,0.6366992712020874,0.013478352827276436,0.2547020003500177,1.018759792240758,0.5952766090631485,0.6915249526500702,0.00044109634597591467,4.294666009553816e-05,0.0037570986378820132,0.11574819932344636
1781864656.545641,5.231245994567871,floating_bubbles,nonsocial_movie,non_social,134,1,0.42589851131303075,0.42519133319207497,0.42554492225255286,1,0,0.5950915813446045,0.6386885166168212,0.01375177353141098,0.25124086786779604,0.4209107753353174,0.5947015881538391,0.6920091509819031,0.0007517293866097985,0.0003106330406338838,0.007485270948814984,0.11934259388919696
1781864656.57915,5.264755010604858,floating_bubbles,nonsocial_movie,non_social,135,1,0.4334165985284091,0.45098960512173036,0.4422031018250697,1,0,0.5948456287384033,0.6401996552944182,0.017378064715106247,0.2505958890599618,1.0190140038953235,0.5947176218032837,0.6930304169654846,0.0010213918381969224,0.00026966245158712397,0.0032718765320215817,0.12132897745769043
1781864656.613708,5.299313068389893,floating_bubbles,nonsocial_movie,non_social,136,1,0.427438493497356,0.44289465872563877,0.4351665761114974,1,0,0.5947152614593506,0.6402971148490906,0.014892368691780174,0.24969165968177398,0.6701020115259965,0.5947974920272827,0.6937046647071838,0.0006789619060508113,0.00034242993214611116,0.0026797871260813254,0.12157404533549082
1781864656.650632,5.336236953735352,floating_bubbles,nonsocial_movie,non_social,137,1,0.44261953608270505,0.437422254507294,0.44002089529499955,1,0,0.5951633512973785,0.6405519902706147,0.01580797904069284,0.24966706121611076,0.5415132116405289,0.5948323011398315,0.6941819787025452,0.0004785815755795776,0.00020038033047123366,0.0034201835138470828,0.12205753684421712
1781864656.682473,5.368077993392944,floating_bubbles,nonsocial_movie,non_social,138,1,0.4227222494342336,0.43896110790590376,0.4308416786700687,1,0,0.594904613494873,0.6405479192733765,0.018656594946535335,0.24946297085495417,0.7339702059129598,0.5946511328220367,0.694381982088089,0.0002698579507844614,0.0002087236247951162,0.0023962529990583627,0.12210497825938174
1781864656.7179031,5.403508186340332,floating_bubbles,nonsocial_movie,non_social,139,1,0.41115616960607815,0.4368345165343244,0.42399534307020126,1,0,0.5949108362197876,0.6402319550514222,0.020579663447593845,0.24854611251890232,1.079425817755603,0.5944325774908066,0.6944110989570618,0.00022048633714564822,4.937161363881317e-05,0.0027820891160669583,0.1226839668470095
1781864656.752003,5.437608003616333,floating_bubbles,nonsocial_movie,non_social,140,1,0.4089915567077002,0.4131473001061707,0.41106942840693544,1,0,0.5949745774269104,0.6405118525028228,0.02014290186895664,0.2496898946369123,0.9835959541393845,0.5944096893072128,0.694507896900177,9.946713396675987e-05,0.00012101920317888835,0.00207110895072313,0.12460448465003894
1781864656.785611,5.4712159633636475,floating_bubbles,nonsocial_movie,non_social,141,1,0.12444456327864481,0.08630092199620919,0.10537274263742699,0,1,0.594781243801117,0.6461735606193542,0.01576655236824074,0.25191578053851676,2.159265721602162,0.5945189148187637,0.6959277391433716,0.001424037291623142,0.0013245701576563823,0.0017612270799570128,0.1558796704135837
1781864656.822172,5.507776975631714,floating_bubbles,nonsocial_movie,non_social,142,1,0.11839854932880137,0.03744938086464898,0.07792396509672517,0,1,0.5938046753406525,0.6472230911254883,0.017477483034715458,0.2531037113412925,1.4023227400214753,0.5946006029844284,0.6951839625835419,0.000748248974180239,0.000675788317442903,0.0011363023436354936,0.16008341445726443
1781864656.8573,5.54290509223938,floating_bubbles,nonsocial_movie,non_social,143,1,0.21224274026839124,0.08421392870819681,0.14822833448829403,0,1,0.5948304653167724,0.6438014268875122,0.017348695628536148,0.25352294901467937,1.1099755085804268,0.594753235578537,0.695831686258316,0.0006654642497138894,8.278472446634968e-05,0.0023593846432560647,0.14692281202895371
1781864656.8892632,5.574868202209473,floating_bubbles,nonsocial_movie,non_social,144,1,0.34359328852748183,0.3139324448487629,0.3287628666881224,1,0,0.5957838952541352,0.6407970726490021,0.017625443479347584,0.2522557511496045,1.0111734752813748,0.5950978696346283,0.6951209008693695,0.0007899294283401662,0.00012446517862627678,0.0011623223751430144,0.130144333229463
1781864656.926421,5.61202597618103,floating_bubbles,nonsocial_movie,non_social,145,1,0.412348059501347,0.3994628913786883,0.40590547544001765,1,0,0.595507699251175,0.6399140298366547,0.016752275982442787,0.2481312200457227,0.6802112148748997,0.5950431078672409,0.6952207386493683,0.00011387024845180273,0.0006760591798883634,0.0034632437062627345,0.12194240359990594
1781864656.9586618,5.644266843795776,floating_bubbles,nonsocial_movie,non_social,146,1,0.4384741174826373,0.39805312506720386,0.41826362127492056,1,0,0.5954988241195679,0.6393741071224213,0.01605682733130774,0.24957118102248055,0.016615367628040945,0.5951308608055115,0.6942408382892609,0.0009838217795483963,0.0008699515310965936,0.0019653978706116407,0.12053664433697005
1781864656.9931898,5.678794860839844,floating_bubbles,nonsocial_movie,non_social,147,1,0.44662562207632983,0.3957571192817589,0.42119137067904433,1,0,0.5953786730766296,0.6387700974941253,0.014360863119656581,0.24938380954153316,0.3730109542142006,0.5950497388839722,0.6936330199241638,0.0006132079020230212,0.00037061387752537506,0.0027678284425650007,0.11997585224327793
1781864657.0267808,5.712385892868042,floating_bubbles,nonsocial_movie,non_social,148,1,0.4359074080336589,0.41169068474061593,0.4237990463871374,1,0,0.5952604711055756,0.6375896036624908,0.0151990180317421,0.24820653516491537,0.48413468335184434,0.5950606465339661,0.6925814151763916,0.0010516613154269092,0.00043845341340388794,0.0055033792144917855,0.11941534239211249
1781864657.0622342,5.7478392124176025,floating_bubbles,nonsocial_movie,non_social,149,1,0.44428590621075814,0.42541887102037085,0.4348523886155645,1,0,0.5952770352363587,0.6368644833564758,0.01768220994028178,0.24886216735391017,0.5502680668279517,0.5950013697147369,0.6921142935752869,0.0004708676369390605,0.0005807936784878486,0.005404137536843942,0.11872528137132836
1781864657.09636,5.781965017318726,floating_bubbles,nonsocial_movie,non_social,150,1,0.44276745367444154,0.4195591691104481,0.4311633113924448,1,0,0.595260465145111,0.6364108979701996,0.01993963834026608,0.24579030269918717,0.49340755794195096,0.5947012007236481,0.6919417679309845,0.00034621744778860536,0.00012465018915045514,0.002651566027842833,0.11965899444798721
1781864657.1354399,5.821044921875,floating_bubbles,nonsocial_movie,non_social,151,1,0.42525901389670306,0.4229435541157062,0.4241012840062046,1,0,0.5951625347137451,0.6351793110370636,0.020991001271034534,0.24583990705091607,0.3878022772737637,0.5944215655326843,0.6908439695835114,0.0011328534996812682,0.0007866360518926629,0.005340779560939412,0.119893834755707
1781864657.166742,5.852347135543823,floating_bubbles,nonsocial_movie,non_social,152,1,0.42780082260908653,0.41918754318238777,0.42349418289573715,1,0,0.5949922263622285,0.6337185680866242,0.021576333396295024,0.24699930570381684,0.3356969399962147,0.5944837629795074,0.6896466016769409,0.0011989822459386877,6.612874625741951e-05,0.006982770661021657,0.11835417605759314
1781864657.200916,5.886521100997925,floating_bubbles,nonsocial_movie,non_social,153,1,0.4503687635434146,0.42286654338339374,0.4366176534634042,1,0,0.5946955919265747,0.6337063133716583,0.019228735166436174,0.24786243285017728,0.27576071759911086,0.5948333889245987,0.6897991001605988,0.000381436874199241,0.0008175453717394468,0.007208517726796237,0.11735349737144987
1781864657.2349582,5.920563220977783,floating_bubbles,nonsocial_movie,non_social,154,1,0.4540042116563485,0.4275257434842577,0.4407649775703031,1,0,0.5943255245685577,0.6337873041629791,0.01661270553135505,0.2487476183950358,0.4720748074674471,0.5949598997831345,0.6903918385505676,0.0006060889342912865,0.00022465206009204553,0.005943087404333231,0.11683544610316672
1781864657.267874,5.953479051589966,floating_bubbles,nonsocial_movie,non_social,155,1,0.4446196419354827,0.4111030413962416,0.42786134166586215,1,0,0.594224214553833,0.6335947990417481,0.01592305239597562,0.24603233104278135,0.44258160939476926,0.5949158370494843,0.6903803646564484,4.553212868941206e-05,0.0005605568056018745,0.006638580305235981,0.1182485948939426
1781864657.30219,5.987795114517212,floating_bubbles,nonsocial_movie,non_social,156,1,0.4400606408739394,0.4040315343220795,0.42204608759800943,1,0,0.5943985760211945,0.6328401267528534,0.01544687169963117,0.24776589064870233,-0.03282047682624017,0.5949659645557404,0.6897571086883545,0.0006252685572200839,0.0005797364285306719,0.00560177755287078,0.11855185134352834
1781864657.3386471,6.02425217628479,floating_bubbles,nonsocial_movie,non_social,157,1,0.4491682851216523,0.4152676945034269,0.43221798981253956,1,0,0.5944722831249237,0.6324647068977356,0.013613439341073248,0.24873674361334966,0.3002620954210199,0.5952278524637222,0.6896554827690125,0.00028091476256906963,0.00034435379465101425,0.0028767883434077718,0.11805043601754657
1781864657.3718789,6.057483911514282,floating_bubbles,nonsocial_movie,non_social,158,1,0.44013790268319,0.4271004896237916,0.43361919615349076,1,0,0.5947560250759125,0.632207715511322,0.014193062746730172,0.24761828229611862,0.34904882072141075,0.5951499193906784,0.6890776455402374,0.0005830689726202672,0.0003021542100511975,0.007136409767426155,0.1181230773616353
1781864657.405633,6.091238021850586,floating_bubbles,nonsocial_movie,non_social,159,1,0.43976230195705396,0.41484052727184006,0.42730141461444704,1,0,0.5949148297309875,0.6318670332431793,0.014148938862908361,0.2483750951109019,0.23520566601796644,0.5952269583940506,0.6890075504779816,0.0001041552965203089,0.0004789136760999583,0.004679242057898273,0.11854678880287575
1781864657.441066,6.126671075820923,floating_bubbles,nonsocial_movie,non_social,160,1,0.4491249941633117,0.4151395068078752,0.43213225048559345,1,0,0.5950554788112641,0.6320640206336975,0.011927635163810133,0.24793400106586283,0.18626011319494676,0.595427930355072,0.6886570155620575,0.0004040599663400136,0.00029990466981970473,0.005758855254259358,0.11863948597687722
1781864657.475223,6.160828113555908,floating_bubbles,nonsocial_movie,non_social,161,1,0.44805539080121165,0.4187901981402498,0.43342279447073073,1,0,0.5950130164623261,0.6322277307510376,0.013046369931194846,0.24788486607320406,0.069750953943887,0.5955464839935303,0.6893721520900726,0.0007248966953250886,0.00032083672898507496,0.008402422112691205,0.11891431739753772
1781864657.509186,6.194791078567505,floating_bubbles,nonsocial_movie,non_social,162,1,0.4636550680180204,0.4210749138584615,0.442364990938241,1,0,0.5951820850372315,0.6321296036243439,0.01328438916305877,0.2478115627885471,0.2649236078352918,0.5956327021121979,0.6893825829029083,8.684679523732616e-05,0.0006380499000877624,0.004099976880150175,0.11847681083294659
1781864657.545145,6.23075008392334,floating_bubbles,nonsocial_movie,non_social,163,1,0.4472434443992452,0.4283365631814929,0.43779000379036903,1,0,0.5950946033000946,0.6317979514598846,0.013867617934737033,0.24639091995088824,0.7111058213092922,0.5956597328186035,0.6894958317279816,0.00011643004538888446,2.95832501515583e-05,0.004716279136357551,0.11803524248494043
1781864657.579529,6.26513409614563,floating_bubbles,nonsocial_movie,non_social,164,1,0.44589417435852585,0.42731448138683725,0.43660432787268155,1,0,0.5950640201568603,0.6316813468933106,0.014591995323572724,0.245919061483142,0.47752043184169085,0.595552921295166,0.6894002854824066,0.00014331010635160554,2.6880060962721077e-05,0.004999732838728516,0.11830797791744331
1781864657.6129751,6.298580169677734,floating_bubbles,nonsocial_movie,non_social,165,1,0.4443267905629921,0.4268904208565567,0.43560860570977444,1,0,0.5949324011802672,0.6313950181007385,0.015371349672594134,0.2457122395811815,0.3912307060065409,0.5953863710165024,0.6892798542976379,0.00020553020602267133,6.222009967106579e-05,0.004463806577431167,0.1182871949897927
1781864657.647716,6.3333210945129395,floating_bubbles,nonsocial_movie,non_social,166,1,0.4508397046217003,0.4360608599814781,0.4434502823015892,1,0,0.5948235094547272,0.6316405534744263,0.016269520240522528,0.2444841952598949,0.23916308853494977,0.5952897220849991,0.6884981691837311,0.0007876373742175456,0.0005821071681948743,0.003131831719113008,0.11863508768852175
1781864657.681422,6.367027044296265,floating_bubbles,nonsocial_movie,non_social,167,1,0.4365185795309526,0.43976633306576585,0.43814245629835924,1,0,0.5948403596878051,0.631386148929596,0.014630259769101202,0.24439194428889607,0.02205127020381937,0.5954687297344208,0.6887816488742828,0.00033526776389447246,0.00045236961032307316,0.0028689536854057318,0.11905802738877669
1781864657.747818,6.433423042297363,floating_bubbles,nonsocial_movie,non_social,168,1,0.45838289139716254,0.4415764823270775,0.44997968686212003,1,0,0.594845175743103,0.6311771452426911,0.010948323561971458,0.24582428611586246,-0.17504046423458633,0.5958114415407181,0.6886312365531921,0.00037426628022231833,3.899851632784587e-05,0.0028631841331490846,0.11806467191676528
1781864657.7846642,6.470269203186035,floating_bubbles,nonsocial_movie,non_social,169,1,0.45431414196112685,0.4445772494798227,0.44944569572047477,1,0,0.5952893376350403,0.6305464088916779,0.015822372871743328,0.24387454853269672,0.5861750142900747,0.5956704020500183,0.688894510269165,0.00029867237478385807,7.559390543846026e-05,0.0051110226528403345,0.11702818245800764
1781864657.819027,6.504631996154785,floating_bubbles,nonsocial_movie,non_social,170,1,0.46188685813839137,0.45089441701741323,0.4563906375779023,1,0,0.5955297231674195,0.6305742621421814,0.018602563169361576,0.24407257699436616,0.4761625393650717,0.5954663306474686,0.687500387430191,0.0014089796405511125,0.0011103072657672544,0.004826504426314139,0.11794621848503518
1781864657.853751,6.539355993270874,floating_bubbles,nonsocial_movie,non_social,171,1,0.46068468949743385,0.44807981724668733,0.4543822533720606,1,0,0.5955650329589843,0.6306200861930847,0.02166706141931696,0.24447979399094522,0.2038127039858917,0.59524767100811,0.68793123960495,0.0004831621201821202,0.0009258175203689923,0.0051713857417460905,0.11859271634082484
1781864657.8883688,6.573973894119263,floating_bubbles,nonsocial_movie,non_social,172,1,0.45169343142254476,0.4563040165489183,0.4539987239857315,1,0,0.5956481635570526,0.6303093254566192,0.020759264475575794,0.24150593211743543,0.18600230429423825,0.5951152890920639,0.6882895529270172,0.0003819861364852453,0.00010117598369687489,0.0014246036846723023,0.11761673473342929
1781864657.9232671,6.608872175216675,floating_bubbles,nonsocial_movie,non_social,173,1,0.45608547410841543,0.4588684899914353,0.4574769820499254,1,0,0.5957559049129486,0.6297825574874878,0.024451099809748668,0.2407294534371904,0.006543491071417251,0.5949988961219788,0.6869824826717377,0.001312242346413865,0.0009302562099286196,0.0035250843449939886,0.11748042765422148
1781864657.95728,6.642884969711304,floating_bubbles,nonsocial_movie,non_social,174,1,0.4639371039114776,0.45059112148040603,0.4572641126959418,1,0,0.5957383036613464,0.6295400142669678,0.02249914971883942,0.24061101574915308,0.43170888348516184,0.5954149514436722,0.687060534954071,0.000423313346691153,0.0008889289997227119,0.0027180605672964646,0.11782493617956231
1781864657.991182,6.6767871379852295,floating_bubbles,nonsocial_movie,non_social,175,1,0.45210687019381335,0.4456855021812063,0.4488961861875098,1,0,0.5959393382072449,0.6293987035751343,0.023798758591658527,0.2413609669080656,0.16374029570701357,0.5953069925308228,0.6860769689083099,0.0009894732402838254,0.0005661598935926724,0.0014956066288252386,0.11897075360812404
1781864658.027647,6.713252067565918,floating_bubbles,nonsocial_movie,non_social,176,1,0.4612325662726499,0.4501173202108449,0.4556749432417474,1,0,0.5962270796298981,0.6286630094051362,0.026015707438134167,0.24154132223217223,-0.18433590652113893,0.5953283458948135,0.6864480376243591,0.00037168260409134094,0.0006177906361924845,0.0010696444884589682,0.11730146408967368
1781864658.061365,6.746969938278198,floating_bubbles,nonsocial_movie,non_social,177,1,0.45651294067258763,0.4549779259913139,0.4557454333319508,1,0,0.5965196013450622,0.6284793972969056,0.023467350068158078,0.24176804245722738,-0.10160546857542145,0.5955704003572464,0.6862998008728027,0.00028383885797341824,8.78437461179227e-05,0.0011228629140414923,0.11709882665292907
1781864658.0951428,6.780747890472412,floating_bubbles,nonsocial_movie,non_social,178,1,0.4527293051182859,0.45444733296026435,0.4535883190392751,1,0,0.5963578343391418,0.6286935806274414,0.02059165911118639,0.24064732810149783,0.19928732779929634,0.595929741859436,0.6861791610717773,0.00037905181280050647,9.521295482708823e-05,0.0016349678746615942,0.11771045077964158
1781864658.129487,6.815092086791992,floating_bubbles,nonsocial_movie,non_social,179,1,0.4626833857738171,0.4644547800565472,0.4635690829151822,1,0,0.5963831961154937,0.6289799630641937,0.021122566884886774,0.24012559361176639,0.3160160832170698,0.5959819853305817,0.686374843120575,0.00020253603259413736,0.0001765157802063691,0.002198161138787731,0.1173982357160019
1781864658.163748,6.849353075027466,floating_bubbles,nonsocial_movie,non_social,180,1,0.4513657811997836,0.4554747469035807,0.4534202640516821,1,0,0.5964699029922484,0.628942894935608,0.021395721060037003,0.24148049281195752,0.21650072497535214,0.5960640013217926,0.6863608956336975,8.319348054089922e-05,0.00011934255205323815,0.004058649071783606,0.11861141857321936
1781864658.198293,6.883898019790649,floating_bubbles,nonsocial_movie,non_social,181,1,0.4447641030309499,0.4443885196404405,0.4445763113356952,1,0,0.5966001272201538,0.6292746126651765,0.019562834609577667,0.2436132324384108,0.4652660921565671,0.5963763296604156,0.6869399547576904,0.0006579197976854629,0.0005747263171445637,0.0027153272214561147,0.11856659685434658
1781864658.2327812,6.918386220932007,floating_bubbles,nonsocial_movie,non_social,182,1,0.44440327634796356,0.4566078968694896,0.4505055866087266,1,0,0.5964410066604615,0.629506802558899,0.01978624532219589,0.24218645343563375,0.4914870667680645,0.5963564366102219,0.6879790723323822,0.0010393079752793798,0.00038138817759391687,0.002225449719730994,0.11823224701734228
1781864658.267888,6.953493118286133,floating_bubbles,nonsocial_movie,non_social,183,1,0.44470393098920935,0.4506019400119286,0.44765293550056895,1,0,0.5965130150318145,0.6290666878223419,0.021368880918618507,0.24163106846906146,0.14113695109422145,0.5961581319570541,0.6874347627162933,0.0005793079437007415,0.00046000003157863826,0.003265310866671221,0.11876605515218765
1781864658.3023949,6.98799991607666,floating_bubbles,nonsocial_movie,non_social,184,1,0.44218444052580347,0.4479793948730264,0.44508191769941496,1,0,0.5964381992816925,0.6290778934955596,0.02205466908288127,0.24149421064123383,-0.09338696095874138,0.5959669202566147,0.6868190467357635,0.0006447232608373161,6.541531713657458e-05,0.002777267109623398,0.11902154861080655
1781864658.336691,7.022295951843262,floating_bubbles,nonsocial_movie,non_social,185,1,0.4464706813021822,0.46861423892307913,0.45754246011263067,1,0,0.5973759591579437,0.6315873682498931,0.023413852155977338,0.23873891090076577,0.21358044299152829,0.5956740826368332,0.6888687312602997,0.002070497650730907,0.0014257743898935908,0.0022253820453185633,0.12097279394809753
1781864658.3699641,7.055569171905518,floating_bubbles,nonsocial_movie,non_social,186,1,0.44576128118319863,0.48059377104758,0.4631775261153893,1,0,0.5974485576152802,0.6321141839027404,0.02359653150646907,0.23784923743596725,0.16634361957337937,0.5955210626125336,0.689397782087326,0.0005507357854851452,0.0015197618652457614,0.0012248609442286683,0.12194323115162738
1781864658.405353,7.090958118438721,floating_bubbles,nonsocial_movie,non_social,187,1,0.45282629828657306,0.4687027785897846,0.46076453843817883,1,0,0.5973823964595795,0.632354700565338,0.025116503882911922,0.2373777771919787,0.2578592767083908,0.5953584015369415,0.6897846460342407,0.0004196693209363278,0.00013106646454881743,0.001843340316602943,0.12209780615959936
1781864658.4402702,7.125875234603882,floating_bubbles,nonsocial_movie,non_social,188,1,0.4505709433496371,0.47038119243727594,0.4604760678934565,1,0,0.597182995080948,0.6322836875915527,0.023052278249282427,0.23944445623650473,-0.041143600346588316,0.5952714830636978,0.6895111799240112,0.0002869469191942421,0.00013272240174208572,0.0015788126452035002,0.12229364063375804
1781864658.473483,7.159088134765625,floating_bubbles,nonsocial_movie,non_social,189,1,0.46305940246266836,0.4851604597751925,0.4741099311189304,1,0,0.5969051599502564,0.6322975218296052,0.0233165494521339,0.23865042979471368,0.12321341259373672,0.595105767250061,0.6890102028846741,0.0005276738811352372,0.00024072696194099515,0.003291107280692261,0.12157328593085233
1781864658.508708,7.194313049316406,floating_bubbles,nonsocial_movie,non_social,190,1,0.45751514703047463,0.4766885437842722,0.46710184540737343,1,0,0.5966179668903351,0.6322299003601074,0.021571286463549964,0.23788259217834357,0.16124278480349863,0.5950833857059479,0.6890933811664581,8.613686828203926e-05,0.000441537012853198,0.0019686053486698595,0.12250470209622194
1781864658.5420392,7.227644205093384,floating_bubbles,nonsocial_movie,non_social,191,1,0.4558666968156268,0.47744409667036,0.4666553967429934,1,0,0.596620398759842,0.632176399230957,0.023194869943635676,0.23873239834066562,0.001367196754228704,0.5948616713285446,0.6890212297439575,0.00023315894346170055,0.0001470220751796613,0.0024035591059592457,0.12252005173383429
1781864658.577782,7.263386964797974,floating_bubbles,nonsocial_movie,non_social,192,1,0.4476917316398738,0.484449083891742,0.4660704077658079,1,0,0.5964518487453461,0.6320883274078369,0.023160875937313065,0.23710528140220816,-0.05106802183620532,0.594855010509491,0.6885734796524048,0.0004477996326438282,0.00021464068918212764,0.001226258346322361,0.12343751351274455
1781864658.6110342,7.2966392040252686,floating_bubbles,nonsocial_movie,non_social,193,1,0.4503105874133722,0.4847367705673427,0.46752367899035746,1,0,0.5963101148605346,0.6321105301380158,0.02405557310337882,0.23838168340109658,0.08273492610638741,0.5947481840848923,0.6888906061649323,0.0003346357869989003,0.00011316384564492789,0.0017268092083969557,0.12296363125969541
1781864658.647393,7.332998037338257,floating_bubbles,nonsocial_movie,non_social,194,1,0.45679075173653144,0.48523989626752784,0.4710153240020296,1,0,0.5962180674076081,0.6322448790073395,0.021179625189375474,0.23918969867388687,-0.15178011642782432,0.5949134081602097,0.6885395646095276,0.00038798088701044194,5.3345100011541636e-05,0.0025875570552874225,0.12253820932660099
1781864658.681687,7.367292165756226,floating_bubbles,nonsocial_movie,non_social,195,1,0.45667646362938463,0.47074024998782815,0.4637083568086064,1,0,0.5962326645851135,0.6323165357112884,0.02467300916942067,0.2388904712588789,-0.055714155647974446,0.5947044342756271,0.6884330213069916,0.0002345667490348709,0.00015341413797557104,0.0030785174724869786,0.12331866663998073
1781864658.715841,7.401446104049683,floating_bubbles,nonsocial_movie,non_social,196,1,0.44980897674272313,0.47769592906843583,0.4637524529055795,1,0,0.5962337911128998,0.6322662830352783,0.025682542867165065,0.2377522070401765,-0.025492162197026276,0.5945510119199753,0.6889125108718872,0.0005034368501188256,0.00026887010108395473,0.001961806928229847,0.12367266957256737
1781864658.748275,7.433880090713501,floating_bubbles,nonsocial_movie,non_social,197,1,0.4543417072251984,0.4645994296681804,0.45947056844668943,1,0,0.5962204694747926,0.6322173833847047,0.023520194743927733,0.2400843327370889,-0.19741743920781837,0.594714805483818,0.688196450471878,0.0007345548502444104,0.00023111800012558476,0.0010015735336747632,0.12335461020104337
1781864658.783705,7.46931004524231,floating_bubbles,nonsocial_movie,non_social,198,1,0.4537552197868193,0.4622620241097511,0.4580086219482852,1,0,0.5961308062076569,0.6323000013828277,0.022737678803597373,0.23946048462477287,-0.2683554089081034,0.5947615206241608,0.688644677400589,0.0004506547280999936,0.0002839001221444168,0.003759658927973501,0.12368752844204975
1781864658.819988,7.5055930614471436,floating_bubbles,nonsocial_movie,non_social,199,1,0.4466704530651033,0.48508385800083104,0.46587715553296716,1,0,0.5955754518508911,0.6324156999588013,0.026942156826562064,0.2392272078441574,0.056144191206317744,0.5944892019033432,0.6887609660625458,0.0002961089978494664,0.00015454573025052717,0.00203754619440591,0.12295265495878989
1781864658.85218,7.537785053253174,floating_bubbles,nonsocial_movie,non_social,200,1,0.4549723773234379,0.4696261882894333,0.4622992828064356,1,0,0.5952616930007935,0.6324922978878021,0.029200946726707883,0.23968895678197472,0.11681861780600376,0.5944154560565948,0.6881758570671082,0.0005897380659705244,0.000293629068121058,0.003158473176130134,0.12273071846099885
1781864658.886292,7.571897029876709,floating_bubbles,nonsocial_movie,non_social,201,1,0.462782696600455,0.4672936113972088,0.4650381539988319,1,0,0.595054817199707,0.6327803134918213,0.02726986280358888,0.24030843316983194,-0.14101462860142924,0.5944915264844894,0.6876291930675507,0.0005519313711071906,3.7806694863333793e-05,0.006508565482854711,0.1232279422704603
1781864658.9208052,7.606410264968872,floating_bubbles,nonsocial_movie,non_social,202,1,0.45530420663264065,0.4627220914365875,0.4590131490346141,1,0,0.594856584072113,0.6327300071716309,0.02635961996659877,0.2396115524405166,-0.2877920672757726,0.5942841321229935,0.6886225640773773,0.0010147898227437838,0.00046285845163659316,0.00467276899652906,0.12263691636832696
1781864658.955768,7.641373157501221,floating_bubbles,nonsocial_movie,non_social,203,1,0.4615380597388925,0.46540946597983457,0.46347376285936354,1,0,0.5946952819824218,0.6327711760997772,0.023894419116682913,0.2410110507054165,-0.4250507774413306,0.5941864550113678,0.6882734298706055,0.0003625403597859736,0.0006522494629578103,0.0050064037424407655,0.12278914444618626
1781864658.990026,7.675631046295166,floating_bubbles,nonsocial_movie,non_social,204,1,0.46002546290429913,0.4719793881700653,0.4660024255371822,1,0,0.5944554924964904,0.6327122628688813,0.02858352388952333,0.24126580092395547,-0.24807317129265444,0.5937255769968033,0.6881508231163025,0.00047690770649009174,0.00011436734670411814,0.0031454253443857863,0.12385157123957968
1781864659.0266812,7.7122862339019775,floating_bubbles,nonsocial_movie,non_social,205,1,0.4597807671405129,0.46847384627386457,0.4641273067071887,1,0,0.5941411674022674,0.6327606320381165,0.02785937885264078,0.2404383688706272,0.08905521630987362,0.5936393737792969,0.6885047852993011,0.0003643078666480208,0.00011259983984207095,0.0034628097401062452,0.12370592651596714
1781864659.0599601,7.745565176010132,floating_bubbles,nonsocial_movie,non_social,206,1,0.4553597180541552,0.47477414897557974,0.4650669335148675,1,0,0.5940611958503723,0.6325804591178894,0.02631952845700792,0.23957919509119213,0.01336522239025285,0.5936490744352341,0.688348114490509,0.00015697084141071252,0.00020733702523730827,0.0008333500847653335,0.1234255276325101
1781864659.09791,7.783514976501465,floating_bubbles,nonsocial_movie,non_social,207,1,0.4610384531597273,0.46080745337940177,0.46092295326956456,1,0,0.5938327372074128,0.6327731609344482,0.026763235116630164,0.24008156949032147,-0.094984270774629,0.5935086607933044,0.6887114942073822,0.0003895648976419279,0.0002325940562312154,0.0011098788564146646,0.12312037903085582
1781864659.1283042,7.813909292221069,floating_bubbles,nonsocial_movie,non_social,208,1,0.46084149121324225,0.45931430028376,0.4600778957485011,1,0,0.5934560418128967,0.6329227566719056,0.02338012949392743,0.24019616204133187,-0.5772412363423874,0.5936503261327744,0.6887117922306061,0.000141665652947236,0.0002478992446946919,0.002337822082335263,0.12301388907248781
1781864659.161986,7.847591161727905,floating_bubbles,nonsocial_movie,non_social,209,1,0.46027654411360186,0.46740842776308167,0.46384248593834176,1,0,0.5932322442531586,0.633055430650711,0.0213020450322709,0.24131351919689378,-0.7851413530864708,0.59358911216259,0.688616544008255,0.00011322267443744317,2.8442978509792842e-05,0.0031061866741848355,0.12318651637174234
1781864659.1962628,7.8818678855896,floating_bubbles,nonsocial_movie,non_social,210,1,0.4453395878086825,0.4671458465452191,0.4562427171769508,1,0,0.5930269241333008,0.632960993051529,0.02139849195818703,0.24063123085984525,-0.9261959164754797,0.5933677107095718,0.6885778903961182,0.00022475031730742994,0.00011152764286998677,0.00394819057367521,0.12332013610428287
1781864659.233288,7.918893098831177,floating_bubbles,nonsocial_movie,non_social,211,1,0.45061689159137325,0.4708923461987149,0.4607546188950441,1,0,0.5931545853614807,0.6329066395759582,0.024863884624857457,0.23948810827485165,-0.6702971990968858,0.5928919315338135,0.6889160871505737,0.0005837318466638469,0.00035898152935641696,0.0025654366866208135,0.12355240803319133
1781864659.266138,7.951743125915527,floating_bubbles,nonsocial_movie,non_social,212,1,0.45217921544285783,0.4686853684995982,0.46043229197122804,1,0,0.5930524885654449,0.6327607989311218,0.022912842591102756,0.2390132346159273,-0.7224437383019718,0.5928709805011749,0.6880437135696411,0.0008726251259720976,0.0002888932793082507,0.004607622648339675,0.12318472411131819
1781864659.2996202,7.985225200653076,floating_bubbles,nonsocial_movie,non_social,213,1,0.45177311506388346,0.4597025534370255,0.45573783425045444,1,0,0.592939817905426,0.6328984498977661,0.025163281900661683,0.2395925390503081,-0.7394908314771322,0.5927686840295792,0.6880367696285248,0.0001025318800138283,0.0007700932459582693,0.002492985944388017,0.1232043508620181
1781864659.3341582,8.019763231277466,floating_bubbles,nonsocial_movie,non_social,214,1,0.45065670404327973,0.4714816911139643,0.461069197578622,1,0,0.592927348613739,0.6330213844776154,0.026273593615446737,0.2397659101704791,-0.6517718223293388,0.5926444232463837,0.6887601613998413,0.0007339866463695524,0.0006314547663557241,0.0026412081042791334,0.12281786963861242
1781864659.3687732,8.054378271102905,floating_bubbles,nonsocial_movie,non_social,215,1,0.4542142362269087,0.4662910240699234,0.46025263014841605,1,0,0.5928556978702545,0.6330497324466706,0.02529010097858276,0.24134777106911,-0.5793185623355613,0.5928689390420914,0.6886187195777893,0.00026535472776578344,0.000468631918603769,0.0028642847477803354,0.12254011894068975
1781864659.403451,8.089056015014648,floating_bubbles,nonsocial_movie,non_social,216,1,0.44033995386277086,0.46507787127270206,0.4527089125677365,1,0,0.5926782608032226,0.6329221665859222,0.025061340923726166,0.24177440710264153,-0.5079235621347022,0.5926766097545624,0.6880820989608765,0.0005700458238925433,0.00030469109612675987,0.002074000397390379,0.12235599130509964
1781864659.43717,8.122775077819824,floating_bubbles,nonsocial_movie,non_social,217,1,0.43836727427418765,0.4625598883490162,0.4504635813116019,1,0,0.5925777316093446,0.6330948948860169,0.025814456599191096,0.24233825864615302,-0.6047547681968911,0.5925128608942032,0.6879216134548187,0.00022927993135802966,0.00034076589253451367,0.0029764645392051864,0.12260294700581398
1781864659.471976,8.157581090927124,floating_bubbles,nonsocial_movie,non_social,218,1,0.45225172760081855,0.4825232733737804,0.4673875004872995,1,0,0.5923588395118713,0.6332634270191193,0.02697647465454819,0.24117603250991185,-1.0071051314120578,0.5923445373773575,0.6896695196628571,0.0017559922888276702,0.0015267123574696404,0.001304929002867236,0.12196662558921782
1781864659.508157,8.193762063980103,floating_bubbles,nonsocial_movie,non_social,219,1,0.44040012064571077,0.49693292844294035,0.46866652454432556,1,0,0.592307484149933,0.6333737850189209,0.022913194127031557,0.2417707933434538,-0.8288336697864359,0.5926864445209503,0.6894047856330872,0.0004324171612667796,0.0013235751275608907,0.0016485265743029721,0.12171185027345244
1781864659.540905,8.226510047912598,floating_bubbles,nonsocial_movie,non_social,220,1,0.44209237757524206,0.4865598179100083,0.4643260977426252,1,0,0.5921897768974305,0.6340602695941925,0.02154702998725398,0.24131796651512732,-1.0408729331304196,0.5926845371723175,0.6897267699241638,0.00032198994033812064,0.00011042722092865896,0.0030479569249598193,0.1225749735848051
1781864659.576153,8.261758089065552,floating_bubbles,nonsocial_movie,non_social,221,1,0.44666093139074176,0.4765008413786998,0.4615808863847208,1,0,0.5920864820480347,0.6345548629760742,0.018810356512150062,0.23868513535514396,-1.200308030654796,0.5927415788173676,0.6903107762336731,0.0005867854112166232,0.00026479547087850255,0.0012269046353092854,0.12367928050697033
1781864659.611389,8.296993970870972,floating_bubbles,nonsocial_movie,non_social,222,1,0.4423304979344184,0.47757229636699655,0.4599513971507075,1,0,0.592037034034729,0.6345141887664795,0.01891264517637571,0.2410016267793667,-1.2672869547922265,0.5927306264638901,0.6896302700042725,0.0006805943595856235,9.380894836900032e-05,0.001219711200519339,0.12303345296428998
1781864659.644704,8.33030915260315,floating_bubbles,nonsocial_movie,non_social,223,1,0.44890704498544187,0.4729748697197591,0.4609409573526005,1,0,0.5921412348747254,0.6348263263702393,0.019108295292471347,0.23963737037406357,-1.0188702366820614,0.5925815552473068,0.6901663243770599,0.0005563960084312114,0.00012419835115441214,0.0013723638965646987,0.1247039897695783
1781864659.680809,8.366414070129395,floating_bubbles,nonsocial_movie,non_social,224,1,0.4528304731272226,0.4658411153952616,0.45933579426124205,1,0,0.5921932339668274,0.6351347386837005,0.019303443154755996,0.2418406315383984,-1.20426400213089,0.5928486436605453,0.6902800500392914,0.00029029251925644605,0.0002661034891747653,0.001211388614710137,0.12447930598802077
1781864659.7145238,8.400128841400146,floating_bubbles,nonsocial_movie,non_social,225,1,0.44869227827474484,0.4753285383590113,0.46201040831687806,1,0,0.5921613574028015,0.6350493967533112,0.018429546124627213,0.24089328544209906,-0.9796462623730928,0.592764750123024,0.6910256743431091,0.0007503290798586651,0.0004600365606022191,0.0018533179113558859,0.12391872169923993
1781864659.749003,8.434607982635498,floating_bubbles,nonsocial_movie,non_social,226,1,0.4386564180925556,0.4731284000057889,0.4558924090491723,1,0,0.5920137286186218,0.6350150287151337,0.020210339617484235,0.24098698368149343,-0.9553539189777238,0.5925734341144562,0.6904208660125732,0.0006343460662918365,0.0001159830135668286,0.0015892040113693535,0.1248134264574624
1781864659.783824,8.469429016113281,floating_bubbles,nonsocial_movie,non_social,227,1,0.44198062564990703,0.46853748700105224,0.45525905632547964,1,0,0.5919380247592927,0.6350342869758606,0.0211959056867902,0.24116669666490323,-0.7941610797393337,0.592376708984375,0.6897273063659668,0.000720920078931301,8.657401263946441e-05,0.0012947993498010357,0.124661893651966
1781864659.816868,8.50247311592102,floating_bubbles,nonsocial_movie,non_social,228,1,0.44983692793918967,0.49503228568004176,0.4724346068096157,1,0,0.5918719053268433,0.6351285457611084,0.020211239168059864,0.24082478466486312,-1.3409320771469435,0.5922786593437195,0.6898643672466278,0.00016852126583979826,0.0005523988130915027,0.0014564670383455105,0.12391401866446661
1781864659.8519402,8.537545204162598,floating_bubbles,nonsocial_movie,non_social,229,1,0.4562852853275322,0.49056408574565535,0.4734246855365938,1,0,0.591941487789154,0.6350879907608031,0.021263261680248124,0.23987061478070562,-1.362119741722692,0.5920251607894897,0.6899150609970093,0.00025851764605981024,8.999638022001198e-05,0.001382015642287165,0.12349001532785996
1781864659.887128,8.572733163833618,floating_bubbles,nonsocial_movie,non_social,230,1,0.46428212551609466,0.49635881626485084,0.48032047089047275,1,0,0.5919902682304382,0.6352700471878052,0.021876515190076506,0.23898970110587664,-1.0268680099630447,0.592048853635788,0.6904715299606323,0.0005569731218303257,0.0002984554757705154,0.003227569215869679,0.1222032940674671
1781864659.919232,8.60483694076538,floating_bubbles,nonsocial_movie,non_social,231,1,0.45223983591798733,0.4765422505396451,0.4643910432288162,1,0,0.5919196724891662,0.6348229706287385,0.021990752671720792,0.24017722744146985,-0.8607348799051421,0.5921811759471893,0.6892859637737274,0.0011929276497872122,0.0006359545279568865,0.0033421639367055213,0.1227155061790038
1781864659.954711,8.640316009521484,floating_bubbles,nonsocial_movie,non_social,232,1,0.44686065216529386,0.470752999079814,0.4588068256225539,1,0,0.5922053575515747,0.6342260003089905,0.02003439532759111,0.2408551148765604,-0.8339400072258425,0.5923431366682053,0.689445823431015,0.0002275662215270714,0.0009653614282601408,0.0028130323143877776,0.12197275826399898
1781864659.9885151,8.6741201877594,floating_bubbles,nonsocial_movie,non_social,233,1,0.4401153328629602,0.46471847127906074,0.4524169020710105,1,0,0.5922820508480071,0.6342919886112213,0.020024335102927105,0.24089860788656073,-0.7383776486955668,0.5924112796783447,0.6895826160907745,0.00015282572294921914,7.474049857785227e-05,0.0036576209744263615,0.12196780828077083
1781864660.023246,8.708851099014282,floating_bubbles,nonsocial_movie,non_social,234,1,0.45318015128409095,0.46675636851808233,0.45996825990108664,1,0,0.5923166096210479,0.6343679606914521,0.017188271346636252,0.24143050626387091,-0.8800420818793387,0.5926192849874496,0.6897827982902527,0.0002886851599991636,0.00013585943704994447,0.002622887181258676,0.12178544426202463
1781864660.059579,8.745183944702148,floating_bubbles,nonsocial_movie,non_social,235,1,0.45084199461601,0.46509083878868124,0.4579664167023456,1,0,0.5922895073890686,0.6343434929847718,0.017030034785870292,0.24012144873375393,-1.3192398412159179,0.5923918336629868,0.6900772750377655,0.00037208958575274685,8.340442575358324e-05,0.0013987469460139499,0.12191356707548284
1781864660.092596,8.77820110321045,floating_bubbles,nonsocial_movie,non_social,236,1,0.4418476447847971,0.4791930741865747,0.4605203594856859,1,0,0.5920945107936859,0.6342539668083191,0.016785048819133508,0.24145989874001453,-1.1691745540319771,0.5923179090023041,0.6896731853485107,0.0004107959742001596,3.870638844741275e-05,0.0011883067070222976,0.12249542616110531
1781864660.126223,8.811828136444092,floating_bubbles,nonsocial_movie,non_social,237,1,0.44631138718957586,0.48026989444067364,0.4632906408151247,1,0,0.5921025335788727,0.6341592013835907,0.01550997763712207,0.24057626274795785,-0.9629264580984954,0.5922980457544327,0.6898436546325684,0.0001716226250327072,0.0002391733491674524,0.0011398400347384958,0.12079192283275766
1781864660.161335,8.846940040588379,floating_bubbles,nonsocial_movie,non_social,238,1,0.4506584919032647,0.4755444431402431,0.46310146752175385,1,0,0.5919573545455932,0.6344557166099548,0.014447637571458873,0.24104507104805026,-0.9979207978875522,0.5924001187086105,0.6908028423786163,0.0009646035559457506,0.0007929809309130434,0.0021429670601814748,0.12077396810190598
1781864660.195297,8.88090205192566,floating_bubbles,nonsocial_movie,non_social,239,1,0.4342590295437345,0.47918769334511185,0.45672336144442316,1,0,0.5918554306030274,0.634217256307602,0.0146637983429976,0.2412301944634619,-0.8127652579883268,0.5922907292842865,0.6907555162906647,0.00011918810659940946,0.0008454154493463411,0.001320947236669132,0.12007773724965252
1781864660.231385,8.916990041732788,floating_bubbles,nonsocial_movie,non_social,240,1,0.44267387008078884,0.4711585716509138,0.4569162208658513,1,0,0.5908412218093873,0.6344351530075073,0.01460629909969891,0.23931987313989145,-0.488719961107787,0.5923631191253662,0.6912400722503662,0.0004899334313698388,0.00037074532477042937,0.0011952026200110796,0.12074139546591611
1781864660.2650838,8.95068883895874,floating_bubbles,nonsocial_movie,non_social,241,1,0.4429246090426805,0.4618144478357724,0.45236952843922645,1,0,0.5907045781612397,0.634623384475708,0.01466844857177885,0.23897768277940307,-0.5103767992647649,0.5923037230968475,0.6905727982521057,0.0006699122904965564,0.0001799788591267176,0.0013053282686279245,0.12150742954815705
1781864660.299674,8.985279083251953,floating_bubbles,nonsocial_movie,non_social,242,1,0.44427419527593687,0.47120558613842917,0.457739890707183,1,0,0.59060418009758,0.6344420969486236,0.015251133450491545,0.2391630222840385,-0.5996773677239787,0.5920846611261368,0.6903680860996246,0.0002998253031101878,0.0003700869873863686,0.0018363977949543238,0.12122226227638201
1781864660.3344798,9.020084857940674,floating_bubbles,nonsocial_movie,non_social,243,1,0.45640415731597783,0.4651617865183456,0.4607829719171617,1,0,0.5903698980808259,0.6352940380573273,0.014555992723691697,0.24021141375286764,-0.10890572958848735,0.5920673310756683,0.6912961006164551,0.0009281763162768601,0.0006283510131666723,0.004797934736299178,0.12154943526678069
1781864660.368717,9.054322004318237,floating_bubbles,nonsocial_movie,non_social,244,1,0.4716262062759568,0.455928042725734,0.4637771245008454,1,0,0.5903048276901246,0.6359023332595826,0.0069456792482532745,0.23856165528641987,-0.2907411801049545,0.5926089882850647,0.6924501359462738,0.0012748294297516313,0.0003466531134747712,0.0016516681821274538,0.12039685338716513
1781864660.4027689,9.088373899459839,floating_bubbles,nonsocial_movie,non_social,245,1,0.46116138547158825,0.436173135713333,0.44866726059246065,1,0,0.590400105714798,0.6361208260059357,0.004964325070956768,0.2399732001534822,0.047280809744927675,0.5929307043552399,0.6910312473773956,0.0014549041207935689,0.00018007469104193755,0.001528655933234564,0.1222801969805151
1781864660.4375029,9.12310791015625,floating_bubbles,nonsocial_movie,non_social,246,1,0.4749185337514173,0.4390613823549084,0.45698995805316284,1,0,0.5908993601799011,0.6356887876987457,0.0063607324226801955,0.2391965174802316,-0.026178247023985513,0.5925148725509644,0.6904458403587341,0.0007180650854519895,0.0007368390353415794,0.002849292171899976,0.12152663314811182
1781864660.4720519,9.157656908035278,floating_bubbles,nonsocial_movie,non_social,247,1,0.4433258341061103,0.4073271780443376,0.42532650607522393,1,0,0.5911471605300903,0.6332273244857788,0.007355904399386127,0.24151437347988294,0.0759654220951352,0.592481717467308,0.6892045140266418,0.0012417690293762135,0.000523703943924224,0.0015441583381499348,0.11978872820486541
1781864660.506421,9.192026138305664,floating_bubbles,nonsocial_movie,non_social,248,1,0.452619922853272,0.4117283289653153,0.43217412590929366,1,0,0.5912797629833222,0.6325308918952942,0.008090158136079353,0.24169391179345145,0.10500783302094258,0.5925143212080002,0.6891129016876221,9.724106420537817e-05,0.0011445279651708354,0.0017600234405077473,0.11894091561095801
1781864660.5414789,9.227083921432495,floating_bubbles,nonsocial_movie,non_social,249,1,0.4507998108675069,0.41474571296137075,0.4327727619144388,1,0,0.5913441359996796,0.6328510463237762,0.006371439205618755,0.24022724215116864,0.10083460136231075,0.5926104485988617,0.6900100111961365,0.0009022449476393857,0.0008050038834340075,0.0023196662912502984,0.11819837791366573
1781864660.5753422,9.260947227478027,floating_bubbles,nonsocial_movie,non_social,250,1,0.45202022348609094,0.4218766954398933,0.4369484594629921,1,0,0.591452032327652,0.6329347670078278,0.008775325219616693,0.2412113610335529,-0.07440268570717176,0.5924555957317352,0.6894094944000244,0.0006201611346013072,0.0002820838130380784,0.001807087160561973,0.11750949876162979
1781864660.609259,9.294863939285278,floating_bubbles,nonsocial_movie,non_social,251,1,0.4535822157259084,0.43218753622885264,0.4428848759773805,1,0,0.5915392935276031,0.6327908873558045,0.006623556724357459,0.24054361240536096,-0.0433522013818398,0.5925730317831039,0.6894879043102264,0.00014120672851873923,0.00047895440608256804,0.0021153231469398827,0.11757666783346939
1781864660.644963,9.330568075180054,floating_bubbles,nonsocial_movie,non_social,252,1,0.4552736446362993,0.42656272558714853,0.4409181851117239,1,0,0.5913906812667846,0.6325088560581207,0.006005805999518815,0.24234081000983188,-0.03213096032061632,0.5927828699350357,0.6891078948974609,0.00043409584632488697,0.0002928891178061477,0.0015136761683139698,0.11776505775031945
1781864660.679588,9.365193128585815,floating_bubbles,nonsocial_movie,non_social,253,1,0.43645157347452834,0.42972616778266576,0.433088870628597,1,0,0.5913059175014496,0.632611346244812,0.006634148945166341,0.24239942761097724,0.18056545279125713,0.5927734076976776,0.6886905431747437,0.0004174589733026547,1.6636873022232246e-05,0.0029553112742673527,0.11919243469116182
1781864660.711902,9.397506952285767,floating_bubbles,nonsocial_movie,non_social,254,1,0.4272478694156124,0.4323099605095167,0.42977891496256454,1,0,0.5913883864879608,0.6326869666576385,0.008970181966714844,0.24105694074720027,0.2702254847989187,0.5922535359859467,0.6887156367301941,0.0005204769766120491,0.0001030180033093944,0.002138176053626403,0.12047932248720532
1781864660.746228,9.431833028793335,floating_bubbles,nonsocial_movie,non_social,255,1,0.44000030657534545,0.4319608046718336,0.4359805556235895,1,0,0.5910871803760529,0.6322535812854767,0.009831897398338299,0.24267572093610723,0.07333442342910902,0.5924707055091858,0.688488095998764,0.00031454313898674906,0.00020593383762530006,0.0021034037164555063,0.1185779850887939
1781864660.7804742,9.466079235076904,floating_bubbles,nonsocial_movie,non_social,256,1,0.44009587538694633,0.42461581139491283,0.4323558433909296,1,0,0.5911516308784485,0.6323723912239074,0.006582295547836031,0.24228460949796507,0.05958175851590295,0.5925004482269287,0.6887344717979431,0.00024816458989925205,6.637854908749701e-05,0.0032764552509492013,0.11802036787615607
1781864660.814951,9.500555992126465,floating_bubbles,nonsocial_movie,non_social,257,1,0.46601952529696306,0.43416827605644837,0.45009390067670574,1,0,0.5905032277107238,0.6339564263820648,0.006156354297924448,0.24025010551199508,-0.1870484203480409,0.5924796462059021,0.6906363368034363,0.001901978765180701,0.001653814175281449,0.0016561122593658634,0.11844423868850745
1781864660.8494248,9.535029888153076,floating_bubbles,nonsocial_movie,non_social,258,1,0.4747303254069569,0.44999158817253365,0.4623609567897453,1,0,0.5892967104911804,0.6397908985614776,0.004687456077308323,0.2349719278888662,0.020291733147814323,0.5925660282373428,0.6943000257015228,0.0036647071093497295,0.0017627283441690284,0.0031659036635766943,0.12643817241862468
1781864660.883471,9.56907606124878,floating_bubbles,nonsocial_movie,non_social,259,1,0.43881819498603336,0.3958670551234531,0.41734262505474323,1,0,0.589720755815506,0.6410014808177948,0.008763301025929638,0.23722989155496757,1.0121058673134842,0.5920744091272354,0.6948126554489136,0.0007102665748384297,0.0029544405345113,0.0014306584882222233,0.13390325313935567
1781864660.919335,9.604939937591553,floating_bubbles,nonsocial_movie,non_social,260,1,0.43502092389483327,0.364539443518826,0.39978018370682966,1,0,0.5895150780677796,0.6412724852561951,0.007826708047061733,0.23600552928189647,1.0785062518400166,0.5919204354286194,0.6952924132347107,0.0005038605292126521,0.00020640604562577759,0.0022146049292888588,0.13621219923535288
1781864660.9526541,9.638259172439575,floating_bubbles,nonsocial_movie,non_social,261,1,0.39575324313794424,0.3612400230101141,0.37849663307402914,1,0,0.5898652911186218,0.6412799775600433,0.007313082970859563,0.2346436902494096,1.3688876258091787,0.5921173542737961,0.6955825686454773,0.0003506667848297856,0.00015319374438286647,0.001244000261614288,0.13733188600082977
1781864660.986735,9.672340154647827,floating_bubbles,nonsocial_movie,non_social,262,1,0.3755560360692299,0.35666833054239055,0.3661121833058102,1,0,0.5898126840591431,0.6413622975349427,0.011030419902284677,0.23659041364501837,1.1113447741795734,0.5920431166887283,0.694928765296936,0.0006580045878262972,0.0003073378029965116,0.001151647116661718,0.1388478427069218
1781864661.021573,9.707178115844727,floating_bubbles,nonsocial_movie,non_social,263,1,0.3822650446587472,0.36457538739236206,0.37342021602555464,1,0,0.5895889878273011,0.6409188091754914,0.011431875262441505,0.23646521570902318,0.8548115730940476,0.5920621752738953,0.6955253183841705,0.000596857449947284,6.114713787901322e-05,0.0010430285120552618,0.1379095097938439
1781864661.057117,9.742722034454346,floating_bubbles,nonsocial_movie,non_social,264,1,0.386466369146208,0.3519559523023648,0.3692111607242864,1,0,0.5892817854881287,0.6405077576637268,0.013125858287455812,0.23514909205486897,0.937606724647701,0.5919063985347748,0.6956111192703247,0.00017784314582196527,0.0004190143041253187,0.0022101266280757067,0.13764049405656395
1781864661.093344,9.77894902229309,floating_bubbles,nonsocial_movie,non_social,265,1,0.38812787250048936,0.3406026335150823,0.3643652530077858,1,0,0.5890904784202575,0.6405404269695282,0.01393098715401008,0.23410096195863836,0.9256101224481691,0.5919613689184189,0.6961656212806702,0.000557220084486494,0.00037937693866452865,0.00181491808542197,0.137661905517374
1781864661.1279979,9.813602924346924,floating_bubbles,nonsocial_movie,non_social,266,1,0.3752299549147006,0.3537948867838395,0.36451242084927005,1,0,0.5891864836215972,0.6406920850276947,0.013690292697730247,0.23480733104344254,0.8830800580995964,0.5920338481664658,0.6962435245513916,0.0001064056435840586,0.00045081444090243534,0.0011159521307721894,0.1376539954418155
1781864661.1590788,9.84468388557434,floating_bubbles,nonsocial_movie,non_social,267,1,0.3945865978369987,0.3448849165744065,0.3697357572057026,1,0,0.5890002131462098,0.6408723056316377,0.01136993840298783,0.23728292352648783,0.8807681969082646,0.5919152498245239,0.6955219507217407,0.0007312553304751957,0.0006248496868911371,0.001017338815974552,0.13667698048812413
1781864661.194907,9.880511999130249,floating_bubbles,nonsocial_movie,non_social,268,1,0.37940628586195685,0.3228726851522572,0.35113948550710705,1,0,0.5900095045566558,0.6387281358242035,0.010188691471087946,0.2396870734523784,0.8133677225881131,0.5920395255088806,0.6936873197555542,0.001838835291104894,0.0011075799606296982,0.001127556583580188,0.1324728905993847
1781864661.2274508,9.913055896759033,floating_bubbles,nonsocial_movie,non_social,269,1,0.391455500263962,0.37172433188446574,0.3815899160742139,1,0,0.5914253771305085,0.634700208902359,0.009720260049625997,0.24173438182474896,0.3332745223323597,0.5920842587947845,0.691800981760025,0.0018868683314542084,4.8033040349314444e-05,0.000950392710402147,0.12376769561024122
1781864661.26254,9.948145151138306,floating_bubbles,nonsocial_movie,non_social,270,1,0.4069661612915077,0.40169473568724795,0.4043304484893778,1,0,0.5910031616687774,0.6338259696960449,0.005811927582425385,0.24418123759798152,0.0929750606770763,0.5922472476959229,0.6900107562541962,0.00179762975710085,8.923857435335844e-05,0.0014814738711828182,0.1211374165420939
1781864661.296871,9.982475996017456,floating_bubbles,nonsocial_movie,non_social,271,1,0.42928445726257713,0.40918937612115713,0.41923691669186713,1,0,0.5910005509853363,0.6335808992385864,0.0035116744992715614,0.24399998354776953,0.19267518610164341,0.592369794845581,0.6897151172161102,0.00032003163082690506,0.001477598126273945,0.0014261449387393676,0.11950105571701944
1781864661.333549,10.019154071807861,floating_bubbles,nonsocial_movie,non_social,272,1,0.4250627423818406,0.41418957045001115,0.4196261564159259,1,0,0.5909584939479828,0.6332319855690003,0.00840371174728842,0.24232159700904504,0.3224761769040534,0.5919544249773026,0.6893740296363831,0.0005374689428402741,0.00021743731201336904,0.0011630394331390765,0.11871771365911013
1781864661.366241,10.051846027374268,floating_bubbles,nonsocial_movie,non_social,273,1,0.4432302603358008,0.4218470656727705,0.4325386630042857,1,0,0.5906405329704285,0.6328847825527191,0.0071999625166014,0.24139037944731934,-0.0012351323323690126,0.5920696705579758,0.6892969906330109,0.00013862377828239935,0.00039884516455787475,0.0014142015793494988,0.11773731430063465
1781864661.402122,10.087727069854736,floating_bubbles,nonsocial_movie,non_social,274,1,0.45083241476055197,0.421722632968494,0.436277523864523,1,0,0.5907730877399444,0.6327926456928253,0.00956368126526246,0.24234534558369114,-0.19539092408811026,0.5919467955827713,0.6894925832748413,0.00023098645213455929,9.236267385215994e-05,0.00195486725492535,0.11786055623324208
1781864661.435404,10.121009111404419,floating_bubbles,nonsocial_movie,non_social,275,1,0.45045843415863446,0.4070574977944409,0.4287579659765377,1,0,0.5905106008052826,0.6321138203144074,0.006688138424037713,0.24103028961324216,0.031191298989573516,0.5918976068496704,0.6892407238483429,0.0002566178134506259,2.5631361316066638e-05,0.0015202583872621482,0.11810941339913224
1781864661.470334,10.155939102172852,floating_bubbles,nonsocial_movie,non_social,276,1,0.4554597995532814,0.42067879441914524,0.43806929698621333,1,0,0.5904437482357026,0.6324286818504334,0.009264676828726729,0.24378794331696677,0.0035884370773092093,0.5917529910802841,0.6894247829914093,0.00023407581870310494,2.254199474752098e-05,0.0013462089801559024,0.11771294992159427
1781864661.504856,10.190461158752441,floating_bubbles,nonsocial_movie,non_social,277,1,0.435700718259415,0.41038097777102184,0.4230408480152184,1,0,0.5903365314006805,0.6322902262210846,0.010167724504846298,0.24201476799706365,-0.13949253577513743,0.5915721654891968,0.6900402307510376,0.0006414622664066648,0.0004073864477035599,0.0021083791223588996,0.11875379376032026
1781864661.54019,10.225795030593872,floating_bubbles,nonsocial_movie,non_social,278,1,0.4325190466467478,0.4312980089781919,0.43190852781246986,1,0,0.5903625369071961,0.6321516096591949,0.010770526733080573,0.2418423010368791,0.0008471402674900625,0.5915059447288513,0.688917487859726,0.001124694086892771,0.00048323182048610623,0.0029895949347016806,0.11880752985383275
1781864661.572507,10.258111953735352,floating_bubbles,nonsocial_movie,non_social,279,1,0.4372845262369852,0.42735485655757355,0.4323196913972794,1,0,0.5901516199111938,0.6320575475692749,0.008411538519630807,0.24123716866945938,-0.03572040693663903,0.5916629582643509,0.6892334222793579,0.0003527999544192966,0.0007718941324734744,0.0013842719876373112,0.11888688945558303
1781864661.608686,10.294291019439697,floating_bubbles,nonsocial_movie,non_social,280,1,0.44766141676369614,0.4440718975044734,0.4458666571340848,1,0,0.5899910271167755,0.6317041456699372,0.003739632885994793,0.24193839279801674,-0.3365105005226747,0.5917128622531891,0.6884594261646271,0.0007756032450424576,0.00042280329062316103,0.00180024719580399,0.1168624675971093
1781864661.642719,10.32832407951355,floating_bubbles,nonsocial_movie,non_social,281,1,0.43981915994339776,0.4477635458655325,0.44379135290446514,1,0,0.590004950761795,0.6315202057361603,0.006842990082049326,0.2407914373282445,-0.6481215058663433,0.5915195345878601,0.6885751783847809,0.00022533122875467056,0.0005502720162877871,0.001616133477969274,0.11716863709431605
1781864661.677681,10.363286018371582,floating_bubbles,nonsocial_movie,non_social,282,1,0.44877541606433363,0.4328264303718994,0.4408009232181165,1,0,0.5896537840366364,0.6315041661262513,0.006922513228482522,0.23917076607248586,-0.5399359675974187,0.5915471315383911,0.6884875595569611,9.186212857935956e-05,0.00013346910017531102,0.0031540952809341744,0.11659451346332644
1781864661.710797,10.39640212059021,floating_bubbles,nonsocial_movie,non_social,283,1,0.4389785928265448,0.4421407227005866,0.44055965776356565,1,0,0.5896532297134399,0.6315925538539886,0.008359341691367992,0.24171609449130174,-0.6305888702707145,0.5913112163543701,0.6872656643390656,0.0012444612880952027,0.0011525991595158433,0.004040775593184549,0.11854128069735426
1781864661.7457778,10.431382894515991,floating_bubbles,nonsocial_movie,non_social,284,1,0.45949248860832226,0.4264455042930524,0.4429689964506873,1,0,0.5895196676254273,0.63105149269104,0.006124019920715737,0.24095225502878206,-0.8082830865243299,0.5915071070194244,0.6880439817905426,0.0008025903113850526,0.00044187097671015017,0.0026689590912276017,0.11732862006797505
1781864661.7793002,10.464905261993408,floating_bubbles,nonsocial_movie,non_social,285,1,0.4460339753819529,0.44454567706393,0.44528982622294144,1,0,0.5895744979381561,0.6308458209037782,0.007369322542230233,0.2412229757060005,-0.7364664715551631,0.591410219669342,0.6874809265136719,0.0005713303802686855,0.0002312599311163671,0.0016863787245100944,0.1172826580575087
1781864661.815199,10.50080394744873,floating_bubbles,nonsocial_movie,non_social,286,1,0.454628435420218,0.44616508175867947,0.4503967585894487,1,0,0.58983256816864,0.6306918859481812,0.008495534349845265,0.2404345853497662,-0.4018867918696154,0.5912092328071594,0.6879749894142151,0.0005333796663383289,3.795071393035659e-05,0.001946388661906561,0.11665748100151056
1781864661.848871,10.534476041793823,floating_bubbles,nonsocial_movie,non_social,287,1,0.4519429306422044,0.43497363042416126,0.4434582805331828,1,0,0.5897936522960663,0.6307215631008148,0.0070377020813905,0.2386285908018416,-0.4318027692203744,0.5913282632827759,0.6888511776924133,0.00088423648023449,0.00035085681389616116,0.0013510893241545513,0.11650110156117253
1781864661.884418,10.57002305984497,floating_bubbles,nonsocial_movie,non_social,288,1,0.43861851844238225,0.45176020072754497,0.44518935958496364,1,0,0.5900623202323914,0.6309920489788055,0.010271866174898817,0.24005340366134453,-0.5014221653220772,0.591240406036377,0.687856525182724,0.000998525167823068,0.00011428868758857802,0.0017077349252154932,0.11724916097055359
1781864661.918705,10.604310035705566,floating_bubbles,nonsocial_movie,non_social,289,1,0.46178429859819725,0.44628475217671576,0.4540345253874565,1,0,0.590031909942627,0.631081187725067,0.007418937110369528,0.24058889569642852,-0.515264299894939,0.591324046254158,0.68802410364151,0.00018729182010851142,0.0008112333477145567,0.002608863242811678,0.11682047665330905
1781864661.9519172,10.637522220611572,floating_bubbles,nonsocial_movie,non_social,290,1,0.4216638459361055,0.4187775515943591,0.42022069876523227,1,0,0.5900427401065826,0.6321318924427033,0.007236593229342292,0.2430237249150024,-0.1738272280795248,0.5913018435239792,0.6884988844394684,0.00047529966056939746,0.00028800784046088606,0.0029610705218374145,0.11981118854285583
1781864661.9887109,10.674315929412842,floating_bubbles,nonsocial_movie,non_social,291,1,0.1096072975783365,0.046857332765206955,0.07823231517177173,0,1,0.5897612035274505,0.640909457206726,0.007982231826313238,0.2405312224435058,0.4768330575616537,0.5909675061702728,0.6920049488544464,0.0035219694984565935,0.003046669837887196,0.0020416367061301803,0.16267456066911187
1781864662.022563,10.708168029785156,floating_bubbles,nonsocial_movie,non_social,292,1,0.1458681552467736,0.033163039919556554,0.08951559758316507,0,1,0.5894301235675812,0.6412403106689453,0.013290078701340188,0.23782805158296405,-0.0732305338740187,0.5904440432786942,0.6932310163974762,0.001333137284352591,0.0021888322141040027,0.0007550758127289531,0.1616736786294898
1781864662.0551648,10.740769863128662,floating_bubbles,nonsocial_movie,non_social,293,1,0.26087454682185385,0.08347802760726206,0.17217628721455797,0,1,0.5892066597938537,0.639472883939743,0.01437664553989594,0.23780840633940198,0.8608286203093052,0.5904223024845123,0.6929050981998444,0.00032664251664356385,0.0010064947677090271,0.0007050943210741674,0.15148273764290116
1781864662.091709,10.777313947677612,floating_bubbles,nonsocial_movie,non_social,294,1,0.38230859684259955,0.17156672141331739,0.2769376591279585,1,0,0.5889164507389069,0.6382278144359588,0.01396047641385145,0.23802974141021765,-0.3157775127684223,0.5906708687543869,0.6924556195735931,0.0005136304371589007,0.00018698792051533686,0.0007431343583913604,0.14190179366204697
1781864662.124873,10.81047797203064,floating_bubbles,nonsocial_movie,non_social,295,1,0.40232094705917615,0.2978451008105867,0.35008302393488144,1,0,0.5888171374797821,0.6369467496871948,0.014349434231031005,0.23600980242353553,-0.08568033258507192,0.5904835611581802,0.6922914087772369,0.00024909701169756505,0.00026453342546133566,0.0008928235476309672,0.1342628348195714
1781864662.159998,10.845602989196777,floating_bubbles,nonsocial_movie,non_social,296,1,0.43425796068000466,0.4050066987957431,0.4196323297378739,1,0,0.5885050296783447,0.6367346525192261,0.012685319656573645,0.23571170084125864,0.2904020280818376,0.5904790610074997,0.6927651166915894,0.000473729289232009,0.00022463227753444394,0.0021198454525060326,0.12817032567966002
1781864662.19456,10.880165100097656,floating_bubbles,nonsocial_movie,non_social,297,1,0.4406356971104766,0.4072138411334409,0.42392476912195876,1,0,0.5884873211383819,0.6359687745571136,0.010784320673817654,0.23675053083033917,-0.1656116283009912,0.5906704962253571,0.6916784346103668,0.001103415329006369,0.00062968603977436,0.0028701819501421944,0.12424506366710852
1781864662.227585,10.913190126419067,floating_bubbles,nonsocial_movie,non_social,298,1,0.4373856012943386,0.41674711757557276,0.4270663594349557,1,0,0.5885093510150909,0.6358009278774261,0.012142974674156624,0.23791586254986302,0.20758292519502636,0.5903980880975723,0.6912030875682831,0.0005478695086432009,0.0005555458203631681,0.0015049594516399892,0.12408693371783887
1781864662.26227,10.947875022888184,floating_bubbles,nonsocial_movie,non_social,299,1,0.4434146624761884,0.4184556799058394,0.4309351711910139,1,0,0.588739776611328,0.6354701399803162,0.0097981024805976,0.23937290749737403,-0.19771755606846703,0.5904092788696289,0.6907134354114532,0.0004897800200777188,5.808948856548212e-05,0.0012854758572301826,0.12365465202714337
1781864662.29746,10.983065128326416,floating_bubbles,nonsocial_movie,non_social,300,1,0.4571562257902296,0.41741516019919434,0.437285692994712,1,0,0.5887089490890502,0.6354447603225708,0.01211467472888734,0.24006876069633243,-0.17932927070226906,0.5903363227844238,0.6906560957431793,9.279239153192718e-05,0.0003969876285457916,0.0011432260281164144,0.12238664634383421
1781864662.330614,11.016219139099121,floating_bubbles,nonsocial_movie,non_social,301,1,0.458677683667824,0.4171032927947754,0.4378904882312997,1,0,0.589092755317688,0.6347403824329376,0.0135295959680636,0.23974436940333996,-0.5410633774982136,0.5902002155780792,0.6894605159759521,0.0012033021862449655,0.0011105097947130384,0.0006671011327225948,0.1216189356885596
1781864662.366566,11.052170991897583,floating_bubbles,nonsocial_movie,non_social,302,1,0.4462717868438027,0.41659834942264823,0.43143506813322546,1,0,0.5887610912322998,0.6348666667938232,0.02108931318146658,0.24038380397195808,-0.2825016441715206,0.5895301699638367,0.6894359290599823,0.0006704965634532287,0.0005328056227917368,0.00023567625200224317,0.12151515480284067
1781864662.40116,11.086765050888062,floating_bubbles,nonsocial_movie,non_social,303,1,0.4269015821609362,0.41609765154095923,0.4214996168509477,1,0,0.5886398494243621,0.6348238110542297,0.024280814598140826,0.23997402558698774,-0.7493922303491505,0.5893139243125916,0.6883852183818817,0.0010727325439069228,0.00040223598045369417,0.0004879771976992569,0.12060346184622868
1781864662.434274,11.119879007339478,floating_bubbles,nonsocial_movie,non_social,304,1,0.4279145195912073,0.41140412996989423,0.4196593247805508,1,0,0.5886986970901489,0.6347789525985719,0.023611876002853336,0.2391866700482414,-0.9984577661148928,0.5897359102964401,0.6887836754322052,0.0005803793513876423,0.0004923531925192805,0.0004783341683250627,0.11986113846991257
1781864662.469485,11.155090093612671,floating_bubbles,nonsocial_movie,non_social,305,1,0.44219174764681723,0.41722385370926557,0.4297078006780414,1,0,0.5886173069477081,0.6346208333969117,0.023207240043886215,0.24174111602957965,-0.15881674112542837,0.5899104177951813,0.6873926222324371,0.0014019564442955667,0.0008215770929079244,0.0007777096572175945,0.119387444922503
1781864662.5042088,11.18981385231018,floating_bubbles,nonsocial_movie,non_social,306,1,0.44862314019240984,0.4059357849660773,0.42727946257924354,1,0,0.5886868953704834,0.634298050403595,0.02650714533980018,0.24191604673326278,-0.2087891387113902,0.5894868671894073,0.6870512068271637,0.0005440216857897166,0.0008579347585058501,0.0019115655877063786,0.12030653517925381
1781864662.5367382,11.22234320640564,floating_bubbles,nonsocial_movie,non_social,307,1,0.4445223041249327,0.41306433568552375,0.42879331990522823,1,0,0.5888249695301055,0.6344075202941895,0.027499252586080526,0.24182179095116185,-0.5544833032392443,0.5894366204738617,0.6872884333133698,0.00024248945993753492,0.00030153222585218166,0.002380777850269043,0.11968947078250611
1781864662.572608,11.25821304321289,floating_bubbles,nonsocial_movie,non_social,308,1,0.4383838523839525,0.40481972207916883,0.42160178723156067,1,0,0.5891196966171264,0.63479443192482,0.029250552323920504,0.2400856300483073,-0.7266127455738228,0.5896625518798828,0.6879563629627228,0.0007051063868038194,0.00046261692686628446,0.0014904234488788016,0.1201196537639243
1781864662.606542,11.292147159576416,floating_bubbles,nonsocial_movie,non_social,309,1,0.4449062566330092,0.4059734095210882,0.4254398330770487,1,0,0.5892465233802795,0.6350607573986053,0.02524430146516257,0.24087056791813538,-0.6972406193102272,0.5897580087184906,0.687864750623703,0.0001323058150561326,0.0005728005717476868,0.0014589286256592856,0.12042280029009506
1781864662.640476,11.326081037521362,floating_bubbles,nonsocial_movie,non_social,310,1,0.4443676420928858,0.39391347081972994,0.4191405564563079,1,0,0.589005845785141,0.6350423991680145,0.02553413267214949,0.24007588694773993,-0.48818056703489865,0.5900095552206039,0.6878644824028015,0.0002515466451136045,0.00011924083005747192,0.0014537978176083922,0.1202596490029855
1781864662.675184,11.360789060592651,floating_bubbles,nonsocial_movie,non_social,311,1,0.44648025732828844,0.4075130070625858,0.42699663219543715,1,0,0.5892051577568054,0.6353383302688599,0.026976676980914844,0.2405101159322897,-0.39023110888628826,0.5897121429443359,0.6880168616771698,0.0003341758598880562,8.262921477445167e-05,0.002244960594578844,0.11887362090452123
1781864662.71211,11.397715091705322,floating_bubbles,nonsocial_movie,non_social,312,1,0.44403580449763147,0.3876743804166814,0.41585509245715646,1,0,0.5893617451190949,0.6355778217315674,0.028971837359461617,0.24050100701967006,-0.5633755168264621,0.58988356590271,0.6883493959903717,0.00037411883154201737,3.994297165396118e-05,0.002046787921250038,0.12003581048457315
1781864662.7445939,11.430198907852173,floating_bubbles,nonsocial_movie,non_social,313,1,0.4391915892290458,0.39057933103716247,0.4148854601331041,1,0,0.5892978072166443,0.6357078671455383,0.025505121544656312,0.24161688585274974,-0.2727062305041484,0.5899524688720703,0.6887483298778534,0.0004048405436315968,3.0721712089579406e-05,0.001318628646407383,0.11931265184230486
1781864662.779698,11.46530294418335,floating_bubbles,nonsocial_movie,non_social,314,1,0.41128537151998856,0.35259765615298067,0.3819415138364846,1,0,0.5875275015830994,0.6386706411838532,0.023376381566579063,0.2399469618165418,-0.2302528977823577,0.5895705074071884,0.6903714537620544,0.001667460855348223,0.0012626203117166261,0.001220316171923986,0.12602810441068588
1781864662.814205,11.499809980392456,floating_bubbles,nonsocial_movie,non_social,315,1,0.3947359433461669,0.3297572003745366,0.36224657186035175,1,0,0.5865631222724914,0.6417742967605591,0.02307676052714925,0.23818621144577817,-0.29788053533690373,0.5885396152734756,0.6947303712368011,0.004479162884178588,0.0028117020288303653,0.0020591626949534522,0.13049332054638543
1781864662.848585,11.534189939498901,floating_bubbles,nonsocial_movie,non_social,316,1,0.37205171314875574,0.3029461377325661,0.33749892544066096,1,0,0.5855702757835388,0.6473700642585755,0.022928765742941955,0.2388426083740392,-0.03427722216727608,0.5864160060882568,0.6985678970813751,0.004385923001982468,9.323988219612014e-05,0.0029512931617861494,0.13303747631236984
1781864662.882752,11.568356990814209,floating_bubbles,nonsocial_movie,non_social,317,1,0.4072165630897859,0.3521064139634435,0.3796614885266147,1,0,0.5838008105754853,0.6544448435306549,0.02572091190494357,0.23601985583221657,0.40993816479400047,0.5855189263820648,0.7063378095626831,0.007821527470158698,0.0034356044681762305,0.001976852681719026,0.12889825939111899
1781864662.916415,11.602020025253296,floating_bubbles,nonsocial_movie,non_social,318,1,0.34965556347501725,0.3123166540730237,0.33098610877402046,1,0,0.5834736227989197,0.6576285779476165,0.027035351863565434,0.2377181534398505,-0.20187278028410746,0.5853990912437439,0.7087625861167908,0.0024277359406917882,0.00539379152946691,0.0016560341466879214,0.13020423725846533
1781864662.950457,11.636062145233154,floating_bubbles,nonsocial_movie,non_social,319,1,0.3957402198642281,0.2914608567167806,0.34360053829050435,1,0,0.5835448980331421,0.6561060667037963,0.025912439234105675,0.23887798955225142,1.047256249072767,0.5848892033100128,0.7075064480304718,0.0013556801233571409,0.0010720558173346474,0.0010089935702344399,0.13110712529992105
1781864662.985656,11.671261072158813,floating_bubbles,nonsocial_movie,non_social,320,1,0.39044179471339663,0.2580469684294924,0.32424438157144453,1,0,0.5820990324020385,0.6526161134243011,0.018041170567015447,0.23776123568461685,-0.9090873058398392,0.5840921103954315,0.7033016085624695,0.004279723363273115,0.0029240432399159737,0.0012961809164262381,0.1323201293773449
