timestamp,elapsed_time,stimulus_id,stimulus_type,paper_category,frame_index,face_detected,left_ear,right_ear,avg_ear,eye_open,blink_state,gaze_x,gaze_y,yaw_proxy,pitch_proxy,roll_proxy_deg,head_center_x,head_center_y,head_movement,head_acceleration,mouth_open,eyebrow_signal
1781864726.7967339,75.48233890533447,make_me_laugh,social_movie,social,2172,1,0.47744927674869464,0.41634480623851083,0.44689704149360276,1,0,0.5684116005897522,0.6366239547729493,-0.017789992306577535,0.24699689409994163,-6.511293923831748,0.5737566202878952,0.6887289881706238,0.0,0.0,0.00024254102222220092,0.1204420541901544
1781864726.844096,75.52970099449158,make_me_laugh,social_movie,social,2173,1,0.46426448252778146,0.4209434837021335,0.4426039831149575,1,0,0.568084591627121,0.6368589043617249,-0.016392332457371716,0.24554871358667693,-6.411835728758163,0.57357457280159,0.6882881224155426,0.0004769736903366385,0.0004769736903366385,0.00029195622185319007,0.12134643400597962
1781864726.864801,75.5504059791565,make_me_laugh,social_movie,social,2174,1,0.4602681420692334,0.40309186079934706,0.4316800014342902,1,0,0.5680634498596191,0.6364268004894257,-0.013562219444224118,0.24515834214010587,-6.850898495620347,0.573392704129219,0.6886970698833466,0.0004475647946534943,2.9408895683144217e-05,0.0007623403998075156,0.12074354944906614
1781864726.8983512,75.58395624160767,make_me_laugh,social_movie,social,2175,1,0.4559326125316959,0.41765706768119,0.436794840106443,1,0,0.5676157951354981,0.6364443182945252,-0.013606906009825835,0.24627376244768898,-6.718801704291692,0.5732793211936951,0.6883072853088379,0.0004059405185405112,4.16242761129831e-05,0.0003398215983759466,0.11996469257524672
1781864726.9330409,75.61864590644836,make_me_laugh,social_movie,social,2176,1,0.4621497777910431,0.4250489293314365,0.4435993535612398,1,0,0.5676634073257446,0.636225014925003,-0.01469750758120757,0.24676559206386503,-6.581303112357629,0.5733508914709091,0.6886312663555145,0.0003317921385237818,7.414838001672936e-05,0.0005719293472380612,0.12032799809672141
1781864726.967721,75.6533260345459,make_me_laugh,social_movie,social,2177,1,0.4744655854456701,0.4185739178948782,0.44651975167027413,1,0,0.5676730513572693,0.6362566828727723,-0.017673978157309485,0.24587849630123887,-6.642387581516709,0.5735253989696503,0.6885367631912231,0.0001984533072991638,0.00013333883122461802,0.0032780183006361876,0.12074332218150846
1781864727.0008378,75.68644285202026,make_me_laugh,social_movie,social,2178,1,0.4774035751693249,0.4140704369485749,0.44573700605894995,1,0,0.5677594363689422,0.6365462005138398,-0.019600044605847005,0.2463413260447632,-6.851966790427064,0.573663592338562,0.6883405447006226,0.00023999813179428997,4.1544824495126165e-05,0.002931563954770939,0.12128145211821681
1781864727.03514,75.72074508666992,make_me_laugh,social_movie,social,2179,1,0.5003416593732888,0.41811640289355145,0.4592290311334201,1,0,0.5680749118328094,0.6365615427494049,-0.02080607316849658,0.2477229622891052,-7.096440305475057,0.5738865435123444,0.6880947649478912,0.0003318356712946898,9.183753950039983e-05,0.0009503972763264436,0.12036782606789942
1781864727.069816,75.75542116165161,make_me_laugh,social_movie,social,2180,1,0.48415184351422214,0.4176205983307145,0.45088622092246833,1,0,0.567801433801651,0.6363356590270997,-0.017767247241347327,0.24874365003394133,-6.9485009673198235,0.5738131403923035,0.6876979470252991,0.0004035498503556875,7.17141790609977e-05,0.0013934523201494249,0.12059163879973166
1781864727.105144,75.79074907302856,make_me_laugh,social_movie,social,2181,1,0.4681781436816528,0.4046489181307554,0.43641353090620405,1,0,0.567614060640335,0.6365211248397827,-0.014142844969356465,0.2467436825830928,-6.778345680306073,0.5736131072044373,0.6878613233566284,0.00025827330850584424,0.00014527654184984327,0.0005014427715408918,0.12112577076753747
1781864727.137454,75.82305908203125,make_me_laugh,social_movie,social,2182,1,0.4606392115709263,0.41367010983428953,0.4371546607026079,1,0,0.5676477789878845,0.6364824593067169,-0.014679031341671492,0.24867993377163838,-6.754870944628819,0.5735819935798645,0.6872761845588684,0.000585965417305564,0.0003276921087997198,0.00017872178436288593,0.12039661618849064
1781864727.173729,75.8593339920044,make_me_laugh,social_movie,social,2183,1,0.47748984189312227,0.4152517358301838,0.44637078886165305,1,0,0.5679125726222992,0.6364386737346649,-0.016221092702273503,0.24755456260902103,-6.727781045755166,0.5734550505876541,0.6872011423110962,0.00014746478298913762,0.0004385006343164264,0.0017998730933675559,0.12025233708478773
1781864727.208562,75.89416694641113,make_me_laugh,social_movie,social,2184,1,0.46824304775822645,0.4243442094043901,0.4462936285813083,1,0,0.5678967654705047,0.6362767398357392,-0.016275602287315623,0.24819510590719365,-6.848147825879178,0.573610931634903,0.687071830034256,0.0002025353446512344,5.507056166209677e-05,0.0007830843904381531,0.11996477849722693
1781864727.241931,75.92753601074219,make_me_laugh,social_movie,social,2185,1,0.4610222529309533,0.424363780434305,0.44269301668262917,1,0,0.5680656492710114,0.6363960206508636,-0.01781617823185782,0.24804011060129702,-6.625696691890918,0.5736813843250275,0.6869184970855713,0.00016874411011387326,3.379123453736113e-05,0.00045293286157218997,0.12012252503268074
1781864727.278487,75.96409201622009,make_me_laugh,social_movie,social,2186,1,0.483533994202572,0.4199425823386416,0.4517382882706068,1,0,0.5679882884025573,0.636203122138977,-0.015439815547868484,0.2489975996107546,-6.7688789291339,0.5737016499042511,0.6875259578227997,0.0006077986845784818,0.0004390545744646085,0.0013195846728293074,0.11990235878246094
1781864727.311012,75.99661707878113,make_me_laugh,social_movie,social,2187,1,0.4756107084234354,0.42354716185494085,0.4495789351391881,1,0,0.5682460904121399,0.6363778054714202,-0.018868078041607693,0.24789759579986137,-6.848415548877913,0.57394739985466,0.6876004040241241,0.0002567786498477565,0.0003510200347307253,0.0003288718275249685,0.11985004039774447
1781864727.347702,76.03330707550049,make_me_laugh,social_movie,social,2188,1,0.4710255859093596,0.4252967168983105,0.44816115140383506,1,0,0.5681154072284698,0.6365152537822723,-0.017358100479495393,0.2483871486473568,-7.187386635908185,0.5739634931087494,0.6876083612442017,1.795299915185646e-05,0.0002388256506959,9.170158165155724e-05,0.11980319013968602
1781864727.381346,76.06695103645325,make_me_laugh,social_movie,social,2189,1,0.46813042137915273,0.42571348077290466,0.4469219510760287,1,0,0.5680109798908234,0.636229509115219,-0.016507410869910668,0.24806931233078722,-6.874979780792438,0.5741751790046692,0.6878904104232788,0.00035265090096221454,0.00033469790181035806,0.0003449645004786559,0.1201005257683106
1781864727.41506,76.10066509246826,make_me_laugh,social_movie,social,2190,1,0.46841339110795777,0.4224931236056738,0.4454532573568158,1,0,0.5682653486728668,0.636538279056549,-0.01589198087776826,0.24784644571438347,-6.699867203065917,0.574009507894516,0.6882620453834534,0.000406889985577601,5.4239084615386455e-05,0.0004383850509222727,0.1211368805075779
1781864727.449496,76.1351010799408,make_me_laugh,social_movie,social,2191,1,0.4640410828761261,0.41948181300364457,0.44176144793988537,1,0,0.5682138562202453,0.636760151386261,-0.018982856250801122,0.2466598647330079,-7.113484292467757,0.5740255117416382,0.6878353953361511,0.0004269500977698908,2.0060112192289822e-05,0.0012272495180183642,0.12081699301678833
1781864727.4834838,76.16908884048462,make_me_laugh,social_movie,social,2192,1,0.47247718001010164,0.4302404274693493,0.4513588037397255,1,0,0.5683025658130646,0.636938488483429,-0.019049984798759752,0.24826124999019722,-6.7589675988465485,0.5742516666650772,0.6882557272911072,0.0004773101735275401,5.0360075757649285e-05,0.0003975106107717498,0.12010518772948495
1781864727.518983,76.20458793640137,make_me_laugh,social_movie,social,2193,1,0.4747581463446776,0.41831801565360205,0.44653808099913983,1,0,0.5684802949428558,0.6367869257926941,-0.017915882466864777,0.2489786861889327,-6.908360470969977,0.5742856562137604,0.6873257458209991,0.0009306023985376259,0.00045329222501008576,0.00016402332519434548,0.12055065067609227
1781864727.551747,76.23735213279724,make_me_laugh,social_movie,social,2194,1,0.4825764827628451,0.41183247221859987,0.44720447749072245,1,0,0.5684177339076997,0.6362373530864716,-0.016852623345372804,0.24671704041468004,-7.09401750862603,0.5742896199226379,0.6879609823226929,0.0006352488678243738,0.00029535353071325203,0.00018664634876841077,0.12007943756754474
1781864727.588203,76.27380800247192,make_me_laugh,social_movie,social,2195,1,0.475789800804178,0.4195783175604019,0.44768405918228993,1,0,0.5682779252529144,0.6361865878105164,-0.018569872424299985,0.24560489214968312,-6.710667822143464,0.5743684768676758,0.68793585896492,8.276231561817659e-05,0.0005524865522061973,0.0001532672760011955,0.12029282046970304
1781864727.620904,76.30650901794434,make_me_laugh,social_movie,social,2196,1,0.4743654912482827,0.41408278395874065,0.44422413760351165,1,0,0.5683584570884704,0.6359484791755676,-0.01760662963054925,0.24596313892037255,-6.644488362700744,0.5742769241333008,0.6875348091125488,0.000411367095498064,0.00032860477987988737,0.00028281799364963397,0.12128718210415174
1781864727.657312,76.34291696548462,make_me_laugh,social_movie,social,2197,1,0.4775249276118658,0.41306131385143346,0.4452931207316496,1,0,0.5683874011039733,0.6358056962490082,-0.01562697453181967,0.24547259733625812,-6.398717523288248,0.5741212218999863,0.6876958012580872,0.00022396798071189163,0.00018739911478617236,0.0005694402792064097,0.12069476394684638
1781864727.691236,76.37684106826782,make_me_laugh,social_movie,social,2198,1,0.4845998560331545,0.4204615553465143,0.4525307056898344,1,0,0.5683692693710327,0.6360516786575316,-0.018917346766428474,0.24754294128857646,-6.4696745121277255,0.574031412601471,0.686242938041687,0.0014556363679396008,0.001231668387227709,0.0006395235789672632,0.12046249305693509
1781864727.724757,76.41036200523376,make_me_laugh,social_movie,social,2199,1,0.4714650898700275,0.41641881823865506,0.4439419540543413,1,0,0.5682115733623505,0.6357832431793213,-0.01461015841667137,0.24624136686011666,-6.6505927774199876,0.5738053470849991,0.68670254945755,0.00051219944487408,0.0009434369230655208,0.00018226498143236744,0.1201884097897467
1781864727.759784,76.44538903236389,make_me_laugh,social_movie,social,2200,1,0.4776059935718687,0.4242026226473219,0.4509043081095953,1,0,0.5680837333202362,0.6357439815998077,-0.014621380579328717,0.24782525780222694,-6.528522336770825,0.5738740563392639,0.6872141659259796,0.0005162096205902887,4.010175716208657e-06,0.00022475663934980598,0.12012064395624611
1781864727.794369,76.47997403144836,make_me_laugh,social_movie,social,2201,1,0.4755925689980221,0.4293629263854173,0.45247774769171967,1,0,0.5682326972484588,0.6357321858406066,-0.0157022169819597,0.24967831032552879,-6.652689060843705,0.5738657116889954,0.6864285171031952,0.0007856931372556689,0.00026948351666538023,0.0006218569285587959,0.12049996378848912
1781864727.827266,76.5128710269928,make_me_laugh,social_movie,social,2202,1,0.4695156953488581,0.42493294905897094,0.4472243222039145,1,0,0.5680881261825561,0.6360648453235627,-0.015371427189929971,0.2483121548519701,-6.775300398015514,0.5738572478294373,0.6860483884811401,0.0003802228375888187,0.0004054702996668502,0.00017016105005643144,0.12171365663092171
1781864727.863266,76.54887104034424,make_me_laugh,social_movie,social,2203,1,0.45935055999927493,0.4211501586904419,0.44025035934485846,1,0,0.5680822014808655,0.6361334562301636,-0.014528690844673125,0.24788730047165763,-6.781070137877215,0.5738198161125183,0.6866973042488098,0.0006499944668701628,0.00026977162928134413,0.00019711549233067865,0.12170042121973426
1781864727.89921,76.58481502532959,make_me_laugh,social_movie,social,2204,1,0.4663138062300139,0.414402710212171,0.4403582582210924,1,0,0.5682502388954163,0.6362316191196442,-0.01569464024900207,0.24600320512332724,-6.745604949245589,0.5738257169723511,0.6879114508628845,0.0012141609533401416,0.0005641664864699787,0.0024281586024706594,0.12159325129099247
1781864727.9316611,76.6172661781311,make_me_laugh,social_movie,social,2205,1,0.4664248411326753,0.40907430713569826,0.4377495741341868,1,0,0.5682364642620087,0.6362592816352843,-0.017343951141702358,0.24620819587944778,-6.8293934545654436,0.5741463303565979,0.6884839236736298,0.0006561387514853528,0.0005580222018547888,0.003858054971026605,0.12189840806054784
1781864727.966186,76.65179109573364,make_me_laugh,social_movie,social,2206,1,0.46201899243194505,0.4129611620505786,0.4374900772412618,1,0,0.5684279322624206,0.6361097395420074,-0.017232312199903954,0.24693771223571195,-6.721803865344278,0.5741818398237228,0.6876624524593353,0.0008222383341646559,0.0001660995826793031,0.0026956503146075643,0.12072987963210022
1781864727.999479,76.68508410453796,make_me_laugh,social_movie,social,2207,1,0.45651186872886046,0.41128286984606605,0.43389736928746325,1,0,0.5684404253959656,0.6362055599689483,-0.01816137503227261,0.24699411709575886,-7.00710328839448,0.5743988156318665,0.6871799528598785,0.0005290409859316527,0.00029319734823300323,0.001959541267220942,0.12080399252036401
1781864728.034058,76.71966314315796,make_me_laugh,social_movie,social,2208,1,0.46300882554461587,0.40481574195888675,0.4339122837517513,1,0,0.5684655606746674,0.6359194755554198,-0.014082783696719546,0.24905364404723782,-6.695929512958306,0.5741003751754761,0.6866891980171204,0.0005743753317310063,4.5334345799353626e-05,0.0004089565822970472,0.1209113496192799
1781864728.069539,76.7551441192627,make_me_laugh,social_movie,social,2209,1,0.460630519360553,0.4144226677919128,0.4375265935762329,1,0,0.5683279156684875,0.6358573913574219,-0.01568460170756263,0.2465673427421042,-6.913908803770297,0.5740986764431,0.6874967813491821,0.0008075851186814135,0.00023320978695040725,0.0027546268418520404,0.12099972755529576
1781864728.103774,76.78937911987305,make_me_laugh,social_movie,social,2210,1,0.4530831258240591,0.4204856404934494,0.43678438315875423,1,0,0.5681427061557769,0.635939872264862,-0.01620929924075023,0.24835648580829375,-7.119034363924537,0.5742620527744293,0.6874966621398926,0.0001633763748205072,0.0006442087438609063,0.0003527226271639827,0.12117621387501748
1781864728.13784,76.82344508171082,make_me_laugh,social_movie,social,2211,1,0.4576978042003803,0.41516197105841324,0.4364298876293968,1,0,0.5683636009693146,0.6361835300922394,-0.012551204617150775,0.2458538243692433,-7.0205032760793715,0.57415571808815,0.6875308752059937,0.0001117031754166056,5.16731994039016e-05,0.00046260351465388425,0.12165942119446545
1781864728.173066,76.85867094993591,make_me_laugh,social_movie,social,2212,1,0.44586459624899377,0.4208014715726205,0.43333303391080713,1,0,0.5685553014278413,0.636355859041214,-0.009946381019016378,0.24762226420443603,-6.943467817182556,0.5737621188163757,0.6869986057281494,0.0006619903200091608,0.0005502871445925552,0.0027616932621522764,0.1224649196590866
1781864728.207017,76.89262199401855,make_me_laugh,social_movie,social,2213,1,0.39962655958783805,0.2667095236909399,0.33316804163938896,1,0,0.5689326822757721,0.6379764437675476,-0.01452189574824912,0.24856345734837476,-7.385962195595689,0.5738616734743118,0.6876198351383209,0.0006291558709722208,3.283444903693993e-05,0.00048352860629558426,0.13408001387143698
1781864728.243378,76.92898297309875,make_me_laugh,social_movie,social,2214,1,0.3534921209913983,0.2319823139607689,0.2927372174760836,1,0,0.5687912404537201,0.6388527989387512,-0.015080171669867267,0.24837354394134814,-6.878753957967912,0.5740037709474564,0.6883664429187775,0.000760009782642504,0.0001308539116702832,0.000427360117466585,0.1387349021930606
1781864728.2765,76.96210503578186,make_me_laugh,social_movie,social,2215,1,0.3676780718229366,0.2872997204908552,0.3274888961568959,1,0,0.5690661311149597,0.6384099841117858,-0.013223538152333198,0.24780294963572383,-6.666964392704182,0.5735652893781662,0.6880274415016174,0.0005542454757990126,0.00020576430684349147,0.000594715683536192,0.13498379498159555
1781864728.3095,76.99510502815247,make_me_laugh,social_movie,social,2216,1,0.38334192976919784,0.3459245375426242,0.36463323365591105,1,0,0.5686267971992492,0.6367001056671142,-0.01368326144313453,0.25053216068914874,-6.04134799209054,0.5737570971250534,0.6883570849895477,0.00038138568523320236,0.00017285979056581022,0.0005000996864329124,0.12932077516980564
1781864728.346623,77.03222799301147,make_me_laugh,social_movie,social,2217,1,0.4273713828893777,0.3785111094429598,0.4029412461661688,1,0,0.5689337372779846,0.6368985533714294,-0.013308357059244203,0.24811685452026247,-6.1673020498393765,0.5738778412342072,0.6884613335132599,0.0001595208280805253,0.00022186485715267704,0.002176253285463059,0.12537788612551787
1781864728.3792582,77.06486320495605,make_me_laugh,social_movie,social,2218,1,0.4148328812785647,0.3926042528698265,0.4037185670741956,1,0,0.5686286449432374,0.6371117234230042,-0.013575080828505625,0.2481025547633596,-6.786980279992401,0.5739101767539978,0.688508152961731,5.6900321574368954e-05,0.00010262050650615636,0.0010230165233944004,0.1270144749524635
1781864728.4125571,77.09816217422485,make_me_laugh,social_movie,social,2219,1,0.43645033524085847,0.3954102359872207,0.41593028561403955,1,0,0.5683717846870422,0.6366503834724426,-0.014276045723536784,0.2484418534171396,-6.805308544596981,0.57411690056324,0.6885325312614441,0.00020815627495833266,0.00015125595338396372,0.00016519835248546573,0.12371746096274273
1781864728.4473212,77.13292622566223,make_me_laugh,social_movie,social,2220,1,0.44911415171298386,0.3929949051805094,0.4210545284467466,1,0,0.5688947081565856,0.6366566359996795,-0.01426235445363914,0.24887061403492872,-6.556985747073156,0.5738251358270645,0.6892018616199493,0.0007301573735109068,0.0005220010985525741,0.0006370796400956817,0.1230797143077478
1781864728.483534,77.16913914680481,make_me_laugh,social_movie,social,2221,1,0.43601776341517473,0.40477711354075085,0.4203974384779628,1,0,0.5684739828109742,0.6368500649929048,-0.013758574330617558,0.24889114061706022,-6.38118700539,0.5738905519247055,0.6884674429893494,0.0007373262444826707,7.1688709717638915e-06,0.0015279630274003097,0.12381302953131182
1781864728.5170639,77.20266890525818,make_me_laugh,social_movie,social,2222,1,0.4358197923198607,0.398469686125473,0.4171447392226668,1,0,0.5687090575695037,0.6369872272014618,-0.01464287266917708,0.2468505848101222,-6.362475189309576,0.5740498453378677,0.6893528997898102,0.0008996711271121119,0.00016234488262944114,0.001054446310879094,0.12341814001919095
1781864728.5514948,77.23709988594055,make_me_laugh,social_movie,social,2223,1,0.42766304753810047,0.4003067025966793,0.4139848750673899,1,0,0.5687411069869995,0.6367503762245179,-0.013938139234891385,0.24886904078158129,-6.605702419322985,0.5741147398948669,0.6875008642673492,0.001853172112887867,0.0009535009857757551,0.0020069471858135436,0.12305842359958157
1781864728.58588,77.27148509025574,make_me_laugh,social_movie,social,2224,1,0.4360528738107205,0.4100115249405519,0.4230321993756362,1,0,0.5686370134353638,0.6372579038143158,-0.01456024723614745,0.2494575660617461,-6.7633502627911115,0.5741524547338486,0.6879110634326935,0.00041192931957863824,0.0014412427933092288,0.0004292430332257208,0.1222597253933102
1781864728.6212878,77.30689287185669,make_me_laugh,social_movie,social,2225,1,0.4554078383166261,0.41469479076340676,0.43505131454001644,1,0,0.5687109947204589,0.6373149216175079,-0.014532414346011395,0.25052609105930856,-6.585517789187375,0.5742024481296539,0.6878119707107544,0.00011098967143589746,0.00030093964814274077,0.0005045736146905874,0.12165685401234017
1781864728.656074,77.34167909622192,make_me_laugh,social_movie,social,2226,1,0.4506700868240141,0.415074450290445,0.43287226855722954,1,0,0.5689115405082703,0.6372785866260529,-0.014904265827120452,0.24916549967522117,-6.835373246855196,0.5742822885513306,0.6882307231426239,0.00042629578009889914,0.00031530610866300167,0.0016192920326784336,0.12193165686029363
1781864728.6892512,77.3748562335968,make_me_laugh,social_movie,social,2227,1,0.4678026205133758,0.41124322448616174,0.43952292249976876,1,0,0.5689087808132172,0.6370519399642944,-0.013545130791892337,0.2503443529397068,-6.739279932864779,0.5744065195322037,0.687617152929306,0.0006260205613872697,0.00019972478128837056,0.00020323421700672932,0.12210494291766505
1781864728.723967,77.4095721244812,make_me_laugh,social_movie,social,2228,1,0.4664473576545535,0.41790480378962536,0.4421760807220894,1,0,0.5687979876995086,0.6366685807704926,-0.009576354463175524,0.25000408791940604,-6.268508735535651,0.5742354989051819,0.6873753070831299,0.00029620511167024587,0.00032981544971702383,0.002093957143400721,0.12240232532852395
1781864728.7587972,77.44440221786499,make_me_laugh,social_movie,social,2229,1,0.4652964147883946,0.4246979854601699,0.44499720012428223,1,0,0.5685993254184722,0.6369949996471405,-0.012428270739276085,0.2512413980135558,-6.2431030898166,0.5742629170417786,0.6876822710037231,0.0003081859872875801,1.1980875617334204e-05,0.0004245525282957007,0.12207348063351604
1781864728.793592,77.47919702529907,make_me_laugh,social_movie,social,2230,1,0.4786600751340532,0.4132425336316978,0.44595130438287545,1,0,0.5689518451690674,0.6371544122695922,-0.011395505789028005,0.2486466390146268,-6.743558670417007,0.5740488767623901,0.6873442828655243,0.0004000615237232929,9.18755364357128e-05,0.001471561043443212,0.12185654183572364
1781864728.825283,77.51088809967041,make_me_laugh,social_movie,social,2231,1,0.46535051985166864,0.41853704332051134,0.44194378158609,1,0,0.5686414241790771,0.6369129717350006,-0.012250698779218668,0.25168088231736047,-6.332101016304384,0.5741060376167297,0.6870867013931274,0.00026384764200379436,0.0001362138817194985,0.00046199343340825244,0.12091293379003935
1781864728.8622348,77.54783987998962,make_me_laugh,social_movie,social,2232,1,0.4546737137342376,0.42404238605235667,0.43935804989329713,1,0,0.5687920570373535,0.6370366513729095,-0.012216877203977447,0.2505703863735787,-6.48688708136939,0.5740818530321121,0.6873108446598053,0.00022544422398932122,3.840341801447314e-05,0.00036843788202742874,0.12284874238128773
1781864728.89583,77.58143496513367,make_me_laugh,social_movie,social,2233,1,0.44809055924934027,0.4381370667686904,0.4431138130090153,1,0,0.5684795439243316,0.6372598767280578,-0.010906537731631505,0.2493234441450585,-6.556938821024812,0.5738237500190735,0.687878429889679,0.0006235143611099541,0.0003980701371206329,0.0003699421123233371,0.12271379019476591
1781864728.9315991,77.61720418930054,make_me_laugh,social_movie,social,2234,1,0.4735608865985679,0.43084093311283617,0.45220090985570205,1,0,0.5681613743305207,0.6372754991054534,-0.018271185564517938,0.2504667075931779,-6.686670923097238,0.5740030854940414,0.6881738901138306,0.0003456269038106018,0.00027788745729935235,0.0027466696013703526,0.12143631887691368
1781864728.9656792,77.65128421783447,make_me_laugh,social_movie,social,2235,1,0.47272082465424214,0.42846263178528426,0.45059172821976323,1,0,0.5681895196437836,0.6376538097858429,-0.018531526135564077,0.24889479641179793,-6.710956955145875,0.5740472674369812,0.6882539093494415,9.140635727177128e-05,0.0002542205465388305,0.003871984816460829,0.12212807012692278
1781864728.9990568,77.68466186523438,make_me_laugh,social_movie,social,2236,1,0.48953429959316774,0.4204094993909877,0.4549718994920777,1,0,0.5678776979446412,0.6383984327316284,-0.023870627966772348,0.24962750789610336,-6.549008235291363,0.5740858316421509,0.6885789334774017,0.0003273039591521324,0.00023589760188036114,0.0034754507155614336,0.12104804457267121
1781864729.032678,77.71828293800354,make_me_laugh,social_movie,social,2237,1,0.4654939259950635,0.399040396105203,0.43226716105013324,1,0,0.5679088830947876,0.6395021557807923,-0.020686848011185772,0.24875834994519463,-6.434718961759011,0.5740543901920319,0.6900417506694794,0.0014631550506434676,0.0011358510914913351,0.0051165773807994065,0.12200891962346823
1781864729.06549,77.75109505653381,make_me_laugh,social_movie,social,2238,1,0.4764319777262591,0.40156035521230504,0.4389961664692821,1,0,0.5681304454803466,0.6396427750587463,-0.014200805626311966,0.2473732445524222,-6.543434759995383,0.5737018287181854,0.6904794871807098,0.0005620612476456575,0.00090109380299781,0.004926735736821023,0.12153064192083994
1781864729.1000252,77.78563022613525,make_me_laugh,social_movie,social,2239,1,0.4569334021329836,0.41637355242635765,0.43665347727967063,1,0,0.5680689632892608,0.6387493789196015,-0.013306399259428408,0.24949278472647526,-7.117095804043576,0.5734759271144867,0.6894648671150208,0.0010394640023842026,0.000477402754738545,0.0013512993824268443,0.12105389952490277
1781864729.1363342,77.82193922996521,make_me_laugh,social_movie,social,2240,1,0.4571645397459824,0.41406762904039573,0.4356160843931891,1,0,0.5677248477935791,0.637574964761734,-0.01048301215306144,0.247328008003575,-6.810131475445224,0.5732340961694717,0.6893676221370697,0.0002606507082352275,0.0007788132941489751,0.0021690903266429837,0.12162454985907474
1781864729.171514,77.85711908340454,make_me_laugh,social_movie,social,2241,1,0.4590436644314079,0.4284485961367183,0.4437461302840631,1,0,0.5678669810295105,0.6375392556190491,-0.014276613536530433,0.24865451153954443,-7.166032957314024,0.5736526399850845,0.6889496147632599,0.0005915311404711451,0.0003308804322359176,0.003779644367331534,0.12104962593567165
1781864729.203849,77.88945412635803,make_me_laugh,social_movie,social,2242,1,0.44685470070995825,0.42264291651407754,0.4347488086120179,1,0,0.5679798185825349,0.6378288865089417,-0.016416520298846337,0.24976135585446183,-6.718540787933508,0.5740708112716675,0.6887558102607727,0.0004608984813456662,0.0001306326591254789,0.0004019334894261198,0.12107158236560911
1781864729.2408478,77.92645287513733,make_me_laugh,social_movie,social,2243,1,0.4520515492597871,0.428584466484659,0.440318007872223,1,0,0.5684332549571991,0.6389658749103546,-0.0136802093421917,0.25258449977300124,-6.677036618766137,0.5738634914159775,0.6882230043411255,0.0005717199231918019,0.00011082144184613573,0.00042620374005591883,0.12100141568639886
1781864729.27338,77.95898509025574,make_me_laugh,social_movie,social,2244,1,0.467410437563362,0.4284581790981646,0.4479343083307633,1,0,0.5684774935245513,0.6392235994338988,-0.013331841091810986,0.2518943099312604,-6.998852815004569,0.5736902505159378,0.6886392831802368,0.0004508885464706671,0.00012083137672113482,0.00015225684463899064,0.12130053387586087
1781864729.308946,77.99455094337463,make_me_laugh,social_movie,social,2245,1,0.47360742443851234,0.4331608348244137,0.453384129631463,1,0,0.5683968663215637,0.6382709860801696,-0.01097154230754082,0.24905902979221814,-7.202686267257721,0.5736220180988312,0.689630538225174,0.000993600637508618,0.0005427120910379509,0.0001838066737571261,0.119826557609349
1781864729.342752,78.02835702896118,make_me_laugh,social_movie,social,2246,1,0.4692656973167704,0.43871255680488924,0.45398912706082983,1,0,0.5684585273265839,0.637954020500183,-0.00983265279199788,0.248605195765169,-7.140786408067823,0.5737640112638474,0.6895813941955566,0.00015025709486855357,0.0008433435426400645,0.0008110602802321082,0.12061135234811746
1781864729.378036,78.06364107131958,make_me_laugh,social_movie,social,2247,1,0.4744523679767994,0.43682340831894284,0.4556378881478711,1,0,0.5683656334877014,0.6378796875476838,-0.01032001036610824,0.2488748861892827,-6.671523170693974,0.5741609930992126,0.6898241341114044,0.0004653141351343037,0.00031505704026575014,0.0011550668875225417,0.12064198248832965
1781864729.411687,78.09729194641113,make_me_laugh,social_movie,social,2248,1,0.4687771262810216,0.4205518453067369,0.44466448579387924,1,0,0.5687323391437531,0.6384439229965211,-0.0119095519304594,0.24970377339340374,-7.023600648132916,0.5744671672582626,0.6895757019519806,0.0003942856242699619,7.102851086434177e-05,0.0021014703569418648,0.12203797243026202
1781864729.4464011,78.13200616836548,make_me_laugh,social_movie,social,2249,1,0.4888279974674685,0.419025992142612,0.4539269948050403,1,0,0.5686624944210052,0.6389084875583648,-0.016040868146611483,0.24955204899922862,-6.778666860103764,0.5744605362415314,0.6906955242156982,0.0011198418962963545,0.0007255562720263925,0.0035505378598762205,0.12121699447698549
1781864729.481257,78.16686201095581,make_me_laugh,social_movie,social,2250,1,0.48388391394272445,0.4212680877541598,0.45257600084844213,1,0,0.5687218248844146,0.6387535393238069,-0.01775694671114684,0.2502839441275969,-6.591448034421466,0.5746433287858963,0.6892701983451843,0.0014369992872063845,0.00031715739091003,0.0015658377194270117,0.1203838388551247
1781864729.5149682,78.20057320594788,make_me_laugh,social_movie,social,2251,1,0.49497654250028206,0.4045321692586102,0.4497543558794461,1,0,0.5689805507659913,0.6385812759399414,-0.019125517422103985,0.24796053832247428,-6.622347089932149,0.5745537132024765,0.6890614330768585,0.0002271869055443485,0.001209812381662036,0.001796255835319337,0.12162713875151866
1781864729.5504482,78.2360532283783,make_me_laugh,social_movie,social,2252,1,0.4803291909063637,0.4092103927790911,0.4447697918427274,1,0,0.5687044262886047,0.6383237540721893,-0.017684069075144117,0.2512605110048939,-6.931075266527698,0.5746906399726868,0.6890764534473419,0.00013774814673770956,8.943875880663895e-05,0.0003692348662778973,0.12117748270972778
1781864729.5855732,78.27117824554443,make_me_laugh,social_movie,social,2253,1,0.46878218678045214,0.41428721642267363,0.4415347016015629,1,0,0.5688756048679351,0.6387703776359558,-0.017195267367232987,0.24896527245695746,-6.902110245513083,0.5747102797031403,0.689322292804718,0.0002466226036829936,0.00010887445694528406,0.0005321179556598318,0.12174005949267953
1781864729.619178,78.30478310585022,make_me_laugh,social_movie,social,2254,1,0.45918757588115516,0.4094155940060408,0.43430158494359794,1,0,0.56912242770195,0.6389478862285614,-0.01901073280419991,0.24767541526344103,-6.498438196227374,0.5750519931316376,0.6896260678768158,0.0004572169743605323,0.00021059437067753867,0.0035127964253687262,0.12164427978211993
1781864729.654968,78.34057307243347,make_me_laugh,social_movie,social,2255,1,0.4501031330120308,0.4098366511360132,0.42996989207402203,1,0,0.5695369839668274,0.639176470041275,-0.014819651904755881,0.24864591555393992,-6.343934483735468,0.5748469829559326,0.689871221780777,0.0003195772344363491,0.00013763973992418318,0.0006122874646481101,0.12133693743228952
1781864729.687958,78.37356305122375,make_me_laugh,social_movie,social,2256,1,0.4715267291987931,0.4141210610067966,0.44282389510279485,1,0,0.5694335699081421,0.6390662252902986,-0.01956920075366694,0.24895727350867738,-6.373633801724223,0.5753322839736938,0.6895779967308044,0.0005670079433054543,0.00024743070886910516,0.0016762730644704288,0.12109531541543321
1781864729.7217548,78.40735983848572,make_me_laugh,social_movie,social,2257,1,0.4844986142407659,0.4051176323683668,0.4448081233045663,1,0,0.5694665312767029,0.6388646841049195,-0.020491831787229707,0.2486100205004175,-6.416406730329933,0.5752888768911362,0.6891601979732513,0.0004200475885290661,0.0001469603547763882,0.0009552479224083735,0.12103173679060877
1781864729.756934,78.44253897666931,make_me_laugh,social_movie,social,2258,1,0.4731963023379018,0.40267961138452235,0.43793795686121206,1,0,0.5694040834903717,0.638947170972824,-0.017287963629433,0.24942229607048683,-6.4883105579833975,0.5750466883182526,0.6891389489173889,0.0002431189569129529,0.0001769286316161132,0.001649669940969248,0.12068145627887228
1781864729.790837,78.47644209861755,make_me_laugh,social_movie,social,2259,1,0.46800686197981733,0.4033180104840132,0.43566243623191525,1,0,0.5691025257110596,0.6386307418346404,-0.017627134428360815,0.25041399934793934,-6.947784438830779,0.5751694589853287,0.6890250444412231,0.00016747198686619817,7.564697004675471e-05,0.0016540868745030907,0.12057188948346242
1781864729.8262029,78.51180791854858,make_me_laugh,social_movie,social,2260,1,0.4660555727001702,0.41014434236629893,0.43809995753323455,1,0,0.5692281067371369,0.6393490493297577,-0.016396956230603683,0.24995563526199255,-7.024932168731948,0.5749764740467072,0.690017580986023,0.0010111241166631754,0.0008436521297969773,0.0015302664399318435,0.12117734124815033
1781864729.860317,78.54592204093933,make_me_laugh,social_movie,social,2261,1,0.47508146634830495,0.4112345301763512,0.44315799826232805,1,0,0.5690752804279328,0.6390449941158294,-0.014615640828965328,0.2495498281667458,-6.656609845181669,0.5747703611850739,0.6907504200935364,0.0007612724014646436,0.00024985171519853184,0.00023323072851143083,0.12140209470589458
1781864729.893545,78.57914996147156,make_me_laugh,social_movie,social,2262,1,0.49246024933948684,0.40839099678597257,0.4504256230627297,1,0,0.5692719638347625,0.6391243278980255,-0.018825729250066037,0.25009702081956203,-6.923051944487307,0.5748777389526367,0.6898568272590637,0.0009000211879659617,0.00013874878650131813,0.0021601384055287215,0.12035211669679749
1781864729.928791,78.61439609527588,make_me_laugh,social_movie,social,2263,1,0.4726504187380812,0.4183703674442301,0.4455103930911557,1,0,0.5689355194568635,0.6392614066600799,-0.014720212116929086,0.24904606849677474,-6.838063878719088,0.574721097946167,0.690268337726593,0.0004403149665796399,0.00045970622138632176,0.0030509658398244436,0.12070043054168456
1781864729.964065,78.64967012405396,make_me_laugh,social_movie,social,2264,1,0.46185647179016726,0.41748342428883406,0.43966994803950066,1,0,0.5688002586364747,0.6392896890640258,-0.013565839009243654,0.2495461772616803,-6.985818249444566,0.5745567828416824,0.6899785101413727,0.00033316584866462963,0.00010714911791501029,0.002219268592904984,0.12135963372080921
1781864729.9991522,78.68475723266602,make_me_laugh,social_movie,social,2265,1,0.4621089538498129,0.4254097720605442,0.44375936295517854,1,0,0.5687608897686005,0.6395523130893708,-0.01436821421353284,0.2499880058777971,-6.931353259278709,0.5744196623563766,0.690668374300003,0.000703359499014042,0.00037019365034941234,0.0024497092954281928,0.12074364070234014
1781864730.032628,78.71823310852051,make_me_laugh,social_movie,social,2266,1,0.4702429783974276,0.41543809669858034,0.442840537548004,1,0,0.5687635719776154,0.6394599735736847,-0.014232292175516774,0.250528738157522,-6.773810070805639,0.5745264440774918,0.6897337734699249,0.000940681161471317,0.000237321662457275,0.0015245142051556653,0.11999496670433843
1781864730.065572,78.75117707252502,make_me_laugh,social_movie,social,2267,1,0.4683503666816651,0.4079775554469533,0.4381639610643092,1,0,0.5688336670398713,0.6398058116436005,-0.01721433854750672,0.2498681024517394,-6.775214328686692,0.5748902857303619,0.6898427307605743,0.00037980579188443686,0.0005608753695868802,0.0008876808156839474,0.12021479999839553
1781864730.104151,78.7897560596466,make_me_laugh,social_movie,social,2268,1,0.4605139364205091,0.4113708069144274,0.43594237166746824,1,0,0.5688374817371369,0.6400121629238129,-0.01452901253400097,0.25121555257970235,-6.962050161558069,0.5747598260641098,0.689503937959671,0.00036304309174330204,1.676270014113482e-05,0.001774827274650388,0.12085125593572882
1781864730.1354198,78.82102489471436,make_me_laugh,social_movie,social,2269,1,0.4738472678943839,0.4293131846365163,0.45158022626545014,1,0,0.5688635587692261,0.6399558365345002,-0.015254825586299953,0.2512573559664504,-6.822030787790031,0.574458509683609,0.6898556053638458,0.0004630999074898897,0.00010005681574658763,0.00028200458241251766,0.11988808908827624
1781864730.168739,78.85434412956238,make_me_laugh,social_movie,social,2270,1,0.46631760470608663,0.4297799124627495,0.44804875858441806,1,0,0.5687002003192901,0.6402278184890747,-0.014742867390966407,0.25100404620810957,-7.019683084914017,0.5740808844566345,0.690859466791153,0.001072538380330811,0.0006094384728409213,0.001392956612419428,0.12034334424735538
1781864730.204301,78.88990616798401,make_me_laugh,social_movie,social,2271,1,0.47101440037626024,0.4239394105598934,0.44747690546807684,1,0,0.5679466784000397,0.6409467577934265,-0.011235803141151529,0.2486384467842521,-6.801455427670113,0.5735674798488617,0.6921590864658356,0.0013973530656582545,0.00032481468532744354,0.00032914942659041825,0.12250198771736256
1781864730.238229,78.92383408546448,make_me_laugh,social_movie,social,2272,1,0.45528063341149017,0.4228555532108364,0.43906809331116325,1,0,0.5675674736499786,0.6429972112178802,-0.015985520318393096,0.24591252580526815,-7.2651688605980915,0.5737888514995575,0.694454699754715,0.0023062622964033067,0.0009089092307450523,0.002433788206144098,0.12206395031828259
1781864730.272305,78.95791006088257,make_me_laugh,social_movie,social,2273,1,0.4660815141457084,0.4205975674985629,0.44333954082213567,1,0,0.567819494009018,0.6427883803844452,-0.012694638535020375,0.2477209415753655,-6.734515597775098,0.5738457441329956,0.694510817527771,7.991230313469453e-05,0.002226349993268612,0.00020816022822959732,0.12078436964051209
1781864730.307838,78.99344301223755,make_me_laugh,social_movie,social,2274,1,0.49275741811367807,0.40725277477536376,0.4500050964445209,1,0,0.5680104315280914,0.6417487859725952,-0.019023564821492214,0.25060692322112194,-6.963761968592137,0.5739560723304749,0.6937036216259003,0.0008147008869247149,0.0007347885837900203,0.00804707523143973,0.11913889303096449
1781864730.3419452,79.0275502204895,make_me_laugh,social_movie,social,2275,1,0.49292874500040224,0.3880272666194619,0.44047800580993207,1,0,0.5683531880378723,0.640798705816269,-0.017670610349540254,0.2505399058706666,-6.453169574502634,0.5738343894481659,0.6916162669658661,0.002090898419487045,0.00127619753256233,0.0035232686115444297,0.12009706480588428
1781864730.3773608,79.06296586990356,make_me_laugh,social_movie,social,2276,1,0.4704119846813766,0.3962591319409386,0.4333355583111576,1,0,0.5684293508529663,0.6404690742492676,-0.02027524272216467,0.24980387787068187,-7.068921572626552,0.5742853134870529,0.6908347010612488,0.0009023179883535847,0.0011885804311334602,0.0016818993669285077,0.12036042010501598
1781864730.410686,79.09629106521606,make_me_laugh,social_movie,social,2277,1,0.47844532650105903,0.42763401475959695,0.453039670630328,1,0,0.5685230970382691,0.6408446550369262,-0.015095801113102944,0.24852765118285103,-6.666669780017249,0.574134573340416,0.6912508010864258,0.0004425627896247432,0.00045975519872884144,0.0012460508426147979,0.12037902032683905
1781864730.44453,79.13013505935669,make_me_laugh,social_movie,social,2278,1,0.4631991207409444,0.41966909047960593,0.4414341056102752,1,0,0.5687306225299835,0.641465139389038,-0.016169697767591053,0.2487472375246069,-7.214728158662674,0.5738872289657593,0.6915872097015381,0.0004175523871277489,2.5010402496994345e-05,0.0016869085213617324,0.12132673170645616
1781864730.47968,79.16528511047363,make_me_laugh,social_movie,social,2279,1,0.4683328143365429,0.430052668226475,0.44919274128150893,1,0,0.5685228347778319,0.6410693407058716,-0.017353688584270197,0.25039664383519483,-7.104879640626767,0.573988139629364,0.6923302710056305,0.0007498820331683225,0.0003323296460405736,0.0008622654293867609,0.12070492126675492
1781864730.5158029,79.20140790939331,make_me_laugh,social_movie,social,2280,1,0.48123894566468195,0.42611001963371103,0.4536744826491965,1,0,0.5684942603111267,0.6404346346855163,-0.016530611276796166,0.25052410491008636,-7.1860534276102594,0.5740733444690704,0.6918548047542572,0.0004830403926219488,0.0002668416405463737,0.00021857515634646378,0.12004826059299388
1781864730.548259,79.23386406898499,make_me_laugh,social_movie,social,2281,1,0.47777711749620244,0.40997442982080096,0.4438757736585017,1,0,0.5684570729732514,0.6402924537658692,-0.015836051286015645,0.24867348059808403,-7.0584499115838835,0.5738436430692673,0.6921028792858124,0.00033808831135940175,0.00014495208126254704,0.00023648756147609981,0.11944730025000959
1781864730.5828538,79.2684588432312,make_me_laugh,social_movie,social,2282,1,0.4516940533662064,0.4254969646535215,0.43859550900986394,1,0,0.5683440029621124,0.6402892768383026,-0.011902335827153885,0.2502496691557316,-7.27738311373642,0.5735996812582016,0.691376119852066,0.0007666137487664444,0.0004285254374070427,0.00039008275756337497,0.1195838159894657
1781864730.616908,79.3025131225586,make_me_laugh,social_movie,social,2283,1,0.4512338787996633,0.42263169315878196,0.43693278597922264,1,0,0.5679759800434112,0.6402596890926361,-0.009559843760783199,0.2503172159782288,-7.01043351961201,0.5737283229827881,0.6912918984889984,0.00015375932915291535,0.0006128544196135291,0.0011213593834959526,0.12006100500891942
1781864730.653213,79.3388180732727,make_me_laugh,social_movie,social,2284,1,0.4550513887332027,0.4329568922567444,0.44400414049497355,1,0,0.5682513952255248,0.6404085099697112,-0.007803887614964978,0.24907474140636113,-6.891185157230598,0.573474183678627,0.6916065514087677,0.00040446661894254167,0.0002507072897896263,0.0003470909941379932,0.12122678848758153
1781864730.6869602,79.37256526947021,make_me_laugh,social_movie,social,2285,1,0.458038082274055,0.44211949993477156,0.4500787911044133,1,0,0.5681687116622924,0.6407129228115083,-0.011046284037720892,0.25109359342856513,-7.456796791288394,0.5739255994558334,0.6910198330879211,0.0007402800766790102,0.00033581345773646854,0.00010841707494871436,0.12104462306137052
1781864730.7218869,79.40749192237854,make_me_laugh,social_movie,social,2286,1,0.4709919782762594,0.4407325787363049,0.45586227850628214,1,0,0.5682579398155212,0.6406458795070649,-0.012450513716556456,0.249510046507485,-6.843260824115398,0.5740455240011215,0.6920016705989838,0.0009891343663487782,0.00024885428966976795,0.0022782476610747845,0.12097041579469145
1781864730.7544231,79.4400281906128,make_me_laugh,social_movie,social,2287,1,0.4781408622266619,0.4257290265174212,0.45193494437204157,1,0,0.5684846460819244,0.6403276443481445,-0.011296958776078581,0.2502152827186385,-6.768798820316796,0.5739134550094604,0.6908863186836243,0.0011231438526094824,0.00013400948626070427,0.00014074091861698685,0.12124219333201776
1781864730.790635,79.47624015808105,make_me_laugh,social_movie,social,2288,1,0.4746397814267863,0.4268194348976711,0.45072960816222873,1,0,0.5682384729385376,0.6403126835823059,-0.010607067256797432,0.25186732510027326,-6.654237013589784,0.5737250447273254,0.6906014382839203,0.0003415483517010338,0.0007815955009084486,0.0009159594036446282,0.12159761402397508
1781864730.823942,79.50954699516296,make_me_laugh,social_movie,social,2289,1,0.4654073447647136,0.43452068369995644,0.449964014232335,1,0,0.5684114694595337,0.6402234852313995,-0.010944898683646615,0.25208330396903167,-6.819845383173039,0.5737859457731247,0.6903687715530396,0.00024050518713360932,0.00010104316456742448,5.674542487382999e-05,0.1224023578422831
1781864730.859086,79.54469108581543,make_me_laugh,social_movie,social,2290,1,0.45179264617273246,0.4225433798360661,0.4371680130043993,1,0,0.5683883368968964,0.6398179769515991,-0.010206726331074138,0.2525064185511215,-6.593880054161562,0.5737493634223938,0.6903305947780609,5.287470598280263e-05,0.0001876304811508067,0.0001371414839068659,0.12160124038155311
1781864730.8928142,79.57841920852661,make_me_laugh,social_movie,social,2291,1,0.4541832245463198,0.41008146725541456,0.4321323459008672,1,0,0.5684049665927886,0.6391042530536651,-0.010839240504587637,0.2495031901899697,-6.697438176290029,0.5736711919307709,0.6910845935344696,0.0007580401749039468,0.0007051654689211441,0.0004517410447085115,0.12098093518099383
1781864730.928393,79.61399793624878,make_me_laugh,social_movie,social,2292,1,0.46165110933835307,0.41880294550554353,0.4402270274219483,1,0,0.5683312892913819,0.6385645151138306,-0.010213356274895502,0.25063733459693127,-6.9689884403188085,0.5737809538841248,0.6902312934398651,0.0008603305980006146,0.00010229042309666783,0.00029874535820193665,0.12095289665478381
1781864730.960921,79.64652609825134,make_me_laugh,social_movie,social,2293,1,0.4601247052848323,0.4069944077173474,0.43355955650108985,1,0,0.568475466966629,0.6387419044971466,-0.0121004207203932,0.25175498140798364,-7.021547441632606,0.5737845748662949,0.689528077840805,0.0007032249215388155,0.00015710567646179906,0.0004553407996053748,0.12111940734398118
1781864730.996833,79.6824381351471,make_me_laugh,social_movie,social,2294,1,0.3119001268980277,0.2079470573626527,0.2599235921303402,1,0,0.5686811864376068,0.6413878560066223,-0.015709040848353135,0.2537681651588878,-6.713559508008215,0.5741086453199387,0.6901299357414246,0.0006835602325055326,1.966468903328298e-05,0.0006780687774591858,0.14006905808852127
1781864731.031444,79.71704912185669,make_me_laugh,social_movie,social,2295,1,0.09314379325732121,0.13934237861293186,0.11624308593512653,0,1,0.5690371215343475,0.6450792789459228,-0.017189235456074765,0.2515047447691562,-5.308335407175059,0.5742277204990387,0.6913677155971527,0.0012434942177284559,0.0005599339852229233,0.0035120016332833783,0.15688938333472657
1781864731.063415,79.74902009963989,make_me_laugh,social_movie,social,2296,1,0.1655515837061853,0.12833620250332373,0.14694389310475453,0,1,0.5687277436256408,0.6443331241607666,-0.01675682787939001,0.24751908927621669,-6.521683882935177,0.574327364563942,0.692882776260376,0.0015183338739937831,0.00027483965626532727,0.0007521823042347994,0.14955459093534468
1781864731.100684,79.78628897666931,make_me_laugh,social_movie,social,2297,1,0.25898895352762163,0.24328147093666766,0.25113521223214463,1,0,0.5698805212974549,0.641315221786499,-0.019539621973791214,0.24878232032116432,-5.609459200862218,0.5744051039218903,0.6917498409748077,0.0011355992995153695,0.00038273457447841365,0.0005471896423181877,0.13898693716501873
1781864731.134505,79.82011008262634,make_me_laugh,social_movie,social,2298,1,0.3623047972829523,0.29576688190602163,0.32903583959448696,1,0,0.5692617893218994,0.6392359912395478,-0.01733953702263105,0.24846740442429796,-5.691830033827219,0.5745327919721603,0.6906309425830841,0.0011261606675707985,9.438631944570959e-06,0.0006486576208688731,0.13030715021783673
1781864731.167281,79.85288596153259,make_me_laugh,social_movie,social,2299,1,0.4310341283340215,0.3468570801363353,0.38894560423517843,1,0,0.5694549202919006,0.6379417955875397,-0.019548339402580696,0.24755173492895183,-5.595289432592228,0.5749943852424622,0.6902545392513275,0.0005956070981321419,0.0005305535694386566,0.0048273068789448075,0.12510006086793624
1781864731.202294,79.88789916038513,make_me_laugh,social_movie,social,2300,1,0.44231984525828977,0.37186791941155856,0.40709388233492416,1,0,0.5699376940727234,0.6380629718303681,-0.02138990673774443,0.24792238554183774,-6.400282952102044,0.5750330239534378,0.6895581185817719,0.0006974917196427632,0.00010188462151062129,0.0040610927571499205,0.12560322111384212
1781864731.2369459,79.92255091667175,make_me_laugh,social_movie,social,2301,1,0.4317624065598355,0.39599419989237894,0.4138783032261072,1,0,0.5695004880428314,0.6379803001880646,-0.01577471871518645,0.2488401323864617,-6.311702136243952,0.5751679241657257,0.689922422170639,0.0003884780201463579,0.0003090136994964053,0.0032031573051098695,0.12343183249059983
1781864731.271004,79.95660901069641,make_me_laugh,social_movie,social,2302,1,0.442206166248724,0.39253506188541604,0.41737061406707,1,0,0.5696927845478057,0.6373131573200226,-0.01648757347796586,0.2497212373169724,-6.5428679768053035,0.5751905143260956,0.689147025346756,0.0007757258213012305,0.0003872478011548726,0.0017603053050797802,0.12201348979651781
1781864731.3075001,79.99310517311096,make_me_laugh,social_movie,social,2303,1,0.44187572246956913,0.4027226791436513,0.4222992008066102,1,0,0.5694203495979309,0.6370723783969878,-0.012140372905107116,0.24991942164900793,-6.113819594864886,0.5747612863779068,0.6891089677810669,0.00043091183531266655,0.00034481398598856393,0.0004411175469318332,0.12159948560999517
1781864731.341732,80.02733707427979,make_me_laugh,social_movie,social,2304,1,0.4404781245331061,0.38013535021657974,0.4103067373748429,1,0,0.569266790151596,0.6367725312709809,-0.013707071855772421,0.24974395672436336,-6.433500918891646,0.5747965425252914,0.6885597407817841,0.000550357422653349,0.00011944558734068242,0.0003188744932987277,0.12187550431285464
1781864731.3740008,80.05960583686829,make_me_laugh,social_movie,social,2305,1,0.45341901229316717,0.3885099513561768,0.42096448182467194,1,0,0.5695205330848694,0.6371150135993957,-0.011140604461838783,0.24943895924004908,-6.496590394858969,0.5745926201343536,0.6886354982852936,0.0002175397454806505,0.00033281767717269846,0.0002479599655126863,0.12196246259610122
1781864731.4106061,80.09621119499207,make_me_laugh,social_movie,social,2306,1,0.4546293814857405,0.40519969655089066,0.42991453901831556,1,0,0.569165563583374,0.6374118506908417,-0.014413359030281596,0.2497411380593395,-6.838304448065718,0.5745808929204941,0.6883910894393921,0.0002446900314679896,2.71502859873391e-05,0.0010975600980798219,0.12202779399962771
1781864731.444461,80.13006615638733,make_me_laugh,social_movie,social,2307,1,0.4488885398724255,0.42402797590311486,0.43645825788777015,1,0,0.5689464688301087,0.6383813321590424,-0.015059511242195612,0.24876852100127583,-7.1844050057376565,0.5745983570814133,0.6887562572956085,0.00036558522963915695,0.00012089519817116734,0.0036566718510772367,0.12196288314243743
1781864731.478676,80.16428112983704,make_me_laugh,social_movie,social,2308,1,0.44635183940253864,0.41746834772049407,0.43191009356151633,1,0,0.5690726876258849,0.6383410096168518,-0.014006805286123492,0.249336004353892,-7.272371902699726,0.5744451135396957,0.6891787648200989,0.0004494398639741487,8.385463433499177e-05,0.0034261741710623337,0.12140049226940482
1781864731.512415,80.19801998138428,make_me_laugh,social_movie,social,2309,1,0.45654467718832403,0.43271134176139814,0.4446280094748611,1,0,0.568837183713913,0.6381578087806702,-0.011874972140653015,0.25122362209557886,-7.0222131790324,0.5743292421102524,0.6885285675525665,0.0006604412728379261,0.00021100140886377736,0.0056678040311860705,0.12141706379676333
1781864731.54913,80.23473501205444,make_me_laugh,social_movie,social,2310,1,0.45523404784589705,0.41992264080307246,0.4375783443244847,1,0,0.5689103364944459,0.6379420042037964,-0.014584344135821145,0.24909186990688703,-6.977360745431911,0.5746503174304962,0.6893501281738281,0.000882072114782812,0.00022163084194488588,0.005880293398969195,0.12151856474510618
1781864731.581116,80.26672101020813,make_me_laugh,social_movie,social,2311,1,0.4368083685269553,0.4108622430971112,0.42383530581203327,1,0,0.5690046310424804,0.6374962449073791,-0.013091139182284996,0.24993776235415002,-7.0963388024980025,0.5748795568943024,0.688450962305069,0.0009279277942316087,4.585567944879673e-05,0.007469431975048247,0.12145985174220655
1781864731.617122,80.30272698402405,make_me_laugh,social_movie,social,2312,1,0.44366886022559193,0.39676544191184293,0.42021715106871743,1,0,0.5691357970237731,0.6377840459346771,-0.013008656189873196,0.25124044162378606,-7.050707532622007,0.5748426020145416,0.6877727806568146,0.0006791877584049776,0.00024874003582663106,0.002145517541885506,0.12216482050114992
1781864731.650285,80.33589005470276,make_me_laugh,social_movie,social,2313,1,0.44321686912960206,0.41743401244689265,0.43032544078824736,1,0,0.569212907552719,0.637641042470932,-0.012061324989685512,0.25040793117838844,-6.66529217837688,0.5745408535003662,0.6886888146400452,0.0009644534329040324,0.00028526567449905474,0.00027780534763655566,0.12088113231069136
1781864731.684087,80.36969208717346,make_me_laugh,social_movie,social,2314,1,0.45155042178018623,0.4209719536142531,0.43626118769721967,1,0,0.5690164566040039,0.6375876605510711,-0.015547638567981116,0.2497279912599046,-6.475030391289146,0.574920728802681,0.6879462897777557,0.000834055403691304,0.00013039802921272837,0.0032337810808556267,0.12164825674901016
1781864731.720036,80.40564107894897,make_me_laugh,social_movie,social,2315,1,0.4558467755734936,0.4183260248718116,0.4370864002226526,1,0,0.5692741274833679,0.6373633623123169,-0.013335859359940952,0.25157158047018857,-6.343918924925833,0.5749473720788956,0.6878518760204315,9.810107919653034e-05,0.0007359543244947736,0.004684769659528267,0.12113875818994713
1781864731.7548292,80.440434217453,make_me_laugh,social_movie,social,2316,1,0.45557161700643206,0.42317195827640985,0.43937178764142093,1,0,0.5693432867527009,0.6373698532581329,-0.010561016999708829,0.25022048152836857,-6.481616734541393,0.5747975409030914,0.6884455680847168,0.0006123068254055033,0.000514205746208973,0.002980827623742037,0.12164932239042837
1781864731.7871182,80.47272324562073,make_me_laugh,social_movie,social,2317,1,0.4612010450782965,0.4336569817634536,0.44742901342087504,1,0,0.5692812621593475,0.6373324513435363,-0.009604115990756485,0.25101949189188594,-6.823365927011527,0.5747604370117188,0.688414067029953,4.867253030434345e-05,0.0005636342951011599,0.00010891855207901673,0.12038817881234058
1781864731.822931,80.50853610038757,make_me_laugh,social_movie,social,2318,1,0.4600043678300573,0.43812012404632883,0.4490622459381931,1,0,0.5691609323024749,0.6374993860721587,-0.008293769599358809,0.2509893486916898,-6.852654838757604,0.5745456665754318,0.6882486939430237,0.0002710619821801086,0.00022238945187576513,0.00011436137174548872,0.1206279354590844
1781864731.8579042,80.54350924491882,make_me_laugh,social_movie,social,2319,1,0.46275426140236153,0.4411010724593924,0.45192766693087694,1,0,0.5690985679626466,0.6369483053684235,-0.006794474751042532,0.2508745950492012,-6.643599516299522,0.5744349509477615,0.6887800097465515,0.0005427286921555296,0.00027166670997542106,0.0005253063884241008,0.12003317688226202
1781864731.891327,80.57693195343018,make_me_laugh,social_movie,social,2320,1,0.4471532031384961,0.4411974015444374,0.44417530234146674,1,0,0.5689696192741394,0.6374112069606781,-0.009250283174662654,0.25046101858247694,-6.440710922427978,0.5744030922651291,0.688813179731369,4.599155957203929e-05,0.0004967371325834903,0.0004988919566444083,0.1210727812820916
1781864731.926635,80.61224007606506,make_me_laugh,social_movie,social,2321,1,0.44807767863811876,0.4227568054676374,0.4354172420528781,1,0,0.5689545750617981,0.6372155129909516,-0.012346713721695202,0.2505746940858308,-6.42813539218839,0.5746522396802902,0.6885984241962433,0.00032892913271495664,0.00028293757314291733,0.0005382235533658368,0.12182077845684504
1781864731.96092,80.64652514457703,make_me_laugh,social_movie,social,2322,1,0.4530237774745159,0.43554265999995734,0.44428321873723664,1,0,0.5691690266132354,0.6371206760406494,-0.011523518240578488,0.24982721654610524,-6.379295094019051,0.5745285302400589,0.6888224184513092,0.00025588562270061765,7.304351001433899e-05,0.0004175786262249427,0.12116226528964906
1781864731.9938,80.67940497398376,make_me_laugh,social_movie,social,2323,1,0.4344356604121787,0.43244756036551424,0.43344161038884643,1,0,0.5690544247627258,0.6374247193336486,-0.011683463150311307,0.2501904699284933,-7.000811401910179,0.5745402425527573,0.6885372400283813,0.00028541883464894817,2.9533211948330512e-05,0.0006519256185194782,0.12193212606513339
1781864732.029633,80.71523809432983,make_me_laugh,social_movie,social,2324,1,0.45557471571757424,0.4263024487292992,0.44093858222343674,1,0,0.5690961003303527,0.6373267114162445,-0.011272784928410258,0.2490864965933701,-7.056041925755921,0.5745368450880051,0.6890370845794678,0.0004998560973095486,0.0002144372626606004,0.0008949342026142923,0.1212421112824885
1781864732.064529,80.75013399124146,make_me_laugh,social_movie,social,2325,1,0.45633283489818605,0.4276648966656016,0.44199886578189385,1,0,0.5691262066364289,0.6373899638652802,-0.01245611225179513,0.24918551009910164,-7.111505993780371,0.5744412392377853,0.6882951855659485,0.0007480338393796956,0.000248177742070147,0.0028917312504138874,0.12036712328864088
1781864732.098312,80.78391695022583,make_me_laugh,social_movie,social,2326,1,0.46266216847041886,0.4339830714576114,0.4483226199640151,1,0,0.5691373884677887,0.6373925089836121,-0.009355863166164283,0.24887786127873687,-6.953854167148497,0.5742576122283936,0.6883742809295654,0.00019993737800588229,0.0005480964613738133,0.0026251149448550696,0.12070027733013541
1781864732.133566,80.81917095184326,make_me_laugh,social_movie,social,2327,1,0.44918629285816136,0.4382069588951275,0.44369662587664443,1,0,0.5690577566623688,0.6375042140483856,-0.008048504037071127,0.2500656159791214,-7.1373715426865365,0.5743841230869293,0.6884961724281311,0.0001756773598106552,2.426001819522708e-05,0.0024110004944065838,0.12088017683743872
1781864732.167256,80.85286116600037,make_me_laugh,social_movie,social,2328,1,0.4286167962083784,0.4287622549265133,0.4286895255674459,1,0,0.5691354811191558,0.6374044179916383,-0.0048024661690517206,0.25120147799920745,-7.194035636772139,0.5743229389190674,0.6881638765335083,0.0003378817307581555,0.00016220437094750028,0.00034398308460635823,0.1216363399005119
1781864732.200667,80.88627195358276,make_me_laugh,social_movie,social,2329,1,0.4479763896471611,0.43452228867974935,0.4412493391634552,1,0,0.5691773891448975,0.6374821662902832,-0.006309524823031352,0.24989184108231996,-7.074474210034784,0.5741500407457352,0.6885533332824707,0.00042611071056003756,8.822897980188208e-05,0.0016193894932687047,0.1214550757552102
1781864732.236792,80.92239713668823,make_me_laugh,social_movie,social,2330,1,0.45037449801717355,0.4290814578189828,0.43972797791807816,1,0,0.5690878629684448,0.6374128580093383,-0.009141159020988157,0.24788817872960464,-7.040852086313947,0.5744417905807495,0.6885548532009125,0.0002917537941192302,0.00013435691644080738,0.0007306841741355635,0.12164020623614873
1781864732.269784,80.95538902282715,make_me_laugh,social_movie,social,2331,1,0.44150730878259553,0.43082856544475356,0.4361679371136745,1,0,0.5692454814910889,0.6375486731529236,-0.010075277853996133,0.24902490552575926,-7.008447497190542,0.5743924826383591,0.6885063350200653,6.917576928012897e-05,0.00022257802483910123,0.0026907215715408534,0.12219983709025167
1781864732.305436,80.9910409450531,make_me_laugh,social_movie,social,2332,1,0.45379267412299357,0.4313382600232292,0.4425654670731114,1,0,0.5691815495491028,0.6372472763061523,-0.011355846978785866,0.25044613103716906,-7.015714966271714,0.5747024714946747,0.6878721714019775,0.0007058729245027258,0.0006366971552225968,0.004634776369089014,0.12126373716494074
1781864732.340348,81.0259530544281,make_me_laugh,social_movie,social,2333,1,0.4551469733039415,0.4405258314801718,0.4478364023920567,1,0,0.5694261848926545,0.637774795293808,-0.013824820193140366,0.2488667326367375,-6.914351754364108,0.574843555688858,0.6879755258560181,0.00017489108901936823,0.0005309818354833576,0.0033530377281319325,0.12207843938455419
1781864732.373329,81.05893397331238,make_me_laugh,social_movie,social,2334,1,0.4560853319972191,0.4387482116613661,0.4474167718292926,1,0,0.5693872749805451,0.637214070558548,-0.01203381219183739,0.24860767914107043,-6.715489859442438,0.5748424232006073,0.6885834336280823,0.0006079088269351813,0.00043301773791581315,0.002704168716406999,0.12111831739169802
1781864732.409091,81.09469604492188,make_me_laugh,social_movie,social,2335,1,0.4495546973576833,0.4216724945203982,0.4356135959390407,1,0,0.5693879961967468,0.6371174514293672,-0.010533308897564913,0.24961251186348624,-6.80022617725002,0.574363112449646,0.6876466274261475,0.00105230445022846,0.00044439562329327863,0.003197703690624987,0.12177950436040834
1781864732.443451,81.12905597686768,make_me_laugh,social_movie,social,2336,1,0.44859973366480127,0.43818778824134086,0.44339376095307104,1,0,0.5690562844276428,0.6372233033180237,-0.009896866524940599,0.2497234236963112,-6.991880529772908,0.5744608342647552,0.6874696612358093,0.0002021548556702014,0.0008501495945582586,0.000963787629653526,0.12088865685664052
1781864732.4764469,81.16205191612244,make_me_laugh,social_movie,social,2337,1,0.4682259905197019,0.44884656679759927,0.45853627865865054,1,0,0.5691470921039581,0.6370222091674804,-0.01053687571166566,0.24932391767448914,-7.014076567931508,0.5745427310466766,0.6880683600902557,0.0006042742764709782,0.00040211942080077675,0.0021282579412731555,0.1193888654613232
1781864732.512257,81.19786214828491,make_me_laugh,social_movie,social,2338,1,0.4527616158868043,0.4385377104452844,0.4456496631660444,1,0,0.5690180301666259,0.6373598933219911,-0.011696420640727243,0.24895709587037582,-6.765444468802492,0.5746026486158371,0.688396155834198,0.0003332268969347445,0.00027104737953623367,0.000667814045412179,0.12068344466898816
1781864732.5462139,81.23181891441345,make_me_laugh,social_movie,social,2339,1,0.44197948323220704,0.4355825037082378,0.4387809934702224,1,0,0.5691719591617584,0.6373385071754456,-0.011358146868502363,0.24889278341813884,-6.871361173013449,0.57460917532444,0.687842071056366,0.0005541232163971824,0.0002208963194624379,8.81191441534416e-05,0.12157179804963371
1781864732.580672,81.26627707481384,make_me_laugh,social_movie,social,2340,1,0.44455322823762744,0.4320684637168997,0.43831084597726355,1,0,0.5691969275474549,0.6373617827892304,-0.00976643939262898,0.249271933338391,-7.0846553272803146,0.5747893452644348,0.6880565583705902,0.00028011785955355184,0.00027400535684363056,0.0012666882710911786,0.12164615701289558
1781864732.6155798,81.30118489265442,make_me_laugh,social_movie,social,2341,1,0.453024819468942,0.4307533521420249,0.4418890858054835,1,0,0.5693295657634736,0.6372224748134613,-0.007548242261499207,0.24971261066346467,-6.722065346580581,0.5747319608926773,0.6887323558330536,0.0006782294422936428,0.000398111582740091,0.002231621257722174,0.121082174574386
1781864732.6487648,81.33436989784241,make_me_laugh,social_movie,social,2342,1,0.462213680658039,0.43717605062243964,0.4496948656402393,1,0,0.5692457616329194,0.6371451795101166,-0.0072463279914394855,0.24901514575382022,-6.591203045453045,0.5746615082025528,0.6887043118476868,7.582906211364452e-05,0.0006024003801799983,0.00037164146177710763,0.12046062769500313
1781864732.683209,81.36881399154663,make_me_laugh,social_movie,social,2343,1,0.46517439816960043,0.430303730996603,0.44773906458310175,1,0,0.5691937446594237,0.6373493254184723,-0.012210471907885788,0.2487304718965671,-6.483122857063379,0.5747048258781433,0.6891503632068634,0.00044814979196903485,0.0003723207298553903,0.002211050570603496,0.1204908538480138
1781864732.719295,81.40490007400513,make_me_laugh,social_movie,social,2344,1,0.4736839431740617,0.4346691938137175,0.4541765684938896,1,0,0.5692299485206604,0.6372161149978637,-0.012079844613888441,0.2483983344190733,-6.368243235239291,0.5746868401765823,0.6893018186092377,0.00015251958683720502,0.00029563020513182983,0.00019679449021687336,0.12013050859046283
1781864732.753597,81.4392020702362,make_me_laugh,social_movie,social,2345,1,0.46249503793348473,0.42302853570222204,0.4427617868178534,1,0,0.5694514453411101,0.6371104538440704,-0.009833688572000242,0.24878105722181976,-6.460404334667449,0.5745618939399719,0.6891972422599792,0.00016293487922272766,1.0415292385522641e-05,0.0022048719747911226,0.12083785333635906
1781864732.786873,81.47247815132141,make_me_laugh,social_movie,social,2346,1,0.4541034250049639,0.4377252788300747,0.4459143519175193,1,0,0.5695623457431793,0.6370101749897004,-0.009424460752474918,0.250414916774167,-6.94115618805049,0.5747857391834259,0.6884380578994751,0.0007914970538486338,0.0006285621746259062,0.0004276053281584038,0.1203865636993632
1781864732.819875,81.50548005104065,make_me_laugh,social_movie,social,2347,1,0.45691137443796764,0.4360000723887659,0.4464557234133668,1,0,0.5695640265941619,0.6370985746383666,-0.008306903958974847,0.251172740911744,-6.951509039141469,0.5747318267822266,0.6882165968418121,0.0002279288201704148,0.000563568233678219,0.0007791070082269544,0.12028601478699942
1781864732.855392,81.54099702835083,make_me_laugh,social_movie,social,2348,1,0.4661328432423977,0.4314261874190642,0.4487795153307309,1,0,0.5700519621372223,0.6377509593963623,-0.007688311148649349,0.25226574238926835,-6.581885575106134,0.575034886598587,0.6883569955825806,0.0003340015848791822,0.00010607276470876739,0.00018384604973683977,0.12212085207034812
1781864732.8893912,81.57499623298645,make_me_laugh,social_movie,social,2349,1,0.4488357154471155,0.4308286237670404,0.43983216960707794,1,0,0.5707124471664429,0.6382130861282349,-0.007902181205058468,0.2518371708466473,-6.812115172430499,0.5756472647190094,0.6882392466068268,0.0006235958496198413,0.0002895942647406591,0.002067353141715258,0.12238109338659793
1781864732.926768,81.6123731136322,make_me_laugh,social_movie,social,2350,1,0.4419482803976936,0.43783276879226757,0.43989052459498057,1,0,0.5707968473434448,0.6383386433124543,-0.008351897441973913,0.2505340815174713,-6.6498014047578895,0.5758015215396881,0.6894716620445251,0.001242031794199792,0.0006184359445799508,0.00019397665337067118,0.12191941571305721
1781864732.959291,81.64489603042603,make_me_laugh,social_movie,social,2351,1,0.4522201701136125,0.438195870323663,0.4452080202186377,1,0,0.5709421575069428,0.6379668891429902,-0.008784441843167602,0.2492084863427857,-6.455960128886575,0.5759817063808441,0.6889917254447937,0.0005126458004745544,0.0007293859937252377,0.0003349974964642571,0.12261771244229067
1781864732.993394,81.67899894714355,make_me_laugh,social_movie,social,2352,1,0.4485436217826297,0.4488350101984797,0.4486893159905547,1,0,0.5710154175758362,0.6377695143222809,-0.012218178699932768,0.25073251485043646,-6.041855394803615,0.5761568248271942,0.6887471377849579,0.00030081488260395726,0.00021183091787059716,0.0005108343805673391,0.12128488613277465
1781864733.027935,81.71354007720947,make_me_laugh,social_movie,social,2353,1,0.4526466416967433,0.4340577544937337,0.4433521980952385,1,0,0.5710282504558564,0.6379898905754089,-0.011200390853647083,0.24988733299075777,-6.057501041916947,0.5762604773044586,0.6885428130626678,0.00022911226109038652,7.170262151357074e-05,0.00037358108849677105,0.12098834313738593
1781864733.063193,81.74879813194275,make_me_laugh,social_movie,social,2354,1,0.4476287749610944,0.4279676608436299,0.4377982179023622,1,0,0.5712238073348999,0.6385153353214263,-0.011382437966463306,0.24935143816599978,-6.315479174958391,0.5762328803539276,0.6889379918575287,0.0003961412268197751,0.0001670289657293886,0.0003387940265204847,0.12172208007259513
1781864733.0963252,81.78193020820618,make_me_laugh,social_movie,social,2355,1,0.460301647978274,0.4252792713107612,0.4427904596445176,1,0,0.5710612893104553,0.6389984011650085,-0.011401034695551886,0.2486541746050057,-6.728957857116473,0.5764539539813995,0.6901810169219971,0.0012625311321548568,0.0008663899053350817,0.0016555373548862013,0.12177807126234232
1781864733.13244,81.81804513931274,make_me_laugh,social_movie,social,2356,1,0.45663826802474694,0.4233688857790197,0.4400035769018833,1,0,0.5711187958717346,0.6385379016399384,-0.008663395996450591,0.25096321774726627,-6.369618651362693,0.5759014189243317,0.6899505257606506,0.0005986828582378354,0.0006638482739170214,0.002434993150040812,0.12104790920748061
1781864733.166646,81.85225105285645,make_me_laugh,social_movie,social,2357,1,0.44375245527594825,0.4271228098781729,0.4354376325770606,1,0,0.5707683444023133,0.6385032594203949,-0.010447546783349516,0.2506148493885447,-6.178020756184696,0.5756735503673553,0.6889716386795044,0.0010050592006909222,0.0004063763424530868,0.0016606254645603169,0.12144523947867406
1781864733.199805,81.88541007041931,make_me_laugh,social_movie,social,2358,1,0.44978933843039687,0.4307893092772608,0.4402893238538288,1,0,0.5704478919506073,0.6386457741260528,-0.009957647325226002,0.25017443520641947,-6.198071545055884,0.5757353603839874,0.689042717218399,9.419467526063647e-05,0.0009108645254302857,0.001288548931348994,0.12163651519433098
1781864733.2349088,81.92051386833191,make_me_laugh,social_movie,social,2359,1,0.457683139167024,0.4204865696287274,0.4390848543978757,1,0,0.5702031493186951,0.638956606388092,-0.007686196973203948,0.24993899284866147,-6.149456840516952,0.5754917860031128,0.6888698041439056,0.0002987095752553374,0.00020451489999470096,0.002810697972441628,0.12222943644614981
1781864733.26835,81.95395493507385,make_me_laugh,social_movie,social,2360,1,0.4560036880477122,0.4305355847584364,0.44326963640307426,1,0,0.5701907336711884,0.6389024674892425,-0.011916563210325014,0.2521805812815508,-6.501331036580832,0.5756071209907532,0.6880815923213959,0.0007966053204179426,0.0004978957451626052,0.00040001731925733326,0.12170277275192626
1781864733.303894,81.98949909210205,make_me_laugh,social_movie,social,2361,1,0.4722236646104349,0.4313352511643615,0.4517794578873982,1,0,0.5702861011028291,0.638820332288742,-0.011367549285605391,0.2522079204830312,-6.725440115425926,0.5754545331001282,0.688604086637497,0.0005443191845997311,0.0002522861358182115,0.00017078314915345836,0.12122658472559396
1781864733.339149,82.0247540473938,make_me_laugh,social_movie,social,2362,1,0.47475196721789653,0.4412591841974579,0.4580055757076772,1,0,0.5699656188488007,0.6379112005233765,-0.009832502288342192,0.2521839035458422,-6.735956891810685,0.5751248896121979,0.6888316869735718,0.00040058300277998266,0.0001437361818197485,8.540674576561533e-05,0.12108471888053139
1781864733.372149,82.0577540397644,make_me_laugh,social_movie,social,2363,1,0.4613429691858742,0.44722883392650603,0.4542859015561901,1,0,0.569921487569809,0.637461131811142,-0.009247439144708837,0.25323808252107133,-6.648592209784687,0.5747395902872086,0.6877325773239136,0.0011646877658020637,0.000764104763022081,0.00013150975504553833,0.12069185008686899
1781864733.4080799,82.0936849117279,make_me_laugh,social_movie,social,2364,1,0.4636703058113865,0.4460438928556861,0.4548570993335363,1,0,0.5695212066173554,0.6379984021186829,-0.011733771263255692,0.25250265290282686,-6.558867857729849,0.574869304895401,0.688048779964447,0.00034177476422176593,0.0008229130015802977,0.00039610383977041605,0.12115860254689029
1781864733.441246,82.12685108184814,make_me_laugh,social_movie,social,2365,1,0.435164948008335,0.43464014422388075,0.4349025461161079,1,0,0.5697088599205017,0.6393012762069703,-0.010771168068507277,0.2529397034908894,-7.230419856744163,0.5747694969177246,0.6888532042503357,0.000810592415542701,0.0004688176513209351,0.003797080049258793,0.12219881704266777
1781864733.4755058,82.16111087799072,make_me_laugh,social_movie,social,2366,1,0.43387643488914657,0.43523557148601205,0.4345560031875793,1,0,0.5694208741188049,0.6409498572349548,-0.0071833094004854214,0.24972572423622783,-7.054820872457589,0.5743861496448517,0.6915208101272583,0.002695009507629081,0.00188441709208638,0.006940711276243236,0.12117079297633701
1781864733.510154,82.19575905799866,make_me_laugh,social_movie,social,2367,1,0.4555778018464156,0.4421859608635155,0.44888188135496554,1,0,0.5697163343429565,0.6406554043292999,-0.011377534532343794,0.2535130480061499,-7.130301363939246,0.5746880173683167,0.6911729276180267,0.00046059348964045576,0.0022344160179886253,0.0030508359443464717,0.11968386964606524
1781864733.5438862,82.22949123382568,make_me_laugh,social_movie,social,2368,1,0.45296510279259444,0.4241649471914866,0.43856502499204053,1,0,0.5696215510368348,0.640269935131073,-0.007601028242486377,0.2490599415928422,-6.618576008619317,0.574977234005928,0.6914519965648651,0.000401902650601759,5.869083903869678e-05,0.0051302941771225585,0.12134978530045959
1781864733.5793579,82.26496291160583,make_me_laugh,social_movie,social,2369,1,0.4648851434519957,0.4217425523408877,0.4433138478964417,1,0,0.5699449717998505,0.639335709810257,-0.011907894992301634,0.2500587305247503,-6.807108047299847,0.5753677636384964,0.6908428966999054,0.0007235440825602286,0.00032164143195846965,0.0033447291292449744,0.12129530705687508
1781864733.614583,82.3001880645752,make_me_laugh,social_movie,social,2370,1,0.4667135332604936,0.429634677553688,0.4481741054070908,1,0,0.5701585590839386,0.6391777098178864,-0.014537732864613729,0.2523753795858574,-6.295189834613681,0.575651004910469,0.6899954080581665,0.0008935673539387614,0.00017002327137853276,0.003935406090607765,0.12102589968465768
1781864733.647549,82.33315396308899,make_me_laugh,social_movie,social,2371,1,0.4425951098791216,0.41866815063250723,0.4306316302558144,1,0,0.5700622498989105,0.6400285482406616,-0.01252378140304244,0.25162104562743826,-6.371067352457028,0.5758962333202362,0.6901091635227203,0.00027032809449404997,0.0006232392594447114,0.0031923371816116857,0.12233149645128451
1781864733.683288,82.36889314651489,make_me_laugh,social_movie,social,2372,1,0.46050735273680826,0.42415102346069994,0.4423291880987541,1,0,0.5704710304737091,0.6405177354812621,-0.01322244254222417,0.25246747556281096,-6.438967273860042,0.5759851038455963,0.6907890737056732,0.0006856936831857221,0.00041536558869167213,0.003777656174814578,0.1211006017863793
1781864733.7169092,82.40251421928406,make_me_laugh,social_movie,social,2373,1,0.47138152079679674,0.4305893291674332,0.45098542498211497,1,0,0.57047039270401,0.6401122331619262,-0.012221930164668465,0.25272142081020166,-6.261821783111102,0.5760791301727295,0.6900036633014679,0.0007910186174977952,0.00010532493431207309,0.0003192565169270931,0.11990750770954546
1781864733.751044,82.43664908409119,make_me_laugh,social_movie,social,2374,1,0.47673104105143155,0.42112709249660507,0.44892906677401834,1,0,0.5707253575325013,0.6398810207843781,-0.011371220973157034,0.2501888585792793,-6.269526597791218,0.5759463012218475,0.6897645890712738,0.00027349591904688304,0.0005175226984509122,0.0005308794618227387,0.1215102701479961
1781864733.7859359,82.47154092788696,make_me_laugh,social_movie,social,2375,1,0.4708039334965416,0.4318594090903288,0.4513316712934352,1,0,0.570776355266571,0.6395584881305695,-0.01248045946256535,0.2517142302143746,-6.073725602594779,0.5757299214601517,0.6893706023693085,0.0004494949639284931,0.00017599904488161007,0.0004997780111623072,0.12142419177702742
1781864733.8209841,82.50658917427063,make_me_laugh,social_movie,social,2376,1,0.4697277469112731,0.4362738404824986,0.45300079369688584,1,0,0.5706582963466644,0.639831954240799,-0.011934469470638028,0.253067299360296,-6.504572163660318,0.5759706497192383,0.6888569891452789,0.000567228912010741,0.00011773394808224793,0.00046535540640729023,0.12082190581566567
1781864733.854514,82.540118932724,make_me_laugh,social_movie,social,2377,1,0.4687312797507794,0.4293156534836364,0.4490234666172079,1,0,0.5705881357192993,0.6401413083076477,-0.010697703497965476,0.2539820766356441,-6.206492736497962,0.5760243684053421,0.689560055732727,0.0007051158228423654,0.00013788691083162436,0.0001222324009588529,0.12097625009560323
1781864733.890291,82.57589602470398,make_me_laugh,social_movie,social,2378,1,0.4636265276850266,0.42205391038441525,0.4428402190347209,1,0,0.5707129180431366,0.6406391263008118,-0.010841194389040814,0.2528765902337622,-6.554435935626325,0.5759593695402145,0.6909240186214447,0.001365510752160843,0.0006603949293184777,0.0006401266788803506,0.12195832534852474
1781864733.922521,82.60812616348267,make_me_laugh,social_movie,social,2379,1,0.45536173249620476,0.42512978943807317,0.44024576096713897,1,0,0.5706636488437653,0.6403152942657471,-0.009207625377140125,0.2540064126222518,-6.29180291569324,0.5757084637880325,0.6904295086860657,0.0005545212102946013,0.0008109895418662418,0.0003603152873847335,0.1206695602030039
1781864733.958499,82.64410400390625,make_me_laugh,social_movie,social,2380,1,0.45292762202799447,0.40599957980898027,0.42946360091848734,1,0,0.5704387724399567,0.6396256864070893,-0.009998664380529083,0.25355305435434333,-6.428567270951553,0.5756750702857971,0.6902561783790588,0.00017651776488113174,0.00037800344541346953,0.0009647600473473314,0.12158548081540144
1781864733.992388,82.67799305915833,make_me_laugh,social_movie,social,2381,1,0.45826693526076706,0.4220396558937808,0.4401532955772739,1,0,0.5703606069087983,0.6394428431987762,-0.009372297184005313,0.25243207350679503,-6.41567015622247,0.5756020843982697,0.6905103623867035,0.0002644550047181355,8.793723983700378e-05,0.001587083841728349,0.12220673989631517
1781864734.0285811,82.71418619155884,make_me_laugh,social_movie,social,2382,1,0.45055874737385043,0.4247726628533906,0.4376657051136205,1,0,0.570249056816101,0.6399401605129242,-0.009582461132553989,0.2499087690681539,-6.458791197409114,0.5757213234901428,0.6907107532024384,0.00023318327569022174,3.127172902791378e-05,0.0014494185761875346,0.12167214647455916
1781864734.0596821,82.7452871799469,make_me_laugh,social_movie,social,2383,1,0.4599043270890583,0.4350942967795951,0.4474993119343267,1,0,0.5703447222709656,0.6398322522640228,-0.00806667018559951,0.25183737319368343,-6.672519121795553,0.5755728483200073,0.6898073852062225,0.000915488182738451,0.0006823049070482293,0.0016571890777459521,0.11988550073754393
1781864734.096792,82.78239703178406,make_me_laugh,social_movie,social,2384,1,0.4589945101946561,0.43306551603942195,0.44603001311703905,1,0,0.5700768053531646,0.6399025559425353,-0.007790863295316305,0.25258514077301286,-6.719421025406172,0.5753048360347748,0.6903027296066284,0.0005632021484769346,0.0003522860342615164,0.0021088645264176554,0.12062957953810502
1781864734.130838,82.81644296646118,make_me_laugh,social_movie,social,2385,1,0.44373864228106125,0.4067174488643192,0.4252280455726902,1,0,0.5700364172458648,0.6399850249290466,-0.009724292583478192,0.2500585423514345,-6.376251981751846,0.5751307457685471,0.6911267042160034,0.0008421648162265644,0.0002789626677496298,0.0007386408591221093,0.12181701049430183
1781864734.164035,82.8496401309967,make_me_laugh,social_movie,social,2386,1,0.46881184859975034,0.4052338395393654,0.4370228440695579,1,0,0.5697426497936249,0.6391210913658142,-0.010023395338167642,0.2507163692786112,-6.657131602250775,0.5748076438903809,0.69078728556633,0.0004686148134883077,0.00037355000273825667,0.0005946842239610873,0.12011159622238023
1781864734.1990569,82.88466191291809,make_me_laugh,social_movie,social,2387,1,0.4507485742316991,0.42819805504104974,0.4394733146363744,1,0,0.5694875895977021,0.6396492421627045,-0.012218856385076008,0.24752810102295442,-7.351961989265513,0.5747610181570053,0.6902028024196625,0.000586339925087084,0.00011772511159877634,0.0014234782554483339,0.12055196797361824
1781864734.233783,82.91938805580139,make_me_laugh,social_movie,social,2388,1,0.4527150305771564,0.42334737991299426,0.43803120524507533,1,0,0.5691067993640899,0.6397358298301696,-0.009376710485271457,0.25080797863660564,-6.780373684819047,0.5746431648731232,0.6907528042793274,0.0005624868373185915,2.3853087768492564e-05,0.0005483285428058815,0.12067220227077968
1781864734.267066,82.95267105102539,make_me_laugh,social_movie,social,2389,1,0.4565080289708152,0.43617871678556963,0.4463433728781924,1,0,0.5689960300922394,0.6398373603820802,-0.0090866246134499,0.25081993863283414,-6.924150133590039,0.5744715183973312,0.6904515326023102,0.0003467378491375772,0.00021574898818101427,0.0031945111179251854,0.12078432263570889
1781864734.30422,82.98982501029968,make_me_laugh,social_movie,social,2390,1,0.4599153326376763,0.44031987548037815,0.45011760405902723,1,0,0.5688449621200562,0.6394831895828247,-0.007797728977932961,0.2505870560494284,-7.387506105623813,0.5742926448583603,0.691021054983139,0.0005969518282147741,0.00025021397907719686,0.0015198579228047793,0.12004995489394332
1781864734.336745,83.02235007286072,make_me_laugh,social_movie,social,2391,1,0.45981917714529946,0.4259935723576905,0.44290637475149497,1,0,0.5688344359397888,0.6390918910503387,-0.007717295095241102,0.2515384807083196,-7.139391894519656,0.5742575526237488,0.6905627846717834,0.0004596119484956625,0.00013733987971911157,0.0013757618319387205,0.12004486969860485
1781864734.3727648,83.05836987495422,make_me_laugh,social_movie,social,2392,1,0.4557688765017323,0.42891880116809916,0.44234383883491574,1,0,0.5688957571983337,0.639356541633606,-0.010301418837119608,0.25233356631906056,-7.250556507020012,0.5742913633584976,0.6900827884674072,0.0004811855380202475,2.157358952458501e-05,0.0013765654091657854,0.12090678027843625
1781864734.4063702,83.09197521209717,make_me_laugh,social_movie,social,2393,1,0.447417288153364,0.4386709986025667,0.4430441433779654,1,0,0.5687015414237976,0.6394345343112946,-0.007133910283426212,0.2519947564978252,-7.369589516637927,0.5740792453289032,0.6901128888130188,0.0002142430612294268,0.00026694247679082074,0.0005427245802106078,0.12149280423062973
1781864734.439789,83.12539410591125,make_me_laugh,social_movie,social,2394,1,0.4457839656620964,0.4452525333973442,0.4455182495297203,1,0,0.5687020599842072,0.6393523514270782,-0.006946527425587134,0.2519288516350525,-7.345276419576614,0.5740543305873871,0.6904118955135345,0.0003000429157606098,8.5799854531183e-05,0.002065350053237916,0.12151160156773717
1781864734.4750211,83.16062617301941,make_me_laugh,social_movie,social,2395,1,0.45678353340775546,0.4432974545126632,0.45004049396020934,1,0,0.5686926245689392,0.6395029664039611,-0.0059286421666833525,0.25153606878808804,-7.301554683136893,0.5738772600889206,0.6899935007095337,0.00045432166296808396,0.00015427874720747416,0.0015340904422999186,0.12144612903290246
1781864734.5088341,83.19443917274475,make_me_laugh,social_movie,social,2396,1,0.45578710153102153,0.435544337305063,0.4456657194180422,1,0,0.568537712097168,0.6390676319599151,-0.0077061690347272165,0.2508524937774966,-7.601160877011334,0.574018195271492,0.6893941760063171,0.000615672661056219,0.00016135099808813508,0.000492892959931523,0.12036775220724076
1781864734.542559,83.22816395759583,make_me_laugh,social_movie,social,2397,1,0.4440238194036848,0.4425487569393914,0.4432862881715381,1,0,0.5684108853340148,0.6390741407871247,-0.006540252651511984,0.25228954765222333,-7.648917965700715,0.5740114152431488,0.6895001828670502,0.00010622345930540529,0.0005094492017508138,0.0008497390529576471,0.12027207527016412
1781864734.578178,83.26378297805786,make_me_laugh,social_movie,social,2398,1,0.44645215718269726,0.4339361454662325,0.4401941513244649,1,0,0.5683308959007263,0.6390284478664399,-0.0058673897580756255,0.25276354239267557,-7.115446988293494,0.5739480555057526,0.6897247731685638,0.0002333565080663545,0.0001271330487609492,0.0014365410996014954,0.12095830255780622
1781864734.6126451,83.29825019836426,make_me_laugh,social_movie,social,2399,1,0.4551504710269005,0.43581206326300537,0.44548126714495295,1,0,0.5684568107128143,0.6391897559165955,-0.0054718656374687456,0.2541166257155986,-7.2065772143887585,0.573693260550499,0.6895794570446014,0.0002933210614772503,5.99645534108958e-05,0.0009427360344012634,0.12045975163911593
1781864734.647934,83.33353900909424,make_me_laugh,social_movie,social,2400,1,0.4607951548242147,0.43265388936019655,0.4467245220922056,1,0,0.5683077573776245,0.6396062016487122,-0.007652186752354786,0.25312785731271387,-7.259990138102395,0.5739406943321228,0.6892048120498657,0.00044897922932937587,0.00015565816785212557,0.0018283156220491438,0.12147789416853828
1781864734.6814332,83.36703824996948,make_me_laugh,social_movie,social,2401,1,0.46113110898458093,0.4348039074516347,0.4479675082181078,1,0,0.568466591835022,0.6389618873596192,-0.011681110032065602,0.25365916336808875,-7.122960097506072,0.5741275250911713,0.6889925301074982,0.0002827885350963964,0.00016619069423297946,0.0029597154757354097,0.12072487490656307
1781864734.715905,83.40151000022888,make_me_laugh,social_movie,social,2402,1,0.42411304139132816,0.4190124627257549,0.42156275205854155,1,0,0.5686918497085571,0.6390533685684204,-0.008184998302617008,0.25390810898685884,-7.020941247135739,0.5740382373332977,0.689026415348053,9.550137817613078e-05,0.00018728715692026564,0.0005127160978958308,0.12301574627861409
1781864734.7492511,83.43485617637634,make_me_laugh,social_movie,social,2403,1,0.39354725363991566,0.3485008744040897,0.3710240640220027,1,0,0.5688830494880677,0.6393812239170074,-0.009849163773472199,0.2555164299254234,-7.118823645718352,0.573852926492691,0.6892118155956268,0.0002621323319371414,0.00016663095376101062,0.001731746464118098,0.12892168546731023
1781864734.784962,83.47056698799133,make_me_laugh,social_movie,social,2404,1,0.3778632031906064,0.25897136746361366,0.31841728532711,1,0,0.5692055404186249,0.6402773141860962,-0.01119091264883592,0.25343468950234727,-7.07486456856884,0.5739181786775589,0.6901670098304749,0.000957420426937366,0.0006952880950002247,0.0004405303689450281,0.1343692728721032
1781864734.818743,83.50434803962708,make_me_laugh,social_movie,social,2405,1,0.39165988087221265,0.2682655881482509,0.3299627345102318,1,0,0.5689794719219208,0.6395504891872406,-0.01362979899341159,0.25168062932344465,-7.09474855996311,0.5740593671798706,0.690474808216095,0.0003386355553915937,0.0006187848715457723,0.00048504422629136804,0.13163111027693405
1781864734.854768,83.54037308692932,make_me_laugh,social_movie,social,2406,1,0.39492698516156305,0.3138177711358874,0.35437237814872524,1,0,0.5687705755233765,0.6385736405849456,-0.013553165255700005,0.251167621779557,-7.724598212058146,0.5737628042697906,0.6889913380146027,0.0015128229897614345,0.0011741874343698408,0.0011717368331904824,0.1277641368199017
1781864734.88734,83.57294511795044,make_me_laugh,social_movie,social,2407,1,0.40427893910252644,0.36772951610039917,0.3860042276014628,1,0,0.5681842029094696,0.638093501329422,-0.013740369667951986,0.25252368477916576,-7.365023577064594,0.5740907937288284,0.6887282133102417,0.00042048982780198106,0.0010923331619594535,0.00194101215074323,0.12532168865544174
1781864734.922334,83.60793900489807,make_me_laugh,social_movie,social,2408,1,0.41891581897022573,0.39115303169581095,0.40503442533301837,1,0,0.5684182465076446,0.6376209020614625,-0.009027917503868468,0.25383849490583665,-7.326614596714378,0.5737580060958862,0.6880019009113312,0.0007989225929027356,0.0003784327651007545,0.0011092918430566162,0.12364106944784142
1781864734.9554539,83.64105892181396,make_me_laugh,social_movie,social,2409,1,0.4283356595361667,0.39238849437846474,0.41036207695731575,1,0,0.5684486985206604,0.6372564315795899,-0.00826969926594202,0.25166184637549766,-7.268865302241648,0.5735402703285217,0.6889719665050507,0.0009942012474887267,0.0001952786545859911,0.0002658855507713941,0.1220833219739286
1781864734.9902642,83.67586922645569,make_me_laugh,social_movie,social,2410,1,0.41858965055427405,0.3993974483219172,0.4089935494380956,1,0,0.5680333077907562,0.6374922811985015,-0.0097928152336185,0.25186238954930457,-7.287002189881038,0.5737639963626862,0.6886052489280701,0.00042957551097503065,0.000564625736513696,0.0004188078623005769,0.12192198672700781
1781864735.025056,83.71066093444824,make_me_laugh,social_movie,social,2411,1,0.4375400007275336,0.4055305181809406,0.4215352594542371,1,0,0.568224060535431,0.637299907207489,-0.009999370907069533,0.25183696708696574,-7.39742970812179,0.5736216902732849,0.6883232891559601,0.00031583593235885943,0.00011373957861617121,0.0005535253108223923,0.12157853048724292
1781864735.0600672,83.74567222595215,make_me_laugh,social_movie,social,2412,1,0.4319617562496443,0.4171757599574899,0.4245687581035671,1,0,0.568071860074997,0.637389600276947,-0.00838730130701429,0.25528772161563085,-7.412658923644557,0.5736042708158493,0.6875024139881134,0.000821059972647958,0.0005052240402890985,0.0012657059525869264,0.12120091144486629
1781864735.094393,83.77999806404114,make_me_laugh,social_movie,social,2413,1,0.43822632798661326,0.40657132358130044,0.4223988257839568,1,0,0.5680785417556762,0.6375066697597505,-0.00713162054754331,0.25242055150838516,-7.42261616177226,0.5735809206962585,0.6882040202617645,0.0007019947231365185,0.00011906524951143952,0.005272122268223451,0.12076977695920736
1781864735.128447,83.81405210494995,make_me_laugh,social_movie,social,2414,1,0.4489967416339671,0.4074020586014331,0.4281994001177001,1,0,0.5679038405418395,0.6375215530395508,-0.009262578066082109,0.2527753591937742,-6.980575877559245,0.5736435800790787,0.6885014772415161,0.00030398495531577796,0.00039800976782074053,0.0007497074227780632,0.12033279616765521
1781864735.162297,83.84790205955505,make_me_laugh,social_movie,social,2415,1,0.4426837741145832,0.4018321577692743,0.42225796594192877,1,0,0.5681623995304108,0.6373515009880066,-0.008650001795787262,0.25045914332350927,-7.005392160395849,0.5735906660556793,0.6884457468986511,7.684897519262471e-05,0.00022713598012315326,0.001844419395424047,0.12214613096894592
1781864735.197689,83.88329410552979,make_me_laugh,social_movie,social,2416,1,0.44384664708482024,0.42177802053218133,0.4328123338085008,1,0,0.5680018365383148,0.6375834465026855,-0.008798659410550354,0.2495031629084078,-7.255166700621837,0.5736536532640457,0.6885747611522675,0.0001435690288814793,6.672005368885458e-05,0.002902821753255918,0.12188984631113407
1781864735.231925,83.91753005981445,make_me_laugh,social_movie,social,2417,1,0.4395020075138757,0.42029262629938186,0.4298973169066288,1,0,0.5678892970085144,0.6374418914318085,-0.007029718314932324,0.24975605421061894,-7.410794978856598,0.5734678357839584,0.6877384185791016,0.0008567362695694252,0.0007131672406879459,0.0003515727580868413,0.12139815447575819
1781864735.266975,83.95257997512817,make_me_laugh,social_movie,social,2418,1,0.430667859359122,0.42839313927517514,0.4295304993171486,1,0,0.5677217245101929,0.6376003384590149,-0.004611929579369086,0.2526496589403497,-7.093778301579889,0.5733629465103149,0.6876626312732697,0.0001294043100160077,0.0007273319595534175,0.00018497891922746317,0.12116481746813727
1781864735.3013198,83.98692488670349,make_me_laugh,social_movie,social,2419,1,0.43880575838602504,0.4211799112051538,0.4299928347955894,1,0,0.5678115010261535,0.6379785060882568,-0.006072854922848329,0.2526901650747287,-7.002364682997475,0.573448657989502,0.688429981470108,0.0007721222586173283,0.0006427179486013205,0.0006315265042260309,0.12144633151845094
1781864735.333793,84.01939797401428,make_me_laugh,social_movie,social,2420,1,0.44257355521770564,0.40877367430055755,0.42567361475913157,1,0,0.5677375495433807,0.6376675069332123,-0.007129706324474774,0.2539541059270514,-6.917720024607546,0.5735806971788406,0.6884790658950806,0.00014086741389015842,0.0006312548447271699,0.00017541543551394227,0.1207549551644407
1781864735.370295,84.05590009689331,make_me_laugh,social_movie,social,2421,1,0.43733587027602683,0.40995083544583927,0.423643352860933,1,0,0.5678552091121674,0.6375991463661194,-0.00829650548915557,0.2512637733930466,-6.987078941651735,0.5737378150224686,0.6888425350189209,0.00039597452035648604,0.0002551071064663276,0.000333542058575455,0.12095980403199467
1781864735.4045062,84.09011125564575,make_me_laugh,social_movie,social,2422,1,0.445063853582725,0.40326531319794917,0.4241645833903371,1,0,0.5679659485816955,0.6375523507595062,-0.008518399357147322,0.25192269651827753,-7.14608205441422,0.5738025307655334,0.6884191334247589,0.0004283188500864185,3.2344329729932445e-05,0.000711927206583584,0.12138111200146309
1781864735.437488,84.12309312820435,make_me_laugh,social_movie,social,2423,1,0.37144011065868215,0.29017679210847747,0.33080845138357984,1,0,0.5684792697429657,0.6391029357910156,-0.008414547132660165,0.2513117786808778,-7.031541695342461,0.5737612843513489,0.68916916847229,0.0007511683161636321,0.00032284946607721366,0.0004791041412689124,0.1313482266922058
1781864735.4740102,84.15961527824402,make_me_laugh,social_movie,social,2424,1,0.2713652705430911,0.09750190009910473,0.18443358532109794,1,0,0.5679791867733002,0.6417700707912446,-0.011222894738331466,0.2508624190132092,-7.164538494134022,0.5738365352153778,0.6908153593540192,0.0016479099221817974,0.0008967416060181653,0.001187814285860309,0.14663610787086118
1781864735.509245,84.19484996795654,make_me_laugh,social_movie,social,2425,1,0.284648580761867,0.21838850562918888,0.2515185431955279,1,0,0.568510466814041,0.6411694645881653,-0.012509689800358343,0.2495319726382498,-6.989896365246072,0.5738756507635117,0.6907598972320557,6.786805639257545e-05,0.001580041865789222,0.0003267331122918385,0.14020957931265327
1781864735.5431411,84.22874617576599,make_me_laugh,social_movie,social,2426,1,0.37365890322880785,0.24905508431580742,0.31135699377230763,1,0,0.5686561763286591,0.6390728414058685,-0.01406147449229751,0.2506491192209864,-7.201440892844189,0.5737476497888565,0.6895242035388947,0.0012423055794894293,0.0011744375230968538,0.0025742274798244064,0.13259248260471795
1781864735.576751,84.26235604286194,make_me_laugh,social_movie,social,2427,1,0.39040153076108497,0.3248247374527908,0.35761313410693785,1,0,0.5683744132518769,0.6377770304679871,-0.011146509193402404,0.2525951921807869,-7.0201220968632185,0.573681652545929,0.6882084906101227,0.0013173671268905112,7.506154740108189e-05,0.0005707360936914826,0.12746116177528002
1781864735.610093,84.29569816589355,make_me_laugh,social_movie,social,2428,1,0.42106937399797384,0.37687842394170834,0.3989738989698411,1,0,0.568517416715622,0.6377275705337524,-0.010250401748780422,0.2522905868535481,-6.780124439773341,0.5736965239048004,0.6883885562419891,0.00018067869020487576,0.0011366884366856354,0.0006020446619465591,0.12386985400811114
1781864735.645827,84.33143210411072,make_me_laugh,social_movie,social,2429,1,0.4242036435129486,0.3793040153257216,0.40175382941933513,1,0,0.5687952399253845,0.6373959183692932,-0.009767884685518065,0.2501729445878405,-6.593696105997575,0.5738193690776825,0.688390463590622,0.00012285997916016117,5.78187110447146e-05,0.0012903069413910432,0.12326575974715116
1781864735.6803598,84.36596488952637,make_me_laugh,social_movie,social,2430,1,0.42496919063395283,0.3906670758146804,0.4078181332243166,1,0,0.5686327219009399,0.6375822007656098,-0.011109645836041787,0.25148708640456263,-7.085226745439964,0.5739598274230957,0.6882163882255554,0.00022367561225860355,0.00010081563309844238,0.0004723490088876655,0.12252795190720674
1781864735.7137458,84.39935088157654,make_me_laugh,social_movie,social,2431,1,0.43138388239631453,0.4026698308643641,0.41702685663033934,1,0,0.568751972913742,0.6381340384483338,-0.01202333373253661,0.2513116726623841,-6.927534351515109,0.5742017328739166,0.6886844038963318,0.0005268367064177731,0.00030316109415916954,0.0005019011263414403,0.12215612168214561
1781864735.748806,84.43441104888916,make_me_laugh,social_movie,social,2432,1,0.43746534705414986,0.40694809243279967,0.4222067197434748,1,0,0.5685991227626801,0.6381130695343018,-0.010491171932155067,0.2502032763374985,-6.775413862882731,0.5741697549819946,0.6889573335647583,0.00027479663294731544,0.0002520400734704576,0.0029966224920086213,0.12062018767690838
1781864735.7832692,84.46887421607971,make_me_laugh,social_movie,social,2433,1,0.4544040823751487,0.40807861526943956,0.43124134882229415,1,0,0.5688766181468963,0.6374877989292145,-0.01222204599889781,0.24986578069393686,-7.1470752969030285,0.5740067809820175,0.6894086301326752,0.00047982196373455626,0.00020502533078724082,0.0031542254706477726,0.11928210337307266
1781864735.816554,84.50215911865234,make_me_laugh,social_movie,social,2434,1,0.4377030338917211,0.40542224735067767,0.4215626406211994,1,0,0.5687431156635285,0.6376887083053588,-0.009659353975678145,0.25056041478968505,-7.220652479790044,0.5742246508598328,0.6891216933727264,0.0003602776538575573,0.00011954430987699897,0.002054801097270212,0.12007521560524963
1781864735.850945,84.53655004501343,make_me_laugh,social_movie,social,2435,1,0.4440303287017474,0.4067804630960513,0.42540539589889936,1,0,0.5685803592205048,0.6378281474113464,-0.007517949021008794,0.2519881753088694,-7.289945839494697,0.5741478353738785,0.6892940402030945,0.0001886903516884304,0.0001715873021691269,0.00044199205691375994,0.11971225873609202
1781864735.887211,84.57281613349915,make_me_laugh,social_movie,social,2436,1,0.43707021884519853,0.4124785500316698,0.4247743844384342,1,0,0.5687137901782989,0.6380111694335937,-0.009358705858088914,0.2514278400759738,-7.275113710481764,0.57425956428051,0.6895207166671753,0.0002527163784665384,6.402602677810798e-05,0.0003424066996970239,0.12060906951355027
1781864735.919133,84.60473799705505,make_me_laugh,social_movie,social,2437,1,0.4428090137077253,0.42149073651802366,0.4321498751128745,1,0,0.5689063847064972,0.6379335224628448,-0.011444087246204125,0.2516507131482966,-6.959736280232706,0.5743508636951447,0.6893813610076904,0.00016660006885683114,8.611630960970724e-05,0.00040413737456202663,0.1211364410074636
1781864735.9562712,84.64187622070312,make_me_laugh,social_movie,social,2438,1,0.44230624566648635,0.4181702058755143,0.43023822577100035,1,0,0.5691012680530548,0.6378549635410309,-0.014179594768244423,0.253035371541932,-6.81888167353648,0.5745822340250015,0.6891480088233948,0.0003286114292802839,0.00016201136042345274,0.00028920058573932167,0.12055063893204224
1781864735.98942,84.67502498626709,make_me_laugh,social_movie,social,2439,1,0.4425214617977616,0.42355571812983106,0.4330385899637963,1,0,0.5691020846366883,0.6380150735378265,-0.012073791163944388,0.2532160495852181,-6.612496089978963,0.5746351033449173,0.6890898048877716,7.863118408355673e-05,0.00024998024519672714,0.00040993679679462953,0.11950731494991168
1781864736.024988,84.7105929851532,make_me_laugh,social_movie,social,2440,1,0.45214572124535746,0.416905150651181,0.4345254359482692,1,0,0.5691187679767609,0.6382100045681,-0.01239541981305991,0.2515866370826727,-7.034282594905108,0.5747480392456055,0.6893080770969391,0.0002457585704692735,0.00016712738638571676,0.0009146707762525717,0.11954355233927147
1781864736.059314,84.74491906166077,make_me_laugh,social_movie,social,2441,1,0.4400682395094776,0.4199152660802196,0.4299917527948486,1,0,0.5692417323589325,0.6383373379707336,-0.01113212747624447,0.2523816589893791,-6.99247381389754,0.5747853517532349,0.6889506280422211,0.00035939122129567653,0.00011363265082640304,0.0018946346512207,0.12101663102575981
1781864736.092316,84.77792096138,make_me_laugh,social_movie,social,2442,1,0.4455682811866464,0.41630236700501194,0.43093532409582913,1,0,0.5693039774894715,0.6381891548633576,-0.012544051070252879,0.2531752734829905,-6.773958444977043,0.574740082025528,0.6885237693786621,0.0004292524512475136,6.986122995183709e-05,0.0023627597951341463,0.12123335881583262
1781864736.127962,84.81356716156006,make_me_laugh,social_movie,social,2443,1,0.4438528730305536,0.42271130770781495,0.4332820903691843,1,0,0.5693005681037903,0.638116043806076,-0.012168838916524595,0.25077264229681556,-6.61796738237621,0.5747984796762466,0.6893525421619415,0.0008308276667962958,0.0004015752155487822,0.0028369635151359743,0.12115539422854611
1781864736.164103,84.84970808029175,make_me_laugh,social_movie,social,2444,1,0.441977149322507,0.43127165524689,0.43662440228469845,1,0,0.569514775276184,0.6378798544406892,-0.010673688609761572,0.2506516537403337,-6.8384966163236545,0.5747117102146149,0.6885724365711212,0.0007849163473268836,4.591131946941223e-05,0.00042743447617866055,0.11946419347285053
1781864736.195039,84.88064408302307,make_me_laugh,social_movie,social,2445,1,0.4444945871941893,0.4290059546889502,0.4367502709415697,1,0,0.5693365633487701,0.6384313881397248,-0.009476867276996592,0.25340959210390446,-6.738261790222606,0.5745487213134766,0.6883682608604431,0.00026125294778275675,0.0005236633995441269,0.0013213516544950683,0.12041524761329796
1781864736.2295911,84.91519618034363,make_me_laugh,social_movie,social,2446,1,0.4443966610486578,0.43541935260259385,0.4399080068256258,1,0,0.5693808257579804,0.6391462087631226,-0.010991405167697222,0.2507783961076814,-6.962475732183728,0.5745768696069717,0.6893400549888611,0.0009722017046139809,0.0007109487568312241,0.00014054157970398755,0.12076273663892143
1781864736.264917,84.95052194595337,make_me_laugh,social_movie,social,2447,1,0.4468966144364377,0.43117873697965814,0.4390376757080479,1,0,0.569259238243103,0.6389891386032105,-0.01214621606384019,0.25191380351749726,-6.878263731372651,0.5746869146823883,0.6894230246543884,0.00013781830074832864,0.0008343834038656522,0.0004699461460045449,0.1211004116075579
1781864736.297536,84.98314094543457,make_me_laugh,social_movie,social,2448,1,0.44692352758963444,0.422541161718469,0.43473234465405175,1,0,0.5695507764816284,0.6387539803981781,-0.011609951636401558,0.25126896681934086,-7.051309927589502,0.5748010724782944,0.6897408664226532,0.000337720878862719,0.00019990257811439036,0.0003429805624089787,0.12089761230254568
1781864736.333588,85.01919293403625,make_me_laugh,social_movie,social,2449,1,0.44516258200434083,0.433034934962873,0.4390987584836069,1,0,0.5696254551410675,0.6386530220508575,-0.012312119111967336,0.25071318849294794,-6.828109115072027,0.5748264342546463,0.6893887221813202,0.00035305635018184406,1.533547131912506e-05,0.0013547065575515627,0.12050515372509123
1781864736.369776,85.0553810596466,make_me_laugh,social_movie,social,2450,1,0.43701454208530116,0.4310903890399693,0.4340524655626352,1,0,0.5694617033004761,0.6392542064189911,-0.011173035700615147,0.25157572340257406,-6.803194022164536,0.5747155249118805,0.6895550191402435,0.00019988887127575283,0.00015316747890609122,0.0003802729707938836,0.12165944052031522
1781864736.403542,85.08914709091187,make_me_laugh,social_movie,social,2451,1,0.4378898108660853,0.4281174007854306,0.4330036058257579,1,0,0.5690677225589752,0.6399290382862091,-0.010100544940631619,0.25180745323615156,-6.459748854473218,0.5745142102241516,0.6899024546146393,0.00040154577866537014,0.0002016569073896173,0.00044286395229874967,0.12154558900552079
1781864736.437898,85.12350296974182,make_me_laugh,social_movie,social,2452,1,0.4476179746924095,0.43734249018153903,0.44248023243697426,1,0,0.5691417515277863,0.639711606502533,-0.011159346347467628,0.25316741249878993,-6.6779344008515675,0.5745795369148254,0.6902158260345459,0.00032010814317771235,8.143763548765779e-05,0.0004789762040039408,0.12002343289791946
1781864736.471581,85.15718603134155,make_me_laugh,social_movie,social,2453,1,0.4543478300010223,0.4359088543691468,0.44512834218508457,1,0,0.5691146194934845,0.63935387134552,-0.009072966048427344,0.25468300976800023,-6.74721236630993,0.5743031948804855,0.6900452375411987,0.0003247542979016196,4.646154723907266e-06,0.0018087538666362035,0.11906717330149293
1781864736.5072792,85.19288420677185,make_me_laugh,social_movie,social,2454,1,0.46256621026627365,0.4291850640475999,0.4458756371569368,1,0,0.5688855051994324,0.6394253611564636,-0.010095003321859707,0.2526182864499113,-7.058036657991914,0.5741953700780869,0.6903708279132843,0.0003429799970947803,1.8225699193160695e-05,0.00022857238253586764,0.11962094321295451
1781864736.541176,85.22678112983704,make_me_laugh,social_movie,social,2455,1,0.45501789174554946,0.4341951039105473,0.4446064978280484,1,0,0.5688231229782104,0.63951256275177,-0.008006695437361471,0.25255096069939154,-7.009617354039634,0.5740883946418762,0.6903300881385803,0.0001144704031415373,0.000228509593953243,0.0009197254093410078,0.11991003446077374
1781864736.576011,85.26161599159241,make_me_laugh,social_movie,social,2456,1,0.46220311405876036,0.4331337290932115,0.44766842157598596,1,0,0.5687181532382966,0.639729517698288,-0.009753917875290348,0.25356225368396096,-7.246092702803384,0.57414710521698,0.6906118094921112,0.00028777396106021726,0.00017330355791867996,0.0006794104946060262,0.12001238080027314
1781864736.609705,85.29531002044678,make_me_laugh,social_movie,social,2457,1,0.43802300734924193,0.42800647499019384,0.4330147411697179,1,0,0.5687009453773498,0.6400756418704987,-0.009724319450858613,0.25360465729357873,-6.915737938675127,0.5741279423236847,0.6908370852470398,0.0002260893235827208,6.168463747749646e-05,0.0002531615684109963,0.12101592253314349
1781864736.643357,85.32896208763123,make_me_laugh,social_movie,social,2458,1,0.437133319529189,0.42923408265747043,0.4331837010933297,1,0,0.5686669111251832,0.6401939511299133,-0.010223199959736317,0.2528192305880951,-7.020273494535981,0.574036717414856,0.6909268498420715,0.00012798307119311932,9.810625238960147e-05,0.00033608200771628516,0.12043628399883205
1781864736.677941,85.36354613304138,make_me_laugh,social_movie,social,2459,1,0.4456816281808513,0.43503418875380534,0.4403579084673283,1,0,0.5684708178043365,0.6404050290584564,-0.004436599868665912,0.25471890309149686,-6.9627891633058105,0.5736099779605865,0.6899812817573547,0.001037403279667625,0.0009094202084745058,0.0008840992497963743,0.1200956064682521
1781864736.7138638,85.3994688987732,make_me_laugh,social_movie,social,2460,1,0.4341449955106909,0.43416594144805404,0.4341554684793725,1,0,0.5685291290283203,0.6404069781303405,-0.005022092810650287,0.25438381824811734,-7.012247197276436,0.5738728195428848,0.6903151869773865,0.0004249451651089896,0.0006124581145586356,0.0017449320172364473,0.12043692293509456
1781864736.745512,85.4311170578003,make_me_laugh,social_movie,social,2461,1,0.43945736521271905,0.43663766203183674,0.4380475136222779,1,0,0.5687842786312103,0.6401595950126648,-0.004209212035847126,0.25441547200771286,-7.009757434525894,0.5739837437868118,0.6903613209724426,0.00012013547931655377,0.0003048096857924358,0.001697453372581663,0.12082113305928643
1781864736.781945,85.46755003929138,make_me_laugh,social_movie,social,2462,1,0.458863652827868,0.4391238743152938,0.44899376357158094,1,0,0.5688551604747771,0.6401100575923919,-0.0069273531151890265,0.2560751464713689,-7.353900058714495,0.5739951878786087,0.6900918185710907,0.0002697452716388396,0.00014960979232228583,0.00048624843326295595,0.11999982530262214
1781864736.816545,85.50215005874634,make_me_laugh,social_movie,social,2463,1,0.45266627609539417,0.43266489894090865,0.44266558751815144,1,0,0.568630301952362,0.6400855243206025,-0.005333951321719884,0.2543933253548024,-7.291346287179011,0.5738555788993835,0.690416008234024,0.00035297252673987194,8.322725510103232e-05,0.00026291171862273565,0.12045881125977978
1781864736.8503969,85.53600192070007,make_me_laugh,social_movie,social,2464,1,0.46051911002316126,0.43593855759970757,0.4482288338114344,1,0,0.5686504721641541,0.640134084224701,-0.00840830684365964,0.2549013258305667,-7.472519819396419,0.5740501284599304,0.6893312036991119,0.0011021117958151343,0.0007491392690752623,0.00035211704721892185,0.12015493720466508
1781864736.8860621,85.57166719436646,make_me_laugh,social_movie,social,2465,1,0.4491536829916142,0.4318069528426391,0.4404803179171266,1,0,0.5686943709850312,0.6396565020084382,-0.006771158802187847,0.25419161463061407,-7.573087554868634,0.574007973074913,0.6895995736122131,0.0002716606094815891,0.0008304511863335452,0.0010698433697183044,0.11944587440923066
1781864736.919917,85.60552215576172,make_me_laugh,social_movie,social,2466,1,0.4472853898897312,0.4203632840801709,0.43382433698495104,1,0,0.5684361517429352,0.6389299929141998,-0.0038611160153717147,0.25371963522693675,-7.261073386370807,0.5740916728973389,0.6892958581447601,0.0003150376889267594,4.3377079445170265e-05,0.0004498919665425724,0.11991727325918579
1781864736.953551,85.63915610313416,make_me_laugh,social_movie,social,2467,1,0.45677573451271325,0.42649358061203674,0.44163465756237497,1,0,0.5685841619968415,0.6389937460422516,-0.006676131334343448,0.255004481782099,-7.37714588585705,0.5742233246564865,0.6890136003494263,0.0003114508768865514,3.5868120402080005e-06,0.001502176180092423,0.11970198493454609
1781864736.98844,85.67404508590698,make_me_laugh,social_movie,social,2468,1,0.4407573320470103,0.43193974985883704,0.43634854095292364,1,0,0.5686209797859192,0.6391519010066986,-0.008500957748982858,0.255201527347491,-7.266566022085521,0.5742185115814209,0.689216673374176,0.00020313005457736228,0.0001083208223091891,0.00040378969273738676,0.11991807878193222
1781864737.024711,85.71031594276428,make_me_laugh,social_movie,social,2469,1,0.4441002725356852,0.4353987057793067,0.43974948915749595,1,0,0.5686464786529541,0.6390962421894073,-0.006389721015109521,0.25540508361238906,-7.24799162249379,0.5738949775695801,0.6890203058719635,0.0003784632779319571,0.00017533322335459484,0.002351670395688749,0.11961984401943576
1781864737.0574331,85.74303817749023,make_me_laugh,social_movie,social,2470,1,0.442305079907395,0.4271435614017362,0.43472432065456557,1,0,0.5685263335704803,0.6394158899784088,-0.005333646099030185,0.2541367569474704,-7.128862295359293,0.5736904740333557,0.6896992623806,0.0007090864805847743,0.00033062320265281716,0.002928407936432193,0.12098912531608752
1781864737.091692,85.7772970199585,make_me_laugh,social_movie,social,2471,1,0.4308580040171724,0.4320313616034183,0.43144468281029535,1,0,0.5684180796146393,0.6395684242248535,-0.005119425540438315,0.25498821215759354,-7.4098665298443445,0.5736715197563171,0.6894512176513672,0.0002487678683395872,0.0004603186122451871,0.003530574003493372,0.12004113405178635
1781864737.123827,85.80943202972412,make_me_laugh,social_movie,social,2472,1,0.4485206404685185,0.4311607376075512,0.43984068903803486,1,0,0.5682848513126373,0.639726459980011,-0.00704257938057243,0.2556016754074588,-7.7097290958582985,0.5738102942705154,0.6896432638168335,0.0002369390121134294,1.1828856226157788e-05,0.0009286172083328893,0.12021965771025393
1781864737.160481,85.84608602523804,make_me_laugh,social_movie,social,2473,1,0.44629888412234986,0.43725311563661834,0.4417759998794841,1,0,0.5683121144771576,0.6398136258125305,-0.007250440984495698,0.2555883732551501,-7.444634209027302,0.5738818049430847,0.6892740726470947,0.00037605304958794177,0.00013911403747451237,0.0017352177512638444,0.11970538789853358
1781864737.1958132,85.88141822814941,make_me_laugh,social_movie,social,2474,1,0.44683641621414255,0.44372434366008295,0.4452803799371128,1,0,0.568284523487091,0.6398993372917176,-0.004631976020303421,0.2545838254751006,-7.394396737243721,0.5736207365989685,0.6897114515304565,0.0005093691862592492,0.00013331613667130743,0.0003386473173259609,0.1199744107818035
1781864737.2292109,85.91481590270996,make_me_laugh,social_movie,social,2475,1,0.43547478472161827,0.42783253931127935,0.43165366201644884,1,0,0.5683590292930603,0.639644193649292,-0.003038731411429042,0.2563739503592519,-7.2437804139485165,0.5735436826944351,0.6890175044536591,0.0006982118944844862,0.00018884270822523697,0.0009206369945857189,0.12068483461936771
1781864737.2646332,85.95023822784424,make_me_laugh,social_movie,social,2476,1,0.4448065238201742,0.4346514590023868,0.4397289914112805,1,0,0.5684741735458374,0.6398153364658355,-0.004371846566237861,0.2561507142224799,-7.330138272491888,0.5737562775611877,0.6890517771244049,0.0002153397160990503,0.00048287217838543584,0.002342935239064907,0.12001254342918875
1781864737.298354,85.98395895957947,make_me_laugh,social_movie,social,2477,1,0.4465527891927133,0.42823327937439754,0.4373930342835554,1,0,0.5685240924358368,0.6394698858261109,-0.006865718009115845,0.25410658649356005,-7.128658732136769,0.5742180943489075,0.6895828545093536,0.0007037882737185588,0.0004884485576195085,0.00039925707117304595,0.11977705055096306
1781864737.331847,86.01745200157166,make_me_laugh,social_movie,social,2478,1,0.4519417397256934,0.43542280767045555,0.44368227369807445,1,0,0.5687835037708282,0.6393951594829559,-0.009650320122028008,0.25363784696540104,-7.073664509046256,0.5741449743509293,0.6904170215129852,0.0008373655856625836,0.00013357731194402482,0.0009393603523378729,0.11965189480358719
1781864737.3656561,86.05126118659973,make_me_laugh,social_movie,social,2479,1,0.44254238900036463,0.4327125060140998,0.4376274475072322,1,0,0.568682861328125,0.6393892228603364,-0.007635858007914211,0.2539248266808044,-7.129838408498206,0.5740010589361191,0.6898380815982819,0.0005965593612179183,0.0002408062244446653,0.0008863505958346884,0.12014332135973052
1781864737.401679,86.08728408813477,make_me_laugh,social_movie,social,2480,1,0.4448641486610125,0.42992583286457997,0.4373949907627962,1,0,0.56865736246109,0.6390850782394408,-0.005537627579245367,0.25355438769164673,-7.31336510448332,0.5739475786685944,0.6892662644386292,0.0005743126353196561,2.2246725898262144e-05,0.001442815582900129,0.12036514025162934
1781864737.436356,86.12196111679077,make_me_laugh,social_movie,social,2481,1,0.4598051052963767,0.4258109443315377,0.4428080248139572,1,0,0.5687126278877258,0.6388403236865997,-0.004818769067920631,0.2555362408429836,-7.473095781418589,0.5738023370504379,0.6886472105979919,0.00063586381030247,6.15511749828139e-05,0.0003442125137568411,0.11988668709551986
1781864737.470767,86.1563720703125,make_me_laugh,social_movie,social,2482,1,0.4555567294996059,0.4181038243358625,0.43683027691773424,1,0,0.5685243308544159,0.6388001620769501,-0.001619263917469338,0.25457946814646565,-7.452025645066367,0.573493629693985,0.6880378425121307,0.0006831029907666295,4.7239180464159485e-05,0.0003458799332561934,0.12070308153426362
1781864737.50487,86.19047498703003,make_me_laugh,social_movie,social,2483,1,0.4403529280279143,0.4281199025474108,0.43423641528766255,1,0,0.5684784173965454,0.6389197170734406,-0.002250365093006181,0.25488029704011156,-7.337707920649655,0.5735704600811005,0.6883368492126465,0.00030871980068927866,0.0003743831900773509,0.0004305839439083067,0.11959796020576641
1781864737.5396202,86.22522521018982,make_me_laugh,social_movie,social,2484,1,0.4456837952241616,0.42549294861432063,0.43558837191924116,1,0,0.56849907040596,0.6392325401306153,-0.002721957543223104,0.2554746498960897,-7.269270682188935,0.5736691653728485,0.6895705163478851,0.0012376095245217687,0.0009288897238324901,0.0028648951514522827,0.11992368925765146
1781864737.573385,86.25899004936218,make_me_laugh,social_movie,social,2485,1,0.4373840215533528,0.42574694571496835,0.4315654836341606,1,0,0.5682974517345428,0.6397916913032531,-0.007977188877125516,0.2548475784137161,-7.2615052447111585,0.5737946033477783,0.6895605623722076,0.0001258322978661663,0.0011117772266556023,0.004474942069846323,0.12075279148887404
1781864737.607987,86.29359197616577,make_me_laugh,social_movie,social,2486,1,0.433039798691805,0.43224832126989515,0.4326440599808501,1,0,0.5684226393699646,0.6397077977657318,-0.004038513822178647,0.2571148554338516,-7.57909233833624,0.5738053321838379,0.6888827979564667,0.0006778493277771154,0.0005520170299109491,0.006156719396120778,0.12140240272776183
1781864737.642904,86.32850909233093,make_me_laugh,social_movie,social,2487,1,0.4542560906239412,0.425937588946337,0.4400968397851391,1,0,0.5684787273406983,0.6394696950912475,-0.006171519942280125,0.2562788849182497,-7.643840698104886,0.574212521314621,0.6892205476760864,0.000529034839430355,0.00014881448834676032,0.004956573476418696,0.12014162781669013
1781864737.677023,86.36262798309326,make_me_laugh,social_movie,social,2488,1,0.4546558993679461,0.4281076374254773,0.4413817683967117,1,0,0.5686329364776611,0.6397070169448853,-0.006571982726097566,0.2558142949931935,-7.290192460491645,0.5740921497344971,0.6894301474094391,0.00024170512101118473,0.0002873297184191703,0.001785236194665602,0.12065422769228315
1781864737.710342,86.3959469795227,make_me_laugh,social_movie,social,2489,1,0.4380836638294267,0.42486341111389675,0.43147353747166173,1,0,0.5686777293682098,0.639718109369278,-0.005966239627501812,0.2558219402417239,-7.671976361121688,0.5741258561611176,0.6890381276607513,0.0003934661441048316,0.00015176102309364688,0.0015282902108684651,0.1214328799846767
1781864737.746326,86.43193101882935,make_me_laugh,social_movie,social,2490,1,0.443009824111806,0.42121860007375683,0.43211421209278145,1,0,0.5687864184379577,0.6397378504276277,-0.005399988306297478,0.25514803636551936,-7.281648520589745,0.5739149749279022,0.6897820830345154,0.0007732661202165842,0.00037979997611175257,0.0005305976935541674,0.12171085880962686
1781864737.780768,86.46637296676636,make_me_laugh,social_movie,social,2491,1,0.4423245639090428,0.43435918737561974,0.4383418756423313,1,0,0.5686340034008026,0.6394941568374634,-0.0034665160826594945,0.2548200401586852,-7.569171208414911,0.5736685544252396,0.6897780001163483,0.00024645432508535274,0.0005268117951312314,0.0007521981037726401,0.12159351856741066
1781864737.813983,86.49958801269531,make_me_laugh,social_movie,social,2492,1,0.4682301399377319,0.43222419689140285,0.45022716841456734,1,0,0.5685549139976501,0.6391326069831849,-0.004718898204665166,0.25556991434292825,-7.755975123816467,0.5739383697509766,0.6889853477478027,0.0008373160020944335,0.0005908616770090808,0.00020903276074740344,0.11966810024487536
1781864737.849555,86.53516006469727,make_me_laugh,social_movie,social,2493,1,0.4529985928085366,0.42898778455897424,0.4409931886837554,1,0,0.5686636686325073,0.6391575813293457,-0.003722967336405773,0.25594908192687765,-7.101580854163183,0.573991060256958,0.6887530088424683,0.00023823865419490972,0.0005990773478995238,0.00040879524287397353,0.12057791385206261
1781864737.883865,86.56947016716003,make_me_laugh,social_movie,social,2494,1,0.4431294849953318,0.4330019028805638,0.4380656939379478,1,0,0.568748515844345,0.6391788184642792,-0.0017503166765433817,0.2544729372528713,-7.136781530232094,0.5737319141626358,0.6890309751033783,0.0003800288678597432,0.00014179021366483348,0.0006202290152251111,0.12060934281511253
1781864737.918147,86.60375213623047,make_me_laugh,social_movie,social,2495,1,0.4345803265403697,0.43166859329648066,0.4331244599184252,1,0,0.5686432003974915,0.6390497863292695,-0.0002341459921194358,0.25518258413585565,-7.141425498018611,0.573470413684845,0.6893130242824554,0.00038462220334105395,4.593335481310756e-06,0.00037950226934344,0.12077372889119224
1781864737.952941,86.63854598999023,make_me_laugh,social_movie,social,2496,1,0.4351948376265282,0.42762763838156015,0.4314112380040442,1,0,0.5686264574527741,0.6390667736530304,-0.0031794163155686467,0.25400754728301833,-7.096100460302788,0.573729395866394,0.6892416179180145,0.00026864593658305316,0.00011597626675800078,0.00023499005538189004,0.12022493359035914
1781864737.987278,86.67288303375244,make_me_laugh,social_movie,social,2497,1,0.4269965793330189,0.43397594371933046,0.43048626152617464,1,0,0.5686069607734681,0.6390683770179748,-0.0026946835975162654,0.2550030261216314,-7.17864786844107,0.5737690627574921,0.6889752745628357,0.00026928097797152396,6.350413884707992e-07,0.00035961384054244224,0.12106290312860384
1781864738.0206132,86.70621824264526,make_me_laugh,social_movie,social,2498,1,0.4363956308559084,0.4298493472807496,0.43312248906832895,1,0,0.5685794174671173,0.6390026032924652,-0.006597215341773293,0.25493908758658196,-7.479018063763292,0.5739235579967499,0.6888981759548187,0.00017266434001114063,9.661663796038333e-05,0.00047442501760238006,0.1205323604600558
1781864738.05632,86.74192500114441,make_me_laugh,social_movie,social,2499,1,0.4388038647294989,0.42446838372964685,0.43163612422957287,1,0,0.5685203611850738,0.6390621662139893,-0.002403385087410259,0.2551797398274277,-7.422548089143343,0.5735741257667542,0.6888919174671173,0.0003494882716602888,0.00017682393164914815,0.0003824703478174502,0.12093211420372034
1781864738.091799,86.77740406990051,make_me_laugh,social_movie,social,2500,1,0.4563178130517553,0.42075644163639003,0.4385371273440727,1,0,0.568517017364502,0.6389285385608674,-0.005003561125281566,0.25438885772579156,-7.185780463637072,0.5736291259527206,0.689657598733902,0.0007676541035917952,0.0004181658319315064,0.00023866924217586316,0.12028287980087789
1781864738.123125,86.80873012542725,make_me_laugh,social_movie,social,2501,1,0.457229582402152,0.413595082401778,0.435412332401965,1,0,0.568559467792511,0.6388234198093414,-0.007825320802628906,0.25548037167565213,-7.54142638218783,0.5738001763820648,0.6884269416332245,0.001242487484374291,0.00047483338078249573,0.0007994037130493793,0.12136316884754025
1781864738.160643,86.84624814987183,make_me_laugh,social_movie,social,2502,1,0.4398376123212086,0.42373057833460365,0.4317840953279061,1,0,0.568727558851242,0.6388893485069275,-0.007014982386084233,0.25473449456200653,-7.527279396578842,0.5738568007946014,0.6890591681003571,0.0006347571424080599,0.0006077303419662311,0.0019758630563091106,0.12177204180577153
1781864738.1931572,86.87876224517822,make_me_laugh,social_movie,social,2503,1,0.3712623818294101,0.18383650084870465,0.2775494413390574,1,0,0.5690642058849336,0.6408001482486725,-0.007593993736664282,0.2532420103708949,-6.879913709915771,0.5738972276449203,0.6900673508644104,0.0010089929712148392,0.0003742358288067794,0.0022445456216898456,0.13891059394894628
1781864738.228157,86.91376209259033,make_me_laugh,social_movie,social,2504,1,0.11740259240847994,0.07915947411988279,0.09828103326418136,0,1,0.5684531390666961,0.6442009568214416,-0.00558168142126988,0.2526818200867351,-6.030574101849806,0.5737514793872833,0.6904512941837311,0.00041067630447252365,0.0005983166667423157,0.0022495765123249733,0.15909371681347087
1781864738.261727,86.94733214378357,make_me_laugh,social_movie,social,2505,1,0.145932100162755,0.058381567676957555,0.10215683391985628,0,1,0.5686775386333466,0.6434909760951996,-0.0036652464398877526,0.2527118390390256,-6.366955417009884,0.5735671669244766,0.6905528903007507,0.00021045867751020122,0.00020021762696232243,0.0014928706918712628,0.15631193188090983
1781864738.299173,86.98477816581726,make_me_laugh,social_movie,social,2506,1,0.19655376034687927,0.08607733140338335,0.14131554587513132,0,1,0.5686946034431457,0.6426867127418519,-0.007670216806952562,0.25379183099727015,-6.299475668839005,0.5735819041728973,0.6902963519096375,0.0002569613445754142,4.6502667065212986e-05,0.0012475225467422264,0.1502457452482785
1781864738.3303769,87.01598191261292,make_me_laugh,social_movie,social,2507,1,0.3135357441947684,0.21223647291092781,0.2628861085528481,1,0,0.5685497224330902,0.639915007352829,-0.006874485383934741,0.2570069366451697,-7.0414256022093875,0.5735045075416565,0.6889436841011047,0.0013548802304145296,0.0010979188858391154,0.0003883702251349602,0.13509289984331507
1781864738.36655,87.05215501785278,make_me_laugh,social_movie,social,2508,1,0.36971223385716967,0.30303638836365754,0.3363743111104136,1,0,0.5683676421642303,0.6382935285568238,-0.0011654762885485218,0.25551571495518716,-6.503745697013223,0.5730966329574585,0.6893920302391052,0.0006061154476621122,0.0007487647827524174,0.00040799090594060053,0.12934474099762702
1781864738.400652,87.086256980896,make_me_laugh,social_movie,social,2509,1,0.3992418763045496,0.3649027764963673,0.38207232640045846,1,0,0.5685773193836212,0.6375248193740845,-0.00024189965489588327,0.25493057873042096,-6.9727682588722075,0.5733361393213272,0.6880590319633484,0.0013543440115067922,0.00074822856384468,0.0002032149986474396,0.12541943755090212
1781864738.434667,87.12027215957642,make_me_laugh,social_movie,social,2510,1,0.4075846013300897,0.39139261292295247,0.3994886071265211,1,0,0.5685477137565613,0.637485682964325,-0.0011479157946808333,0.25297346239078694,-7.123518753146921,0.5734538584947586,0.6881366074085236,0.00014098139411815005,0.0012133626173886421,0.0012710277038030413,0.12385533932589775
1781864738.467797,87.15340209007263,make_me_laugh,social_movie,social,2511,1,0.4167415135796538,0.38448666917796903,0.40061409137881143,1,0,0.5686978459358216,0.6376677632331849,-0.0010601269817177507,0.2522135692744049,-7.289276949607661,0.5733655691146851,0.6883344054222107,0.00021660809969238653,7.562670557423649e-05,0.00045598562185516996,0.12347967525681093
1781864738.503778,87.18938302993774,make_me_laugh,social_movie,social,2512,1,0.4266174751827321,0.3943813534253049,0.4104994143040185,1,0,0.5686930835247039,0.6378605842590332,-0.0021970513898553123,0.2520323713042494,-7.3896663193219405,0.5735448449850082,0.6885795891284943,0.0003037348967555122,8.712679706312566e-05,0.001223490030785753,0.1234020566684422
1781864738.537623,87.22322797775269,make_me_laugh,social_movie,social,2513,1,0.4342018686588878,0.39403943687212123,0.4141206527655045,1,0,0.5684588372707366,0.6372354805469513,-0.0021078709842781837,0.25096128116932953,-6.835166036015263,0.5737053900957108,0.6885245740413666,0.00016970972978043867,0.00013402516697507352,0.0030729712276744933,0.12170593509268442
1781864738.573683,87.25928807258606,make_me_laugh,social_movie,social,2514,1,0.4257762432342913,0.40676964005041266,0.41627294164235196,1,0,0.5687390208244324,0.6369751155376434,-0.006289656074875554,0.2524351133363611,-7.128234277738369,0.5738555490970612,0.6876181960105896,0.0009187322027455562,0.0007490224729651176,0.0008361316057480772,0.12239410473466389
1781864738.606239,87.29184412956238,make_me_laugh,social_movie,social,2515,1,0.4369046076570221,0.40161567678723675,0.41926014222212943,1,0,0.568543529510498,0.6366893231868744,-0.0038361293029656155,0.2515780590167451,-6.910463924501415,0.5737396627664566,0.6878882050514221,0.00029382737066564274,0.0006249048320799136,0.0005142558300447478,0.12197535512385078
1781864738.6410508,87.32665586471558,make_me_laugh,social_movie,social,2516,1,0.4289695367239809,0.40874232509816666,0.41885593091107376,1,0,0.568590646982193,0.6364192962646484,-0.003434163280700789,0.25165629154305974,-6.879830269724599,0.5736195594072342,0.6869927942752838,0.000903429728822951,0.0006096023581573082,0.0009880842031412943,0.12184729828002326
1781864738.675663,87.36126804351807,make_me_laugh,social_movie,social,2517,1,0.43003030813344495,0.4184366444720578,0.4242334763027514,1,0,0.5685455501079559,0.6365903794765473,0.00016265457230068992,0.25362907069902635,-7.079413432350375,0.573462650179863,0.6867148280143738,0.00031919546963974456,0.0005842342591832065,0.0005330012823981831,0.1212045440251733
1781864738.710321,87.39592599868774,make_me_laugh,social_movie,social,2518,1,0.43565257970220705,0.4204886029812683,0.42807059134173764,1,0,0.5688046813011169,0.6365900635719299,-0.0038443824817977544,0.25238036571656447,-6.974377451535047,0.5737067013978958,0.6871969103813171,0.0005403373071897064,0.00022114183754996184,0.0012917299526576745,0.12156861160385186
1781864738.744104,87.42970895767212,make_me_laugh,social_movie,social,2519,1,0.4367108823263893,0.42359738968951355,0.43015413600795144,1,0,0.5686822295188905,0.6369403898715973,-0.005691752359746208,0.2540014198940146,-7.079573478129558,0.5736855566501617,0.6873457729816437,0.00015035682270092058,0.00038998048448878584,0.0016287632735296693,0.12129745690991078
1781864738.778344,87.46394896507263,make_me_laugh,social_movie,social,2520,1,0.44592962673545006,0.4170165245500583,0.43147307564275417,1,0,0.5688036441802979,0.6371633887290955,-0.008133640164597595,0.25411630824448184,-7.404604773485676,0.5737419575452805,0.686805784702301,0.000542925780192495,0.00039256895749157446,0.0027153326206674684,0.1200053466054363
1781864738.813706,87.4993109703064,make_me_laugh,social_movie,social,2521,1,0.4371324495603349,0.4362619381250363,0.43669719384268557,1,0,0.5686664521694182,0.6377726018428802,-0.005329047007974039,0.2546331075108753,-7.188102986935414,0.573697417974472,0.6876561343669891,0.0008515153114319079,0.0003085895312394129,0.00240435743020125,0.12005835745568233
1781864738.8470132,87.53261828422546,make_me_laugh,social_movie,social,2522,1,0.43149941642192313,0.42526264154844323,0.42838102898518315,1,0,0.5687409162521362,0.6383721351623535,-0.005437941827497133,0.25403104353749145,-6.759506700868028,0.5738165229558945,0.6881429851055145,0.0005012081785070494,0.0003503071329248585,0.0004916878460484273,0.12140840230732826
1781864738.882702,87.56830716133118,make_me_laugh,social_movie,social,2523,1,0.45245154466593895,0.43891366107855684,0.4456826028722479,1,0,0.5688631176948548,0.6384811401367188,-0.007515393585211902,0.2537141526220654,-7.163298190706577,0.5740737468004227,0.6888428032398224,0.0007455934061537847,0.0002443852276467353,0.0008965175713817998,0.12030185845854792
1781864738.91863,87.60423493385315,make_me_laugh,social_movie,social,2524,1,0.4378522395349815,0.438296004019424,0.43807412177720273,1,0,0.5688928425312042,0.6386328518390656,-0.004394966278630308,0.25210480283098385,-7.089135156454614,0.5738798379898071,0.6892062723636627,0.0004119592586890017,0.000333634147464783,0.0023555472781147434,0.12098708095440679
1781864738.9505181,87.6361231803894,make_me_laugh,social_movie,social,2525,1,0.4523411788861576,0.43315567551453166,0.44274842720034463,1,0,0.5690552473068238,0.6385496199131011,-0.004687903794775832,0.25154992125449455,-6.944780505429039,0.5740468949079514,0.6894128024578094,0.0002656363937567727,0.00014632286493222897,0.0010468017284710823,0.12050566342439914
1781864738.985834,87.67143893241882,make_me_laugh,social_movie,social,2526,1,0.4601497902191851,0.42994414975976064,0.4450469699894729,1,0,0.5690146028995513,0.6384717226028442,-0.009905926993395701,0.2521774597194901,-7.358248751144241,0.5744848847389221,0.6895608305931091,0.0004623282609511338,0.0001966918671943611,0.0027643652047401896,0.12009609009054006
1781864739.019361,87.70496606826782,make_me_laugh,social_movie,social,2527,1,0.4569982788735984,0.4273342327480322,0.44216625581081526,1,0,0.5694652795791626,0.6385776638984679,-0.00980387644412097,0.2532681902300934,-7.1996866254676695,0.574565052986145,0.6888541281223297,0.0007112350737052607,0.0002489068127541269,0.0032793100249321706,0.1199991659994453
1781864739.054496,87.74010109901428,make_me_laugh,social_movie,social,2528,1,0.45278019955481336,0.42417055813625903,0.4384753788455362,1,0,0.5693749487400055,0.6389203369617462,-0.00579535790818858,0.2546164288949963,-7.456129797707433,0.5743211358785629,0.6886793076992035,0.00030009621076122376,0.00041113886294403694,0.001427098129819579,0.12096050418628376
1781864739.089101,87.7747061252594,make_me_laugh,social_movie,social,2529,1,0.45508151981773254,0.42540903530749413,0.44024527756261334,1,0,0.5693021714687347,0.6388189136981963,-0.005043007309667772,0.2543707070360858,-7.31454889114196,0.5741966366767883,0.6892144680023193,0.0005494511818838455,0.00024935497112262174,0.0006387296009761034,0.12059673456707011
1781864739.1222131,87.80781817436218,make_me_laugh,social_movie,social,2530,1,0.4483819353484645,0.4333118250806287,0.4408468802145466,1,0,0.5696067869663239,0.6389868974685669,-0.006090099864430844,0.25506868404033517,-6.929117964816663,0.5745270997285843,0.6892039179801941,0.0003306314134639087,0.00021881976841993682,0.0008084053465750965,0.12065548989414022
1781864739.1577191,87.84332418441772,make_me_laugh,social_movie,social,2531,1,0.43943715662091126,0.4230390123572569,0.4312380844890841,1,0,0.5697188377380371,0.6394309937953949,-0.006314061721843535,0.2537224019275687,-7.573914178333859,0.5747318267822266,0.6893714964389801,0.0002645670167313772,6.60643967325315e-05,0.00268400511212703,0.12021937687262171
1781864739.193065,87.87866997718811,make_me_laugh,social_movie,social,2532,1,0.44866252814038093,0.417255721581182,0.4329591248607815,1,0,0.5697997808456421,0.6394224762916565,-0.005195676260235662,0.25350335482027037,-7.489381647536475,0.5747083723545074,0.6895217597484589,0.0001520827812579083,0.00011248423547346889,0.003964356187440717,0.11992706480309448
1781864739.2263439,87.91194891929626,make_me_laugh,social_movie,social,2533,1,0.4363436171313961,0.4225844780720487,0.4294640476017224,1,0,0.5697267830371857,0.6402095139026642,-0.005021728363949249,0.25507985627100116,-6.865218967050134,0.5748619437217712,0.6890455782413483,0.0005003328817471318,0.00034825010048922353,0.0005733316473201387,0.12099721129976646
1781864739.261343,87.94694805145264,make_me_laugh,social_movie,social,2534,1,0.44483841894977083,0.41967956049803884,0.43225898972390486,1,0,0.5698249578475951,0.6398857355117797,-0.01008154236308324,0.253706893427432,-6.960975319600062,0.5754027813673019,0.690047562122345,0.0011386294641367793,0.0006382965823896475,0.00013858886901771365,0.1205246609150487
1781864739.294925,87.98053002357483,make_me_laugh,social_movie,social,2535,1,0.44865505762756985,0.4195308395100045,0.4340929485687872,1,0,0.5698141932487488,0.6392579317092895,-0.00935140902687846,0.25357316734555313,-6.493554691707736,0.5754135996103287,0.6893367767333984,0.0007108677116890737,0.0004277617524477056,0.00023001865053118672,0.12082222800741216
1781864739.330094,88.0156991481781,make_me_laugh,social_movie,social,2536,1,0.4555500483262653,0.42711488096733663,0.441332464646801,1,0,0.5699094772338867,0.6390464544296265,-0.007169556032733316,0.2538127411138436,-6.339934592162703,0.5752326548099518,0.689039021730423,0.00034842368257676144,0.00036244402911231224,0.00049248770258902,0.12090246513431682
1781864739.364504,88.05010914802551,make_me_laugh,social_movie,social,2537,1,0.4515892184910926,0.42584212077131794,0.4387156696312053,1,0,0.570155268907547,0.6394060969352722,-0.011570179803594604,0.2537892183079222,-7.016306213002745,0.5755099356174469,0.6891617476940155,0.0003032264967723946,4.5197185804366814e-05,0.00042266129796817223,0.12149541741877419
1781864739.398498,88.08410310745239,make_me_laugh,social_movie,social,2538,1,0.4533699754649667,0.4295589733314391,0.4414644743982029,1,0,0.5703949272632599,0.6393551349639892,-0.009601486307761708,0.25525328043593504,-6.709300630106217,0.5755734294652939,0.6891063451766968,8.426688341019711e-05,0.00021895961336219753,0.0006775154357542761,0.12146585123900996
1781864739.4320178,88.11762285232544,make_me_laugh,social_movie,social,2539,1,0.4490573940126066,0.43147798131921505,0.44026768766591085,1,0,0.5703929483890533,0.6394010603427887,-0.007660633328381649,0.2527980249340716,-6.860533820358674,0.5757862329483032,0.6895301640033722,0.0004742443676264709,0.0003899774842162738,0.0001733652266652948,0.12075573545476528
1781864739.4677818,88.15338683128357,make_me_laugh,social_movie,social,2540,1,0.44970256896911176,0.4187058549201566,0.4342042119446342,1,0,0.5703913867473602,0.6392554819583893,-0.006738274268767498,0.25222320011213867,-7.034724830258025,0.575766384601593,0.6895852982997894,5.859818690499039e-05,0.0004156461807214805,0.00029068564967687046,0.12051874063389671
1781864739.502039,88.18764400482178,make_me_laugh,social_movie,social,2541,1,0.44364138630047883,0.41672849140484597,0.4301849388526624,1,0,0.5705662369728088,0.6391983270645142,-0.006250115054654146,0.252900677191254,-6.750040923166053,0.5758407711982727,0.6899710595607758,0.0003928678101389174,0.000334269623233927,0.0006893494568892669,0.12138839215412833
