timestamp,elapsed_time,stimulus_id,stimulus_type,paper_category,frame_index,face_detected,left_ear,right_ear,avg_ear,eye_open,blink_state,gaze_x,gaze_y,yaw_proxy,pitch_proxy,roll_proxy_deg,head_center_x,head_center_y,head_movement,head_acceleration,mouth_open,eyebrow_signal
1781864739.5369558,88.22256088256836,playing_with_blocks,mixed_social_nonsocial_movie,mixed,2542,1,0.44932304397429157,0.4098414342981325,0.4295822391362121,1,0,0.5707394480705261,0.6393054366111754,-0.009166937335290127,0.2534777125297038,-6.671671391022343,0.5760768055915833,0.6891362965106964,0.0,0.0,0.00044942897359042484,0.12145739559321234
1781864739.587508,88.27311301231384,playing_with_blocks,mixed_social_nonsocial_movie,mixed,2543,1,0.4501725692866844,0.4137964306358491,0.43198449996126675,1,0,0.5709002256393432,0.6393287539482116,-0.006385897799762742,0.25312840960297106,-6.9716350998932395,0.5759097039699554,0.6892847716808319,0.0002235348476130916,0.0002235348476130916,0.0005884884608832786,0.12033460558682822
1781864739.605609,88.29121398925781,playing_with_blocks,mixed_social_nonsocial_movie,mixed,2544,1,0.4394288296895607,0.4185892652223331,0.4290090474559469,1,0,0.5706116139888764,0.639075231552124,-0.009216132855865955,0.2526548842158275,-6.667621085981415,0.5761211067438126,0.6896249353885651,0.00040050278507552234,0.00017696793746243075,0.0026042900163552787,0.12039820271121766
1781864739.638933,88.32453799247742,playing_with_blocks,mixed_social_nonsocial_movie,mixed,2545,1,0.453979108159789,0.43021054954326754,0.4420948288515283,1,0,0.5709477543830872,0.6392080426216126,-0.009912068940293636,0.25276844304259616,-6.35210386097976,0.5758921205997467,0.689344048500061,0.0003623977073708163,3.8105077704706034e-05,0.003967610444358421,0.12061908654493991
1781864739.6737988,88.35940384864807,playing_with_blocks,mixed_social_nonsocial_movie,mixed,2546,1,0.44295200980169774,0.4284942010999341,0.43572310545081594,1,0,0.5705735087394714,0.639181125164032,-0.009884968857292729,0.2522885380662397,-6.840774478125893,0.5760152488946915,0.6891301274299622,0.0002468254469220166,0.00011557226044879972,0.001519563865429669,0.12075584515283984
1781864739.70853,88.39413499832153,playing_with_blocks,mixed_social_nonsocial_movie,mixed,2547,1,0.44555513103637334,0.4325260868037425,0.4390406089200579,1,0,0.5704585194587708,0.6386524915695191,-0.010412621748271293,0.25367766602102876,-6.524123839979404,0.5760510563850403,0.6890101134777069,0.0001252418664065884,0.00012158358051542819,0.0029277376747313456,0.12056342301809432
1781864739.74434,88.42994499206543,playing_with_blocks,mixed_social_nonsocial_movie,mixed,2548,1,0.4462978179987257,0.44204618335643575,0.4441720006775807,1,0,0.5705898702144623,0.6387015759944916,-0.014445954138869215,0.2536440826095916,-6.7214291332759775,0.5760431438684464,0.688222736120224,0.0007874171137304673,0.0006621752473238789,0.003748463488038924,0.1195621797688054
1781864739.7788548,88.46445989608765,playing_with_blocks,mixed_social_nonsocial_movie,mixed,2549,1,0.4458541928249082,0.42758062457045665,0.4367174086976824,1,0,0.570524251461029,0.6385794401168823,-0.007368886643211878,0.2546888152480127,-6.574147921675672,0.5757281184196472,0.6887739896774292,0.0006349185126632254,0.00015249860106724192,0.004167956851428531,0.1197629967847633
1781864739.811506,88.49711108207703,playing_with_blocks,mixed_social_nonsocial_movie,mixed,2550,1,0.4356997058046666,0.42872515419820456,0.4322124300014356,1,0,0.5710960149765014,0.6388761639595031,-0.004405921147766222,0.2548697144111171,-7.008363197767649,0.5756133794784546,0.6882920563220978,0.0004954036572402416,0.00013951485542298384,0.0009553350382337059,0.12107549709685139
1781864739.846737,88.53234195709229,playing_with_blocks,mixed_social_nonsocial_movie,mixed,2551,1,0.4195785112336904,0.4062950403591507,0.4129367757964205,1,0,0.5726932108402252,0.6392967939376831,-0.003196415858685264,0.25350590466128936,-7.2022336971998095,0.5757037997245789,0.6887584924697876,0.0004751194594845512,2.0284197755690374e-05,0.0007547956065786642,0.12164736346865695
1781864739.879672,88.56527709960938,playing_with_blocks,mixed_social_nonsocial_movie,mixed,2552,1,0.42473559525088994,0.42167811736858785,0.42320685630973887,1,0,0.5729329645633697,0.6396991550922394,-0.007402250575035685,0.2531513501996036,-7.3407225481605956,0.575932577252388,0.6889519989490509,0.0002996396414818029,0.0001754798180027483,0.001722162095230873,0.11968059948956945
1781864739.914709,88.60031414031982,playing_with_blocks,mixed_social_nonsocial_movie,mixed,2553,1,0.4422900400642369,0.41918203087029104,0.43073603546726397,1,0,0.5732215702533723,0.6401125550270081,-0.007978686933760568,0.2558418321162291,-7.11170661028807,0.5757771134376526,0.6891247928142548,0.00023243648066552622,6.720316081627666e-05,0.0029031307770921878,0.11989277940233568
1781864739.948383,88.63398814201355,playing_with_blocks,mixed_social_nonsocial_movie,mixed,2554,1,0.44515930018281097,0.4155657812265479,0.43036254070467944,1,0,0.5730146169662476,0.6410683512687683,-0.007398702815044883,0.2552169095394515,-6.715770295212109,0.5756800770759583,0.689968079328537,0.0008488511062967061,0.0006164146256311799,0.002299049397081611,0.12002966401678551
1781864739.984021,88.66962599754333,playing_with_blocks,mixed_social_nonsocial_movie,mixed,2555,1,0.44776701126796253,0.418138207693647,0.4329526094808048,1,0,0.5729886412620544,0.6413236379623413,-0.00992332175299553,0.2543114114808893,-6.852602975997021,0.5759836733341217,0.689506858587265,0.0005521732157125312,0.00029667789058417495,0.003014637743629683,0.12035319752186781
1781864740.021269,88.70687413215637,playing_with_blocks,mixed_social_nonsocial_movie,mixed,2556,1,0.4486393744650891,0.42319225145735306,0.43591581296122106,1,0,0.5732644498348236,0.6407505929470063,-0.008075139675076984,0.25485738309711276,-6.541047347699086,0.576073408126831,0.6890462338924408,0.00046928396787499014,8.288924783754102e-05,0.00401573618595546,0.11970022275728856
1781864740.0525498,88.73815488815308,playing_with_blocks,mixed_social_nonsocial_movie,mixed,2557,1,0.4631923197504937,0.4077091567820847,0.4354507382662892,1,0,0.5736526191234589,0.6408423006534576,-0.0071654214658671625,0.25555865337212536,-7.268373098392482,0.5758003443479538,0.6886812150478363,0.00045585368732865004,1.3430280546340104e-05,0.0018556036696972349,0.12071289292307613
1781864740.087096,88.77270102500916,playing_with_blocks,mixed_social_nonsocial_movie,mixed,2558,1,0.4383938412087868,0.42681292051270925,0.432603380860748,1,0,0.5735971927642822,0.6407548308372497,-0.0053840060887902896,0.25413139455794675,-6.3705253865532585,0.5759791135787964,0.6896827220916748,0.001017337110673834,0.0005614834233451839,0.003630574425246951,0.1203873290396718
1781864740.1216571,88.80726218223572,playing_with_blocks,mixed_social_nonsocial_movie,mixed,2559,1,0.4371577295979419,0.41680510778864505,0.4269814186932935,1,0,0.5737138032913207,0.6407325744628907,-0.008952423849667985,0.25593540864883807,-6.506302253331418,0.5765701681375504,0.6892460584640503,0.0007348609495095281,0.0002824761611643058,0.0028088389219468684,0.12022999878847873
1781864740.1555321,88.84113717079163,playing_with_blocks,mixed_social_nonsocial_movie,mixed,2560,1,0.4477534292638644,0.4066145758077164,0.4271840025357904,1,0,0.5738733291625977,0.6405782043933868,-0.0035457242414783244,0.25402411414163467,-6.937727582469916,0.5760756283998489,0.6897901892662048,0.0007352876185678157,4.266690582875989e-07,0.005528943472204901,0.11987556540367149
1781864740.191782,88.87738704681396,playing_with_blocks,mixed_social_nonsocial_movie,mixed,2561,1,0.4546952198263042,0.42547582828509484,0.4400855240556995,1,0,0.5737957775592804,0.6405576467514038,-0.004685916514883974,0.2540210476170498,-6.667553757369279,0.5760037899017334,0.6900447309017181,0.00026448480867771013,0.0004708028098901056,0.0018732205541464903,0.11920125964853837
1781864740.224115,88.90971994400024,playing_with_blocks,mixed_social_nonsocial_movie,mixed,2562,1,0.45583090114521,0.4222744457121093,0.43905267342865967,1,0,0.5738127410411835,0.64044930934906,-0.006777447576300001,0.2538775892845142,-6.801790435153484,0.5761806666851044,0.6889725625514984,0.001086660189621646,0.0008221753809439359,0.0014895012531847887,0.12032807686271271
1781864740.2594528,88.94505786895752,playing_with_blocks,mixed_social_nonsocial_movie,mixed,2563,1,0.4412720801083583,0.42350777354400915,0.4323899268261837,1,0,0.5738986849784851,0.6403826951980591,-0.005107145395551408,0.25439212239459785,-6.857472079739874,0.5760307610034943,0.6884635388851166,0.0005306381123852653,0.0005560220772363807,0.002242027598903028,0.12057507550640123
1781864740.294539,88.98014402389526,playing_with_blocks,mixed_social_nonsocial_movie,mixed,2564,1,0.45152507664943853,0.4188929849747603,0.4352090308120994,1,0,0.573828500509262,0.6400466024875641,-0.004790199874900651,0.2524403289489332,-6.675090789728509,0.5759449005126953,0.6893296241760254,0.0008703308307815142,0.0003396927183962489,0.0026835892105907043,0.12000382170644064
1781864740.329302,89.01490712165833,playing_with_blocks,mixed_social_nonsocial_movie,mixed,2565,1,0.4371109703352526,0.4233071434543727,0.43020905689481265,1,0,0.5739282369613647,0.6396521806716919,-0.005403386823457224,0.25272125925306066,-6.569331576458233,0.5763164460659027,0.6891520321369171,0.0004118070306136438,0.0004585238001678704,0.0020184913170777476,0.119723063691715
1781864740.362587,89.04819202423096,playing_with_blocks,mixed_social_nonsocial_movie,mixed,2566,1,0.45076077207044263,0.4194068488854212,0.4350838104779319,1,0,0.5738323271274567,0.6394547760486603,-0.006399795924609143,0.2522431179914564,-6.951740435162962,0.5764842331409454,0.6883529424667358,0.0008165150357108011,0.00040470800509715733,0.0005702771241667941,0.12057639227761806
1781864740.3979259,89.08353090286255,playing_with_blocks,mixed_social_nonsocial_movie,mixed,2567,1,0.46774963183009355,0.4216933550286586,0.44472149342937606,1,0,0.5738141536712646,0.6392403185367584,-0.0038158933072161404,0.253969710465781,-7.057366114382698,0.5760932564735413,0.6881940066814423,0.0004220466067881146,0.00039446842892268657,0.001917454548535023,0.11973990854719029
1781864740.432437,89.1180419921875,playing_with_blocks,mixed_social_nonsocial_movie,mixed,2568,1,0.4440252236568576,0.4309522306349477,0.43748872714590264,1,0,0.5736422836780548,0.6394447207450866,-0.004795707892404324,0.25356972083644885,-6.729148356278431,0.5761015266180038,0.6880243420600891,0.00016986606202634943,0.00025218054476176517,0.0010828362158376334,0.11873236294831896
1781864740.4660008,89.15160584449768,playing_with_blocks,mixed_social_nonsocial_movie,mixed,2569,1,0.4285219103270661,0.4431158864036827,0.4358188983653744,1,0,0.5736851632595061,0.6394107937812805,-0.005543132742287142,0.2551318283389557,-6.582543753524011,0.5765080451965332,0.6880193948745728,0.00040654868015289756,0.00023668261812654812,0.0004496675764454398,0.11924834394553842
1781864740.501801,89.18740606307983,playing_with_blocks,mixed_social_nonsocial_movie,mixed,2570,1,0.43564845100409544,0.4144349071789398,0.42504167909151763,1,0,0.573319411277771,0.6397565960884094,-0.0053010735389630685,0.25453593619383924,-6.903158938183392,0.576522633433342,0.688610851764679,0.0005916367715983244,0.00018508809144542683,0.0006012715340220447,0.12045609923723823
1781864740.5342138,89.21981883049011,playing_with_blocks,mixed_social_nonsocial_movie,mixed,2571,1,0.43279444548314117,0.4221332014840323,0.42746382348358675,1,0,0.5734200477600098,0.6401638865470887,-0.003678752987455779,0.25371748024484686,-6.795409304406472,0.5763537138700485,0.688706636428833,0.00019418681919830942,0.000397449952400015,0.001051123226390897,0.12068421806260818
1781864740.569252,89.25485706329346,playing_with_blocks,mixed_social_nonsocial_movie,mixed,2572,1,0.4177273037270825,0.4166917192632068,0.4172095114951446,1,0,0.5732262253761291,0.6405355334281921,-0.0022910096239018725,0.25422032759725727,-6.88801674334321,0.5761193633079529,0.6883797645568848,0.0004022007044070055,0.0002080138852086961,0.0007792917539534744,0.12220644359083674
1781864740.604233,89.28983807563782,playing_with_blocks,mixed_social_nonsocial_movie,mixed,2573,1,0.4295038193508739,0.4257343167062967,0.4276190680285853,1,0,0.5730644583702087,0.6407373011112214,-0.002696165413620476,0.2534643396928271,-6.893324977014184,0.5761893093585968,0.6893261969089508,0.0009490135125686771,0.0005468128081616716,0.00047149368281993966,0.12150873298277437
1781864740.6381812,89.32378625869751,playing_with_blocks,mixed_social_nonsocial_movie,mixed,2574,1,0.42863424705531405,0.4251008091378891,0.42686752809660156,1,0,0.5729369342327117,0.6408407628536225,-0.0010743453114766704,0.25412807605763377,-6.555243499361545,0.5758234113454819,0.6895473301410675,0.00042752925320711197,0.0005214842593615652,0.0003350551592211178,0.12136472074938814
1781864740.673462,89.3590669631958,playing_with_blocks,mixed_social_nonsocial_movie,mixed,2575,1,0.4306409566925864,0.4218019946929781,0.42622147569278224,1,0,0.5728410124778748,0.6408797204494476,-0.000956036578260447,0.253652315448284,-6.50916917807358,0.5756287276744843,0.6897179186344147,0.00025884776571484286,0.0001686814874922691,0.0003764062424001592,0.12142673552582475
1781864740.707475,89.39307999610901,playing_with_blocks,mixed_social_nonsocial_movie,mixed,2576,1,0.4338068340693427,0.4363886817347248,0.43509775790203375,1,0,0.572704416513443,0.6407845318317413,0.0017225692636938523,0.253075490748394,-6.6087379042621395,0.5755671858787537,0.6901427209377289,0.0004292369852689805,0.00017038921955413763,0.0001933611016077301,0.12105814046205339
1781864740.742827,89.42843198776245,playing_with_blocks,mixed_social_nonsocial_movie,mixed,2577,1,0.4239930581746824,0.435306308438114,0.4296496833063982,1,0,0.5727097392082214,0.6407637059688568,0.0007252022525105307,0.25391538228296606,-6.729909567384015,0.5753855109214783,0.6892945468425751,0.0008674128692790976,0.00043817588401011713,0.0002750346838126795,0.12094326256525637
1781864740.7767072,89.4623122215271,playing_with_blocks,mixed_social_nonsocial_movie,mixed,2578,1,0.4319866153749852,0.4435326488586824,0.4377596321168338,1,0,0.572529423236847,0.6407943427562713,0.002656763558232043,0.2535342024801605,-6.430466736929738,0.5753767788410187,0.6893323659896851,3.8814135534358474e-05,0.0008285987337447392,0.00024390628287098857,0.12028115178647124
1781864740.8107321,89.49633717536926,playing_with_blocks,mixed_social_nonsocial_movie,mixed,2579,1,0.42616464464471693,0.4377175677194945,0.4319411061821057,1,0,0.572316974401474,0.6404863774776459,0.001253817936191519,0.25447728319229374,-6.591994960450009,0.5753371715545654,0.6893132328987122,4.3986501456320114e-05,5.17236592196164e-06,0.0002953616945869376,0.12115766281436643
1781864740.844975,89.53058004379272,playing_with_blocks,mixed_social_nonsocial_movie,mixed,2580,1,0.42563915349858444,0.42367381242955704,0.42465648296407077,1,0,0.5724634885787964,0.6408234119415284,-0.0027938069489193283,0.25385100515450915,-7.029925419978625,0.5755071938037872,0.6898785829544067,0.0005903628127722013,0.0005463763113158812,0.0004701207596044402,0.12250182901026745
1781864740.878601,89.56420612335205,playing_with_blocks,mixed_social_nonsocial_movie,mixed,2581,1,0.4352751994330649,0.43531110698117165,0.43529315320711826,1,0,0.5724847257137298,0.6409498214721681,-0.0022291172116593316,0.25525949825488115,-7.126429825247748,0.575434684753418,0.6895341873168945,0.0003519459014151064,0.0002384169113570949,0.0007459231101140258,0.12079896916930642
1781864740.9143271,89.5999321937561,playing_with_blocks,mixed_social_nonsocial_movie,mixed,2582,1,0.4216986930783187,0.43631935857596643,0.42900902582714256,1,0,0.5723001897335053,0.6409753859043121,-0.003578565294708283,0.2541813593540762,-6.9041310559031155,0.575567439198494,0.6895123422145844,0.00013453977546575577,0.00021740612594935062,0.0007283034380595283,0.1214201225026553
1781864740.948242,89.63384699821472,playing_with_blocks,mixed_social_nonsocial_movie,mixed,2583,1,0.42724968849232314,0.4301116504093167,0.42868066945081995,1,0,0.5721236765384674,0.6412844002246857,-0.003867846114296319,0.2541970099880383,-7.206225403490287,0.5758245289325714,0.6894319951534271,0.00026935252292232,0.00013481274745656425,0.0007720517832871376,0.12278357808253088
1781864740.9825962,89.66820120811462,playing_with_blocks,mixed_social_nonsocial_movie,mixed,2584,1,0.42842436686097873,0.42260189285820654,0.42551312985959266,1,0,0.5724580109119415,0.6408555090427399,-0.0073631152942519205,0.25510706687603935,-7.589267278051093,0.5757793188095093,0.6889925301074982,0.0004417844291287685,0.0001724319062064485,0.0010806378167038215,0.12240268376260577
1781864741.017395,89.70300006866455,playing_with_blocks,mixed_social_nonsocial_movie,mixed,2585,1,0.4276679757309938,0.4222114789157627,0.42493972732337826,1,0,0.5723660051822663,0.6407874345779419,-0.004461868238011249,0.254738794099522,-7.2427421359461945,0.5755827128887177,0.6889642477035522,0.0001986297622796832,0.00024315466684908532,0.0013391852181728835,0.12269415026460956
1781864741.052049,89.73765397071838,playing_with_blocks,mixed_social_nonsocial_movie,mixed,2586,1,0.423365128602305,0.42713341645669345,0.42524927252949923,1,0,0.5723315715789794,0.6406431376934052,-0.005035602245664046,0.2546063368566969,-7.086250339744829,0.5757947117090225,0.68912672996521,0.0002671029486248007,6.84731863451175e-05,0.0009467592799936574,0.1221717088824231
1781864741.0870678,89.77267289161682,playing_with_blocks,mixed_social_nonsocial_movie,mixed,2587,1,0.427348989789794,0.4286765140635634,0.4280127519266787,1,0,0.5722923219203949,0.6410808742046357,-0.0027319269587802258,0.25387418256605465,-7.267984516802726,0.5754148662090302,0.6897899806499481,0.000764319353850268,0.0004972164052254673,0.0006328093071599828,0.12268969980713028
1781864741.120264,89.80586910247803,playing_with_blocks,mixed_social_nonsocial_movie,mixed,2588,1,0.42442647211859846,0.42512968538592544,0.4247780787522619,1,0,0.5720878660678863,0.640735512971878,0.0007422322237495587,0.25218183895594587,-6.957221358220634,0.5752947181463242,0.6905471682548523,0.0007666606980878335,2.3413442375655328e-06,0.002157317328646755,0.1228313208199662
1781864741.155067,89.8406720161438,playing_with_blocks,mixed_social_nonsocial_movie,mixed,2589,1,0.4238176278276682,0.417386862256959,0.4206022450423136,1,0,0.5721841216087341,0.6402701139450073,-0.0026842983623183367,0.2541492035448974,-7.18046551920395,0.5753254443407059,0.689811110496521,0.0007366988004747121,2.9961897613121425e-05,0.0003125253334837659,0.12224730573350161
1781864741.1905549,89.87615990638733,playing_with_blocks,mixed_social_nonsocial_movie,mixed,2590,1,0.41384180979706725,0.4140196267480496,0.41393071827255845,1,0,0.5721539318561554,0.6401564300060272,-0.0005932887091123311,0.25340338937501106,-6.734152447397148,0.5752982944250107,0.6898745894432068,6.904125284634865e-05,0.0006676575476283634,0.000838745547865255,0.12233141727059167
1781864741.223479,89.90908408164978,playing_with_blocks,mixed_social_nonsocial_movie,mixed,2591,1,0.36094447557832243,0.34949162600554684,0.35521805079193464,1,0,0.5726447403430939,0.6412099719047546,0.00024072466761198107,0.2539615359381914,-6.912357491059125,0.5755055993795395,0.6904508173465729,0.0006123838181972725,0.0005433425653509239,0.0005257139300414759,0.12981398347272646
1781864741.2573388,89.94294381141663,playing_with_blocks,mixed_social_nonsocial_movie,mixed,2592,1,0.09405729773657012,0.07019187457822104,0.08212458615739558,0,1,0.5719621658325196,0.644144207239151,0.0036518675542774894,0.25708518529337343,-6.11207913311984,0.5754481554031372,0.6912386119365692,0.000789886147778529,0.00017750232958125645,0.0005853469516713347,0.15717231910980942
1781864741.294315,89.97992014884949,playing_with_blocks,mixed_social_nonsocial_movie,mixed,2593,1,0.09345659013491182,0.09669496411627518,0.09507577712559351,0,1,0.5724360883235932,0.6447425603866577,0.002946458397149344,0.25655897337076944,-5.17580924340792,0.575160562992096,0.6909969449043274,0.00037564923713631366,0.0004142369106422153,0.00017422935467407624,0.1559585152380549
1781864741.3255801,90.01118516921997,playing_with_blocks,mixed_social_nonsocial_movie,mixed,2594,1,0.17640725585183076,0.14324965390601005,0.1598284548789204,0,1,0.5716543734073638,0.6441932439804077,0.004662548341502199,0.2532631209042604,-5.996275971711336,0.5749087333679199,0.6911170482635498,0.0002790035421086011,9.664569502771254e-05,0.0003320795930709589,0.14840653749746102
1781864741.361252,90.04685711860657,playing_with_blocks,mixed_social_nonsocial_movie,mixed,2595,1,0.23662103942184176,0.24066661035240658,0.23864382488712416,1,0,0.5719206631183624,0.6426775693893432,0.004380823951588367,0.2545141888040354,-5.741412478048713,0.5749250948429108,0.6900676190853119,0.0010495567149997097,0.0007705531728911085,0.0005626641594181865,0.14018614643416136
1781864741.3962429,90.08184790611267,playing_with_blocks,mixed_social_nonsocial_movie,mixed,2596,1,0.35886358458597206,0.2783106394423376,0.3185871120141548,1,0,0.5723972082138062,0.641638058423996,0.007624167334730833,0.2516451551610008,-6.105291013088471,0.5746971368789673,0.6899614930152893,0.0002514509416639671,0.0007981057733357426,0.0004626519124059199,0.1329262197834235
1781864741.430044,90.11564898490906,playing_with_blocks,mixed_social_nonsocial_movie,mixed,2597,1,0.35421152281321494,0.3025598010570946,0.3283856619351548,1,0,0.5724854886531829,0.6405637443065644,0.0032917612821774665,0.25394821104529963,-6.198168408012486,0.5750091075897217,0.6897373795509338,0.0003841257206618844,0.00013267477899791733,0.0005712757218148246,0.12979859262802917
1781864741.465374,90.15097904205322,playing_with_blocks,mixed_social_nonsocial_movie,mixed,2598,1,0.37627172691664224,0.3643568633945105,0.37031429515557635,1,0,0.5723899304866791,0.6403991878032684,0.0023823644751270706,0.25374583463305367,-6.491347910926573,0.5748985111713409,0.6899366080760956,0.0002278674461101682,0.0001562582745517162,0.0005184199463832106,0.12739529989520926
1781864741.500541,90.18614602088928,playing_with_blocks,mixed_social_nonsocial_movie,mixed,2599,1,0.38498733437629445,0.37892489943936664,0.38195611690783055,1,0,0.5720552027225494,0.6400557637214661,0.001983228420470163,0.2547495339867725,-6.490953670411719,0.5751280784606934,0.6900626718997955,0.0002619030889212052,3.4035642811037006e-05,0.00044418710868864686,0.12567657994916065
1781864741.533159,90.21876406669617,playing_with_blocks,mixed_social_nonsocial_movie,mixed,2600,1,0.4026712118425297,0.3881000113861444,0.39538561161433705,1,0,0.5719712436199189,0.6406868934631347,-0.005538589835801535,0.2546375538350439,-6.6580553019147946,0.5754115432500839,0.6895797252655029,0.0005599908377811101,0.0002980877488599049,0.0007770770673791468,0.12508394747466162
1781864741.567947,90.25355195999146,playing_with_blocks,mixed_social_nonsocial_movie,mixed,2601,1,0.4017192645263263,0.38641796920106275,0.39406861686369454,1,0,0.5720709025859833,0.6410639643669128,-0.005039919688655172,0.25319488719831035,-6.72858511398279,0.5753951370716095,0.6894407868385315,0.000139903713965826,0.0004200871238152841,0.0023728639866837176,0.1251693583379012
1781864741.603768,90.28937315940857,playing_with_blocks,mixed_social_nonsocial_movie,mixed,2602,1,0.3986034061173823,0.39651572688280323,0.3975595665000928,1,0,0.5718455016613007,0.6409979879856109,-0.004098797184359235,0.252084699255653,-6.612493310399928,0.5749928951263428,0.6899870932102203,0.000678416711380097,0.0005385129974142711,0.0009074144652081795,0.12393278696533708
1781864741.6376598,90.32326483726501,playing_with_blocks,mixed_social_nonsocial_movie,mixed,2603,1,0.3912701723033171,0.40341257512323075,0.39734137371327394,1,0,0.5714767813682555,0.6409547269344329,-0.0004868084396012125,0.25155847310864937,-6.852233008328175,0.5747990012168884,0.6905813217163086,0.0006250618893928596,5.335482198723742e-05,0.0025452762200568594,0.12354718948938309
1781864741.673003,90.35860800743103,playing_with_blocks,mixed_social_nonsocial_movie,mixed,2604,1,0.39360114002470586,0.40343975958572986,0.39852044980521784,1,0,0.5705849051475524,0.6416287422180176,-0.00038981230083192324,0.25352411267752206,-6.653129527982712,0.5744597613811493,0.6912463307380676,0.0007465391250116916,0.000121477235618832,0.0006837752354254388,0.12396267104478063
1781864741.705284,90.39088916778564,playing_with_blocks,mixed_social_nonsocial_movie,mixed,2605,1,0.4192149192678099,0.37831277072450314,0.3987638449961565,1,0,0.5692923665046692,0.6406672894954681,-0.003629710107068075,0.25265838509741123,-6.484688961665296,0.5745525062084198,0.6905088424682617,0.0007432970813118725,3.242043699819134e-06,0.000620040358530316,0.12409802741552516
1781864741.740722,90.42632699012756,playing_with_blocks,mixed_social_nonsocial_movie,mixed,2606,1,0.41588798675965016,0.4203790720252504,0.4181335293924503,1,0,0.5692216157913208,0.6411358773708344,-0.00046050059715458655,0.2529895284790141,-6.394950355134755,0.5741802752017975,0.6904424726963043,0.000378101664794984,0.00036519541651688843,0.0006002955154560584,0.12163625402269061
1781864741.77524,90.46084499359131,playing_with_blocks,mixed_social_nonsocial_movie,mixed,2607,1,0.4022420151395231,0.40545038134335093,0.403846198241437,1,0,0.5689043223857879,0.6405851125717164,0.00034586211646899325,0.254095921098184,-6.507108548881647,0.5738929063081741,0.689683586359024,0.0008114735694605083,0.0004333719046655243,0.0004962458255226535,0.12124742077265686
1781864741.80921,90.49481511116028,playing_with_blocks,mixed_social_nonsocial_movie,mixed,2608,1,0.3951098216939596,0.39222595235387975,0.39366788702391964,1,0,0.5687188863754272,0.6404713213443756,0.0026869326239920177,0.2547447715004284,-6.516987292553367,0.5739811509847641,0.689058929681778,0.0006308590075243424,0.00018061456193616595,0.00027868788773376037,0.12187608496910093
1781864741.8449779,90.53058290481567,playing_with_blocks,mixed_social_nonsocial_movie,mixed,2609,1,0.40421226665523297,0.4046755990131548,0.4044439328341939,1,0,0.5689174115657807,0.6406865835189819,0.0001343060118987528,0.25523084448081346,-6.796310300158847,0.5742880702018738,0.6892212331295013,0.0003471913232990101,0.00028366768422533224,0.000496762044296341,0.12159730611816189
1781864741.879068,90.56467294692993,playing_with_blocks,mixed_social_nonsocial_movie,mixed,2610,1,0.4237432010177298,0.4122559417122254,0.41799957136497756,1,0,0.5691526412963868,0.6405287683010101,-0.0010607164164467143,0.2559827579039468,-6.802561449810819,0.5744767189025879,0.6900263130664825,0.0008268869555209934,0.00047969563222198324,0.0008291584443589967,0.12088704506127809
1781864741.914855,90.60046005249023,playing_with_blocks,mixed_social_nonsocial_movie,mixed,2611,1,0.40741396152435655,0.3981910609864133,0.4028025112553849,1,0,0.5703331768512725,0.6406212747097015,-0.0004174591595874692,0.2559218264283278,-6.750126554518296,0.574431985616684,0.6895014047622681,0.0005268109667623495,0.0003000759887586439,0.00031371415234932157,0.12155339722678146
1781864741.947798,90.63340306282043,playing_with_blocks,mixed_social_nonsocial_movie,mixed,2612,1,0.408880073238971,0.4153292748404665,0.41210467403971873,1,0,0.5716359913349152,0.6406879544258117,-0.0017299694780058758,0.25538594364531947,-6.2507114014689105,0.5746731013059616,0.6898563802242279,0.00042912044254432433,9.769052421802516e-05,0.0009415080994621174,0.1212607804696766
1781864741.981847,90.66745209693909,playing_with_blocks,mixed_social_nonsocial_movie,mixed,2613,1,0.4180970150166918,0.42305827301919946,0.4205776440179456,1,0,0.5718259274959565,0.6406987607479095,-0.0022060089503897736,0.2549282697192047,-6.614221486985683,0.5749927163124084,0.68958979845047,0.000416196581492375,1.292386105194933e-05,0.0002845621028159276,0.1199303585644311
1781864742.015371,90.70097613334656,playing_with_blocks,mixed_social_nonsocial_movie,mixed,2614,1,0.4237746131712455,0.4231895458146122,0.4234820794929288,1,0,0.5717607140541077,0.6406524002552032,0.00036209345473107085,0.2551154618404682,-6.435552393964925,0.5749703049659729,0.6890356242656708,0.0005546271680569801,0.00013843058656460514,0.0006634296459370315,0.12087201903011671
1781864742.0502558,90.73586082458496,playing_with_blocks,mixed_social_nonsocial_movie,mixed,2615,1,0.4178700401365477,0.4157511619985086,0.41681060106752815,1,0,0.5719330906867981,0.6408897459506988,0.0006628870888707154,0.2545067558818697,-6.825233457991026,0.5749464184045792,0.6896621286869049,0.0006269596140431456,7.233244598616546e-05,0.0015364358708207938,0.12206291360993017
1781864742.086304,90.77190899848938,playing_with_blocks,mixed_social_nonsocial_movie,mixed,2616,1,0.41538560240743044,0.42136297524039273,0.4183742888239116,1,0,0.5719224393367768,0.6411888241767884,-0.0010360159950023571,0.2549509021625113,-6.574200264000938,0.5751979649066925,0.6895435452461243,0.0002780965212886224,0.00034886309275452323,0.0009091774376659987,0.12119220332252767
1781864742.118649,90.8042540550232,playing_with_blocks,mixed_social_nonsocial_movie,mixed,2617,1,0.42672993937303527,0.4294835964566387,0.428106767914837,1,0,0.572132807970047,0.641175490617752,-0.0016804115498032142,0.25336003557771297,-6.66678501600976,0.5750175714492798,0.6896381080150604,0.0002036760092553558,7.442051203326657e-05,0.002204010886344793,0.12070860516505959
1781864742.153903,90.83950805664062,playing_with_blocks,mixed_social_nonsocial_movie,mixed,2618,1,0.41180165942388175,0.4199390738430455,0.41587036663346366,1,0,0.5720366895198823,0.6411214113235473,-0.0013351858206749698,0.2543351445469842,-6.102267304414125,0.5752090811729431,0.6899259090423584,0.00034569553883637843,0.00014201952958102263,0.0029305600422274473,0.12022312759445063
1781864742.188246,90.87385106086731,playing_with_blocks,mixed_social_nonsocial_movie,mixed,2619,1,0.4136816328629565,0.41049463066082464,0.4120881317618906,1,0,0.5720996737480164,0.6413336157798767,-0.0023543823636618423,0.2563118400015118,-6.477424551856963,0.5750449299812317,0.6891643106937408,0.0007790877090272097,0.00043339217019083126,0.0027217389600327525,0.12084221885832916
1781864742.221695,90.90729999542236,playing_with_blocks,mixed_social_nonsocial_movie,mixed,2620,1,0.40801175469426415,0.41652770459382876,0.41226972964404646,1,0,0.5720593154430389,0.6417685806751251,-0.0009521343699423302,0.25546412190811635,-6.457143257615897,0.5751152634620667,0.690191239118576,0.0010293341480106823,0.0002502464389834726,0.0018355874169820692,0.12080848688468138
1781864742.256264,90.94186902046204,playing_with_blocks,mixed_social_nonsocial_movie,mixed,2621,1,0.42826537898644196,0.41317747799613125,0.4207214284912866,1,0,0.5720870852470398,0.6425936937332153,-0.00019365300391237835,0.25552042498843863,-6.8587115792243125,0.5750612616539001,0.6901788115501404,5.541335346714836e-05,0.0009739207945435339,0.0011316774870742624,0.12067872093241766
1781864742.289804,90.9754090309143,playing_with_blocks,mixed_social_nonsocial_movie,mixed,2622,1,0.41746058542169007,0.4176114536816282,0.41753601955165914,1,0,0.5722768068313598,0.6424878001213074,0.0020059321181248547,0.2546654366935048,-6.738281293853248,0.5750121921300888,0.6903403699398041,0.0001688458807249926,0.00011343252725784424,0.004167354467034957,0.12066387420060243
1781864742.325977,91.01158213615417,playing_with_blocks,mixed_social_nonsocial_movie,mixed,2623,1,0.41188111472002553,0.4171819135358618,0.41453151412794365,1,0,0.5726594686508178,0.64254931807518,0.005407421381514428,0.2554094814089562,-6.723346632716661,0.5752819925546646,0.6903573572635651,0.0002703346782598296,0.000101488797534837,0.0010102220778083917,0.12072614380805535
1781864742.36193,91.04753494262695,playing_with_blocks,mixed_social_nonsocial_movie,mixed,2624,1,0.4144120591981334,0.43405088619343196,0.42423147269578265,1,0,0.5725055515766144,0.6426799774169922,0.0025897687542693584,0.2537349120227022,-6.461804045897045,0.575817197561264,0.6914287209510803,0.001197607844837109,0.0009272731665772794,0.0010299447116746394,0.12052278142687162
1781864742.393718,91.07932305335999,playing_with_blocks,mixed_social_nonsocial_movie,mixed,2625,1,0.41311674862822884,0.4191391650377454,0.4161279568329871,1,0,0.5727063655853272,0.6424034416675568,0.0001994554147782039,0.255325029007868,-7.1246832629788175,0.5761274546384811,0.6912572383880615,0.00035449361543305,0.000843114229404059,0.00044446108236300937,0.12141297171642305
1781864742.429143,91.11474800109863,playing_with_blocks,mixed_social_nonsocial_movie,mixed,2626,1,0.4069921909698963,0.4205564861209957,0.413774338545446,1,0,0.5729248285293579,0.6424926459789276,0.004775377382192934,0.2553445894337454,-6.412254666427677,0.5756630748510361,0.6905691623687744,0.0008301187838529625,0.0004756251684199125,0.0012605210276486099,0.12137788023351112
1781864742.4635038,91.14910888671875,playing_with_blocks,mixed_social_nonsocial_movie,mixed,2627,1,0.4098569077982772,0.43465342731966294,0.4222551675589701,1,0,0.5732743084430694,0.6425246715545654,0.004514706401889839,0.2566775115710169,-6.246568529482957,0.5762453377246857,0.6910125017166138,0.0007318331991467126,9.828558470624993e-05,0.0026456864843998587,0.1203297274874052
1781864742.497689,91.18329405784607,playing_with_blocks,mixed_social_nonsocial_movie,mixed,2628,1,0.41100315268100346,0.43422193262568853,0.422612542653346,1,0,0.5733624577522278,0.6429268062114715,0.0009639494408018664,0.25524819708182106,-6.279498403420433,0.5762717127799988,0.6908982396125793,0.00011726667029102142,0.0006145665288556911,0.0012902899045602035,0.12078210379366286
1781864742.5321379,91.21774291992188,playing_with_blocks,mixed_social_nonsocial_movie,mixed,2629,1,0.42073093640402626,0.4243115227648258,0.42252122958442606,1,0,0.5733763456344605,0.6429590344429016,0.00040336603727587976,0.2569361211747505,-6.288532394777725,0.5762037336826324,0.6905835270881653,0.00032197069851434194,0.00020470402822332054,0.0023248201803510882,0.11997615426331452
1781864742.568461,91.254065990448,playing_with_blocks,mixed_social_nonsocial_movie,mixed,2630,1,0.4094540204105085,0.42759883712558894,0.4185264287680487,1,0,0.5734811246395111,0.6433960258960725,-7.22009551869272e-05,0.25564959752194005,-6.347352208211493,0.5765060037374496,0.6911233365535736,0.0006186771734787172,0.0002967064749643752,0.0044376433363409375,0.12127597032028163
1781864742.599864,91.28546905517578,playing_with_blocks,mixed_social_nonsocial_movie,mixed,2631,1,0.40022039939206033,0.4349315635071655,0.41757598144961294,1,0,0.5735860586166381,0.6431782782077788,0.000956199459483178,0.25663834597849994,-6.128678138618725,0.5766131430864334,0.6908608078956604,0.00028354917796808213,0.00033512799551063503,0.002786240603229012,0.12061705255156202
1781864742.6365561,91.32216119766235,playing_with_blocks,mixed_social_nonsocial_movie,mixed,2632,1,0.40105433019933423,0.4380367841749333,0.41954555718713377,1,0,0.5740616977214813,0.6425294220447539,0.002094342129320746,0.2565751713759942,-6.105290670886003,0.5765414088964462,0.6906309127807617,0.00024082682132062292,4.272235664745921e-05,0.0007585688844818025,0.11970005944408138
1781864742.669352,91.35495710372925,playing_with_blocks,mixed_social_nonsocial_movie,mixed,2633,1,0.4115191249197045,0.4425287932610987,0.4270239590904016,1,0,0.5742229104042054,0.6423028230667114,0.0008000994198265443,0.2564376522718496,-5.9382866537340595,0.5767177194356918,0.6902746856212616,0.0003974709994636107,0.00015664417814298777,0.0020654119635167773,0.11934750108196292
1781864742.7047691,91.39037418365479,playing_with_blocks,mixed_social_nonsocial_movie,mixed,2634,1,0.41161230999278514,0.4411257618346572,0.42636903591372116,1,0,0.5741708934307099,0.6424277126789093,0.0012861553412285146,0.25757188474289955,-6.119229871246702,0.576459601521492,0.6895208656787872,0.0007967868995552861,0.0003993159000916754,0.001745031654235542,0.11954102110334322
1781864742.739584,91.42518901824951,playing_with_blocks,mixed_social_nonsocial_movie,mixed,2635,1,0.40724347095169405,0.4405449040007686,0.4238941874762313,1,0,0.5741433382034302,0.6424261450767517,0.0019330345134164957,0.2603854173675325,-5.86176975334054,0.5765389949083328,0.6889560222625732,0.0005703958228408988,0.00022639107671438728,0.0004949112323438073,0.12005627665424069
1781864742.774318,91.45992302894592,playing_with_blocks,mixed_social_nonsocial_movie,mixed,2636,1,0.4271642342045685,0.4348450877022348,0.4310046609534016,1,0,0.5741581857204436,0.6425968825817108,0.0031335472944863923,0.2572609634672678,-6.383522280172841,0.5761714279651642,0.6894061863422394,0.0005811653433679602,1.0769520527061332e-05,0.0016239677516084274,0.11861986258829198
1781864742.807038,91.49264311790466,playing_with_blocks,mixed_social_nonsocial_movie,mixed,2637,1,0.41925649087849,0.42705580108940244,0.42315614598394624,1,0,0.5742465734481812,0.6428094565868377,0.0030865755519643517,0.25870754057249273,-5.798752538555127,0.5764586329460144,0.6900092661380768,0.0006679760034405862,8.6810660072626e-05,0.0019054437225177851,0.11925536000020062
1781864742.842567,91.5281720161438,playing_with_blocks,mixed_social_nonsocial_movie,mixed,2638,1,0.4214071971256844,0.4344067145707899,0.4279069558482371,1,0,0.5742656946182251,0.6425114274024963,0.005804163910341054,0.2585698884048793,-6.051893593097444,0.57615827023983,0.6898777484893799,0.00032789426220226783,0.00034008174123831834,0.001215815249839811,0.11817473288759804
1781864742.8773031,91.56290817260742,playing_with_blocks,mixed_social_nonsocial_movie,mixed,2639,1,0.4320358029531292,0.43862525149284676,0.435330527222988,1,0,0.5742666065692901,0.6431707203388214,0.00277305652392632,0.25834214578068415,-5.755951381085087,0.5763976722955704,0.6901154518127441,0.0003373665873069259,9.472325104658045e-06,0.0007829574016828707,0.11827036887214096
1781864742.912072,91.59767699241638,playing_with_blocks,mixed_social_nonsocial_movie,mixed,2640,1,0.43934863231823107,0.43612792381484844,0.43773827806653975,1,0,0.5744212150573731,0.6429257631301879,0.0007658588221093547,0.25897285334514164,-5.837681941898839,0.5765063613653183,0.6903170943260193,0.0002290698955397389,0.00010829669176718698,0.0015786405281531853,0.11775276942645287
1781864742.945141,91.63074612617493,playing_with_blocks,mixed_social_nonsocial_movie,mixed,2641,1,0.4409044130447641,0.42631185736904825,0.43360813520690616,1,0,0.5746450066566466,0.6427980303764342,0.0027972117611246043,0.2569836654824439,-6.152867780222354,0.5762068033218384,0.6906367540359497,0.0004380837266622871,0.00020901383112254822,0.004943751653332929,0.1183018641541524
1781864742.981697,91.66730213165283,playing_with_blocks,mixed_social_nonsocial_movie,mixed,2642,1,0.41765660099405405,0.4406642051116528,0.4291604030528534,1,0,0.5746005773544312,0.6432827174663543,0.005693173839638247,0.25823108156470126,-5.726912883542026,0.5763174891471863,0.6905643939971924,0.0001322396579771264,0.00030584406868516074,0.0009642121616001088,0.11928478157984475
1781864743.014265,91.6998701095581,playing_with_blocks,mixed_social_nonsocial_movie,mixed,2643,1,0.42479097313738545,0.4419618617940165,0.433376417465701,1,0,0.5749723255634307,0.6435532212257385,0.004920548287133173,0.25794565963214244,-6.132131694493727,0.5765799134969711,0.6908344924449921,0.00037658957880403403,0.0002443499208269076,0.0005611311082465843,0.11877580637330844
1781864743.048874,91.73447895050049,playing_with_blocks,mixed_social_nonsocial_movie,mixed,2644,1,0.42009684998164665,0.44605898767251034,0.43307791882707847,1,0,0.5752273857593536,0.6432135343551636,0.0065095267709842424,0.25871044240518704,-6.069358937782995,0.5767841637134552,0.6915357410907745,0.0007303888102548796,0.00035379923145084554,0.0005479275711087014,0.11934902603074468
1781864743.0840352,91.76964020729065,playing_with_blocks,mixed_social_nonsocial_movie,mixed,2645,1,0.4193041424761853,0.4342560248888611,0.4267800836825232,1,0,0.5751653432846069,0.6429395496845245,0.0060714393288505,0.25676669111184813,-5.849095008706754,0.5769306719303131,0.6919516623020172,0.00044097064705993634,0.00028941816319494324,0.0003903177659633913,0.1189040566527307
1781864743.1201391,91.80574417114258,playing_with_blocks,mixed_social_nonsocial_movie,mixed,2646,1,0.4129169982872646,0.4212656302384749,0.4170913142628697,1,0,0.57524094581604,0.6427781343460084,0.00640538138909314,0.25705559509691894,-5.653239266926593,0.5770540088415146,0.6907123923301697,0.0012453923304676761,0.0008044216834077397,0.00029619554927317834,0.11889905986330729
1781864743.1515882,91.83719325065613,playing_with_blocks,mixed_social_nonsocial_movie,mixed,2647,1,0.42070543294299884,0.4334139950557315,0.42705971399936515,1,0,0.5750495553016663,0.642254000902176,0.0030693560714232155,0.2582258022970596,-6.286898420197166,0.5771634578704834,0.6907030045986176,0.00010985089642743195,0.0011355414340402442,0.00045458439756292617,0.11822315827299047
1781864743.18591,91.87151503562927,playing_with_blocks,mixed_social_nonsocial_movie,mixed,2648,1,0.42299636614717157,0.4361506320210735,0.42957349908412257,1,0,0.575093787908554,0.6423766374588014,0.005119322078887954,0.2581646794722422,-5.848130244038051,0.5769443958997726,0.6909537017345428,0.0003329222145979812,0.00022307131817054924,0.0016405172218280088,0.11849035668374912
1781864743.220833,91.90643811225891,playing_with_blocks,mixed_social_nonsocial_movie,mixed,2649,1,0.4321432338000631,0.4385586031220147,0.4353509184610389,1,0,0.5750302314758301,0.6422991037368775,0.0030557593579028375,0.2565063172172572,-5.921852305538365,0.5770460218191147,0.6904530823230743,0.0005108303266459307,0.00017790811204794948,0.001944613604841662,0.11792178626640491
1781864743.2561228,91.94172787666321,playing_with_blocks,mixed_social_nonsocial_movie,mixed,2650,1,0.4495683518321981,0.4414173293008819,0.44549284056654004,1,0,0.5750862300395966,0.6421986579895019,0.001595957979567907,0.25712206033214385,-5.936120552598438,0.5768178552389145,0.6902193129062653,0.00032666210149864415,0.00018416822514728652,0.0037746571727072737,0.11691515557137291
1781864743.289091,91.9746961593628,playing_with_blocks,mixed_social_nonsocial_movie,mixed,2651,1,0.4346905149264609,0.44438963243029533,0.4395400736783781,1,0,0.5749695956707002,0.6419166803359986,0.004333330112119818,0.25730621733237086,-5.864013497860626,0.5768383592367172,0.6896600425243378,0.0005596461149934085,0.00023298401349476432,0.004542609832155116,0.11782206341426919
1781864743.324657,92.01026201248169,playing_with_blocks,mixed_social_nonsocial_movie,mixed,2652,1,0.4399975545662671,0.43323884069748353,0.4366181976318753,1,0,0.5749288082122803,0.6420145034790039,0.005802425962963964,0.25799719467898485,-5.942614221136422,0.5767334401607513,0.6900133192539215,0.00036852742118724015,0.00019111869380616833,0.00513219418109387,0.11822587488115466
1781864743.359382,92.0449869632721,playing_with_blocks,mixed_social_nonsocial_movie,mixed,2653,1,0.42834438733737196,0.4363030151210281,0.43232370122920005,1,0,0.5748433768749237,0.642047131061554,0.005138645638604986,0.25895714511040885,-6.060032399958903,0.5767268240451813,0.6897557377815247,0.00025766642759072437,0.00011086099359651578,0.0047214038169532,0.11862189285378424
1781864743.395802,92.08140707015991,playing_with_blocks,mixed_social_nonsocial_movie,mixed,2654,1,0.44350929319289384,0.4396383178243544,0.44157380550862413,1,0,0.5747710108757019,0.6420872211456299,0.00399999761767028,0.26006934204016474,-6.4376367002579675,0.5767868906259537,0.6896982789039612,8.312350291308609e-05,0.00017454292467763828,0.004917345705071989,0.11777177934303525
1781864743.4293382,92.11494326591492,playing_with_blocks,mixed_social_nonsocial_movie,mixed,2655,1,0.4414040707367837,0.4314834817515915,0.4364437762441876,1,0,0.574823409318924,0.6425046920776367,0.003932798898446472,0.2591261944483432,-6.101882347257381,0.5766687989234924,0.6901346445083618,0.00045206259621221256,0.00036893909329912644,0.0033792918158509723,0.11843555825597683
1781864743.4630148,92.14861989021301,playing_with_blocks,mixed_social_nonsocial_movie,mixed,2656,1,0.43930663698255246,0.4326451413179507,0.43597588915025154,1,0,0.5747978270053864,0.6422890305519104,0.004055431805902689,0.2580560563602467,-6.075697432958705,0.576734647154808,0.6899150013923645,0.00022930130390471875,0.0002227612923074938,0.003182191595374067,0.11767809185889799
1781864743.494847,92.18045210838318,playing_with_blocks,mixed_social_nonsocial_movie,mixed,2657,1,0.4233173149947613,0.4408062326884334,0.43206177384159733,1,0,0.5746180951595306,0.6419535279273987,0.0038652256138029134,0.2594536534402861,-6.152451101138507,0.5766945034265518,0.6891074180603027,0.0008085804580512052,0.0005792791541464864,0.002988375450883562,0.11736950028181303
1781864743.531001,92.21660614013672,playing_with_blocks,mixed_social_nonsocial_movie,mixed,2658,1,0.42958481702505397,0.44774464426075095,0.43866473064290246,1,0,0.5747903048992157,0.6419503331184386,0.008542764341552484,0.25830942317228334,-6.379921757731691,0.5763439238071442,0.6895360052585602,0.0005537084576328801,0.00025487200041832505,0.003215124999110519,0.11775606217386031
1781864743.5654202,92.25102519989014,playing_with_blocks,mixed_social_nonsocial_movie,mixed,2659,1,0.42589485259068866,0.4375891513493445,0.43174200197001655,1,0,0.5747596025466919,0.6419585525989533,0.007169487151530606,0.2604863932885558,-6.7757708451913015,0.5762461125850677,0.6890683472156525,0.0004777772286959227,7.593122893695745e-05,0.003824701687795017,0.11831462809885572
1781864743.600864,92.28646898269653,playing_with_blocks,mixed_social_nonsocial_movie,mixed,2660,1,0.41976246417670204,0.4344371240981932,0.4270997941374476,1,0,0.5743205964565277,0.641506689786911,0.010943515003580942,0.2599924337700345,-6.393673680096713,0.5759585350751877,0.6887744963169098,0.0004111559009435444,6.66213277523783e-05,0.0027714832352719442,0.11928996963157441
1781864743.636031,92.32163596153259,playing_with_blocks,mixed_social_nonsocial_movie,mixed,2661,1,0.41780418955671667,0.43981947616225,0.4288118328594833,1,0,0.574294650554657,0.6414206743240356,0.009278896928763491,0.2576480621190911,-6.520488489111404,0.5762651711702347,0.6897797882556915,0.001051017400886026,0.0006398614999424815,0.0007403343561408732,0.11939970419041819
1781864743.669753,92.3553581237793,playing_with_blocks,mixed_social_nonsocial_movie,mixed,2662,1,0.43479546305195627,0.4494015637635919,0.44209851340777406,1,0,0.574402928352356,0.6413719713687898,0.009035777767925347,0.25963702789555143,-6.437316492111179,0.5761667490005493,0.6896732747554779,0.0001450243055950692,0.0009059930952909568,0.0006852659324834124,0.11828160848365155
1781864743.702932,92.38853693008423,playing_with_blocks,mixed_social_nonsocial_movie,mixed,2663,1,0.432548275239908,0.4323859111111363,0.4324670931755221,1,0,0.5743289351463318,0.6410352110862731,0.005753409038585432,0.25898574778595024,-6.590675159410732,0.5767093300819397,0.6895544826984406,0.0005554329686811191,0.00041040866308604985,0.0008526029167493592,0.11863354938367125
1781864743.738425,92.4240300655365,playing_with_blocks,mixed_social_nonsocial_movie,mixed,2664,1,0.42499089967491144,0.44747277060744345,0.43623183514117747,1,0,0.5744720637798308,0.6414039731025696,0.004821578126260055,0.2572140711900006,-6.12306615633817,0.5763546526432037,0.6892022490501404,0.000499864610212756,5.5568358468363046e-05,0.0011364674338078357,0.11851244136631614
1781864743.772888,92.45849299430847,playing_with_blocks,mixed_social_nonsocial_movie,mixed,2665,1,0.4224407918195162,0.43611136321157884,0.4292760775155475,1,0,0.574293440580368,0.6415855050086975,0.00675308993558188,0.25800265448197607,-6.135691198820684,0.5761480182409286,0.6881289482116699,0.0010930107346522138,0.0005931461244394578,0.0008929859165912331,0.11944917524101945
1781864743.80738,92.4929850101471,playing_with_blocks,mixed_social_nonsocial_movie,mixed,2666,1,0.43415668502723953,0.4448554974456562,0.4395060912364479,1,0,0.5742304682731629,0.6415822327136993,0.0053520407179182584,0.2609263268425054,-6.369735040790758,0.5759938061237335,0.687478244304657,0.000668727860711447,0.00042428287394076676,0.0007681593381888396,0.11832060164134735
1781864743.841059,92.52666401863098,playing_with_blocks,mixed_social_nonsocial_movie,mixed,2667,1,0.43016611450234005,0.4467325627545852,0.43844933862846264,1,0,0.5741167366504669,0.6417855024337769,0.008531228687934295,0.25918825465538453,-6.636086051604349,0.5759414732456207,0.6886080205440521,0.0011309876574186815,0.0004622597967072345,0.0006571121328936991,0.11808098281040777
1781864743.876786,92.56239104270935,playing_with_blocks,mixed_social_nonsocial_movie,mixed,2668,1,0.42092480599028326,0.4263553594377356,0.42364008271400944,1,0,0.5741603910923004,0.6419844686985016,0.009470301967827308,0.2603472838264599,-6.448905444546828,0.5757394731044769,0.688249796628952,0.0004112522709624308,0.0007197353864562507,0.0024542621127176577,0.11954706674102264
1781864743.90813,92.59373497962952,playing_with_blocks,mixed_social_nonsocial_movie,mixed,2669,1,0.4143545412614933,0.43312386877801906,0.42373920501975615,1,0,0.5742453873157501,0.6420924842357636,0.008127910265419081,0.26155771366328684,-6.433688370294194,0.5759826600551605,0.6883974671363831,0.00028451093432014634,0.00012674133664228445,0.002472094304815297,0.11981830179566176
1781864743.94327,92.62887501716614,playing_with_blocks,mixed_social_nonsocial_movie,mixed,2670,1,0.42683207804951645,0.44622980828703845,0.43653094316827745,1,0,0.5743644654750824,0.6424223005771637,0.008157103164448508,0.2581072438951722,-6.701509682245851,0.5759253352880478,0.6895633935928345,0.00116733484089951,0.0008828239065793637,0.003543819982945672,0.11728004794490689
1781864743.97921,92.66481494903564,playing_with_blocks,mixed_social_nonsocial_movie,mixed,2671,1,0.4256151231604218,0.44668443191676377,0.4361497775385928,1,0,0.5744989216327667,0.6423646748065949,0.009744156867334581,0.25821228664278406,-6.736100981469841,0.5759865939617157,0.689690500497818,0.0001410985130823175,0.0010262363278171925,0.0018704632482621285,0.11788852770571527
1781864744.011449,92.69705414772034,playing_with_blocks,mixed_social_nonsocial_movie,mixed,2672,1,0.41907837134016074,0.44187236502237603,0.4304753681812684,1,0,0.574593722820282,0.642634814977646,0.004278967501132583,0.26020926566253694,-6.694691776506073,0.5765850991010666,0.6896596848964691,0.0005992979251723824,0.00045819941209006493,0.003321346269557586,0.11873293890551058
1781864744.049642,92.73524713516235,playing_with_blocks,mixed_social_nonsocial_movie,mixed,2673,1,0.4266618653041967,0.44071854812678307,0.43369020671548986,1,0,0.5746152579784394,0.6427259624004364,0.008166444581881144,0.26003228065418543,-6.659104752406878,0.5762426257133484,0.6892922818660736,0.0005022678648281049,9.703006034427755e-05,0.0029609384292304023,0.11913018993273139
1781864744.080888,92.76649308204651,playing_with_blocks,mixed_social_nonsocial_movie,mixed,2674,1,0.43233880591671986,0.4350248453358099,0.4336818256262649,1,0,0.5747731804847718,0.6428225219249726,0.009178793809220931,0.26005702718792506,-6.271229364162434,0.5761400759220123,0.6898774206638336,0.0005940571288580745,9.178926402996965e-05,0.0025462509423924014,0.11908164192138775
1781864744.115231,92.8008360862732,playing_with_blocks,mixed_social_nonsocial_movie,mixed,2675,1,0.42234612821877027,0.43239181318369163,0.4273689707012309,1,0,0.5745759069919586,0.6431150913238526,0.010353090217230803,0.25885753286963376,-6.418609120739982,0.5759621560573578,0.6900917589664459,0.00027856127908489737,0.0003154958497731772,0.0007583252142234643,0.11984297736243607
1781864744.1513999,92.83700489997864,playing_with_blocks,mixed_social_nonsocial_movie,mixed,2676,1,0.4271542202859368,0.43393126610008576,0.4305427431930113,1,0,0.5746966600418091,0.6433445453643798,0.009431369193697553,0.25991103513582586,-6.747235316276491,0.5759004056453705,0.6904709041118622,0.00038414080058400284,0.00010557952149910547,0.0026873338165026486,0.11941629960225336
1781864744.184893,92.87049794197083,playing_with_blocks,mixed_social_nonsocial_movie,mixed,2677,1,0.4479309702799343,0.44824680374898646,0.44808888701446037,1,0,0.5747982919216156,0.6433877170085907,0.01053337524762558,0.2605642907384765,-6.704555407979294,0.5760550200939178,0.6898028552532196,0.0006857075945570798,0.000301566793973077,0.0018061220140695169,0.11806683913932838
1781864744.219384,92.90498900413513,playing_with_blocks,mixed_social_nonsocial_movie,mixed,2678,1,0.43586246527358863,0.42989601488767126,0.43287924008062995,1,0,0.5748363018035889,0.6437658071517944,0.009106988840092008,0.2630838548596523,-6.900518947049132,0.576268270611763,0.689985454082489,0.0002807456425517324,0.0004049619520053474,0.0007602973727746113,0.11897326997347821
1781864744.254559,92.94016408920288,playing_with_blocks,mixed_social_nonsocial_movie,mixed,2679,1,0.4303928143042429,0.444659049308141,0.4375259318061919,1,0,0.5750655949115753,0.6444015979766846,0.016268161001620676,0.26130015539939816,-6.872149570150447,0.5758786499500275,0.6900514960289001,0.00039517818605915847,0.00011443254350742605,0.0009478326353821007,0.1191515959434023
1781864744.289432,92.97503709793091,playing_with_blocks,mixed_social_nonsocial_movie,mixed,2680,1,0.42163403931969196,0.4358017531264426,0.4287178962230673,1,0,0.5750447809696198,0.6443420827388764,0.012368165234427093,0.2636051034637846,-6.520623206247051,0.5763210952281952,0.6897841393947601,0.0005169500884917159,0.0001217719024325574,0.00047945075779048376,0.11959200690408528
1781864744.321661,93.0072660446167,playing_with_blocks,mixed_social_nonsocial_movie,mixed,2681,1,0.41769676874427686,0.4440171890758669,0.4308569789100719,1,0,0.5752734839916229,0.6448183238506318,0.01547925740914294,0.2622144861935434,-6.742048167759055,0.5758282840251923,0.68979412317276,0.0004929123224553689,2.403776603634696e-05,0.0007724218887374212,0.11865207858921256
1781864744.357435,93.04304003715515,playing_with_blocks,mixed_social_nonsocial_movie,mixed,2682,1,0.4138798446012671,0.4453782577554203,0.4296290511783437,1,0,0.5751234829425811,0.6448615074157715,0.011659607457699088,0.2626325197954469,-6.536371976061966,0.5759235918521881,0.6900797486305237,0.0003011070972417919,0.00019180522521357703,0.0006534806468058006,0.11904618319396296
1781864744.392779,93.07838416099548,playing_with_blocks,mixed_social_nonsocial_movie,mixed,2683,1,0.4159004080860298,0.4458197401473221,0.43086007411667593,1,0,0.5750413358211517,0.6440521001815795,0.012665946659222993,0.2607115225412713,-6.882642676223293,0.5759914219379425,0.6900098025798798,9.74339290705782e-05,0.0002036731681712137,0.0011335619134508832,0.11791203300444734
1781864744.4268649,93.11246991157532,playing_with_blocks,mixed_social_nonsocial_movie,mixed,2684,1,0.4206043484280854,0.4255936122747143,0.42309898035139987,1,0,0.5751156330108642,0.6446288704872132,0.012555050769545656,0.26274652503120643,-7.2747834188233025,0.5759955644607544,0.6900368928909302,2.7405208411089767e-05,7.002872065948844e-05,0.0009128292784660627,0.11884009496181616
1781864744.46091,93.1465151309967,playing_with_blocks,mixed_social_nonsocial_movie,mixed,2685,1,0.42381725998385067,0.43199639821005126,0.427906829096951,1,0,0.5750296473503113,0.6446664988994598,0.017404183700039936,0.2606008476642679,-6.7000255358443495,0.5756794810295105,0.6907373368740082,0.0007684598290978473,0.0007410546206867575,0.0007479709327768751,0.11926760825402306
1781864744.496524,93.18212914466858,playing_with_blocks,mixed_social_nonsocial_movie,mixed,2686,1,0.4175157032605924,0.4391171898774494,0.4283164465690209,1,0,0.5749346733093261,0.6442328512668609,0.015316413099193868,0.26038516999712974,-6.783979247567511,0.5758722424507141,0.690630704164505,0.00022028958268702827,0.000548170246410819,0.000521434431648477,0.11830219326681668
1781864744.530561,93.2161660194397,playing_with_blocks,mixed_social_nonsocial_movie,mixed,2687,1,0.39643977215075976,0.44037699866350927,0.41840838540713454,1,0,0.5747770667076111,0.6444156229496002,0.013416012887380953,0.2616983126977262,-6.643544709192211,0.5757180452346802,0.6906810402870178,0.00016220513759508838,5.808444509193989e-05,0.0006494033375725616,0.11944436749588722
1781864744.564215,93.24981999397278,playing_with_blocks,mixed_social_nonsocial_movie,mixed,2688,1,0.42633545354044816,0.422059426487748,0.4241974400140981,1,0,0.5740536391735077,0.6448892474174499,0.012827729554437813,0.263732556300507,-6.3159744644364295,0.5758510828018188,0.6905422508716583,0.00019225372840599901,3.0048590810910633e-05,0.0023621918125907543,0.1202242753700097
1781864744.5982301,93.2838351726532,playing_with_blocks,mixed_social_nonsocial_movie,mixed,2689,1,0.43584538855207944,0.42233733331250783,0.4290913609322936,1,0,0.574073737859726,0.644944566488266,0.010963792928353219,0.2597605008472594,-6.858590789182795,0.5763122737407684,0.6905161142349243,0.0004619309536597059,0.00026967722525370687,0.0007095383671269551,0.1192263128375357
1781864744.631674,93.31727910041809,playing_with_blocks,mixed_social_nonsocial_movie,mixed,2690,1,0.42823398376560656,0.4208996759298515,0.42456682984772903,1,0,0.5738374590873718,0.6447994172573089,0.013916639960244946,0.2610969906230332,-6.909552589718373,0.5757948905229568,0.6910858154296875,0.000769574457338384,0.00030764350367867816,0.0008299417600675518,0.1196780361670232
1781864744.667754,93.35335898399353,playing_with_blocks,mixed_social_nonsocial_movie,mixed,2691,1,0.42912787309098543,0.401004487194062,0.4150661801425237,1,0,0.5739978313446045,0.64469313621521,0.014904883423872285,0.26174801287882843,-6.643300977578681,0.5759705454111099,0.6906801760196686,0.0004420384267148818,0.00032753603062350223,0.0007575831055598596,0.12106584841077203
1781864744.7017379,93.38734292984009,playing_with_blocks,mixed_social_nonsocial_movie,mixed,2692,1,0.42833616485425385,0.4258197273000691,0.4270779460771615,1,0,0.5738543093204498,0.6449914634227752,0.011732740159009504,0.26087259569231613,-6.556103982750859,0.5762228220701218,0.6905711591243744,0.0002748239366244521,0.00016721449009042972,0.0028668770352301004,0.12053572930933448
1781864744.737178,93.4227831363678,playing_with_blocks,mixed_social_nonsocial_movie,mixed,2693,1,0.43249118248307294,0.4405985540896158,0.43654486828634437,1,0,0.5735999107360841,0.645450508594513,0.012752773177152498,0.25852090028445324,-6.641067178982987,0.5761085748672485,0.6909855902194977,0.00042989016733282847,0.00015506623070837638,0.001204076717131072,0.1198279692351358
1781864744.7717881,93.45739316940308,playing_with_blocks,mixed_social_nonsocial_movie,mixed,2694,1,0.41229425274108455,0.4338175922581661,0.4230559224996253,1,0,0.5714381635189056,0.6453431904315948,0.015414899862000021,0.25892016700010884,-6.542491208155245,0.5759029686450958,0.6913303136825562,0.0004013828404041894,2.8507326928639044e-05,0.0007689056013288728,0.1201032888289898
1781864744.8052979,93.4909029006958,playing_with_blocks,mixed_social_nonsocial_movie,mixed,2695,1,0.42502339494772257,0.4261214538006293,0.425572424374176,1,0,0.5710610806941986,0.6444658994674682,0.012930595368689067,0.2612636718848528,-6.506465988768712,0.5761487931013107,0.6899411380290985,0.0014107581860236783,0.0010093753456194888,0.0006469537712131778,0.11759762464397647
1781864744.8387158,93.52432084083557,playing_with_blocks,mixed_social_nonsocial_movie,mixed,2696,1,0.4330660966030447,0.4331901115667402,0.43312810408489244,1,0,0.5708850443363189,0.6448787212371826,0.01238213016691466,0.2611659608955954,-6.679608967983286,0.5760963708162308,0.6906149089336395,0.0006758071675996213,0.000734951018424057,0.0014017875605470986,0.11792032526608749
1781864744.873898,93.5595030784607,playing_with_blocks,mixed_social_nonsocial_movie,mixed,2697,1,0.441177965517778,0.44829090283666617,0.4447344341772221,1,0,0.5711880683898927,0.645115327835083,0.009223091073470885,0.2607593456475897,-6.4916333287754915,0.5766104906797409,0.6911836266517639,0.0007666544703869464,9.084730278732507e-05,0.002948029491994403,0.11600575364378687
1781864744.9084952,93.5941002368927,playing_with_blocks,mixed_social_nonsocial_movie,mixed,2698,1,0.44262227014665795,0.4392958279205142,0.44095904903358607,1,0,0.5712716698646545,0.6458135128021241,0.00914988884708379,0.25899506236684383,-6.512369138125991,0.5766415297985077,0.6913197040557861,0.00013957251441184323,0.0006270819559751032,0.002511943331284376,0.11743617417233862
1781864744.942407,93.62801194190979,playing_with_blocks,mixed_social_nonsocial_movie,mixed,2699,1,0.4543851275548291,0.44003126583973434,0.44720819669728173,1,0,0.5713027536869049,0.645271772146225,0.010332370949803101,0.2618303148999897,-6.430155656411162,0.5766312479972839,0.6917875409126282,0.00046794982643040393,0.0003283773120185607,0.0016380606479698939,0.11668260459470024
1781864744.977962,93.66356706619263,playing_with_blocks,mixed_social_nonsocial_movie,mixed,2700,1,0.42991265743117596,0.44245547600227686,0.4361840667167264,1,0,0.5711492002010345,0.6450577139854431,0.013338619889853383,0.26077838872501025,-6.356695112516155,0.5764952600002289,0.692114919424057,0.00035449883651205946,0.00011345098991834447,0.0007262201500293141,0.11689448354356334
1781864745.011133,93.69673800468445,playing_with_blocks,mixed_social_nonsocial_movie,mixed,2701,1,0.42528403996680897,0.44009091236948833,0.4326874761681486,1,0,0.5708906829357148,0.6449258923530579,0.013922458935636041,0.258581430263993,-6.365255663343525,0.5764808356761932,0.6923295259475708,0.00021509072750484123,0.00013940810900721823,0.0021397563943665035,0.11792616180833504
1781864745.047105,93.73271012306213,playing_with_blocks,mixed_social_nonsocial_movie,mixed,2702,1,0.44531716450815173,0.4442656000843314,0.4447913822962416,1,0,0.5708945631980896,0.6451016545295716,0.013341085099362623,0.2600841290653557,-5.81516507096746,0.5761710107326508,0.691745400428772,0.0006612065617892047,0.00044611583428436346,0.0022602741157529806,0.11767557249378359
1781864745.08091,93.76651501655579,playing_with_blocks,mixed_social_nonsocial_movie,mixed,2703,1,0.42651682697665844,0.4299117979391806,0.4282143124579195,1,0,0.570820814371109,0.6453562736511231,0.008534935060038062,0.2586781591199369,-5.775105255398499,0.5766173899173737,0.6914980411529541,0.0005103341923553848,0.00015087236943381994,0.002383699293308146,0.11941066575116258
1781864745.1144462,93.80005121231079,playing_with_blocks,mixed_social_nonsocial_movie,mixed,2704,1,0.446293231285811,0.43485384637559643,0.4405735388307037,1,0,0.5706566393375396,0.6451932132244109,0.011296925843458056,0.25744618810353237,-5.870780448539969,0.5764131546020508,0.6916268765926361,0.00024147595023747313,0.0002688582421179116,0.00046426159177775624,0.11892083811674566
1781864745.1500108,93.83561587333679,playing_with_blocks,mixed_social_nonsocial_movie,mixed,2705,1,0.4429114843150861,0.4446647839641684,0.44378813413962725,1,0,0.5706466436386108,0.6450212597846985,0.01074433136470303,0.25925115297613077,-6.250558322233763,0.5763119459152222,0.6912610530853271,0.00037956558957497847,0.00013808963933750534,0.0010404929523807661,0.11771418245484984
1781864745.184766,93.87037110328674,playing_with_blocks,mixed_social_nonsocial_movie,mixed,2706,1,0.44526246564622934,0.4454690244572766,0.44536574505175297,1,0,0.570423811674118,0.6447397589683532,0.008611993147058253,0.2591145814128074,-6.102081526063228,0.5764209628105164,0.6920640766620636,0.0008103897508323916,0.00043082416125741314,0.0011891661675074942,0.11741537245247406
1781864745.217013,93.90261793136597,playing_with_blocks,mixed_social_nonsocial_movie,mixed,2707,1,0.43154934258328786,0.42092228565570994,0.4262358141194989,1,0,0.5702730655670166,0.6445882022380829,0.007666950689086983,0.2582324253143904,-6.067543327452228,0.5765675604343414,0.6909311711788177,0.0011423509518881094,0.00033196120105571784,0.0005930316113172331,0.11865428855958633
1781864745.253029,93.93863415718079,playing_with_blocks,mixed_social_nonsocial_movie,mixed,2708,1,0.4346296852333992,0.4324154126454846,0.43352254893944187,1,0,0.570338249206543,0.6446123242378234,0.007608171243852095,0.2562395972314715,-5.8407768282077175,0.5763647705316544,0.6918626725673676,0.0009533197687565524,0.000189031183131557,0.0004353310729319018,0.11870140796038522
1781864745.288362,93.9739670753479,playing_with_blocks,mixed_social_nonsocial_movie,mixed,2709,1,0.4444454560875026,0.42356862054030925,0.4340070383139059,1,0,0.570187896490097,0.6442718863487243,0.007378891105366598,0.2581827998151251,-5.619329765384244,0.5762198865413666,0.6913659572601318,0.0005174142122941573,0.00043590555646239515,0.0003866010496291838,0.11892801724981557
1781864745.3207538,94.00635886192322,playing_with_blocks,mixed_social_nonsocial_movie,mixed,2710,1,0.42961747555414337,0.4350371545494259,0.4323273150517846,1,0,0.5700482487678528,0.6442724406719207,0.011054306788998358,0.2570298919557266,-5.757001446222533,0.5758874118328094,0.6911748349666595,0.0003834933674684035,0.00013392084482575378,0.0013892603176509399,0.11897517819445376
1781864745.356929,94.0425341129303,playing_with_blocks,mixed_social_nonsocial_movie,mixed,2711,1,0.4236973227807315,0.4357074458767703,0.4297023843287509,1,0,0.5702956318855286,0.6437748551368714,0.010522381865535111,0.2581346888670262,-6.131589328681253,0.5763233006000519,0.691009908914566,0.0004660468002972197,8.255343282881616e-05,0.000712443199599259,0.11852329437547418
1781864745.390584,94.0761890411377,playing_with_blocks,mixed_social_nonsocial_movie,mixed,2712,1,0.4378282803779678,0.42822210033092994,0.43302519035444886,1,0,0.5700810432434082,0.6437234640121461,0.008658275494748709,0.25840550233732823,-5.811536776528088,0.5762755423784256,0.6909216642379761,0.0001003392778495675,0.0003657075224476522,0.0014067339261546517,0.11910687002896107
1781864745.424126,94.1097309589386,playing_with_blocks,mixed_social_nonsocial_movie,mixed,2713,1,0.4409596456129188,0.43358765081344675,0.43727364821318276,1,0,0.570076471567154,0.6438725590705872,0.006942408646705659,0.2592272645667225,-6.031112132441853,0.5762336552143097,0.6914211809635162,0.0005012698810142472,0.0004009306031646797,0.0008989131601817813,0.11914668491625682
1781864745.459299,94.14490413665771,playing_with_blocks,mixed_social_nonsocial_movie,mixed,2714,1,0.44003690101635046,0.4453331329814076,0.442685016998879,1,0,0.5702206790447235,0.6439650177955627,0.007596447227704869,0.25932476393977866,-6.321627729712261,0.5764303207397461,0.6917707026004791,0.0004010519961306695,0.00010021788488357765,0.0004673789531135242,0.11877254070959913
1781864745.495306,94.18091106414795,playing_with_blocks,mixed_social_nonsocial_movie,mixed,2715,1,0.44767246266112776,0.43827525753722735,0.44297386009917755,1,0,0.5702656805515289,0.6443658113479614,0.009833362389446444,0.2599742775940941,-5.91984990996909,0.5761744230985641,0.6925248205661774,0.000796352628520393,0.0003953006323897235,0.0006855315759725927,0.11748715770921649
1781864745.5278258,94.21343088150024,playing_with_blocks,mixed_social_nonsocial_movie,mixed,2716,1,0.423108418336748,0.4305455656173139,0.42682699197703095,1,0,0.5706928074359894,0.6447578549385071,0.010065743831570498,0.2587235095529638,-6.069543434907428,0.5759949833154678,0.6916733682155609,0.0008701550098275243,7.380238130713125e-05,0.000886642366078537,0.11882669778076212
1781864745.561426,94.24703097343445,playing_with_blocks,mixed_social_nonsocial_movie,mixed,2717,1,0.393300292800933,0.4361060821821313,0.4147031874915321,1,0,0.5737142026424408,0.6450263261795044,0.008082049439326432,0.25611318749856327,-6.2738284149905414,0.5762407779693604,0.6908826529979706,0.0008280371774329148,4.211783239460945e-05,0.0009245772664403051,0.1210941825105397
1781864745.5957508,94.28135585784912,playing_with_blocks,mixed_social_nonsocial_movie,mixed,2718,1,0.42976907673477116,0.45101841644626744,0.44039374659051933,1,0,0.5738802313804626,0.6451815485954284,0.007216285128034897,0.25654354909296134,-6.406798242228043,0.5762816965579987,0.6918617188930511,0.0009799205874998552,0.00015188341006694037,0.003211735683658981,0.1201110578626092
1781864745.630323,94.31592798233032,playing_with_blocks,mixed_social_nonsocial_movie,mixed,2719,1,0.424135950815443,0.4530042581049332,0.43857010446018807,1,0,0.573960256576538,0.6453169107437133,0.005339331311950639,0.25611946244157974,-6.616379550091109,0.5764980167150497,0.6916508674621582,0.00030208067838941434,0.0006778399091104409,0.0023466797461086115,0.11950937507884585
1781864745.667375,94.35298013687134,playing_with_blocks,mixed_social_nonsocial_movie,mixed,2720,1,0.43917296306512493,0.45783886237595267,0.4485059127205388,1,0,0.5740063846111297,0.6457452416419982,0.006304323135868298,0.25592210033811047,-6.726260097860467,0.5762374401092529,0.6921066343784332,0.0005249987137693132,0.0002229180353798989,0.0007644621262058917,0.11887818940778373
1781864745.701382,94.38698697090149,playing_with_blocks,mixed_social_nonsocial_movie,mixed,2721,1,0.43119564899614893,0.4427855774744842,0.43699061323531657,1,0,0.5742336869239807,0.6455349266529082,0.008221111065564123,0.2566213054696869,-6.828590065973519,0.5765538662672043,0.6919262111186981,0.0003642500049269703,0.00016074870884234295,0.0006887833333819518,0.1193884398821182
1781864745.733462,94.41906714439392,playing_with_blocks,mixed_social_nonsocial_movie,mixed,2722,1,0.4246874948287253,0.4464092804693413,0.4355483876490333,1,0,0.5741069674491882,0.645513790845871,0.009144497745164057,0.2552642893271107,-6.717196464023346,0.5762498080730438,0.6924434304237366,0.0005999726618276705,0.00023572265690070023,0.0011869530094241593,0.11886739105360745
1781864745.7700238,94.45562887191772,playing_with_blocks,mixed_social_nonsocial_movie,mixed,2723,1,0.42616772065054487,0.4326739795071194,0.42942085007883213,1,0,0.5740435421466827,0.6451019823551178,0.009404721329433218,0.2572467201736879,-6.7967277965155715,0.5761516392230988,0.692081481218338,0.0003750257996300868,0.00022494686219758374,0.000826173527968127,0.11892394354437627
1781864745.8038442,94.48944926261902,playing_with_blocks,mixed_social_nonsocial_movie,mixed,2724,1,0.42860997644824855,0.43522268352251475,0.43191632998538165,1,0,0.5739993035793305,0.6455252349376679,0.006329041039359249,0.2573005603797894,-6.657337998738864,0.576355367898941,0.6926230192184448,0.0005785920660708509,0.00020356626644076411,0.0019604730925287406,0.11901429967912344
1781864745.838024,94.52362895011902,playing_with_blocks,mixed_social_nonsocial_movie,mixed,2725,1,0.4023290783112617,0.42507517469358946,0.41370212650242555,1,0,0.5733755230903625,0.6452721059322357,0.006761995959076143,0.2585137007217778,-6.630367067322822,0.5761730074882507,0.6922549605369568,0.0004107584599321723,0.00016783360613867857,0.0017879796913357895,0.11955480230637774
1781864745.872436,94.55804109573364,playing_with_blocks,mixed_social_nonsocial_movie,mixed,2726,1,0.4066982490382809,0.43187398521793285,0.41928611712810687,1,0,0.5701602756977082,0.6456269681453706,0.00896462975993091,0.25769890276856716,-5.992999125221989,0.5760684013366699,0.6931067705154419,0.0008582089992509672,0.00044745053931879487,0.0008204266510084094,0.1204113288644933
1781864745.908134,94.59373903274536,playing_with_blocks,mixed_social_nonsocial_movie,mixed,2727,1,0.422340814552566,0.43386808270459676,0.4281044486285814,1,0,0.5698871672153474,0.6452179193496704,0.0039027572572994003,0.25784115862876217,-6.130789006929543,0.5765697807073593,0.692847490310669,0.0005644532734779676,0.00029375572577299957,0.0005016299780611614,0.11822733358833719
1781864745.939776,94.6253809928894,playing_with_blocks,mixed_social_nonsocial_movie,mixed,2728,1,0.4512555344234524,0.408702941459258,0.4299792379413552,1,0,0.5696672260761261,0.644946175813675,0.00449682872076439,0.25763986311194104,-5.842862934534798,0.5764569044113159,0.6929243206977844,0.0001365429111773682,0.00042791036230059945,0.0002712231228413865,0.11861892737701876
1781864745.975521,94.66112613677979,playing_with_blocks,mixed_social_nonsocial_movie,mixed,2729,1,0.43377927839679853,0.4128761946681338,0.42332773653246614,1,0,0.5698039412498475,0.6449571430683136,0.008281569029004765,0.25693262043177895,-6.052844020760032,0.5759770274162292,0.6925628781318665,0.0006007683903725104,0.0004642254791951422,0.0005772050856075011,0.11884771377996142
1781864746.010672,94.69627714157104,playing_with_blocks,mixed_social_nonsocial_movie,mixed,2730,1,0.44029319403971573,0.4315480987719785,0.43592064640584716,1,0,0.5694023907184601,0.6450721919536591,0.007149917124876098,0.25724593915203114,-5.9556600201557846,0.5759400129318237,0.6923092901706696,0.0002562750985168213,0.00034449329185568905,0.0006063617038141846,0.11893784447118946
1781864746.045856,94.73146104812622,playing_with_blocks,mixed_social_nonsocial_movie,mixed,2731,1,0.4497715102825808,0.4072177093801201,0.42849460983135046,1,0,0.569528990983963,0.6449411034584045,0.00572511846361731,0.2566831524896856,-6.0148660419227955,0.5760089010000229,0.6921150982379913,0.00020604871428260639,5.0226384234214924e-05,0.0009328257114913342,0.11981325785799618
1781864746.079328,94.76493310928345,playing_with_blocks,mixed_social_nonsocial_movie,mixed,2732,1,0.4433132111879489,0.42288348674276993,0.4330983489653594,1,0,0.5693455457687377,0.6446637511253357,0.0050755989191596015,0.2579269255318053,-6.434196747494107,0.5761134922504425,0.691039651632309,0.0010805205834865325,0.0008744718692039261,0.0009191259205746026,0.1191703187009939
1781864746.113643,94.7992479801178,playing_with_blocks,mixed_social_nonsocial_movie,mixed,2733,1,0.45542482576835647,0.42410314721387626,0.43976398649111637,1,0,0.5692852914333344,0.6445241808891297,0.006131984901933368,0.25927366320799766,-6.42554762708059,0.5757525265216827,0.6915018260478973,0.0005864311108421246,0.0004940894726444078,0.0009703255387187043,0.11834897078321645
1781864746.1477702,94.8333752155304,playing_with_blocks,mixed_social_nonsocial_movie,mixed,2734,1,0.4475552965161166,0.4210946496848397,0.43432497310047813,1,0,0.569413834810257,0.6442954003810882,0.004238325596614352,0.25934806802237054,-6.313482281920197,0.5760147124528885,0.6915841698646545,0.0002748126028412265,0.0003116185080008981,0.0006974929278533379,0.11769318923941163
1781864746.182165,94.86776995658875,playing_with_blocks,mixed_social_nonsocial_movie,mixed,2735,1,0.4572244277025689,0.41816898433598315,0.437696706019276,1,0,0.5693864941596984,0.6444549560546875,0.006220662382720897,0.26131053912224445,-6.292656036088256,0.5757684111595154,0.6916428506374359,0.000253195103055894,2.161749978533251e-05,0.0014596648839412085,0.11692555343889517
1781864746.218057,94.90366196632385,playing_with_blocks,mixed_social_nonsocial_movie,mixed,2736,1,0.4343801028488104,0.40709851083029897,0.4207393068395547,1,0,0.5692205786705018,0.645063155889511,0.007975769404672203,0.25751285782251637,-6.1722517683839815,0.5756203234195709,0.6922580301761627,0.0006327525927169197,0.0003795574896610257,0.003155571171319935,0.1195752027274243
1781864746.249685,94.93529009819031,playing_with_blocks,mixed_social_nonsocial_movie,mixed,2737,1,0.4346430008703364,0.4179571694573306,0.4263000851638335,1,0,0.5689846694469451,0.6449242830276489,0.007697378684822558,0.2569413918102016,-6.396668560320216,0.575529620051384,0.6931133270263672,0.0008600929036854921,0.00022734031096857243,0.001184500301146047,0.118275116908326
1781864746.286617,94.97222208976746,playing_with_blocks,mixed_social_nonsocial_movie,mixed,2738,1,0.44407849895872825,0.4129507066417997,0.428514602800264,1,0,0.5686906337738037,0.6451907455921173,0.0078040538533795945,0.2583676547022056,-6.713481439848563,0.5753208100795746,0.6926315426826477,0.0005250883336927696,0.0003350045699927225,0.001206808885818155,0.1183298844738534
1781864746.3216279,95.0072329044342,playing_with_blocks,mixed_social_nonsocial_movie,mixed,2739,1,0.44470969293678736,0.4138000250183801,0.42925485897758375,1,0,0.5686087787151337,0.6451097667217254,0.00829050628732227,0.2571674707091648,-6.559814100294512,0.5752469599246979,0.692789763212204,0.0001746069338496665,0.00035048139984310316,0.0009729643816299523,0.11806516452101025
1781864746.354736,95.04034113883972,playing_with_blocks,mixed_social_nonsocial_movie,mixed,2740,1,0.4443489278283493,0.4197432027582438,0.43204606529329653,1,0,0.5685500621795654,0.6444680035114289,0.005899336547067971,0.2571097882591084,-6.28425625621061,0.5752111822366714,0.6919483244419098,0.0008421990543302183,0.0006675921204805518,0.0019435161263516975,0.11777069109717973
1781864746.3901398,95.07574486732483,playing_with_blocks,mixed_social_nonsocial_movie,mixed,2741,1,0.4360758306522787,0.4184563738410681,0.4272661022466734,1,0,0.5686245799064636,0.6446480095386505,0.006553405931455075,0.25711363264068826,-6.7377481417801794,0.5750267654657364,0.6914229094982147,0.0005568396613570245,0.0002853593929731938,0.0007921977721761966,0.11801863496786569
1781864746.4235961,95.10920119285583,playing_with_blocks,mixed_social_nonsocial_movie,mixed,2742,1,0.43623819871263697,0.4380089671077299,0.43712358291018344,1,0,0.5685454726219177,0.6448412239551544,0.009123572993802434,0.2582263675799035,-6.419635824244928,0.5750444084405899,0.6924076080322266,0.0009848565770947313,0.0004280169157377067,0.001648360923735416,0.11729514534956664
1781864746.459235,95.14484000205994,playing_with_blocks,mixed_social_nonsocial_movie,mixed,2743,1,0.44681153783247063,0.435415885406113,0.4411137116192918,1,0,0.5686452686786652,0.6453469693660736,0.006004495780478589,0.2591992491686048,-6.41538665043495,0.5750429332256317,0.692569226026535,0.0001616247268937091,0.0008232318502010222,0.0008672520787236898,0.11774008260366924
1781864746.4934871,95.17909216880798,playing_with_blocks,mixed_social_nonsocial_movie,mixed,2744,1,0.44185524192370373,0.4191585766493965,0.4305069092865501,1,0,0.5683148980140686,0.6455109179019928,0.004913971014945438,0.2585505670593886,-6.560605511724224,0.574984610080719,0.6920533776283264,0.0005191350105385951,0.00035751028364488596,0.0004959014476149076,0.11943497536772874
1781864746.526619,95.21222400665283,playing_with_blocks,mixed_social_nonsocial_movie,mixed,2745,1,0.42597637797806504,0.42637658142775375,0.4261764797029094,1,0,0.5681933462619781,0.6453046321868896,0.004510132842842628,0.2587334572182416,-6.8195807251150615,0.5749941468238831,0.6926940083503723,0.0006407017024319715,0.0001215666918933764,0.0011720842958946472,0.11870658291070009
1781864746.561501,95.24710607528687,playing_with_blocks,mixed_social_nonsocial_movie,mixed,2746,1,0.4290177476110322,0.4267475502529888,0.4278826489320105,1,0,0.5682518720626831,0.6454921245574952,0.004984771889309308,0.2599620632930221,-6.927797287991846,0.5749321579933167,0.6926782429218292,6.396220643581587e-05,0.0005767394959961555,0.0007518195315323673,0.11798961104850512
1781864746.5972412,95.28284621238708,playing_with_blocks,mixed_social_nonsocial_movie,mixed,2747,1,0.4367169935253946,0.41728284971177393,0.42699992161858424,1,0,0.5682250320911408,0.6455834388732911,0.003770395017551426,0.26039029115860646,-7.127989903896381,0.5750539302825928,0.6922924220561981,0.00040458155023663874,0.0003406193438008229,0.0010531914752312443,0.11810437226621569
1781864746.630348,95.31595301628113,playing_with_blocks,mixed_social_nonsocial_movie,mixed,2748,1,0.36152744369158,0.21353090636202063,0.2875291750268003,1,0,0.5699577569961547,0.6479820430278778,0.00017654103033979066,0.2589829986828082,-7.3388622682996205,0.5752312988042831,0.6936110556125641,0.0013305089433975948,0.000925927393160956,0.00218221445244857,0.13051127207174393
1781864746.665298,95.3509030342102,playing_with_blocks,mixed_social_nonsocial_movie,mixed,2749,1,0.27233508507021115,0.1444803536641041,0.20840771936715763,1,0,0.5689166784286499,0.6489683091640472,-0.0010589568581981944,0.25968549384034834,-7.308609195851407,0.5754169523715973,0.6939979195594788,0.00042910483623337045,0.0009014041071642244,0.0004516834078077167,0.13839882917291504
1781864746.698658,95.38426303863525,playing_with_blocks,mixed_social_nonsocial_movie,mixed,2750,1,0.3417753378053411,0.1976817011126471,0.2697285194589941,1,0,0.5690659582614899,0.6478409230709077,-0.00037745004964741794,0.259939330706829,-7.045784568913211,0.5753824561834335,0.6930982172489166,0.0009003633903200815,0.0004712585540867111,0.00029162580805184793,0.13223975105612573
1781864746.735379,95.4209840297699,playing_with_blocks,mixed_social_nonsocial_movie,mixed,2751,1,0.37966817766650685,0.2539732385495027,0.3168207081080048,1,0,0.5692958295345307,0.6471356153488159,0.001604490813455658,0.25913822254907337,-7.635860909539783,0.5749142467975616,0.6930738985538483,0.00046884051440586663,0.0004315228759142149,0.00027359878774725177,0.12822886310414314
1781864746.7671921,95.45279717445374,playing_with_blocks,mixed_social_nonsocial_movie,mixed,2752,1,0.38390373604466205,0.3248017496086992,0.3543527428266806,1,0,0.5690828800201416,0.6473801076412201,0.004846733494109423,0.259815846138403,-7.171016568369078,0.5751660764217377,0.6936920285224915,0.0006674599746407775,0.00019861946023491087,0.00023349725297258889,0.12489647136931775
1781864746.8020742,95.48767924308777,playing_with_blocks,mixed_social_nonsocial_movie,mixed,2753,1,0.4115466577229629,0.36633805117682217,0.38894235444989256,1,0,0.5692500829696655,0.6467745482921601,0.0015258235484467686,0.2604783022239417,-6.852312639865724,0.5753515064716339,0.6938796639442444,0.00026380173407489563,0.0004036582405658819,0.00032378104108349374,0.12121867145521588
1781864746.837415,95.523020029068,playing_with_blocks,mixed_social_nonsocial_movie,mixed,2754,1,0.437222673687935,0.3991831532144684,0.4182029134512017,1,0,0.5693059265613556,0.6460955739021301,0.001024084039500449,0.2612097039217686,-6.718079015820931,0.5755625218153,0.6929683685302734,0.0009354072945979161,0.0006716055605230205,0.0002213841037022432,0.11954107158410839
1781864746.872143,95.55774807929993,playing_with_blocks,mixed_social_nonsocial_movie,mixed,2755,1,0.4292112203034798,0.4084213284185398,0.41881627436100977,1,0,0.5693922519683838,0.6461174607276916,0.0013426960091286098,0.2603971144535008,-6.750097483889367,0.5754706859588623,0.6930182874202728,0.0001045261694812065,0.0008308811251167096,0.001109826915708592,0.11886090976611842
1781864746.9051032,95.59070825576782,playing_with_blocks,mixed_social_nonsocial_movie,mixed,2756,1,0.4294338901819609,0.41458080026506855,0.4220073452235147,1,0,0.5695200562477112,0.6459231317043305,0.0037889799580569307,0.2612784806213691,-6.881208012010729,0.5753515213727951,0.6924265921115875,0.0006035756264899725,0.000499049457008766,0.00103297525848059,0.11879754346884971
1781864746.941746,95.62735104560852,playing_with_blocks,mixed_social_nonsocial_movie,mixed,2757,1,0.41392356954070575,0.43592962294418386,0.4249265962424448,1,0,0.5694191157817841,0.6463081896305084,0.005200280486147833,0.26170451638362735,-6.8467786631254155,0.5751038491725922,0.6927395462989807,0.00039910129310777363,0.00020447433338219886,0.00038012439799681337,0.11839939484331809
1781864746.9756858,95.66129088401794,playing_with_blocks,mixed_social_nonsocial_movie,mixed,2758,1,0.41216691862289656,0.436950066524212,0.42455849257355427,1,0,0.5694088160991668,0.6460392713546753,0.005164246684233992,0.2600991966209507,-6.664153624027924,0.5753433704376221,0.6931025385856628,0.00043489520185011,3.579390874233637e-05,0.0004927115504969006,0.11862896752821644
1781864747.008734,95.69433903694153,playing_with_blocks,mixed_social_nonsocial_movie,mixed,2759,1,0.4149680886514083,0.42444104511995695,0.4197045668856826,1,0,0.5692773580551147,0.6457442939281464,0.004757152810938031,0.2597547412349051,-6.184975549260936,0.5751476287841797,0.6926586031913757,0.0004851736072718807,5.027840542177071e-05,0.0005231460999714318,0.11893630221635978
1781864747.0443578,95.72996282577515,playing_with_blocks,mixed_social_nonsocial_movie,mixed,2760,1,0.4196911126879303,0.42436990077166004,0.42203050672979514,1,0,0.5693758368492126,0.6457770645618439,0.005990788445262922,0.2595418005158445,-6.272146409158983,0.5750242918729782,0.6925903260707855,0.00014097431986291373,0.00034419928740896696,0.00029982369622897324,0.11887862352495181
1781864747.0786078,95.76421284675598,playing_with_blocks,mixed_social_nonsocial_movie,mixed,2761,1,0.40059674796581285,0.41369106018445106,0.40714390407513196,1,0,0.569558995962143,0.6451521217823029,0.009863117750477352,0.260641321634935,-6.5615524292507335,0.5748174339532852,0.6921477615833282,0.0004885217748453324,0.00034754745498241874,0.0006253825680815365,0.11789458442013265
1781864747.112757,95.79836201667786,playing_with_blocks,mixed_social_nonsocial_movie,mixed,2762,1,0.41271945137542304,0.4296695941255739,0.42119452275049846,1,0,0.5697459995746612,0.6451704919338226,0.008255576434659597,0.2617300021931905,-6.393343875373239,0.5749747902154922,0.6918478608131409,0.00033867604759526534,0.0001498457272500671,0.0006791276012571653,0.11798364556988528
1781864747.145868,95.83147311210632,playing_with_blocks,mixed_social_nonsocial_movie,mixed,2763,1,0.42024637195156067,0.4221932930074336,0.4212198324794971,1,0,0.5698010087013244,0.6452309787273407,0.007720820505675735,0.25998443269595617,-6.447981914164933,0.5753355920314789,0.6916824877262115,0.000396895714640238,5.8219667044972676e-05,0.001455577316747001,0.1179951277485345
1781864747.1813812,95.86698627471924,playing_with_blocks,mixed_social_nonsocial_movie,mixed,2764,1,0.4344750233714957,0.4213019965263324,0.42788850994891403,1,0,0.569822508096695,0.6449509143829346,0.005615738654392353,0.2589871870476597,-6.304130145189747,0.5754897892475128,0.6915769279003143,0.00018686802368534568,0.00021002769095489234,0.0009440222218966859,0.11759888695702687
1781864747.216436,95.90204095840454,playing_with_blocks,mixed_social_nonsocial_movie,mixed,2765,1,0.4348808350441402,0.4241577506180029,0.4295192928310716,1,0,0.5698910236358643,0.6448005795478822,0.005328473163329515,0.2594947961489835,-6.376160404951693,0.5755127966403961,0.6918856799602509,0.0003096080984766599,0.0001227400747913142,0.0009926080707547296,0.11670535726762578
1781864747.249985,95.93559002876282,playing_with_blocks,mixed_social_nonsocial_movie,mixed,2766,1,0.4192946399782642,0.44148058609282503,0.4303876130355446,1,0,0.5699949741363526,0.6451487720012665,0.005307845106636365,0.26083082033962496,-6.279948104797459,0.5755845904350281,0.6916364431381226,0.00025937105168516314,5.0237046791496744e-05,0.0019333081696900492,0.11813412780213535
1781864747.283747,95.96935200691223,playing_with_blocks,mixed_social_nonsocial_movie,mixed,2767,1,0.4392893970700763,0.42680187090124333,0.4330456339856598,1,0,0.5699729979038239,0.6446247279644013,0.007191206679159423,0.25934176415573523,-6.032626829338224,0.5757617801427841,0.6914534866809845,0.00025469443995341373,4.67661173174941e-06,0.0012773523918967091,0.11754098782577599
1781864747.319649,96.00525403022766,playing_with_blocks,mixed_social_nonsocial_movie,mixed,2768,1,0.44358761031294386,0.42480217925981306,0.43419489478637846,1,0,0.5702077090740203,0.6442261755466461,0.007105365205547292,0.259648114754954,-5.697444610385556,0.5757319629192352,0.6911666989326477,0.0002883336251918107,3.363918523839696e-05,0.001158263554273321,0.11665149849525133
1781864747.35363,96.03923511505127,playing_with_blocks,mixed_social_nonsocial_movie,mixed,2769,1,0.43476071449067827,0.4286173212390893,0.4316890178648838,1,0,0.5701777815818787,0.6441949367523193,0.006328139538933049,0.2579852912665474,-6.377868755857924,0.5755385458469391,0.6913910806179047,0.0002962385939312496,7.904968739438911e-06,0.0006789703961610133,0.11633853366467581
1781864747.387577,96.07318210601807,playing_with_blocks,mixed_social_nonsocial_movie,mixed,2770,1,0.4225827978558357,0.43729978280162063,0.4299412903287282,1,0,0.5702556014060974,0.6443028271198272,0.009143193506614493,0.25949634883331596,-6.3212503977625385,0.5752680897712708,0.6912769973278046,0.000293532768095794,2.7058258354556116e-06,0.0026913257408544776,0.11676663041925932
1781864747.422903,96.10850811004639,playing_with_blocks,mixed_social_nonsocial_movie,mixed,2771,1,0.42705235451511014,0.42606764877750825,0.4265600016463092,1,0,0.5703397691249847,0.6441662013530731,0.008812020194239255,0.26132693253693984,-6.237883225796643,0.5754754692316055,0.6900048553943634,0.0012889341873765943,0.0009954014192808003,0.0006424690471142114,0.11660075617234875
1781864747.457193,96.14279794692993,playing_with_blocks,mixed_social_nonsocial_movie,mixed,2772,1,0.4192736007196075,0.4392868618895437,0.4292802313045756,1,0,0.5703136503696442,0.6437207818031311,0.00933354519990824,0.2611690846321466,-6.384004262227419,0.5752250403165817,0.690517395734787,0.0005704491581565555,0.0007184850292200389,0.00043900007593811066,0.11583512220745334
1781864747.490047,96.17565202713013,playing_with_blocks,mixed_social_nonsocial_movie,mixed,2773,1,0.4271296462485466,0.43510379990712156,0.4311167230778341,1,0,0.570001196861267,0.6436826944351196,0.011485761447608097,0.2623680468722864,-6.398565980008247,0.5750505328178406,0.690572202205658,0.0001829114987260864,0.0003875376594304691,0.0024107941426920916,0.11580663549274191
1781864747.526336,96.21194100379944,playing_with_blocks,mixed_social_nonsocial_movie,mixed,2774,1,0.4207568229204311,0.4286182541153838,0.4246875385179074,1,0,0.57008296251297,0.6437866151332856,0.01010177956259943,0.2620694349155038,-6.538190384914769,0.5752376019954681,0.6900790929794312,0.0005274007832836929,0.00034448928455760655,0.0017068318489546995,0.11747045534780418
1781864747.5610082,96.24661326408386,playing_with_blocks,mixed_social_nonsocial_movie,mixed,2775,1,0.4314373600396613,0.43143730497135213,0.43143733250550675,1,0,0.5702940285205842,0.6437159538269044,0.010697490155022986,0.26165031592012333,-6.487552418794342,0.5751873999834061,0.6905328631401062,0.000456538717672598,7.086206561109494e-05,0.0012621122928582525,0.11649256871380595
1781864747.593448,96.27905297279358,playing_with_blocks,mixed_social_nonsocial_movie,mixed,2776,1,0.4439305397116869,0.4241419772745729,0.4340362584931299,1,0,0.5704227328300475,0.6435874700546265,0.011548021872181662,0.2598373711728616,-6.565755370975639,0.5752866268157959,0.6902118921279907,0.00033595885891661554,0.00012057985875598245,0.0004739587515521514,0.1168049091617259
1781864747.629487,96.31509208679199,playing_with_blocks,mixed_social_nonsocial_movie,mixed,2777,1,0.4360299009651761,0.4313698874185843,0.43369989419188015,1,0,0.5703130841255188,0.6434393405914307,0.011029871584766855,0.25982327488685236,-6.532961652474331,0.5754007548093796,0.6903394162654877,0.00017113621640020232,0.00016482264251641322,0.0004186008861963139,0.11671727760719174
1781864747.664244,96.349848985672,playing_with_blocks,mixed_social_nonsocial_movie,mixed,2778,1,0.43439022004987893,0.44326347313640047,0.4388268465931397,1,0,0.5703900396823883,0.6434791684150696,0.010395250978731087,0.2597143028037474,-6.641289042049045,0.5754638314247131,0.6900582611560822,0.0002881438094888837,0.00011700759308868136,0.00016875255095643354,0.11639239063716557
1781864747.6965709,96.3821759223938,playing_with_blocks,mixed_social_nonsocial_movie,mixed,2779,1,0.42728643604060224,0.4335952387162202,0.4304408373784112,1,0,0.5704325616359711,0.6435109972953796,0.011510946501877225,0.26305813336817524,-6.450655549564971,0.5752328187227249,0.6894936561584473,0.0006100374347810057,0.000321893625292122,0.0006537761480045681,0.11632721475577598
1781864747.73243,96.41803503036499,playing_with_blocks,mixed_social_nonsocial_movie,mixed,2780,1,0.4298452855610218,0.4414239314641041,0.43563460851256297,1,0,0.5704173445701599,0.643036812543869,0.0101201501214372,0.26125082999804544,-6.602862627368908,0.575309693813324,0.6896238625049591,0.00015120672017663518,0.0004588307146043705,0.0007639451846293836,0.11628701205432601
1781864747.766386,96.4519910812378,playing_with_blocks,mixed_social_nonsocial_movie,mixed,2781,1,0.44567216689469596,0.4444418773566096,0.4450570221256528,1,0,0.5703158855438233,0.6424055099487305,0.00953631690383288,0.26325865925931197,-6.609127974669634,0.5755616873502731,0.6885936260223389,0.001060607350901298,0.0009094006307246627,0.00271326856617615,0.11477625107576536
1781864747.801182,96.48678708076477,playing_with_blocks,mixed_social_nonsocial_movie,mixed,2782,1,0.43989237813692694,0.44952602415248044,0.4447092011447037,1,0,0.5703957140445709,0.642668879032135,0.009358861048282872,0.2634575588906898,-6.147843824819438,0.5753470361232758,0.6890190541744232,0.00047651260406980227,0.0005840947468314956,0.0041848737076520025,0.11501386734592192
1781864747.837755,96.52336001396179,playing_with_blocks,mixed_social_nonsocial_movie,mixed,2783,1,0.44239296471311507,0.4550667983767133,0.4487298815449142,1,0,0.5706511616706849,0.6426896095275878,0.006418458802949593,0.26421981034690767,-6.148178268103754,0.5756025165319443,0.6882479786872864,0.0008122977570304804,0.00033578515296067815,0.0029276789343264556,0.11509526798165283
1781864747.8714151,96.55702018737793,playing_with_blocks,mixed_social_nonsocial_movie,mixed,2784,1,0.434963079202117,0.4613077009860345,0.44813539009407577,1,0,0.5708315908908844,0.6429827749729157,0.0077217233140931246,0.26431466318382135,-6.013995594467511,0.5755969882011414,0.6883358359336853,8.80310069592984e-05,0.000724266750071182,0.0009660523387553805,0.11575504780677452
1781864747.904431,96.59003615379333,playing_with_blocks,mixed_social_nonsocial_movie,mixed,2785,1,0.43971830155544045,0.44145036404522203,0.44058433280033127,1,0,0.5705830574035644,0.6429936647415161,0.008826006031873,0.26244224823268203,-5.79005308015208,0.5755315124988556,0.6885947287082672,0.00026704407186929575,0.00017901306490999736,0.0004638435106562403,0.11623872225260119
1781864747.9397278,96.62533283233643,playing_with_blocks,mixed_social_nonsocial_movie,mixed,2786,1,0.4291712093877296,0.45848901197502256,0.4438301106813761,1,0,0.5707690715789795,0.643580937385559,0.010491822769309881,0.264949690748577,-6.348499198920297,0.5751127302646637,0.6878137290477753,0.0008861935620186402,0.0006191494901493446,0.0006524121402135655,0.11640559467279224
1781864747.973572,96.65917706489563,playing_with_blocks,mixed_social_nonsocial_movie,mixed,2787,1,0.4341372346099542,0.44328208840297045,0.4387096615064623,1,0,0.5707033038139343,0.6432676613330841,0.008505320807499056,0.2641845361700684,-5.910956881374187,0.575441375374794,0.6891704797744751,0.001395987157108932,0.0005097935950902917,0.0009380773491063714,0.11645014278958578
1781864748.0075479,96.6931529045105,playing_with_blocks,mixed_social_nonsocial_movie,mixed,2788,1,0.42602093898787013,0.4476451425096007,0.4368330407487354,1,0,0.5706443727016448,0.6432425200939178,0.01128640057825157,0.2633975224514739,-6.025478977706903,0.5754900723695755,0.6891342103481293,6.071958982242968e-05,0.0013352675672865023,0.0006895175598718489,0.11630842281925761
1781864748.042996,96.72860097885132,playing_with_blocks,mixed_social_nonsocial_movie,mixed,2789,1,0.4178958916403338,0.44491533492931595,0.43140561328482485,1,0,0.5707924485206604,0.6432442307472229,0.012797659402144288,0.2615540150088287,-5.99275048181126,0.5754935592412949,0.6893599927425385,0.0002258093175657941,0.00016508972774336442,0.0003786999355079549,0.11613442295483688
1781864748.0774322,96.76303720474243,playing_with_blocks,mixed_social_nonsocial_movie,mixed,2790,1,0.42535258542877924,0.4422580116236515,0.4338052985262154,1,0,0.5708218514919281,0.6430083692073822,0.0075832494217024015,0.2611106412677079,-6.265501010051359,0.5755825191736221,0.6892910897731781,0.00011252328090820182,0.00011328603665759228,0.0007304123306117676,0.11559575058041216
1781864748.110231,96.79583597183228,playing_with_blocks,mixed_social_nonsocial_movie,mixed,2791,1,0.4236657557021185,0.43850832840211845,0.43108704205211845,1,0,0.5709159433841705,0.6435351967811584,0.010127882611408706,0.263707245305144,-6.507180947697644,0.5752656310796738,0.6896901726722717,0.000509593195044049,0.00039706991413584715,0.0010537341904289996,0.11608287919360691
1781864748.146344,96.83194899559021,playing_with_blocks,mixed_social_nonsocial_movie,mixed,2792,1,0.42739841604275075,0.4263539510991936,0.4268761835709722,1,0,0.5707871794700623,0.6432452976703644,0.011152041452215834,0.2623696385290321,-6.674240389116627,0.5754201859235764,0.6891104876995087,0.000599934885984358,9.034169094030906e-05,0.0006214738773790239,0.11640373100481459
1781864748.179745,96.86535000801086,playing_with_blocks,mixed_social_nonsocial_movie,mixed,2793,1,0.42617211844542746,0.4305185961610776,0.4283453573032525,1,0,0.570754873752594,0.6433519184589387,0.013237155589334783,0.2617203363013564,-6.440470404553083,0.5753196328878403,0.6897169649600983,0.0006147565214033986,1.4821635419040558e-05,0.00032401812840644105,0.11614721636836808
1781864748.213321,96.89892601966858,playing_with_blocks,mixed_social_nonsocial_movie,mixed,2794,1,0.42054136388883606,0.43387428416501556,0.4272078240269258,1,0,0.5708904147148133,0.6435683727264404,0.012941906429779488,0.2613076939767159,-6.590390657836352,0.5753210484981537,0.6895484328269958,0.00016853807831054157,0.000446218443092857,0.0003003142672646603,0.1165104718579297
1781864748.248886,96.93449115753174,playing_with_blocks,mixed_social_nonsocial_movie,mixed,2795,1,0.43095970361496755,0.4274725614087684,0.42921613251186796,1,0,0.5708273768424987,0.6435554444789886,0.012355845085562376,0.2626205884665113,-6.708500484676209,0.5752893090248108,0.6896798610687256,0.0001352064232655179,3.333165504502367e-05,0.00019508626399585084,0.11630774114757832
1781864748.2843132,96.9699182510376,playing_with_blocks,mixed_social_nonsocial_movie,mixed,2796,1,0.4242958181013174,0.43812426642847074,0.43121004226489407,1,0,0.5708101153373719,0.6433942198753357,0.011084945831570991,0.26286477698122396,-6.635260680784996,0.5753189474344254,0.6889985799789429,0.0006819254787878248,0.0005467190555223069,0.00046503229546794356,0.11613270230700301
1781864748.3171961,97.00280117988586,playing_with_blocks,mixed_social_nonsocial_movie,mixed,2797,1,0.42802316735503054,0.4332302569884918,0.4306267121717612,1,0,0.5707719027996063,0.6434005856513978,0.009736130497408966,0.26406342422856005,-6.298629389503932,0.5754649043083191,0.6894859671592712,0.0005087727121075487,0.0001731527666802761,0.0007335398604615059,0.11649211932834402
1781864748.352663,97.03826808929443,playing_with_blocks,mixed_social_nonsocial_movie,mixed,2798,1,0.42045346104881287,0.43484298011744377,0.42764822058312835,1,0,0.5709152936935424,0.6433057725429534,0.009412813084483494,0.26361180402165363,-6.5247542575863395,0.5757586359977722,0.689701497554779,0.00036432356055674073,0.00014444915155080798,0.00042821928472523165,0.11712455405377807
1781864748.387089,97.07269406318665,playing_with_blocks,mixed_social_nonsocial_movie,mixed,2799,1,0.42702516221056036,0.43419901690269497,0.43061208955662766,1,0,0.5708619117736816,0.6434639632701873,0.011769340707032514,0.26427918176170767,-6.063823306630885,0.5753200650215149,0.6894418001174927,0.0005096933000819357,0.000145369739525195,0.0006548287845134216,0.1166075240565431
1781864748.422405,97.10801005363464,playing_with_blocks,mixed_social_nonsocial_movie,mixed,2800,1,0.4204605169122315,0.4158180845923173,0.4181393007522744,1,0,0.5709137320518494,0.6429701924324036,0.008623346013851204,0.26445493692430316,-6.207699852314063,0.5757139474153519,0.6877713203430176,0.0017162884422803526,0.0012065951421984169,0.0009376418455678457,0.11649812055575269
1781864748.4564219,97.14202690124512,playing_with_blocks,mixed_social_nonsocial_movie,mixed,2801,1,0.4349730799512844,0.45119010557508055,0.4430815927631825,1,0,0.5706838369369507,0.642640620470047,0.012469968107222245,0.2644251019055296,-6.191795928411187,0.5753189474344254,0.6887344121932983,0.0010409471153757848,0.0006753413269045677,0.0003516547529106482,0.11522366617988324
1781864748.489989,97.1755940914154,playing_with_blocks,mixed_social_nonsocial_movie,mixed,2802,1,0.435449904799467,0.44081304288355794,0.43813147384151246,1,0,0.5706934988498688,0.6422062873840332,0.01407179740888849,0.26288061633638266,-6.636336288008862,0.5753111094236374,0.6886404454708099,9.429305037130171e-05,0.0009466540650044831,0.0006324525220394179,0.11567812295479621
1781864748.5250309,97.21063590049744,playing_with_blocks,mixed_social_nonsocial_movie,mixed,2803,1,0.4376658631032756,0.4486680058099938,0.4431669344566347,1,0,0.5705566883087159,0.642562711238861,0.012350146250934276,0.2630141343996954,-6.502022207677973,0.5751204192638397,0.6888997852802277,0.0003219004097426439,0.0002276073593713422,0.001673210836680499,0.11538182415290855
1781864748.558893,97.24449801445007,playing_with_blocks,mixed_social_nonsocial_movie,mixed,2804,1,0.4326210209479465,0.4422574342057303,0.4374392275768384,1,0,0.5704850673675537,0.6423776566982269,0.013719587955441653,0.2624995252599254,-6.343555292286406,0.5751399993896484,0.6889158487319946,2.5326188212102497e-05,0.00029657422153054144,0.00014666687519053164,0.11591674848420465
1781864748.593042,97.27864694595337,playing_with_blocks,mixed_social_nonsocial_movie,mixed,2805,1,0.4260795390706144,0.44595298164397174,0.4360162603572931,1,0,0.5704028069972993,0.6421899616718292,0.01478409077201421,0.2625442830783435,-6.201966108443889,0.5747998952865601,0.6886934041976929,0.00040638943364496645,0.000381063245432864,0.00040770051544709786,0.11502655787873912
1781864748.6286452,97.31425023078918,playing_with_blocks,mixed_social_nonsocial_movie,mixed,2806,1,0.44170402650623514,0.43564179150017646,0.43867290900320577,1,0,0.5705165207386017,0.6418967366218566,0.011464838122828202,0.26421540240121527,-6.449068877405443,0.5753150582313538,0.6881051361560822,0.0007819540577738741,0.0003755646241289076,0.00044760546766112365,0.11450821207784198
1781864748.662087,97.34769201278687,playing_with_blocks,mixed_social_nonsocial_movie,mixed,2807,1,0.4291418780202121,0.44672673409295605,0.43793430605658407,1,0,0.5704676628112793,0.6419231712818145,0.012860757413634434,0.2623998378973237,-6.056797478436232,0.5751156657934189,0.6890080869197845,0.0009247039666706027,0.00014274990889672867,0.00048595760357733923,0.11444609093271714
1781864748.697076,97.38268113136292,playing_with_blocks,mixed_social_nonsocial_movie,mixed,2808,1,0.42221965682355717,0.4459911926268669,0.434105424725212,1,0,0.5702612221240997,0.6422404170036315,0.012730728452972124,0.26275592236186135,-6.15018568802711,0.574800580739975,0.6879951357841492,0.0010608244878813596,0.00013612052121075684,0.0008286986707870825,0.11536236581634254
1781864748.731488,97.41709303855896,playing_with_blocks,mixed_social_nonsocial_movie,mixed,2809,1,0.42486308475168616,0.437402031852884,0.4311325583022851,1,0,0.5704629063606261,0.6425287544727325,0.009736425173745587,0.26303004902802735,-6.486152894831572,0.5752133876085281,0.6887466907501221,0.0008574639220417351,0.00020336056583962448,0.0016018790197434229,0.11553909985890258
1781864748.76595,97.45155501365662,playing_with_blocks,mixed_social_nonsocial_movie,mixed,2810,1,0.4322291113607731,0.4423794571298461,0.4373042842453096,1,0,0.5703068196773529,0.6427685439586639,0.012573807056286555,0.26276138584580466,-6.126383743695274,0.574946328997612,0.6890669763088226,0.0004170169550229197,0.0004404469670188154,0.0007334655086155261,0.11564151286446679
1781864748.79853,97.48413515090942,playing_with_blocks,mixed_social_nonsocial_movie,mixed,2811,1,0.42146824123636456,0.44784030556886356,0.4346542734026141,1,0,0.5702193975448608,0.6425393402576447,0.010420385613546747,0.2611668481006467,-6.134421750873417,0.5751917958259583,0.688353568315506,0.0007544567109824515,0.0003374397559595318,0.0006857280463162596,0.11487589740438575
1781864748.835132,97.52073693275452,playing_with_blocks,mixed_social_nonsocial_movie,mixed,2812,1,0.42661997626040665,0.4589801269831317,0.44280005162176916,1,0,0.5701237380504608,0.6427438676357269,0.011756924156014628,0.2617420600275648,-6.171981668903276,0.5749768018722534,0.6895525455474854,0.0012181004896701045,0.000463643778687653,0.0008161790585503706,0.11503838543408755
1781864748.8700118,97.55561685562134,playing_with_blocks,mixed_social_nonsocial_movie,mixed,2813,1,0.4245956643103537,0.4588935059517038,0.44174458513102877,1,0,0.5704404175281524,0.642924016714096,0.011394773235246628,0.2608213344426869,-6.663530783074072,0.5750830173492432,0.6900762319564819,0.0005343493075881119,0.0006837511820819926,0.003166461998955699,0.11585346039839751
1781864748.9021719,97.58777689933777,playing_with_blocks,mixed_social_nonsocial_movie,mixed,2814,1,0.42894999334515405,0.4635527720258619,0.446251382685508,1,0,0.570380300283432,0.643187963962555,0.014039306769918264,0.2623248124110313,-6.193980970856132,0.5750823616981506,0.6896025538444519,0.00047367856579614,6.067074179197195e-05,0.0007695813024468314,0.11579704761926046
1781864748.9367611,97.62236618995667,playing_with_blocks,mixed_social_nonsocial_movie,mixed,2815,1,0.4233194221745685,0.4300053406381381,0.4266623814063533,1,0,0.5703715682029724,0.6435772538185119,0.012967874558820211,0.2622326401992986,-6.0815690088229255,0.5750497132539749,0.6897210478782654,0.00012290954786543006,0.0003507690179307099,0.0006379216443258387,0.11722041518774005
1781864748.971842,97.65744709968567,playing_with_blocks,mixed_social_nonsocial_movie,mixed,2816,1,0.43179232429895614,0.41792055770076675,0.4248564409998614,1,0,0.5724232077598572,0.6443283200263977,0.009205116072382965,0.2619853349133755,-7.210477345547334,0.575459212064743,0.6893931925296783,0.000524574499587654,0.00040166495172222396,0.0006062602383532218,0.11786134122653301
1781864749.0043688,97.68997383117676,playing_with_blocks,mixed_social_nonsocial_movie,mixed,2817,1,0.43631339213990494,0.41818088275496085,0.4272471374474329,1,0,0.5737412631511689,0.6446587800979614,0.007491246175830003,0.2621949225165713,-7.199920820467656,0.5756763964891434,0.6904067099094391,0.0010365261951726947,0.0005119516955850407,0.00026200692292854697,0.11825417168170166
1781864749.040412,97.72601699829102,playing_with_blocks,mixed_social_nonsocial_movie,mixed,2818,1,0.43567184765637273,0.43739652985077543,0.4365341887535741,1,0,0.5739517867565156,0.6442305266857147,0.010373646042704519,0.26163977154647744,-6.877558430446732,0.5757035464048386,0.6903819143772125,3.676868695853099e-05,0.0009997575082141637,0.0009760042716929491,0.11836670805350734
1781864749.075735,97.76134014129639,playing_with_blocks,mixed_social_nonsocial_movie,mixed,2819,1,0.4335934903006163,0.4362140053635164,0.4349037478320663,1,0,0.5740671336650849,0.644718861579895,0.009619357330890307,0.26165014854525587,-6.358749008224,0.5758125483989716,0.6909538805484772,0.0005822600242126457,0.0005454913372541147,0.0011372405070337575,0.11820213615511713
1781864749.1097322,97.7953372001648,playing_with_blocks,mixed_social_nonsocial_movie,mixed,2820,1,0.43901705881279557,0.442258059703254,0.4406375592580248,1,0,0.574173903465271,0.6448372304439545,0.008851015931434896,0.25986271393481886,-6.919177788947409,0.5758737027645111,0.6914022862911224,0.0004525566997203725,0.00012970332449227317,0.000595850351281571,0.11722749551037447
1781864749.144542,97.83014702796936,playing_with_blocks,mixed_social_nonsocial_movie,mixed,2821,1,0.44521982627266055,0.43757993137381496,0.4413998788232377,1,0,0.5742670953273773,0.6453636229038239,0.011662218457245275,0.2607899181839243,-6.904033633601545,0.5756210088729858,0.6917484402656555,0.00042857528731744804,2.3981412402924486e-05,0.0008018651831672582,0.11713264427006427
1781864749.1784792,97.86408424377441,playing_with_blocks,mixed_social_nonsocial_movie,mixed,2822,1,0.4388998095836259,0.44572366673647307,0.4423117381600495,1,0,0.5741576135158539,0.6455045223236084,0.011508113642136693,0.2592707218741065,-6.405483936781713,0.5755617320537567,0.6914900839328766,0.00026506930411667823,0.0001635059832007698,0.000800538389542589,0.11826237063786611
1781864749.2126641,97.89826917648315,playing_with_blocks,mixed_social_nonsocial_movie,mixed,2823,1,0.42931845027200644,0.44681517126717646,0.4380668107695914,1,0,0.5741635262966156,0.6451597809791565,0.01474268463090155,0.26162174973974156,-6.451162145469484,0.5753511786460876,0.6901645064353943,0.0013421953804541621,0.001077126076337484,0.0005702681925537303,0.11761348492334217
1781864749.248426,97.93403100967407,playing_with_blocks,mixed_social_nonsocial_movie,mixed,2824,1,0.4144905934138778,0.4404796230372647,0.42748510822557123,1,0,0.5743391752243041,0.6451763033866882,0.01156593184649659,0.26397538846948576,-6.849652289414115,0.5756963342428207,0.6902006268501282,0.00034704044478522337,0.0009951549356689389,0.0027253037087913126,0.11838361509843032
1781864749.28129,97.96689510345459,playing_with_blocks,mixed_social_nonsocial_movie,mixed,2825,1,0.43028332356014465,0.43673532975973933,0.433509326659942,1,0,0.574254685640335,0.645545768737793,0.012160826079380623,0.2626638177335469,-6.812034214916182,0.5756346434354782,0.6908268630504608,0.0006292674584925217,0.00028222701370729834,0.003391872448310708,0.11818969722625912
1781864749.318198,98.00380301475525,playing_with_blocks,mixed_social_nonsocial_movie,mixed,2826,1,0.43047174894190304,0.4310065519517793,0.4307391504468412,1,0,0.5744852066040039,0.6457696437835694,0.012697791764433385,0.2622896389391592,-6.5463368574329035,0.5758385509252548,0.6908720135688782,0.000208846435689851,0.0004204210228026707,0.001765432644752172,0.11891742101387244
1781864749.3513138,98.0369188785553,playing_with_blocks,mixed_social_nonsocial_movie,mixed,2827,1,0.42981718191912466,0.43472794869141795,0.4322725653052713,1,0,0.5744103848934173,0.645807433128357,0.013025698850964796,0.26095334769618717,-6.8958307296921575,0.5756163895130157,0.6907326877117157,0.0002622353667263793,5.338893103652828e-05,0.0007021959131373045,0.1183107605767097
1781864749.383042,98.06864714622498,playing_with_blocks,mixed_social_nonsocial_movie,mixed,2828,1,0.4343554212634856,0.4313757069338519,0.4328655640986687,1,0,0.5743508458137512,0.6457587778568268,0.014119357980898554,0.2615714123049786,-6.641577902966967,0.5755439847707748,0.6911125779151917,0.00038672860431570395,0.00012449323758932467,0.0019366886603201193,0.1177831673008048
1781864749.4198558,98.10546088218689,playing_with_blocks,mixed_social_nonsocial_movie,mixed,2829,1,0.4317835878213237,0.42505825808159103,0.4284209229514574,1,0,0.5744053721427917,0.6458005726337432,0.01524483030683158,0.2608186330719406,-6.491345113531944,0.5755621939897537,0.6912132203578949,0.00010227647299891232,0.0002844521313167916,0.0021547307839982865,0.1194418031363321
1781864749.454273,98.13987803459167,playing_with_blocks,mixed_social_nonsocial_movie,mixed,2830,1,0.43607572092065455,0.4254295837015456,0.43075265231110005,1,0,0.5738675594329834,0.6469323039054871,0.012843685367613903,0.2610289546449391,-6.5881303216835585,0.575788140296936,0.691871166229248,0.0006956611986879668,0.0005933847256890545,0.0011823842768128882,0.12030880582926574
1781864749.488375,98.17397999763489,playing_with_blocks,mixed_social_nonsocial_movie,mixed,2831,1,0.4288258560050778,0.4245545069873314,0.4266901814962046,1,0,0.5737450182437897,0.6468034744262696,0.014540552968099108,0.26285448461129274,-6.4407978477065875,0.5759676992893219,0.6917021870613098,0.0002465672138458887,0.0004490939848420781,0.0005442864640312111,0.11985127548408413
1781864749.523322,98.20892715454102,playing_with_blocks,mixed_social_nonsocial_movie,mixed,2832,1,0.42815380590031976,0.43806457686813083,0.4331091913842253,1,0,0.5737236738204956,0.6467665433883667,0.016699881970901234,0.26079299300073655,-6.210317342572845,0.5758787989616394,0.6922545731067657,0.0005594940674185015,0.00031292685357261276,0.0005897497697878468,0.1205206703393025
1781864749.557034,98.24263906478882,playing_with_blocks,mixed_social_nonsocial_movie,mixed,2833,1,0.4310610469720049,0.4237034194625047,0.4273822332172548,1,0,0.5737963140010833,0.6464471220970154,0.016707473981567158,0.25783393374080743,-6.461487605299346,0.5760248750448227,0.6923229992389679,0.0001613082689954763,0.0003981857984230252,0.0006309349136496622,0.12003143411169644
1781864749.5918322,98.27743721008301,playing_with_blocks,mixed_social_nonsocial_movie,mixed,2834,1,0.42831851780176083,0.4257596879003311,0.42703910285104596,1,0,0.5738636612892152,0.6464761853218078,0.01696522765869403,0.25934527770199756,-6.391751237923163,0.5758524537086487,0.6925786137580872,0.000308330828093143,0.0001470225590976667,0.0008347415342244258,0.12046136413991182
1781864749.625631,98.31123614311218,playing_with_blocks,mixed_social_nonsocial_movie,mixed,2835,1,0.435156519257799,0.42858126932327695,0.431868894290538,1,0,0.5739837765693665,0.646688026189804,0.017003796521723197,0.2580814271435301,-6.329483592847081,0.5759616941213608,0.6925738751888275,0.0001093431379106058,0.00019898769018253718,0.0006032758284979295,0.12110733396515469
1781864749.6610088,98.34661388397217,playing_with_blocks,mixed_social_nonsocial_movie,mixed,2836,1,0.4347625145503027,0.4290187104232109,0.43189061248675675,1,0,0.5737919569015503,0.646596348285675,0.016286068787059866,0.2594622399730115,-6.477326696651218,0.5758501142263412,0.6918875277042389,0.0006953581397910718,0.000586015001880466,0.00030622858217794894,0.12075751466346514
1781864749.695622,98.38122701644897,playing_with_blocks,mixed_social_nonsocial_movie,mixed,2837,1,0.4303296236485812,0.42050156739285144,0.4254155955207163,1,0,0.5741469323635101,0.6462396740913392,0.01580315909460532,0.2607398325866062,-6.490045309519547,0.5757697522640228,0.6913801431655884,0.00051370917360824,0.00018164896618283184,0.0012419715252360976,0.12100095989194107
1781864749.731276,98.41688108444214,playing_with_blocks,mixed_social_nonsocial_movie,mixed,2838,1,0.4258842149093947,0.40928617699112363,0.41758519595025917,1,0,0.5745641648769378,0.6460205435752868,0.016698560954491248,0.26118140607010715,-7.1215382183434,0.5758904367685318,0.6914460957050323,0.00013752994978434517,0.0003761792238238948,0.000732722912715138,0.1210987209417895
1781864749.7631192,98.44872426986694,playing_with_blocks,mixed_social_nonsocial_movie,mixed,2839,1,0.4253504840089618,0.42293817067293443,0.4241443273409481,1,0,0.5746842801570893,0.6459604442119599,0.01673530544331134,0.2608049063872562,-6.376339965829103,0.5758630335330963,0.692024439573288,0.0005789927177963477,0.0004414627680120025,0.000580833745860018,0.12025740808361135
1781864749.7980192,98.48362421989441,playing_with_blocks,mixed_social_nonsocial_movie,mixed,2840,1,0.4130909923985968,0.42987996144831525,0.42148547692345606,1,0,0.5749120771884918,0.6457976520061492,0.013183668601982071,0.26218060278191474,-6.6785232350924035,0.5762010812759399,0.6909744441509247,0.0011030714679591332,0.0005240787501627855,0.0022469073006465634,0.11890898625974038
1781864749.832684,98.51828908920288,playing_with_blocks,mixed_social_nonsocial_movie,mixed,2841,1,0.42233225967898524,0.4349039522812048,0.42861810598009503,1,0,0.5747356534004211,0.6461161315441132,0.01537306297465902,0.2614452720176353,-6.626011003602619,0.5757884234189987,0.6916211843490601,0.0007671762449264891,0.0003358952230326441,0.0007311889198541888,0.1197853807767592
1781864749.866729,98.55233407020569,playing_with_blocks,mixed_social_nonsocial_movie,mixed,2842,1,0.4330874963349052,0.4034064050124715,0.41824695067368833,1,0,0.5748444437980652,0.6463574767112732,0.015553985053414113,0.2620530791096256,-6.602117562442667,0.5759703665971756,0.6916219592094421,0.00018194482815874592,0.0005852314167677432,0.0014909792785480513,0.12021059312600717
1781864749.902164,98.58776903152466,playing_with_blocks,mixed_social_nonsocial_movie,mixed,2843,1,0.42205713287242,0.42715895118373265,0.42460804202807634,1,0,0.574752652645111,0.6463581323623657,0.013243562127028347,0.26173922496469515,-6.74147179961609,0.5758028626441956,0.6914060115814209,0.00027329645499336413,9.135162683461821e-05,0.002707415207701604,0.11901315280376396
1781864749.9381068,98.62371182441711,playing_with_blocks,mixed_social_nonsocial_movie,mixed,2844,1,0.41473970868152754,0.4357226508660456,0.42523117977378655,1,0,0.5747733116149902,0.6462799310684204,0.013136397566066535,0.26084495519108414,-6.864484396428033,0.5756448805332184,0.6921415627002716,0.0007523255916365813,0.00047902913664321715,0.0012670785267844017,0.1206418347667438
1781864749.971015,98.65662002563477,playing_with_blocks,mixed_social_nonsocial_movie,mixed,2845,1,0.41375011535082734,0.42284385870076846,0.4182969870257979,1,0,0.5749277174472809,0.6462594211101532,0.012576870113496981,0.2619800444458124,-6.562986587840938,0.5759637206792831,0.6919264495372772,0.0003846202174041884,0.00036770537423239287,0.003777396536439298,0.12048197885570572
1781864750.006061,98.69166612625122,playing_with_blocks,mixed_social_nonsocial_movie,mixed,2846,1,0.4271741902902899,0.4220007720628256,0.42458748117655776,1,0,0.5747042655944825,0.6457563459873199,0.014426139540697233,0.2614153741275849,-6.707592740822487,0.5759088695049286,0.6915083825588226,0.0004216499137936875,3.702969638949907e-05,0.0012535763031331026,0.11979587382832294
1781864750.039304,98.72490906715393,playing_with_blocks,mixed_social_nonsocial_movie,mixed,2847,1,0.4290218981994123,0.4238553435134386,0.4264386208564255,1,0,0.5748776197433472,0.6459880650043488,0.01440220399949694,0.2618308876971989,-6.848608073674189,0.5760100483894348,0.6919150352478027,0.0004190508037513735,2.599110042314013e-06,0.0008121946058529377,0.11980164286736258
1781864750.0727198,98.75832486152649,playing_with_blocks,mixed_social_nonsocial_movie,mixed,2848,1,0.33705392263987494,0.36579212106207537,0.3514230218509752,1,0,0.5748482584953308,0.6472951114177703,0.01345379923933834,0.26009417234007365,-6.201703471925477,0.575518935918808,0.6934688687324524,0.0016295980967170063,0.0012105472929656328,0.003130384385405622,0.12765095204029747
1781864750.106358,98.79196310043335,playing_with_blocks,mixed_social_nonsocial_movie,mixed,2849,1,0.1360808396560853,0.09497301648409721,0.11552692807009127,0,1,0.5744613289833069,0.649905264377594,0.01622240498549513,0.26064137040924656,-5.379682873242965,0.5759745687246323,0.6929687559604645,0.0006765456661961129,0.0009530524305208934,0.00290492604672174,0.1495254928795303
1781864750.143038,98.82864308357239,playing_with_blocks,mixed_social_nonsocial_movie,mixed,2850,1,0.11052616857822022,0.08072913981075194,0.09562765419448607,0,1,0.5743870735168457,0.6493337988853454,0.012331612102229933,0.26136859820464275,-5.787932298682607,0.5762923955917358,0.6924210488796234,0.0006332432106673666,4.330245552874629e-05,0.002201233375811079,0.15126259616011445
1781864750.1769412,98.86254620552063,playing_with_blocks,mixed_social_nonsocial_movie,mixed,2851,1,0.18637376558312763,0.19171288923052088,0.18904332740682425,1,0,0.5739921748638153,0.648095005750656,0.013970275406632903,0.261511437994846,-6.425615939025587,0.5760616511106491,0.6918283104896545,0.0006360674606477487,2.8242499803821097e-06,0.0024070420161164834,0.14113024152780676
1781864750.21106,98.89666509628296,playing_with_blocks,mixed_social_nonsocial_movie,mixed,2852,1,0.22215085839661938,0.3109573860933269,0.26655412224497316,1,0,0.5746835231781007,0.646926486492157,0.016614327595745236,0.26092861591083044,-6.03320734807298,0.576044425368309,0.6921846866607666,0.000356792238614659,0.0002792752220330897,0.0009121308862201353,0.13340416159731386
1781864750.2466471,98.9322521686554,playing_with_blocks,mixed_social_nonsocial_movie,mixed,2853,1,0.3431983331619202,0.36315201912067047,0.35317517614129534,1,0,0.5746180593967438,0.6470520377159119,0.015788794980080862,0.2604513467900604,-6.592125859453333,0.5757949352264404,0.6919088363647461,0.0003719391303751349,1.5146891760475908e-05,0.0006634863623283333,0.12641098757304758
1781864750.281286,98.96689105033875,playing_with_blocks,mixed_social_nonsocial_movie,mixed,2854,1,0.37424770886645264,0.3825402485522733,0.378393978709363,1,0,0.574461716413498,0.6459637582302094,0.01691849129010437,0.26096281709385966,-6.608646637840737,0.5758386552333832,0.6915937960147858,0.0003180595244764719,5.3879605898663006e-05,0.0005127177427941426,0.12322669707229085
1781864750.316297,99.00190210342407,playing_with_blocks,mixed_social_nonsocial_movie,mixed,2855,1,0.36457703196712643,0.3867819901564033,0.3756795110617649,1,0,0.5745714783668519,0.6456851959228516,0.016945969725127907,0.2604946646620799,-6.56601869539733,0.5758488476276398,0.691777378320694,0.0001838650264276893,0.0001341944980487826,0.0005448295048379146,0.12355916618846509
1781864750.3493881,99.0349931716919,playing_with_blocks,mixed_social_nonsocial_movie,mixed,2856,1,0.36626687130056407,0.39437357244680116,0.38032022187368264,1,0,0.574476444721222,0.6457396507263183,0.017264268316386024,0.26144272397381324,-6.4091964228170575,0.5757863968610764,0.6917926669120789,6.429493969895517e-05,0.00011957008672873412,0.0011563801999774728,0.1228007971750644
1781864750.3841999,99.06980490684509,playing_with_blocks,mixed_social_nonsocial_movie,mixed,2857,1,0.3850751815621057,0.4066945394354087,0.39588486049875715,1,0,0.5745987117290496,0.6455727458000182,0.01909562222941684,0.2605280751973774,-6.557782432781167,0.5757730305194855,0.69112429022789,0.0006685103223247912,0.000604215382625836,0.0006771657171325,0.12134177628970402
1781864750.418096,99.10370111465454,playing_with_blocks,mixed_social_nonsocial_movie,mixed,2858,1,0.38198230683446427,0.41021739462241824,0.3960998507284412,1,0,0.5745802104473114,0.6458034515380859,0.019270391808640028,0.26092740433871314,-6.442103180890959,0.5754259675741196,0.6919766664505005,0.0009203248953047817,0.00025181457297999055,0.0016298246167777723,0.12207954688420543
1781864750.4518368,99.13744187355042,playing_with_blocks,mixed_social_nonsocial_movie,mixed,2859,1,0.4029461220399246,0.4054940992896217,0.40422011066477315,1,0,0.5745597362518311,0.6453809618949891,0.0198776006228313,0.2591099621540606,-6.3783298084399,0.5755409002304077,0.691958874464035,0.00011630163482873416,0.0008040232604760476,0.0013859180318710584,0.12143166032939991
1781864750.4868789,99.17248392105103,playing_with_blocks,mixed_social_nonsocial_movie,mixed,2860,1,0.4029086303626115,0.4113498606736284,0.4071292455181199,1,0,0.574612432718277,0.6456135928630828,0.020267808169457124,0.26000946588220075,-6.560165852326261,0.5753919929265976,0.6916854381561279,0.0003113531750438208,0.00019505154021508665,0.002125399774750603,0.12157646719914268
1781864750.5204911,99.20609617233276,playing_with_blocks,mixed_social_nonsocial_movie,mixed,2861,1,0.4251545437335735,0.4092486556007788,0.4172015996671761,1,0,0.5745251297950744,0.64571812748909,0.02098437553451855,0.26049024512585456,-6.966586734364289,0.5752223581075668,0.6919536590576172,0.00031736166092221886,6.008485878398063e-06,0.0028408183321727907,0.12140305139464001
1781864750.555375,99.24098014831543,playing_with_blocks,mixed_social_nonsocial_movie,mixed,2862,1,0.4018473924736941,0.4135953233685849,0.4077213579211395,1,0,0.5744646668434144,0.6454993546009063,0.01894456108943626,0.26137207846685134,-7.083946847127653,0.5753816962242126,0.6908140778541565,0.001150666743543567,0.0008333050826213482,0.003714723743308981,0.1215137150008841
1781864750.591636,99.27724099159241,playing_with_blocks,mixed_social_nonsocial_movie,mixed,2863,1,0.4063166986825704,0.405656415076743,0.4059865568796567,1,0,0.5747650146484375,0.645681369304657,0.020618282622569067,0.263452381415019,-7.127690409710825,0.5753955245018005,0.6901571750640869,0.0006570483215580468,0.0004936184219855202,0.004149488314325419,0.12153601587495047
1781864750.625399,99.31100416183472,playing_with_blocks,mixed_social_nonsocial_movie,mixed,2864,1,0.3996683883663285,0.41968727139230294,0.4096778298793157,1,0,0.574616527557373,0.6454959869384765,0.01993842722957612,0.2627729028019713,-6.9210791708684285,0.5754334479570389,0.6904674768447876,0.0003126105941314684,0.0003444377274265784,0.0028613989104162474,0.12131292714189806
1781864750.658973,99.34457802772522,playing_with_blocks,mixed_social_nonsocial_movie,mixed,2865,1,0.4092520467427082,0.3997332631983385,0.40449265497052334,1,0,0.5747056365013122,0.6450563669204712,0.022588790198444283,0.262897879199206,-6.883098735454117,0.5754607319831848,0.6900616586208344,0.0004067343715194228,9.41237773879544e-05,0.0014794075784356096,0.1212773455074572
1781864750.693865,99.37947010993958,playing_with_blocks,mixed_social_nonsocial_movie,mixed,2866,1,0.42667981429837737,0.36752091416453103,0.39710036423145423,1,0,0.5747702658176421,0.6447330951690673,0.020492913871486763,0.26368973278057367,-7.067332192616085,0.5756140649318695,0.6897667646408081,0.0003323754693235678,7.435890219585503e-05,0.0004898231127856096,0.1218251866076555
1781864750.728853,99.41445803642273,playing_with_blocks,mixed_social_nonsocial_movie,mixed,2867,1,0.42190986078324183,0.4076351996765392,0.4147725302298905,1,0,0.574721097946167,0.6450886368751526,0.02253253917620625,0.26242356471333433,-7.063578201412767,0.5754365622997284,0.6900362074375153,0.000322655551810899,9.719917512668807e-06,0.0012294742431401585,0.12102252719424497
1781864750.7631319,99.44873690605164,playing_with_blocks,mixed_social_nonsocial_movie,mixed,2868,1,0.4144765909443109,0.4107268984296493,0.4126017446869801,1,0,0.5747667908668519,0.6451623737812042,0.021182789539995438,0.26255781827656277,-6.804816859781038,0.575542539358139,0.6902045011520386,0.00019888165138450646,0.00012377390042639253,0.0006775619217826133,0.1216963959780705
1781864750.7974,99.48300504684448,playing_with_blocks,mixed_social_nonsocial_movie,mixed,2869,1,0.4259512288807792,0.3895016336788344,0.4077264312798068,1,0,0.5748541593551636,0.6447748482227325,0.020812993745189773,0.26202958064440923,-7.027627025571024,0.5757714658975601,0.6894565522670746,0.000782198756691793,0.0005833171053072865,0.001592232137766616,0.12163796015740869
1781864750.8315809,99.51718592643738,playing_with_blocks,mixed_social_nonsocial_movie,mixed,2870,1,0.4189926446105638,0.41448584887571716,0.41673924674314045,1,0,0.5741458535194397,0.6448764801025391,0.024806598182684526,0.2628912517849843,-6.7972107513689135,0.5747502148151398,0.6904657185077667,0.0014357472878948573,0.0006535485312030643,0.0007851768798377457,0.12181939152675059
1781864750.867819,99.55342411994934,playing_with_blocks,mixed_social_nonsocial_movie,mixed,2871,1,0.4077005509560454,0.42491296608574464,0.41630675852089505,1,0,0.572817999124527,0.6485974729061126,0.02324765952087897,0.2571785643066514,-7.721996641379425,0.5730650126934052,0.6947743594646454,0.004626477394994072,0.003190730107099214,0.00034460575335946503,0.12524968739449646
1781864750.900293,99.58589816093445,playing_with_blocks,mixed_social_nonsocial_movie,mixed,2872,1,0.43532770859422626,0.44705455589304366,0.44119113224363493,1,0,0.5718800604343415,0.658485209941864,0.031286603530816984,0.25761771063087324,-7.880729046583989,0.5715482234954834,0.7000714540481567,0.005509978266526777,0.0008835008715327051,0.021711873611270898,0.12560122540427143
1781864750.934756,99.62036108970642,playing_with_blocks,mixed_social_nonsocial_movie,mixed,2873,1,0.41585843347094725,0.44175493302259405,0.4288066832467706,1,0,0.5722635328769684,0.671962320804596,0.044273089367148744,0.2509975864712666,-8.93050068973812,0.5706495642662048,0.7177220582962036,0.017673466517113667,0.01216348825058689,0.0031961591090087353,0.12555075931912715
1781864750.969595,99.65520000457764,playing_with_blocks,mixed_social_nonsocial_movie,mixed,2874,1,0.42605054908837253,0.4295198304988602,0.42778518979361635,1,0,0.5718575716018677,0.6778958320617676,0.05046521686385762,0.26249793436592256,-9.16907949564427,0.569521114230156,0.722162127494812,0.004581224069207897,0.013092242447905768,0.002242870017314812,0.1256138020845804
1781864751.0042272,99.68983221054077,playing_with_blocks,mixed_social_nonsocial_movie,mixed,2875,1,0.4007492004053049,0.4219679663849683,0.4113585833951366,1,0,0.5691807866096497,0.676845496892929,0.04753468779693799,0.2678023100109062,-9.603398409568719,0.5683328807353973,0.7210259437561035,0.001644023213392033,0.0029372008558158644,0.0005119946778288095,0.12689369699816508
1781864751.0374799,99.72308492660522,playing_with_blocks,mixed_social_nonsocial_movie,mixed,2876,1,0.39822029936086956,0.3562548308874411,0.3772375651241553,1,0,0.5663001060485839,0.671680349111557,0.03924709311085858,0.271730953665687,-11.139857738379881,0.5667761862277985,0.7135244607925415,0.007661301745956728,0.0060172785325646955,0.004517817752538006,0.12796128036382298
1781864751.073319,99.75892400741577,playing_with_blocks,mixed_social_nonsocial_movie,mixed,2877,1,0.3912114206995927,0.38541552558203734,0.388313473140815,1,0,0.5628175258636474,0.6709021389484405,0.022618833309147972,0.2664024214856938,-11.442765457925208,0.5651373267173767,0.7123934626579285,0.001991235113038638,0.005670066632918091,0.0006967754342213815,0.12930759877229916
1781864751.106943,99.79254794120789,playing_with_blocks,mixed_social_nonsocial_movie,mixed,2878,1,0.32709125390580596,0.3147053482988199,0.32089830110231293,1,0,0.5591606795787811,0.6766307353973389,0.020677589976674328,0.27336537999104354,-12.707609556351178,0.5619524419307709,0.7115531861782074,0.0032938663704415406,0.0013026312574029027,0.000393375188833223,0.13691978212513486
1781864751.141464,99.82706904411316,playing_with_blocks,mixed_social_nonsocial_movie,mixed,2879,1,0.14663444459335007,0.1574526816144916,0.15204356310392084,0,1,0.5542675465345382,0.6909668147563934,0.004863681338714474,0.2731490394508194,-13.419174349788364,0.5598424971103668,0.7191535532474518,0.007887803669742571,0.00459393729930103,0.0003814013747503607,0.15927666352292336
1781864751.175874,99.86147904396057,playing_with_blocks,mixed_social_nonsocial_movie,mixed,2880,1,0.1958918602317996,0.09549854793778462,0.1456952040847921,0,1,0.5488018155097961,0.7043372809886932,-0.007304629366274081,0.2762589981089026,-14.783792343817892,0.5574444383382797,0.7299469411373138,0.01105657759052976,0.0031687739207871893,0.003731881474053524,0.17173880647353548
1781864751.21068,99.89628505706787,playing_with_blocks,mixed_social_nonsocial_movie,mixed,2881,1,0.16646300005655312,0.08605853139646329,0.1262607657265082,0,1,0.5474493145942688,0.7128652930259705,-0.023227513322415502,0.27606652089935557,-19.052471888267142,0.5579105615615845,0.7369862496852875,0.0070547243527212785,0.004001853237808482,0.0008128971955744652,0.16026932120368065
1781864751.245271,99.93087601661682,playing_with_blocks,mixed_social_nonsocial_movie,mixed,2882,1,0.17205612092624795,0.07814087953651595,0.12509850023138194,0,1,0.5494713634252548,0.708166778087616,-0.03938425523579809,0.2615092243945641,-19.283158159334025,0.5576365739107132,0.7340452671051025,0.002953717618490503,0.004101006734230776,0.00029717037620341334,0.16336589146979172
1781864751.279079,99.964684009552,playing_with_blocks,mixed_social_nonsocial_movie,mixed,2883,1,0.2652658676523638,0.06662737945821391,0.16594662355528886,0,1,0.5460781842470168,0.6938222944736481,-0.0415743240177052,0.2449556231349794,-16.176696514905085,0.554114818572998,0.731404721736908,0.004401731534319079,0.0014480139158285763,0.0002810550503768396,0.15623775971504852
1781864751.313697,99.99930214881897,playing_with_blocks,mixed_social_nonsocial_movie,mixed,2884,1,0.4251504247005029,0.06203614064102991,0.2435932826707664,1,0,0.5324339836835861,0.6800267934799195,-0.03257966448224627,0.24949103188895896,-17.213762062128975,0.5489411801099777,0.7153648138046265,0.01685364000511789,0.012451908470798809,0.0004975484892007897,0.15219915952728932
1781864751.3467221,100.03232717514038,playing_with_blocks,mixed_social_nonsocial_movie,mixed,2885,1,0.5090234790810261,0.04792186762789321,0.27847267335445963,1,0,0.5360999792814255,0.656204903125763,-0.00980370373663475,0.25434061531828617,-8.750551535639081,0.5441677570343018,0.7120892405509949,0.005789209617840974,0.011064430387276915,0.0005594748258588473,0.1595876348550311
1781864751.3822799,100.06788492202759,playing_with_blocks,mixed_social_nonsocial_movie,mixed,2886,1,0.3606914020098641,0.1363110756407056,0.24850123882528485,1,0,0.5428982019424439,0.6591433882713318,0.00037556316826432785,0.24272405505529027,-7.830631269954641,0.5430760681629181,0.7192487716674805,0.007242283507280589,0.0014530738894396149,0.000746639182422796,0.1637002413748267
1781864751.4178,100.1034049987793,playing_with_blocks,mixed_social_nonsocial_movie,mixed,2887,1,0.23977202093484096,0.07472098401017128,0.15724650247250613,0,1,0.5334355622529984,0.666175264120102,0.012265341661814417,0.24304356601089028,-13.114189891960724,0.5432601571083069,0.7140400409698486,0.005211982753258743,0.0020303007540218455,0.00021521984121881965,0.16639702869550674
1781864751.450329,100.13593411445618,playing_with_blocks,mixed_social_nonsocial_movie,mixed,2888,1,0.38802121397056,0.0815662979926608,0.2347937559816104,1,0,0.5367433041334153,0.6606650054454803,0.011303840947458945,0.2407173555840777,-10.963476527698958,0.5454039871692657,0.7142405211925507,0.0021531836080477514,0.0030587991452109917,0.0009884183825578509,0.15992400337268708
1781864751.485858,100.17146301269531,playing_with_blocks,mixed_social_nonsocial_movie,mixed,2889,1,0.3785983098505762,0.15204897154689612,0.26532364069873615,1,0,0.5352535575628281,0.6558226883411408,0.0059949295561218694,0.23742445920369892,-14.786133895940097,0.5454659909009933,0.7100489139556885,0.004192065802306014,0.002038882194258263,0.00028382538472058083,0.1477943414414079
1781864751.5193112,100.20491623878479,playing_with_blocks,mixed_social_nonsocial_movie,mixed,2890,1,0.4459265235620763,0.25795424151460283,0.3519403825383396,1,0,0.5340697795152665,0.659858238697052,0.0016976143462531885,0.22039655751294837,-21.198711072271543,0.5456725656986237,0.7107724547386169,0.0007524522653143801,0.003439613536991634,0.0005068390960350968,0.143033725874188
1781864751.555189,100.24079394340515,playing_with_blocks,mixed_social_nonsocial_movie,mixed,2891,1,0.36659091542701144,0.30813249828794403,0.33736170685747774,1,0,0.5317685812711715,0.6655049622058868,-0.027333892677918754,0.23395655849427444,-21.620768416212563,0.5477290153503418,0.7111371755599976,0.002088541703581762,0.001336089438267382,0.0005378030491371712,0.14424030796883644
1781864751.588846,100.27445101737976,playing_with_blocks,mixed_social_nonsocial_movie,mixed,2892,1,0.42953145990169644,0.32988728945138596,0.3797093746765412,1,0,0.531466257572174,0.667987084388733,-0.04426067795823611,0.2270716029681069,-22.332626454145668,0.548504427075386,0.7165133953094482,0.0054318507101833785,0.0033433090066016164,0.0006402395304240316,0.14183010946638644
1781864751.623415,100.30902004241943,playing_with_blocks,mixed_social_nonsocial_movie,mixed,2893,1,0.37554271706893605,0.35046972967699186,0.36300622337296395,1,0,0.5345654755830764,0.6703998029232026,-0.046228968027737204,0.2270649763586425,-27.063335310215567,0.5481923520565033,0.720310777425766,0.003810183952874262,0.0016216667573091164,0.00034857457511943367,0.13788376475342773
1781864751.6574779,100.34308290481567,playing_with_blocks,mixed_social_nonsocial_movie,mixed,2894,1,0.27158677114433993,0.3327459806575835,0.30216637590096174,1,0,0.5355258703231811,0.6740067422389984,-0.04524606072738457,0.22598257474740965,-31.329287049660135,0.5460069924592972,0.7211242318153381,0.0023318457524062488,0.0014783382004680133,0.0002960778087116927,0.13878402639132836
1781864751.693314,100.37891912460327,playing_with_blocks,mixed_social_nonsocial_movie,mixed,2895,1,0.20623464815415887,0.36459286853822304,0.285413758346191,1,0,0.5357425600290298,0.6728944301605224,-0.0460992357107355,0.23932760839088177,-26.386960583939146,0.5440363138914108,0.7215351462364197,0.002013063506047284,0.00031878224635896457,0.0004815381121711563,0.1377805079697264
1781864751.7268941,100.41249918937683,playing_with_blocks,mixed_social_nonsocial_movie,mixed,2896,1,0.3094075780469489,0.3509077601956355,0.3301576691212922,1,0,0.5298308819532395,0.6728459000587463,-0.040037587943473125,0.24828050599901635,-23.78342452496155,0.5437647551298141,0.7159477472305298,0.005593994262780333,0.0035809307567330486,0.00021689740643238871,0.12573569609245416
1781864751.761176,100.44678115844727,playing_with_blocks,mixed_social_nonsocial_movie,mixed,2897,1,0.4567045284758193,0.3374655864016514,0.39708505743873534,1,0,0.5290100336074829,0.6774244546890259,-0.053306323767356605,0.2501429437127559,-21.976109647918193,0.5444722026586533,0.7161005437374115,0.0007237601664749304,0.004870234096305402,0.003028170492936234,0.12412648539401257
1781864751.79641,100.48201513290405,playing_with_blocks,mixed_social_nonsocial_movie,mixed,2898,1,0.47694662869746746,0.34606252475842364,0.41150457672794555,1,0,0.5288660526275635,0.6808728635311126,-0.0509184036799277,0.2470461603587366,-22.816228231628934,0.5447599291801453,0.7210216522216797,0.004929512680286585,0.004205752513811655,0.0007335461516407138,0.13498474502162167
1781864751.832278,100.51788306236267,playing_with_blocks,mixed_social_nonsocial_movie,mixed,2899,1,0.4674322848615947,0.3565237934501864,0.4119780391558906,1,0,0.5289269238710403,0.6775773108005524,-0.0793327534024923,0.24696639473925824,-21.52424014728237,0.5488327741622925,0.7245460450649261,0.005386038540720687,0.00045652586043410173,0.0003747478392927518,0.13859013421705205
1781864751.864372,100.54997706413269,playing_with_blocks,mixed_social_nonsocial_movie,mixed,2900,1,0.4731698722987176,0.36035228021202276,0.4167610762553702,1,0,0.5275699019432067,0.6759875118732452,-0.07139716020965663,0.2411381003123556,-22.252811252101022,0.5483225136995316,0.7239903807640076,0.0007544060943366821,0.0046316324463840045,0.0003138237339124541,0.13324141255458546
1781864751.89781,100.5834150314331,playing_with_blocks,mixed_social_nonsocial_movie,mixed,2901,1,0.43516716319781246,0.3426676249897261,0.38891739409376924,1,0,0.527721717953682,0.6735577046871185,-0.08988043767937723,0.24304831762215542,-22.752144912633003,0.5504515618085861,0.7191559076309204,0.005282516097960364,0.004528110003623681,0.00015254594369351471,0.13261361862344734
1781864751.93327,100.61887502670288,playing_with_blocks,mixed_social_nonsocial_movie,mixed,2902,1,0.43675598599191107,0.3345256046481332,0.38564079532002216,1,0,0.5288091093301773,0.6713187873363495,-0.0956356224062958,0.2403156483331748,-22.769158220184405,0.5511984825134277,0.7178128659725189,0.0015367665520575713,0.0037457495459027926,0.0004904812529125989,0.1322534540176842
1781864751.9679518,100.65355682373047,playing_with_blocks,mixed_social_nonsocial_movie,mixed,2903,1,0.44309823103550366,0.31436121189303157,0.37872972146426764,1,0,0.5298511058092117,0.6695704758167267,-0.10290352443480537,0.2365925806214716,-22.658140649749523,0.5530384033918381,0.7160818874835968,0.0025261819744272934,0.000989415422369722,0.0009019557912558734,0.1325740997307634
1781864752.001136,100.68674111366272,playing_with_blocks,mixed_social_nonsocial_movie,mixed,2904,1,0.38765602852492365,0.3026689026809814,0.3451624656029525,1,0,0.5322369426488877,0.6673252642154694,-0.09247085795544575,0.23291792582275317,-22.867591149306946,0.5539842396974564,0.7160191833972931,0.0009479125062287295,0.0015782694681985639,0.0009397318848440753,0.13230758045466678
1781864752.037204,100.7228090763092,playing_with_blocks,mixed_social_nonsocial_movie,mixed,2905,1,0.33708030623643276,0.2831559149169341,0.3101181105766834,1,0,0.5332948297262192,0.6682490348815917,-0.08339632693827025,0.22947119778730046,-23.613785515657963,0.5550038814544678,0.716018557548523,0.0010196419490821303,7.172944285340085e-05,0.0008995130578050186,0.13757856879790867
1781864752.0715299,100.7571349143982,playing_with_blocks,mixed_social_nonsocial_movie,mixed,2906,1,0.2258732416423097,0.15222157450742427,0.18904740807486697,1,0,0.5341354429721832,0.6690634071826935,-0.0774095946685634,0.23026205351343332,-23.475904771706826,0.5564560890197754,0.7161948084831238,0.0014628640417633976,0.00044322209268126724,0.0005281200240814844,0.14512812648257004
1781864752.105648,100.79125308990479,playing_with_blocks,mixed_social_nonsocial_movie,mixed,2907,1,0.04185933330581338,0.038656983322531126,0.04025815831417225,0,1,0.5357816964387894,0.6741373002529145,-0.08067109944818347,0.234982896590538,-23.957318167893373,0.5581658333539963,0.7155453562736511,0.0018289379051212582,0.00036607386335786064,0.0005575907253907927,0.16505857666671309
1781864752.140574,100.82617902755737,playing_with_blocks,mixed_social_nonsocial_movie,mixed,2908,1,0.052502361994126126,0.03596900167960725,0.044235681836866686,0,1,0.5365474909543991,0.673997551202774,-0.06834196452790314,0.22702878692241862,-22.903129831424483,0.5579746663570404,0.7147603034973145,0.0008079929964789545,0.0010209449086423037,5.237336875582838e-05,0.16271380284202003
1781864752.1747808,100.86038589477539,playing_with_blocks,mixed_social_nonsocial_movie,mixed,2909,1,0.10049219766788553,0.036063958571836016,0.06827807811986078,0,1,0.5375580936670303,0.6701383352279663,-0.06943877916990354,0.2281048037299351,-22.68386444067371,0.5588161945343018,0.7149902284145355,0.0008723732805880348,6.438028410908029e-05,0.000149977167541833,0.1601393068486862
1781864752.2074182,100.89302325248718,playing_with_blocks,mixed_social_nonsocial_movie,mixed,2910,1,0.1855418820965887,0.043846428587491215,0.11469415534203996,0,1,0.5389336735010147,0.6675537824630737,-0.06352081066827872,0.22161601559493738,-23.61777866237478,0.5592710375785828,0.7152358591556549,0.0005169300299979401,0.0003554432505900947,0.00048678555627544936,0.15497077402930973
1781864752.243388,100.92899298667908,playing_with_blocks,mixed_social_nonsocial_movie,mixed,2911,1,0.3005056171892121,0.2005358449836854,0.25052073108644873,1,0,0.5421089589595794,0.6623711228370667,-0.06051782982544067,0.22110480796661383,-23.292479046627705,0.5603054612874985,0.712549090385437,0.002879020464356778,0.002362090434358838,0.000709657398223981,0.1380762528630966
1781864752.2785568,100.96416187286377,playing_with_blocks,mixed_social_nonsocial_movie,mixed,2912,1,0.3359630208075484,0.28781707508030757,0.311890047943928,1,0,0.5435478091239929,0.6582226037979126,-0.05984333668125097,0.21411227530105675,-23.19682771282355,0.5609740018844604,0.7109512686729431,0.0017320452519213238,0.001146975212435454,0.0010804888453545736,0.13415272066278705
