timestamp,elapsed_time,stimulus_id,stimulus_type,paper_category,frame_index,face_detected,left_ear,right_ear,avg_ear,eye_open,blink_state,gaze_x,gaze_y,yaw_proxy,pitch_proxy,roll_proxy_deg,head_center_x,head_center_y,head_movement,head_acceleration,mouth_open,eyebrow_signal
1781864714.054295,62.7399001121521,rhymes_and_toys,speech_attention_movie,speech_social,1802,1,0.48416241387034087,0.4104679739233714,0.44731519389685614,1,0,0.572371530532837,0.6397013664245605,-0.018330141953161228,0.2525626812902747,-5.665365198743892,0.5763029456138611,0.6890551149845123,0.0,0.0,0.00019204552686428487,0.11994240146332422
1781864714.095225,62.7808301448822,rhymes_and_toys,speech_attention_movie,speech_social,1803,1,0.4800413567437931,0.4254277219521244,0.45273453934795876,1,0,0.5722316980361939,0.6395151019096375,-0.017799744564110227,0.2536723153048431,-5.9282593762156885,0.5762814581394196,0.6893163621425629,0.00026212933667820864,0.00026212933667820864,0.0009086936860320963,0.11923603452054389
1781864714.1233149,62.80891990661621,rhymes_and_toys,speech_attention_movie,speech_social,1804,1,0.49555699539054465,0.4126445631881828,0.45410077928936377,1,0,0.5723090469837189,0.6396111786365509,-0.019173231109514882,0.25406373535387383,-6.3040260935168275,0.5763109475374222,0.6892884075641632,4.063352123628755e-05,0.0002214958154419211,6.669965831848887e-05,0.11897942896325064
1781864714.15645,62.84205508232117,rhymes_and_toys,speech_attention_movie,speech_social,1805,1,0.4866473627851073,0.4138803779490276,0.45026387036706744,1,0,0.5721302986145019,0.6393509984016419,-0.01808990832038616,0.256409324043076,-6.282222753421751,0.5759862065315247,0.6888030171394348,0.0005840039257824769,0.0005433704045461894,0.000300322701811019,0.1199356200826532
1781864714.1918101,62.8774151802063,rhymes_and_toys,speech_attention_movie,speech_social,1806,1,0.4985594655372556,0.4095231647092103,0.454041315123233,1,0,0.5719868242740631,0.6393126964569091,-0.016442335283896485,0.254347085312686,-6.243442703166788,0.5761060416698456,0.6889124512672424,0.00016228459170669472,0.00042171933407578215,0.00013408677902622976,0.11919131501448796
1781864714.2262468,62.91185188293457,rhymes_and_toys,speech_attention_movie,speech_social,1807,1,0.47844227954009233,0.41426273342165487,0.4463525064808736,1,0,0.5720662236213684,0.6391322791576386,-0.01669074481557464,0.25333052671104467,-5.942901853082172,0.5760986804962158,0.688741534948349,0.00017107476418598108,8.790172479286362e-06,0.00044649771654210014,0.1192535884354605
1781864714.260332,62.945937156677246,rhymes_and_toys,speech_attention_movie,speech_social,1808,1,0.47644038643639247,0.41912375873637076,0.4477820725863816,1,0,0.572139710187912,0.6391347169876098,-0.01356506533605451,0.2520365426544671,-6.079585628710798,0.5758318603038788,0.6898477375507355,0.0011379267166937341,0.000966851952507753,0.00020404998782152202,0.12025472428149617
1781864714.295145,62.98075008392334,rhymes_and_toys,speech_attention_movie,speech_social,1809,1,0.4673098417031683,0.4262425696566638,0.44677620567991605,1,0,0.5719914615154267,0.638906967639923,-0.011974288326792586,0.2521813581765198,-5.994468746902552,0.5756123065948486,0.6897161900997162,0.00025594640653575916,0.0008819803101579749,0.00032110859784685315,0.11944260871024098
1781864714.330555,63.016160011291504,rhymes_and_toys,speech_attention_movie,speech_social,1810,1,0.4731893577951143,0.4097555784879618,0.44147246814153807,1,0,0.5701679229736327,0.6387009680271148,-0.014284492261709183,0.2541505764543031,-5.620529059970299,0.575733944773674,0.6889406442642212,0.0007850268718340696,0.0005290804652983104,0.0023404585882944823,0.11897616426495124
1781864714.362485,63.0480899810791,rhymes_and_toys,speech_attention_movie,speech_social,1811,1,0.47151641007303485,0.4094101545928125,0.44046328233292364,1,0,0.5701128244400024,0.6389537334442139,-0.016449514129227148,0.2529495500759982,-5.681008929273972,0.5757955312728882,0.688654214143753,0.00029297629732940895,0.0004920505745046607,0.002410426214912308,0.119982128258252
1781864714.395715,63.08132004737854,rhymes_and_toys,speech_attention_movie,speech_social,1812,1,0.4710263392660727,0.4194926439855308,0.44525949162580175,1,0,0.569927716255188,0.6393397986888885,-0.014036069965509686,0.2523687654098264,-5.81009555699023,0.575567290186882,0.6893279552459717,0.0007113515770419329,0.000418375279712524,0.00033039598381805115,0.1192226322924293
1781864714.432275,63.11788010597229,rhymes_and_toys,speech_attention_movie,speech_social,1813,1,0.47215201848266425,0.40942684509416105,0.4407894317884127,1,0,0.5699057877063751,0.6391009569168091,-0.011605298448584989,0.2522048459260089,-5.9899827220003115,0.5753912329673767,0.6894838511943817,0.0002351588638997156,0.00047619271314221733,0.0016399829795941503,0.11940347452174122
1781864714.4669068,63.15251183509827,rhymes_and_toys,speech_attention_movie,speech_social,1814,1,0.4697827103394135,0.40027598310482193,0.4350293467221177,1,0,0.5698817908763886,0.6390715539455414,-0.01055175897010362,0.251926670460326,-5.966194295506019,0.5753400474786758,0.6886669993400574,0.0008184539731510017,0.0005832951092512861,0.0023119286218837663,0.1196135623293021
1781864714.5010738,63.186678886413574,rhymes_and_toys,speech_attention_movie,speech_social,1815,1,0.47369774382507496,0.41683720299707916,0.4452674734110771,1,0,0.5699527025222779,0.6390017330646515,-0.009483174471334978,0.2523056949959363,-5.887474430131314,0.5754963159561157,0.6887118220329285,0.0001625697107015781,0.0006558842624494237,0.00024871992442759974,0.118749655598515
1781864714.5382159,63.22382092475891,rhymes_and_toys,speech_attention_movie,speech_social,1816,1,0.4703202995004825,0.4009365370344096,0.435628418267446,1,0,0.5702025473117829,0.6388983786106109,-0.012339772465241056,0.25126446784984613,-5.7062108177850615,0.575533002614975,0.6893011033535004,0.0005904222097052387,0.0004278524990036606,0.0018233067531751505,0.11968569624619102
1781864714.5713542,63.256959199905396,rhymes_and_toys,speech_attention_movie,speech_social,1817,1,0.45601273930874664,0.41949714894288453,0.4377549441258156,1,0,0.5701492130756378,0.6388051629066467,-0.012592209922971928,0.2515840050725054,-5.570704410698139,0.5756109952926636,0.6891612410545349,0.00016013844149653667,0.000430283768208702,0.0005243771199925542,0.11888448625326441
1781864714.6058,63.29140496253967,rhymes_and_toys,speech_attention_movie,speech_social,1818,1,0.4486670149655847,0.3997205165148647,0.4241937657402247,1,0,0.5702614963054657,0.6389073312282563,-0.013517092135259956,0.24987053567034395,-5.554368442372664,0.5758795142173767,0.6895493268966675,0.0004719248179454466,0.0003117863764489099,0.0020436415046634713,0.12078051245873185
1781864714.6404018,63.32600688934326,rhymes_and_toys,speech_attention_movie,speech_social,1819,1,0.45164503024062563,0.4105861504603727,0.4311155903504992,1,0,0.5704068779945374,0.6392180621623993,-0.015792741511268322,0.25115583931697083,-5.487556032599986,0.5761542618274689,0.6892862915992737,0.00038036011479438726,9.156470315105933e-05,0.002210372212145087,0.12084790037828867
1781864714.67437,63.3599750995636,rhymes_and_toys,speech_attention_movie,speech_social,1820,1,0.4729547567611614,0.4090387639967423,0.44099676037895186,1,0,0.5706809818744659,0.6395837962627411,-0.015782407101029003,0.25239284836445114,-5.755502556176027,0.5760635584592819,0.6892292499542236,0.0001071487296726998,0.00027321138512168745,0.004424531544102092,0.12034180806375369
1781864714.707961,63.3935661315918,rhymes_and_toys,speech_attention_movie,speech_social,1821,1,0.474091037927662,0.4249021892878085,0.44949661360773524,1,0,0.5706206083297729,0.6396741628646851,-0.014163516808714544,0.2540882136301489,-5.853741165495513,0.575823500752449,0.6890630424022675,0.0002919805694513402,0.0001848318397786404,0.0025190235780115492,0.12036625645209491
1781864714.74417,63.42977499961853,rhymes_and_toys,speech_attention_movie,speech_social,1822,1,0.47539297995893204,0.42927762330637487,0.45233530163265345,1,0,0.5705869734287262,0.6394288837909698,-0.014717505708319957,0.2524747000948377,-5.754306044628905,0.5758098810911179,0.6890674233436584,1.4306915189769298e-05,0.0002776736542615709,0.0018656621275383754,0.12000403263748459
1781864714.776961,63.46256613731384,rhymes_and_toys,speech_attention_movie,speech_social,1823,1,0.47881549599549444,0.43633264485625856,0.4575740704258765,1,0,0.5706018745899201,0.6395599544048309,-0.014382918352461464,0.25262233985290744,-5.771239938584378,0.5755911320447922,0.6894738376140594,0.0004615449105493137,0.0004472379953595444,0.0022321338045685883,0.11919401043060085
1781864714.811848,63.49745297431946,rhymes_and_toys,speech_attention_movie,speech_social,1824,1,0.4779735101406152,0.43627616755688403,0.4571248388487496,1,0,0.5705373644828796,0.6395594954490662,-0.01828296930180709,0.25184495432558934,-5.414108285773251,0.5760638415813446,0.6896617114543915,0.0005086756194557765,4.7130708906462765e-05,0.004434469265141373,0.11948778443869264
1781864714.847209,63.532814025878906,rhymes_and_toys,speech_attention_movie,speech_social,1825,1,0.4872746619282664,0.42407585319549346,0.45567525756187993,1,0,0.5704658806324006,0.6393551766872405,-0.016451393831423862,0.2519511940749371,-5.59908679659832,0.575892984867096,0.6895805597305298,0.00018914972664419054,0.0003195258928115859,0.0041475351911179886,0.1191123671652412
1781864714.880401,63.56600594520569,rhymes_and_toys,speech_attention_movie,speech_social,1826,1,0.48909923832816954,0.4213506514204545,0.45522494487431203,1,0,0.5702986538410186,0.6391950607299804,-0.014294637034810542,0.2526167947997544,-5.991457555005585,0.5758431106805801,0.6893900334835052,0.00019694589431076796,7.796167666577418e-06,0.000590371397876817,0.11960149989025227
1781864714.915307,63.60091209411621,rhymes_and_toys,speech_attention_movie,speech_social,1827,1,0.48937246120697553,0.44209478369757127,0.4657336224522734,1,0,0.5703798413276673,0.6390976309776306,-0.017175597167566326,0.25309204264742396,-5.800141355517801,0.5759008377790451,0.6896454393863678,0.0002618484162912153,6.490252198044732e-05,0.0015913252741454093,0.11883554568622147
1781864714.9502451,63.63585019111633,rhymes_and_toys,speech_attention_movie,speech_social,1828,1,0.48338039733873384,0.4274993929017063,0.4554398951202201,1,0,0.5704104006290436,0.6388516306877137,-0.014415573770445276,0.2543192807265201,-5.566231475492158,0.5759371221065521,0.6895461678504944,0.0001056947976832491,0.00015615361860796617,0.002154340153135748,0.1187217372979045
1781864714.983405,63.669010162353516,rhymes_and_toys,speech_attention_movie,speech_social,1829,1,0.4993465178274698,0.4161987389664016,0.45777262839693567,1,0,0.5706183433532714,0.6389161705970765,-0.013092075115735378,0.252629207842544,-5.438884970372279,0.5758627206087112,0.689322829246521,0.00023540542667013607,0.00012971062898688696,0.001314737589144797,0.11882690950402368
1781864715.0200078,63.705612897872925,rhymes_and_toys,speech_attention_movie,speech_social,1830,1,0.486116490009648,0.41278728068759396,0.449451885348621,1,0,0.5705580592155457,0.6386927187442779,-0.01626740364054487,0.2515412010824811,-5.827566579945649,0.575958862900734,0.6884154677391052,0.000912440817508292,0.000677035390838156,0.003201381660451855,0.11940141548391568
1781864715.055462,63.74106693267822,rhymes_and_toys,speech_attention_movie,speech_social,1831,1,0.4774775003771119,0.4279139744955693,0.4526957374363406,1,0,0.5705804705619812,0.6388996601104736,-0.015014404168922765,0.2519745168026016,-5.763248972802535,0.5758102536201477,0.6892962157726288,0.0008931975239732686,1.9243293535023387e-05,0.0007237596720836275,0.11884480747481026
1781864715.086228,63.77183294296265,rhymes_and_toys,speech_attention_movie,speech_social,1832,1,0.4739931542113274,0.40675680778157286,0.4403749809964501,1,0,0.5703110516071319,0.638735318183899,-0.014866428858734513,0.25423462769532035,-6.0753323521649145,0.5758438408374786,0.688377320766449,0.0009195086370177431,2.6311113044474497e-05,0.0003697787926301786,0.11967681418994369
1781864715.123286,63.80889105796814,rhymes_and_toys,speech_attention_movie,speech_social,1833,1,0.4717373668024796,0.42201970618656504,0.4468785364945223,1,0,0.5702527761459351,0.6384121716022491,-0.015647165154088857,0.2556262665546693,-5.90946984536576,0.5756743252277374,0.6881835162639618,0.0002574795664324431,0.0006620290705852999,0.00036248086465568807,0.11944742432662116
1781864715.157485,63.84309005737305,rhymes_and_toys,speech_attention_movie,speech_social,1834,1,0.47520988411681414,0.42662860395396784,0.45091924403539096,1,0,0.5700007319450379,0.638266408443451,-0.014745288968720485,0.256119415829182,-5.674843163018281,0.5755709111690521,0.6884613931179047,0.00029649622845991645,3.901666202747332e-05,0.0003130238061656658,0.12058065862950099
1781864715.191294,63.876899003982544,rhymes_and_toys,speech_attention_movie,speech_social,1835,1,0.4652955029150021,0.42562423823482454,0.4454598705749133,1,0,0.5698094487190246,0.6384629428386688,-0.014105139175267756,0.25312456378231907,-6.084711542542913,0.5755865126848221,0.6886068284511566,0.0001462697626046714,0.00015022646585524505,0.00417110903844278,0.12044219277240421
1781864715.225329,63.91093397140503,rhymes_and_toys,speech_attention_movie,speech_social,1836,1,0.4709479744565362,0.4300640038726647,0.45050598916460044,1,0,0.5698835015296936,0.6381978392601013,-0.015035601717005598,0.25520128926039226,-5.705037569973114,0.5756056904792786,0.6886749267578125,7.074720609051537e-05,7.552255651415602e-05,0.0002719586445352315,0.12061641261604387
1781864715.2603111,63.945916175842285,rhymes_and_toys,speech_attention_movie,speech_social,1837,1,0.47927946760377294,0.42084658880890724,0.4500630282063401,1,0,0.5700771391391755,0.6382650494575501,-0.012826933807938784,0.2536152254368053,-5.726832881824584,0.5753069669008255,0.6881541311740875,0.0006003863892121822,0.0005296391831216669,0.0002444028429112245,0.1201065930191263
1781864715.291939,63.97754406929016,rhymes_and_toys,speech_attention_movie,speech_social,1838,1,0.4673345456050814,0.422881151719359,0.4451078486622202,1,0,0.5698765099048615,0.6381677627563477,-0.013090205772843538,0.25418684163901084,-5.7167242421824005,0.5751600861549377,0.6877905130386353,0.0003921633612951743,0.0002082230279170079,0.0005252661193720462,0.11997192260574481
1781864715.3293052,64.01491022109985,rhymes_and_toys,speech_attention_movie,speech_social,1839,1,0.46966091392599607,0.42327816602157786,0.44646953997378697,1,0,0.5699260890483856,0.6383796334266663,-0.016405320820365034,0.25149297943952886,-5.846112942272349,0.5754726976156235,0.6888411641120911,0.0010961722508373913,0.000704008889542217,0.0002568624947844669,0.12008461083414261
1781864715.3629062,64.04851126670837,rhymes_and_toys,speech_attention_movie,speech_social,1840,1,0.47991022286107377,0.4277452130155778,0.45382771793832577,1,0,0.5700758993625641,0.6386320650577546,-0.016788024613881822,0.2523703165292513,-5.732688376723977,0.5753189921379089,0.6891030669212341,0.0003036749171671641,0.0007924973336702272,0.00045132959332517023,0.11983614739851764
1781864715.3976169,64.08322191238403,rhymes_and_toys,speech_attention_movie,speech_social,1841,1,0.4703062813405554,0.4210394781344454,0.4456728797375004,1,0,0.5699935257434845,0.6382438480854035,-0.013606701935202518,0.2532826390989541,-5.7886738687646595,0.5750921219587326,0.688039630651474,0.0010873669012991174,0.0007836919841319532,0.00027238108740164265,0.120339812438988
1781864715.4310641,64.11666917800903,rhymes_and_toys,speech_attention_movie,speech_social,1842,1,0.45968977728867877,0.4170604826630209,0.4383751299758498,1,0,0.5697499454021453,0.6381720781326294,-0.011726673956725612,0.25369817241809295,-5.558926016643218,0.574990913271904,0.6878816783428192,0.0001875956558637455,0.0008997712454353718,0.000277548333070215,0.12017973046684453
1781864715.4656792,64.15128421783447,rhymes_and_toys,speech_attention_movie,speech_social,1843,1,0.47282885302984223,0.43427892309472294,0.4535538880622826,1,0,0.569766104221344,0.6382013201713561,-0.013774904197960819,0.2545837540494799,-5.763889651852172,0.5753728598356247,0.6880219280719757,0.0004068822484042811,0.0002192865925405356,0.00241365550118172,0.11916202893994002
1781864715.499973,64.18557810783386,rhymes_and_toys,speech_attention_movie,speech_social,1844,1,0.48675335126851127,0.4243248823024037,0.4555391167854575,1,0,0.5700255572795868,0.6384639501571656,-0.017989934829109995,0.25333988068124136,-5.858191797516814,0.5753975510597229,0.68818199634552,0.00016196144214881622,0.0002449208062554649,0.0007465880297447714,0.11868150198072618
1781864715.5352519,64.22085690498352,rhymes_and_toys,speech_attention_movie,speech_social,1845,1,0.4758519141004012,0.4274919817353804,0.4516719479178908,1,0,0.5699512541294098,0.6387299001216888,-0.013809365598938162,0.2523263511609896,-5.858132589070108,0.5751979649066925,0.688439130783081,0.0003255038424678,0.00016354240031898377,0.0020422349365004913,0.11917964734897066
1781864715.568604,64.25420904159546,rhymes_and_toys,speech_attention_movie,speech_social,1846,1,0.4856576601254013,0.4277119860770601,0.4566848231012307,1,0,0.5700702309608459,0.6386133134365082,-0.014768248809103188,0.2530109095373077,-5.6777134470799675,0.5750737488269806,0.6879294216632843,0.0005246265540963183,0.00019912271162851836,0.00013221279894511632,0.11887729238720414
1781864715.6035168,64.2891218662262,rhymes_and_toys,speech_attention_movie,speech_social,1847,1,0.4752827915625442,0.42826778639110763,0.45177528897682595,1,0,0.5696581363677978,0.6383990883827209,-0.014836501564503736,0.25427986732567387,-6.091620981986036,0.5748255103826523,0.6880358457565308,0.0002700896385755472,0.00025453691552077115,0.00018678320132251667,0.11944803778373453
1781864715.638106,64.32371115684509,rhymes_and_toys,speech_attention_movie,speech_social,1848,1,0.47028260721837817,0.43602994809555423,0.4531562776569662,1,0,0.569529116153717,0.6382996201515199,-0.016345022636716222,0.2546290136516248,-6.307626534508943,0.5749812424182892,0.6882482171058655,0.00026335158427824503,6.738054297302171e-06,0.0010363922825279916,0.11950510670088835
1781864715.672074,64.35767912864685,rhymes_and_toys,speech_attention_movie,speech_social,1849,1,0.4836559887278552,0.431513191145308,0.4575845899365816,1,0,0.5695767641067504,0.6382025301456451,-0.013448421754967004,0.25455774142418275,-5.734643349505565,0.5748855173587799,0.6885105073451996,0.00027921220723313217,1.586062295488714e-05,0.00242003107415911,0.11909704318997286
1781864715.70711,64.3927149772644,rhymes_and_toys,speech_attention_movie,speech_social,1850,1,0.4789123699261532,0.425502335749318,0.4522073528377356,1,0,0.5696583092212677,0.6381432235240936,-0.015590116621284088,0.2532654408437321,-6.058781015564621,0.575118899345398,0.6886879503726959,0.00029317772712955203,1.3965519896419866e-05,0.0010074820140134084,0.11859337888669036
1781864715.742251,64.42785596847534,rhymes_and_toys,speech_attention_movie,speech_social,1851,1,0.5004982029763645,0.418966147223556,0.4597321750999602,1,0,0.56964892745018,0.6382872462272644,-0.01658546050264788,0.25458020391465036,-6.144056306514961,0.5752611607313156,0.6878901720046997,0.0008103632681494887,0.0005171855410199366,0.0016891685495603922,0.1193967838768365
1781864715.7757561,64.46136116981506,rhymes_and_toys,speech_attention_movie,speech_social,1852,1,0.4981860455090912,0.4207461100529768,0.459466077781034,1,0,0.5698081016540528,0.6386993169784545,-0.01670442244004422,0.25191283873465703,-6.18916358233516,0.5752033889293671,0.6886599957942963,0.0007719885025887285,3.8374765560760167e-05,0.0008904558765577231,0.11917445520363637
1781864715.81136,64.49696493148804,rhymes_and_toys,speech_attention_movie,speech_social,1853,1,0.49145855248414744,0.43034870322175717,0.4609036278529523,1,0,0.5697988569736481,0.638528722524643,-0.0177956084465627,0.25236842224798706,-6.079945597884795,0.5751733332872391,0.688625305891037,4.589913955472228e-05,0.0007260893630340063,0.0027997328526591595,0.11884266056425866
1781864715.8432798,64.52888488769531,rhymes_and_toys,speech_attention_movie,speech_social,1854,1,0.48051041572881775,0.4352988053501078,0.45790461053946274,1,0,0.5696503579616546,0.6384197294712066,-0.015915251215653927,0.2521786358233775,-6.165701850221452,0.5750133395195007,0.688956081867218,0.00036743809292671893,0.00032153895337199665,0.0005159546705838543,0.11909142412418945
1781864715.880067,64.56567215919495,rhymes_and_toys,speech_attention_movie,speech_social,1855,1,0.45307378698014367,0.42731817753025697,0.4401959822552003,1,0,0.5694715082645416,0.6382086217403411,-0.014381756582442739,0.25317016129668585,-5.818914709676317,0.5749237090349197,0.68848517537117,0.0004793605655312126,0.00011192247260449366,0.00033535204728433885,0.12027113331633298
1781864715.9132001,64.59880518913269,rhymes_and_toys,speech_attention_movie,speech_social,1856,1,0.470177141816375,0.4208778270622818,0.4455274844393284,1,0,0.5695747017860413,0.6382322072982788,-0.01760609627935478,0.2515150513432013,-6.170436214322203,0.5752187520265579,0.6882553994655609,0.0003739616741235731,0.00010539889140763947,0.0025785989995436897,0.11971704327106332
1781864715.9478972,64.63350224494934,rhymes_and_toys,speech_attention_movie,speech_social,1857,1,0.4711134978444946,0.4227478548989997,0.4469306763717471,1,0,0.5695831954479218,0.6380100429058075,-0.013751350936827045,0.25216273223642766,-5.594976778593161,0.5748706310987473,0.6884634494781494,0.0004055526946252933,3.15910205017202e-05,0.0017950399560560366,0.12002131542003704
1781864715.982293,64.667897939682,rhymes_and_toys,speech_attention_movie,speech_social,1858,1,0.46690587620253776,0.42221768519281677,0.44456178069767727,1,0,0.5694277107715606,0.6379109978675842,-0.01699397887737148,0.2522311475200625,-6.137273485621851,0.575293704867363,0.6878668367862701,0.0007313946388934922,0.00032584194426819884,0.002215503526991613,0.11922692671281411
1781864716.0174022,64.70300722122192,rhymes_and_toys,speech_attention_movie,speech_social,1859,1,0.4790855167683279,0.4156356120081671,0.4473605643882475,1,0,0.5695163846015929,0.6381082713603974,-0.017332758082397523,0.25301166267423053,-6.186367603954055,0.5754413604736328,0.6881085336208344,0.00028323053843339627,0.0004481641004600959,0.00020727628008773295,0.11984885539658173
1781864716.050265,64.73587012290955,rhymes_and_toys,speech_attention_movie,speech_social,1860,1,0.487737628489654,0.40749041656290524,0.44761402252627963,1,0,0.5694775104522705,0.6378172397613525,-0.014237452554827093,0.2531558110458897,-6.407997981103752,0.5751206874847412,0.6875477731227875,0.0006459748462397375,0.0003627443078063412,0.0002073127583253543,0.12044066401765802
1781864716.0866718,64.77227687835693,rhymes_and_toys,speech_attention_movie,speech_social,1861,1,0.48159515440358724,0.42579724972200905,0.45369620206279815,1,0,0.5692694962024689,0.6377294182777404,-0.014400085733295266,0.2536421190744833,-6.1035645824834655,0.5747417062520981,0.6877352893352509,0.00042283460671084543,0.00022314023952889204,0.0001229656394186383,0.11903035487113994
1781864716.120167,64.80577206611633,rhymes_and_toys,speech_attention_movie,speech_social,1862,1,0.47319847291866257,0.4273448675247844,0.4502716702217235,1,0,0.5692312180995942,0.6376261830329895,-0.01368894071067419,0.2538147689466045,-6.187704337285694,0.5746630728244781,0.6882290542125702,0.0004999869698436533,7.715236313280788e-05,0.0017716204015818342,0.11937204103420992
1781864716.156329,64.84193396568298,rhymes_and_toys,speech_attention_movie,speech_social,1863,1,0.4873132104256772,0.4415875300342671,0.46445037022997215,1,0,0.5693500757217407,0.6375446915626526,-0.017241502832888066,0.25498437420948006,-6.122210616306725,0.5749255269765854,0.6877973973751068,0.000505182944374823,5.195974531169677e-06,0.0029011613101515422,0.11765490870438824
1781864716.190505,64.8761100769043,rhymes_and_toys,speech_attention_movie,speech_social,1864,1,0.4936877407496814,0.4402678542132993,0.4669777974814904,1,0,0.5693620324134827,0.6374332904815674,-0.015936362863489015,0.2550251463804334,-6.026116368111856,0.5749332755804062,0.6873239278793335,0.0004735328967337003,3.165004764112269e-05,0.00017635419081326033,0.11812352487945611
1781864716.224677,64.91028213500977,rhymes_and_toys,speech_attention_movie,speech_social,1865,1,0.47708845451612286,0.435019377754068,0.45605391613509544,1,0,0.5696716368198396,0.6377457141876222,-0.011482590875677698,0.2522168345974589,-5.834473486950345,0.5747247487306595,0.6880583763122559,0.0007634775358105828,0.0002899446390768825,0.00042689892982684957,0.11781064748536597
1781864716.2562718,64.94187688827515,rhymes_and_toys,speech_attention_movie,speech_social,1866,1,0.46259787280993064,0.43497020627737853,0.4487840395436546,1,0,0.5695140957832336,0.6380219995975495,-0.012090196063626683,0.25224755863191084,-5.777015008866629,0.5747425705194473,0.688020646572113,4.172708289400707e-05,0.0007217504529165757,0.002916735815622759,0.11892265528825112
1781864716.292653,64.97825813293457,rhymes_and_toys,speech_attention_movie,speech_social,1867,1,0.4718935241151444,0.4388384020840442,0.4553659630995943,1,0,0.569247567653656,0.6377791047096253,-0.011847707736649483,0.2512853222050064,-5.850326818086707,0.5745945572853088,0.6882846653461456,0.0003026777668111888,0.00026095068391718176,0.00037838448086244855,0.1192231686595622
1781864716.32747,65.01307511329651,rhymes_and_toys,speech_attention_movie,speech_social,1868,1,0.46698662380834016,0.41196358946171724,0.4394751066350287,1,0,0.5692921936511994,0.6376530587673187,-0.015552261654446677,0.2519925047730804,-6.351585897812697,0.5749176293611526,0.6878355145454407,0.0005532738995867529,0.0002505961327755641,0.001617912277276993,0.11903660490181181
1781864716.362644,65.04824900627136,rhymes_and_toys,speech_attention_movie,speech_social,1869,1,0.47904001682140507,0.41370460612505117,0.4463723114732281,1,0,0.5691970407962799,0.6377605617046356,-0.01298238682707713,0.2501337332199769,-6.010011934957694,0.5748405754566193,0.688708633184433,0.0008765121002927588,0.00032323820070600585,0.00245287038932849,0.12010519234209369
1781864716.39622,65.08182501792908,rhymes_and_toys,speech_attention_movie,speech_social,1870,1,0.5046200669682731,0.4172817628942827,0.46095091493127793,1,0,0.5692104756832124,0.6377909183502197,-0.018621399090276644,0.2515790023208928,-5.701943983963043,0.5751781314611435,0.688255786895752,0.0005648130817912645,0.0003116990185014943,0.0035852177797272675,0.1188863607286591
1781864716.430099,65.11570405960083,rhymes_and_toys,speech_attention_movie,speech_social,1871,1,0.5015848948330345,0.4050354752331487,0.4533101850330916,1,0,0.569641751050949,0.637876170873642,-0.017216632591618448,0.2519456423786465,-5.991258897872902,0.5752374529838562,0.6880551874637604,0.00020918693834056097,0.0003556261434507035,0.0009071594364922051,0.11910694299866308
1781864716.466395,65.15199995040894,rhymes_and_toys,speech_attention_movie,speech_social,1872,1,0.48821708157187,0.42290219993859657,0.45555964075523325,1,0,0.56962850689888,0.6381073713302612,-0.01451018418176293,0.25252466047998157,-6.088926304879513,0.574924424290657,0.6881407797336578,0.0003245196441391063,0.00011533270579854534,0.0020581327929063728,0.11847854775295742
1781864716.500768,65.18637299537659,rhymes_and_toys,speech_attention_movie,speech_social,1873,1,0.48539911338500297,0.415661409420654,0.4505302614028285,1,0,0.5696510374546051,0.638233071565628,-0.013668129446298942,0.2516520580782675,-5.9804620146779985,0.5749156773090363,0.6882128715515137,7.262051975325775e-05,0.00025189912438584855,0.00161401617366333,0.11918974265825998
1781864716.532402,65.21800708770752,rhymes_and_toys,speech_attention_movie,speech_social,1874,1,0.4762954158957032,0.4237911175358817,0.4500432667157924,1,0,0.5696871817111969,0.6383804857730866,-0.015747392517286653,0.2539878334512585,-5.937279807457343,0.5748952627182007,0.6879235804080963,0.0002900105535643598,0.00021739003381110206,0.00019167525928989973,0.11883145132576296
1781864716.567806,65.2534110546112,rhymes_and_toys,speech_attention_movie,speech_social,1875,1,0.48078565063265455,0.4169203353662845,0.4488529929994695,1,0,0.5695384621620179,0.6380281567573547,-0.01746962800827034,0.252324279108167,-6.2849486067358225,0.5751522928476334,0.6890332102775574,0.0011390096288602426,0.0008489990752958828,0.0014955785116743162,0.11871977874205036
1781864716.602134,65.28773903846741,rhymes_and_toys,speech_attention_movie,speech_social,1876,1,0.48856942016835625,0.4045642862874644,0.44656685322791034,1,0,0.5693338751792908,0.6381214320659637,-0.01588255479206098,0.25340653058088536,-6.110507951262932,0.5752584487199783,0.6890555620193481,0.00010848349918030408,0.0010305261296799386,0.0003134825585046071,0.11812721884402129
1781864716.6372428,65.32284784317017,rhymes_and_toys,speech_attention_movie,speech_social,1877,1,0.5071146067625762,0.41112186625647107,0.45911823650952366,1,0,0.5695700645446777,0.6385925471782684,-0.018079407944160027,0.25188960521123277,-6.692380378440436,0.5753326267004013,0.6890871524810791,8.062462435265122e-05,2.7858874827652855e-05,0.0004429879549400859,0.11905410730316514
1781864716.6717372,65.35734224319458,rhymes_and_toys,speech_attention_movie,speech_social,1878,1,0.49441308353368285,0.41557221580962905,0.454992649671656,1,0,0.5696284949779511,0.6385465502738953,-0.017608765955107488,0.25246638330642085,-6.208875357837781,0.5752882957458496,0.6892430484294891,0.00016207646424490092,8.145183989224969e-05,0.0004727916160155944,0.11727702628532484
1781864716.7061062,65.39171123504639,rhymes_and_toys,speech_attention_movie,speech_social,1879,1,0.4917962030415727,0.4148222354073708,0.45330921922447176,1,0,0.5695779740810394,0.6382724165916442,-0.012600141865372352,0.25152696986665796,-6.564870420289819,0.5750801712274551,0.689494401216507,0.0003263342438337676,0.00016425777958886667,0.0004240502050279912,0.11771623250681613
1781864716.7399528,65.42555785179138,rhymes_and_toys,speech_attention_movie,speech_social,1880,1,0.4874061999869041,0.42449003055410994,0.45594811527050705,1,0,0.569401240348816,0.638335120677948,-0.01464990774648113,0.25234587923363755,-6.2513554524992925,0.5751873254776001,0.6898205876350403,0.00034333600591800146,1.7001762084233876e-05,0.00024827449467237954,0.11812763681278816
1781864716.775338,65.46094298362732,rhymes_and_toys,speech_attention_movie,speech_social,1881,1,0.4977031524903303,0.4229074805268437,0.46030531650858697,1,0,0.5695337355136871,0.6385983347892761,-0.016662835444073237,0.25229143698641643,-6.003321400487913,0.5750796496868134,0.688826709985733,0.0009996933818496837,0.0006563573759316823,0.00036067089215726197,0.11868561740661153
1781864716.808426,65.49403095245361,rhymes_and_toys,speech_attention_movie,speech_social,1882,1,0.49418319415226086,0.41616563693641634,0.4551744155443386,1,0,0.5694965362548828,0.63853320479393,-0.013563727307442389,0.25162121490635997,-6.569772792365889,0.5748881101608276,0.6885528266429901,0.0003342147145875974,0.0006654786672620862,0.0015597246278981258,0.11966600616864242
1781864716.845232,65.530837059021,rhymes_and_toys,speech_attention_movie,speech_social,1883,1,0.4656620722217167,0.42401490301272793,0.44483848761722233,1,0,0.5692534863948822,0.6386390388011932,-0.012814549259327403,0.2519585382911433,-6.14168594706551,0.5747295469045639,0.6887995004653931,0.0002932409945690445,4.097372001855295e-05,0.0002730894367920245,0.12025187672182978
1781864716.877766,65.56337094306946,rhymes_and_toys,speech_attention_movie,speech_social,1884,1,0.4727554405570091,0.4240136514738345,0.44838454601542177,1,0,0.5691787123680114,0.638649994134903,-0.012956013956627094,0.24981335010159242,-6.451581462494746,0.5747379660606384,0.6888916492462158,9.253258883294647e-05,0.000200708405736098,0.0006475343455886775,0.12037964772692453
1781864716.9115012,65.59710621833801,rhymes_and_toys,speech_attention_movie,speech_social,1885,1,0.469836280850245,0.4341946191102856,0.4520154499802653,1,0,0.5692615389823914,0.6385966300964356,-0.013091492911254377,0.25163374250802734,-6.344666316143156,0.5746976435184479,0.6888599097728729,5.131570497219347e-05,4.1216883860753006e-05,0.00041046569234598056,0.11973284764514207
1781864716.9461172,65.63172221183777,rhymes_and_toys,speech_attention_movie,speech_social,1886,1,0.48144314693050816,0.43323329043449477,0.45733821868250146,1,0,0.5693248510360718,0.638574767112732,-0.014576807009865777,0.2536387163504682,-6.34144249440504,0.5748377442359924,0.6892198920249939,0.00038628413492995824,0.00033496842995776475,0.002262756046973003,0.11966232158689956
1781864716.982178,65.66778302192688,rhymes_and_toys,speech_attention_movie,speech_social,1887,1,0.478323008411399,0.4196293089652459,0.44897615868832247,1,0,0.5691498398780823,0.6383207619190217,-0.015258320413446434,0.25384098199057203,-5.96714945186748,0.5749278962612152,0.6886573135852814,0.0005697559902986075,0.00018347185536864922,0.0004215750155400398,0.11947383800641824
1781864717.0149062,65.70051121711731,rhymes_and_toys,speech_attention_movie,speech_social,1888,1,0.4836207995034735,0.4190932236235521,0.4513570115635128,1,0,0.5691380202770233,0.6384048640727997,-0.015266477775706323,0.2530315259150458,-5.964860087008352,0.574933335185051,0.6882067620754242,0.00045058433719679346,0.000119171653101814,0.0007747613350282174,0.11943767276732484
1781864717.049518,65.73512315750122,rhymes_and_toys,speech_attention_movie,speech_social,1889,1,0.49774639729941583,0.4195433392990139,0.45864486829921486,1,0,0.5694822907447815,0.6386381089687347,-0.017579239909682097,0.25187565004633183,-6.195744242251075,0.5749600976705551,0.6883098483085632,0.00010650353089525235,0.00034408080630154113,0.0007280901241117378,0.11880255415366577
1781864717.085131,65.7707359790802,rhymes_and_toys,speech_attention_movie,speech_social,1890,1,0.49574462970912603,0.4230975120820631,0.4594210708955946,1,0,0.5695963501930237,0.6385907828807831,-0.018559497280352763,0.2516299196679622,-6.142518900302092,0.5748508423566818,0.6881192326545715,0.00021970673898684704,0.00011320320809159469,0.0010292800687209094,0.11858363600877757
1781864717.1183438,65.80394887924194,rhymes_and_toys,speech_attention_movie,speech_social,1891,1,0.4756185313607751,0.4093551519091166,0.44248684163494584,1,0,0.5692788302898407,0.6386362910270691,-0.013428395455204488,0.25406001781228427,-6.152676767175322,0.5746484696865082,0.6873786747455597,0.000767711348250891,0.000548004609264044,0.0019132084337002378,0.12046589898034421
1781864717.1526232,65.83822822570801,rhymes_and_toys,speech_attention_movie,speech_social,1892,1,0.4745095688151697,0.42353340447481935,0.4490214866449945,1,0,0.5692999064922333,0.6388586342334748,-0.013691891671688914,0.25301786995011905,-6.089765884524341,0.5746513158082962,0.6882374286651611,0.0008587586359624393,9.10472877115483e-05,0.0036732908975398012,0.11942699405157545
1781864717.188478,65.87408304214478,rhymes_and_toys,speech_attention_movie,speech_social,1893,1,0.4742893595277362,0.42841427204548543,0.4513518157866108,1,0,0.5691735088825226,0.6386513233184814,-0.011031442643940277,0.25203210733344683,-6.435148275439492,0.5745061337947845,0.6882682144641876,0.00014841018317150124,0.0007103484527909381,0.001609971597919383,0.11866516272255273
1781864717.2213042,65.90690922737122,rhymes_and_toys,speech_attention_movie,speech_social,1894,1,0.4812479775279416,0.4363329113924381,0.45879044446018985,1,0,0.5690784275531768,0.6383969783782959,-0.01054167363774717,0.2568085976587763,-6.373512377434335,0.5743875056505203,0.6879162788391113,0.0003713910618329615,0.00022298087866146025,0.0005742511448890123,0.11837485472361872
1781864717.2573981,65.94300317764282,rhymes_and_toys,speech_attention_movie,speech_social,1895,1,0.47706873665733646,0.4350197751871999,0.45604425592226816,1,0,0.5691887319087983,0.6383678257465363,-0.011639027578243063,0.2554919876473336,-6.131890471434151,0.5746378898620605,0.6874069273471832,0.0005675660276285048,0.00019617496579554328,0.00027261929539017357,0.11860151216714662
1781864717.291423,65.97702813148499,rhymes_and_toys,speech_attention_movie,speech_social,1896,1,0.4659138230158683,0.4210317059620299,0.4434727644889491,1,0,0.5690712809562684,0.6383747577667236,-0.01626091839069854,0.2545784309990205,-6.385404279777378,0.5750678777694702,0.6873963475227356,0.0004301180456617554,0.00013744798196674936,0.002031784186302905,0.11889431595093879
1781864717.3253372,66.01094222068787,rhymes_and_toys,speech_attention_movie,speech_social,1897,1,0.48148018470101284,0.4227223200639854,0.4521012523824991,1,0,0.5694744944572449,0.6386364936828614,-0.013410815362083937,0.25233850209037095,-6.25903770791179,0.5748245120048523,0.6888343095779419,0.0014584106992206233,0.001028292653558868,0.007563047214042639,0.11836526870941395
1781864717.359843,66.04544806480408,rhymes_and_toys,speech_attention_movie,speech_social,1898,1,0.46168998981694515,0.42124657269013316,0.44146828125353915,1,0,0.5693592667579651,0.6387764930725097,-0.015679925850374973,0.25154117107014334,-5.881762288131255,0.5750000029802322,0.689213365316391,0.0004177084333491413,0.001040702265871482,0.0037282011382417097,0.11843781897901158
1781864717.3944268,66.08003187179565,rhymes_and_toys,speech_attention_movie,speech_social,1899,1,0.4762561422168989,0.41404960128838486,0.44515287175264184,1,0,0.5694970309734344,0.6386984705924987,-0.012491376503004173,0.2523018748371561,-5.7711595318600235,0.5749215185642242,0.6891598999500275,9.496498805613629e-05,0.00032274344529300506,0.000695848702550102,0.11947610067860533
1781864717.4274619,66.11306691169739,rhymes_and_toys,speech_attention_movie,speech_social,1900,1,0.4874648999025624,0.4281329148782668,0.4577989073904146,1,0,0.5695154547691346,0.6389951586723328,-0.015312020029618229,0.2508845226365616,-6.148177916977026,0.5749413371086121,0.6889196634292603,0.00024105260963529711,0.00014608762157916082,0.0025923419033454967,0.1182285679102041
1781864717.463074,66.14867901802063,rhymes_and_toys,speech_attention_movie,speech_social,1901,1,0.5024975059376239,0.4311114830206189,0.4668044944791214,1,0,0.5693476915359497,0.6386196076869965,-0.01593442307494567,0.25238655727784864,-6.006660660796192,0.5751073360443115,0.6882311403751373,0.000708251115574211,0.0004671985059389139,0.002090624850041987,0.1181595424154986
1781864717.498732,66.18433713912964,rhymes_and_toys,speech_attention_movie,speech_social,1902,1,0.4872420662839793,0.4156088119755755,0.4514254391297774,1,0,0.5693620264530181,0.6386491477489471,-0.014588238986478385,0.25269073856966584,-5.94909632041662,0.5752007365226746,0.687918096780777,0.00032668018202592654,0.0003815709335482845,0.0019251728566266803,0.11930663351775564
1781864717.5324328,66.21803784370422,rhymes_and_toys,speech_attention_movie,speech_social,1903,1,0.4759895321079203,0.41421676413166153,0.4451031481197909,1,0,0.5692453324794768,0.6385441601276398,-0.011749015953852221,0.2545811507265221,-6.045389141444501,0.575112909078598,0.6876665949821472,0.00026639597340617245,6.028420861975409e-05,0.0010761377966303765,0.12002965172505436
1781864717.566514,66.25211906433105,rhymes_and_toys,speech_attention_movie,speech_social,1904,1,0.48392057813075706,0.4111096514665355,0.44751511479864625,1,0,0.5691816866397857,0.638532394170761,-0.013407550644779512,0.2540560154115669,-5.865085810133722,0.5750432014465332,0.6884616613388062,0.000798116323263093,0.0005317203498569206,0.000914092459189727,0.12049384213323078
1781864717.6002681,66.28587317466736,rhymes_and_toys,speech_attention_movie,speech_social,1905,1,0.4693097859044869,0.41471642285722116,0.44201310438085406,1,0,0.56928471326828,0.638728815317154,-0.013450631983116836,0.2538196297611517,-6.069752892831294,0.5749744772911072,0.688508540391922,8.31904751763006e-05,0.0007149258480867925,0.004054101265054324,0.12100693939155768
1781864717.635516,66.32112097740173,rhymes_and_toys,speech_attention_movie,speech_social,1906,1,0.4520897158051614,0.42649481097798037,0.4392922633915709,1,0,0.5693343997001648,0.6386916577816009,-0.013580362690373587,0.25428992977050835,-5.858449957165401,0.5749658793210983,0.6879868805408478,0.0005217307019057333,0.00043854022672943266,0.005156875494965196,0.12121256823109833
1781864717.670049,66.35565400123596,rhymes_and_toys,speech_attention_movie,speech_social,1907,1,0.4745783194395818,0.4176323116407692,0.4461053155401755,1,0,0.5695241987705231,0.6385812044143677,-0.015668277925525203,0.254265620445627,-6.334108278193982,0.5752034336328506,0.6872807145118713,0.000745052019333196,0.00022332131742746274,0.00250026134839227,0.12002001706129084
1781864717.703891,66.38949608802795,rhymes_and_toys,speech_attention_movie,speech_social,1908,1,0.4860678582588839,0.4325173507424754,0.45929260450067966,1,0,0.5694470345973968,0.6388630867004395,-0.015136272809314589,0.2549989465447722,-6.387213073637185,0.574714332818985,0.6876007318496704,0.0005844918328052652,0.00016056018652793082,0.0008500684083256555,0.12036593931646272
1781864717.739428,66.42503309249878,rhymes_and_toys,speech_attention_movie,speech_social,1909,1,0.4707517176726696,0.43155257108015094,0.45115214437641027,1,0,0.5692859470844269,0.6391309678554535,-0.013135303151999402,0.255053097948597,-6.004887322924886,0.5744032114744186,0.6880119144916534,0.0005156235604711222,6.886827233414301e-05,0.002287452066093174,0.12030873742019135
1781864717.773271,66.45887613296509,rhymes_and_toys,speech_attention_movie,speech_social,1910,1,0.47491767872088886,0.42425279338115535,0.4495852360510221,1,0,0.5691646218299866,0.6388583600521087,-0.012143139951655696,0.2544797630018946,-6.435230918612614,0.574611023068428,0.6879803836345673,0.0002101900415179479,0.0003054335189531743,0.0015425591891350815,0.12004483895751902
1781864717.80762,66.49322509765625,rhymes_and_toys,speech_attention_movie,speech_social,1911,1,0.4809599417836896,0.4353332545158271,0.45814659814975833,1,0,0.5693041026592255,0.6387678742408752,-0.010657731439325423,0.2551409755953286,-6.272243496877226,0.5743698477745056,0.6878595650196075,0.0002697455469870672,5.955550546911929e-05,0.0007231218841939781,0.11986325101210807
1781864717.840275,66.5258800983429,rhymes_and_toys,speech_attention_movie,speech_social,1912,1,0.47015478515504144,0.44752537514591295,0.45884008015047717,1,0,0.5692499220371245,0.6387714445590973,-0.010985553738802046,0.25534195689958655,-6.321040694297192,0.5745212584733963,0.6879491209983826,0.0001759132543980658,9.383229258900139e-05,0.0014645916056976616,0.11932545797676677
1781864717.877731,66.56333613395691,rhymes_and_toys,speech_attention_movie,speech_social,1913,1,0.483387814553514,0.4364971421849409,0.4599424783692274,1,0,0.5692873775959015,0.6383934676647186,-0.009719649325089301,0.25506809450143353,-6.246600384298594,0.5745694041252136,0.6880441308021545,0.00010651228380662734,6.940097059143846e-05,0.0004255539900073819,0.11910166874265275
1781864717.910569,66.59617400169373,rhymes_and_toys,speech_attention_movie,speech_social,1914,1,0.4686385434901847,0.4306370817424563,0.4496378126163205,1,0,0.5691194593906402,0.6386336803436279,-0.007395434286166399,0.2546143030972915,-5.87387726082599,0.5745110064744949,0.6888433992862701,0.0008013990237764906,0.0006948867399698633,0.0001144404093306001,0.12052911703920408
1781864717.943979,66.62958407402039,rhymes_and_toys,speech_attention_movie,speech_social,1915,1,0.47246699603005843,0.41761913017196384,0.44504306310101116,1,0,0.5692477285861969,0.6386167168617249,-0.01169641297758832,0.2514265744479665,-6.208486138641689,0.5745543539524078,0.6890997886657715,0.00026002791727522867,0.0005413711065012619,0.0018736393566883992,0.11998845539197828
1781864717.9790468,66.66465187072754,rhymes_and_toys,speech_attention_movie,speech_social,1916,1,0.4579592545329948,0.42545687767438417,0.4417080661036895,1,0,0.5690627455711365,0.6386543571949005,-0.011742948005925177,0.2519204382607987,-6.221279344134221,0.5748043805360794,0.689187616109848,0.0002650036838904205,4.975766615191845e-06,0.00014420447960470322,0.12063752509456487
1781864718.014328,66.69993305206299,rhymes_and_toys,speech_attention_movie,speech_social,1917,1,0.4775248968498544,0.4073268381996311,0.4424258675247428,1,0,0.5692392706871032,0.638485884666443,-0.014294967324653372,0.2532559620969017,-6.225791551003161,0.575055256485939,0.6886950731277466,0.0005527543138098028,0.0002877506299193823,0.00029773451795305774,0.11937604813817072
1781864718.0474932,66.73309826850891,rhymes_and_toys,speech_attention_movie,speech_social,1918,1,0.4616154632419789,0.3871818664121155,0.4243986648270472,1,0,0.5694902956485748,0.6382375359535217,-0.011289937642636224,0.25346746978796914,-6.308721129990715,0.5750254988670349,0.687972217798233,0.0007234675827492101,0.00017071326893940727,0.003320369451443741,0.1193564012766782
1781864718.0836658,66.76927089691162,rhymes_and_toys,speech_attention_movie,speech_social,1919,1,0.4618387331851972,0.404577624509957,0.4332081788475771,1,0,0.5694062769412994,0.6381007671356201,-0.011100177553718631,0.25367411072881685,-6.066629916864877,0.5749233812093735,0.6884345412254333,0.00047346696542050935,0.00025000061732870075,0.0021539590566948216,0.11921582808327422
1781864718.117814,66.80341911315918,rhymes_and_toys,speech_attention_movie,speech_social,1920,1,0.451844081614004,0.4013818349359631,0.4266129582749836,1,0,0.5693315923213959,0.6383731305599213,-0.013062492324279638,0.2514640079267171,-6.0663565445683965,0.5750201195478439,0.6878889501094818,0.0005541010484877914,8.0634083067282e-05,0.00010279395443183217,0.1200369917060671
1781864718.1514702,66.83707523345947,rhymes_and_toys,speech_attention_movie,speech_social,1921,1,0.47511292727495535,0.4082468335138968,0.44167988039442607,1,0,0.5693844616413116,0.6381203591823578,-0.01155773380186742,0.2518230134951488,-6.326247212190697,0.5747571289539337,0.6883707344532013,0.0005488899765330582,5.211071954733162e-06,0.0006465199767440559,0.11889273198262251
1781864718.187635,66.87323999404907,rhymes_and_toys,speech_attention_movie,speech_social,1922,1,0.46628313355996953,0.4231154589211392,0.4446992962405544,1,0,0.5693397462368011,0.638245975971222,-0.013536960836967935,0.25346269205667354,-6.232716949732369,0.5747668594121933,0.6883790493011475,1.2799160687691796e-05,0.0005360908158453664,0.0002420872146597974,0.11958738813998965
1781864718.221969,66.90757393836975,rhymes_and_toys,speech_attention_movie,speech_social,1923,1,0.4768305721054328,0.4223716587027683,0.4496011154041005,1,0,0.5692104756832123,0.6380733489990235,-0.011348229969373258,0.253872004174828,-6.17033441033563,0.574533224105835,0.6878380477428436,0.0005892946143181098,0.0005764954536304181,0.0003549041128563234,0.1200699676388559
1781864718.255171,66.94077610969543,rhymes_and_toys,speech_attention_movie,speech_social,1924,1,0.4741217071808174,0.4287779652039495,0.45144983619238344,1,0,0.5689423203468322,0.6382722735404969,-0.010504125053709606,0.25391426490166147,-6.164731087489411,0.5744299739599228,0.6881520748138428,0.0003305655667960395,0.0002587290475220703,0.00265114284731198,0.11918781412267916
1781864718.2887292,66.97433423995972,rhymes_and_toys,speech_attention_movie,speech_social,1925,1,0.4669886088252145,0.43228828239434197,0.4496384456097782,1,0,0.5688456177711487,0.6385453045368195,-0.010020043569094944,0.25304865878863153,-6.307392897348391,0.5744462609291077,0.6888033151626587,0.0006514439786283297,0.00032087841183229014,0.0002572824252533148,0.1199972163846479
1781864718.323802,67.00940704345703,rhymes_and_toys,speech_attention_movie,speech_social,1926,1,0.46601115990941144,0.42753666080638186,0.44677391035789665,1,0,0.568773591518402,0.6381686568260193,-0.005965841578468746,0.25419217009709394,-6.283521243164105,0.5739557594060898,0.6883811354637146,0.0006471687896394472,4.275188988882468e-06,0.0003256206001544407,0.11946402678699733
1781864718.3588889,67.04449391365051,rhymes_and_toys,speech_attention_movie,speech_social,1927,1,0.4678343722560114,0.433051729930393,0.45044305109320215,1,0,0.5685565888881683,0.6380470395088196,-0.009845190271461204,0.25396497457393363,-6.05033528091896,0.5744969844818115,0.6884715855121613,0.000548731076078261,9.84377135611862e-05,0.0008426176117971931,0.11910565658920946
1781864718.3933299,67.07893490791321,rhymes_and_toys,speech_attention_movie,speech_social,1928,1,0.4718982634674754,0.4133145373095974,0.4426064003885364,1,0,0.5687210202217101,0.6381409287452697,-0.012339483497164407,0.25382515334191674,-6.347724890298896,0.5744501948356628,0.6883854866027832,9.799129136208384e-05,0.00045073978471617715,0.003700489893367606,0.11972098238774682
1781864718.426434,67.11203908920288,rhymes_and_toys,speech_attention_movie,speech_social,1929,1,0.46406200491859306,0.41984442234084896,0.441953213629721,1,0,0.5687063038349152,0.6378578245639801,-0.009633338603029737,0.2543758912713785,-6.288474776326529,0.5742729008197784,0.6878877282142639,0.0005283905576462691,0.0004303992662841853,0.00012991842794921854,0.1200288580916522
1781864718.462147,67.14775204658508,rhymes_and_toys,speech_attention_movie,speech_social,1930,1,0.4585102690958873,0.42121989106475405,0.43986508008032066,1,0,0.5686868846416473,0.6380339384078979,-0.008985396802173001,0.25511193904362034,-6.457496264931417,0.5741215944290161,0.6871034502983093,0.0007987399284745926,0.0002703493708283235,0.0004897298041098422,0.12017508657852274
1781864718.496295,67.18190002441406,rhymes_and_toys,speech_attention_movie,speech_social,1931,1,0.4637541462314977,0.4278568958025719,0.4458055210170348,1,0,0.5686414062976837,0.6378625154495239,-0.008079784290329408,0.2532572180017229,-6.0631329342050915,0.574255034327507,0.688116192817688,0.0010214957743753534,0.00022275584590076083,0.00024188985581287037,0.11946087066455625
1781864718.530367,67.21597194671631,rhymes_and_toys,speech_attention_movie,speech_social,1932,1,0.4629197320369284,0.4312624385185367,0.44709108527773256,1,0,0.5688312828540802,0.6378351986408234,-0.013174310619308072,0.25171523816201236,-6.3392451792155855,0.5743960589170456,0.6885340511798859,0.00044101422393525434,0.0005804815504400991,0.0006363846506840797,0.11853091282812778
1781864718.56669,67.25229501724243,rhymes_and_toys,speech_attention_movie,speech_social,1933,1,0.4783049723001885,0.4255785282819575,0.451941750291073,1,0,0.5688818991184235,0.6379145503044128,-0.017652266760976556,0.25250034998601917,-6.652347585483563,0.5744161903858185,0.6879687309265137,0.000565678587987696,0.00012466436405244165,0.0008522100984208212,0.11914279718033366
1781864718.599335,67.28494000434875,rhymes_and_toys,speech_attention_movie,speech_social,1934,1,0.4769652750513995,0.42182551213481917,0.4493953935931093,1,0,0.5688777685165405,0.6377378940582276,-0.01338844294640331,0.2539381885092857,-6.702473136834181,0.5741952359676361,0.6879527866840363,0.00022152894569895296,0.000344149642288743,0.0029751371126732692,0.11960281292440553
1781864718.634909,67.32051396369934,rhymes_and_toys,speech_attention_movie,speech_social,1935,1,0.46322121478495465,0.43418580702600007,0.44870351090547733,1,0,0.568790715932846,0.6378573715686797,-0.014406206725681556,0.2526988030935456,-6.47680796132512,0.5741150379180908,0.6883595287799835,0.0004145731054548077,0.00019304415975585475,0.0002624176582009257,0.11930462487638374
1781864718.668534,67.35413908958435,rhymes_and_toys,speech_attention_movie,speech_social,1936,1,0.4671958220508995,0.43183702925946327,0.44951642565518135,1,0,0.5686334848403931,0.6376224517822265,-0.011197146996009029,0.2521501178390135,-6.70891133337721,0.5738560259342194,0.6879045069217682,0.0005235762592428759,0.00010900315378806815,0.0014670329700967786,0.11936396414351878
1781864718.702285,67.38789010047913,rhymes_and_toys,speech_attention_movie,speech_social,1937,1,0.4779442403077551,0.4317746856873946,0.45485946299757485,1,0,0.56842902302742,0.6374313473701477,-0.011340254574756327,0.2527105445521506,-6.667626333230862,0.5737756639719009,0.6882706582546234,0.0003748664342660259,0.00014870982497684998,0.00044864844446109223,0.11769584073051716
1781864718.737288,67.42289304733276,rhymes_and_toys,speech_attention_movie,speech_social,1938,1,0.45146487466367957,0.43791945497291396,0.44469216481829676,1,0,0.5683201551437378,0.6377305328845978,-0.011156996196770429,0.2535318948369965,-6.426787637655176,0.5738009661436081,0.688043862581253,0.00022820271109829938,0.0001466637231677265,0.00013629044436519206,0.1194565437436426
1781864718.77261,67.45821499824524,rhymes_and_toys,speech_attention_movie,speech_social,1939,1,0.4576743661882667,0.43878957069432734,0.448231968441297,1,0,0.56834676861763,0.6376420557498932,-0.013359088042257942,0.2545626378187519,-6.155576681891298,0.5738679617643356,0.6880939304828644,8.363735988438358e-05,0.0001445653512139158,0.0001023998698740057,0.1190526804230877
1781864718.805635,67.49124002456665,rhymes_and_toys,speech_attention_movie,speech_social,1940,1,0.4818450930099518,0.43436975324377536,0.4581074231268636,1,0,0.5684026241302491,0.6375261127948761,-0.013934085049723738,0.2533523297422564,-6.468839619975644,0.5739826560020447,0.6880293190479279,0.00013164120057267638,4.8003840688292805e-05,0.00020151445219271835,0.11914433244279703
1781864718.841815,67.52742004394531,rhymes_and_toys,speech_attention_movie,speech_social,1941,1,0.47107047347961806,0.4320050562407677,0.45153776486019287,1,0,0.5684241473674774,0.6374211430549621,-0.010309393782807475,0.25416083227317715,-6.510662991366466,0.5737446993589401,0.6879178881645203,0.0002627550299700926,0.0001311138293974162,0.0002775127844424368,0.11933662690010644
1781864718.874837,67.5604419708252,rhymes_and_toys,speech_attention_movie,speech_social,1942,1,0.4764019497321963,0.4355454249049232,0.45597368731855975,1,0,0.5683885335922241,0.6373787701129914,-0.015098340772438353,0.255181018855798,-6.815278619042483,0.5740884095430374,0.6884066462516785,0.0005975124755306275,0.0003347574455605349,0.0003103205469244195,0.11825045593581067
1781864718.908393,67.59399795532227,rhymes_and_toys,speech_attention_movie,speech_social,1943,1,0.4712485506170715,0.4261424170546662,0.4486954838358689,1,0,0.5684852778911591,0.6373497247695923,-0.015222002521340145,0.25298503192154437,-6.659563646062602,0.5742745399475098,0.6884538531303406,0.00019202347997591368,0.0004054889955547138,0.0007389316984817536,0.11947425369811343
1781864718.9443111,67.62991619110107,rhymes_and_toys,speech_attention_movie,speech_social,1944,1,0.48510538658998575,0.4192950340790085,0.4522002103344971,1,0,0.5685560524463653,0.637209951877594,-0.014860261858225107,0.2524727738942378,-6.372332052586458,0.5743468403816223,0.6876718997955322,0.0007852887179826041,0.0005932652380066905,0.0037081090234728138,0.1191853258897179
1781864718.980814,67.66641902923584,rhymes_and_toys,speech_attention_movie,speech_social,1945,1,0.480018263652145,0.4354531246496149,0.45773569415087995,1,0,0.5687218427658081,0.6375282824039459,-0.01625247092196591,0.2523660924056756,-6.540249130022184,0.5743771493434906,0.6879842877388,0.0003138548394857619,0.0004714338784968422,0.003356825391282269,0.11947025385308932
1781864719.012757,67.69836211204529,rhymes_and_toys,speech_attention_movie,speech_social,1946,1,0.4863109650029146,0.4325573261124594,0.459434145557687,1,0,0.5686167001724243,0.6376432955265046,-0.014616105478779435,0.25293881487653597,-6.73481405594451,0.5741380751132965,0.6878872811794281,0.0002580053489834676,5.5849490502294285e-05,0.002358960873450468,0.11982728239305943
1781864719.0484009,67.73400592803955,rhymes_and_toys,speech_attention_movie,speech_social,1947,1,0.4732834124103013,0.4423542625436259,0.4578188374769636,1,0,0.5684650778770447,0.6381693422794342,-0.01624216994740609,0.2522965012671931,-6.637656950300834,0.574273556470871,0.6889787316322327,0.0010998269360119846,0.000841821587028517,0.0009151850057252238,0.12017851431196902
1781864719.081422,67.7670271396637,rhymes_and_toys,speech_attention_movie,speech_social,1948,1,0.47000623863265223,0.4261855770351406,0.4480959078338964,1,0,0.5684635162353515,0.6379282176494598,-0.01545854123133823,0.2535369288219722,-6.746814944792508,0.5744011402130127,0.6883391737937927,0.0006521593670023118,0.00044766756900967283,0.0005049637135719892,0.11993569616225502
1781864719.115241,67.80084609985352,rhymes_and_toys,speech_attention_movie,speech_social,1949,1,0.48108428911442236,0.41885145723428774,0.44996787317435505,1,0,0.5685508787631988,0.6380907416343689,-0.015559401297428364,0.2534961883875905,-6.640525553828301,0.5745232999324799,0.6882277727127075,0.0001653275473937977,0.00048683181960851416,0.0009841755523511515,0.11984232437869526
1781864719.151346,67.83695101737976,rhymes_and_toys,speech_attention_movie,speech_social,1950,1,0.47123077971085653,0.4125753241738847,0.4419030519423706,1,0,0.5685347259044646,0.6382575154304504,-0.01339406190254991,0.2506929537496175,-6.660815691029393,0.5744695216417313,0.6890778839588165,0.0008518105630460638,0.0006864830156522662,0.0016483700024777707,0.12024989189966012
1781864719.184481,67.87008595466614,rhymes_and_toys,speech_attention_movie,speech_social,1951,1,0.46682044372109305,0.4225261604724424,0.4446733020967677,1,0,0.5685661196708679,0.638431465625763,-0.012899693630247787,0.2514398850286977,-6.8252202334964585,0.574248731136322,0.6890273690223694,0.000226495487997282,0.0006253150750487818,0.0006383625518261026,0.11960520561388728
1781864719.220757,67.90636205673218,rhymes_and_toys,speech_attention_movie,speech_social,1952,1,0.46060500163696827,0.42435199330071716,0.4424784974688427,1,0,0.5688061714172363,0.6383342266082763,-0.009898858204182098,0.25186068330578765,-6.7737104472622605,0.5740206688642502,0.6894545257091522,0.00048422642947887497,0.00025773094148159295,0.00039054128504421333,0.11894488852957844
1781864719.254218,67.93982315063477,rhymes_and_toys,speech_attention_movie,speech_social,1953,1,0.4681978657851183,0.42733323474503165,0.447765550265075,1,0,0.5686773002147675,0.6382531106472016,-0.011331995476401438,0.25214044442610367,-6.749210333182754,0.5741572827100754,0.6897591352462769,0.0003338417484054891,0.00015038468107338588,0.0003308728531377517,0.11784384988068793
1781864719.2875898,67.97319483757019,rhymes_and_toys,speech_attention_movie,speech_social,1954,1,0.46430617534855,0.41253636964847745,0.4384212724985137,1,0,0.5686455428600312,0.6383146941661835,-0.014374834593438472,0.25242293397699295,-6.767657374518632,0.5745108723640442,0.6889031529426575,0.000926137866358639,0.0005922961179531498,0.0005715402681332281,0.1188843858483157
1781864719.323528,68.00913310050964,rhymes_and_toys,speech_attention_movie,speech_social,1955,1,0.4735328232685479,0.4200720352736973,0.44680242927112257,1,0,0.5690364301204681,0.638545846939087,-0.015292580437592357,0.25423809995860513,-6.864620921382376,0.5742281973361969,0.6882135272026062,0.0007453112321102691,0.0001808266342483699,0.0009851086280293687,0.11893136636168425
1781864719.357662,68.04326701164246,rhymes_and_toys,speech_attention_movie,speech_social,1956,1,0.4674171511803302,0.43316632195662685,0.45029173656847854,1,0,0.5688795447349548,0.6386389374732971,-0.013877419419674904,0.2533193114123036,-6.654263607101236,0.5741420984268188,0.6891520917415619,0.0009425053930780417,0.00019719416096777268,0.0005781961160597238,0.11931268279147053
1781864719.390864,68.07646894454956,rhymes_and_toys,speech_attention_movie,speech_social,1957,1,0.491776198173772,0.4366224588746547,0.4641993285242133,1,0,0.5688410520553588,0.6383895576000214,-0.014084087482614303,0.25414554119184113,-6.358268986466471,0.5739908814430237,0.6883172988891602,0.0008483782662286498,9.412712684939194e-05,0.002301712502184817,0.1184167939626306
1781864719.427443,68.11304807662964,rhymes_and_toys,speech_attention_movie,speech_social,1958,1,0.4816443341204618,0.43050035866962466,0.45607234639504324,1,0,0.5686910569667816,0.6388696432113647,-0.016517537164423817,0.2537576782334132,-6.665788306260256,0.574280396103859,0.6884849369525909,0.00033454634828284025,0.0005138319179458096,0.0001888423457073044,0.1189642568903553
1781864719.461258,68.14686298370361,rhymes_and_toys,speech_attention_movie,speech_social,1959,1,0.49956896643275334,0.4297154447668612,0.4646422055998073,1,0,0.5687731266021729,0.6388079643249511,-0.016993199563129932,0.25299647293880956,-6.693307638691438,0.5744125843048096,0.6891331672668457,0.0006615710549815402,0.0003270247066986999,0.00037349795064837174,0.1170049063891781
1781864719.493995,68.17960000038147,rhymes_and_toys,speech_attention_movie,speech_social,1960,1,0.4909248717853043,0.4308006226850621,0.46086274723518317,1,0,0.5688368201255798,0.6392265915870666,-0.021634753101363507,0.2520332102894858,-6.736763118095146,0.5747807323932648,0.6900371313095093,0.0009760553290986582,0.0003144842741171181,0.0003309256689633567,0.11775688949122254
1781864719.5297012,68.21530628204346,rhymes_and_toys,speech_attention_movie,speech_social,1961,1,0.4872604797879542,0.42267961191241477,0.4549700458501845,1,0,0.5689051270484924,0.6394855916500092,-0.021419761012578132,0.25252194179096465,-6.547849528398728,0.5747504830360413,0.6899542510509491,8.822789168646138e-05,0.0008878274374121968,0.000326154716576107,0.11863199679709756
1781864719.5636091,68.24921417236328,rhymes_and_toys,speech_attention_movie,speech_social,1962,1,0.47474954057674457,0.4084965336902943,0.44162303713351947,1,0,0.568986988067627,0.6396618187427521,-0.01849236581108397,0.2513937780510465,-6.689585978014461,0.574679359793663,0.6902206242084503,0.0002757048687338751,0.00018747697704741368,0.0015325995480265882,0.12050699124696408
1781864719.597292,68.28289699554443,rhymes_and_toys,speech_attention_movie,speech_social,1963,1,0.36829441722567596,0.2749572844206248,0.32162585082315037,1,0,0.5697872996330262,0.6424918591976165,-0.01868343507653163,0.25139210039419013,-5.872916004286061,0.5743309110403061,0.69007208943367,0.0003787863685971655,0.00010308149986329039,0.0002532567652478467,0.1343943560103733
1781864719.6332831,68.31888818740845,rhymes_and_toys,speech_attention_movie,speech_social,1964,1,0.2512825546201908,0.2069153404822738,0.22909894755123228,1,0,0.5693797886371612,0.6437187850475311,-0.021707102970677638,0.24992913376106626,-5.377206410605178,0.5746230632066727,0.6909104287624359,0.0008877869780911929,0.0005090006094940274,0.0002693600062838409,0.14364179861551163
1781864719.667875,68.35348010063171,rhymes_and_toys,speech_attention_movie,speech_social,1965,1,0.28741367872876966,0.21609859676948726,0.2517561377491285,1,0,0.5687190532684326,0.6425359070301055,-0.0242369941293827,0.25207452174856715,-5.593414408344265,0.5749071836471558,0.6911661326885223,0.00038224196854390444,0.0005055450095472885,0.0004946225827800302,0.13813825982261999
1781864719.701857,68.38746213912964,rhymes_and_toys,speech_attention_movie,speech_social,1966,1,0.3462230272237062,0.25350289977085333,0.29986296349727976,1,0,0.5687427163124084,0.6413255095481873,-0.019611173498712654,0.25251329315345256,-6.0180833260426185,0.5745347589254379,0.6898944079875946,0.0013251354226253035,0.0009428934540813991,0.002360354441175358,0.13258134392615367
1781864719.7363782,68.42198324203491,rhymes_and_toys,speech_attention_movie,speech_social,1967,1,0.418429257038372,0.31622964972462614,0.3673294533814991,1,0,0.5691508471965789,0.640434342622757,-0.020973643857091055,0.25047273264196035,-6.416745033504375,0.5746254026889801,0.6904104351997375,0.0005239278342874227,0.0008012075883378809,0.0024383171057797263,0.1277039503951002
1781864719.77072,68.4563250541687,rhymes_and_toys,speech_attention_movie,speech_social,1968,1,0.42973840769907956,0.3569843625158424,0.393361385107461,1,0,0.5691548943519592,0.6401245057582856,-0.021968042997808607,0.2509836182613286,-6.923084170903404,0.5747871547937393,0.6899726688861847,0.00046669378469794764,5.7234049589475024e-05,0.0009245325789118642,0.12507642211196673
1781864719.8047092,68.490314245224,rhymes_and_toys,speech_attention_movie,speech_social,1969,1,0.4634354817896911,0.37438900413639636,0.41891224296304375,1,0,0.5691716790199279,0.6398980259895325,-0.01978002388567942,0.2523486960145721,-6.636124799936193,0.5747260451316833,0.6898824572563171,0.00010896113508933024,0.00035773264960861737,0.00024139025730731455,0.12245590837862638
1781864719.8398988,68.52550387382507,rhymes_and_toys,speech_attention_movie,speech_social,1970,1,0.47268443152665424,0.37906786371877044,0.4258761476227123,1,0,0.5692442297935485,0.6399891972541809,-0.01902103171870146,0.2519013898864778,-6.350430038998775,0.5748013257980347,0.6901478469371796,0.0002758602208267064,0.00016689908573737619,0.004053739383034815,0.12210423131996394
1781864719.874249,68.55985403060913,rhymes_and_toys,speech_attention_movie,speech_social,1971,1,0.4805251525879221,0.386998437319938,0.4337617949539301,1,0,0.5693969428539276,0.6397797644138337,-0.015626632843979405,0.2505373918899081,-6.424903693987745,0.574603334069252,0.6900391578674316,0.00022586287554401943,4.999734528268699e-05,0.0015820465371395264,0.12083470836249982
1781864719.9080708,68.5936758518219,rhymes_and_toys,speech_attention_movie,speech_social,1972,1,0.47542346818007797,0.39487725344933355,0.43515036081470576,1,0,0.5692208766937256,0.6395382702350616,-0.015405331023247513,0.25231096723852414,-6.170786031676963,0.5746963024139404,0.6897822022438049,0.00027325684918679525,4.739397364277582e-05,0.001626929011507916,0.12062261447420974
1781864719.943137,68.628741979599,rhymes_and_toys,speech_attention_movie,speech_social,1973,1,0.47174813502345164,0.3852505616621239,0.4284993483427878,1,0,0.5693873167037964,0.6394219040870667,-0.01739602692000749,0.2534980640259291,-6.458906094584816,0.5747396349906921,0.6889667809009552,0.0008165719065598583,0.0005433150573730631,0.00499196083551623,0.12054928376878392
1781864719.9776618,68.66326689720154,rhymes_and_toys,speech_attention_movie,speech_social,1974,1,0.47192606411441196,0.39430261152368934,0.4331143378190506,1,0,0.5691988527774811,0.63938267827034,-0.016947015656157846,0.2529625141236959,-6.300650845356853,0.5749701708555222,0.6892038881778717,0.00033070628318748887,0.00048586562337236944,0.0014906820991291614,0.12004344480372776
1781864720.010377,68.69598197937012,rhymes_and_toys,speech_attention_movie,speech_social,1975,1,0.469269252234595,0.4087284570790283,0.43899885465681165,1,0,0.5692660987377167,0.6392183065414428,-0.016983626813306535,0.25230329723311956,-6.110131740003579,0.5750626027584076,0.6895376443862915,0.00034631901959000707,1.56127364025182e-05,0.00244207369021074,0.1197805403192966
1781864720.045867,68.73147201538086,rhymes_and_toys,speech_attention_movie,speech_social,1976,1,0.48806520360865163,0.40155989157793703,0.44481254759329436,1,0,0.5692872762680055,0.6394102334976197,-0.01740309918451951,0.2514830525386677,-6.450353225941177,0.5750989615917206,0.6893944442272186,0.00014774386727840397,0.0001985751523116031,0.003312497190085773,0.11948686568808399
1781864720.079308,68.7649130821228,rhymes_and_toys,speech_attention_movie,speech_social,1977,1,0.4763682417664155,0.4145316806191779,0.4454499611927967,1,0,0.5691670000553131,0.639511513710022,-0.01852614024908125,0.25260381365392187,-6.3813464702168705,0.5750106573104858,0.689215749502182,0.0001993224795157282,5.157861223732422e-05,0.00017540041607638112,0.12023028233923629
1781864720.114733,68.80033802986145,rhymes_and_toys,speech_attention_movie,speech_social,1978,1,0.4863753344756456,0.42400137613297356,0.45518835530430957,1,0,0.5691749155521393,0.6391445219516754,-0.01941865185137668,0.2516353244446233,-6.3047705957895905,0.574817344546318,0.6896605789661407,0.00048501863551415225,0.00028569615599842403,0.002016390794380954,0.11943901730365195
1781864720.148341,68.83394598960876,rhymes_and_toys,speech_attention_movie,speech_social,1979,1,0.4752459355488584,0.41020791601279405,0.44272692578082623,1,0,0.569154292345047,0.6392267048358917,-0.015425695241142479,0.2509216633564385,-6.160452452598283,0.5747249275445938,0.6896978914737701,9.966506626342246e-05,0.0003853535692507298,0.003679215830967024,0.12016024363807165
1781864720.1831622,68.86876726150513,rhymes_and_toys,speech_attention_movie,speech_social,1980,1,0.4711558128497915,0.40533751262982076,0.43824666273980617,1,0,0.5691853404045104,0.6393174529075623,-0.014525660384856533,0.25010859737059693,-5.981817407865364,0.5744408369064331,0.6898549497127533,0.0003246148196294287,0.00022494975336600625,0.002041640658867249,0.12056733569523961
1781864720.217269,68.90287399291992,rhymes_and_toys,speech_attention_movie,speech_social,1981,1,0.4777248691281701,0.4032111436080372,0.4404680063681037,1,0,0.5690013349056244,0.6393622577190399,-0.016490129641533048,0.25236343890926427,-6.630453321232087,0.5746726244688034,0.68928462266922,0.0006156284680349255,0.0002910136484054968,0.001935256379829929,0.11995586260071811
1781864720.2529778,68.93858289718628,rhymes_and_toys,speech_attention_movie,speech_social,1982,1,0.46881241415878144,0.4066094363946254,0.4377109252767034,1,0,0.568954473733902,0.6395638465881348,-0.016527885534927695,0.2521890465780887,-6.530877495425026,0.5750217586755753,0.6901312172412872,0.0009157603746570156,0.00030013190662209015,0.00022819563490651906,0.12069664984312742
1781864720.286943,68.97254800796509,rhymes_and_toys,speech_attention_movie,speech_social,1983,1,0.46443260695573024,0.41073245212272025,0.4375825295392253,1,0,0.5693152606487275,0.639469563961029,-0.015070155487625733,0.2509063494614482,-6.724160482679712,0.5749322772026062,0.6901727318763733,9.864278448543735e-05,0.0008171175901715783,0.00023979032288821034,0.12051383884244797
1781864720.3220549,69.00765991210938,rhymes_and_toys,speech_attention_movie,speech_social,1984,1,0.46705709929067457,0.41760479811132045,0.44233094870099754,1,0,0.5694180071353913,0.6394502937793731,-0.013753100491698382,0.2524419097526721,-6.706603923151967,0.5747957527637482,0.6898314654827118,0.0003675617959584834,0.00026891901147304604,0.00393070900029369,0.11988780617224946
1781864720.3560362,69.04164123535156,rhymes_and_toys,speech_attention_movie,speech_social,1985,1,0.46302213028285644,0.41660617994838645,0.43981415511562144,1,0,0.5694616496562958,0.6390554308891296,-0.014167811774055421,0.25336547696303396,-6.588981514402418,0.5749000608921051,0.6893413066864014,0.000501134544051606,0.00013357274809312265,0.0029560176108371773,0.11893187770421877
1781864720.39,69.07560515403748,rhymes_and_toys,speech_attention_movie,speech_social,1986,1,0.45307357196174297,0.40966301577655123,0.4313682938691471,1,0,0.5695030093193054,0.6387466132640839,-0.013352614855188414,0.2534120626355434,-6.618766360069624,0.575049951672554,0.689506322145462,0.00022292901962864262,0.0002782055244229634,0.0006132329673804573,0.11889000033394324
1781864720.425229,69.1108341217041,rhymes_and_toys,speech_attention_movie,speech_social,1987,1,0.4856353210528094,0.41448313005187354,0.45005922555234146,1,0,0.5695892453193665,0.6389041125774384,-0.012334029290971564,0.2521398000791359,-6.611815835569996,0.5750822722911835,0.6898598372936249,0.00035498955247892394,0.00013206053285028132,0.0002836729585992026,0.12018579485422047
1781864720.458826,69.14443111419678,rhymes_and_toys,speech_attention_movie,speech_social,1988,1,0.47091668707369894,0.42667488323203373,0.44879578515286633,1,0,0.5698076963424683,0.6389694273471832,-0.010463637731110026,0.2529283677134244,-6.625412067538874,0.5746407508850098,0.6896531581878662,0.0004875011844773395,0.00013251163199841555,0.0005160545280791666,0.11979703143140423
1781864720.495556,69.18116116523743,rhymes_and_toys,speech_attention_movie,speech_social,1989,1,0.4671879397308764,0.43725688846846533,0.4522224140996709,1,0,0.5696118712425232,0.6390259742736817,-0.01279861005650592,0.2530413303968232,-6.446241259848347,0.5748374909162521,0.6888644993305206,0.0008128280464913145,0.00032532686201397503,0.00021424568618160747,0.11898291210967042
1781864720.527093,69.21269798278809,rhymes_and_toys,speech_attention_movie,speech_social,1990,1,0.4769136568108891,0.43129265153374635,0.4541031541723177,1,0,0.5696714282035827,0.6390555441379547,-0.010349210247312616,0.25348282408483747,-6.33153946906658,0.574610710144043,0.688923567533493,0.00023434711699992468,0.0005784809294913898,0.00021618747183826462,0.11953940628234604
1781864720.563802,69.24940705299377,rhymes_and_toys,speech_attention_movie,speech_social,1991,1,0.48147670879288534,0.4223458759773896,0.4519112923851375,1,0,0.5692528903484344,0.6392641663551331,-0.01146265349876852,0.25359124079419176,-6.413493447810662,0.574694886803627,0.6891885697841644,0.00027805018050637684,4.370306350645216e-05,0.00019487523762937536,0.11971483185877352
1781864720.596559,69.28216409683228,rhymes_and_toys,speech_attention_movie,speech_social,1992,1,0.4794749238265376,0.4100165894747241,0.4447457566506309,1,0,0.5695662558078766,0.6389555871486663,-0.013443949864382252,0.2515350134547979,-6.570224184964837,0.5746041834354401,0.6891018152236938,0.00012551276733026502,0.00015253741317611182,0.0015516195478591699,0.11966146482283681
1781864720.6310349,69.31663990020752,rhymes_and_toys,speech_attention_movie,speech_social,1993,1,0.47466835698699894,0.41015563163258495,0.44241199430979194,1,0,0.569013488292694,0.6389682054519653,-0.012726599692649056,0.2519439757429846,-6.631688609681322,0.5742926001548767,0.6892096102237701,0.00032970274910602474,0.00020418998177575972,0.0022204651383199575,0.1202495805346391
1781864720.6662898,69.35189485549927,rhymes_and_toys,speech_attention_movie,speech_social,1994,1,0.4733301117552273,0.4163143868788314,0.44482224931702935,1,0,0.5689172923564911,0.63892582654953,-0.013425283832261591,0.2516847292402357,-6.1545228743078395,0.5744837522506714,0.6894039809703827,0.0002726153166375971,5.708743246842765e-05,0.000436190181257701,0.11945530670334459
1781864720.700313,69.38591814041138,rhymes_and_toys,speech_attention_movie,speech_social,1995,1,0.47431809012808307,0.39828105686878695,0.436299573498435,1,0,0.5689838707447052,0.6389680683612824,-0.01446342354297222,0.250707092050852,-6.386407757183859,0.574673667550087,0.6897832155227661,0.0004241304830751589,0.00015151516643756183,0.0010367545664698933,0.1198927480321177
1781864720.733545,69.41915011405945,rhymes_and_toys,speech_attention_movie,speech_social,1996,1,0.4796828494157252,0.40741527261048616,0.44354906101310565,1,0,0.5688610017299651,0.6389749467372894,-0.014525401085164027,0.25209489234094395,-6.03793716215593,0.5741958022117615,0.6896634697914124,0.0004926401544234816,6.850967134832271e-05,0.002688514813191869,0.11938022872236659
1781864720.769141,69.45474600791931,rhymes_and_toys,speech_attention_movie,speech_social,1997,1,0.48032083035823536,0.4049869735915159,0.44265390197487564,1,0,0.5686459243297577,0.6387472510337829,-0.014369898211481739,0.25138698215072586,-6.27356938069527,0.5741449892520905,0.6896201074123383,6.680009572968001e-05,0.0004258400586938016,0.0021427503838889785,0.11889613264462824
1781864720.804023,69.48962807655334,rhymes_and_toys,speech_attention_movie,speech_social,1998,1,0.4876786386819334,0.4113741550293642,0.44952639685564877,1,0,0.5686894178390502,0.638711678981781,-0.013902965441776688,0.2538298291877672,-6.196381282832688,0.5742077231407166,0.6885069012641907,0.001114972407306894,0.0010481723115772141,0.0012959491199482948,0.11836480239322926
1781864720.837719,69.52332401275635,rhymes_and_toys,speech_attention_movie,speech_social,1999,1,0.4707355483753724,0.41155457539165885,0.44114506188351565,1,0,0.5687498390674591,0.6388050019741058,-0.012465739181761887,0.2512345344297741,-6.396200930899854,0.5741592943668365,0.6883168816566467,0.00019609384842639925,0.0009188785588804948,0.00019557535067867522,0.11949082957192976
1781864720.8729851,69.55859017372131,rhymes_and_toys,speech_attention_movie,speech_social,2000,1,0.48603221693845133,0.40167412839433514,0.44385317266639324,1,0,0.5690959990024567,0.6384179830551148,-0.011137268547780698,0.2529660829480039,-6.540783023721696,0.5740275830030441,0.6880104839801788,0.000333507750280236,0.00013741390185383672,0.0001482440610320059,0.12027196141382211
1781864720.907443,69.59304809570312,rhymes_and_toys,speech_attention_movie,speech_social,2001,1,0.4717758702221953,0.42594262515066045,0.4488592476864279,1,0,0.5689266145229339,0.6385179996490478,-0.01583345554940285,0.2531947414226598,-6.343331554909814,0.5744668841362,0.6880377531051636,0.00044014666961073707,0.0001066389193305011,0.0009818900974429706,0.12130573629070299
1781864720.942422,69.62802696228027,rhymes_and_toys,speech_attention_movie,speech_social,2002,1,0.4729375633791872,0.43245594988101566,0.45269675663010145,1,0,0.5690707266330719,0.6386748969554901,-0.016213566791953498,0.2523332800615793,-6.48165969488821,0.5746044963598251,0.6885706782341003,0.0005504055933067339,0.00011025892369599687,0.0006153219022334365,0.12092352011777491
1781864720.97528,69.66088509559631,rhymes_and_toys,speech_attention_movie,speech_social,2003,1,0.4736619236845085,0.417402208232245,0.44553206595837674,1,0,0.5691717267036438,0.6386126220226287,-0.014480319359412665,0.2536246282503662,-6.609603063601851,0.5744790136814117,0.6884164810180664,0.0001988031287842692,0.0003516024645224648,0.0011552210202932715,0.12090080187414255
1781864721.010255,69.6958601474762,rhymes_and_toys,speech_attention_movie,speech_social,2004,1,0.4738877980342204,0.42830427549805006,0.4510960367661352,1,0,0.568992805480957,0.6386350274085999,-0.01426846003658834,0.2524269560944059,-6.748401731154361,0.5742579251527786,0.6879175007343292,0.0005457668559482118,0.0003469637271639426,0.0003739813164354462,0.12003669182364193
1781864721.04455,69.7301549911499,rhymes_and_toys,speech_attention_movie,speech_social,2005,1,0.4567523064706642,0.43323648200176157,0.4449943942362129,1,0,0.5688344717025757,0.6383815348148346,-0.011701403454236616,0.25203335410434846,-6.093409291166911,0.5741555243730545,0.6890326142311096,0.001119805353795877,0.0005740384978476651,0.0018351379667630252,0.1212350218753973
1781864721.0795891,69.76519417762756,rhymes_and_toys,speech_attention_movie,speech_social,2006,1,0.4709390992101228,0.4095433391973528,0.4402412192037378,1,0,0.5689843833446503,0.6383509397506714,-0.013461128052221777,0.24961185249473303,-6.577506909536871,0.5742466747760773,0.688652515411377,0.0003908753109795737,0.0007289300428163033,0.004313757704894326,0.12022909542414076
1781864721.113229,69.79883408546448,rhymes_and_toys,speech_attention_movie,speech_social,2007,1,0.47092064623106866,0.4233408763528876,0.44713076129197815,1,0,0.5687982499599458,0.6380620658397675,-0.01443323972504626,0.24904323759211505,-6.532103679451547,0.5743600726127625,0.6884314715862274,0.00024843397916069697,0.00014244133181887672,0.003944091366432958,0.1197160248010182
1781864721.148763,69.83436799049377,rhymes_and_toys,speech_attention_movie,speech_social,2008,1,0.4614287700072337,0.41856541709714606,0.43999709355218986,1,0,0.5687324225902557,0.6377658307552337,-0.01665601820998951,0.25106709868638183,-6.766814292707263,0.5747718811035156,0.6886079609394073,0.00044803428980634677,0.0001996003106456498,0.004252575523191734,0.11921490118948926
1781864721.1814778,69.86708283424377,rhymes_and_toys,speech_attention_movie,speech_social,2009,1,0.48025514812348236,0.41500410242449753,0.44762962527399,1,0,0.5686761021614075,0.6379344820976257,-0.018335624615760424,0.25090178598504975,-6.398000922064093,0.5748333781957626,0.6888056695461273,0.00020705213238696483,0.00024098215741938194,0.00017543798314598996,0.11927089314714846
1781864721.2154272,69.90103220939636,rhymes_and_toys,speech_attention_movie,speech_social,2010,1,0.47874609676981805,0.409602358367283,0.4441742275685505,1,0,0.5690166711807251,0.6382344424724579,-0.016781844794181183,0.250451387205406,-6.340553140602035,0.5747019350528717,0.6886187791824341,0.00022848480880451548,2.1432676417550655e-05,0.0032367468558403803,0.11946524017392957
1781864721.251285,69.93689012527466,rhymes_and_toys,speech_attention_movie,speech_social,2011,1,0.4822371479504568,0.4078670691276076,0.4450521085390322,1,0,0.5687690198421478,0.6380786538124085,-0.015083400008712257,0.2523073949905249,-6.662519573755235,0.5745491087436676,0.6887721419334412,0.00021650869308507522,1.1976115719440264e-05,0.0012500898717704954,0.11982605463140185
1781864721.286578,69.97218298912048,rhymes_and_toys,speech_attention_movie,speech_social,2012,1,0.47283929500963984,0.4185113646293438,0.4456753298194918,1,0,0.5687696635723114,0.6382515132427216,-0.011852742631172449,0.25230538937002256,-6.209784290780129,0.5742521435022354,0.6890561580657959,0.00041091789697775635,0.00019440920389268113,0.0010297638287377754,0.12083165927496915
1781864721.319235,70.00484013557434,rhymes_and_toys,speech_attention_movie,speech_social,2013,1,0.4767182628327876,0.42060911515528887,0.44866368899403825,1,0,0.5686957716941834,0.6380227029323577,-0.014260439920490638,0.252959814675158,-6.284486983207189,0.5743761658668518,0.6884347498416901,0.0006336637340983066,0.00022274583712055023,0.0005700594262321454,0.11939172717623651
1781864721.354846,70.04045104980469,rhymes_and_toys,speech_attention_movie,speech_social,2014,1,0.48746487490371454,0.4127371631935027,0.4501010190486086,1,0,0.5687335729598999,0.6375457763671875,-0.01179151846043821,0.25244312701764715,-6.380536438365557,0.5741356462240219,0.6883096992969513,0.0002710854797411386,0.000362578254357168,0.0035069178843624552,0.11780524124324987
1781864721.389384,70.07498908042908,rhymes_and_toys,speech_attention_movie,speech_social,2015,1,0.48328785494017185,0.4109658642502541,0.447126859595213,1,0,0.5686569154262542,0.6380220651626587,-0.012775975425386197,0.25405840100572796,-6.613263560347613,0.5741244703531265,0.687820702791214,0.0004891241996809851,0.00021803871993984655,0.0020644181650752384,0.11819133209892539
1781864721.422938,70.10854315757751,rhymes_and_toys,speech_attention_movie,speech_social,2016,1,0.46383736118781993,0.4083349802841474,0.43608617073598366,1,0,0.5683650135993957,0.6381854832172393,-0.0095996843291319,0.2541834393484996,-6.431112645149158,0.5740880221128464,0.6871012449264526,0.0007203805198549475,0.00023125632017396232,0.0007960630588354319,0.11950495753784787
1781864721.45857,70.14417505264282,rhymes_and_toys,speech_attention_movie,speech_social,2017,1,0.4795810675224327,0.41268533748314673,0.4461332025027897,1,0,0.5684672713279724,0.638041615486145,-0.013880513450949775,0.25339436729895665,-6.231305028522666,0.5741375982761383,0.6878659129142761,0.0007662734026238727,4.589288276892519e-05,0.008277107536930233,0.11869169599449403
1781864721.4922528,70.17785787582397,rhymes_and_toys,speech_attention_movie,speech_social,2018,1,0.47652211801917554,0.4207610070484115,0.4486415625337935,1,0,0.5684693872928619,0.6382363617420197,-0.011621829245212953,0.24989288759844694,-6.399859583387753,0.5740290284156799,0.6888988018035889,0.001038579256612448,0.0002723058539885754,0.003931281974192692,0.11975546885314543
1781864721.527045,70.21265006065369,rhymes_and_toys,speech_attention_movie,speech_social,2019,1,0.47836329363487246,0.417686375477946,0.44802483455640923,1,0,0.5684953689575195,0.6378640830516815,-0.009257916607777845,0.25221622858370635,-6.58990858674771,0.5737741887569427,0.688594788312912,0.00039669566947324374,0.0006418835871392043,0.0001488585683877355,0.11914263131863369
1781864721.5617762,70.24738121032715,rhymes_and_toys,speech_attention_movie,speech_social,2020,1,0.4649133426960181,0.41638549410537723,0.44064941840069766,1,0,0.5684272527694703,0.6379006683826447,-0.009290142283277332,0.25143872722524074,-6.650101202219631,0.5737600177526474,0.6881989538669586,0.00039608802805178237,6.076414214613714e-07,0.00013633417234137232,0.11964155866650933
1781864721.59469,70.2802951335907,rhymes_and_toys,speech_attention_movie,speech_social,2021,1,0.46493563792911097,0.4255015799734841,0.4452186089512975,1,0,0.5682870924472809,0.6378352046012878,-0.010329529783982204,0.2522639645154855,-6.751091761068136,0.57398322224617,0.6889853179454803,0.000817428106880371,0.00042134007882858865,0.00026726126731324036,0.11965394795470634
1781864721.629889,70.31549406051636,rhymes_and_toys,speech_attention_movie,speech_social,2022,1,0.45719625179474715,0.42026077250117716,0.43872851214796216,1,0,0.5683279871940613,0.6376800954341888,-0.012544407621838147,0.2504171418140738,-6.648790607895737,0.5740992426872253,0.6886585354804993,0.0003467672449378344,0.00047066086194253663,0.00024595130122191823,0.11940186845087204
1781864721.6636329,70.34923791885376,rhymes_and_toys,speech_attention_movie,speech_social,2023,1,0.4725381071019154,0.422904042782254,0.4477210749420847,1,0,0.5684704244136811,0.6377567529678345,-0.013701457812410132,0.2513218744903661,-6.461078534113366,0.5741583108901978,0.6884528994560242,0.00021395145983216154,0.00013281578510567285,0.0003169090596864535,0.11948960430965329
1781864721.6981041,70.383709192276,rhymes_and_toys,speech_attention_movie,speech_social,2024,1,0.46331156107771665,0.4205132314618469,0.44191239626978174,1,0,0.5685499310493469,0.6374736189842224,-0.012276382040593644,0.25173804757337453,-6.645574711477626,0.5741294920444489,0.6880777478218079,0.0003762569262159382,0.00016230546638377666,0.0004564664705450412,0.12005084347821378
1781864721.733375,70.41898012161255,rhymes_and_toys,speech_attention_movie,speech_social,2025,1,0.47372483114666825,0.42866512860760525,0.45119497987713675,1,0,0.5687001407146454,0.6374987423419952,-0.01386751546800432,0.25258366393076687,-6.557051383119351,0.5742225348949432,0.6878153681755066,0.00027838830941923504,9.786861679670315e-05,0.002880639196235007,0.11885062764914144
1781864721.768094,70.45369911193848,rhymes_and_toys,speech_attention_movie,speech_social,2026,1,0.46434111856834953,0.41904654735711694,0.44169383296273323,1,0,0.5685592055320741,0.6375411987304687,-0.012017850020298586,0.2509906107445353,-6.744223980656564,0.5741101652383804,0.6880819201469421,0.0002892695856674521,1.088127624821703e-05,0.0022174213859921057,0.11966926768446144
1781864721.802708,70.48831295967102,rhymes_and_toys,speech_attention_movie,speech_social,2027,1,0.4550817583636217,0.42374882696944316,0.43941529266653245,1,0,0.5684959530830382,0.6374201536178589,-0.013023247343953659,0.2502901190911596,-6.6970939191155106,0.5741726458072662,0.687732458114624,0.00035500356832037763,6.573398265292556e-05,0.00021528032695046216,0.11974420430485898
1781864721.837674,70.5232789516449,rhymes_and_toys,speech_attention_movie,speech_social,2028,1,0.47314788080217685,0.42256166911137,0.4478547749567734,1,0,0.5686298847198485,0.6371519923210145,-0.015167671000703748,0.25193101393790296,-6.750868233383036,0.574255958199501,0.6876712739467621,0.00010336564756650733,0.0002516379207538703,0.0027838933587696728,0.11916910461558114
1781864721.8703969,70.55600190162659,rhymes_and_toys,speech_attention_movie,speech_social,2029,1,0.46749100860718523,0.42306390273881367,0.4452774556729995,1,0,0.5686415433883667,0.6369885444641114,-0.015567713829697509,0.24970947833818813,-6.623591562208842,0.5744619965553284,0.6883542239665985,0.0007133530217687484,0.000609987374202241,0.002413756142408159,0.11924202577401635
1781864721.906028,70.59163308143616,rhymes_and_toys,speech_attention_movie,speech_social,2030,1,0.465362795685687,0.41347876178039455,0.43942077873304075,1,0,0.5686008632183075,0.6368704855442047,-0.013017010550211176,0.24959437992186637,-6.647692269539441,0.5743833482265472,0.687740683555603,0.0006185607452341048,9.479227653464361e-05,0.0010943508048302754,0.1198604315556047
1781864721.938717,70.62432193756104,rhymes_and_toys,speech_attention_movie,speech_social,2031,1,0.4724451341488322,0.4222980572794376,0.4473715957141349,1,0,0.5688201367855072,0.6369573593139648,-0.01475330350443691,0.2492602382725964,-6.184320141672709,0.5744215697050095,0.6877676546573639,4.6779501344422046e-05,0.0005717812438896827,0.0007053340378290797,0.11994431355793607
1781864721.973094,70.65869903564453,rhymes_and_toys,speech_attention_movie,speech_social,2032,1,0.4657867672401038,0.42803631989700835,0.4469115435685561,1,0,0.5688320755958557,0.636851966381073,-0.015430897059452631,0.24928515141950777,-6.591820299991316,0.5744764804840088,0.6878564655780792,0.00010441538817922433,5.763588683480228e-05,0.0037003286137444803,0.12031615923979457
1781864722.009098,70.69470310211182,rhymes_and_toys,speech_attention_movie,speech_social,2033,1,0.4712968407797231,0.43450030188424454,0.45289857133198386,1,0,0.5687777996063232,0.636915922164917,-0.013879738974226495,0.2481138618222429,-6.50346027906843,0.5745036900043488,0.687602311372757,0.00025560656892991497,0.00015119118075069063,0.004014704513884989,0.12018255579447872
1781864722.044456,70.73006105422974,rhymes_and_toys,speech_attention_movie,speech_social,2034,1,0.4887446945716356,0.4245046511175948,0.45662467284461516,1,0,0.5687261939048767,0.6366649866104126,-0.01616986236332956,0.248626394075873,-6.614805207114439,0.5746673196554184,0.6880159080028534,0.00044478852855744857,0.0001891819596275336,0.002599613729099945,0.11940610225413636
1781864722.07647,70.76207494735718,rhymes_and_toys,speech_attention_movie,speech_social,2035,1,0.487084399738927,0.4074770635413202,0.4472807316401236,1,0,0.568869811296463,0.6365720510482789,-0.016649401593789585,0.24930008247021385,-6.602056645061854,0.5746795535087585,0.6878945529460907,0.00012197014786178327,0.0003228183806956653,0.0021373683344272526,0.12005997116604658
1781864722.111466,70.79707098007202,rhymes_and_toys,speech_attention_movie,speech_social,2036,1,0.48216027256222854,0.4105470992561322,0.44635368590918034,1,0,0.568856292963028,0.636561280488968,-0.015174263691090692,0.24787615633731597,-6.654749343465495,0.5748237669467926,0.6877439022064209,0.0002085501404282931,8.657999256650983e-05,0.0007846757993560901,0.11978826876386105
1781864722.146602,70.8322069644928,rhymes_and_toys,speech_attention_movie,speech_social,2037,1,0.48816264450214936,0.39916003124804367,0.44366133787509654,1,0,0.568990170955658,0.6363878071308136,-0.013350532716396305,0.2483296661129182,-6.883103089479158,0.5747345685958862,0.6875528693199158,0.0002108314718700626,2.2813314417695113e-06,0.002272550209678241,0.11958678324480733
1781864722.18111,70.86671495437622,rhymes_and_toys,speech_attention_movie,speech_social,2038,1,0.4912869452496479,0.41720208126551533,0.45424451325758164,1,0,0.5688919246196746,0.636554378271103,-0.01660086300333691,0.24885752354564863,-6.757396494501405,0.5745769739151001,0.6873898804187775,0.000226718912546694,1.588744067663138e-05,0.003001884147512591,0.11954077300885542
1781864722.2161942,70.90179920196533,rhymes_and_toys,speech_attention_movie,speech_social,2039,1,0.4744973081086886,0.4147843661289533,0.44464083711882096,1,0,0.5687050223350525,0.6363538026809692,-0.013015327021870266,0.25026889651486317,-6.275479406525507,0.5744411498308182,0.6872753202915192,0.00017768569055627567,4.903322199041832e-05,0.0018034840039453648,0.12009232885243276
1781864722.250175,70.93578004837036,rhymes_and_toys,speech_attention_movie,speech_social,2040,1,0.48047577801810903,0.4142592638982681,0.44736752095818855,1,0,0.5686625123023987,0.6362053513526917,-0.011231278417193711,0.24993619014098745,-6.584625255742511,0.574298232793808,0.6872794926166534,0.0001429779275440757,3.470776301219998e-05,0.00022566248434055148,0.1193292099648519
1781864722.2838888,70.9694938659668,rhymes_and_toys,speech_attention_movie,speech_social,2041,1,0.48305184192852746,0.4217270603165985,0.452389451122563,1,0,0.568681263923645,0.6361765682697296,-0.011629879023923845,0.25095055990961546,-6.322218137142716,0.5745086669921875,0.6875521540641785,0.00034442243947523424,0.00020144451193115855,0.00012255489606076647,0.11974433556924412
1781864722.319027,71.00463199615479,rhymes_and_toys,speech_attention_movie,speech_social,2042,1,0.4969160593590468,0.41740263484698353,0.4571593471030152,1,0,0.5688121080398559,0.6364428341388702,-0.015026322114823003,0.2490871460581236,-6.450812955622529,0.5746163576841354,0.6878159046173096,0.0002848888193825594,5.953362009267487e-05,0.005508786926473249,0.1195957329324325
1781864722.35301,71.03861498832703,rhymes_and_toys,speech_attention_movie,speech_social,2043,1,0.4884100148870048,0.42659715975935475,0.45750358732317975,1,0,0.568614661693573,0.6365598738193512,-0.01552031205633099,0.24901567339161373,-5.92874324524152,0.5746429264545441,0.6885676980018616,0.0007522627151581958,0.0004673738957756364,0.0006292386645165102,0.12111771184681498
1781864722.387048,71.07265305519104,rhymes_and_toys,speech_attention_movie,speech_social,2044,1,0.4793145192426128,0.4287105375822799,0.4540125284124463,1,0,0.5687078773975373,0.6367773830890655,-0.016971532408030152,0.24988343531195362,-6.422615066946424,0.574489563703537,0.6888134181499481,0.00028965242027667343,0.0004626102948815223,0.00039583038645369344,0.1199333826152708
1781864722.421939,71.1075439453125,rhymes_and_toys,speech_attention_movie,speech_social,2045,1,0.47583329430866106,0.41564647990513415,0.4457398871068976,1,0,0.5684913635253906,0.6366346657276154,-0.010242523767101804,0.24993147655639802,-6.778784838837955,0.5740975588560104,0.6882539093494415,0.0006831675477718764,0.00039351512749520297,0.003341056648457553,0.11968082415730574
1781864722.4566882,71.14229321479797,rhymes_and_toys,speech_attention_movie,speech_social,2046,1,0.46632658770879004,0.4271119226331555,0.4467192551709728,1,0,0.5684733986854553,0.6369464218616485,-0.013833470182221355,0.25106479033585904,-6.314677141446052,0.5742905884981155,0.6878546476364136,0.00044347531861563657,0.00023969222915623984,0.0018967297827683582,0.12008708437323393
1781864722.489832,71.17543697357178,rhymes_and_toys,speech_attention_movie,speech_social,2047,1,0.47872480861326394,0.4100732355571813,0.44439902208522264,1,0,0.5686988651752471,0.6370083153247833,-0.011329593373716215,0.24829262395727203,-6.5377748272806,0.5740516632795334,0.6882867515087128,0.0004937600799279831,5.028476131234649e-05,0.0002019427731910768,0.1200445564490255
1781864722.52536,71.21096515655518,rhymes_and_toys,speech_attention_movie,speech_social,2048,1,0.46941980750851825,0.4219232199747098,0.445671513741614,1,0,0.5685884475708007,0.6369397163391113,-0.01224041407003192,0.24855561963255837,-6.629004779293519,0.5741582214832306,0.6885521113872528,0.0002859554439313216,0.00020780463599666144,0.0017407775819587373,0.12013217189699216
1781864722.5592399,71.24484491348267,rhymes_and_toys,speech_attention_movie,speech_social,2049,1,0.4713587830808977,0.4236989106392237,0.44752884686006067,1,0,0.5685575306415558,0.6367661237716675,-0.010512855559543684,0.24948940591224822,-6.293558475501265,0.5742855668067932,0.688545823097229,0.00012750048637041498,0.00015845495756090664,0.00023035970886960486,0.11986097921363421
1781864722.5951412,71.28074622154236,rhymes_and_toys,speech_attention_movie,speech_social,2050,1,0.46953761044576264,0.41835160153479733,0.44394460599027996,1,0,0.5687947988510131,0.6369121193885803,-0.014724294323067206,0.2483259779263909,-6.616356731897712,0.5745281279087067,0.6881611347198486,0.0004547758083418806,0.00032727532197146563,0.000314195041053014,0.12014319285600536
1781864722.629411,71.31501603126526,rhymes_and_toys,speech_attention_movie,speech_social,2051,1,0.4847800153870702,0.42146139281190576,0.453120704099488,1,0,0.5688177227973938,0.6370833516120911,-0.017487162710512545,0.25004892823640745,-6.673274761658974,0.5747017115354538,0.6882341206073761,0.00018830351896037233,0.00026647228938150825,0.00014899875796480928,0.11913428327896132
1781864722.662165,71.34776997566223,rhymes_and_toys,speech_attention_movie,speech_social,2052,1,0.4871501575303586,0.4164241003301476,0.4517871289302531,1,0,0.5689360737800597,0.6367339193820953,-0.01927135537006122,0.2503926946307404,-6.664605790384683,0.5749317556619644,0.6880857944488525,0.0002737169147940812,8.541339583370889e-05,0.0012780770250694026,0.11909236158018063
1781864722.698625,71.38423013687134,rhymes_and_toys,speech_attention_movie,speech_social,2053,1,0.4826013325809795,0.4101782590891277,0.44638979583505356,1,0,0.568973058462143,0.6369725644588471,-0.017813942273817673,0.24931070783132583,-6.247170712884621,0.5748813599348068,0.6877772212028503,0.0003126614422407648,3.8944527446683563e-05,0.00029244515945504754,0.12060886888452865
1781864722.7338738,71.41947889328003,rhymes_and_toys,speech_attention_movie,speech_social,2054,1,0.4756793659716532,0.4283902741363396,0.4520348200539964,1,0,0.5688998103141785,0.637024211883545,-0.01849179803802028,0.25127773388746444,-6.438911273780904,0.5747633725404739,0.6873204708099365,0.00047174351786579045,0.00015908207562502567,0.0003896748387025572,0.12082829366774518
1781864722.7644072,71.45001220703125,rhymes_and_toys,speech_attention_movie,speech_social,2055,1,0.4863041599871946,0.42744654529097525,0.45687535263908496,1,0,0.5686774373054504,0.6369333148002625,-0.017331344642175995,0.2517077451304303,-6.53411038699646,0.574811190366745,0.6874666810035706,0.00015383096317643754,0.0003179125546893529,0.00028830388985769063,0.12031360313616365
1781864722.8026218,71.48822689056396,rhymes_and_toys,speech_attention_movie,speech_social,2056,1,0.4870852647774974,0.41794614937206026,0.45251570707477884,1,0,0.5688145160675049,0.6367043197154999,-0.017362161356169754,0.250356720184162,-6.701093549919117,0.5748879015445709,0.6878850758075714,0.00042536903603618655,0.00027153807285974904,0.000557338119107134,0.11908076370557888
1781864722.836332,71.52193713188171,rhymes_and_toys,speech_attention_movie,speech_social,2057,1,0.4852811622291265,0.4093020410080561,0.4472916016185913,1,0,0.5690034925937653,0.6369861721992494,-0.014247907851093944,0.24960279622799958,-6.3379759916955445,0.5747318714857101,0.6878988742828369,0.0001566390027667145,0.00026873003326947204,0.000319589328522548,0.11997598669051986
1781864722.87017,71.55577516555786,rhymes_and_toys,speech_attention_movie,speech_social,2058,1,0.47953873274182207,0.40917904144951056,0.4443588870956663,1,0,0.5691123902797699,0.6372402012348175,-0.01319698747301183,0.24896967264794687,-6.5027489909436955,0.5744626075029373,0.6881947219371796,0.00040003615711424673,0.00024339715434753222,0.0010459476400404744,0.12032416241982295
1781864722.903946,71.58955097198486,rhymes_and_toys,speech_attention_movie,speech_social,2059,1,0.470542548914389,0.42792320968028086,0.4492328792973349,1,0,0.5690527379512786,0.6376752555370331,-0.012439701686092031,0.25081356467155724,-6.250096371644931,0.5743365287780762,0.6881951987743378,0.0001260796265710196,0.00027395653054322714,0.00019364561760762956,0.12088035721327167
1781864722.939284,71.62488913536072,rhymes_and_toys,speech_attention_movie,speech_social,2060,1,0.4868359604318666,0.4327158958329931,0.45977592813242985,1,0,0.5688063621520996,0.6373726725578308,-0.010245632340145269,0.2493914850177242,-6.399482638675279,0.5741346478462219,0.6886325776576996,0.00048172211725970083,0.00035564249068868124,0.001790869312447322,0.1205610586942514
1781864722.973108,71.6587131023407,rhymes_and_toys,speech_attention_movie,speech_social,2061,1,0.47322590893397093,0.4423349241193621,0.4577804165266665,1,0,0.5687212526798249,0.6372066199779511,-0.011747168152116601,0.2498713077892469,-6.407127007989651,0.5740730166435242,0.6886048018932343,6.760102245976188e-05,0.00041412109479993894,0.0011039516746098553,0.12038564091483385
1781864723.006975,71.69257998466492,rhymes_and_toys,speech_attention_movie,speech_social,2062,1,0.479216635504171,0.43311137139344674,0.45616400344880886,1,0,0.568589836359024,0.6369906485080719,-0.014419034752231875,0.2502865838129812,-6.4058387243125186,0.5741669088602066,0.6884896457195282,0.0001485822758479631,8.098125338820121e-05,0.0026824489058544457,0.1198552021687342
1781864723.042597,71.72820210456848,rhymes_and_toys,speech_attention_movie,speech_social,2063,1,0.4675448829129986,0.42481695478835335,0.446180918850676,1,0,0.5685852706432343,0.6371595919132234,-0.013613041424148386,0.24954321969868704,-6.62353637590796,0.5741985738277435,0.6881918907165527,0.00029943398599028984,0.00015085171014232675,0.0032012690614514074,0.12058357310535411
1781864723.075222,71.76082706451416,rhymes_and_toys,speech_attention_movie,speech_social,2064,1,0.4845814512504167,0.42697746238683915,0.4557794568186279,1,0,0.5687207460403443,0.6373205363750458,-0.0129911125122339,0.24838531116319695,-6.072619450387727,0.5741902589797974,0.6887769103050232,0.0005850786747015422,0.00028564468871125235,0.0017355515993313245,0.12020872113547966
1781864723.111028,71.79663300514221,rhymes_and_toys,speech_attention_movie,speech_social,2065,1,0.4892296644420858,0.4248875317324055,0.4570585980872457,1,0,0.5687411367893219,0.6371998071670533,-0.012837191689620964,0.24778124643487434,-6.097267321915315,0.5741847157478333,0.689252495765686,0.00047561776440172563,0.00010946091029981656,0.0018465198607641755,0.12079451077563247
1781864723.145935,71.83154010772705,rhymes_and_toys,speech_attention_movie,speech_social,2066,1,0.4639000669032858,0.43712462906420585,0.45051234798374584,1,0,0.5685890853404999,0.6374111235141754,-0.013484689704278817,0.2495944186934561,-6.690305733129817,0.5740968137979507,0.6885128319263458,0.0007448686783726691,0.0002692509139709435,0.00035122314463631373,0.12079147372394401
1781864723.179509,71.86511397361755,rhymes_and_toys,speech_attention_movie,speech_social,2067,1,0.45875619452753863,0.4274072256731382,0.4430817101003384,1,0,0.5685846507549286,0.6371311485767365,-0.01086491725512128,0.2506059219786756,-6.606206417677441,0.5741160362958908,0.6886999309062958,0.00018808384493456098,0.0005567848334381081,0.00027196570323444695,0.12072791118464662
1781864723.2156181,71.90122318267822,rhymes_and_toys,speech_attention_movie,speech_social,2068,1,0.4796017195002063,0.4423463961708661,0.4609740578355362,1,0,0.5685629367828369,0.6374042093753816,-0.01207611778358643,0.24830142824788587,-6.066315481767566,0.5743069797754288,0.689405620098114,0.0007310654196630707,0.0005429815747285097,0.00015025776522640218,0.12033191041544206
1781864723.2501209,71.9357259273529,rhymes_and_toys,speech_attention_movie,speech_social,2069,1,0.490602434046584,0.4355576267484268,0.4630800303975054,1,0,0.5689066588878631,0.6377172410488128,-0.01774894268108487,0.24698805363316642,-6.480327041051595,0.5746854543685913,0.6897805035114288,0.0005327106074109255,0.0001983548122521452,0.0005377382822672945,0.11970862471921238
1781864723.283788,71.96939301490784,rhymes_and_toys,speech_attention_movie,speech_social,2070,1,0.4921705956562923,0.43103612895151905,0.46160336230390564,1,0,0.5689663708209991,0.6377167046070099,-0.018489192314620304,0.24569543217627562,-6.203990507820839,0.5749716311693192,0.6896794438362122,0.00030349665439626195,0.00022921395301466358,0.0005339267085566696,0.11997113257262072
1781864723.317497,72.00310206413269,rhymes_and_toys,speech_attention_movie,speech_social,2071,1,0.47571095849944733,0.41408345527881124,0.44489720688912926,1,0,0.569225412607193,0.6375974416732788,-0.020165153461206606,0.2451662169460558,-6.290767550225195,0.5751595795154572,0.6889110505580902,0.0007910453910358136,0.0004875487366395517,0.00015279127385037434,0.1210786080727694
1781864723.3505468,72.03615188598633,rhymes_and_toys,speech_attention_movie,speech_social,2072,1,0.4838641951509453,0.40642272710837224,0.44514346112965875,1,0,0.5691669285297394,0.637519896030426,-0.02243027137124938,0.24786616105339712,-6.274602513219128,0.5753317773342133,0.6887201964855194,0.00025705518045980006,0.0005339902105760136,0.0005506890622266394,0.12150213863059299
1781864723.386879,72.07248401641846,rhymes_and_toys,speech_attention_movie,speech_social,2073,1,0.47673566222340613,0.4138109621855537,0.4452733122044799,1,0,0.5689031064510346,0.637512481212616,-0.024461999231596563,0.24775880098766662,-6.560531387001408,0.5752948820590973,0.6892308592796326,0.0005119938970508747,0.0002549387165910747,0.00019261655804609629,0.12167198914043681
1781864723.421584,72.10718894004822,rhymes_and_toys,speech_attention_movie,speech_social,2074,1,0.482856904771239,0.4152586301291387,0.4490577674501889,1,0,0.5689368486404418,0.637392109632492,-0.01963393382169089,0.2476476087539623,-6.062165633518668,0.5748249739408493,0.6895297765731812,0.0005569247597097595,4.493086265888475e-05,0.0011720380721181652,0.12030907105260871
1781864723.454946,72.14055109024048,rhymes_and_toys,speech_attention_movie,speech_social,2075,1,0.49537818571937975,0.4276578876062266,0.46151803666280317,1,0,0.5689463078975677,0.6371126770973206,-0.019598002828780648,0.2485173455977544,-6.24865033568751,0.5748019367456436,0.6887586712837219,0.0007714493371537405,0.00021452457744398099,0.0005245141334962802,0.11949829864844119
1781864723.49012,72.17572498321533,rhymes_and_toys,speech_attention_movie,speech_social,2076,1,0.4939145857701039,0.43533411360734037,0.4646243496887221,1,0,0.5690028429031372,0.6369923889636994,-0.01994386466020755,0.24970268627241304,-6.352415443984683,0.5747741162776947,0.6884637475013733,0.00029623304311254725,0.00047521629404119323,0.0004386986405011692,0.11812141680726716
1781864723.5242062,72.20981121063232,rhymes_and_toys,speech_attention_movie,speech_social,2077,1,0.49976168940600274,0.4362121982670821,0.4679869438365424,1,0,0.5689312934875488,0.6368768870830536,-0.0159125333449045,0.24830331905468303,-6.211804055681217,0.5744893848896027,0.688414067029953,0.00028903306489978364,7.199978212763609e-06,0.0008874402638115202,0.11874893703063717
1781864723.5572648,72.24286985397339,rhymes_and_toys,speech_attention_movie,speech_social,2078,1,0.49877188706060366,0.4329275853111897,0.46584973618589665,1,0,0.568825328350067,0.6369181811809539,-0.01807505188920849,0.24796533734055018,-6.492235201960251,0.5744191855192184,0.6879576146602631,0.0004618189227369352,0.00017278585783715158,0.0016658001176866352,0.11970287807821414
1781864723.593751,72.27935600280762,rhymes_and_toys,speech_attention_movie,speech_social,2079,1,0.4977483761786527,0.4333951789199191,0.4655717775492859,1,0,0.5686321198940276,0.6368907272815705,-0.015533371486099902,0.24742036176876367,-6.671750119601468,0.5743344128131866,0.6880438923835754,0.00012095560023380938,0.00034086332250312583,0.0011769446887596158,0.11950908654830258
1781864723.627414,72.3130190372467,rhymes_and_toys,speech_attention_movie,speech_social,2080,1,0.4996664462438676,0.4351819002920369,0.46742417326795227,1,0,0.5685099899768828,0.6371017336845398,-0.01673873967154636,0.24812027326429034,-6.717469207791149,0.574406236410141,0.6883856058120728,0.0003491800342156601,0.0002282244339818507,0.0017931661591795074,0.12005575268049704
1781864723.661364,72.34696912765503,rhymes_and_toys,speech_attention_movie,speech_social,2081,1,0.5106169766482157,0.42612054837547886,0.4683687625118473,1,0,0.5685550391674041,0.636827963590622,-0.017676996097727028,0.24709903274530878,-6.9132220023166155,0.5744602680206299,0.6891784369945526,0.0007946701824306948,0.00044549014821503475,0.0008816881473301627,0.11974079922302593
1781864723.696925,72.38252997398376,rhymes_and_toys,speech_attention_movie,speech_social,2082,1,0.5065886190396499,0.4300595611141142,0.468324090076882,1,0,0.568668794631958,0.6366071462631225,-0.017578824003411223,0.24905391075905167,-7.148068799333969,0.5744040161371231,0.6879966557025909,0.001183119307774433,0.0003884491253437381,0.0018575340940000784,0.11951962011920844
1781864723.731442,72.4170470237732,rhymes_and_toys,speech_attention_movie,speech_social,2083,1,0.49976670551461605,0.43643422270654203,0.46810046411057904,1,0,0.5684012174606323,0.6365181386470795,-0.018439457859731966,0.24798241726897258,-6.626691295009699,0.5746276676654816,0.6879456639289856,0.00022939086100473517,0.0009537284467696978,0.0002847270782757258,0.1198560307304026
1781864723.7649632,72.45056819915771,rhymes_and_toys,speech_attention_movie,speech_social,2084,1,0.4989306784475198,0.4271358663084055,0.46303327237796266,1,0,0.5685917973518372,0.6367528736591339,-0.020867254763637617,0.24691911719925116,-6.5706604628432235,0.5748087763786316,0.6880083084106445,0.00019163688857100174,3.7753972433733434e-05,0.00032233997450410165,0.12045381597802762
1781864723.80064,72.48624515533447,rhymes_and_toys,speech_attention_movie,speech_social,2085,1,0.4891086731570671,0.39697777980403626,0.44304322648055167,1,0,0.5689460515975953,0.6368262529373169,-0.019453002418064233,0.2473913832574801,-6.351321053509291,0.5745810270309448,0.6881725192070007,0.0002807756239627755,8.913873539177379e-05,0.0010202937913208513,0.12345012608115762
1781864723.832778,72.51838302612305,rhymes_and_toys,speech_attention_movie,speech_social,2086,1,0.3419712833069369,0.21987057346342428,0.28092092838518057,1,0,0.5686517000198364,0.640129154920578,-0.018981110220060295,0.24934944469809506,-5.463755780464089,0.5744596272706985,0.6888263821601868,0.0006650373398065831,0.00038426171584380757,0.000617561736718609,0.13957307392786764
1781864723.868337,72.55394196510315,rhymes_and_toys,speech_attention_movie,speech_social,2087,1,0.2626142439797454,0.2085536254238561,0.23558393470180078,1,0,0.5685997188091279,0.6397027373313904,-0.019416551690634873,0.2508730194555358,-5.290799350275885,0.5742586553096771,0.6886573433876038,0.0002626096642417532,0.0004024276755648299,0.0033219860254039223,0.14166021801830064
1781864723.903284,72.58888912200928,rhymes_and_toys,speech_attention_movie,speech_social,2088,1,0.36967791426821134,0.26984477870961276,0.3197613464889121,1,0,0.5692727386951446,0.6382278144359589,-0.019705461429750458,0.2516327145421635,-5.802523121793811,0.5743082761764526,0.6879357099533081,0.0007233374343367648,0.0004607277700950116,0.0047895845330863905,0.1326434312250708
1781864723.937357,72.62296199798584,rhymes_and_toys,speech_attention_movie,speech_social,2089,1,0.4291579474398355,0.3063753844163805,0.367766665928108,1,0,0.5691388309001923,0.6378195941448211,-0.015527837371778166,0.24920940246342163,-5.926214934602721,0.5742948651313782,0.6888871192932129,0.0009515038561078186,0.00022816642177105376,0.0023291435711437756,0.12918415422579815
1781864723.969633,72.6552381515503,rhymes_and_toys,speech_attention_movie,speech_social,2090,1,0.44320661195137134,0.3833695382160273,0.41328807508369936,1,0,0.5691831290721894,0.6366911351680755,-0.014731864583456867,0.2485804261119818,-5.605818384037399,0.5742886662483215,0.6891014575958252,0.00021442792289688814,0.0007370759332109304,0.0006395430456530286,0.12477214770658747
1781864724.006447,72.69205212593079,rhymes_and_toys,speech_attention_movie,speech_social,2091,1,0.4429350042582461,0.38057368867623204,0.4117543464672391,1,0,0.5692307770252227,0.6365827560424804,-0.015042879655702172,0.2475082833513557,-5.981889828548214,0.5744623839855194,0.6884608864784241,0.0006637086775579129,0.0004492807546610248,0.006771806127587054,0.12477399999024556
1781864724.041028,72.72663307189941,rhymes_and_toys,speech_attention_movie,speech_social,2092,1,0.45284549886300896,0.384033340380135,0.41843941962157194,1,0,0.5690389811992644,0.6363726615905761,-0.013425531739341853,0.24566360000369955,-6.202411597059986,0.574250727891922,0.6878547370433807,0.0006420400607129361,2.1668616844976868e-05,0.009265192572909954,0.12234222745318904
1781864724.075294,72.76089906692505,rhymes_and_toys,speech_attention_movie,speech_social,2093,1,0.46864393559569134,0.39698538703103065,0.432814661313361,1,0,0.5689625144004822,0.6363240540027618,-0.016923078415910463,0.24627015526479035,-6.388818668184163,0.5745034515857697,0.6883781850337982,0.0005812633345602513,6.0776726152684765e-05,0.0036981171947795834,0.12057941172299423
1781864724.111199,72.79680395126343,rhymes_and_toys,speech_attention_movie,speech_social,2094,1,0.48630731306155095,0.40910419676738313,0.44770575491446707,1,0,0.5692617893218994,0.636121255159378,-0.017083452673801625,0.24693935743719458,-6.242828488067632,0.5742358863353729,0.6877545118331909,0.0006786452861220044,9.738195156175312e-05,0.00446357856371694,0.12070971871807715
1781864724.143487,72.82909202575684,rhymes_and_toys,speech_attention_movie,speech_social,2095,1,0.4667825012179399,0.4053556008983918,0.43606905105816585,1,0,0.5691570043563843,0.6361028134822846,-0.013881203519377114,0.24743805108240405,-6.356043889785271,0.5740710943937302,0.687478631734848,0.0003213506071132851,0.00035729467900871934,0.0018632565473207022,0.12218274433137054
1781864724.179266,72.86487102508545,rhymes_and_toys,speech_attention_movie,speech_social,2096,1,0.4586365445589384,0.413329661278413,0.4359831029186757,1,0,0.5687802731990814,0.6361063897609711,-0.012107526547269275,0.24700739135317634,-6.330909176636856,0.5741325616836548,0.6878150403499603,0.00034197804615567975,2.0627439042394675e-05,0.0009582179054395491,0.12239645602069629
1781864724.212529,72.8981339931488,rhymes_and_toys,speech_attention_movie,speech_social,2097,1,0.4560837367188774,0.41811113621560086,0.43709743646723914,1,0,0.5689358413219452,0.6359323680400848,-0.013614246465502753,0.24872419970523402,-6.4754623679737175,0.5741715133190155,0.6873184740543365,0.0004980916741392059,0.00015611362798352617,0.0005458132868499645,0.12113117404911386
1781864724.246081,72.93168616294861,rhymes_and_toys,speech_attention_movie,speech_social,2098,1,0.46763687791570874,0.42450145844170567,0.44606916817870723,1,0,0.5690305829048157,0.6360488057136535,-0.01506789704404267,0.24890197027137864,-6.169702939759867,0.5744903683662415,0.6878165900707245,0.0005914288688622277,9.333719472302176e-05,0.0011333256342035583,0.12183782608875025
1781864724.281333,72.96693801879883,rhymes_and_toys,speech_attention_movie,speech_social,2099,1,0.4764611901251174,0.40996248178968514,0.44321183595740127,1,0,0.5691521108150482,0.6356389880180359,-0.014599707752641635,0.2474024220899076,-6.191968025968858,0.5747280120849609,0.6881628632545471,0.000419975778922412,0.0001714530899398157,0.0020159942012791857,0.12138672708904324
1781864724.3177931,73.00339818000793,rhymes_and_toys,speech_attention_movie,speech_social,2100,1,0.4892727962133507,0.4088145783425525,0.44904368727795163,1,0,0.5690540552139283,0.6352460563182831,-0.012500860629478073,0.24613971547873734,-6.422097762065092,0.5744879841804504,0.6873382925987244,0.0008587957623251685,0.0004388199834027565,0.0030815306086397084,0.12069561737435784
1781864724.350131,73.03573608398438,rhymes_and_toys,speech_attention_movie,speech_social,2101,1,0.470015734015721,0.41756456768828304,0.443790150852002,1,0,0.5688606023788452,0.6358809173107147,-0.01066220547472236,0.24880169438957508,-6.483490076336608,0.5741868913173676,0.686974436044693,0.00047228011191562385,0.0003865156504095446,0.0023773101605469903,0.12234188040950121
1781864724.3847969,73.07040190696716,rhymes_and_toys,speech_attention_movie,speech_social,2102,1,0.4640207666406021,0.43342065856129125,0.4487207126009467,1,0,0.5688630640506744,0.6356364965438843,-0.011576457148901398,0.2488380092361348,-6.668767479076127,0.5742231607437134,0.6873443126678467,0.00037165062578048956,0.00010062948613513429,0.0027219352151942712,0.12175966866843894
1781864724.420554,73.1061589717865,rhymes_and_toys,speech_attention_movie,speech_social,2103,1,0.4619043650317871,0.43226099631111153,0.4470826806714493,1,0,0.5687721908092499,0.6357133448123932,-0.013509121366796729,0.24890367202019917,-6.5700705052195145,0.5745365619659424,0.6876461505889893,0.0004351166013085535,6.346597552806394e-05,0.0008337961999878909,0.12175102500647181
1781864724.4534779,73.13908290863037,rhymes_and_toys,speech_attention_movie,speech_social,2104,1,0.46030775996210616,0.41813520953201283,0.43922148474705947,1,0,0.5689016461372376,0.6355878293514252,-0.013021388624577579,0.2487569760790647,-6.712663376704196,0.5747416466474533,0.6875540018081665,0.00022483577205942474,0.00021028082924912875,0.004185121975604256,0.12137611797905265
1781864724.490031,73.17563605308533,rhymes_and_toys,speech_attention_movie,speech_social,2105,1,0.4797704669330555,0.4141843753035729,0.4469774211183142,1,0,0.5689501166343689,0.6353595674037933,-0.009773708189799116,0.24720355797543792,-6.734466018362523,0.5743761956691742,0.687308669090271,0.00044016197018274773,0.00021532619812332298,0.001996166278421216,0.12040120165010641
1781864724.524207,73.20981216430664,rhymes_and_toys,speech_attention_movie,speech_social,2106,1,0.4648063076963931,0.4357500599394313,0.4502781838179122,1,0,0.5688081443309784,0.6353182315826416,-0.011901050521331972,0.24871754922414194,-6.436791452742099,0.5743601620197296,0.6873138546943665,1.6851362091727897e-05,0.00042331060809101985,0.0013126942879010826,0.12082815944273344
1781864724.5571551,73.242760181427,rhymes_and_toys,speech_attention_movie,speech_social,2107,1,0.47381140599209653,0.4272640219958498,0.45053771399397313,1,0,0.5686798632144927,0.6352968096733094,-0.014192613348958973,0.24822361303405813,-6.303641142637229,0.5746053010225296,0.6871457993984222,0.0002972132453116276,0.00028036188321989974,0.0006154617979827493,0.12013279298525752
1781864724.5923982,73.2780032157898,rhymes_and_toys,speech_attention_movie,speech_social,2108,1,0.475607623077036,0.42195810670267686,0.4487828648898564,1,0,0.5686920702457428,0.635321295261383,-0.015733642020445554,0.24903954149359364,-6.606601336606221,0.5747744143009186,0.6867980062961578,0.0003867290303431668,8.95157850315392e-05,0.00028535713205940684,0.12034917088350265
1781864724.62416,73.30976510047913,rhymes_and_toys,speech_attention_movie,speech_social,2109,1,0.4740829513571944,0.42590839879578113,0.44999567507648774,1,0,0.5689230501651763,0.6354451060295105,-0.0175713687203195,0.24746789806256944,-5.9458328816137405,0.5748791992664337,0.687722384929657,0.0009302987407643611,0.0005435697104211942,0.00036578311273873735,0.1213744250917365
1781864724.660737,73.34634208679199,rhymes_and_toys,speech_attention_movie,speech_social,2110,1,0.4731021415665396,0.41375168235240833,0.443426911959474,1,0,0.5690011501312255,0.6353421092033387,-0.015610241954842483,0.2477255970662318,-5.7186146212568225,0.5746496021747589,0.6872528195381165,0.000522691573911554,0.0004076071668528071,0.0003642230358689316,0.12172394476092456
1781864724.694452,73.38005709648132,rhymes_and_toys,speech_attention_movie,speech_social,2111,1,0.4686219266968603,0.4200405620817928,0.4443312443893266,1,0,0.5689207315444946,0.6352700889110565,-0.014469202538677416,0.24846896204949293,-6.037577286311642,0.5745566636323929,0.6868447065353394,0.00041856157933195786,0.0001041299945795961,0.0005417951601267155,0.12095423417650862
1781864724.729585,73.41518998146057,rhymes_and_toys,speech_attention_movie,speech_social,2112,1,0.47681139434690173,0.4199442506573424,0.4483778225021221,1,0,0.5689330518245697,0.6354206085205079,-0.01750268627482284,0.24788722320353132,-6.281535745966388,0.5747961550951004,0.6866191923618317,0.000328957144872465,8.960443445949287e-05,0.0024681371506861957,0.12083303831620021
1781864724.763017,73.44862198829651,rhymes_and_toys,speech_attention_movie,speech_social,2113,1,0.4719639512854703,0.4219295455668504,0.44694674842616033,1,0,0.5688286006450654,0.6355298459529877,-0.01514140767376913,0.24880089284924523,-6.298533606667307,0.574712261557579,0.6866228878498077,8.39748907068627e-05,0.0002449822541656023,0.0028205818115083704,0.12085713180978006
1781864724.797317,73.48292207717896,rhymes_and_toys,speech_attention_movie,speech_social,2114,1,0.4751207362968305,0.42055634850150664,0.44783854239916854,1,0,0.5688936531543731,0.6355627715587616,-0.01742366478898488,0.24962004975863525,-6.484225931450758,0.5747066140174866,0.6872064769268036,0.0005836164026978369,0.0004996415119909742,0.002113375829834923,0.12048827527076789
1781864724.832355,73.51796007156372,rhymes_and_toys,speech_attention_movie,speech_social,2115,1,0.47399196378302855,0.4201365705422388,0.4470642671626337,1,0,0.5685939252376557,0.6352515637874603,-0.017155298281137227,0.25099125597772465,-6.466231112416936,0.574503093957901,0.6867405474185944,0.0005084394961780684,7.517690651976847e-05,0.0006397761634560649,0.1204584803002381
1781864724.866719,73.55232405662537,rhymes_and_toys,speech_attention_movie,speech_social,2116,1,0.4825634461398212,0.41938989099823815,0.4509766685690297,1,0,0.5686261534690857,0.635156261920929,-0.013397099675408506,0.24767430173716387,-6.387403826908779,0.5742872506380081,0.6872964799404144,0.0005963634022637559,8.792390608568744e-05,0.0004622549816515564,0.12095666601468613
1781864724.902743,73.5883481502533,rhymes_and_toys,speech_attention_movie,speech_social,2117,1,0.4710510141590382,0.4344437802757061,0.45274739721737217,1,0,0.5686086118221283,0.6351336181163788,-0.015731319790298546,0.24879655023546016,-6.42731065524448,0.5742174685001373,0.6867228150367737,0.0005778935615102191,1.8469840753536793e-05,0.0013719703248202275,0.11973095972950851
1781864724.9357069,73.62131190299988,rhymes_and_toys,speech_attention_movie,speech_social,2118,1,0.4610125883717186,0.4311469975914845,0.44607979298160155,1,0,0.5685526907444001,0.6353631675243379,-0.017288744995297103,0.24927195896038903,-6.333116930681105,0.5745224952697754,0.6875644326210022,0.0008951879625410931,0.00031729440103087406,0.0008533394673776379,0.12026596277899093
1781864724.969297,73.65490198135376,rhymes_and_toys,speech_attention_movie,speech_social,2119,1,0.4690315295428581,0.4220693682062591,0.44555044887455864,1,0,0.5686368346214294,0.6356178462505341,-0.01656716197343149,0.24953827198598297,-6.253933557329966,0.574335128068924,0.686818391084671,0.0007692102715683706,0.0001259776909727225,0.00017625563715379107,0.1213418250448492
1781864725.004726,73.69033098220825,rhymes_and_toys,speech_attention_movie,speech_social,2120,1,0.4822539184332584,0.4202424050204288,0.45124816172684357,1,0,0.5686742424964906,0.6358945190906524,-0.014540133346403682,0.2495587101383889,-6.253271543269757,0.5742423683404922,0.6876869201660156,0.0008734684495504264,0.00010425817798205572,0.0008679218575352168,0.12117962735671406
1781864725.039521,73.72512602806091,rhymes_and_toys,speech_attention_movie,speech_social,2121,1,0.4874143053880254,0.4224307052617017,0.45492250532486356,1,0,0.5685008704662323,0.6359198331832885,-0.012950062949496011,0.2496617302722032,-5.98767981313468,0.5741207003593445,0.6869468092918396,0.0007500448011353546,0.00012342364841507174,0.0034427108399364852,0.12090551650830621
1781864725.07316,73.75876498222351,rhymes_and_toys,speech_attention_movie,speech_social,2122,1,0.46738398845563806,0.42965206061546574,0.4485180245355519,1,0,0.5688953518867492,0.6355742692947388,-0.013896674801651849,0.2494033092512279,-5.888234475589399,0.5740537494421005,0.6866288483142853,0.0003249332370920323,0.00042511156404332235,0.004033455312624711,0.1207237497901364
1781864725.107595,73.79320001602173,rhymes_and_toys,speech_attention_movie,speech_social,2123,1,0.45460653764321685,0.4259103861490532,0.44025846189613504,1,0,0.568959504365921,0.6356344223022461,-0.016056746166603394,0.2485998725393142,-6.151795238945311,0.574063241481781,0.686508059501648,0.00012116119872150332,0.00020377203837052894,0.006508825395135909,0.12172458992947774
1781864725.143662,73.8292670249939,rhymes_and_toys,speech_attention_movie,speech_social,2124,1,0.4575852734899089,0.4161064515711813,0.43684586253054514,1,0,0.5687999486923218,0.6353290617465972,-0.014176832418283037,0.2488670994080553,-6.695382776904855,0.5741137862205505,0.6861305236816406,0.0003809042740714297,0.0002597430753499264,0.002420661042456229,0.12108943786552942
1781864725.175444,73.86104893684387,rhymes_and_toys,speech_attention_movie,speech_social,2125,1,0.45671160472070266,0.42480730171394293,0.4407594532173228,1,0,0.5687615513801574,0.6351940572261809,-0.016009648423973954,0.24840849153015582,-6.810042185477448,0.5744238495826721,0.6868477165699005,0.0007813481474353792,0.00040044387336394947,0.00601606719998779,0.1212861217374503
1781864725.212024,73.89762902259827,rhymes_and_toys,speech_attention_movie,speech_social,2126,1,0.4578934972667389,0.42470460678385474,0.44129905202529685,1,0,0.5687613368034363,0.635611391067505,-0.018310308884474078,0.24727432969815416,-6.6049204777430335,0.5746282637119293,0.6874409317970276,0.000627446764224191,0.00015390138321118817,0.0019356264013829564,0.12084880439936131
1781864725.245325,73.93093013763428,rhymes_and_toys,speech_attention_movie,speech_social,2127,1,0.46165514807779784,0.4145222904606667,0.43808871926923226,1,0,0.5688481450080871,0.6357756435871125,-0.015351967096868235,0.24768736290221188,-6.556148523524116,0.5744359195232391,0.6879545450210571,0.000548447655497683,7.8999108726508e-05,0.002164171751448253,0.12052738870881755
1781864725.280797,73.96640205383301,rhymes_and_toys,speech_attention_movie,speech_social,2128,1,0.44815736706979425,0.414527876776025,0.4313426219229096,1,0,0.5688836932182312,0.6356436789035798,-0.01610765350719585,0.2487299181934556,-6.393936552318953,0.5744773894548416,0.6878131926059723,0.0001473100827419182,0.0004011375727557648,0.0025916311945946937,0.1210210125743903
1781864725.315318,74.00092315673828,rhymes_and_toys,speech_attention_movie,speech_social,2129,1,0.4697069937122402,0.41473820229114033,0.4422225980016903,1,0,0.5690544843673706,0.6359389901161194,-0.01808197473396991,0.24598520749023023,-6.39565344108655,0.5744334012269974,0.6877624988555908,6.711795971731696e-05,8.019212302460126e-05,0.005178909607111194,0.12146152585185256
1781864725.3490849,74.03468990325928,rhymes_and_toys,speech_attention_movie,speech_social,2130,1,0.4596981802713633,0.4142296521471621,0.43696391620926267,1,0,0.5687780559062958,0.6360224485397339,-0.01953973096673465,0.24624279531863358,-6.471797349528158,0.5746642053127289,0.6879427134990692,0.00029282732747201213,0.00022570936775469518,0.0023111672922938105,0.12203980700464798
1781864725.382648,74.06825304031372,rhymes_and_toys,speech_attention_movie,speech_social,2131,1,0.4708691079444646,0.4201458083500482,0.44550745814725645,1,0,0.5690142989158631,0.6360900342464447,-0.01706922764504325,0.2468002513234961,-6.463263473920167,0.5745264142751694,0.6869753301143646,0.0009771473701720916,0.0006843200427000795,0.0007232309241690575,0.12232379715746093
1781864725.418184,74.10378909111023,rhymes_and_toys,speech_attention_movie,speech_social,2132,1,0.461228292781628,0.425639105052487,0.44343369891705753,1,0,0.5690020263195037,0.6361503541469574,-0.017137847475919402,0.24592434877830352,-6.513040904051064,0.5744699835777283,0.687646746635437,0.0006737837697530544,0.00030336360041903715,0.0027816881965007914,0.12273459997172863
1781864725.453204,74.13880896568298,rhymes_and_toys,speech_attention_movie,speech_social,2133,1,0.46068859263711054,0.41690835957130556,0.4387984761042081,1,0,0.5689814805984497,0.6359404802322388,-0.01650904549467307,0.24706307423084767,-6.5541300962269515,0.5742948800325394,0.6870927214622498,0.000581037988485169,9.274578126788544e-05,0.00375519813597241,0.12197238542398332
1781864725.4895942,74.17519927024841,rhymes_and_toys,speech_attention_movie,speech_social,2134,1,0.45209475076299616,0.42225450621977995,0.43717462849138805,1,0,0.5687454760074615,0.6360961139202118,-0.016419964844380127,0.24646929851850508,-6.80072418255977,0.5741712003946304,0.6865374743938446,0.0005688549549804417,1.2183033504727342e-05,0.006884940628266849,0.12225762293773573
1781864725.521207,74.2068121433258,rhymes_and_toys,speech_attention_movie,speech_social,2135,1,0.4575921553041633,0.41676696386077455,0.4371795595824689,1,0,0.568601667881012,0.6362559258937837,-0.012869707067703061,0.24670722526058622,-6.94280174338513,0.5737944543361664,0.6874129176139832,0.0009530679011774297,0.00038421294619698804,0.000981494320409528,0.12188488747715054
1781864725.555539,74.24114394187927,rhymes_and_toys,speech_attention_movie,speech_social,2136,1,0.4579260109076353,0.431077368576382,0.44450168974200865,1,0,0.5683095872402191,0.6358232796192169,-0.012200938493062828,0.24744035658236155,-6.8466937795073335,0.5737748891115189,0.6876298487186432,0.00021781162086658898,0.0007352562803108407,0.00019912256162424926,0.12103503360074037
1781864725.5903308,74.2759358882904,rhymes_and_toys,speech_attention_movie,speech_social,2137,1,0.45849620165564403,0.42789336610016904,0.44319478387790656,1,0,0.5683253645896912,0.6356178104877472,-0.012938800182013464,0.24887636911935787,-6.958791576220268,0.5739575177431107,0.6870960295200348,0.000564195138121559,0.00034638351725497,0.00019273009126510347,0.12149001617813586
1781864725.625485,74.3110899925232,rhymes_and_toys,speech_attention_movie,speech_social,2138,1,0.4604321941814714,0.4304237705616236,0.4454279823715475,1,0,0.5683028638362885,0.6358421564102172,-0.013374675396961822,0.24817027390209442,-6.821785824756029,0.573934942483902,0.687273770570755,0.00017916898012620668,0.00038502615799535227,0.00037276830832513695,0.12169129280130533
1781864725.657741,74.343346118927,rhymes_and_toys,speech_attention_movie,speech_social,2139,1,0.48732729560989335,0.42925311869735766,0.4582902071536255,1,0,0.5685073673725128,0.6355704843997956,-0.014056944891315783,0.24652544389631545,-6.77066020577416,0.5736354142427444,0.6878901720046997,0.000685323204787354,0.0005061542246611473,0.0004230211115548671,0.12073393802216505
1781864725.6940842,74.37968921661377,rhymes_and_toys,speech_attention_movie,speech_social,2140,1,0.4687040829641664,0.43471269864457623,0.4517083908043713,1,0,0.5682687997817993,0.6357577681541442,-0.011837157828794331,0.2467064723714895,-6.878314248959945,0.5733364671468735,0.6878660023212433,0.00029992255621755345,0.00038540064856980056,0.0021454998541244642,0.1205629779449361
1781864725.727873,74.41347813606262,rhymes_and_toys,speech_attention_movie,speech_social,2141,1,0.4713976574489931,0.4358565276404818,0.45362709254473743,1,0,0.5679228663444519,0.6360252022743225,-0.011084544429226847,0.24713970175666197,-7.31300080943407,0.5731546878814697,0.6878775954246521,0.00018214856951778,0.00011777398669977345,0.0032518845490198713,0.12108095341167786
1781864725.7628841,74.44848918914795,rhymes_and_toys,speech_attention_movie,speech_social,2142,1,0.46913318726901293,0.42630569385626654,0.44771944056263974,1,0,0.5678258836269379,0.6359384596347808,-0.009807607795110276,0.24613216463880425,-7.321137940686824,0.5730835497379303,0.6879282295703888,8.731810912245617e-05,9.483046039532383e-05,0.004174819195585835,0.1213437098152399
1781864725.797426,74.4830310344696,rhymes_and_toys,speech_attention_movie,speech_social,2143,1,0.4670283189965582,0.4367249483474579,0.45187663367200803,1,0,0.5677410125732423,0.6355990827083589,-0.01307470624844734,0.2484708612201881,-7.3476110700588775,0.5733943581581116,0.6874726712703705,0.0005514845770927349,0.00046416646797027875,0.001065810773122019,0.12083846766999669
1781864725.83076,74.51636505126953,rhymes_and_toys,speech_attention_movie,speech_social,2144,1,0.4615517312739109,0.4338551023835363,0.4477034168287236,1,0,0.567881727218628,0.6353365778923035,-0.009474372160513597,0.25058011228118804,-6.8568965832545254,0.5732543915510178,0.6873627603054047,0.0001779636797806537,0.0003735208973120812,0.0018277862927002517,0.12118777477717274
1781864725.865361,74.5509660243988,rhymes_and_toys,speech_attention_movie,speech_social,2145,1,0.4642208322510979,0.4387616943366745,0.4514912632938862,1,0,0.5680626094341278,0.6356033861637116,-0.013591227333745676,0.2487664729557885,-7.122566723463197,0.5733936131000519,0.6877191662788391,0.0003826327973595783,0.0002046691175789246,0.0003836409363925076,0.12057490840883314
1781864725.899796,74.58540105819702,rhymes_and_toys,speech_attention_movie,speech_social,2146,1,0.46710842994201895,0.4433313068524971,0.45521986839725803,1,0,0.5681185126304626,0.6358178734779358,-0.01243451736158624,0.24762056461702178,-7.07740579751807,0.5734192878007889,0.6879383027553558,0.00022063541329101966,0.00016199738406855865,0.0014155303462051988,0.1204685107901309
1781864725.934228,74.61983299255371,rhymes_and_toys,speech_attention_movie,speech_social,2147,1,0.4655618506896719,0.4316637352079879,0.4486127929488299,1,0,0.5682555139064789,0.6356093168258667,-0.011973523282633172,0.24775999153248848,-7.003088414185843,0.5736522972583771,0.687382161617279,0.0006029812375081698,0.0003823458242171501,0.0004311456668961576,0.12072659410833321
1781864725.96847,74.65407514572144,rhymes_and_toys,speech_attention_movie,speech_social,2148,1,0.4778751468050119,0.41648212197957646,0.4471786343922942,1,0,0.568415993452072,0.6353280365467071,-0.015403584607297304,0.24932122598666517,-7.05945997937007,0.5738279819488525,0.6867462396621704,0.0006597437710631742,5.6762533555004455e-05,0.0005489507017911611,0.12086565584548517
1781864726.003526,74.68913102149963,rhymes_and_toys,speech_attention_movie,speech_social,2149,1,0.4700043159593896,0.4161516655298047,0.44307799074459714,1,0,0.5683233320713044,0.6355427384376526,-0.015887692323482822,0.24750138891795903,-6.532628445168102,0.5739860385656357,0.6873301565647125,0.0006049304449135536,5.481332614962057e-05,0.0027416217165212083,0.11990249845822408
1781864726.039216,74.72482109069824,rhymes_and_toys,speech_attention_movie,speech_social,2150,1,0.464583500989348,0.42950004220518634,0.44704177159726716,1,0,0.5684010148048401,0.635626631975174,-0.01637390756330586,0.2487261274803108,-6.9115228896442185,0.5741399675607681,0.6869742274284363,0.0003877881968199117,0.00021714224809364196,0.00034572961458587386,0.11936933528780203
1781864726.071132,74.75673699378967,rhymes_and_toys,speech_attention_movie,speech_social,2151,1,0.46169791853549746,0.42090270473471936,0.4413003116351084,1,0,0.5685184240341187,0.6357008337974548,-0.017074740015376687,0.24603388704711282,-6.484283547800986,0.5743449926376343,0.6878467202186584,0.0008962583060332745,0.0005084701092133628,0.0006809198467243307,0.11996590985769534
1781864726.1070561,74.79266119003296,rhymes_and_toys,speech_attention_movie,speech_social,2152,1,0.46507757368868896,0.41523185167671023,0.44015471268269957,1,0,0.5685566544532776,0.6360764920711517,-0.018779684082390287,0.24716465089928322,-6.717236821138999,0.5744077861309052,0.6874500215053558,0.0004016377620855732,0.0004946205439477013,0.0004880125015343103,0.12129075075457853
1781864726.140934,74.82653903961182,rhymes_and_toys,speech_attention_movie,speech_social,2153,1,0.4695131315795192,0.4252904996714465,0.44740181562548287,1,0,0.5686133742332459,0.636251437664032,-0.015904650417772215,0.245348328620862,-6.6031435344353255,0.5744513124227524,0.6881340444087982,0.0006854063543006568,0.0002837685922150836,0.0029808317905889374,0.12154498593829825
1781864726.176008,74.86161303520203,rhymes_and_toys,speech_attention_movie,speech_social,2154,1,0.4669670114267793,0.4197057249833891,0.4433363682050842,1,0,0.5687087893486023,0.6361482203006744,-0.015590685295809691,0.24679727874843013,-6.786050102626914,0.5742383301258087,0.6872826218605042,0.0008776570027949203,0.00019225064849426354,0.0012782981728150275,0.12123703685430429
1781864726.210645,74.89625000953674,rhymes_and_toys,speech_attention_movie,speech_social,2155,1,0.4709460224054875,0.43096273304664645,0.45095437772606695,1,0,0.5684879958629607,0.6358191013336181,-0.016516504141638192,0.2486088368672704,-6.641410806328458,0.5741985738277435,0.6869204044342041,0.0003643926826258716,0.0005132643201690488,0.002068704721391905,0.12016479574781552
1781864726.244684,74.93028903007507,rhymes_and_toys,speech_attention_movie,speech_social,2156,1,0.5004435730014162,0.42712519633177154,0.4637843846665939,1,0,0.5684646964073181,0.6361766278743743,-0.020720757985065168,0.24851391563902223,-6.77672609167039,0.5743723511695862,0.6870529651641846,0.0002185655775067347,0.00014582710511913688,0.00015347595585650962,0.11938427875185016
1781864726.27844,74.96404504776001,rhymes_and_toys,speech_attention_movie,speech_social,2157,1,0.47391635718956815,0.41596476680510613,0.4449405619973371,1,0,0.5687551259994507,0.6364570617675781,-0.016988866340628517,0.24691593977169657,-6.4503221514172004,0.5740161836147308,0.6871084570884705,0.00036046453472233185,0.00014189895721559715,0.0001257902172897494,0.11996747071634356
1781864726.312992,74.99859714508057,rhymes_and_toys,speech_attention_movie,speech_social,2158,1,0.4742070800817815,0.4110523448876292,0.44262971248470534,1,0,0.568620365858078,0.63621426820755,-0.014459902876942987,0.24892858748843483,-7.104995018828544,0.5740210711956024,0.6869981288909912,0.00011043640525567739,0.0002500281294666545,0.0003682710509138525,0.11998137769814511
1781864726.34674,75.03234505653381,rhymes_and_toys,speech_attention_movie,speech_social,2159,1,0.46754851088234906,0.4182838520466148,0.4429161814644819,1,0,0.5682409465312958,0.6362683117389678,-0.012932153644053476,0.24911759521154384,-7.096187782844764,0.5741220116615295,0.6881448030471802,0.0011511084215369374,0.00104067201628126,0.0004033702900230432,0.11993871046361097
1781864726.3831942,75.06879925727844,rhymes_and_toys,speech_attention_movie,speech_social,2160,1,0.47680883160057025,0.41079411270167976,0.443801472151125,1,0,0.5684214174747467,0.6361637651920319,-0.014594192248328025,0.24905075310977212,-7.1550526214829295,0.5740606635808945,0.687460333108902,0.0006872137101398426,0.00046389471139709473,0.0002932852007558673,0.11909239381850481
1781864726.416592,75.10219693183899,rhymes_and_toys,speech_attention_movie,speech_social,2161,1,0.4899782812311021,0.41131968115460327,0.4506489811928527,1,0,0.5684066116809845,0.6360669791698456,-0.017114901632586124,0.2509463388127217,-6.667084211746848,0.5740584135055542,0.6874624788761139,3.109205037404431e-06,0.0006841045051024382,0.001196112632037696,0.12001997598157042
1781864726.4520168,75.13762187957764,rhymes_and_toys,speech_attention_movie,speech_social,2162,1,0.4824452616951524,0.41603616138847044,0.44924071154181144,1,0,0.5683840036392211,0.6361707687377929,-0.02204530036178294,0.2496472002777044,-6.384101015528679,0.574235662817955,0.6877880692481995,0.0003707106811805987,0.00036760147614319427,0.0022522730891434218,0.12027413285157368
1781864726.485041,75.17064595222473,rhymes_and_toys,speech_attention_movie,speech_social,2163,1,0.4841333536436882,0.4264199708989783,0.45527666227133323,1,0,0.5683537125587463,0.6364737749099731,-0.01873765279118849,0.24919228282985734,-6.552449183482175,0.5740929394960403,0.6877568960189819,0.00014608804481615857,0.00022462263636444013,0.0017366891419306031,0.1212656969970516
1781864726.520065,75.20567011833191,rhymes_and_toys,speech_attention_movie,speech_social,2164,1,0.47854135209131,0.42646811765670406,0.452504734874007,1,0,0.5682141542434693,0.6360220611095428,-0.018516796341261035,0.24854446817242115,-6.727019206287348,0.5740900337696075,0.6872739195823669,0.0004829851773827184,0.0003368971325665598,0.00029965421192985014,0.12092010912518442
1781864726.553519,75.23912405967712,rhymes_and_toys,speech_attention_movie,speech_social,2165,1,0.4852903612782418,0.4241822960277796,0.4547363286530107,1,0,0.5684255301952362,0.6362293004989624,-0.020324692435035804,0.24708892274626315,-6.586135059005993,0.5742238163948059,0.6879993975162506,0.0007377099859410067,0.0002547248085582883,0.0002662690109973625,0.12034992763814023
1781864726.5892868,75.27489185333252,rhymes_and_toys,speech_attention_movie,speech_social,2166,1,0.4964147607560686,0.4184117540612575,0.45741325740866307,1,0,0.5684978365898132,0.6365208208560944,-0.01967278110228753,0.24749148009941446,-6.918978377459611,0.5741222947835922,0.6882976293563843,0.0003150378834567924,0.0004226721024842143,0.0004353537205957472,0.12041586111606976
1781864726.6235049,75.30910992622375,rhymes_and_toys,speech_attention_movie,speech_social,2167,1,0.4800045673110487,0.4172606325834169,0.4486325999472328,1,0,0.5682945549488068,0.637016212940216,-0.01697654813750159,0.24664722888957324,-6.8237458234146,0.5740821063518524,0.6891274750232697,0.0008308182357737097,0.0005157803523169173,0.002145765217966497,0.12064811452752068
1781864726.657247,75.3428521156311,rhymes_and_toys,speech_attention_movie,speech_social,2168,1,0.4720834345835028,0.4134383161572466,0.4427608753703747,1,0,0.5683316111564636,0.6367561280727386,-0.016608484322767007,0.24703369908240191,-6.8723617723947985,0.5741409808397293,0.6886375844478607,0.0004934156272325232,0.0003374026085411865,0.00035980191782227573,0.12029793028262283
1781864726.690969,75.37657403945923,rhymes_and_toys,speech_attention_movie,speech_social,2169,1,0.46806597312941634,0.4130874819089211,0.4405767275191687,1,0,0.5684823036193848,0.6369290351867676,-0.0184481516054297,0.24678623929003213,-6.927019592202063,0.5738680064678192,0.6880100667476654,0.0006843197145911588,0.0001909040873586356,0.00019066185335269806,0.12074519612333164
1781864726.725413,75.41101813316345,rhymes_and_toys,speech_attention_movie,speech_social,2170,1,0.4746305886498566,0.4284096237269853,0.451520106188421,1,0,0.5682627439498902,0.6369233906269074,-0.01909620094171239,0.24719423442046873,-6.858973503094421,0.5739054083824158,0.6880238652229309,3.9866039872815133e-05,0.0006444536747183436,0.0015031475400720197,0.11973228118085386
1781864726.76034,75.44594502449036,rhymes_and_toys,speech_attention_movie,speech_social,2171,1,0.4744174171332534,0.428258937980686,0.4513381775569697,1,0,0.5683556020259857,0.6374770820140838,-0.019347416008696477,0.2469533606024054,-6.2887110163170075,0.5739799737930298,0.6887800693511963,0.0007598714918100567,0.0007200054519372416,0.0002061489794395993,0.12111043496378014
