timestamp,elapsed_time,stimulus_id,stimulus_type,paper_category,frame_index,face_detected,left_ear,right_ear,avg_ear,eye_open,blink_state,gaze_x,gaze_y,yaw_proxy,pitch_proxy,roll_proxy_deg,head_center_x,head_center_y,head_movement,head_acceleration,mouth_open,eyebrow_signal
1781866934.0668092,29.713848114013672,mechanical_puppy,mixed_social_nonsocial_movie,mixed,845,1,0.44674734890523754,0.4361077209877582,0.4414275349464979,1,0,0.49655201733112336,0.9364599347114563,0.2310881224178797,0.25835348715743744,3.7879942168832295,0.4726855456829071,0.9605019986629486,0.004638005097478011,0.004638005097478011,0.007483580519313838,0.14299125002743987
1781866934.0995781,29.746617078781128,mechanical_puppy,mixed_social_nonsocial_movie,mixed,846,1,0.45151072606699494,0.4314623680058271,0.441486547036411,1,0,0.4964227169752121,0.9363524794578553,0.23058971193761474,0.2625285402313458,4.173062625045734,0.4733087718486786,0.9594893753528595,0.0011890402944551772,0.0034489648030228337,0.008525699713391488,0.1414391571315094
1781866934.134036,29.78107500076294,mechanical_puppy,mixed_social_nonsocial_movie,mixed,847,1,0.45126504706567594,0.4352902228897468,0.44327763497771133,1,0,0.4965952217578888,0.936664879322052,0.22393315590388904,0.25945131976065927,3.830439217991125,0.4739660769701004,0.960857629776001,0.0015179493368006616,0.0003289090423454844,0.010748390400946627,0.14123475297119664
1781866934.169122,29.816160917282104,mechanical_puppy,mixed_social_nonsocial_movie,mixed,848,1,0.4530118485177339,0.43986993066644736,0.4464408895920906,1,0,0.4967222392559052,0.9367235124111175,0.21860476140337973,0.25242991270809845,3.6852553272388904,0.47528499364852905,0.9632634520530701,0.0027436329990505604,0.0012256836622498988,0.007568984814106221,0.14106869034905892
1781866934.20239,29.84942889213562,mechanical_puppy,mixed_social_nonsocial_movie,mixed,849,1,0.4450975059525298,0.4618551186226274,0.45347631228757856,1,0,0.49666498601436615,0.9361837446689605,0.217637047912945,0.25560700896510963,3.7895102369283244,0.4749540239572525,0.9618546962738037,0.0014471122216884414,0.001296520777362119,0.0058229412972679905,0.14191914281528145
1781866934.237029,29.88406801223755,mechanical_puppy,mixed_social_nonsocial_movie,mixed,850,1,0.4575883135552679,0.4657706948032299,0.4616795041792489,1,0,0.49654649794101713,0.9357674539089202,0.22305408840168273,0.2543960555314994,4.309450527478811,0.47415806353092194,0.9623981714248657,0.0009638040465292794,0.000483308175159162,0.008294841017754084,0.1413161790459471
1781866934.2728388,29.919877767562866,mechanical_puppy,mixed_social_nonsocial_movie,mixed,851,1,0.42544460149274255,0.47329541518677093,0.4493700083397567,1,0,0.49600471854209904,0.93477503657341,0.2143648775866353,0.25174213216821406,3.489606769206667,0.47461549937725067,0.9615528881549835,0.0009611198467669026,2.684199762376864e-06,0.008783729158459102,0.14374998998930516
1781866934.3066628,29.953701734542847,mechanical_puppy,mixed_social_nonsocial_movie,mixed,852,1,0.3983254306576468,0.42898416678646434,0.41365479872205557,1,0,0.495350855588913,0.9342509031295776,0.21289516566337774,0.2671201091982185,2.9714052714464128,0.474402517080307,0.958242267370224,0.0033174646101041,0.0023563447633371975,0.005778584448958688,0.1464831239214387
1781866934.34125,29.98828887939453,mechanical_puppy,mixed_social_nonsocial_movie,mixed,853,1,0.3473098404052817,0.31199230884545426,0.32965107462536797,1,0,0.4939477175474167,0.9356598377227783,0.22132694158417662,0.2505955391229086,2.927171828953884,0.4725329875946045,0.9608692824840546,0.0032243369715656786,9.31276385384215e-05,0.008991385789853602,0.15506719140118777
1781866934.374996,30.022034883499146,mechanical_puppy,mixed_social_nonsocial_movie,mixed,854,1,0.11649787389542632,0.25362101182999097,0.18505944286270865,1,0,0.49703205823898317,0.9394249022006989,0.2236648216622218,0.25305397123407836,5.9254667961181315,0.4708060771226883,0.9594143927097321,0.0022580797225611924,0.0009662572490044862,0.009118920835576926,0.17686722989056106
1781866934.412265,30.059303998947144,mechanical_puppy,mixed_social_nonsocial_movie,mixed,855,1,0.10758985064821179,0.27116431595128576,0.18937708329974878,1,0,0.49508185982704167,0.9398321390151978,0.21121270923786167,0.2571860775669349,5.599855089816452,0.4703301787376404,0.9570888876914978,0.0023737002470244437,0.00011562052446325135,0.00658448905808497,0.17936801634184402
1781866934.444427,30.091465950012207,mechanical_puppy,mixed_social_nonsocial_movie,mixed,856,1,0.1667134942785412,0.13825829646522753,0.15248589537188437,0,1,0.49538805782794954,0.9378083109855653,0.2201036729522711,0.2553560481359798,4.346787260548236,0.47129708528518677,0.9561091065406799,0.0013765461761910004,0.0009971540708334434,0.007758242625336291,0.1768347118757955
1781866934.478786,30.12582492828369,mechanical_puppy,mixed_social_nonsocial_movie,mixed,857,1,0.35545744306424065,0.2554000361328709,0.30542873959855577,1,0,0.4947326838970184,0.9348332285881042,0.21548463641471632,0.25909145508396414,2.8294813482728687,0.4727284163236618,0.9546104371547699,0.002072370254072854,0.0006958240778818536,0.009250884506994513,0.16065688977009082
1781866934.5130198,30.160058736801147,mechanical_puppy,mixed_social_nonsocial_movie,mixed,858,1,0.3976848055303956,0.36471590162240736,0.3812003535764015,1,0,0.49492659866809846,0.9322930932044984,0.22055697402567268,0.25964619553251145,3.08631744131861,0.47194452583789825,0.9535614252090454,0.0013095458586637157,0.0007628243954091382,0.010713345344185657,0.15272691451718773
1781866934.547434,30.194473028182983,mechanical_puppy,mixed_social_nonsocial_movie,mixed,859,1,0.3979822058000288,0.4064812759929727,0.4022317408965007,1,0,0.4951655328273773,0.931605726480484,0.20837530359384254,0.26071362492864864,3.687871145460513,0.4729546904563904,0.9521522223949432,0.0017338642183651022,0.00042431835970138643,0.010385987374654237,0.1518932451667073
1781866934.581066,30.228104829788208,mechanical_puppy,mixed_social_nonsocial_movie,mixed,860,1,0.4056168580106864,0.39514298230062894,0.4003799201556577,1,0,0.4956558883190155,0.9313189685344696,0.19864747251555462,0.2630592782213664,3.630663646578989,0.4739559441804886,0.9522675275802612,0.0010078711751914241,0.000725993043173678,0.011040054640310862,0.1508718730805013
1781866934.6197288,30.266767740249634,mechanical_puppy,mixed_social_nonsocial_movie,mixed,861,1,0.4158623132021467,0.37943126509970204,0.3976467891509244,1,0,0.4957908928394318,0.9312281131744384,0.20244185153133812,0.258500837225888,3.789447505896668,0.47358348965644836,0.9540755748748779,0.0018460112112467773,0.0008381400360553532,0.010090301489425368,0.15049298995390878
1781866934.6506088,30.297647714614868,mechanical_puppy,mixed_social_nonsocial_movie,mixed,862,1,0.4113196920487805,0.408750889524962,0.4100352907868713,1,0,0.49602556228637695,0.9317713856697083,0.2076058149246683,0.25593174411881403,4.063302979177416,0.47349855303764343,0.9568471014499664,0.0027728277598213363,0.000926816548574559,0.011225941855162213,0.14932379326390596
1781866934.685174,30.332212924957275,mechanical_puppy,mixed_social_nonsocial_movie,mixed,863,1,0.4098240370932534,0.40790570459720116,0.40886487084522727,1,0,0.4960362732410431,0.9316415190696716,0.20828120582571738,0.2550158201657391,3.7105766258210724,0.4734140783548355,0.9567038118839264,0.00016633662185893343,0.002606491137962403,0.01077755994031766,0.1487050089944498
1781866934.7196789,30.36671781539917,mechanical_puppy,mixed_social_nonsocial_movie,mixed,864,1,0.4111420294619368,0.4092022291175209,0.41017212928972885,1,0,0.4963947176933288,0.9324418008327484,0.19752139620479203,0.26099492395527973,3.6985250837908406,0.474700927734375,0.9554165005683899,0.0018202065126598909,0.0016538698908009574,0.010299856473829949,0.14963738980484756
1781866934.754359,30.401397943496704,mechanical_puppy,mixed_social_nonsocial_movie,mixed,865,1,0.42500247676381303,0.4117076633843815,0.4183550700740972,1,0,0.49611018896102904,0.9323807716369629,0.20527716389358125,0.2502048282367954,3.6462332410469074,0.4746415317058563,0.9604932963848114,0.005077143256777252,0.0032569367441173617,0.006332204470673193,0.14735723700374323
1781866934.788446,30.435484886169434,mechanical_puppy,mixed_social_nonsocial_movie,mixed,866,1,0.422865200973038,0.40569854017516843,0.4142818705741032,1,0,0.49606913626194,0.9327812552452087,0.20514862025452607,0.2504577953346524,3.620490063469718,0.4753879904747009,0.9603768289089203,0.0007554901498533583,0.004321653106923894,0.007016279544021946,0.14778366259511125
1781866934.823572,30.470610857009888,mechanical_puppy,mixed_social_nonsocial_movie,mixed,867,1,0.42429678729262715,0.42732193403972074,0.4258093606661739,1,0,0.49583235681056975,0.9328511118888855,0.20088976545228918,0.2455382760265288,4.495924590924401,0.47500577569007874,0.961257666349411,0.0009601889075354059,0.00020469875768204765,0.0060239685071555365,0.14768612154171945
1781866934.858233,30.505271911621094,mechanical_puppy,mixed_social_nonsocial_movie,mixed,868,1,0.42281727506784245,0.4103269723411465,0.4165721237044945,1,0,0.49599268138408664,0.9324804544448853,0.19984377908732637,0.25132536872140065,4.015409728356283,0.4748603105545044,0.9601604342460632,0.0011068325954202158,0.0001466436878848099,0.007132277520524709,0.147229419255944
1781866934.891786,30.538825035095215,mechanical_puppy,mixed_social_nonsocial_movie,mixed,869,1,0.43376440811071965,0.3985542532425606,0.4161593306766401,1,0,0.4961264133453369,0.9324044167995453,0.21049906616588362,0.2579599356113559,3.663524059031655,0.47426214814186096,0.958283394575119,0.001970044719847185,0.0008632121244269693,0.009257491474610068,0.14661990275787323
1781866934.926135,30.573173999786377,mechanical_puppy,mixed_social_nonsocial_movie,mixed,870,1,0.4315786788224437,0.4057957813357959,0.4186872300791198,1,0,0.49584088921546937,0.931832468509674,0.21082414484748158,0.2620067403240565,4.14619919910669,0.4737343192100525,0.954688310623169,0.0036336251874433925,0.0016635804675962074,0.009160982767881666,0.14629244095558516
1781866934.9616861,30.60872507095337,mechanical_puppy,mixed_social_nonsocial_movie,mixed,871,1,0.4238661449498988,0.40763807082081566,0.4157521078853572,1,0,0.4959132313728333,0.9316611886024475,0.20561093084878904,0.2560974721056501,3.9871377776230297,0.47476157546043396,0.9561891555786133,0.0018187333461039603,0.0018148918413394323,0.010385075519528724,0.1455211122305099
1781866934.996126,30.64316487312317,mechanical_puppy,mixed_social_nonsocial_movie,mixed,872,1,0.43541443799898977,0.43892283184456804,0.43716863492177893,1,0,0.49572214782238005,0.9319215536117553,0.21152462909110156,0.2597010497785489,3.9885988185565857,0.4742800444364548,0.9566913843154907,0.0006957771419067708,0.0011229562041971896,0.010597692483223052,0.14274888312200748
1781866935.028826,30.675864934921265,mechanical_puppy,mixed_social_nonsocial_movie,mixed,873,1,0.4405794528169499,0.43872223996955406,0.43965084639325197,1,0,0.4957534223794937,0.9319886982440948,0.2133390884932515,0.2614399040743116,4.214739996497601,0.4739546477794647,0.9567851424217224,0.00033863485772208074,0.00035714228418469007,0.008567138511822489,0.14382600239833224
1781866935.062164,30.709203004837036,mechanical_puppy,mixed_social_nonsocial_movie,mixed,874,1,0.4422311576809241,0.45512034828465225,0.44867575298278817,1,0,0.49570613801479335,0.9319941520690918,0.21012692675096986,0.2655826280439196,3.8114492463170717,0.47407080233097076,0.9557104110717773,0.0010809899881082706,0.0007423551303861899,0.010283456577198388,0.14377483887389367
1781866935.096971,30.744009971618652,mechanical_puppy,mixed_social_nonsocial_movie,mixed,875,1,0.4424364819207334,0.44012084788648564,0.44127866490360956,1,0,0.49572345316410066,0.9319639801979065,0.21656165939984484,0.26472472360739213,3.58757283706322,0.47322221100330353,0.9561831653118134,0.0009713927181444532,0.00010959726996381748,0.008968424058213322,0.14312689770896947
1781866935.132273,30.779311895370483,mechanical_puppy,mixed_social_nonsocial_movie,mixed,876,1,0.4411913877932231,0.4313078462704337,0.4362496170318284,1,0,0.4955941170454025,0.9319188594818115,0.21570801937005277,0.26259399738104144,3.632344611379592,0.47375066578388214,0.9573297798633575,0.0012625329242951539,0.00029114020615070074,0.009165167522876973,0.14444611109987635
1781866935.168185,30.815223932266235,mechanical_puppy,mixed_social_nonsocial_movie,mixed,877,1,0.44116939590827137,0.45735207756689483,0.4492607367375831,1,0,0.49550243914127345,0.932006162405014,0.21763438666052953,0.2589497487430616,3.7815005022390005,0.47286322712898254,0.9577935039997101,0.0010012928846476012,0.00026124003964755264,0.009908511347291121,0.14274829050303928
1781866935.2023659,30.84940481185913,mechanical_puppy,mixed_social_nonsocial_movie,mixed,878,1,0.4252505964130464,0.4478964558514742,0.4365735261322603,1,0,0.495258629322052,0.9325578868389129,0.21805707631281215,0.26167794298948793,3.9307183314103558,0.4731879085302353,0.9568086862564087,0.0010369590155067329,3.566613085913164e-05,0.008456940063362676,0.14390394098627704
1781866935.236595,30.883633852005005,mechanical_puppy,mixed_social_nonsocial_movie,mixed,879,1,0.435181657140801,0.47008595280075727,0.4526338049707791,1,0,0.49509602785110474,0.9325476944446563,0.2237221740267867,0.2530427248047996,4.382074255236533,0.4724818617105484,0.9598813951015472,0.003152783176589004,0.0021158241610822713,0.008716959441359461,0.14318853756277028
1781866935.2719622,30.91900110244751,mechanical_puppy,mixed_social_nonsocial_movie,mixed,880,1,0.43792472710861036,0.46696883131213973,0.452446779210375,1,0,0.49522064030170443,0.9319961786270141,0.21910133655994093,0.2497305720271398,4.0448852267807895,0.4728104919195175,0.9588259160518646,0.0011054563937876545,0.0020473267828013493,0.008288119358823424,0.14373658154247368
1781866935.3049548,30.951993703842163,mechanical_puppy,mixed_social_nonsocial_movie,mixed,881,1,0.4317434611153528,0.45329273128399183,0.4425180961996723,1,0,0.4952703773975372,0.9318178772926331,0.212052233479497,0.2562227572295857,3.769885300436681,0.4735564887523651,0.957215279340744,0.0017750103914704397,0.0006695539976827852,0.007541090424533498,0.1440176514545327
1781866935.3393579,30.98639678955078,mechanical_puppy,mixed_social_nonsocial_movie,mixed,882,1,0.4485763625337688,0.4529282331052646,0.4507522978195167,1,0,0.49509059488773344,0.9321287214756012,0.21432084905338974,0.2613416062043109,3.993533095620624,0.4741397202014923,0.9562702178955078,0.0011105404353390096,0.0006644699561314301,0.009446213098446243,0.14335243845763657
1781866935.3742568,31.02129578590393,mechanical_puppy,mixed_social_nonsocial_movie,mixed,883,1,0.45140256996093686,0.44799655257660587,0.44969956126877136,1,0,0.49512110054492947,0.93238086104393,0.2083363929414884,0.2551063940188737,3.6623469093184546,0.47430509328842163,0.9584011733531952,0.0021373627255400884,0.0010268222902010788,0.010082462727182141,0.14254878919407515
1781866935.4114099,31.058448791503906,mechanical_puppy,mixed_social_nonsocial_movie,mixed,884,1,0.465698210328764,0.4456123154747649,0.45565526290176445,1,0,0.49521228671073914,0.9323670148849488,0.20544006086002942,0.25760317283892886,4.175519461420899,0.4750338941812515,0.958561360836029,0.0007461975415707969,0.0013911651839692914,0.008665792065068232,0.14138987526969368
1781866935.442682,31.089720964431763,mechanical_puppy,mixed_social_nonsocial_movie,mixed,885,1,0.4711329876492429,0.4468667085566879,0.4589998481029654,1,0,0.4948158591985703,0.9325097322463989,0.20151994079829227,0.25805631364153336,3.883792317333036,0.47515277564525604,0.9585676491260529,0.00011904765883998158,0.0006271498827308153,0.007652553568843601,0.14150804151411353
1781866935.476131,31.123169898986816,mechanical_puppy,mixed_social_nonsocial_movie,mixed,886,1,0.44660859905118033,0.44568914835007795,0.44614887370062917,1,0,0.49492747783660884,0.9324258327484132,0.2017545297974707,0.25204407452960476,3.9388578848357043,0.47463932633399963,0.9606382846832275,0.0021333452148833737,0.0020142975560433923,0.008520127642325225,0.1417147548977545
1781866935.512531,31.15956997871399,mechanical_puppy,mixed_social_nonsocial_movie,mixed,887,1,0.44043261936650635,0.44334818332502285,0.4418904013457646,1,0,0.49515225887298586,0.9322708904743194,0.2042448590858733,0.25864477609813413,3.6694764643080098,0.47492554783821106,0.9574346542358398,0.003216390957719931,0.0010830457428365574,0.0061381848400012765,0.1430208433715402
1781866935.545185,31.19222402572632,mechanical_puppy,mixed_social_nonsocial_movie,mixed,888,1,0.4340460301922424,0.42828459829360666,0.43116531424292454,1,0,0.4955787479877472,0.9320284307003022,0.20225107887417332,0.2582673574623678,3.678147493433886,0.4742433726787567,0.9582529962062836,0.001065385624441348,0.002151005333278583,0.00829782668527795,0.14279743421653102
1781866935.5799801,31.22701907157898,mechanical_puppy,mixed_social_nonsocial_movie,mixed,889,1,0.4554887540103496,0.43654660772208437,0.44601768086621696,1,0,0.4958325564861297,0.9321673214435577,0.20372187393887123,0.263506000962408,3.6855566947617233,0.4744151383638382,0.9563232958316803,0.001937329859965906,0.0008719442355245579,0.010312746656600138,0.1421853443201015
1781866935.615468,31.26250696182251,mechanical_puppy,mixed_social_nonsocial_movie,mixed,890,1,0.4404675288314575,0.439038566297195,0.43975304756432626,1,0,0.4957816958427429,0.932296097278595,0.20375012514242608,0.2604391779390088,4.02339707487937,0.4748629927635193,0.9567697942256927,0.0006324036520841802,0.0013049262078817258,0.009462077877149514,0.14170420998429883
1781866935.6494458,31.29648470878601,mechanical_puppy,mixed_social_nonsocial_movie,mixed,891,1,0.44927085581774506,0.44467077809311856,0.44697081695543184,1,0,0.49555584192276003,0.9321253657341004,0.19644381625965707,0.26611048648988894,3.5603328043206206,0.4759340286254883,0.9568942487239838,0.0010782424308885894,0.00044583877880440925,0.008962301429598252,0.14003170877385562
1781866935.6839209,31.330959796905518,mechanical_puppy,mixed_social_nonsocial_movie,mixed,892,1,0.4526650140143586,0.44502520890742253,0.44884511146089057,1,0,0.4953933626413345,0.9322426974773408,0.2055634269039897,0.26139463996057827,3.7313272389599166,0.4750402867794037,0.9579181373119354,0.0013590887859078022,0.00028084635501921277,0.005708721395034384,0.14222842077663123
1781866935.719751,31.36678981781006,mechanical_puppy,mixed_social_nonsocial_movie,mixed,893,1,0.4358837289662136,0.45491219555517415,0.44539796226069384,1,0,0.4961201697587967,0.9319576561450958,0.20764145197665265,0.25758943044928584,3.7079432998069928,0.47404494881629944,0.9596296548843384,0.0019798964774554793,0.0006208076915476771,0.006885886525929114,0.14179303648722544
1781866935.7524989,31.399537801742554,mechanical_puppy,mixed_social_nonsocial_movie,mixed,894,1,0.4412051733104276,0.45297633334248544,0.44709075332645654,1,0,0.4962219327688217,0.9315850913524628,0.20996886346737823,0.2583282335574684,3.7524969812772517,0.473922923207283,0.9580272734165192,0.0016070210383396623,0.000372875439115817,0.006629919382693953,0.1418259378807139
1781866935.787433,31.43447184562683,mechanical_puppy,mixed_social_nonsocial_movie,mixed,895,1,0.42517319469882175,0.43398904403616845,0.4295811193674951,1,0,0.49618591368198395,0.9320599138736725,0.20855088733016514,0.2543393800860504,3.8027732623401787,0.4740966558456421,0.9575116038322449,0.0005441490143120949,0.0010628720240275676,0.008765134386513556,0.14340891718776752
1781866935.823675,31.47071385383606,mechanical_puppy,mixed_social_nonsocial_movie,mixed,896,1,0.4257343215552324,0.44458497173711276,0.43515964664617257,1,0,0.49596663117408757,0.9324085235595703,0.2075164378639687,0.2602000510371896,3.7947725350186863,0.47384877502918243,0.9565142393112183,0.00102770661522214,0.00048355760091004505,0.0083651850310326,0.14297062130083366
1781866935.8556879,31.502726793289185,mechanical_puppy,mixed_social_nonsocial_movie,mixed,897,1,0.4462717378244014,0.4460749662558143,0.44617335204010783,1,0,0.4961225837469101,0.9323510110378266,0.21787127286355681,0.25949517605918493,4.038544935467433,0.47327880561351776,0.9572353661060333,0.0009191784315318627,0.00010852818369027717,0.008751085385465675,0.14286435237451595
1781866935.890379,31.537417888641357,mechanical_puppy,mixed_social_nonsocial_movie,mixed,898,1,0.4473313442652916,0.46387305021998443,0.455602197242638,1,0,0.49593721628189086,0.932299154996872,0.2152816517420156,0.2564076113325401,3.890705184495135,0.47307395935058594,0.9575343728065491,0.0003624458558053154,0.0005567325757265473,0.008773621887028623,0.14315089124094524
1781866935.924544,31.571583032608032,mechanical_puppy,mixed_social_nonsocial_movie,mixed,899,1,0.4425340976422652,0.4573126488773847,0.44992337325982495,1,0,0.4960510462522507,0.9323373794555664,0.2100780712378239,0.26086007855490306,3.643623085827583,0.47371120750904083,0.9578188359737396,0.0006978570834649705,0.00033541122765965505,0.008927537018986501,0.14243608687990506
1781866935.959509,31.606547832489014,mechanical_puppy,mixed_social_nonsocial_movie,mixed,900,1,0.41519665295594843,0.4306153962708406,0.42290602461339455,1,0,0.4964290648698807,0.9331582486629486,0.21534054438815323,0.2575305466548203,3.6652241098616196,0.47307807207107544,0.9590061008930206,0.0013455327834590147,0.0006476756999940442,0.01014577647557173,0.14394700116789866
1781866935.994473,31.641511917114258,mechanical_puppy,mixed_social_nonsocial_movie,mixed,901,1,0.3642231659216732,0.42338736244321606,0.39380526418244466,1,0,0.49813621640205386,0.9364054739475249,0.22115817316593978,0.2591925719462705,3.157186161034609,0.4720514565706253,0.9581854343414307,0.0013143184449223276,3.1214338536687076e-05,0.009567047646406264,0.15525068471920508
1781866936.0276659,31.674704790115356,mechanical_puppy,mixed_social_nonsocial_movie,mixed,902,1,0.30042582105609017,0.2637347420433419,0.28208028154971604,1,0,0.49808329641819,0.9392506062984467,0.21127851158562988,0.2560630524624595,2.8445630675761433,0.4733034372329712,0.9598320424556732,0.0020685197269490717,0.0007542012820267441,0.010332385920719696,0.16806404742928957
1781866936.063283,31.71032190322876,mechanical_puppy,mixed_social_nonsocial_movie,mixed,903,1,0.26422333253999575,0.29360639656406373,0.27891486455202974,1,0,0.4987383276224136,0.940127182006836,0.22021211782866398,0.2537696671375449,3.674092364425572,0.472490131855011,0.9604434370994568,0.0010174817188855186,0.001051038008063553,0.010241196382558436,0.17036488292476498
1781866936.097058,31.744096994400024,mechanical_puppy,mixed_social_nonsocial_movie,mixed,904,1,0.2556518229157702,0.35524316074839923,0.30544749183208475,1,0,0.4986049562692642,0.9405016362667084,0.21982056711589815,0.24972487355257253,4.53021971416238,0.47181034088134766,0.9607144594192505,0.0007318257071875089,0.00028565601169800966,0.0070114618101408495,0.1688749219043093
1781866936.131754,31.77879285812378,mechanical_puppy,mixed_social_nonsocial_movie,mixed,905,1,0.24727163088176674,0.27043338764368685,0.2588525092627268,1,0,0.49836490452289584,0.9403145253658295,0.22029854894619597,0.2536090559276209,4.264617615739587,0.4717540293931961,0.9601910412311554,0.0005264385845724002,0.00020538712261510873,0.007736282763952288,0.1726826146483019
1781866936.167788,31.81482696533203,mechanical_puppy,mixed_social_nonsocial_movie,mixed,906,1,0.1976321402284283,0.2568500486016537,0.227241094415041,1,0,0.4986843764781952,0.9401708841323853,0.22246997978125546,0.2538837788679007,4.681549537003923,0.4717589318752289,0.9598776996135712,0.0003133799668778823,0.0002130586176945179,0.007241490414063,0.17426170687544115
1781866936.202484,31.849522829055786,mechanical_puppy,mixed_social_nonsocial_movie,mixed,907,1,0.22181576192645278,0.22039361533411922,0.22110468863028598,1,0,0.49797520637512205,0.9408440291881561,0.2284508630378397,0.2574965197057074,4.674933775749464,0.4710991084575653,0.960067629814148,0.0006866151932402721,0.0003732352263623898,0.0088368542935403,0.17387473290881908
1781866936.234881,31.881919860839844,mechanical_puppy,mixed_social_nonsocial_movie,mixed,908,1,0.19916304157434137,0.23239903203192994,0.21578103680313565,1,0,0.49832725226879115,0.941060084104538,0.22546177841671358,0.2575890413278136,4.541470838312253,0.4718349277973175,0.9615248739719391,0.001632479903756785,0.0009458647105165128,0.007584050323063398,0.17469364610932264
1781866936.271004,31.9180428981781,mechanical_puppy,mixed_social_nonsocial_movie,mixed,909,1,0.1812246560486815,0.3299387104152549,0.25558168323196817,1,0,0.49857024252414706,0.9416925787925721,0.217529582139557,0.25415511810480396,5.297463949508719,0.4713973104953766,0.9615138471126556,0.000437756204506236,0.001194723699250549,0.005559156472863358,0.17287747918103077
1781866936.303416,31.95045495033264,mechanical_puppy,mixed_social_nonsocial_movie,mixed,910,1,0.17305885697163736,0.32065358548337236,0.24685622122750486,1,0,0.49831551611423497,0.9411487281322479,0.21568998817661708,0.25228342158250844,5.200908847344598,0.47209298610687256,0.961369127035141,0.0007105691080156384,0.00027281290350940243,0.005891046774371605,0.17266389437166382
1781866936.3384478,31.98548674583435,mechanical_puppy,mixed_social_nonsocial_movie,mixed,911,1,0.16880879141743396,0.3082354372123486,0.2385221143148913,1,0,0.49853285551071164,0.9411965012550354,0.21525079624728224,0.2538267380874412,4.848849177269759,0.4726107269525528,0.9605909883975983,0.0009346418150941753,0.00022407270707853685,0.006564785610853043,0.17420976771021626
1781866936.372633,32.01967191696167,mechanical_puppy,mixed_social_nonsocial_movie,mixed,912,1,0.1744838259765738,0.31761746245720957,0.24605064421689168,1,0,0.4986491769552231,0.9409619927406312,0.21422235628824243,0.2555023500027477,5.129315404887665,0.47236110270023346,0.9608045220375061,0.00032849487472147454,0.0006061469403727007,0.009355554540793135,0.17230068950530972
1781866936.4070468,32.05408573150635,mechanical_puppy,mixed_social_nonsocial_movie,mixed,913,1,0.19310200475868136,0.29938875915992696,0.24624538195930418,1,0,0.49877451658248906,0.9408883631229401,0.21424855321209627,0.24796771648917934,4.413914346181599,0.4725182205438614,0.9619213938713074,0.0011278691014142115,0.000799374226692737,0.009450284577614768,0.1734201486111973
1781866936.441659,32.08869791030884,mechanical_puppy,mixed_social_nonsocial_movie,mixed,914,1,0.13412266797951827,0.22023744008344012,0.17718005403147918,0,1,0.49797425270080564,0.9401493191719055,0.2154523243942542,0.25262376222108157,5.115615177501455,0.47160032391548157,0.9585187137126923,0.00352431078116332,0.0023964416797491086,0.006875505336375383,0.17579659423006389
1781866936.476189,32.12322783470154,mechanical_puppy,mixed_social_nonsocial_movie,mixed,915,1,0.11372161705845718,0.10704207649566527,0.11038184677706123,0,1,0.49706438481807713,0.9393254935741424,0.22030816927962277,0.2596464286659251,5.4513487627367905,0.4715269207954407,0.9568126201629639,0.0017076718708395264,0.0018166389103237935,0.008043394240604265,0.17999048530405196
1781866936.510659,32.157697916030884,mechanical_puppy,mixed_social_nonsocial_movie,mixed,916,1,0.29690033664464355,0.28910313879243243,0.293001737718538,1,0,0.49456229209899905,0.9365204989910125,0.2139689061411764,0.25305577590618605,4.16911845847937,0.47282733023166656,0.9577814042568207,0.0016216064017927727,8.606546904675366e-05,0.009231703068571325,0.1603840208397312
1781866936.5450869,32.19212579727173,mechanical_puppy,mixed_social_nonsocial_movie,mixed,917,1,0.3758782237157658,0.26578007906276113,0.3208291513892635,1,0,0.49553205966949465,0.9324991941452025,0.207952403189046,0.26118424570739746,3.111581236712114,0.4743577241897583,0.9578741788864136,0.0015332034434020127,8.840295839076e-05,0.009211162709516513,0.14876094003734153
1781866936.579846,32.226884841918945,mechanical_puppy,mixed_social_nonsocial_movie,mixed,918,1,0.40259993394376314,0.3768534150857759,0.3897266745147695,1,0,0.4962666392326355,0.9320755004882812,0.21516446111791085,0.2565719632877512,3.7963024292927146,0.4734130948781967,0.9595927298069,0.00196105629765342,0.0004278528542514071,0.010862960759486576,0.1448551218220081
1781866936.61409,32.2611289024353,mechanical_puppy,mixed_social_nonsocial_movie,mixed,919,1,0.3981685329912153,0.41039602706724626,0.4042822800292308,1,0,0.49635758101940153,0.9317979753017426,0.22302472054247402,0.25834948638356103,4.0791915795948475,0.4727976322174072,0.9577642977237701,0.001929237717194219,3.181858045920075e-05,0.007052273851567618,0.14269952367017152
1781866936.648716,32.29575490951538,mechanical_puppy,mixed_social_nonsocial_movie,mixed,920,1,0.40208947715666754,0.43636257133302503,0.4192260242448463,1,0,0.4964481294155121,0.931286096572876,0.2131662122637891,0.26748772308283464,4.209501612967967,0.4728003144264221,0.9540113508701324,0.0037529478121170667,0.0018237100949228477,0.008441236220091642,0.14189688015845525
1781866936.682709,32.329747915267944,mechanical_puppy,mixed_social_nonsocial_movie,mixed,921,1,0.4127263291119782,0.4459826980947965,0.4293545136033874,1,0,0.4964531272649765,0.9311204493045807,0.2050095883358399,0.26903933159379356,4.108668434765237,0.47439083456993103,0.953890323638916,0.001595118151612451,0.0021578296605046154,0.008162077209875758,0.14018941386846767
1781866936.71807,32.36510896682739,mechanical_puppy,mixed_social_nonsocial_movie,mixed,922,1,0.466673887886198,0.4605651962256785,0.46361954205593825,1,0,0.496074253320694,0.9314797401428223,0.20956616127508867,0.2674133922505618,4.069871596903851,0.4743891656398773,0.9570633172988892,0.003172994098884726,0.001577875947272275,0.006109274864991579,0.13641607459660007
1781866936.750278,32.39731693267822,mechanical_puppy,mixed_social_nonsocial_movie,mixed,923,1,0.4202163977170063,0.45022473077945663,0.43522056424823147,1,0,0.495971354842186,0.9303528010845185,0.21034283958307465,0.2627902806664517,4.341436643172526,0.47421330213546753,0.9558772444725037,0.0011990399166305415,0.001973954182254185,0.007259589786765693,0.13698931126780328
1781866936.785742,32.43278098106384,mechanical_puppy,mixed_social_nonsocial_movie,mixed,924,1,0.41262166309060216,0.45715712495010596,0.4348893940203541,1,0,0.4959839046001434,0.9298223078250885,0.20388784887407338,0.25459780778207763,3.943146968082096,0.47398415207862854,0.9568960070610046,0.0010442159548094074,0.00015482396182113414,0.00542117882087912,0.13751684682344517
1781866936.821344,32.468382835388184,mechanical_puppy,mixed_social_nonsocial_movie,mixed,925,1,0.4372186392030299,0.43376867718365253,0.4354936581933412,1,0,0.49615828096866604,0.9297947824001312,0.20961552519863727,0.26267762129412625,3.537459482716041,0.47311705350875854,0.9532590508460999,0.0037388916056774277,0.0026946756508680206,0.0071281278965657216,0.13781817135085198
1781866936.8550348,32.502073764801025,mechanical_puppy,mixed_social_nonsocial_movie,mixed,926,1,0.4476754940746551,0.45130911880557034,0.44949230644011273,1,0,0.49629417657852176,0.9298518478870392,0.2132242324789142,0.26862380995603186,3.3548268148723515,0.47275687754154205,0.9526304602622986,0.000724467286634777,0.0030144243190426507,0.008561685260059768,0.13827206723205177
1781866936.888273,32.53531193733215,mechanical_puppy,mixed_social_nonsocial_movie,mixed,927,1,0.4449392853920558,0.43799903291511433,0.4414691591535851,1,0,0.49615476429462435,0.9298720836639405,0.20158408199989009,0.26219280302792386,3.210717809267629,0.47443583607673645,0.9547519087791443,0.0027054473886085734,0.0019809801019737964,0.0073750415573604605,0.1379301542277287
1781866936.923813,32.57085204124451,mechanical_puppy,mixed_social_nonsocial_movie,mixed,928,1,0.4493037757311289,0.4564255077693641,0.4528646417502465,1,0,0.4953748255968094,0.9299443483352661,0.19914991361955753,0.2605566817932357,3.814038533997908,0.4742150604724884,0.9573327600955963,0.002590277086541756,0.00011517030206681725,0.004758054283776478,0.1344985036462031
1781866936.958405,32.60544395446777,mechanical_puppy,mixed_social_nonsocial_movie,mixed,929,1,0.429654600116259,0.4663701141363868,0.4480123571263229,1,0,0.4962775409221649,0.9296090066432953,0.22559799334616606,0.2440861802965877,4.7731920257939695,0.4735676199197769,0.9620435535907745,0.004755076721095971,0.0021647996345542145,0.011203650900031666,0.1377031076420316
1781866936.993637,32.64067602157593,mechanical_puppy,mixed_social_nonsocial_movie,mixed,930,1,0.4486996412411632,0.48858666185998095,0.46864315155057207,1,0,0.49796896874904634,0.9285615503787994,0.23652716044258637,0.25692567142463163,5.411917258663257,0.47384920716285706,0.9586086273193359,0.0034464488775672484,0.0013086278435287223,0.006628194332379839,0.13479686148063286
1781866937.0265431,32.67358207702637,mechanical_puppy,mixed_social_nonsocial_movie,mixed,931,1,0.4234796946757684,0.4751631139062318,0.4493214042910001,1,0,0.5004356294870377,0.9275477349758148,0.25668762002431017,0.23441058711434107,6.219124466661506,0.4745998978614807,0.9598595201969147,0.0014588589774811283,0.00198758990008612,0.009257395690431047,0.1360366499532364
1781866937.061415,32.7084538936615,mechanical_puppy,mixed_social_nonsocial_movie,mixed,932,1,0.3471257704253606,0.23963088759769513,0.2933783290115278,1,0,0.5099953711032867,0.9277908980846405,0.29774661732396196,0.2622349999089366,7.586899164179781,0.4772598445415497,0.9499425888061523,0.010267465342035355,0.008808606364554227,0.007115412226762259,0.14924016986922384
1781866937.095356,32.74239492416382,mechanical_puppy,mixed_social_nonsocial_movie,mixed,933,1,0.13725655342218093,0.46527511205719724,0.3012658327396891,1,0,0.5260224908590316,0.9280696570873261,0.38984794167785825,0.2533359634546513,10.31300311580702,0.48236776888370514,0.9444659650325775,0.007488945122142988,0.002778520219892367,0.008971752429719497,0.16588936420375053
1781866937.1301608,32.77719974517822,mechanical_puppy,mixed_social_nonsocial_movie,mixed,934,1,0.1079301311382491,0.34808396167782246,0.2280070464080358,1,0,0.5462976753711701,0.9212683856487274,0.45777031124071876,0.24178702902863408,13.017214786479752,0.4931560456752777,0.9293515682220459,0.018569650160350133,0.011080705038207146,0.015621826652570168,0.17738260265242195
1781866937.164779,32.81181788444519,mechanical_puppy,mixed_social_nonsocial_movie,mixed,935,1,0.23410135408048713,0.8247844688589717,0.5294429114697294,1,0,0.5621114611625672,0.9011349976062775,0.6665649445706808,0.20928070542128085,-0.7328325500752234,0.49332043528556824,0.9401698708534241,0.010819551551152912,0.007750098609197221,0.010291210186871246,0.14026997651885195
1781866937.198282,32.8453209400177,mechanical_puppy,mixed_social_nonsocial_movie,mixed,936,1,0.4148108257420225,1.9072225269490486,1.1610166763455356,1,0,0.5613588511943817,0.8670646786689759,0.9045682962768374,0.24625873647616175,-17.077046826261533,0.48939457535743713,0.9227238297462463,0.017882302046678466,0.007062750495525554,0.003575193828867418,0.10590167162527149
1781866937.233658,32.88069701194763,mechanical_puppy,mixed_social_nonsocial_movie,mixed,937,1,0.34767101160611596,1.4467502081877686,0.8972106098969422,1,0,0.5679011285305022,0.8690953373908996,0.7402695534554077,0.2076280394896409,-10.989969229283705,0.4936956614255905,0.923011064529419,0.004310666443408412,0.013571635603270054,0.0023891010472814026,0.10264753566541682
1781866937.269193,32.916231870651245,mechanical_puppy,mixed_social_nonsocial_movie,mixed,938,0,0,0,0,0,0,0,0,0,0,0,0,0,0,0,0,0
1781866937.30198,32.94901895523071,mechanical_puppy,mixed_social_nonsocial_movie,mixed,939,0,0,0,0,0,0,0,0,0,0,0,0,0,0,0,0,0
1781866937.336542,32.98358082771301,mechanical_puppy,mixed_social_nonsocial_movie,mixed,940,0,0,0,0,0,0,0,0,0,0,0,0,0,0,0,0,0
1781866937.371403,33.018441915512085,mechanical_puppy,mixed_social_nonsocial_movie,mixed,941,0,0,0,0,0,0,0,0,0,0,0,0,0,0,0,0,0
1781866937.4063308,33.053369760513306,mechanical_puppy,mixed_social_nonsocial_movie,mixed,942,0,0,0,0,0,0,0,0,0,0,0,0,0,0,0,0,0
1781866937.43949,33.08652901649475,mechanical_puppy,mixed_social_nonsocial_movie,mixed,943,0,0,0,0,0,0,0,0,0,0,0,0,0,0,0,0,0
1781866937.4745421,33.121581077575684,mechanical_puppy,mixed_social_nonsocial_movie,mixed,944,0,0,0,0,0,0,0,0,0,0,0,0,0,0,0,0,0
1781866937.509237,33.15627598762512,mechanical_puppy,mixed_social_nonsocial_movie,mixed,945,0,0,0,0,0,0,0,0,0,0,0,0,0,0,0,0,0
1781866937.5433369,33.19037580490112,mechanical_puppy,mixed_social_nonsocial_movie,mixed,946,0,0,0,0,0,0,0,0,0,0,0,0,0,0,0,0,0
1781866937.578075,33.22511386871338,mechanical_puppy,mixed_social_nonsocial_movie,mixed,947,0,0,0,0,0,0,0,0,0,0,0,0,0,0,0,0,0
1781866937.614202,33.26124095916748,mechanical_puppy,mixed_social_nonsocial_movie,mixed,948,0,0,0,0,0,0,0,0,0,0,0,0,0,0,0,0,0
1781866937.6467369,33.29377579689026,mechanical_puppy,mixed_social_nonsocial_movie,mixed,949,0,0,0,0,0,0,0,0,0,0,0,0,0,0,0,0,0
1781866937.681447,33.32848596572876,mechanical_puppy,mixed_social_nonsocial_movie,mixed,950,0,0,0,0,0,0,0,0,0,0,0,0,0,0,0,0,0
1781866937.7159429,33.36298179626465,mechanical_puppy,mixed_social_nonsocial_movie,mixed,951,0,0,0,0,0,0,0,0,0,0,0,0,0,0,0,0,0
1781866937.7499368,33.39697575569153,mechanical_puppy,mixed_social_nonsocial_movie,mixed,952,0,0,0,0,0,0,0,0,0,0,0,0,0,0,0,0,0
1781866937.78613,33.43316888809204,mechanical_puppy,mixed_social_nonsocial_movie,mixed,953,1,0.297944950476957,0.8645365373722779,0.5812407439246174,1,0,0.5561772644519806,0.8605893015861511,0.8127727684886473,0.20344329287678523,-23.00929410281559,0.4851433038711548,0.917855978012085,0.0099858768638569,0.0056752104204484885,0.002551933917153725,0.11486810278784738
1781866937.8207219,33.46776080131531,mechanical_puppy,mixed_social_nonsocial_movie,mixed,954,1,0.11647219955937607,0.7552010819001908,0.4358366407297834,1,0,0.5472718060016633,0.8830834627151489,0.719475668579933,0.19177103257029124,-5.161358831983866,0.4797963947057724,0.9302089512348175,0.013460512065460117,0.003474635201603217,0.011516941471107489,0.15604094261443263
1781866937.853288,33.50032687187195,mechanical_puppy,mixed_social_nonsocial_movie,mixed,955,1,0.1840619664721792,0.5054304741639157,0.34474622031804747,1,0,0.5271428734064102,0.9065565049648285,0.483610851919932,0.20995356226785214,-1.0277534113273201,0.4799307882785797,0.9347733855247498,0.004566412379485809,0.008894099685974308,0.007577709497449713,0.18115620443639366
1781866937.888088,33.53512692451477,mechanical_puppy,mixed_social_nonsocial_movie,mixed,956,1,0.1548319287407118,0.11079212381976833,0.13281202628024008,0,1,0.510536152124405,0.9189831912517548,0.3440472333800771,0.23304908355385023,-0.9028605677894512,0.47439631819725037,0.9365664124488831,0.005817671753527916,0.0012512593740421074,0.008440040649163014,0.19581243550176775
1781866937.922509,33.56954789161682,mechanical_puppy,mixed_social_nonsocial_movie,mixed,957,1,0.061967147877730895,0.08330292271387153,0.07263503529580122,0,1,0.49700923562049865,0.9245470821857452,0.2734831648766012,0.2606096008158987,-2.896885329938349,0.4680933207273483,0.947418749332428,0.012549939957607009,0.006732268204079093,0.006018774646652695,0.19795397055398406
1781866937.957054,33.604092836380005,mechanical_puppy,mixed_social_nonsocial_movie,mixed,958,1,0.057102658235283835,0.17679210288904273,0.11694738056216328,0,1,0.4885912388563156,0.9298402369022369,0.2288791955700097,0.23260278533677245,-5.166232198597506,0.46693694591522217,0.9570751786231995,0.009725421808527859,0.00282451814907915,0.006765448832936969,0.1886934293252745
1781866937.991137,33.63817596435547,mechanical_puppy,mixed_social_nonsocial_movie,mixed,959,1,0.13648498176091145,0.1262218391377706,0.131353410449341,0,1,0.4841916084289551,0.9371633231639862,0.23398761298772153,0.2547171394722248,-8.398269073655998,0.46036747097969055,0.961789071559906,0.008085715030058255,0.0016397067784696042,0.01118018022012869,0.18636108694842912
1781866938.0261388,33.67317771911621,mechanical_puppy,mixed_social_nonsocial_movie,mixed,960,1,0.23824599677407854,0.16811893427072117,0.20318246552239985,1,0,0.48285330235958096,0.9457944214344025,0.22921895710173565,0.23504682150142195,-11.81248438120496,0.46371589601039886,0.9722762107849121,0.01100872559885728,0.0029230105687990254,0.0053275370786865705,0.17634219135463192
1781866938.0603032,33.70734214782715,mechanical_puppy,mixed_social_nonsocial_movie,mixed,961,1,0.16403981318850092,0.1557552503006908,0.15989753174459587,0,1,0.4825624644756317,0.9512744843959808,0.2472558724924312,0.24605863496205663,-12.628183141285719,0.46085402369499207,0.9770492315292358,0.005565252930050577,0.005443472668806703,0.007540334794766923,0.178399006730353
1781866938.095927,33.74296593666077,mechanical_puppy,mixed_social_nonsocial_movie,mixed,962,1,0.11632999143706005,0.10087422344899342,0.10860210744302673,0,1,0.48190322816371917,0.9532623827457428,0.26051229990205443,0.25343953847219575,-12.150000864450853,0.4564581513404846,0.9751480221748352,0.004789393569793917,0.0007758593602566598,0.0074633752394326685,0.18325533467598545
1781866938.128665,33.77570390701294,mechanical_puppy,mixed_social_nonsocial_movie,mixed,963,1,0.1468676577905061,0.09233681551178236,0.11960223665114422,0,1,0.48283970057964326,0.9527270376682282,0.2464435075378503,0.24710748108449346,-11.689440708703613,0.45798611640930176,0.9772757589817047,0.0026195307157642965,0.0021698628540296207,0.022645339524862283,0.18197139714166718
1781866938.1635861,33.810625076293945,mechanical_puppy,mixed_social_nonsocial_movie,mixed,964,1,0.1645276820860402,0.11640266844152244,0.14046517526378133,0,1,0.482842755317688,0.9526380300521851,0.25267858587778175,0.24663170843693535,-11.010448355627693,0.45862045884132385,0.9783322215080261,0.0012322756958510234,0.001387255019913273,0.008724019714240179,0.18172200496938118
1781866938.1977699,33.84480881690979,mechanical_puppy,mixed_social_nonsocial_movie,mixed,965,1,0.11870340245454956,0.10352723788365556,0.11111532016910255,0,1,0.4832575678825378,0.9527737438678741,0.2493639453781006,0.2510873829428274,-9.838316560265564,0.45848238468170166,0.9770537316799164,0.0012859240701283455,5.364837427732213e-05,0.01861733404659375,0.1816999015859886
1781866938.2309482,33.87798714637756,mechanical_puppy,mixed_social_nonsocial_movie,mixed,966,1,0.13743751416324573,0.14317087599473519,0.14030419507899045,0,1,0.4827905833721161,0.9551061868667603,0.23890602720789156,0.25328834253274257,-8.225582140542008,0.45906658470630646,0.9789290130138397,0.001964171517487601,0.0006782474473592556,0.025351388012852964,0.1776431319931961
1781866938.267058,33.91409683227539,mechanical_puppy,mixed_social_nonsocial_movie,mixed,967,1,0.32379433890430803,0.0783877774892426,0.2010910581967753,1,0,0.48165633082389836,0.9542710900306701,0.23198574863565807,0.24147997911965838,-9.848801691385605,0.4595537930727005,0.9824325740337372,0.0035372746306202023,0.0015731031131326011,0.02891519805286122,0.1656726356118369
1781866938.300585,33.94762396812439,mechanical_puppy,mixed_social_nonsocial_movie,mixed,968,1,0.36132994626704706,0.2722423915884495,0.31678616892774825,1,0,0.4818432420492172,0.9474348545074462,0.2177440540478057,0.2535067901949181,-7.7457142516429585,0.46041446924209595,0.9759450852870941,0.006544331417829147,0.0030070567872089444,0.020703393905039554,0.14570731089981628
1781866938.3348532,33.981892108917236,mechanical_puppy,mixed_social_nonsocial_movie,mixed,969,1,0.4202447220263299,0.4722700552240502,0.44625738862519004,1,0,0.4796162933111191,0.9429026305675506,0.20178834752855868,0.24758238746914024,-6.55652804293549,0.4615752100944519,0.9723376333713531,0.003789594787139016,0.0027547366306901306,0.01493790956607002,0.13758542204028942
1781866938.369649,34.016687870025635,mechanical_puppy,mixed_social_nonsocial_movie,mixed,970,1,0.4467076697220836,0.46766954578297404,0.4571886077525288,1,0,0.4799078315496445,0.9395319402217865,0.17677626788894335,0.2617504441728325,-6.368481856354757,0.46476148068904877,0.9655563533306122,0.007492534904352762,0.003702940117213746,0.01373621064823262,0.13826456555700628
1781866938.405803,34.052841901779175,mechanical_puppy,mixed_social_nonsocial_movie,mixed,971,1,0.4567009556167326,0.4655682720891026,0.4611346138529176,1,0,0.4798140525817871,0.9381392538547515,0.19258400022225367,0.25546202046115696,-5.234313666073401,0.4634467363357544,0.9681927561759949,0.002946043563435779,0.004546491340916984,0.01296020618002036,0.13763144948539094
1781866938.4382038,34.0852427482605,mechanical_puppy,mixed_social_nonsocial_movie,mixed,972,1,0.45112791450103845,0.47077241670103254,0.4609501656010355,1,0,0.4806644499301911,0.9388162672519684,0.19667902357574102,0.25160335552786495,-5.1058557503782795,0.465143159031868,0.9678409397602081,0.0017325197702497712,0.001213523793186008,0.00903625711016243,0.13621051631714265
1781866938.473482,34.12052083015442,mechanical_puppy,mixed_social_nonsocial_movie,mixed,973,1,0.4782592158093338,0.43892340238623007,0.4585913090977819,1,0,0.48096157014369967,0.9394658088684082,0.20985470606137854,0.25301988744350695,-4.945127167009752,0.4638718068599701,0.9700540006160736,0.0025522489488201423,0.0008197291785703711,0.0105338415440911,0.13715923493855314
1781866938.508678,34.15571689605713,mechanical_puppy,mixed_social_nonsocial_movie,mixed,974,1,0.48194515296733903,0.42498498185766054,0.4534650674124998,1,0,0.48170399367809297,0.939427238702774,0.19907224572898857,0.25446616283973333,-4.725127453502095,0.4640986919403076,0.9677648544311523,0.0023003623835429377,0.0002518865652772046,0.016746350126673203,0.1361587272692769
1781866938.541682,34.18872094154358,mechanical_puppy,mixed_social_nonsocial_movie,mixed,975,1,0.4656503212219081,0.46630790771961833,0.46597911447076323,1,0,0.4822655826807022,0.9392456948757171,0.18579105978943106,0.2556900704398274,-4.5159725298517595,0.46572090685367584,0.9674510955810547,0.0016522789840607674,0.0006480833994821703,0.022031727540950844,0.1371156173074466
1781866938.57797,34.225008964538574,mechanical_puppy,mixed_social_nonsocial_movie,mixed,976,1,0.4122975279158994,0.44803826714388467,0.43016789752989204,1,0,0.4824042558670044,0.9391304910182953,0.1883595891940396,0.2527368903095375,-3.66815959072604,0.4635248929262161,0.9695489406585693,0.00303701023028397,0.0013847312462232026,0.009339093522763816,0.1415392352084512
1781866938.610107,34.25714588165283,mechanical_puppy,mixed_social_nonsocial_movie,mixed,977,1,0.2471556081053172,0.17376176801686147,0.21045868806108933,1,0,0.4841355443000793,0.9478127479553222,0.21228920777523752,0.2606967360233252,-3.1547674053415395,0.46223899722099304,0.9637511670589447,0.005938662010690249,0.002901651780406279,0.008043838008547652,0.17510005387024485
1781866938.645437,34.292475938797,mechanical_puppy,mixed_social_nonsocial_movie,mixed,978,1,0.04971655057124255,0.06387287935670057,0.05679471496397156,0,1,0.4874843031167984,0.9549326956272125,0.21258047249063808,0.2546625371627947,-1.4409096731187439,0.4646618962287903,0.9675473570823669,0.004503498450750862,0.001435163559939387,0.02467174198906263,0.2003884119745285
1781866938.679299,34.326338052749634,mechanical_puppy,mixed_social_nonsocial_movie,mixed,979,1,0.0435259622800788,0.07444698748407748,0.058986474882078144,0,1,0.487934672832489,0.9577246367931367,0.21010528249626959,0.25750185708020396,-1.472380434847309,0.464365690946579,0.9678298532962799,0.00040931855575460676,0.004094179894996255,0.01640512874579636,0.2016380705020137
1781866938.7150111,34.36205005645752,mechanical_puppy,mixed_social_nonsocial_movie,mixed,980,1,0.054403078217283296,0.07523171952118311,0.06481739886923321,0,1,0.4889636904001236,0.958560299873352,0.21690511815220995,0.2533663797694411,-0.4843652161962058,0.4648398160934448,0.9724723994731903,0.0046666936539305785,0.004257375098175972,0.011202501948417059,0.19539487461500954
1781866938.748211,34.39524984359741,mechanical_puppy,mixed_social_nonsocial_movie,mixed,981,1,0.0440663931847578,0.09476247584237359,0.06941443451356569,0,1,0.4894126087427139,0.9589749097824096,0.20979876225232055,0.269818060888482,-1.7764003550252008,0.4657098352909088,0.9693607091903687,0.0032310292199487453,0.0014356644339818332,0.009735956814150275,0.19614985213226557
1781866938.782594,34.429632902145386,mechanical_puppy,mixed_social_nonsocial_movie,mixed,982,1,0.07273346421300603,0.15042002352978404,0.11157674387139503,0,1,0.4897960811853409,0.9583536505699157,0.21165153883324905,0.25936507478540155,-1.0688780585708806,0.4652582108974457,0.9745170772075653,0.005176108163624434,0.0019450789436756886,0.012604218730141547,0.18933129050117523
1781866938.817996,34.46503496170044,mechanical_puppy,mixed_social_nonsocial_movie,mixed,983,1,0.05395297562785692,0.10549632491146771,0.07972465026966231,0,1,0.49057836830616,0.9577677607536317,0.21225817330379615,0.25296786277406647,-0.4840740955099983,0.46812526881694794,0.9701281189918518,0.00524242075124266,6.631258761822644e-05,0.01915655422883861,0.1952228182955234
1781866938.851813,34.498852014541626,mechanical_puppy,mixed_social_nonsocial_movie,mixed,984,1,0.07012541744558995,0.12166379167022852,0.09589460455790924,0,1,0.4904756784439087,0.9603959560394287,0.21770614023359913,0.24612326258457767,-1.2718590505572176,0.4681067168712616,0.974458634853363,0.0043305555996302715,0.0009118651516123889,0.016040868776185827,0.19423560130445897
1781866938.8866491,34.53368806838989,mechanical_puppy,mixed_social_nonsocial_movie,mixed,985,1,0.09052111633225113,0.0987441751034871,0.09463264571786911,0,1,0.4919625103473663,0.961442631483078,0.23350191800730366,0.2568575405307196,-1.4118007543753168,0.46696996688842773,0.9752569794654846,0.0013890841022689538,0.0029414714973613177,0.019491120812824624,0.19355168997207492
1781866938.920752,34.56779098510742,mechanical_puppy,mixed_social_nonsocial_movie,mixed,986,1,0.08925193903537813,0.12207051426646023,0.10566122665091918,0,1,0.4916166752576828,0.9627647936344147,0.2410432288363561,0.25452103744599064,-0.9044847070330839,0.4661351442337036,0.9745241105556488,0.00111086709549098,0.0002782170067779739,0.014629053937109181,0.1928151247917216
1781866938.955411,34.602449893951416,mechanical_puppy,mixed_social_nonsocial_movie,mixed,987,1,0.09116227827039623,0.10163972685679219,0.09640100256359421,0,1,0.4918400168418884,0.9618831932544708,0.23286740334731046,0.2570176837855401,-0.6591498415118139,0.46647265553474426,0.9730989038944244,0.0014646255171641843,0.0003537584216732044,0.01943743366575896,0.19065035725927384
1781866938.989414,34.6364529132843,mechanical_puppy,mixed_social_nonsocial_movie,mixed,988,1,0.07615936244838135,0.14673540737886892,0.11144738491362513,0,1,0.49135762155055995,0.9617243766784668,0.22922042476372995,0.2499688419307501,-1.1205365312794129,0.46634629368782043,0.9754636883735657,0.0023681581343198525,0.0009035326171556682,0.020070424014372867,0.18886085036241446
1781866939.024791,34.67182993888855,mechanical_puppy,mixed_social_nonsocial_movie,mixed,989,1,0.05241968156761896,0.14095548065569868,0.09668758111165882,0,1,0.4910113453865051,0.9611535847187043,0.20608573549329148,0.25860612180780496,-1.4918002388437188,0.46905115246772766,0.9738008081912994,0.00317512700845415,0.0008069688741342974,0.025066934941844244,0.1903941177229248
1781866939.059231,34.70626997947693,mechanical_puppy,mixed_social_nonsocial_movie,mixed,990,1,0.07946952458031728,0.141074998639144,0.11027226160973064,0,1,0.4914354830980301,0.9614571392536163,0.23589716510775643,0.256040529717112,-1.0857024659175756,0.46531790494918823,0.9751237630844116,0.003960725524937353,0.0007855985164832032,0.01019818156974741,0.18815418642191634
1781866939.09293,34.73996901512146,mechanical_puppy,mixed_social_nonsocial_movie,mixed,991,1,0.08334837226088646,0.14137399524515684,0.11236118375302165,0,1,0.4900876969099045,0.9610761284828186,0.20009480315126907,0.2521975378291514,-1.5613465561549178,0.4697006493806839,0.9763255715370178,0.004544534333522191,0.0005838088085848379,0.023825360654356455,0.18667292339485916
1781866939.126948,34.77398705482483,mechanical_puppy,mixed_social_nonsocial_movie,mixed,992,1,0.08868186327453836,0.13119678882569485,0.10993932605011661,0,1,0.49142937958240507,0.9614216089248657,0.22687876858297829,0.26033938970160436,-0.663661356764853,0.46628083288669586,0.975252777338028,0.0035841361924372995,0.0009603981410848915,0.0070853886595990175,0.18586612614025402
1781866939.162011,34.80904984474182,mechanical_puppy,mixed_social_nonsocial_movie,mixed,993,1,0.0543278025465516,0.15728486779550105,0.10580633517102632,0,1,0.4910453349351883,0.9606082618236542,0.21422536292923022,0.2550447394483253,-0.003820642374967012,0.4679839611053467,0.9709658324718475,0.00461286700597745,0.0010287308135401504,0.009804324994970776,0.18749209851839757
1781866939.1958542,34.84289312362671,mechanical_puppy,mixed_social_nonsocial_movie,mixed,994,1,0.06939521240399146,0.12204742582561359,0.09572131911480253,0,1,0.49193277657032014,0.959189373254776,0.22717531135324345,0.25570882369743814,-0.31499867717626245,0.4674546718597412,0.9695680737495422,0.0014946158540889846,0.003118251151888465,0.016489837158524524,0.18894892408437491
1781866939.2309601,34.87799906730652,mechanical_puppy,mixed_social_nonsocial_movie,mixed,995,1,0.09411589835985006,0.14435354657034297,0.1192347224650965,0,1,0.4922169327735901,0.9585927665233611,0.22930742859136824,0.2474658970105591,-0.05550490019129377,0.4673888683319092,0.9741232693195343,0.004555670838103921,0.003061054984014936,0.022536881824497947,0.1862804290319955
1781866939.2663512,34.913390159606934,mechanical_puppy,mixed_social_nonsocial_movie,mixed,996,1,0.0863007625620691,0.1380383081236096,0.11216953534283935,0,1,0.49228823482990264,0.9579573094844818,0.2186381623963647,0.25107726442246076,-0.03356445575996682,0.4694206714630127,0.9743969142436981,0.0020501476795788814,0.0025055231585250394,0.022060947698583664,0.18550994198371812
1781866939.3000078,34.947046756744385,mechanical_puppy,mixed_social_nonsocial_movie,mixed,997,1,0.10482854583055827,0.1511072943260986,0.12796792007832844,0,1,0.4926237344741822,0.9584745228290558,0.23580066978243952,0.249731256067782,-0.9898081527487846,0.46763278543949127,0.9741988182067871,0.0017988269713741496,0.0002513207082047318,0.02415183008299125,0.18485908352927993
1781866939.333788,34.98082685470581,mechanical_puppy,mixed_social_nonsocial_movie,mixed,998,1,0.1221210324321773,0.13370523602897333,0.12791313423057532,0,1,0.492163035273552,0.9589549958705902,0.22642480493652303,0.24540833577743856,-0.7428549665944496,0.46837349236011505,0.9759665429592133,0.0019166370398695852,0.00011781006849543555,0.0319629229343314,0.185066210690081
1781866939.369441,35.01647996902466,mechanical_puppy,mixed_social_nonsocial_movie,mixed,999,1,0.09775889594577818,0.1546068426436294,0.1261828692947038,0,1,0.49327554702758786,0.9585134446620941,0.22441325078727065,0.25304192455884583,-0.5775919844520683,0.4701574295759201,0.9752558171749115,0.0019203028746543175,3.6658347847323604e-06,0.028779690102031814,0.18217101805673258
1781866939.4031968,35.050235748291016,mechanical_puppy,mixed_social_nonsocial_movie,mixed,1000,1,0.09458284470925626,0.14318025341386,0.11888154906155814,0,1,0.4930105060338974,0.9584345340728759,0.2349573653561349,0.25683825711293196,-0.9758210222882739,0.4689592272043228,0.9758005738258362,0.0013162251828726143,0.0006040776917817033,0.022208041908147208,0.18297102866813225
1781866939.4375942,35.084633111953735,mechanical_puppy,mixed_social_nonsocial_movie,mixed,1001,1,0.1295403179031444,0.16478248191180717,0.1471613999074758,0,1,0.4928416103124619,0.9584795653820037,0.24705473096536926,0.25634724323353086,-1.4692275841671822,0.46880704164505005,0.9747740924358368,0.0010377015411312848,0.0002785236417413295,0.020601047114356334,0.18141371461648864
1781866939.471821,35.1188600063324,mechanical_puppy,mixed_social_nonsocial_movie,mixed,1002,1,0.13291284104664916,0.17566711208605076,0.15428997656634996,0,1,0.4931318640708924,0.9582525551319123,0.25025304717348934,0.2518514095738184,-1.527635523586458,0.46757546067237854,0.9740369915962219,0.0014353080993317927,0.00039760655820050795,0.024827682049117762,0.18028458313608597
1781866939.505617,35.152655839920044,mechanical_puppy,mixed_social_nonsocial_movie,mixed,1003,1,0.12441871315544058,0.1994876983130792,0.1619532057342599,0,1,0.4928155988454819,0.9589483976364136,0.21357601207654764,0.25689371205773576,-0.2857881521091784,0.4692765772342682,0.9722504317760468,0.002466899582106981,0.0010315914827751882,0.01272332196466398,0.1816482051066407
1781866939.540319,35.187357902526855,mechanical_puppy,mixed_social_nonsocial_movie,mixed,1004,1,0.11070471935694741,0.17696233949602305,0.14383352942648522,0,1,0.4940025538206101,0.9589593708515167,0.2224295269495286,0.25802897709169187,-0.1522432991583613,0.4693108797073364,0.9760392606258392,0.003788984126738776,0.0013220845446317952,0.01375012010158544,0.1815003753886422
1781866939.575098,35.22213697433472,mechanical_puppy,mixed_social_nonsocial_movie,mixed,1005,1,0.11982027527543497,0.1479973521880543,0.13390881373174462,0,1,0.49371897578239443,0.9595850348472594,0.22471498161876796,0.24940085051865785,-1.5563218590236574,0.47053778171539307,0.9779222011566162,0.0022473881684782677,0.0015415959582605085,0.026193324919220277,0.1815828732763979
1781866939.609777,35.256815910339355,mechanical_puppy,mixed_social_nonsocial_movie,mixed,1006,1,0.10088216846139857,0.1536132752436622,0.1272477218525304,0,1,0.49335114359855653,0.959651416540146,0.24628244270088298,0.25846031808797915,-0.9473252261142286,0.4670209586620331,0.974095493555069,0.005197281544844737,0.002949893376366469,0.01141334936994288,0.18390647302323557
1781866939.643192,35.29023098945618,mechanical_puppy,mixed_social_nonsocial_movie,mixed,1007,1,0.1500864887250661,0.16601969205757544,0.15805309039132076,0,1,0.4927731305360794,0.958975899219513,0.20996507180054924,0.26041823998043684,-0.9352998512041232,0.47115108370780945,0.9726884365081787,0.0043632261489582195,0.0008340553958865174,0.009939110778901517,0.18184187211307695
1781866939.678497,35.325536012649536,mechanical_puppy,mixed_social_nonsocial_movie,mixed,1008,1,0.10848114426935429,0.17730335313127094,0.1428922487003126,0,1,0.494119656085968,0.9585311114788055,0.2443026904956654,0.25855720838966995,-0.5227155687722354,0.4688904732465744,0.9729645848274231,0.002277414663970272,0.0020858114849879473,0.019699436198133566,0.18056402042915445
1781866939.714686,35.361724853515625,mechanical_puppy,mixed_social_nonsocial_movie,mixed,1009,1,0.1246731783529177,0.1508707049020857,0.1377719416275017,0,1,0.49360118210315707,0.9583107709884644,0.22325765584251558,0.2481164617999363,-0.7628758084712065,0.46946825087070465,0.9762885868549347,0.003373842981208047,0.0010964283172377747,0.02878618369778535,0.17980950931592446
1781866939.746439,35.39347791671753,mechanical_puppy,mixed_social_nonsocial_movie,mixed,1010,1,0.1288156572106288,0.14241286323694013,0.13561426022378448,0,1,0.4937437951564789,0.9582894504070283,0.22880383863367554,0.24770724706122968,-0.6814264247738265,0.4691675901412964,0.9767591059207916,0.0005583771714022618,0.002815465809805785,0.026255604085402794,0.1787234149094889
1781866939.781738,35.42877697944641,mechanical_puppy,mixed_social_nonsocial_movie,mixed,1011,1,0.1268982111362768,0.14835250984204476,0.1376253604891608,0,1,0.4931810081005097,0.9584197461605072,0.22922227519082292,0.2523053037292662,-0.6534081139159283,0.4687018543481827,0.9720442891120911,0.004737763962946297,0.004179386791544035,0.02298800444562937,0.17990348520786176
1781866939.816779,35.463817834854126,mechanical_puppy,mixed_social_nonsocial_movie,mixed,1012,1,0.1230039310377124,0.157437984233376,0.1402209576355442,0,1,0.4928615212440491,0.9576015114784241,0.2102862613483691,0.2539875588242388,-0.46531654610949075,0.47127120196819305,0.9739047288894653,0.003172189048226697,0.0015655749147196001,0.020172482367914808,0.17901923465833566
1781866939.850451,35.49748992919922,mechanical_puppy,mixed_social_nonsocial_movie,mixed,1013,1,0.09946401271268766,0.14725317334783752,0.12335859303026259,0,1,0.49369998872280124,0.9581530809402465,0.23768000067063513,0.24973701834882692,-0.7527550936679129,0.46830615401268005,0.9728703200817108,0.0031403042782590265,3.1884769967670604e-05,0.013648794858099809,0.18214722451020576
1781866939.884985,35.532023906707764,mechanical_puppy,mixed_social_nonsocial_movie,mixed,1014,1,0.12698269228951573,0.18709948261496356,0.15704108745223966,0,1,0.4926351815462112,0.9569395482540131,0.2169904476807982,0.25488730253919484,-0.06604227624747994,0.4693138897418976,0.9712078869342804,0.0019440203881690638,0.0011962838900899627,0.012536196117385996,0.17978959460056299
1781866939.920085,35.567123889923096,mechanical_puppy,mixed_social_nonsocial_movie,mixed,1015,1,0.12170655056377501,0.1854936726008048,0.1536001115822899,0,1,0.4932637721300125,0.9572054743766785,0.22164168215683375,0.2493180603643275,0.027157788646183168,0.4690425992012024,0.9713572859764099,0.0003097073316211708,0.001634313056547893,0.0166056614513754,0.18202385317686257
1781866939.955211,35.60224986076355,mechanical_puppy,mixed_social_nonsocial_movie,mixed,1016,1,0.09732956270426263,0.1658957340040547,0.13161264835415865,0,1,0.49396904110908507,0.9566506743431091,0.23914910224939248,0.24747760929671525,-0.31006515502583176,0.4681532233953476,0.9724118113517761,0.001379497405336856,0.0010697900737156852,0.021628930716695447,0.18230658866982039
1781866939.989002,35.636040925979614,mechanical_puppy,mixed_social_nonsocial_movie,mixed,1017,1,0.1127477663033586,0.18709233757951088,0.14992005194143473,0,1,0.4929763376712799,0.9567803978919982,0.23055701459568992,0.2445192104782123,0.3547983958573974,0.46750791370868683,0.9744506776332855,0.0021385509826922955,0.0007590535773554395,0.01213026095066052,0.1819367456022497
1781866940.024281,35.67131996154785,mechanical_puppy,mixed_social_nonsocial_movie,mixed,1018,1,0.12870507703745437,0.18288091860432665,0.1557929978208905,0,1,0.4925177186727524,0.9564411640167236,0.2163154378083492,0.25567333135396486,0.4139770454918709,0.46975475549697876,0.9692853093147278,0.005632879182795854,0.003494328200103559,0.009906571015447391,0.18315185750375923
1781866940.0563068,35.70334577560425,mechanical_puppy,mixed_social_nonsocial_movie,mixed,1019,1,0.1770631937408591,0.17281625564077846,0.17493972469081878,0,1,0.490321671962738,0.9557618796825409,0.22296970865623394,0.25264246510485117,-0.9659410909311078,0.46817755699157715,0.9705439209938049,0.002017835098354292,0.0036150440844415622,0.009515513568559914,0.17904525315847217
1781866940.090055,35.737093925476074,mechanical_puppy,mixed_social_nonsocial_movie,mixed,1020,1,0.28303332666058656,0.18755479148422988,0.23529405907240822,1,0,0.4909451276063919,0.9521491289138794,0.2215375016018844,0.2522645323101444,-0.720365563551508,0.469065323472023,0.9684736430644989,0.0022525940664875456,0.00023475896813325353,0.009461805541350583,0.16564029916554768
1781866940.124032,35.77107095718384,mechanical_puppy,mixed_social_nonsocial_movie,mixed,1021,1,0.36151037431391614,0.29355207824973345,0.3275312262818248,1,0,0.4912924081087112,0.9501349806785584,0.22813141405309934,0.2665186502433913,-1.1702625828945499,0.46876589953899384,0.966963917016983,0.0015391320379416927,0.000713462028545853,0.014073316886278315,0.15529642603438953
1781866940.161363,35.80840182304382,mechanical_puppy,mixed_social_nonsocial_movie,mixed,1022,1,0.38894010890058855,0.2514663375479199,0.3202032232242542,1,0,0.4899640053510666,0.9483985841274261,0.22646667496765702,0.26038001791411103,-1.933713741781525,0.4691496193408966,0.9689280688762665,0.0020012829416898863,0.0004621509037481936,0.019918024537732285,0.15269990755443183
1781866940.1938,35.84083890914917,mechanical_puppy,mixed_social_nonsocial_movie,mixed,1023,1,0.3937478249289596,0.2822899593643596,0.3380188921466596,1,0,0.48984703123569484,0.9481452107429504,0.2311385720509057,0.2594273887366772,-2.157480614775128,0.4694802761077881,0.9700576364994049,0.0011769693762939304,0.0008243135653959559,0.02403998569199863,0.1495756845638162
1781866940.229291,35.87632989883423,mechanical_puppy,mixed_social_nonsocial_movie,mixed,1024,1,0.4102521267871282,0.3613724285542113,0.3858122776706697,1,0,0.48972621858119963,0.947376948595047,0.23763934429678046,0.2587311027311049,-1.8527916332003889,0.4682842642068863,0.9693323373794556,0.0013987506141189044,0.000221781237824974,0.016011188477370243,0.14592066772996207
1781866940.265098,35.912137031555176,mechanical_puppy,mixed_social_nonsocial_movie,mixed,1025,1,0.39993322019560723,0.3130286351251788,0.356480927660393,1,0,0.4899589389562607,0.9472277760505676,0.2135753655037535,0.2631147214564531,-2.2500204872237917,0.4704952836036682,0.9708064198493958,0.0026573531758369738,0.0012586025617180694,0.017853228664263504,0.146280847879787
1781866940.297834,35.94487285614014,mechanical_puppy,mixed_social_nonsocial_movie,mixed,1026,1,0.3577580338521588,0.3491507622415713,0.35345439804686507,1,0,0.49034188985824584,0.9484199345111847,0.2122384268447037,0.2663959740502809,-1.497720565406241,0.46825970709323883,0.9698332846164703,0.0024381949297675965,0.00021915824606937723,0.0066702178409912445,0.14802276316159546
1781866940.33272,35.979758977890015,mechanical_puppy,mixed_social_nonsocial_movie,mixed,1027,1,0.10085697737500375,0.2659690169841912,0.18341299717959747,1,0,0.49346926212310793,0.9565381586551667,0.23124460319088458,0.25888546848559857,0.39704114764197757,0.4685046076774597,0.9715375602245331,0.001721781532131579,0.0007164133976360176,0.018131985414601006,0.18060975978773186
1781866940.3693178,36.01635670661926,mechanical_puppy,mixed_social_nonsocial_movie,mixed,1028,1,0.07516906357390829,0.16983660980753829,0.12250283669072329,0,1,0.4918895155191422,0.960132086277008,0.22721314609918053,0.2612875473036616,1.0608075784067692,0.4674539119005203,0.9715908765792847,0.0010520476459563368,0.0006697338861752422,0.008889637099889255,0.19079490723462628
1781866940.402039,36.0490779876709,mechanical_puppy,mixed_social_nonsocial_movie,mixed,1029,1,0.08527946105335638,0.15474326243246242,0.1200113617429094,0,1,0.49256285429000857,0.9611581981182098,0.22812232492230108,0.259471389438715,1.3020213932394797,0.4664532244205475,0.9707566499710083,0.0013028082999930126,0.0002507606540366758,0.005707037441943092,0.19517193055448695
1781866940.4353468,36.082385778427124,mechanical_puppy,mixed_social_nonsocial_movie,mixed,1030,1,0.05572578969274974,0.12099224801499833,0.08835901885387404,0,1,0.4937134355306625,0.960818749666214,0.21994359956307638,0.25987837278411663,0.9063369810797824,0.46843121945858,0.9694238007068634,0.002385152307801938,0.0010823440078089257,0.008367485636661193,0.19862976411700725
1781866940.469717,36.116755962371826,mechanical_puppy,mixed_social_nonsocial_movie,mixed,1031,1,0.05830136856892017,0.1798989182224602,0.1191001433956902,0,1,0.4936649680137634,0.9599983155727387,0.23560057595356065,0.2655546191398222,0.9793774923637857,0.4674961566925049,0.9707674980163574,0.0016370292715897129,0.0007481230362122253,0.011724584081625506,0.19264348022220948
1781866940.5046558,36.151694774627686,mechanical_puppy,mixed_social_nonsocial_movie,mixed,1032,1,0.06385122406955229,0.20365340316360206,0.1337523136165772,0,1,0.49278147816658024,0.9595395207405091,0.21844620165973946,0.24981679191741618,1.55103855391249,0.46794593334198,0.9711356461048126,0.0005812332143350574,0.0010557960572546553,0.005569357547788148,0.192969037600243
1781866940.538989,36.18602800369263,mechanical_puppy,mixed_social_nonsocial_movie,mixed,1033,1,0.05969526269484699,0.16869599905094967,0.11419563087289833,0,1,0.49323553740978243,0.9591395735740662,0.23768619644675026,0.250311615181665,0.9228547399239896,0.4669886380434036,0.9732019901275635,0.0022773212134072295,0.001696087999072172,0.009997702417759487,0.19368016627390558
1781866940.573856,36.22089505195618,mechanical_puppy,mixed_social_nonsocial_movie,mixed,1034,1,0.0555768173696669,0.146003369792787,0.10079009358122695,0,1,0.4931932598352432,0.9588179588317871,0.22600887746648862,0.24991937667087996,1.289906630695068,0.467147096991539,0.9752640724182129,0.0020681616502715894,0.0002091595631356401,0.008561236659336577,0.19264676468507289
1781866940.608872,36.255910873413086,mechanical_puppy,mixed_social_nonsocial_movie,mixed,1035,1,0.09740259537334942,0.1504586254952284,0.12393061043428891,0,1,0.4926970928907395,0.9588875532150268,0.23359861091953035,0.25183443549032114,1.0298283163987796,0.4669346660375595,0.9741974472999573,0.001087573470208998,0.0009805881800625915,0.011282854650705734,0.18756911882008065
1781866940.641452,36.288491010665894,mechanical_puppy,mixed_social_nonsocial_movie,mixed,1036,1,0.05792225559630669,0.14338883502631772,0.10065554531131221,0,1,0.49293837547302244,0.9584903597831727,0.22508834043119874,0.2537669675280753,1.5167066955145412,0.4674687683582306,0.9738590717315674,0.0006322683878143977,0.0004553050823946002,0.011467542348150762,0.18759850884317306
1781866940.677429,36.32446789741516,mechanical_puppy,mixed_social_nonsocial_movie,mixed,1037,1,0.06650959250623417,0.16963491007081663,0.1180722512885254,0,1,0.49304987490177155,0.9584409773349762,0.23286521335816823,0.24729057604280436,0.8090500054658766,0.4678966850042343,0.9757009148597717,0.0018908989303610718,0.001258630542546674,0.019119836556647122,0.18570788882969835
1781866940.711919,36.35895800590515,mechanical_puppy,mixed_social_nonsocial_movie,mixed,1038,1,0.07142278115612888,0.18965832038098443,0.13054055076855664,0,1,0.4929981678724289,0.9584595203399657,0.2409681475997734,0.24552049957230174,0.9796384695373617,0.4667953848838806,0.9756981134414673,0.0011013036833841916,0.0007895952469768803,0.01965600908552733,0.18517467893972608
1781866940.746411,36.393450021743774,mechanical_puppy,mixed_social_nonsocial_movie,mixed,1039,1,0.06186697400796,0.19909810080917426,0.13048253740856713,0,1,0.49322669208049774,0.9579643726348877,0.2168161181809542,0.24693820650292309,0.9057537643831785,0.4684726446866989,0.9751148223876953,0.0017757896552127155,0.000674485971828524,0.012874143955602862,0.18521682025321504
1781866940.779788,36.42682695388794,mechanical_puppy,mixed_social_nonsocial_movie,mixed,1040,1,0.07007643498516931,0.16134143145734203,0.11570893322125567,0,1,0.4930875658988953,0.9580230832099914,0.2334050324441901,0.25225645201892816,0.4179103653220954,0.4682539999485016,0.9736849069595337,0.0014465350508148808,0.0003292546043978347,0.015841732854702452,0.1860080388493774
1781866940.816271,36.46331000328064,mechanical_puppy,mixed_social_nonsocial_movie,mixed,1041,1,0.07769110863944838,0.1373954751713541,0.10754329190540124,0,1,0.4933157622814178,0.9582109093666076,0.22190513723039323,0.25762763207055767,0.5828564626298677,0.4688396006822586,0.9729147851467133,0.0009674791087969763,0.0004790559420179045,0.009626191300289693,0.18753288080732966
1781866940.848795,36.49583387374878,mechanical_puppy,mixed_social_nonsocial_movie,mixed,1042,1,0.08225595700762156,0.14753066885296934,0.11489331293029545,0,1,0.49314847588539124,0.9585893034934998,0.2458762119290227,0.2536152519078591,0.42288027738505085,0.46712543070316315,0.9737741947174072,0.0019175410106259839,0.0009500619018290075,0.017033838331112872,0.18810802092271336
1781866940.8831239,36.5301628112793,mechanical_puppy,mixed_social_nonsocial_movie,mixed,1043,1,0.08621431723239538,0.13748745900365325,0.11185088811802432,0,1,0.49332830607891087,0.9582458913326264,0.21783135744051446,0.25456804641419295,0.6611668796408086,0.46835391223430634,0.9707509577274323,0.0032633002880386084,0.0013457592774126245,0.008349385581733319,0.19061545963030746
1781866940.917656,36.56469488143921,mechanical_puppy,mixed_social_nonsocial_movie,mixed,1044,1,0.10735486965292496,0.13402175806911304,0.120688313861019,0,1,0.4933450907468796,0.9583392024040223,0.23498253588745943,0.2602629733418321,-0.05201813762339673,0.46799102425575256,0.9711614847183228,0.0005479234392033744,0.002715376848835234,0.013801349911724032,0.18883525112612543
1781866940.952536,36.59957504272461,mechanical_puppy,mixed_social_nonsocial_movie,mixed,1045,1,0.10290515486809161,0.13141772011036018,0.11716143748922589,0,1,0.49352380335330964,0.9583805501461029,0.22358134295928864,0.2606587354574895,0.6461087556993543,0.46802087128162384,0.9709681272506714,0.0001956475280955785,0.00035227591110779586,0.009727818207474691,0.1891640970479534
1781866940.986794,36.633832931518555,mechanical_puppy,mixed_social_nonsocial_movie,mixed,1046,1,0.12308090397975048,0.12640633728571954,0.124743620632735,0,1,0.4936956614255905,0.958359169960022,0.23081932868863358,0.25649762936669857,-0.18809791478887145,0.46843042969703674,0.9733381569385529,0.0024051567136207704,0.002209509185525192,0.01160100515679644,0.1878222880049026
1781866941.0202088,36.6672477722168,mechanical_puppy,mixed_social_nonsocial_movie,mixed,1047,1,0.10889462934729938,0.15701317692722885,0.13295390313726413,0,1,0.4935796171426773,0.9583053588867188,0.2136267794352495,0.26628832549567394,0.5676381807600022,0.468391090631485,0.9690170884132385,0.004321247593293012,0.0019160908796722418,0.00533783936746286,0.18750036244023666
1781866941.055688,36.7027268409729,mechanical_puppy,mixed_social_nonsocial_movie,mixed,1048,1,0.1115923270930606,0.1296529681510763,0.12062264762206845,0,1,0.49350256025791167,0.9582883715629578,0.224144855574923,0.264440162284788,0.40629199172250563,0.46865373849868774,0.9711435735225677,0.002142643886030779,0.002178603707262233,0.006804688688465832,0.18653596988185306
1781866941.090672,36.73771095275879,mechanical_puppy,mixed_social_nonsocial_movie,mixed,1049,1,0.08093390412493291,0.12545954067583306,0.103196722400383,0,1,0.49366411566734314,0.9584389448165893,0.21237741643994693,0.2663967570774503,0.3258768805266065,0.46975040435791016,0.969687283039093,0.001823035375148573,0.0003196085108822062,0.007763761494523484,0.18820880595265288
1781866941.1251159,36.772154808044434,mechanical_puppy,mixed_social_nonsocial_movie,mixed,1050,1,0.09797396117495465,0.10935507603397226,0.10366451860446346,0,1,0.49367777407169344,0.958654272556305,0.22285442003600875,0.255506767752217,-0.2326748851723315,0.4698694199323654,0.9734116196632385,0.0037262377805119297,0.0019032024053633567,0.017290433560045147,0.18632780134377866
1781866941.161035,36.80807399749756,mechanical_puppy,mixed_social_nonsocial_movie,mixed,1051,1,0.09624335031751743,0.115861929509168,0.10605263991334271,0,1,0.49376963376998906,0.9589778780937195,0.24036893393489037,0.25357322293221135,-0.9146783369763589,0.4672542065382004,0.9728619456291199,0.002672355260964473,0.0010538825195474566,0.01115595221153431,0.18645803360917085
1781866941.19346,36.84049892425537,mechanical_puppy,mixed_social_nonsocial_movie,mixed,1052,1,0.1083383172850181,0.1629421949583662,0.13564025612169214,0,1,0.4933550119400024,0.9586702942848206,0.2280323725350669,0.25342812759216665,0.4975758472497902,0.46763622760772705,0.973870724439621,0.001078691237601527,0.001593664023362946,0.010245815628937824,0.18368281111657514
1781866941.2277079,36.874746799468994,mechanical_puppy,mixed_social_nonsocial_movie,mixed,1053,1,0.1134331427258288,0.1333243779622415,0.12337876034403515,0,1,0.49392764270305634,0.9585173904895783,0.22217784771082036,0.25833957265860946,0.01953437776377162,0.46840760111808777,0.9712586104869843,0.002723629268833341,0.0016449380312318139,0.00909252073215082,0.18211392241531094
1781866941.263266,36.91030502319336,mechanical_puppy,mixed_social_nonsocial_movie,mixed,1054,1,0.09772547442244699,0.172313942793216,0.1350197086078315,0,1,0.4940193682909012,0.9578541994094849,0.22798687840830614,0.2621095653986851,0.2879074109571794,0.46824073791503906,0.9709440469741821,0.0003560807943684772,0.002367548474464864,0.011135052335402493,0.18125619580288943
1781866941.296632,36.943670988082886,mechanical_puppy,mixed_social_nonsocial_movie,mixed,1055,1,0.10434075072636456,0.18495654444531567,0.14464864758584012,0,1,0.4937547862529755,0.9582475006580353,0.21989403792005954,0.25775804819347004,0.23479900615651858,0.46892715990543365,0.9710727035999298,0.0006983750255028114,0.00034229423113433426,0.010387565332756891,0.181934487645989
1781866941.33119,36.97822904586792,mechanical_puppy,mixed_social_nonsocial_movie,mixed,1056,1,0.1099413382104944,0.18706040885895533,0.14850087353472485,0,1,0.4938836932182312,0.957952082157135,0.22598904555691365,0.2587926395211006,0.1722671397520852,0.46898287534713745,0.9714694619178772,0.0004006511865759161,0.00029772383892689535,0.010712225634228604,0.18024039225789398
1781866941.366845,37.01388382911682,mechanical_puppy,mixed_social_nonsocial_movie,mixed,1057,1,0.10576774054851105,0.15289081159844412,0.12932927607347758,0,1,0.4937073588371277,0.95762899518013,0.22877228611039443,0.2568940872670493,-0.09600151317365377,0.46815061569213867,0.9716446697711945,0.0008505021606102655,0.0004498509740343494,0.012168192545699863,0.18240884795302995
1781866941.399023,37.046061992645264,mechanical_puppy,mixed_social_nonsocial_movie,mixed,1058,1,0.10507042091781243,0.15659663507225324,0.13083352799503284,0,1,0.4931339383125305,0.9573614239692688,0.22632641545536739,0.2530409087468517,0.3960400625000132,0.46813032031059265,0.9716959893703461,5.5186989129509646e-05,0.0007953151714807558,0.01014371875791439,0.18212925596825313
1781866941.434143,37.08118200302124,mechanical_puppy,mixed_social_nonsocial_movie,mixed,1059,1,0.13142566897917662,0.16800964059041965,0.14971765478479815,0,1,0.49265533089637753,0.9572320878505707,0.23149300729458952,0.2587944467949155,0.2799152221263293,0.4665301889181137,0.9696342051029205,0.002609861076494314,0.0025546740873648045,0.005753968499868452,0.17999622556990388
1781866941.469984,37.11702299118042,mechanical_puppy,mixed_social_nonsocial_movie,mixed,1060,1,0.08281548257781851,0.21102802171632798,0.14692175214707326,0,1,0.4930319726467133,0.9577954292297364,0.23349635225833726,0.24642218576099753,0.8885831373016001,0.46681034564971924,0.9729255735874176,0.0033032702425027888,0.0006934091660084746,0.008224884388365031,0.18115372634894408
1781866941.5033119,37.15035080909729,mechanical_puppy,mixed_social_nonsocial_movie,mixed,1061,1,0.10030992900323636,0.23791641010012807,0.1691131695516822,0,1,0.49276589453220365,0.958003568649292,0.22732557255756236,0.24343853152447062,0.712119762151647,0.46797677874565125,0.9737691581249237,0.00143951416776804,0.0018637560747347488,0.009119518743829559,0.17932856705026254
1781866941.5378299,37.184868812561035,mechanical_puppy,mixed_social_nonsocial_movie,mixed,1062,1,0.10170715376811383,0.2240447814512307,0.16287596760967227,0,1,0.4930146306753158,0.958020842075348,0.23098701313712502,0.25014629400439803,1.033670820788876,0.4672957807779312,0.9709493815898895,0.0029008443494210746,0.0014613301816530347,0.007933787765052743,0.18135750142293397
1781866941.573594,37.220633029937744,mechanical_puppy,mixed_social_nonsocial_movie,mixed,1063,1,0.11362607933782702,0.20813283589277362,0.16087945761530031,0,1,0.49306850135326385,0.9580796778202056,0.23617297558120998,0.2540501403449948,0.2577548356774772,0.46682941913604736,0.9709687232971191,0.0004667625549025506,0.002434081794518524,0.008228981812531521,0.1806418170254062
1781866941.607624,37.25466299057007,mechanical_puppy,mixed_social_nonsocial_movie,mixed,1064,1,0.06143423711760489,0.1827176912725461,0.12207596419507549,0,1,0.4932659804821014,0.9593357563018798,0.2299464636948742,0.24927601380170533,0.4633554699989974,0.46804121136665344,0.9725911915302277,0.002025053969059477,0.0015582914141569265,0.012011638290627014,0.18600408362243268
1781866941.640579,37.287617921829224,mechanical_puppy,mixed_social_nonsocial_movie,mixed,1065,1,0.0809968071565996,0.15803638031567252,0.11951659373613606,0,1,0.49366770684719086,0.9596738159656525,0.22946711820425186,0.26170431924908977,-0.11281138581368816,0.46825534105300903,0.9703051745891571,0.0022960237318983287,0.0002709697628388518,0.01013290366281622,0.18843795760930768
1781866941.675724,37.322762966156006,mechanical_puppy,mixed_social_nonsocial_movie,mixed,1066,1,0.09121072363351453,0.14613503646904477,0.11867288005127966,0,1,0.49335322976112367,0.9601395845413208,0.23018954578321407,0.2600464748232954,-0.424887788456141,0.46737784147262573,0.969790905714035,0.0010170929109438274,0.0012789308209545014,0.007622891052183058,0.19006451143422876
1781866941.712241,37.35927987098694,mechanical_puppy,mixed_social_nonsocial_movie,mixed,1067,1,0.08347056037515753,0.16471518041207994,0.12409287039361874,0,1,0.49340593814849854,0.96065274477005,0.22739821535090401,0.2524915577234049,0.008478714601537854,0.4674031138420105,0.9749776721000671,0.005186827955111569,0.0041697350441677414,0.0061778268040019076,0.1887842722780501
1781866941.744759,37.39179801940918,mechanical_puppy,mixed_social_nonsocial_movie,mixed,1068,1,0.07190461391451697,0.19636865329243192,0.13413663360347444,0,1,0.49301602840423586,0.9612393260002137,0.2351520913488092,0.2617160355628521,0.24661793581085617,0.46692781150341034,0.971223771572113,0.0037838712302155396,0.001402956724896029,0.008449379425872912,0.18717428032134664
1781866941.779273,37.42631196975708,mechanical_puppy,mixed_social_nonsocial_movie,mixed,1069,1,0.08703074696018885,0.19027203362116973,0.1386513902906793,0,1,0.493049755692482,0.9615670919418335,0.2258144165668756,0.26011614000859856,-0.45586822406937,0.46804147958755493,0.9717380702495575,0.0012266864845034387,0.002557184745712101,0.0061375465162370885,0.18693723772606627
1781866941.815119,37.46215796470642,mechanical_puppy,mixed_social_nonsocial_movie,mixed,1070,1,0.11378602305639447,0.180187909247224,0.14698696615180923,0,1,0.4930044561624527,0.9615804255008698,0.22712241293027693,0.25936940848778056,-0.5844066863236306,0.468290776014328,0.972874641418457,0.0011635904478705036,6.309603663293508e-05,0.008137358348335417,0.18705737233686517
1781866941.847919,37.49495792388916,mechanical_puppy,mixed_social_nonsocial_movie,mixed,1071,1,0.10747282258119922,0.14665648515200735,0.1270646538666033,0,1,0.49284609258174894,0.9616000056266785,0.2303593980100994,0.2615020100392704,-0.7621148485323539,0.46781831979751587,0.9730221629142761,0.0004949519860886875,0.0006686384617818162,0.008261139646536863,0.18799567284129212
1781866941.8829849,37.53002381324768,mechanical_puppy,mixed_social_nonsocial_movie,mixed,1072,1,0.11108591397844018,0.14755561337569528,0.12932076367706774,0,1,0.49280737340450287,0.9622550785541535,0.2433301674909102,0.25803900502270394,-1.2824971367283717,0.46619895100593567,0.9739371836185455,0.0018600048850434783,0.0013650528989547909,0.01054545871767816,0.18802551841294252
1781866941.915336,37.56237483024597,mechanical_puppy,mixed_social_nonsocial_movie,mixed,1073,1,0.09693428007538048,0.17335450001758337,0.13514439004648193,0,1,0.49192034304141996,0.9623583197593689,0.23094622132208262,0.2581464239880783,-0.4346951174244022,0.4664739966392517,0.9724041521549225,0.0015575094121270802,0.00030249547291639816,0.004418437787742919,0.18567488741086158
1781866941.952666,37.59970498085022,mechanical_puppy,mixed_social_nonsocial_movie,mixed,1074,1,0.10975177429845498,0.18679442856186426,0.14827310143015962,0,1,0.492692756652832,0.9626968502998352,0.23918308630825708,0.2593582504866451,-0.6619957167844572,0.46663662791252136,0.9736577570438385,0.0012641100223316974,0.0002933993897953828,0.008703702428449022,0.1849209189897415
1781866941.9858508,37.63288974761963,mechanical_puppy,mixed_social_nonsocial_movie,mixed,1075,1,0.100128100150992,0.18213645446307467,0.14113227730703332,0,1,0.4919605255126953,0.9631183922290802,0.2215613274938771,0.2576777093919095,-1.04728309167148,0.4678651988506317,0.973852664232254,0.0012439354332381546,2.01745890935428e-05,0.006934456568417642,0.18537700293531206
1781866942.020821,37.66786003112793,mechanical_puppy,mixed_social_nonsocial_movie,mixed,1076,1,0.10683750451760313,0.14556101064886112,0.12619925758323214,0,1,0.4918082356452942,0.9636330485343934,0.23093680191395594,0.2608718543545663,-1.1226512048861337,0.46628810465335846,0.9733187258243561,0.00166502742635116,0.0004210919931130054,0.007410192536941749,0.18739053234884614
1781866942.05421,37.70124888420105,mechanical_puppy,mixed_social_nonsocial_movie,mixed,1077,1,0.0782379274305392,0.1273324072427787,0.10278516733665895,0,1,0.491178634762764,0.9647916436195374,0.21690278128732482,0.2530373631157119,-1.413363785132763,0.46802301704883575,0.977089524269104,0.00415076401773145,0.0024857365913802903,0.009490687111657157,0.19125124467429266
1781866942.08897,37.73600888252258,mechanical_puppy,mixed_social_nonsocial_movie,mixed,1078,1,0.05261937164760597,0.12093819269523201,0.08677878217141899,0,1,0.491973540186882,0.9657897293567657,0.22943684183746682,0.26294423239787573,-0.6559063914607606,0.46614870429039,0.9761457145214081,0.002098529284122173,0.0020522347336092775,0.006180867160600116,0.19152943017252994
1781866942.123828,37.77086687088013,mechanical_puppy,mixed_social_nonsocial_movie,mixed,1079,1,0.0635664063101413,0.1731269963803541,0.11834670134524769,0,1,0.4909216195344925,0.9661975502967834,0.21454241327013887,0.25049571269519927,-0.18528277479843608,0.4682486653327942,0.9794576466083527,0.0039215724560625305,0.0018230431719403577,0.007813648486315904,0.18867728945213574
1781866942.157983,37.80502200126648,mechanical_puppy,mixed_social_nonsocial_movie,mixed,1080,1,0.07462384077344666,0.14138204552381528,0.10800294314863097,0,1,0.49177058041095734,0.9669963240623474,0.2184002135697791,0.257464862197127,-0.9322006076169618,0.46718907356262207,0.9754487574100494,0.004146556079891932,0.0002249836238294011,0.005134317536231749,0.19084893340944303
1781866942.191158,37.838196992874146,mechanical_puppy,mixed_social_nonsocial_movie,mixed,1081,1,0.05809587265984753,0.13970242970121036,0.09889915118052894,0,1,0.4915661305189133,0.9670387446880341,0.20934740979234243,0.25793821250079796,-0.8027549441375053,0.46895258128643036,0.9784504771232605,0.003481419355465724,0.0006651367244262076,0.006097048901322376,0.19056617357360378
1781866942.226836,37.87387490272522,mechanical_puppy,mixed_social_nonsocial_movie,mixed,1082,1,0.06421713210279767,0.10716980275459721,0.08569346742869743,0,1,0.49169765710830693,0.9669027984142304,0.2367405667102145,0.2690128302718025,-1.2101503390394235,0.4666493386030197,0.9747008979320526,0.004400485310715609,0.0009190659552498846,0.016111355744489925,0.19252723211019535
1781866942.261565,37.90860390663147,mechanical_puppy,mixed_social_nonsocial_movie,mixed,1083,1,0.07672611697020974,0.1302017933828308,0.10346395517652027,0,1,0.49153794050216676,0.9669022321701051,0.21677734275915855,0.2637272739018572,-1.186418476334261,0.467764750123024,0.9763071238994598,0.001955531824678781,0.0024449534860368277,0.007329668624465297,0.18949263254053397
1781866942.2954519,37.94249081611633,mechanical_puppy,mixed_social_nonsocial_movie,mixed,1084,1,0.07480530523177586,0.20075770151933947,0.13778150337555767,0,1,0.4920795261859894,0.9672020018100739,0.21991357038103038,0.2613049653600347,-0.628281157046606,0.46747803688049316,0.9765986502170563,0.0004088912780848672,0.0015466405465939137,0.0053902529071624345,0.18760514141006657
1781866942.329618,37.976656913757324,mechanical_puppy,mixed_social_nonsocial_movie,mixed,1085,1,0.06696875110787773,0.16138211831652247,0.1141754347122001,0,1,0.49183209836483,0.967361330986023,0.21349578190837584,0.25419133638711766,-0.7850376263166396,0.4687768369913101,0.9816614985466003,0.005226788204607614,0.004817896926522747,0.008045292808882899,0.18829441843889683
1781866942.365271,38.01231002807617,mechanical_puppy,mixed_social_nonsocial_movie,mixed,1086,1,0.08512734170967737,0.12899373816681967,0.10706053993824852,0,1,0.4918621629476547,0.9671714186668396,0.2236697468211886,0.25933364110662627,-2.0621323002958487,0.46894946694374084,0.9782283306121826,0.003437505369652577,0.001789282834955037,0.027684235291597987,0.19003657089955334
1781866942.398921,38.04595994949341,mechanical_puppy,mixed_social_nonsocial_movie,mixed,1087,1,0.07329441593816052,0.16497454068311126,0.1191344783106359,0,1,0.4925301790237427,0.9669782459735871,0.23224647939485127,0.2637331396354972,-0.8445349072095599,0.4669312983751297,0.9753422141075134,0.0035217428710588535,8.423750140627633e-05,0.008658627062208785,0.190706158513648
1781866942.4331598,38.080198764801025,mechanical_puppy,mixed_social_nonsocial_movie,mixed,1088,1,0.08040067131242899,0.1970348636035523,0.13871776745799064,0,1,0.49229534566402433,0.9671126306056976,0.21742354698070088,0.2615297874169952,-0.9799118105394767,0.46828944981098175,0.9776150286197662,0.002647689772200277,0.0008740530988585763,0.008140144234975645,0.18828966495299904
1781866942.469339,38.11637783050537,mechanical_puppy,mixed_social_nonsocial_movie,mixed,1089,1,0.09028189909490182,0.16721594925276623,0.12874892417383402,0,1,0.4923258781433105,0.9665455996990204,0.21918088890173182,0.2604858413929891,-1.4943564964875449,0.46864011883735657,0.9778911173343658,0.00044631126401641107,0.002201378508183866,0.009149946226662896,0.18802378489217586
1781866942.501282,38.14832091331482,mechanical_puppy,mixed_social_nonsocial_movie,mixed,1090,1,0.08555256919402786,0.17364144500479084,0.12959700709940936,0,1,0.4926888197660446,0.9665790796279907,0.2143458230320402,0.26275669532652235,-0.7141986491136356,0.46893778443336487,0.9782799482345581,0.0004896879373553128,4.33766733389017e-05,0.006307543565731969,0.18797190615829162
1781866942.5377622,38.18480110168457,mechanical_puppy,mixed_social_nonsocial_movie,mixed,1091,1,0.08996207311684078,0.14988464507492003,0.1199233590958804,0,1,0.4924530655145645,0.9660597801208496,0.21694885159132518,0.2630142542997406,-1.383627041499219,0.46931925415992737,0.9757209718227386,0.002587253259449499,0.0020975653220941864,0.016046830243291437,0.18665787600179284
1781866942.571327,38.21836590766907,mechanical_puppy,mixed_social_nonsocial_movie,mixed,1092,1,0.09509590207027857,0.20526560099225702,0.1501807515312678,0,1,0.4924485832452774,0.9665900766849518,0.22700877242240408,0.2586515502274989,-1.0170978023287442,0.4682213068008423,0.9792309701442719,0.003677713504405667,0.0010904602449561679,0.012944066050730594,0.18554252441506824
1781866942.606113,38.25315189361572,mechanical_puppy,mixed_social_nonsocial_movie,mixed,1093,1,0.08849773922898994,0.11684563300337124,0.10267168611618059,0,1,0.49248723685741425,0.9662128448486328,0.21588031809965952,0.2578128024561981,-2.0692603601668615,0.4686969220638275,0.9769976735115051,0.0022833798913697422,0.0013943336130359247,0.00899170364494416,0.19035294175157233
1781866942.6388009,38.285839796066284,mechanical_puppy,mixed_social_nonsocial_movie,mixed,1094,1,0.0934270689801959,0.1616422618571081,0.127534665418652,0,1,0.4925977259874344,0.9657019972801208,0.21399525336940017,0.2622493568008851,-1.663130931024332,0.4686828851699829,0.9756819009780884,0.0013158474053182353,0.0009675324860515069,0.007123776891483751,0.1872474515491611
1781866942.674093,38.32113194465637,mechanical_puppy,mixed_social_nonsocial_movie,mixed,1095,1,0.09626275842845004,0.158504731176901,0.12738374480267553,0,1,0.49233115315437315,0.9656492888927459,0.2155037946209829,0.2610026694696518,-1.7243140146697644,0.4690793454647064,0.9767350852489471,0.0011253345607758435,0.00019051284454239185,0.01385020014439076,0.1870220187797802
1781866942.708213,38.3552520275116,mechanical_puppy,mixed_social_nonsocial_movie,mixed,1096,1,0.09538749078859426,0.14916651119381133,0.1222770009912028,0,1,0.49233146309852605,0.96616672873497,0.23115026013133755,0.2680357810588974,-1.2474871079128391,0.4673128128051758,0.9748536646366119,0.0025807714268621645,0.001455436866086321,0.008163156857257749,0.1896076026034983
1781866942.7447941,38.39183306694031,mechanical_puppy,mixed_social_nonsocial_movie,mixed,1097,1,0.08998841889444599,0.1395183061837507,0.11475336253909835,0,1,0.4935750037431717,0.966355949640274,0.21959426773989124,0.247601745675905,-1.9049904938128015,0.4675387442111969,0.9772651493549347,0.0024220453230546393,0.00015872610380752517,0.006793110814850589,0.1928948623076573
1781866942.777505,38.42454385757446,mechanical_puppy,mixed_social_nonsocial_movie,mixed,1098,1,0.10114476605001473,0.10045258922543282,0.10079867763772377,0,1,0.49302277266979216,0.9670797228813172,0.2184884628559491,0.250693709617997,-2.4023681499887912,0.46703025698661804,0.9719296395778656,0.005359685050332695,0.0029376397272780556,0.004374404926003658,0.20382950906730293
1781866942.8125372,38.45957612991333,mechanical_puppy,mixed_social_nonsocial_movie,mixed,1099,1,0.10057700813499308,0.09574060942273575,0.09815880877886442,0,1,0.4931567430496216,0.9670889854431153,0.2474920047471547,0.2563052108848917,-2.5982805064619328,0.46432358026504517,0.9665734767913818,0.006001214766230085,0.00064152971589739,0.0037545168039338213,0.2117397987623905
1781866942.84625,38.49328899383545,mechanical_puppy,mixed_social_nonsocial_movie,mixed,1100,1,0.0870034382296146,0.0508744829486473,0.06893896058913095,0,1,0.492404967546463,0.9667147040367127,0.24985915214360563,0.2523968676565814,-2.4538040043198035,0.46492689847946167,0.9666401445865631,0.0006069904964338824,0.005394224269796202,0.010367376952247388,0.21484284725460995
1781866942.8803551,38.52739405632019,mechanical_puppy,mixed_social_nonsocial_movie,mixed,1101,1,0.09769080531080898,0.06274851008583304,0.08021965769832101,0,1,0.4919483602046967,0.9642927408218384,0.24418994978462327,0.24881000723277696,-2.1432899590983805,0.4661531299352646,0.9717769026756287,0.005281091482712728,0.0046741009862788455,0.01058903961144169,0.2072117070741653
1781866942.915452,38.562490940093994,mechanical_puppy,mixed_social_nonsocial_movie,mixed,1102,1,0.09903127258618004,0.09167493333851187,0.09535310296234595,0,1,0.49253057539463047,0.9633896589279175,0.24522814717178415,0.2523664083645839,-1.6876441330874734,0.46569252014160156,0.9709577262401581,0.0009397932828279745,0.004341298199884753,0.011262584833100428,0.20348289889910828
1781866942.9522529,38.59929180145264,mechanical_puppy,mixed_social_nonsocial_movie,mixed,1103,1,0.11506927426405683,0.11214873279708411,0.11360900353057046,0,1,0.4926932692527771,0.9625101804733276,0.24652512505287807,0.24870462662052004,-1.9829648672971156,0.4654805064201355,0.97370845079422,0.0027588829968682744,0.0018190897140402998,0.008934912737822176,0.19722478299520707
1781866942.983818,38.63085699081421,mechanical_puppy,mixed_social_nonsocial_movie,mixed,1104,1,0.11448876238763811,0.10915584554322116,0.11182230396542964,0,1,0.49263238310813906,0.9617929339408875,0.2339287786511768,0.25742281422553837,-1.4403506562844401,0.46673011779785156,0.9719780087471008,0.0021344690847504262,0.0006244139121178481,0.006886244472794939,0.19453274735042647
1781866943.018305,38.66534399986267,mechanical_puppy,mixed_social_nonsocial_movie,mixed,1105,1,0.13580097815131978,0.20402061036523159,0.16991079425827568,0,1,0.492891451716423,0.9612443566322326,0.2370580100026265,0.25592946091620644,-1.0684463745381656,0.46599140763282776,0.9723031222820282,0.0008070882965961434,0.0013273807881542827,0.007155224282957715,0.1886222890841141
1781866943.053088,38.7001268863678,mechanical_puppy,mixed_social_nonsocial_movie,mixed,1106,1,0.11056347274648667,0.2499293824151952,0.18024642758084092,1,0,0.4920963436365127,0.9608104646205902,0.22447349082841317,0.2543688558350869,-0.22750574052625042,0.46700844168663025,0.973834216594696,0.0018380990345674393,0.0010310107379712958,0.007308932038112002,0.1859751074736366
1781866943.087831,38.734869956970215,mechanical_puppy,mixed_social_nonsocial_movie,mixed,1107,1,0.10350970346810666,0.1804653895743933,0.14198754652124998,0,1,0.49239651262760165,0.9604467809200287,0.22997097914273318,0.26326827251478013,-0.5033422903768056,0.4673750251531601,0.9713921248912811,0.0024694524344115254,0.0006313533998440861,0.010810318216625306,0.18783582025900405
1781866943.121005,38.768043994903564,mechanical_puppy,mixed_social_nonsocial_movie,mixed,1108,1,0.1259990780210505,0.23389912765289525,0.17994910283697288,0,1,0.49302472472190856,0.960341066122055,0.2364046439468497,0.2560723618577847,-0.2978088108099849,0.46707628667354584,0.9721453189849854,0.0008102752754423433,0.0016591771589691822,0.00775610301069305,0.18319532480377607
1781866943.156534,38.8035728931427,mechanical_puppy,mixed_social_nonsocial_movie,mixed,1109,1,0.14798954682670198,0.2733081262067699,0.21064883651673594,1,0,0.49286894798278813,0.9601965188980103,0.2360790432116685,0.25136998708713737,-0.6491279143067166,0.4676508754491806,0.9741134941577911,0.0020503330880455852,0.001240057812603242,0.010410912229108612,0.17815378888348365
1781866943.190885,38.837924003601074,mechanical_puppy,mixed_social_nonsocial_movie,mixed,1110,1,0.17232528117006152,0.20309387447769578,0.18770957782387865,1,0,0.49333145320415495,0.9598459422588348,0.23996657354601258,0.25885962926972034,-1.2394752443848438,0.46673861145973206,0.9712254405021667,0.0030287092142049525,0.0009783761261593672,0.012964782379709095,0.17965262853015027
1781866943.225557,38.87259602546692,mechanical_puppy,mixed_social_nonsocial_movie,mixed,1111,1,0.15342634654408951,0.2651909714939216,0.20930865901900558,1,0,0.49271498918533324,0.9598085761070252,0.240974742807866,0.2594482842003528,-0.15930177093658873,0.46522611379623413,0.9711722433567047,0.0015134328919288065,0.001515276322276146,0.007624653157947562,0.17944746496045433
1781866943.259697,38.90673589706421,mechanical_puppy,mixed_social_nonsocial_movie,mixed,1112,1,0.15247719756232686,0.1790645908432564,0.16577089420279162,0,1,0.4930216193199158,0.9600925803184509,0.2341651766980173,0.265229135606196,-0.5220713412697428,0.4664904326200485,0.9738085269927979,0.0029237806857190696,0.001410347793790263,0.009650926820038805,0.18169209821136287
1781866943.294474,38.94151282310486,mechanical_puppy,mixed_social_nonsocial_movie,mixed,1113,1,0.16072100892516636,0.17473275661674326,0.16772688277095482,0,1,0.49298750758171084,0.9602244913578033,0.22992205590603532,0.26733387447020973,-0.909043637413242,0.4667002260684967,0.9720924496650696,0.0017288535755681524,0.0011949271101509172,0.012214968612294439,0.1825396540952134
1781866943.328254,38.975292921066284,mechanical_puppy,mixed_social_nonsocial_movie,mixed,1114,1,0.14055016839886958,0.1875852484481297,0.16406770842349966,0,1,0.49284470081329346,0.9599419236183167,0.2336401960236676,0.25712986745020444,-0.30671699107969436,0.4661727696657181,0.9746633172035217,0.0026244180606563383,0.0008955644850881859,0.014438084125267925,0.18068152189982692
1781866943.364515,39.01155400276184,mechanical_puppy,mixed_social_nonsocial_movie,mixed,1115,1,0.1650048659799271,0.19897862629846463,0.1819917461391959,1,0,0.4919847339391708,0.9597765743732452,0.21524314402571415,0.26022981799005956,-1.1403158174089285,0.46822747588157654,0.9740656316280365,0.002139870482209262,0.00048454757844707637,0.008839848242983507,0.17963066162598013
1781866943.396569,39.04360795021057,mechanical_puppy,mixed_social_nonsocial_movie,mixed,1116,1,0.1621384848989163,0.22699747603957032,0.1945679804692433,1,0,0.4924501687288284,0.9601514160633087,0.23433671702516812,0.26806947901548533,-0.2940764439641382,0.46545346081256866,0.973445862531662,0.002842406258067913,0.000702535775858651,0.00741451882968332,0.17974446270758457
1781866943.432012,39.07905101776123,mechanical_puppy,mixed_social_nonsocial_movie,mixed,1117,1,0.13923792256651948,0.20360710555144945,0.17142251405898445,0,1,0.49161247313022616,0.9604627966880799,0.22999605576787563,0.2533958124961125,-1.3109271176008774,0.4667688012123108,0.9758960902690887,0.0027809596064037366,6.144665166417634e-05,0.010844970249282432,0.18055234250458244
1781866943.468386,39.1154248714447,mechanical_puppy,mixed_social_nonsocial_movie,mixed,1118,1,0.13828492946759574,0.22044438215974618,0.17936465581367095,0,1,0.4918675869703293,0.9612224221229553,0.2245055796179745,0.25975021559563233,-0.9435198364168671,0.46803900599479675,0.9750817716121674,0.001508819096002056,0.0012721405104016807,0.011106945494506552,0.18171914269978856
1781866943.500331,39.14736986160278,mechanical_puppy,mixed_social_nonsocial_movie,mixed,1119,1,0.11845270417073188,0.15256428751256715,0.1355084958416495,0,1,0.4923852145671844,0.9612568974494935,0.22646038172047916,0.26729478561956754,-1.207371402522661,0.46677640080451965,0.9723002314567566,0.0030546910650141403,0.0015458719690120844,0.01326045588552037,0.18555589863565286
1781866943.536161,39.183199882507324,mechanical_puppy,mixed_social_nonsocial_movie,mixed,1120,1,0.09421178231081019,0.2003518987295476,0.1472818405201789,0,1,0.49213711023330686,0.960697591304779,0.20435244557996596,0.2631477413282127,-0.814509548873288,0.468617707490921,0.9726853668689728,0.001881153794650856,0.0011735372703632844,0.006304381051611011,0.18378910928163264
1781866943.5711098,39.218148708343506,mechanical_puppy,mixed_social_nonsocial_movie,mixed,1121,1,0.13277755033289734,0.18642683754814068,0.159602193940519,0,1,0.4926561087369919,0.961276364326477,0.22440088131490438,0.2713676901765989,-1.0684072174485097,0.4666558504104614,0.9695354998111725,0.0037108685891533424,0.0018297147945024865,0.006965219288409069,0.18471238344156182
1781866943.605144,39.252182960510254,mechanical_puppy,mixed_social_nonsocial_movie,mixed,1122,1,0.11770998500414416,0.19232265698576378,0.15501632099495397,0,1,0.4924403309822083,0.961234849691391,0.2267416972140715,0.2652036037278459,-1.2341114558665756,0.46672913432121277,0.9724196791648865,0.002885110236362738,0.0008257583527906042,0.006165554779238392,0.18381324995935536
1781866943.637247,39.28428602218628,mechanical_puppy,mixed_social_nonsocial_movie,mixed,1123,1,0.10270466855079911,0.19847216462616546,0.1505884165884823,0,1,0.4926289409399033,0.9619158983230591,0.24431664226293873,0.2634042794799104,-0.7801379041707486,0.4658955931663513,0.9738666713237762,0.0016699033399380453,0.0012152068964246929,0.022155846094382807,0.18519640613181104
1781866943.672349,39.319387912750244,mechanical_puppy,mixed_social_nonsocial_movie,mixed,1124,1,0.10915115352391466,0.19070130040565653,0.14992622696478558,0,1,0.4921799451112747,0.9615518867969512,0.21754246348075346,0.25375111482365864,-1.3386032876700862,0.4679168462753296,0.9765211939811707,0.003336458402134605,0.0016665550621965599,0.009843179378184675,0.1850712973954315
1781866943.707815,39.3548538684845,mechanical_puppy,mixed_social_nonsocial_movie,mixed,1125,1,0.1031439583826515,0.17813227861260233,0.14063811849762692,0,1,0.4924436867237091,0.9623490095138549,0.24379550623678603,0.26231612251020586,-1.1348600580780217,0.4654580354690552,0.9729363918304443,0.004347017027905903,0.001010558625771298,0.011583646792567315,0.187301447519122
1781866943.744595,39.39163398742676,mechanical_puppy,mixed_social_nonsocial_movie,mixed,1126,1,0.11572404005559457,0.15622648707531048,0.13597526356545253,0,1,0.49181588292121886,0.9622388839721681,0.2443212458797623,0.252795804200526,-1.8865760965295293,0.4657662659883499,0.9758644104003906,0.002944197479615628,0.0014028195482902752,0.01931093312670559,0.18702055929571498
1781866943.7756019,39.422640800476074,mechanical_puppy,mixed_social_nonsocial_movie,mixed,1127,1,0.11366378799114803,0.17031721542134007,0.14199050170624405,0,1,0.4921152710914612,0.9628543972969055,0.24086145148950802,0.26015423682845945,-1.2215543002669702,0.46512217819690704,0.9747240245342255,0.001309705694740242,0.0016344917848753859,0.00919566499510436,0.1862989372929197
1781866943.8110552,39.458094120025635,mechanical_puppy,mixed_social_nonsocial_movie,mixed,1128,1,0.11968327497917404,0.13230389500810838,0.12599358499364122,0,1,0.49139966964721676,0.9625357866287232,0.23177286845202813,0.2555050535593801,-2.1790730777869474,0.46491509675979614,0.9760245084762573,0.0013168679527874626,7.162258047220538e-06,0.009066538182615328,0.18737222111526147
1781866943.84494,39.491978883743286,mechanical_puppy,mixed_social_nonsocial_movie,mixed,1129,1,0.115360161452551,0.10702093718807712,0.11119054932031405,0,1,0.4915113806724548,0.9617755532264709,0.23297309657488424,0.262087750616941,-2.346986741147005,0.4657663553953171,0.974580854177475,0.001675941227770747,0.0003590732749832843,0.01774392291991636,0.18690171986811274
1781866943.879348,39.526386976242065,mechanical_puppy,mixed_social_nonsocial_movie,mixed,1130,1,0.08732527857083777,0.11210956708340303,0.0997174228271204,0,1,0.4919455677270889,0.9615532517433167,0.23414886738719842,0.2668153291838055,-2.001894401436118,0.46525196731090546,0.9724033176898956,0.0022374673754323327,0.0005615261476615858,0.0070175863782133835,0.18665661538879535
1781866943.913064,39.56010293960571,mechanical_puppy,mixed_social_nonsocial_movie,mixed,1131,1,0.13174773952203434,0.12482840444204545,0.1282880719820399,0,1,0.49160508811473846,0.9615812301635742,0.23371952751580394,0.26681282463646466,-2.0559956829032657,0.4650152921676636,0.9731435179710388,0.0007771174812298465,0.0014603498942024863,0.014139424902112351,0.18456295140653267
1781866943.9484422,39.595481157302856,mechanical_puppy,mixed_social_nonsocial_movie,mixed,1132,1,0.10082564832738379,0.13406137619060426,0.11744351225899402,0,1,0.49171610474586486,0.9614061713218689,0.22666827556839073,0.26603522019457876,-2.466117783773897,0.46517403423786163,0.9714940786361694,0.0016570603984964228,0.0008799429172665764,0.01019298502249694,0.18507832679502864
1781866943.9827578,39.629796743392944,mechanical_puppy,mixed_social_nonsocial_movie,mixed,1133,1,0.11233298856154156,0.1621214197455424,0.13722720415354198,0,1,0.49151684939861295,0.9609947562217712,0.23175543795770212,0.2605622453876709,-1.441157819663514,0.46382132172584534,0.9730207324028015,0.0020397310762297455,0.0003826706777333227,0.013983347103043163,0.18295224923785353
1781866944.019042,39.666080951690674,mechanical_puppy,mixed_social_nonsocial_movie,mixed,1134,1,0.10899510741210643,0.1712238114002442,0.1401094594061753,0,1,0.4906645923852921,0.9604476690292358,0.22310716118997678,0.2572348190381582,-1.4605289001598027,0.46541279554367065,0.9756460189819336,0.00307000301879241,0.0010302719425626643,0.026694876330325294,0.1808711399984998
