timestamp,elapsed_time,stimulus_id,stimulus_type,paper_category,frame_index,face_detected,left_ear,right_ear,avg_ear,eye_open,blink_state,gaze_x,gaze_y,yaw_proxy,pitch_proxy,roll_proxy_deg,head_center_x,head_center_y,head_movement,head_acceleration,mouth_open,eyebrow_signal
1781866954.0671911,49.71423006057739,rhymes_and_toys,speech_attention_movie,speech_social,1426,1,0.08566331708831884,0.11637018549806365,0.10101675129319124,0,1,0.48817657828330996,0.9618875205516815,0.22849698574120708,0.25917878718008736,-2.4068234452021255,0.4646487832069397,0.9730114936828613,0.0,0.0,0.019837577144522854,0.19333781415618012
1781866954.100734,49.74777293205261,rhymes_and_toys,speech_attention_movie,speech_social,1427,1,0.07541486798455717,0.10947436208169138,0.09244461503312427,0,1,0.4883093684911728,0.962168711423874,0.23294982566304676,0.25578815484014505,-2.3005369686638644,0.4639502465724945,0.9738957285881042,0.001126865030654501,0.001126865030654501,0.011110673675669779,0.19402061796924003
1781866954.135467,49.78250598907471,rhymes_and_toys,speech_attention_movie,speech_social,1428,1,0.06604531134074829,0.11753646083516156,0.09179088608795492,0,1,0.4879979223012924,0.9621024906635285,0.24019676530777526,0.25525385667606876,-2.151396011256885,0.46312831342220306,0.9719051420688629,0.002153603676197954,0.001026738645543453,0.016866080853484528,0.19512148025425377
1781866954.170341,49.81737995147705,rhymes_and_toys,speech_attention_movie,speech_social,1429,1,0.08178870842713587,0.15458084940933614,0.118184778918236,0,1,0.4885784566402435,0.9617765665054321,0.24166589603981609,0.2561069330602056,-2.141936856805753,0.46341073513031006,0.9721469879150391,0.00037182177790270605,0.001781781898295248,0.0177445843386933,0.1913815988000787
1781866954.204534,49.85157299041748,rhymes_and_toys,speech_attention_movie,speech_social,1430,1,0.0763900432234785,0.14899968320550708,0.11269486321449279,0,1,0.48908751010894774,0.9616195321083069,0.23581737401313402,0.2624624432204807,-1.6344416325205637,0.46331432461738586,0.9708849191665649,0.001265745832652567,0.000893924054749861,0.014905525366459942,0.19241529139306587
1781866954.239618,49.88665699958801,rhymes_and_toys,speech_attention_movie,speech_social,1431,1,0.08981378811312768,0.14661027415585343,0.11821203113449055,0,1,0.4891917139291764,0.9620319902896881,0.2299895611035421,0.25582333536057394,-1.9489399255842226,0.46480032801628113,0.973442941904068,0.002958324936025602,0.001692579103373035,0.026414649908157815,0.19159134440761638
1781866954.2738292,49.920868158340454,rhymes_and_toys,speech_attention_movie,speech_social,1432,1,0.08710742237564402,0.1672884684594069,0.12719794541752547,0,1,0.4886750936508179,0.9620825231075287,0.2363774792449417,0.25294631623448544,-1.9777368711933199,0.4649713933467865,0.9743147194385529,0.0008884027335242834,0.0020699222025013187,0.021558724484494838,0.1909516588979758
1781866954.307401,49.954439878463745,rhymes_and_toys,speech_attention_movie,speech_social,1433,1,0.08014370846343656,0.14832478142197136,0.11423424494270396,0,1,0.4886723667383194,0.9624673008918763,0.2349835106708754,0.24854624917926954,-1.6737861606767273,0.4645944982767105,0.9758077561855316,0.0015398729238727791,0.0006514701903484958,0.018874674260240695,0.1910523505140303
1781866954.342138,49.989176988601685,rhymes_and_toys,speech_attention_movie,speech_social,1434,1,0.07281606664619109,0.16208580141345533,0.1174509340298232,0,1,0.48899533152580266,0.9618821382522583,0.2291063484567225,0.2514322011193353,-1.4276412193841743,0.46449366211891174,0.975693553686142,0.00015234874986838753,0.0013875241740043916,0.021910555529971436,0.19156301861289746
1781866954.375365,50.022403955459595,rhymes_and_toys,speech_attention_movie,speech_social,1435,1,0.07142030328329652,0.17375546886046664,0.12258788607188158,0,1,0.48881973922252653,0.9617414474487305,0.2242030015741554,0.2542260566479564,-1.0696707609192946,0.4638548195362091,0.9751245081424713,0.0008555306401559243,0.0007031818902875368,0.016534911176076656,0.19065701236522686
1781866954.412058,50.05909705162048,rhymes_and_toys,speech_attention_movie,speech_social,1436,1,0.07991020543266532,0.1291524794835894,0.10453134245812737,0,1,0.4888039141893387,0.9615619599819183,0.23471926555335224,0.2587093884511092,-1.3037811406850308,0.46371814608573914,0.9734278917312622,0.0017021124753809412,0.0008465818352250169,0.016065610997501124,0.19165949946105748
1781866954.4452322,50.09227108955383,rhymes_and_toys,speech_attention_movie,speech_social,1437,1,0.09697502095576627,0.15332441738928154,0.1251497191725239,0,1,0.48859467208385465,0.9613725185394287,0.21977831096749698,0.26050465628306474,-2.0423568200982363,0.4650748372077942,0.9735117852687836,0.0013592825042281862,0.000342829971152755,0.02350218064149381,0.18774709325343703
1781866954.479876,50.126914978027344,rhymes_and_toys,speech_attention_movie,speech_social,1438,1,0.11385296599116439,0.16262560406229734,0.13823928502673086,0,1,0.4884806603193283,0.9625771343708038,0.22244906555855568,0.25199108543777465,-2.532245709237637,0.4653254598379135,0.976186215877533,0.00268614794524493,0.0013268654410167437,0.020089307728028204,0.1886322291881232
1781866954.514706,50.161744832992554,rhymes_and_toys,speech_attention_movie,speech_social,1439,1,0.0953135071866552,0.1500506590499014,0.1226820831182783,0,1,0.48912531435489653,0.9629379332065582,0.23437167539777426,0.2583864589883426,-1.928180318092491,0.4643361419439316,0.9745155572891235,0.001941610160248194,0.000744537784996736,0.012551352689165386,0.19028404442671917
1781866954.548803,50.195842027664185,rhymes_and_toys,speech_attention_movie,speech_social,1440,1,0.08503865317183446,0.13808884439308497,0.11156374878245971,0,1,0.48878683149814606,0.9633005499839783,0.22271394236830164,0.2548570686398888,-1.3282364202626753,0.46507273614406586,0.9755866229534149,0.0012999048707099281,0.0006417052895382658,0.014995999358167892,0.19210989102544201
1781866954.582668,50.22970700263977,rhymes_and_toys,speech_attention_movie,speech_social,1441,1,0.10282346194430879,0.1499235016740241,0.12637348180916644,0,1,0.48914622366428373,0.9629979372024536,0.22563631382416116,0.2643522915586986,-2.3916200349418526,0.4655892103910446,0.9749547839164734,0.000816067531761603,0.0004838373389483251,0.016897281207969878,0.1902648024792437
1781866954.620109,50.2671480178833,rhymes_and_toys,speech_attention_movie,speech_social,1442,1,0.11057763031816903,0.13822402794762859,0.12440082913289881,0,1,0.48905758261680604,0.9635589838027954,0.23298597818475947,0.25542829611264795,-2.041765022510056,0.46467967331409454,0.9764982759952545,0.0017915427685676307,0.0009754752368060276,0.01833832263231336,0.1906086761843095
1781866954.652993,50.300031900405884,rhymes_and_toys,speech_attention_movie,speech_social,1443,1,0.09647835493077825,0.15679922056004328,0.12663878774541076,0,1,0.4889333248138428,0.9638118684291839,0.2263675699876886,0.2542945751729608,-1.8377700101382506,0.46531614661216736,0.9764101207256317,0.0006425493060629319,0.0011489934625046987,0.011818997207056122,0.19102530993235875
1781866954.686618,50.333657026290894,rhymes_and_toys,speech_attention_movie,speech_social,1444,1,0.0759108991627484,0.16716759946030246,0.12153924931152543,0,1,0.4886050850152969,0.9638833224773407,0.21521249776605927,0.2569226597660782,-1.3125884351020878,0.4657818675041199,0.9772692322731018,0.0009772249486159792,0.0003346756425530473,0.008870635073027,0.1916682996393172
1781866954.72065,50.36768889427185,rhymes_and_toys,speech_attention_movie,speech_social,1445,1,0.06100544833925375,0.13141384345116175,0.09620964589520775,0,1,0.4889260321855545,0.9634288132190705,0.2174900325132882,0.25656537927652334,-1.928084593312058,0.46547067165374756,0.9750314354896545,0.002259331162378786,0.0012821062137628068,0.011012402601525691,0.1925266542576303
1781866954.757157,50.40419602394104,rhymes_and_toys,speech_attention_movie,speech_social,1446,1,0.06493085872455888,0.11418078884968245,0.08955582378712067,0,1,0.4892335504293442,0.9634187877178192,0.22240502011320645,0.25958627198840334,-1.9980582498446107,0.4651637524366379,0.9741202890872955,0.0009614505563797775,0.0012978806059990085,0.012470341095734357,0.19481265602741218
1781866954.789238,50.43627691268921,rhymes_and_toys,speech_attention_movie,speech_social,1447,1,0.07351192448977639,0.12459687937764558,0.09905440193371098,0,1,0.4885576844215393,0.9636051952838898,0.2221895164278332,0.2568832345463457,-2.093869324036651,0.4652608036994934,0.9743697643280029,0.0002676879589146046,0.0006937625974651729,0.011801799985407625,0.1958622970110951
1781866954.824717,50.47175598144531,rhymes_and_toys,speech_attention_movie,speech_social,1448,1,0.08898523686371382,0.10917476368488888,0.09908000027430135,0,1,0.4879255175590515,0.9638408482074737,0.22050849931702346,0.25995250723442853,-2.136308187748692,0.46490468084812164,0.9721205830574036,0.0022772000073081264,0.0020095120483935216,0.017246505891979604,0.19739056257332438
1781866954.860167,50.507205963134766,rhymes_and_toys,speech_attention_movie,speech_social,1449,1,0.10573521035806253,0.1142564922382041,0.10999585129813332,0,1,0.4887515485286713,0.9635305225849151,0.22633467676058538,0.2595559126872792,-2.4483274411044067,0.4637905955314636,0.9738789200782776,0.00208157036195492,0.00019562964535320632,0.013563840648255639,0.1946062980711749
1781866954.8934321,50.54047107696533,rhymes_and_toys,speech_attention_movie,speech_social,1450,1,0.10124597814286973,0.1133676325043445,0.10730680532360712,0,1,0.4889594852924347,0.9634414851665497,0.23086763223180384,0.2591349263118382,-2.0253279707639837,0.4627933204174042,0.9736278057098389,0.0010284046281297371,0.001053165733825183,0.009113887213696508,0.19576220739211989
1781866954.927165,50.574203968048096,rhymes_and_toys,speech_attention_movie,speech_social,1451,1,0.07568887127519344,0.11948870294753382,0.09758878711136362,0,1,0.4885896474123001,0.9633830487728119,0.2168054315067404,0.2556412645516822,-2.2139069784797045,0.46486613154411316,0.9742088317871094,0.0021527046405572974,0.0011243000124275602,0.012668401007329739,0.1967449454932585
1781866954.963008,50.61004686355591,rhymes_and_toys,speech_attention_movie,speech_social,1452,1,0.07106191122604365,0.12467882287753483,0.09787036705178924,0,1,0.488906130194664,0.9638404726982117,0.2243670352442571,0.25644224979442853,-2.2081953958349128,0.46496105194091797,0.9740447998046875,0.0001895161549494734,0.001963188485607824,0.013828786735173541,0.19678258321224854
1781866954.9947178,50.641756772994995,rhymes_and_toys,speech_attention_movie,speech_social,1453,1,0.06724321233234412,0.09490128240532616,0.08107224736883514,0,1,0.48865474462509156,0.9641078114509583,0.22613981939271863,0.25651435740103323,-1.8828249792443532,0.46375852823257446,0.973819226026535,0.0012234977721754115,0.0010339816172259381,0.010250189689685094,0.1992060277487063
1781866955.030921,50.67795991897583,rhymes_and_toys,speech_attention_movie,speech_social,1454,1,0.07846327321544483,0.12826929774522086,0.10336628548033285,0,1,0.4885006785392761,0.9643816113471985,0.2143482824254269,0.2581170995309271,-1.600932811696165,0.46469996869564056,0.974168211221695,0.001004042236132981,0.00021945553604243062,0.007185506981942313,0.19599138335947242
1781866955.063615,50.71065402030945,rhymes_and_toys,speech_attention_movie,speech_social,1455,1,0.07568161141560137,0.1310599128550858,0.10337076213534359,0,1,0.4882799834012985,0.9643826961517334,0.21380470003162075,0.2516017894963686,-1.543592831503839,0.46489417552948,0.9763495028018951,0.002189919919120833,0.0011858776829878521,0.011776944133888245,0.1957187785769537
1781866955.098441,50.74547982215881,rhymes_and_toys,speech_attention_movie,speech_social,1456,1,0.06978160199479888,0.14010949565184702,0.10494554882332295,0,1,0.48835051953792574,0.9644403576850891,0.20817378447100754,0.2501013922968403,-2.2486433051896837,0.46559152007102966,0.9783112704753876,0.0020820234903547665,0.00010789642876606661,0.008457811870192018,0.19495006135271215
1781866955.132612,50.779650926589966,rhymes_and_toys,speech_attention_movie,speech_social,1457,1,0.09212722905085283,0.12976839383629915,0.11094781144357599,0,1,0.48856814205646515,0.9639462530612946,0.22361484528511674,0.2549292138095686,-2.245834148075405,0.464219868183136,0.9764903485774994,0.0022797336378996102,0.00019771014754484378,0.015025932271119199,0.19375318182361234
1781866955.168268,50.81530690193176,rhymes_and_toys,speech_attention_movie,speech_social,1458,1,0.08431159335018266,0.13342882843690693,0.10887021089354479,0,1,0.4882232964038849,0.963908976316452,0.21398342674335577,0.2551417215206089,-2.5834521770616936,0.46496616303920746,0.977444589138031,0.0012114169635441105,0.0010683166743554998,0.019118880421144353,0.1935925100307566
1781866955.2045681,50.85160708427429,rhymes_and_toys,speech_attention_movie,speech_social,1459,1,0.07711780838702587,0.10661282564041341,0.09186531701371964,0,1,0.4887831598520279,0.963812804222107,0.22095123126728755,0.24696408784161467,-2.4090897079234055,0.46538472175598145,0.980585128068924,0.0031683080935795502,0.0019568911300354395,0.026682489897319868,0.19531983502008254
1781866955.2375429,50.88458180427551,rhymes_and_toys,speech_attention_movie,speech_social,1460,1,0.07995178409630686,0.14879917761188508,0.11437548085409596,0,1,0.4886414498090744,0.9641008615493775,0.2393664786873911,0.2489957564614446,-2.60964303032177,0.46444882452487946,0.9780085682868958,0.0027412704969684344,0.0004270375966111159,0.024433055154975146,0.1939292044463068
1781866955.27129,50.91832900047302,rhymes_and_toys,speech_attention_movie,speech_social,1461,1,0.07045971882290003,0.12364981279441076,0.0970547658086554,0,1,0.48853451013565063,0.9643069565296173,0.22630352056065148,0.2480870940980339,-1.9113791772407387,0.46576812863349915,0.9784820675849915,0.0014017007228070899,0.0013395697741613445,0.021134134730769655,0.19597085804577263
1781866955.306391,50.95342993736267,rhymes_and_toys,speech_attention_movie,speech_social,1462,1,0.08387643424262983,0.12214377324607337,0.1030101037443516,0,1,0.4888184010982513,0.964110141992569,0.22526161334308853,0.2510457538866403,-2.9706565811240866,0.46674346923828125,0.9803179502487183,0.0020788829813891295,0.0006771822585820396,0.024839306426830413,0.1933242712949639
1781866955.340657,50.987695932388306,rhymes_and_toys,speech_attention_movie,speech_social,1463,1,0.06284778724652251,0.0718568589522883,0.0673523230994054,0,1,0.488622373342514,0.9653449952602386,0.2544145556829151,0.2480310904449341,-1.9428731873040082,0.46135319769382477,0.9757749140262604,0.007049411708897536,0.004970528727508407,0.00998943820376435,0.20165423380635045
1781866955.374109,51.02114796638489,rhymes_and_toys,speech_attention_movie,speech_social,1464,1,0.06600314128911962,0.07563314634229978,0.0708181438157097,0,1,0.4884644538164139,0.9681581914424896,0.2336003436150329,0.23674003130003107,-3.957447136655275,0.46316489577293396,0.9768474996089935,0.0021053953933014473,0.004944016315596089,0.009100254119877782,0.20750332464820798
1781866955.411628,51.058666944503784,rhymes_and_toys,speech_attention_movie,speech_social,1465,1,0.06631132864877361,0.06952061230853371,0.06791597047865366,0,1,0.48908451199531555,0.9672571837902069,0.2310611434602685,0.2504306494844373,-2.6967546321683087,0.4625891298055649,0.9720175266265869,0.004864169555017415,0.0027587741617159673,0.009745006370178326,0.21051985826931024
1781866955.444277,51.09131598472595,rhymes_and_toys,speech_attention_movie,speech_social,1466,1,0.05813424671620822,0.06042041918901762,0.05927733295261292,0,1,0.4882772028446198,0.9659557938575745,0.23510001446476375,0.2526909768831958,-3.3395131652163137,0.46218129992485046,0.9719370007514954,0.0004157037745351797,0.004448465780482235,0.010818738273152778,0.20888498033891412
1781866955.478202,51.12524104118347,rhymes_and_toys,speech_attention_movie,speech_social,1467,1,0.06500724585952211,0.06748296311178434,0.06624510448565323,0,1,0.48745394051074986,0.9657191276550293,0.2389573489619291,0.25917914518330065,-1.8163633251739613,0.4626619815826416,0.9707391560077667,0.0012906924057323505,0.0008749886311971707,0.01673775648405915,0.20728969943323294
1781866955.51396,51.160998821258545,rhymes_and_toys,speech_attention_movie,speech_social,1468,1,0.06708087849666652,0.08520373346816923,0.07614230598241788,0,1,0.4871658861637116,0.9649447619915008,0.23784156114260255,0.2532095188211047,-1.9053851233620538,0.4622485935688019,0.9744393825531006,0.003723246719837368,0.0024325543141050176,0.019324543572876628,0.20118486374366013
1781866955.546859,51.19389796257019,rhymes_and_toys,speech_attention_movie,speech_social,1469,1,0.053700710209417364,0.14183183666833207,0.09776627343887472,0,1,0.4876008093357086,0.964796668291092,0.208130659730044,0.2489942688498759,-1.2919427716808058,0.464874267578125,0.9759644567966461,0.003036447834487022,0.0006867988853503462,0.009512159806091394,0.19730183622311634
1781866955.582102,51.22914099693298,rhymes_and_toys,speech_attention_movie,speech_social,1470,1,0.06448602127028018,0.12623304002325764,0.09535953064676891,0,1,0.4875688076019287,0.9644603192806245,0.2178455500309034,0.25037418434992914,-1.5514762612193878,0.4637293070554733,0.9765849709510803,0.0013022950565382586,0.0017341527779487632,0.012732313886960465,0.1956493865166365
1781866955.619487,51.266525983810425,rhymes_and_toys,speech_attention_movie,speech_social,1471,1,0.059221001330392445,0.12909105321047418,0.09415602727043332,0,1,0.48719145655632023,0.9637004315853119,0.20988227020967068,0.25270440403541206,-1.8425138346071959,0.46437516808509827,0.9762564897537231,0.0007245939322167909,0.0005777011243214677,0.007961743778079549,0.1959124070080414
1781866955.65066,51.297698974609375,rhymes_and_toys,speech_attention_movie,speech_social,1472,1,0.07385511594454339,0.11734378072487771,0.09559944833471054,0,1,0.48696594536304477,0.9628926634788513,0.2218693908292116,0.25252021538765407,-2.3020185712584875,0.4644038677215576,0.9759689271450043,0.00028899121624385404,0.00043560271597293686,0.02606894091712555,0.193631888997196
1781866955.683944,51.33098292350769,rhymes_and_toys,speech_attention_movie,speech_social,1473,1,0.07242138494391405,0.10639657568078123,0.08940898031234765,0,1,0.48684064149856565,0.9623521745204926,0.22155654201286115,0.25537813515589897,-2.265771989884262,0.46443334221839905,0.9754472374916077,0.0005225216171845208,0.00023353040094066676,0.01791218581611701,0.19155100573450234
1781866955.7191901,51.36622905731201,rhymes_and_toys,speech_attention_movie,speech_social,1474,1,0.0627257374530786,0.12491895732302229,0.09382234738805045,0,1,0.4874028146266937,0.9619321465492249,0.2144568461371542,0.26101475287349973,-2.693162901912604,0.4653325229883194,0.9720457494258881,0.0035183301604919696,0.002995808543307449,0.014883158755423682,0.19126292835000805
1781866955.754739,51.40177798271179,rhymes_and_toys,speech_attention_movie,speech_social,1475,1,0.07598495604331007,0.14770201470821898,0.11184348537576452,0,1,0.48784708976745605,0.9617744147777557,0.23431890459494656,0.25655116320042015,-2.2335983984811167,0.46296530961990356,0.9723447263240814,0.0023860189264253446,0.001132311234066625,0.011209002644664135,0.18909736182344403
1781866955.787997,51.435035943984985,rhymes_and_toys,speech_attention_movie,speech_social,1476,1,0.07558312988982732,0.07917341847501375,0.07737827418242053,0,1,0.4883044272661209,0.962715083360672,0.23018012154407508,0.27091263907881924,-1.7497603513525857,0.46269291639328003,0.9690162539482117,0.0033395997405135853,0.0009535808140882407,0.010011362962839316,0.19644847183764924
1781866955.821644,51.46868300437927,rhymes_and_toys,speech_attention_movie,speech_social,1477,1,0.05724948567485752,0.09913486104974169,0.07819217336229961,0,1,0.48906121850013734,0.963727605342865,0.23131509293951827,0.2598125316613997,-1.6672285628823604,0.463117316365242,0.9728555381298065,0.003862669849112884,0.0005230701085992989,0.017731381379983105,0.19766990956068223
1781866955.858426,51.505465030670166,rhymes_and_toys,speech_attention_movie,speech_social,1478,1,0.048172253149564324,0.09946403510789449,0.0738181441287294,0,1,0.4887134194374085,0.9638870775699615,0.2099511016100642,0.26188389572008325,-2.3888849148914257,0.465420663356781,0.9731018245220184,0.0023164767105284113,0.0015461931385844729,0.01856156638196573,0.19908841565212707
1781866955.891348,51.538386821746826,rhymes_and_toys,speech_attention_movie,speech_social,1479,1,0.050722240702562614,0.07430846149547406,0.06251535109901833,0,1,0.4884550780057907,0.9644898533821106,0.23096150378789265,0.2561584184030478,-1.7126660777493987,0.46151821315288544,0.9770341217517853,0.0055400432396432225,0.003223566529114811,0.006796245461477825,0.19829125415345975
1781866955.925845,51.57288384437561,rhymes_and_toys,speech_attention_movie,speech_social,1480,1,0.04965597864102749,0.11380645404869517,0.08173121634486133,0,1,0.4873032152652741,0.9648014664649963,0.2129231560410436,0.24875860664971597,-1.525004241893288,0.46327751874923706,0.9760943055152893,0.0019945953824612134,0.003545447857182009,0.007869216391310904,0.19781578847258138
1781866955.9611351,51.608174085617065,rhymes_and_toys,speech_attention_movie,speech_social,1481,1,0.05964691069113092,0.12102308709103946,0.09033499889108519,0,1,0.4885253548622131,0.9649325370788574,0.2245652344330341,0.24973878069815686,-1.4952142868603842,0.462779700756073,0.9767883121967316,0.000854089004849257,0.0011405063776119564,0.018294350922592892,0.1969629850884189
1781866955.99489,51.641928911209106,rhymes_and_toys,speech_attention_movie,speech_social,1482,1,0.05672471162171243,0.09545980242469818,0.0760922570232053,0,1,0.4874306291341782,0.965342891216278,0.2135248705784669,0.2452429100677871,-2.2467946525116496,0.46523618698120117,0.9763768017292023,0.00249071584873318,0.0016366268438839232,0.02897547073239663,0.20068231087069452
1781866956.029909,51.676947832107544,rhymes_and_toys,speech_attention_movie,speech_social,1483,1,0.06199396196149522,0.10013748655124576,0.08106572425637049,0,1,0.48860265612602233,0.9651012241840362,0.23425872980884233,0.2552165096311218,-1.832472430869618,0.46313905715942383,0.9745400547981262,0.002787757661312253,0.00029704181257907266,0.012738460781871092,0.1979291369782585
1781866956.0642,51.711238861083984,rhymes_and_toys,speech_attention_movie,speech_social,1484,1,0.05790618932029847,0.10156465793492835,0.0797354236276134,0,1,0.48820483982563023,0.9652879655361175,0.2099209139244117,0.2561961111935025,-1.7981493102961617,0.4640115052461624,0.9752159714698792,0.0011036435163617724,0.0016841141449504804,0.00893144666780935,0.19851672948458354
1781866956.098433,51.7454719543457,rhymes_and_toys,speech_attention_movie,speech_social,1485,1,0.059915662647216365,0.10144799538740383,0.0806818290173101,0,1,0.48834695219993596,0.964467453956604,0.2231898035040262,0.26038428170824485,-2.158106137728961,0.4639004021883011,0.9732497334480286,0.001969374481412066,0.0008657309650502935,0.01065150357818914,0.19727214147147676
1781866956.131788,51.77882695198059,rhymes_and_toys,speech_attention_movie,speech_social,1486,1,0.058612449551833055,0.08780236718515018,0.07320740836849161,0,1,0.4880425274372101,0.9646068215370178,0.2138831676138873,0.25133974835850703,-1.7470183729482813,0.4646565020084381,0.9744681417942047,0.0014339476406211402,0.0005354268407909257,0.011429027681946848,0.20035280296189673
1781866956.1668632,51.813902139663696,rhymes_and_toys,speech_attention_movie,speech_social,1487,1,0.06262298935952924,0.09577527189068137,0.07919913062510531,0,1,0.4883856177330017,0.9642061650753021,0.2143141968667788,0.2570702117637742,-2.0173218955799683,0.46454179286956787,0.9730668365955353,0.0014059923350994246,2.7955305521715646e-05,0.01113433525985994,0.19891011282500448
1781866956.202431,51.849469900131226,rhymes_and_toys,speech_attention_movie,speech_social,1488,1,0.06656583635434618,0.08032187966233609,0.07344385800834113,0,1,0.4886140584945679,0.9643660247325897,0.21031478830783631,0.2608132952940545,-1.8958957702406591,0.46516871452331543,0.9718069732189178,0.0014072265232290963,1.2341881296716942e-06,0.011534446661176506,0.20036809576789716
1781866956.235896,51.88293504714966,rhymes_and_toys,speech_attention_movie,speech_social,1489,1,0.06195196055830637,0.08372727482007927,0.07283961768919282,0,1,0.4887821882963181,0.9644251644611359,0.21860663378385495,0.2591974418056129,-2.339478622306299,0.46488091349601746,0.9735523760318756,0.0017689715686790004,0.00036174504544990416,0.012756242137557165,0.19941568922954064
1781866956.2699158,51.91695475578308,rhymes_and_toys,speech_attention_movie,speech_social,1490,1,0.08051937408542192,0.13084700690116796,0.10568319049329494,0,1,0.4883093327283859,0.9650807201862335,0.22160518330782628,0.25195705827799936,-2.2595919718372346,0.46374496817588806,0.9780279099941254,0.00461744258411243,0.0028484710154334293,0.010451620831247241,0.19424532601254557
1781866956.305045,51.95208382606506,rhymes_and_toys,speech_attention_movie,speech_social,1491,1,0.08055580439618708,0.11329429964733848,0.09692505202176277,0,1,0.48777621388435366,0.964846920967102,0.21633364539955716,0.25045987037590656,-1.8888882452271971,0.46370595693588257,0.9768663346767426,0.0011622302245251359,0.003455212359587294,0.014090682481615185,0.19495093428028232
1781866956.338469,51.98550796508789,rhymes_and_toys,speech_attention_movie,speech_social,1492,1,0.06056234750929459,0.1130062906391707,0.08678431907423265,0,1,0.48827091157436375,0.9650397598743439,0.2181509142939222,0.255721519394237,-1.4861020108458745,0.46308301389217377,0.9745679199695587,0.0023813374817325144,0.0012191072572073785,0.010343075414441126,0.1963641692991267
1781866956.373064,52.020102977752686,rhymes_and_toys,speech_attention_movie,speech_social,1493,1,0.06206158953343974,0.09612357015066038,0.07909257984205006,0,1,0.4880756378173828,0.9652733087539673,0.20867685484453918,0.25722745147175424,-2.631833728038712,0.46498097479343414,0.974304586648941,0.0019161419625018993,0.00046519551923061516,0.009730247574464772,0.1993794369582293
1781866956.4085078,52.05554676055908,rhymes_and_toys,speech_attention_movie,speech_social,1494,1,0.06839488549610395,0.09479375294706631,0.08159431922158514,0,1,0.4887842684984207,0.9646063208580017,0.23823258357194263,0.2644693140163963,-3.088452029022112,0.4625648260116577,0.9738107919692993,0.002466091669286077,0.0005499497067841779,0.01078198661141674,0.1952709047218158
1781866956.442034,52.089072942733765,rhymes_and_toys,speech_attention_movie,speech_social,1495,1,0.06204253162247608,0.13404090718207373,0.09804171940227491,0,1,0.4871389478445053,0.9640915155410767,0.2172196649616238,0.2673326004692294,-2.5289226968422986,0.46383629739284515,0.9723178148269653,0.0019610252983351447,0.0005050663709509325,0.01367442405439746,0.19320266789987928
1781866956.476458,52.123497009277344,rhymes_and_toys,speech_attention_movie,speech_social,1496,1,0.07801608870872377,0.13266996575112788,0.10534302722992583,0,1,0.48749192953109743,0.9630292177200317,0.22416608931007292,0.2669503693215293,-3.401005535607686,0.46378491818904877,0.9712124764919281,0.0011065318149450696,0.0008544934833900752,0.012833978113378315,0.19055170927298498
1781866956.512457,52.15949583053589,rhymes_and_toys,speech_attention_movie,speech_social,1497,1,0.0776488125021153,0.13500702436533457,0.10632791843372494,0,1,0.48747562766075136,0.9629680335521698,0.23433013911573,0.2648535065603191,-2.96790874088889,0.46253517270088196,0.9720999896526337,0.0015328220365126803,0.0004262902215676108,0.009570208199621767,0.19146578495288122
1781866956.5441961,52.191235065460205,rhymes_and_toys,speech_attention_movie,speech_social,1498,1,0.07392834236530701,0.13402214638440202,0.10397524437485452,0,1,0.4877481549978256,0.9631902277469635,0.2358365125816395,0.2546653403374719,-2.6307642284257113,0.46190860867500305,0.9735385775566101,0.0015691136466148368,3.629161010215644e-05,0.01242137208582351,0.19300560030561248
1781866956.5797389,52.22677779197693,rhymes_and_toys,speech_attention_movie,speech_social,1499,1,0.09338289992698337,0.13256251696670807,0.11297270844684572,0,1,0.48733588457107546,0.9627595007419586,0.23189057868848229,0.25458386797348176,-2.2592859659458426,0.46218112111091614,0.9755086004734039,0.0019887818684863673,0.0004196682218715305,0.01626146902515615,0.19107405891042692
1781866956.6146681,52.261707067489624,rhymes_and_toys,speech_attention_movie,speech_social,1500,1,0.09821316949926875,0.10480511197088341,0.10150914073507608,0,1,0.48540725111961364,0.9616358995437622,0.21826585139186985,0.2519873091303838,-2.9563045995307053,0.46339330077171326,0.9745371341705322,0.0015534240591884227,0.00043535780929794456,0.017732898350532433,0.1900737722061607
1781866956.6463091,52.29334807395935,rhymes_and_toys,speech_attention_movie,speech_social,1501,1,0.2372891011875619,0.08708183454770459,0.16218546786763324,0,1,0.48476906716823576,0.9583670437335968,0.227039284320631,0.2632918157476789,-3.7850704824465873,0.4628521651029587,0.9713932871818542,0.0031900786354286093,0.0016366545762401866,0.011311174497062412,0.17547184676132904
1781866956.6825469,52.329585790634155,rhymes_and_toys,speech_attention_movie,speech_social,1502,1,0.37226857214050374,0.21998363937289994,0.29612610575670184,1,0,0.4851260960102081,0.9539816200733184,0.23076000145355682,0.2658415924133825,-4.081704387393131,0.4629039019346237,0.9700782597064972,0.001316044817129982,0.0018740338182986272,0.010749114212257677,0.1572410018605862
1781866956.716806,52.363844871520996,rhymes_and_toys,speech_attention_movie,speech_social,1503,1,0.3719143947756357,0.30746798319573354,0.3396911889856846,1,0,0.48442113399505615,0.9516006708145142,0.23347959930220907,0.2580504185371368,-4.172741195730598,0.4619002342224121,0.9710125625133514,0.001371229598364844,5.5184781234861964e-05,0.011969610624533465,0.15273631405126786
1781866956.751751,52.39878988265991,rhymes_and_toys,speech_attention_movie,speech_social,1504,1,0.4004989068275192,0.3445404975567325,0.3725197021921258,1,0,0.4839771270751953,0.9506219089031219,0.2233660115355187,0.26028760213599755,-4.522815157629041,0.46328169107437134,0.9688706994056702,0.0025487252903895288,0.0011774956920246847,0.013863357985011503,0.14954605023857565
1781866956.784962,52.43200087547302,rhymes_and_toys,speech_attention_movie,speech_social,1505,1,0.3949806071344575,0.29347079676951365,0.34422570195198554,1,0,0.48418475985527043,0.9501651525497437,0.21636844544422398,0.2641542357074851,-4.969443792322829,0.4640965163707733,0.9684825837612152,0.000902537543333936,0.0016461877470555926,0.009545666662478434,0.1508595593747484
1781866956.820292,52.46733093261719,rhymes_and_toys,speech_attention_movie,speech_social,1506,1,0.40125270268739327,0.39024132909527165,0.39574701589133243,1,0,0.48455730974674227,0.9496432065963745,0.2141492152142225,0.26505524792226665,-4.937759690662683,0.46380898356437683,0.9691115915775299,0.0006916111246496995,0.00021092641868423654,0.0049225586943225244,0.1477484291235396
1781866956.85609,52.50312900543213,rhymes_and_toys,speech_attention_movie,speech_social,1507,1,0.4241016412739541,0.40878036421587133,0.4164410027449127,1,0,0.48450566828250885,0.9489769816398621,0.21239157557834074,0.26077682595761775,-4.5617101953760795,0.46439819037914276,0.970145046710968,0.0011896193439063587,0.0004980082192566592,0.00687852662597407,0.14687264461786112
1781866956.8898969,52.536935806274414,rhymes_and_toys,speech_attention_movie,speech_social,1508,1,0.42732066698018417,0.41663672489251774,0.42197869593635096,1,0,0.48451695740222933,0.9488145172595978,0.21285135784727216,0.2649583839652489,-4.495478236840686,0.46487076580524445,0.9680116772651672,0.0021850841461214993,0.0009954648022151406,0.0076948331487139785,0.1456332865543727
1781866956.9229891,52.57002806663513,rhymes_and_toys,speech_attention_movie,speech_social,1509,1,0.4169337006922181,0.42888418516635357,0.4229089429292858,1,0,0.48465737104415896,0.948968482017517,0.21189477417436878,0.26066054394263055,-4.425071159718228,0.4640028774738312,0.9690412878990173,0.0013465987572920555,0.0008384853888294438,0.009281869990550534,0.14584270503669872
1781866956.957083,52.604121923446655,rhymes_and_toys,speech_attention_movie,speech_social,1510,1,0.42876237189674327,0.4118149599978842,0.42028866594731373,1,0,0.4850879818201065,0.9498064756393433,0.21268410745162766,0.256547447074392,-3.8977679514366836,0.4652457982301712,0.9695222973823547,0.0013327498375919537,1.3848919700101782e-05,0.0074119986368293405,0.14958772617419552
1781866956.994903,52.64194202423096,rhymes_and_toys,speech_attention_movie,speech_social,1511,1,0.4051617099306666,0.388717221999673,0.3969394659651698,1,0,0.48490793406963345,0.9503082573413849,0.21658859724527088,0.25875476837833217,-4.250936583948761,0.464924618601799,0.9705311954021454,0.0010587877823335483,0.0002739620552584055,0.00921184223065716,0.15248784757753822
1781866957.0271628,52.67420172691345,rhymes_and_toys,speech_attention_movie,speech_social,1512,1,0.40849271006414645,0.40922633279255266,0.4088595214283496,1,0,0.48475095331668855,0.9503716647624969,0.2150433292526929,0.256500800808652,-4.107474441445532,0.4648709148168564,0.971155971288681,0.0006270797436638856,0.0004317080386696627,0.008952247904671012,0.15167540773985888
1781866957.062027,52.70906591415405,rhymes_and_toys,speech_attention_movie,speech_social,1513,1,0.42095660484247643,0.40765595521146797,0.41430628002697223,1,0,0.4845946788787842,0.9503370583057404,0.21173736705146617,0.2653187069997744,-4.111974440119825,0.4648614525794983,0.9691224694252014,0.0020335238780773844,0.0014064441344134987,0.009045681239443746,0.152618867441116
1781866957.09477,52.74180889129639,rhymes_and_toys,speech_attention_movie,speech_social,1514,1,0.4000227689498296,0.4208913678820985,0.4104570684159641,1,0,0.4847189635038376,0.9505371570587158,0.21576153951282545,0.26165312799894497,-3.7324499589003044,0.4643585830926895,0.9689604938030243,0.0005283122400086799,0.0015052116380687044,0.008564135157150828,0.15362518540253164
1781866957.129971,52.77700996398926,rhymes_and_toys,speech_attention_movie,speech_social,1515,1,0.4044856576709353,0.3899943759378601,0.3972400168043977,1,0,0.4849307358264923,0.950718230009079,0.22412810924659177,0.25998414983318846,-4.011358740728995,0.4643499553203583,0.9686403870582581,0.00032022299495856855,0.00020808924505011134,0.010623875377545113,0.1552746782179753
1781866957.1636999,52.81073880195618,rhymes_and_toys,speech_attention_movie,speech_social,1516,1,0.41242240807401837,0.4159811445955077,0.41420177633476307,1,0,0.4849985212087631,0.9507197201251983,0.22650642276055877,0.25776084905000635,-3.610786960617368,0.46375012397766113,0.9686920046806335,0.00060204818629538,0.0002818251913368115,0.009064433715050344,0.15365782590021848
1781866957.198228,52.845266819000244,rhymes_and_toys,speech_attention_movie,speech_social,1517,1,0.38632463482604457,0.2836895892012443,0.3350071120136444,1,0,0.4843545794487,0.9481907844543457,0.2223873656825145,0.2593013658087618,-4.264647914925134,0.4645248204469681,0.9683700203895569,0.0008389448749809412,0.00023689668868556116,0.017566111905327062,0.15232170137754475
1781866957.232705,52.87974405288696,rhymes_and_toys,speech_attention_movie,speech_social,1518,1,0.42188719612643377,0.3833955832867213,0.40264138970657753,1,0,0.4846939414739609,0.9476186990737915,0.23466434650936607,0.26311080242285134,-3.7295535555487627,0.46288202702999115,0.9671392738819122,0.0020526829216764688,0.0012137380466955274,0.011327246510724994,0.14603419522747257
1781866957.266552,52.91359090805054,rhymes_and_toys,speech_attention_movie,speech_social,1519,1,0.41936303537539565,0.3071570341498082,0.36326003476260194,1,0,0.4843434363603592,0.9470544159412384,0.23324778884513936,0.25792912427089204,-4.435383575095442,0.4636664092540741,0.9662918150424957,0.001154747573265464,0.0008979353484110048,0.021472918112980837,0.14931118658442305
1781866957.3025799,52.94961881637573,rhymes_and_toys,speech_attention_movie,speech_social,1520,1,0.42564999561123995,0.3671418919606642,0.3963959437859521,1,0,0.4847851097583771,0.9466303646564485,0.22994472631613516,0.2563234046289623,-4.230145042800463,0.46383488178253174,0.9665880501270294,0.0003407905781467471,0.0008139569951187168,0.015867104700685038,0.14694281631658926
1781866957.337195,52.98423385620117,rhymes_and_toys,speech_attention_movie,speech_social,1521,1,0.4300838926866985,0.43189782756653716,0.4309908601266178,1,0,0.4846291869878769,0.9467961013317108,0.22047492362796603,0.26336390113970287,-3.973998613046059,0.46436938643455505,0.9651954770088196,0.0014916283426494815,0.0011508377645027344,0.011800588006684898,0.14549184456883887
1781866957.3711948,53.01823377609253,rhymes_and_toys,speech_attention_movie,speech_social,1522,1,0.4236337918849183,0.39758823068408417,0.4106110112845012,1,0,0.48476325571537016,0.9471384823322296,0.22219929770225158,0.26215006820818176,-4.019408733803696,0.46430203318595886,0.9653824865818024,0.00019876881164726298,0.0012928595310022185,0.011615118414826186,0.1466774816761758
1781866957.406275,53.053313970565796,rhymes_and_toys,speech_attention_movie,speech_social,1523,1,0.43594385847510103,0.45048412906851143,0.44321399377180626,1,0,0.48480567932128904,0.9472699999809264,0.21630184427733623,0.26769730839598593,-4.057444929466854,0.46560171246528625,0.9664519131183624,0.0016831040806235997,0.0014843352689763367,0.013207094825478724,0.1435440976214754
1781866957.440728,53.087766885757446,rhymes_and_toys,speech_attention_movie,speech_social,1524,1,0.42534870323646773,0.46357954380082755,0.4444641235186476,1,0,0.4847725301980972,0.9471575319766998,0.21239590873733288,0.2620531356058632,-3.709391020306731,0.46506157517433167,0.9684293270111084,0.002049857067286532,0.00036675298666293205,0.008367643771633291,0.14373922682953877
1781866957.475161,53.12220001220703,rhymes_and_toys,speech_attention_movie,speech_social,1525,1,0.44541182169838245,0.45289892137416216,0.4491553715362723,1,0,0.4846913397312164,0.9471546947956084,0.20014054160408307,0.2637054662516248,-3.80342390523949,0.4662325382232666,0.9683379530906677,0.0011745227351174182,0.0008753343321691136,0.008002487177963766,0.14340188037603108
1781866957.511314,53.158352851867676,rhymes_and_toys,speech_attention_movie,speech_social,1526,1,0.453853226827882,0.48770696945433495,0.47078009814110844,1,0,0.48469966948032384,0.9470023393630982,0.21541699597578615,0.2529433848201664,-3.476644822073249,0.4650970995426178,0.9701263010501862,0.002118350637129566,0.0009438279020121476,0.009092984803084613,0.14237206894401358
1781866957.544121,53.19115996360779,rhymes_and_toys,speech_attention_movie,speech_social,1527,1,0.4401961404430452,0.4472556578690477,0.44372589915604643,1,0,0.4847240597009659,0.9475360691547394,0.21257557482240616,0.25567908481649504,-3.6156672120340696,0.4653123915195465,0.9695892333984375,0.0005786123900200285,0.0015397382471095374,0.008891129750614993,0.14486174252500697
1781866957.579351,53.22638988494873,rhymes_and_toys,speech_attention_movie,speech_social,1528,1,0.4574262536786209,0.41774605346402643,0.4375861535713237,1,0,0.48464561998844147,0.9477484464645386,0.21528211924008991,0.2561605886004959,-3.9424373831677606,0.4654273986816406,0.9695889055728912,0.00011500762932315014,0.0004636047606968783,0.010731334019530083,0.14577760152630767
1781866957.61226,53.2592990398407,rhymes_and_toys,speech_attention_movie,speech_social,1529,1,0.4675954953409227,0.43162190725952715,0.4496087013002249,1,0,0.48486981689929964,0.9473957002162934,0.2046554136637261,0.256278988752597,-3.855997016548563,0.4663214534521103,0.9689354300498962,0.0011074132885933547,0.0009924056592702046,0.009736014607350506,0.1452221386374429
1781866957.647158,53.29419684410095,rhymes_and_toys,speech_attention_movie,speech_social,1530,1,0.4807880461330896,0.43171301056985767,0.4562505283514736,1,0,0.48487579822540283,0.9468406856060028,0.19447085925772373,0.24842237935534486,-3.5035105898718455,0.4671855717897415,0.9721744060516357,0.0033522628240152895,0.002244849535421935,0.007935145580954907,0.14353970277458192
1781866957.679453,53.326491832733154,rhymes_and_toys,speech_attention_movie,speech_social,1531,1,0.45761372048781407,0.4971545273500797,0.4773841239189469,1,0,0.4844734102487564,0.947184681892395,0.22340655277830304,0.2557995535194813,-3.385615401460646,0.46355076134204865,0.9701386392116547,0.004166076525632216,0.0008138137016169265,0.007859624409233944,0.1436581068749647
1781866957.716177,53.363215923309326,rhymes_and_toys,speech_attention_movie,speech_social,1532,1,0.4541835549904258,0.41534692942043816,0.434765242205432,1,0,0.4850221395492553,0.9469167351722718,0.21749969138485362,0.25180419095344253,-4.605164300136912,0.4652257263660431,0.9676278829574585,0.003018179053600015,0.0011478974720322012,0.02198589263583373,0.14749439774646003
1781866957.749331,53.39636993408203,rhymes_and_toys,speech_attention_movie,speech_social,1533,1,0.46103528770809316,0.45960043740348444,0.46031786255578877,1,0,0.4849798321723938,0.9464581072330475,0.21467553564136063,0.24878451056826664,-3.92839552433882,0.46520207822322845,0.9695427119731903,0.0019149750374736062,0.0011032040161264086,0.008467980559437474,0.14474801004957755
1781866957.786678,53.433717012405396,rhymes_and_toys,speech_attention_movie,speech_social,1534,1,0.4684250074999551,0.44002214865141487,0.454223578075685,1,0,0.485004061460495,0.9464908719062806,0.2143785493857395,0.250491713520002,-4.151504073788075,0.4655889868736267,0.9686885476112366,0.0009377073429299946,0.0009772676945436116,0.007934267438987268,0.14567655705720572
1781866957.818458,53.46549701690674,rhymes_and_toys,speech_attention_movie,speech_social,1535,1,0.4511004359554047,0.4395963287568514,0.44534838235612806,1,0,0.4850263833999634,0.9462051153182984,0.21370606943422651,0.2479919162624926,-4.213964877328075,0.46500086784362793,0.9670449793338776,0.0017456232914886203,0.0008079159485586257,0.010477990942335744,0.1464005932423344
1781866957.853834,53.50087285041809,rhymes_and_toys,speech_attention_movie,speech_social,1536,1,0.4903055435534389,0.45370847884589866,0.4720070111996688,1,0,0.48504835963249204,0.9460919857025147,0.20978427089192853,0.24685879969546345,-3.9908598885694135,0.46555355191230774,0.9682613611221313,0.0013360555132807702,0.00040956777820785016,0.01177011184501258,0.14422328273210688
1781866957.887007,53.534045934677124,rhymes_and_toys,speech_attention_movie,speech_social,1537,1,0.49110921077401315,0.46101583969349436,0.47606252523375375,1,0,0.4850427329540252,0.9457438826560974,0.20933952326542526,0.2493681798421779,-4.015330914554329,0.465922549366951,0.967669665813446,0.0006973252181395656,0.0006387302951412046,0.01021604004222912,0.14340944490386948
1781866957.923018,53.5700569152832,rhymes_and_toys,speech_attention_movie,speech_social,1538,1,0.49553578514317437,0.46276172234323576,0.4791487537432051,1,0,0.4850992649793625,0.9462282001972199,0.2162360513645284,0.24639265470923805,-3.6340244612108843,0.46548962593078613,0.9692057371139526,0.0015959128240041179,0.0008985876058645523,0.018335563063015137,0.14380031194332965
1781866957.956513,53.60355186462402,rhymes_and_toys,speech_attention_movie,speech_social,1539,1,0.4847661526340763,0.4739741424151858,0.47937014752463103,1,0,0.4853516280651093,0.9461419105529785,0.21640968889943019,0.24629362760673007,-3.384964661548963,0.46623218059539795,0.9695701599121094,0.0008271586339712317,0.0007687541900328862,0.021644785798499346,0.1430977913703799
1781866957.990908,53.63794684410095,rhymes_and_toys,speech_attention_movie,speech_social,1540,1,0.4658972116490733,0.5299929767531822,0.49794509420112776,1,0,0.484900575876236,0.945831710100174,0.23099990521558747,0.25559740979284684,-2.992257129672671,0.4633859694004059,0.9667352139949799,0.004017192616684875,0.0031900339827136436,0.011108229913891243,0.14226688660439402
1781866958.0255969,53.67263579368591,rhymes_and_toys,speech_attention_movie,speech_social,1541,1,0.4417281093014337,0.44737253502850466,0.44455032216496915,1,0,0.48529867827892303,0.9463395118713379,0.2206949845778168,0.2564108834819097,-3.4289584179864985,0.4655735492706299,0.966172844171524,0.002258708814111055,0.0017584838025738203,0.0230037793264297,0.1465109286984757
1781866958.060606,53.70764493942261,rhymes_and_toys,speech_attention_movie,speech_social,1542,1,0.44847542427060416,0.49161288012220933,0.4700441521964067,1,0,0.4853046178817749,0.9459575593471528,0.22702883065263324,0.2541161279064302,-3.5141393513700927,0.46494561433792114,0.9688689708709717,0.0027682849309979473,0.0005095761168868924,0.017938276140320425,0.14397121970718438
1781866958.0944629,53.741501808166504,rhymes_and_toys,speech_attention_movie,speech_social,1543,1,0.4592890389051173,0.4735597307116545,0.4664243848083859,1,0,0.48560122549533846,0.9461953341960907,0.22582873454941635,0.2589789413299216,-3.3046724984022693,0.46575114130973816,0.9693499505519867,0.000938197823422117,0.0018300871075758304,0.0214872786262186,0.14243867163917534
1781866958.128531,53.775569915771484,rhymes_and_toys,speech_attention_movie,speech_social,1544,1,0.46324267799622343,0.4816201814155398,0.4724314297058816,1,0,0.4853280782699585,0.9460649192333221,0.22326978034493541,0.2585218719244073,-2.9386078283289585,0.465374231338501,0.9684269726276398,0.0009969700974702149,5.877227404809781e-05,0.009533639210087595,0.1432583487931254
1781866958.163326,53.810364961624146,rhymes_and_toys,speech_attention_movie,speech_social,1545,1,0.48043379855473206,0.47732798272480687,0.47888089063976946,1,0,0.48561592102050777,0.9460325419902802,0.23689844539916455,0.2564600711846108,-2.966395808025167,0.46466711163520813,0.9669218063354492,0.0016629924359213475,0.0006660223384511326,0.019786591741846285,0.1432820156018017
1781866958.197488,53.84452700614929,rhymes_and_toys,speech_attention_movie,speech_social,1546,1,0.45625188968908353,0.4453030069109745,0.450777448300029,1,0,0.48561183810234065,0.9458710551261902,0.21979734124066413,0.2615254247521226,-4.039350572546893,0.4660844951868057,0.9654192328453064,0.002065599967471774,0.00040260753155042664,0.01938524968210218,0.14523319917819655
1781866958.231935,53.878973960876465,rhymes_and_toys,speech_attention_movie,speech_social,1547,1,0.46938886902233284,0.45581061708677517,0.462599743054554,1,0,0.4855052024126053,0.9454928159713745,0.2199312542361315,0.2566727528515024,-3.0571030777429002,0.46458734571933746,0.9667245447635651,0.001986276851772839,7.932311569893531e-05,0.006077509648517285,0.14512662156720169
1781866958.26654,53.91357898712158,rhymes_and_toys,speech_attention_movie,speech_social,1548,1,0.46120074494733465,0.44212927381687545,0.4516650093821051,1,0,0.48556581735610965,0.9459686160087586,0.20863123871033906,0.25527848195695735,-4.03196466419328,0.4664002060890198,0.9645525217056274,0.002829160102252502,0.000842883250479663,0.012584678965585343,0.1474280251086595
1781866958.3015208,53.94855976104736,rhymes_and_toys,speech_attention_movie,speech_social,1549,1,0.4658763101889847,0.47129649175219135,0.468586400970588,1,0,0.48555023968219757,0.9456304669380188,0.2048478621577446,0.254143403920565,-3.7780394129446213,0.46663525700569153,0.9665670394897461,0.002028184122795205,0.0008009759794572967,0.008176633665386112,0.14647334526662362
1781866958.335552,53.98259091377258,rhymes_and_toys,speech_attention_movie,speech_social,1550,1,0.48355408805498645,0.4760550238093635,0.47980455593217497,1,0,0.4855759799480438,0.9452893674373626,0.21075750849040154,0.25059088357584874,-3.485013023834202,0.46633297204971313,0.9673275947570801,0.000818425628435674,0.0012097584943595312,0.008026718330023412,0.14542099809887327
1781866958.37066,54.017699003219604,rhymes_and_toys,speech_attention_movie,speech_social,1551,1,0.47445342119799555,0.4777389701440713,0.47609619567103345,1,0,0.48577374815940855,0.9451265215873719,0.21585556307279347,0.2531997275218563,-3.745224361318848,0.4662548303604126,0.9666047990322113,0.0007270074163963657,9.141821203930822e-05,0.007563877016408428,0.14512780216089852
1781866958.4060469,54.053085803985596,rhymes_and_toys,speech_attention_movie,speech_social,1552,1,0.5015764167208013,0.47850276778736783,0.49003959225408456,1,0,0.48559596240520475,0.9453831434249877,0.21298277919085498,0.2509535547147007,-3.2430611992882596,0.46610862016677856,0.9674783945083618,0.0008857462823366196,0.0001587388659402538,0.009038257483897255,0.14555718946123072
1781866958.4388359,54.085874795913696,rhymes_and_toys,speech_attention_movie,speech_social,1553,1,0.4919932789642202,0.4670665937668889,0.4795299363655545,1,0,0.48592440187931063,0.9451613485813141,0.22371507842050944,0.2557378838791899,-3.4638848804156566,0.4653249979019165,0.9651162326335907,0.002488749199218304,0.0016030029168816844,0.01142261614938382,0.1458674665536571
1781866958.472606,54.1196448802948,rhymes_and_toys,speech_attention_movie,speech_social,1554,1,0.47563752520178776,0.46632129450832394,0.4709794098550558,1,0,0.4858334451913834,0.9448030471801758,0.22421367984939186,0.2584782018287347,-3.1100291120631534,0.46490907669067383,0.9662730395793915,0.0012293058056539496,0.0012594433935643543,0.007033148821119255,0.14559044721202313
1781866958.5087092,54.15574812889099,rhymes_and_toys,speech_attention_movie,speech_social,1555,1,0.4899909185605598,0.44315016926096606,0.4665705439107629,1,0,0.4863384574651718,0.9447292208671569,0.2217762235936663,0.25991076290163034,-3.3526153567937196,0.4655609577894211,0.9641355872154236,0.002234647975663252,0.0010053421700093026,0.009728279906151728,0.14671285947279694
1781866958.5415812,54.18862009048462,rhymes_and_toys,speech_attention_movie,speech_social,1556,1,0.48562360003589566,0.4368903698193883,0.461256984927642,1,0,0.4862130492925644,0.9445008337497711,0.21218142736293513,0.25783616879863724,-3.09382783276789,0.4660719335079193,0.9638462066650391,0.0005872284800958064,0.0016474194955674458,0.0072832942730474875,0.14700992731187773
1781866958.577808,54.224846839904785,rhymes_and_toys,speech_attention_movie,speech_social,1557,1,0.4971502348578464,0.4474738733087835,0.47231205408331495,1,0,0.48631390631198884,0.9442842364311218,0.21437726568899182,0.2604887531751383,-3.2732267253843896,0.46709680557250977,0.9634513258934021,0.0010983139681286509,0.0005110854880328445,0.010450658419859394,0.147170731737613
1781866958.611647,54.25868582725525,rhymes_and_toys,speech_attention_movie,speech_social,1558,1,0.4972560926669046,0.4887279974585673,0.492992045062736,1,0,0.48613098859786985,0.9440531492233276,0.22012860059373418,0.25415388308518155,-2.392266242465941,0.46583497524261475,0.9658405184745789,0.0027019357822481702,0.0016036218141195194,0.009001348990298688,0.14506472741336102
1781866958.6451032,54.292142152786255,rhymes_and_toys,speech_attention_movie,speech_social,1559,1,0.4970457593113168,0.46046494021140266,0.4787553497613597,1,0,0.48650908172130586,0.9441845715045929,0.21153842614939714,0.25504975454703305,-3.101936972996028,0.4671882838010788,0.9650884568691254,0.0015482379380474206,0.0011536978442007496,0.010483526213894817,0.1467119943575934
1781866958.6789272,54.325966119766235,rhymes_and_toys,speech_attention_movie,speech_social,1560,1,0.5002513987838533,0.5176841895298324,0.5089677941568429,1,0,0.48601591885089873,0.9437668025493622,0.22713041916011828,0.25541164349718065,-2.3381528298098186,0.46573129296302795,0.9652920365333557,0.0014711447861622039,7.709315188521673e-05,0.00984938350161108,0.14391789050795062
1781866958.714644,54.3616828918457,rhymes_and_toys,speech_attention_movie,speech_social,1561,1,0.4745083763561206,0.4620479499885269,0.46827816317232374,1,0,0.4865775674581527,0.9437260627746582,0.21883875440058,0.25004666993471414,-2.963118869098697,0.4661489576101303,0.965789258480072,0.0006493638592772862,0.0008217809268849177,0.015089038585912706,0.14617246434509565
1781866958.7485929,54.39563179016113,rhymes_and_toys,speech_attention_movie,speech_social,1562,1,0.4918783510125853,0.4708526199574269,0.48136548548500613,1,0,0.4865246117115021,0.9431605100631714,0.22519887567917315,0.2485911498901905,-2.5390780337656826,0.4662519693374634,0.9652920961380005,0.0005077221783044293,0.00014164168097285685,0.01555243113228598,0.14502268673911603
1781866958.782846,54.429884910583496,rhymes_and_toys,speech_attention_movie,speech_social,1563,1,0.4856149686227743,0.48134381334711435,0.4834793909849443,1,0,0.48652544617652893,0.942651903629303,0.23871475005834655,0.2509026674369862,-2.382165796408904,0.46513962745666504,0.9656555652618408,0.0011702197502021774,0.0006624975718977481,0.01567595226768184,0.1448474033427481
1781866958.817255,54.46429395675659,rhymes_and_toys,speech_attention_movie,speech_social,1564,1,0.5045840836757242,0.4508203019809669,0.47770219282834553,1,0,0.48686150312423704,0.9427368223667145,0.21672269380247416,0.2543277496262883,-1.9296478153859853,0.46676941215991974,0.964599072933197,0.0019422600802792107,0.0007720403300770333,0.010926017334263292,0.1446588786894604
1781866958.852222,54.499260902404785,rhymes_and_toys,speech_attention_movie,speech_social,1565,1,0.4892479414351295,0.46727141439249803,0.47825967791381374,1,0,0.4871875196695328,0.9427891850471497,0.22283553366386755,0.2572241981864393,-2.50823148918315,0.4664050042629242,0.9617656767368317,0.002856733645436757,0.0009144735651575465,0.012828755696503012,0.1475885613868571
1781866958.88621,54.53324890136719,rhymes_and_toys,speech_attention_movie,speech_social,1566,1,0.47242294305675725,0.4579189338278409,0.46517093844229906,1,0,0.48719680309295654,0.9428982734680176,0.20960645665868494,0.25378873849153033,-2.850895833294725,0.4679454267024994,0.9641250967979431,0.0028177587400488985,3.897490538785865e-05,0.014166409008664175,0.1481866594148711
1781866958.9209769,54.568015813827515,rhymes_and_toys,speech_attention_movie,speech_social,1567,1,0.47579561108352914,0.5129487898432009,0.49437220046336505,1,0,0.48684771955013273,0.9430761575698853,0.23380355273435768,0.2553742811289568,-1.8812281679666276,0.4635336101055145,0.9639926850795746,0.0044138031841703595,0.001596044444121461,0.010872328665702789,0.14579816986878405
1781866958.955252,54.602290868759155,rhymes_and_toys,speech_attention_movie,speech_social,1568,1,0.41549032858976676,0.3906168950624212,0.403053611826094,1,0,0.48655321896076204,0.9441003024578094,0.2180329807815727,0.25534068376666824,-2.208739657342626,0.46686995029449463,0.9634524881839752,0.003379789718698336,0.0010340134654720236,0.01068354839483221,0.15442861963982574
1781866958.9899662,54.6370050907135,rhymes_and_toys,speech_attention_movie,speech_social,1569,1,0.12501024017324935,0.14123642735918152,0.13312333376621543,0,1,0.48858289122581483,0.9514783799648285,0.24341909566596903,0.26045579906717153,-0.5666482095274866,0.46442094445228577,0.964765876531601,0.002778959979354181,0.0006008297393441547,0.014377320127422618,0.18705275334859864
1781866959.02327,54.67030882835388,rhymes_and_toys,speech_attention_movie,speech_social,1570,1,0.08416259915862952,0.1659808410100156,0.12507172008432255,0,1,0.4910868704319,0.9525015890598297,0.23653892596668166,0.26144689395562254,1.7381363031926278,0.4631081819534302,0.9637147486209869,0.0016817298424162417,0.0010972301369379395,0.010006981879582308,0.19556469835479093
1781866959.058369,54.7054078578949,rhymes_and_toys,speech_attention_movie,speech_social,1571,1,0.10747174686856151,0.08773401457090482,0.09760288071973316,0,1,0.48845545649528505,0.9520570397377014,0.22383916074632268,0.25645657461792276,0.33070651988426286,0.463216632604599,0.9674498736858368,0.003736699184281304,0.0020549693418650625,0.010405982804545874,0.19352355642323177
1781866959.093041,54.74007987976074,rhymes_and_toys,speech_attention_movie,speech_social,1572,1,0.34778399186227504,0.14441610747456424,0.24610004966841964,1,0,0.48729589879512786,0.9494570195674896,0.22822997618809138,0.25591404338559637,-0.7839326478363733,0.46327681839466095,0.9631305634975433,0.0043197294859772225,0.0005830303016959183,0.019458745082103417,0.17984596017476315
1781866959.127551,54.77459001541138,rhymes_and_toys,speech_attention_movie,speech_social,1573,1,0.37484559098444925,0.2272879744986083,0.30106678274152876,1,0,0.4893106758594513,0.9458074271678925,0.22315916255262888,0.25993255698231793,1.5272345578957098,0.4633956700563431,0.9651010632514954,0.001974080798196872,0.0023456486877803506,0.02046843474805083,0.16587918242519
1781866959.162168,54.80920696258545,rhymes_and_toys,speech_attention_movie,speech_social,1574,1,0.3764233980738183,0.3184514482502785,0.3474374231620484,1,0,0.48467603623867034,0.9422622740268707,0.19511369946067159,0.2494098440637146,0.8414234304061493,0.46483518183231354,0.9668394029140472,0.002256993339724025,0.00028291254152715316,0.020862004647741846,0.15843478836198502
1781866959.1966772,54.84371614456177,rhymes_and_toys,speech_attention_movie,speech_social,1575,1,0.400643175706315,0.37899942099126016,0.3898212983487876,1,0,0.4837469935417175,0.938773375749588,0.20031768867484312,0.2469449650004696,1.931279262444006,0.46413424611091614,0.9681428372859955,0.0014799500152055819,0.0007770433245184432,0.009905759170891234,0.15544074085865225
1781866959.230596,54.87763500213623,rhymes_and_toys,speech_attention_movie,speech_social,1576,1,0.40319892376010197,0.42083297142940773,0.41201594759475485,1,0,0.48284042775630953,0.9370480895042419,0.2086460388898964,0.2420453829536102,2.6407713991624564,0.4618504047393799,0.9655128419399261,0.003483217898823869,0.002003267883618287,0.011385056032671415,0.1511835732447113
1781866959.265263,54.912302017211914,rhymes_and_toys,speech_attention_movie,speech_social,1577,1,0.43921790068479166,0.4251521550732673,0.43218502787902946,1,0,0.4825680136680603,0.9355065166950225,0.18804306633942222,0.22551480295658258,3.127359667088384,0.4629904627799988,0.9693694710731506,0.004021606719610417,0.000538388820786548,0.013005270080225033,0.15118812223586764
1781866959.298972,54.94601082801819,rhymes_and_toys,speech_attention_movie,speech_social,1578,1,0.4198683787216806,0.43227578685486534,0.42607208278827297,1,0,0.482137194275856,0.934398889541626,0.19361714564716373,0.23562199008423082,2.4232869366750376,0.46259379386901855,0.9672688543796539,0.0021377410315413007,0.0018838656880691162,0.01280637918096293,0.14954480603212827
1781866959.334591,54.981629848480225,rhymes_and_toys,speech_attention_movie,speech_social,1579,1,0.4867259009014051,0.44804827425192967,0.46738708757666736,1,0,0.48185304999351497,0.9338700830936432,0.19331280005100546,0.24866511885430892,2.475977349048055,0.46267613768577576,0.9647988080978394,0.002471418446654502,0.0003336774151132013,0.009692098986578095,0.14629953905887214
1781866959.369612,55.016650915145874,rhymes_and_toys,speech_attention_movie,speech_social,1580,1,0.4444489828068679,0.45865696198934036,0.4515529723981041,1,0,0.4813586592674255,0.9335724413394928,0.18325514934020148,0.2419676652319766,2.4812157257306753,0.4618372768163681,0.9682922959327698,0.00359279067175228,0.001121372225097778,0.008348402546752074,0.14422358886791944
1781866959.402316,55.049355030059814,rhymes_and_toys,speech_attention_movie,speech_social,1581,1,0.4445301782132089,0.43881024899540827,0.4416702136043086,1,0,0.480614322423935,0.9337099432945252,0.18278702827443016,0.24190195259933775,2.8892290327143457,0.46139779686927795,0.9701897203922272,0.0019476555658641383,0.0016451351058881416,0.009221433763843273,0.14383442896906892
1781866959.4374342,55.08447313308716,rhymes_and_toys,speech_attention_movie,speech_social,1582,1,0.44105057155160277,0.45604173428144557,0.44854615291652417,1,0,0.4801008254289627,0.9333159148693084,0.17893158200406162,0.24509981275224052,2.858474054204651,0.4622848480939865,0.9698334336280823,0.0009559289375062316,0.0009917266283579066,0.010638374580095204,0.14354464432176606
1781866959.471426,55.118464946746826,rhymes_and_toys,speech_attention_movie,speech_social,1583,1,0.4300971891334816,0.49271385450870586,0.46140552182109373,1,0,0.4795280694961548,0.9337303519248963,0.1904422144578608,0.25024357169593264,2.5016629935421064,0.45981621742248535,0.9676597714424133,0.003289216424877415,0.0023332874873711836,0.013281076038947246,0.14299193725094883
1781866959.506724,55.15376305580139,rhymes_and_toys,speech_attention_movie,speech_social,1584,1,0.4815420811006222,0.4486240224136991,0.46508305175716064,1,0,0.47930899262428284,0.9341864645481109,0.18664359888290294,0.2543110114283061,2.378797253703511,0.4612332880496979,0.9646325707435608,0.0033424591596071594,5.324273472974428e-05,0.011063656995493892,0.1441063340361252
1781866959.5400908,55.187129735946655,rhymes_and_toys,speech_attention_movie,speech_social,1585,1,0.45889105134784497,0.47880524874623187,0.4688481500470384,1,0,0.47939556539058686,0.935172301530838,0.1767217368698366,0.25708346000509014,2.0788517347720936,0.4605465680360794,0.9670335352420807,0.002497241458140773,0.0008452177014663864,0.01127293687329533,0.14294323729208674
1781866959.5774348,55.22447371482849,rhymes_and_toys,speech_attention_movie,speech_social,1586,1,0.47188669239136277,0.4562238733900944,0.4640552828907286,1,0,0.47953897416591645,0.9354749202728272,0.16128612706907083,0.25924817234541553,2.0474451281583588,0.46180224418640137,0.9660039842128754,0.0016237912169441973,0.0008734502411965757,0.009813277107660223,0.1417966840755341
1781866959.610239,55.257277965545654,rhymes_and_toys,speech_attention_movie,speech_social,1587,1,0.4710214746007559,0.474983021404888,0.473002248002822,1,0,0.47997689843177793,0.9348297953605651,0.17009851184032335,0.2527655658693934,1.9800343187234646,0.4611102193593979,0.9694266021251678,0.0034918779667586514,0.0018680867498144542,0.01071491227119046,0.1406330503235605
1781866959.6434839,55.290522813797,rhymes_and_toys,speech_attention_movie,speech_social,1588,1,0.4656295979852959,0.495565929592355,0.48059776378882546,1,0,0.48073255419731137,0.9343489885330201,0.17321750863065397,0.24793618150428928,2.2586429310225666,0.46322259306907654,0.9682557284832001,0.0024151744812324467,0.0010767034855262048,0.008283453321969114,0.14176855399187088
1781866959.678415,55.325453996658325,rhymes_and_toys,speech_attention_movie,speech_social,1589,1,0.4549690872610905,0.47211774632141407,0.46354341679125227,1,0,0.48200514614582063,0.933326905965805,0.16964570635719947,0.24614681618540274,2.0521903862827457,0.46339401602745056,0.9681706726551056,0.0001913643763884499,0.002223810104843997,0.011305025155927344,0.14149486831056587
1781866959.7127948,55.35983371734619,rhymes_and_toys,speech_attention_movie,speech_social,1590,1,0.46615733558483063,0.4675142794809122,0.4668358075328714,1,0,0.4828772515058517,0.9326224327087402,0.16925634986082735,0.2404050765138907,2.845210688066672,0.4638030230998993,0.9686216711997986,0.0006088402685666239,0.00041747589217817405,0.010275243981536425,0.1428753636191006
1781866959.747048,55.394086837768555,rhymes_and_toys,speech_attention_movie,speech_social,1591,1,0.4581640669034479,0.46993405677397254,0.4640490618387102,1,0,0.4835182249546051,0.9322655856609344,0.1698041027169223,0.24490233080656656,3.0583352588921895,0.46517643332481384,0.9684961438179016,0.0013791347901875818,0.0007702945216209578,0.008989223235651132,0.14183888963374033
1781866959.781335,55.42837405204773,rhymes_and_toys,speech_attention_movie,speech_social,1592,1,0.45601286482538894,0.47803687424506497,0.4670248695352269,1,0,0.483721649646759,0.9329738080501556,0.19341985077090224,0.2388085101577846,2.3911894929975728,0.4638853967189789,0.970443844795227,0.0023367316094665917,0.0009575968192790099,0.008097600582416872,0.1412113919170038
1781866959.816928,55.463966846466064,rhymes_and_toys,speech_attention_movie,speech_social,1593,1,0.4858111592202149,0.48319646283161194,0.48450381102591344,1,0,0.48380151093006135,0.9322615742683411,0.18092707048592255,0.2527170373509262,2.6045695017789887,0.4648241400718689,0.9646786153316498,0.005841156550743581,0.0035044249412769894,0.007599530959521031,0.14162035281011734
1781866959.8500018,55.49704074859619,rhymes_and_toys,speech_attention_movie,speech_social,1594,1,0.47007809341022794,0.46971209319652973,0.46989509330337886,1,0,0.48379915058612827,0.9323060750961303,0.18700475883515408,0.24446034539426414,2.7245290674970217,0.46461114287376404,0.9663663506507874,0.0017011226627921122,0.004140033887951469,0.007407386353767845,0.14247622166748433
1781866959.884462,55.531501054763794,rhymes_and_toys,speech_attention_movie,speech_social,1595,1,0.475789955899804,0.4624601612228694,0.4691250585613367,1,0,0.4836929827928543,0.9323884308338166,0.1772746481351694,0.24407464719878996,2.7482202657280705,0.4658133089542389,0.9665355980396271,0.00121402140165375,0.0004871012611383622,0.009296585954784114,0.1429344230539743
1781866959.918218,55.56525683403015,rhymes_and_toys,speech_attention_movie,speech_social,1596,1,0.4691932312990916,0.5000829265409692,0.4846380789200304,1,0,0.4833228707313537,0.9325303137302399,0.1897766562290304,0.25097011421171356,2.51464892952983,0.4641101360321045,0.9675217568874359,0.0019680719691625823,0.0007540505675088323,0.007096538143326947,0.14159483600587527
1781866959.953256,55.60029482841492,rhymes_and_toys,speech_attention_movie,speech_social,1597,1,0.46821838416897643,0.4693876876480546,0.4688030359085155,1,0,0.48307250738143925,0.9331203103065491,0.1789643265062513,0.2437405911261209,2.2326852677595346,0.4640158861875534,0.9689942896366119,0.0014755459093480647,0.0004925260598145176,0.006999800524632262,0.14260198100688867
1781866959.987612,55.63465094566345,rhymes_and_toys,speech_attention_movie,speech_social,1598,1,0.47632793729950745,0.4781635453846645,0.47724574134208597,1,0,0.4827477395534515,0.9333333134651184,0.18287682619181234,0.2515413460347402,2.164131408876472,0.46354371309280396,0.9658509194850922,0.0031786354526542877,0.001703089543306223,0.008671638550150561,0.14310487304793051
1781866960.022391,55.66943001747131,rhymes_and_toys,speech_attention_movie,speech_social,1599,1,0.45198582442730895,0.4793181546765963,0.46565198955195264,1,0,0.4823472738265991,0.9334293365478517,0.17742650961093098,0.24418310287562886,2.195509467214638,0.4647824913263321,0.9687109589576721,0.0031167927901255364,6.184266252875137e-05,0.008036581294179715,0.14402709829637486
1781866960.057374,55.70441293716431,rhymes_and_toys,speech_attention_movie,speech_social,1600,1,0.4265399699432278,0.4942184568547368,0.4603792133989823,1,0,0.48206910192966457,0.9334848463535309,0.18366958950988266,0.24858667831257972,1.967497125545395,0.46251559257507324,0.9662098586559296,0.0033755492394328406,0.0002587564493073042,0.0071786946023486824,0.1451371181317765
1781866960.090958,55.73799705505371,rhymes_and_toys,speech_attention_movie,speech_social,1601,1,0.4671515581803433,0.49064380268740576,0.47889768043387454,1,0,0.4817171186208725,0.9333167016506195,0.1731746121818904,0.2437398461141554,1.8001284316657398,0.4640939086675644,0.9703350067138672,0.004416778032426246,0.0010412287929934057,0.0097153724890177,0.14289612730337065
1781866960.124295,55.77133393287659,rhymes_and_toys,speech_attention_movie,speech_social,1602,1,0.4437202873564326,0.4936668296383049,0.4686935584973687,1,0,0.4817753493785858,0.9333211123943329,0.17152363415314387,0.24751947377830327,1.8799794522219122,0.46343129873275757,0.9673115313053131,0.003095231085369224,0.001321546947057022,0.009174566892412347,0.14325335625490018
1781866960.161361,55.80839991569519,rhymes_and_toys,speech_attention_movie,speech_social,1603,1,0.45591961971732897,0.4831490131295925,0.4695343164234608,1,0,0.4816550105810165,0.933714747428894,0.18475102429990672,0.2430315065989,1.7018239895914387,0.46271707117557526,0.9677415192127228,0.0008336729598332657,0.0022615581255359587,0.009527348808412134,0.14341684350262268
1781866960.194365,55.84140396118164,rhymes_and_toys,speech_attention_movie,speech_social,1604,1,0.4603444992528401,0.4602493171423646,0.4602969081976024,1,0,0.48115926384925845,0.9338745951652527,0.18014062263339778,0.23535259451583895,1.9037781374459357,0.46458154916763306,0.9716588854789734,0.004338437120303362,0.003504764160470097,0.012774135257723345,0.14396712068436038
1781866960.2286289,55.87566781044006,rhymes_and_toys,speech_attention_movie,speech_social,1605,1,0.45291091924746274,0.5120494223188119,0.4824801707831373,1,0,0.4814306974411011,0.9339010179042816,0.1917490540587916,0.2491325529770764,1.7639248208894482,0.46255625784397125,0.9677098989486694,0.004438051324874674,9.961420457131175e-05,0.01261079229647446,0.14396092885145692
1781866960.263677,55.91071581840515,rhymes_and_toys,speech_attention_movie,speech_social,1606,1,0.47997220712106214,0.4962517843487132,0.48811199573488767,1,0,0.48122525215148926,0.9339990854263305,0.1760451562078368,0.24617460630368052,1.544549465738527,0.46336932480335236,0.9698608219623566,0.0022994668276029064,0.002138584497271768,0.008833190031215361,0.14221360488487306
1781866960.297369,55.94440793991089,rhymes_and_toys,speech_attention_movie,speech_social,1607,1,0.4587951288938189,0.4897024518420455,0.4742487903679322,1,0,0.4812309622764588,0.9340122103691102,0.17988864535991217,0.24324989377517217,1.5822638153652122,0.46283531188964844,0.9706501364707947,0.0009529885546182831,0.001346478272984623,0.008544648022425104,0.14290070902392096
1781866960.3315089,55.97854781150818,rhymes_and_toys,speech_attention_movie,speech_social,1608,1,0.463795748870525,0.49445419781834454,0.47912497334443477,1,0,0.48106631934642796,0.9338741064071655,0.18047168342741318,0.24490326127054163,0.9209038944780487,0.46218159794807434,0.9706544280052185,0.000653728028063699,0.0002992605265545842,0.00853432785514403,0.14149930469874722
1781866960.368872,56.01591086387634,rhymes_and_toys,speech_attention_movie,speech_social,1609,1,0.4731076993203493,0.48259732373683417,0.47785251152859176,1,0,0.48087799847126006,0.9342768371105195,0.18604457203797367,0.24965128517183569,1.14275339959742,0.46206560730934143,0.9675388336181641,0.0031177527504468376,0.0024640247223831385,0.008434109971266479,0.1418840302774959
1781866960.402463,56.04950189590454,rhymes_and_toys,speech_attention_movie,speech_social,1610,1,0.4822840041595225,0.4725764994231002,0.4774302517913114,1,0,0.48061825931072233,0.9345209419727325,0.1810811830629567,0.24902675550526368,1.0125003261630525,0.46281246840953827,0.967524915933609,0.0007469907662954114,0.002370761984151426,0.009261235582434194,0.14192265062367038
1781866960.434387,56.08142590522766,rhymes_and_toys,speech_attention_movie,speech_social,1611,1,0.4711173556497963,0.49887711687049113,0.4849972362601437,1,0,0.48069242238998416,0.93451327085495,0.1795327295012663,0.24866476426133188,1.1156839007536137,0.46169300377368927,0.9674816429615021,0.0011203006833129664,0.00037330991701755504,0.010833836769359563,0.14116621268665253
1781866960.47015,56.117188930511475,rhymes_and_toys,speech_attention_movie,speech_social,1612,1,0.47684383268716596,0.49655050370672765,0.4866971681969468,1,0,0.4803951442241669,0.9346136152744293,0.16336342764030284,0.24409680246524312,0.8784181036560245,0.4626352787017822,0.9705011248588562,0.0031630923111034648,0.0020427916277904984,0.009532180052281,0.14120042622441292
1781866960.504801,56.15183997154236,rhymes_and_toys,speech_attention_movie,speech_social,1613,1,0.47826053272436403,0.4982548820616472,0.4882577073930056,1,0,0.4803725302219391,0.9346718788146973,0.17732578874690555,0.24817553636097778,0.8855672693893729,0.4607478529214859,0.9680659174919128,0.0030810081136119073,8.208419749155746e-05,0.0106296144784108,0.1416833352299451
1781866960.538074,56.185112953186035,rhymes_and_toys,speech_attention_movie,speech_social,1614,1,0.47602374371939077,0.4914300983669341,0.4837269210431624,1,0,0.4802750200033188,0.9348351716995239,0.17559564931726282,0.24430263516676148,1.4185143087369434,0.4622592031955719,0.9685859680175781,0.0015983216823357432,0.001482686431276164,0.005449696699858282,0.14249221166763884
1781866960.572595,56.21963381767273,rhymes_and_toys,speech_attention_movie,speech_social,1615,1,0.4750002600876352,0.49652568041933903,0.48576297025348714,1,0,0.48016737401485443,0.9344978988170624,0.19239982282375317,0.24623682393125362,1.2875631918298933,0.4602299630641937,0.9691931009292603,0.002118118477149786,0.0005197967948140426,0.008358223081779734,0.1406025121041032
1781866960.6091561,56.256195068359375,rhymes_and_toys,speech_attention_movie,speech_social,1616,1,0.4815139057098063,0.49808417381436515,0.4897990397620857,1,0,0.47971552014350893,0.934838342666626,0.17068307420107448,0.2495849673881169,0.5801834097953623,0.4632135033607483,0.9681328237056732,0.0031663386571910367,0.0010482201800412509,0.00988663440193335,0.1408264568479063
1781866960.641429,56.28846788406372,rhymes_and_toys,speech_attention_movie,speech_social,1617,1,0.46433296707548577,0.5155478817400455,0.48994042440776564,1,0,0.4796842217445374,0.9345940589904785,0.1825973753951744,0.24644713271755436,0.5683674175610097,0.46052470803260803,0.9688441157341003,0.002781286872354748,0.0003850517848362888,0.01378378172669881,0.14192594338545653
1781866960.676809,56.3238480091095,rhymes_and_toys,speech_attention_movie,speech_social,1618,1,0.47855783488011977,0.5163503490047017,0.49745409194241075,1,0,0.4793427407741546,0.9346762061119079,0.1649889524056918,0.24658395810185862,0.6698344020160201,0.46173709630966187,0.9703525304794312,0.0019352520193165995,0.0008460348530381484,0.010040192421521191,0.1403815034755657
1781866960.711231,56.358269929885864,rhymes_and_toys,speech_attention_movie,speech_social,1619,1,0.47893363731738897,0.5185702502017105,0.4987519437595498,1,0,0.4792952686548233,0.9345021486282348,0.17495133684307093,0.2510132511388068,0.6255621404597562,0.4602721333503723,0.9683551788330078,0.0024770002163020544,0.000541748196985455,0.009975582564001528,0.14016180999527827
1781866960.7443671,56.39140605926514,rhymes_and_toys,speech_attention_movie,speech_social,1620,1,0.5059310407350207,0.498837372246434,0.5023842064907273,1,0,0.4789809286594391,0.9340554893016815,0.16605549835833974,0.25892869452576633,0.7747778010533461,0.46229904890060425,0.9643776416778564,0.004464211964992439,0.001987211748690385,0.011409316687456615,0.14038469909073287
1781866960.780104,56.42714285850525,rhymes_and_toys,speech_attention_movie,speech_social,1621,1,0.4743636041320762,0.510405618816353,0.49238461147421464,1,0,0.47894214689731596,0.9338897109031677,0.1893395777232483,0.2541770225967994,0.5197959534844022,0.45926305651664734,0.967331737279892,0.004236027688933344,0.00022818427605909505,0.0150736795391239,0.14180166024242663
1781866960.8152661,56.46230506896973,rhymes_and_toys,speech_attention_movie,speech_social,1622,1,0.49058208757160116,0.5052239444443942,0.4979030160079977,1,0,0.4788830876350403,0.9339738488197327,0.1700948612630008,0.247082620042371,0.34328293524547193,0.4610331058502197,0.9680042862892151,0.0018935144079783401,0.002342513280955004,0.009973548510311575,0.14060806892703917
1781866960.8488152,56.495854139328,rhymes_and_toys,speech_attention_movie,speech_social,1623,1,0.48780084021780423,0.47869455893726176,0.483247699577533,1,0,0.47877013087272646,0.9344183206558228,0.18955386911702443,0.25281922059397044,0.2075541766883577,0.4593169093132019,0.9640334248542786,0.004325860733904654,0.002432346325926314,0.012438410411873737,0.1420711850089344
1781866960.8831842,56.53022313117981,rhymes_and_toys,speech_attention_movie,speech_social,1624,1,0.48604893684903794,0.4766612352239227,0.4813550860364803,1,0,0.4785585910081863,0.9347121298313141,0.17470048813558603,0.2442743158234969,-0.013286081017704341,0.4610384404659271,0.9684678614139557,0.004756878925472511,0.0004310181915678571,0.013367613900788862,0.14314030561751734
1781866960.91697,56.564008951187134,rhymes_and_toys,speech_attention_movie,speech_social,1625,1,0.4870540618717557,0.4880672193781696,0.4875606406249626,1,0,0.4785562068223953,0.9343302249908447,0.1923603031620098,0.2534820004600927,0.0893562820352561,0.4593202471733093,0.9657395482063293,0.003224264435449601,0.0015326144900229101,0.012299859027798878,0.1420865914060503
1781866960.953429,56.600467920303345,rhymes_and_toys,speech_attention_movie,speech_social,1626,1,0.49707410262530316,0.48217576048646343,0.48962493155588327,1,0,0.4782905638217926,0.9342770040035248,0.17956758512054788,0.25081193005577407,-0.10688017180079751,0.46037210524082184,0.9657751321792603,0.0010524597917833747,0.0021718046436662265,0.0068994487501532155,0.14227829498826614
1781866960.985594,56.63263297080994,rhymes_and_toys,speech_attention_movie,speech_social,1627,1,0.4971627288018055,0.5010282156057941,0.4990954722037998,1,0,0.4783804148435593,0.9340205192565918,0.1761983523189951,0.25476034548670784,-0.23872745700676606,0.45962367951869965,0.9634518325328827,0.002440873267581141,0.0013884134757977662,0.007996805138007728,0.1413268784215165
1781866961.0204842,56.66752314567566,rhymes_and_toys,speech_attention_movie,speech_social,1628,1,0.49183737038986697,0.4888061668534012,0.4903217686216341,1,0,0.47835691869258884,0.9336571991443634,0.17613673560386395,0.24283364775956012,-0.3893452957451453,0.46011975407600403,0.9683763384819031,0.004949429139642461,0.00250855587206132,0.00872064117391421,0.14199614096479468
1781866961.0559518,56.702990770339966,rhymes_and_toys,speech_attention_movie,speech_social,1629,1,0.4945246157425325,0.5044607754479556,0.49949269559524406,1,0,0.4780983567237854,0.9340230166912079,0.19123086034063874,0.24753753075707072,-0.5040446326266944,0.45869840681552887,0.9677521884441376,0.001552350251877107,0.003397078887765354,0.011642845727830834,0.14078766852174227
1781866961.0892181,56.73625707626343,rhymes_and_toys,speech_attention_movie,speech_social,1630,1,0.4726128441676192,0.4928242943520931,0.4827185692598561,1,0,0.47807447612285614,0.9341172933578491,0.17417657612420087,0.24826898936645914,-0.2868846823069304,0.4595927298069,0.9674282073974609,0.0009511978403574826,0.0006011524115196243,0.011745655200709982,0.14283542034519314
1781866961.1241941,56.77123308181763,rhymes_and_toys,speech_attention_movie,speech_social,1631,1,0.49093964570496873,0.5064128479526135,0.49867624682879114,1,0,0.47807525396347045,0.9335538744926453,0.16908254131014938,0.24393416277859392,-0.36732429266708366,0.4604404419660568,0.9680424332618713,0.0010468473228188466,9.5649482461364e-05,0.010631132478242794,0.14048488038323592
1781866961.1614962,56.80853509902954,rhymes_and_toys,speech_attention_movie,speech_social,1632,1,0.492912917566554,0.5080635886556204,0.5004882531110872,1,0,0.478235712647438,0.9332125782966614,0.16925741031373892,0.24341742455602314,-0.29970695298577665,0.46065786480903625,0.967955082654953,0.0002343135104475622,0.0008125338123712844,0.013902046547560219,0.1410131367777918
1781866961.192498,56.839536905288696,rhymes_and_toys,speech_attention_movie,speech_social,1633,1,0.49609655402670394,0.506977521142809,0.5015370375847565,1,0,0.47831412255764005,0.9335607945919037,0.16444892457696592,0.24708723018508502,-0.3268997213054248,0.46104666590690613,0.967413604259491,0.0006666071905229945,0.00043229368007543226,0.0156932056625785,0.1410003396106613
1781866961.226924,56.87396287918091,rhymes_and_toys,speech_attention_movie,speech_social,1634,1,0.47311554650127385,0.505557964761232,0.48933675563125295,1,0,0.47832350730895995,0.9332500755786896,0.1743865426599821,0.2482139377641678,-0.02732448968398773,0.4605249911546707,0.9671106338500977,0.0006032707651526214,6.333642537037303e-05,0.013858735182484044,0.14169018186379922
1781866961.261216,56.908254861831665,rhymes_and_toys,speech_attention_movie,speech_social,1635,1,0.38126876159378364,0.3998871639085708,0.39057796275117723,1,0,0.47706790566444396,0.9357077717781067,0.17392258498401394,0.25013611240593214,0.013470517955025234,0.4594520926475525,0.964793860912323,0.0025531447377266994,0.001949873972574078,0.011695899984695108,0.15318983820254795
1781866961.295559,56.94259786605835,rhymes_and_toys,speech_attention_movie,speech_social,1636,1,0.07252345160880591,0.20378200207752922,0.13815272684316757,0,1,0.47827020287513733,0.9441055357456207,0.17288972118510357,0.2550011555879302,2.010789636332806,0.45893289148807526,0.9648472964763641,0.000521943678481595,0.0020312010592451043,0.010139882266436105,0.18493159267950124
1781866961.3295958,56.97663474082947,rhymes_and_toys,speech_attention_movie,speech_social,1637,1,0.10984255781023058,0.09275607434615214,0.10129931607819137,0,1,0.47705281972885133,0.9428803443908691,0.14879956936622368,0.25164901636564585,0.7146248681259806,0.46190597116947174,0.9660485982894897,0.003206607060141841,0.002684663381660246,0.009677597777622898,0.18527255144336754
1781866961.365291,57.012330055236816,rhymes_and_toys,speech_attention_movie,speech_social,1638,1,0.23812768121753222,0.08587938170641635,0.16200353146197427,0,1,0.47634758055210114,0.9409235894680024,0.17337714798294418,0.25814370849606166,-0.18364055127759338,0.45846424996852875,0.9627460539340973,0.004769931241051076,0.0015633241809092347,0.012095123925907562,0.17811636685848858
1781866961.39919,57.046228885650635,rhymes_and_toys,speech_attention_movie,speech_social,1639,1,0.3547771888297389,0.24946302993149533,0.3021201093806171,1,0,0.47656604647636414,0.9377711534500122,0.15836263964790903,0.2333282380620704,-1.031739108523073,0.4610820859670639,0.9719204008579254,0.00954052969147841,0.004770598450427334,0.009664845698420748,0.1618617310655757
1781866961.433773,57.080811977386475,rhymes_and_toys,speech_attention_movie,speech_social,1640,1,0.4056381869283451,0.42484437392792607,0.4152412804281356,1,0,0.47659583091735835,0.935541307926178,0.16650421831064846,0.2416685678702252,0.44320509450592926,0.45964932441711426,0.9678171873092651,0.004346166941676699,0.005194362749801711,0.008592767101116084,0.15240557994913753
1781866961.467363,57.114402055740356,rhymes_and_toys,speech_attention_movie,speech_social,1641,1,0.4174464526666477,0.480971863117149,0.44920915789189836,1,0,0.4770059883594513,0.9342345118522644,0.15348725027218563,0.24285018584587217,0.17895225831576092,0.46177105605602264,0.9675447642803192,0.0021391492360854436,0.002207017705591255,0.009153165053020195,0.14796855262092895
1781866961.502225,57.149263858795166,rhymes_and_toys,speech_attention_movie,speech_social,1642,1,0.40755673035497914,0.4585118345179823,0.4330342824364807,1,0,0.4766494870185852,0.9350309252738953,0.1746262087421206,0.2450630963868008,0.00490536723385994,0.45886334776878357,0.9675760865211487,0.0029078769861274004,0.0007687277500419568,0.01030450337396311,0.14808245073577478
1781866961.53742,57.18445897102356,rhymes_and_toys,speech_attention_movie,speech_social,1643,1,0.4563390435200101,0.4717780598913449,0.4640585517056775,1,0,0.4769568920135498,0.9342304110527038,0.18306395041952747,0.23845400380970352,0.3709226135425226,0.45887185633182526,0.9706431329250336,0.0030670582060385253,0.0001591812199111249,0.01331603061815501,0.14283668945418357
1781866961.571024,57.21806287765503,rhymes_and_toys,speech_attention_movie,speech_social,1644,1,0.4837822963077024,0.48148154320924463,0.4826319197584735,1,0,0.477044540643692,0.9337366819381714,0.17266491401259554,0.24795713475371625,0.43108237704618896,0.46027223765850067,0.9671968221664429,0.0037199631321935423,0.000652904926155017,0.01148705339182844,0.14224097639333533
1781866961.605442,57.25248098373413,rhymes_and_toys,speech_attention_movie,speech_social,1645,1,0.4582527151339882,0.5002976241228648,0.47927516962842653,1,0,0.4772090584039688,0.9336553275585175,0.17794099892225498,0.2394113333455023,-0.30542194322252175,0.4590272009372711,0.9689405262470245,0.0021425733027943725,0.0015773898293991698,0.014334499734273672,0.14238565893656518
1781866961.639851,57.28689002990723,rhymes_and_toys,speech_attention_movie,speech_social,1646,1,0.4779838661245334,0.4902629235983801,0.4841233948614567,1,0,0.4773730844259262,0.9337765455245972,0.16487546134010372,0.24718646140487188,0.18791809561142878,0.4604882001876831,0.9654417037963867,0.0037916061703177468,0.0016490328675233742,0.011972602094636877,0.14304001476632464
1781866961.6748989,57.321937799453735,rhymes_and_toys,speech_attention_movie,speech_social,1647,1,0.45516724038600204,0.4840602838373977,0.46961376211169986,1,0,0.47733161151409154,0.9340333223342896,0.17621107137251926,0.24526783353877118,0.1711351796383351,0.4600793421268463,0.9692986905574799,0.00387859662625014,8.69904559323933e-05,0.014637339594447208,0.14329427678549753
1781866961.707371,57.35440993309021,rhymes_and_toys,speech_attention_movie,speech_social,1648,1,0.4634872728917646,0.5136031515578181,0.48854521222479136,1,0,0.47729704678058626,0.9339939177036285,0.17268432159665395,0.24761239784348157,0.026637528826090936,0.4596344083547592,0.9681560099124908,0.0012262483916304075,0.0026523482346197326,0.01085063266145383,0.14254998731683508
1781866961.744572,57.391610860824585,rhymes_and_toys,speech_attention_movie,speech_social,1649,1,0.4700476823353883,0.5021265212823862,0.48608710180888726,1,0,0.4773199766874313,0.934004408121109,0.17174137041527174,0.2466713271929285,-0.062550309993291,0.4602293223142624,0.9672519862651825,0.0010822113352319108,0.00014403705639849662,0.012671364899352588,0.14269372667146288
1781866961.7767591,57.42379808425903,rhymes_and_toys,speech_attention_movie,speech_social,1650,1,0.46209652564953924,0.509386220723881,0.48574137318671007,1,0,0.477227583527565,0.9343099653720855,0.17043680800274616,0.2544043344767592,-0.1488270601897761,0.46015724539756775,0.9661570191383362,0.0010973368173875682,1.5125482155657361e-05,0.013021128949093656,0.1430824387993677
1781866961.813302,57.46034097671509,rhymes_and_toys,speech_attention_movie,speech_social,1651,1,0.45996856405628284,0.5252097676819439,0.4925891658691134,1,0,0.4770882993936538,0.9341413497924804,0.17417790045733417,0.25155987978475003,-0.18492143743432302,0.45959503948688507,0.9660574793815613,0.0005709497781638471,0.0005263870392237211,0.015204374353715824,0.14178871413564623
1781866961.846263,57.49330186843872,rhymes_and_toys,speech_attention_movie,speech_social,1652,1,0.4584364686117904,0.5008098238034753,0.4796231462076328,1,0,0.477039635181427,0.9345643281936646,0.17816981577165616,0.2499632033784223,-0.3926199043436033,0.4594832509756088,0.967069685459137,0.001018360356030472,0.00044741057786662497,0.014226629623975114,0.14209410726493282
1781866961.881453,57.52849197387695,rhymes_and_toys,speech_attention_movie,speech_social,1653,1,0.45734098133667817,0.5004979101366549,0.47891944573666656,1,0,0.4772472351789474,0.9343182444572449,0.18176800069874227,0.25161640428380627,0.20631565491198503,0.45962342619895935,0.966102659702301,0.0009771324923599088,4.122786367056325e-05,0.01947322219906202,0.14274492168838135
1781866961.914552,57.561590909957886,rhymes_and_toys,speech_attention_movie,speech_social,1654,1,0.4692559515738874,0.4832105390767231,0.47623324532530525,1,0,0.47720001339912416,0.9345672249794006,0.15954107325302394,0.2494907647961327,0.31901598602811404,0.4617704153060913,0.9639821350574493,0.0030176459360843916,0.002040513443724483,0.011285516138454669,0.14388558936288454
1781866961.953579,57.6006178855896,rhymes_and_toys,speech_attention_movie,speech_social,1655,1,0.44082292676624246,0.5285511441113221,0.4846870354387823,1,0,0.4771278828382492,0.9343145728111266,0.17505485907011736,0.24676355569323993,-0.5962270129785607,0.45956724882125854,0.9674394428730011,0.004099624359787811,0.0010819784237034195,0.016756836844622834,0.14396768155299053
1781866961.983721,57.630759954452515,rhymes_and_toys,speech_attention_movie,speech_social,1656,1,0.45978178551801674,0.48079343761378246,0.4702876115658996,1,0,0.47730636298656465,0.934073942899704,0.16642403581321977,0.2446226078852096,-0.19010713776381255,0.459878072142601,0.9669664800167084,0.000565954945665232,0.0035336694141225792,0.014375137373707462,0.14252014580495728
1781866962.018971,57.6660099029541,rhymes_and_toys,speech_attention_movie,speech_social,1657,1,0.4635339194162753,0.4997339008565286,0.48163391013640194,1,0,0.47745425403118136,0.9339185893535613,0.1716813723798681,0.2438169303318382,-0.44575228455795735,0.45968759059906006,0.9685695767402649,0.0016143736629130783,0.0010484187172478464,0.01324914621153331,0.14129797672366567
1781866962.054111,57.70114994049072,rhymes_and_toys,speech_attention_movie,speech_social,1658,1,0.46668741551619786,0.5056903054744486,0.4861888604953232,1,0,0.4773642659187317,0.9337647140026093,0.1697941321641656,0.2425155590861581,-0.8353720962900957,0.45990803837776184,0.9689427614212036,0.0004334328428048395,0.0011809408201082388,0.014907783700488017,0.14045223411828497
1781866962.086665,57.73370385169983,rhymes_and_toys,speech_attention_movie,speech_social,1659,1,0.46352990907462593,0.5078330039282548,0.48568145650144035,1,0,0.4772757530212402,0.9339062809944153,0.17048206833348928,0.2457273315925248,-0.7270497818211159,0.45977577567100525,0.968809187412262,0.00018797723123645664,0.00024545561156838285,0.013921339806416222,0.14130359042907972
1781866962.122632,57.76967096328735,rhymes_and_toys,speech_attention_movie,speech_social,1660,1,0.47892223754264696,0.49801901072991783,0.4884706241362824,1,0,0.47726752161979674,0.9340081810951233,0.1623526093590655,0.24343887480912346,-0.1590001930818447,0.4616684913635254,0.9692758321762085,0.0019493922202652586,0.001761414989028802,0.019401718376591454,0.14169930887030227
1781866962.1572852,57.80432415008545,rhymes_and_toys,speech_attention_movie,speech_social,1661,1,0.4536924080239856,0.49608953939342654,0.47489097370870603,1,0,0.4768776029348374,0.9343981981277466,0.15264140223829945,0.2421713498469511,-0.5959582211220634,0.4620678126811981,0.97149458527565,0.0022544007698342534,0.00030500854956899475,0.014553012725718795,0.14304930011097966
1781866962.1905558,57.837594747543335,rhymes_and_toys,speech_attention_movie,speech_social,1662,1,0.4301681538824549,0.48807741361065105,0.45912278374655296,1,0,0.47695999443531034,0.9341875493526459,0.16312587679898552,0.25739518083881907,-0.8084532171736257,0.46123239398002625,0.9639425277709961,0.007598124568593717,0.005343723798759463,0.015172347229931583,0.14487086497162688
1781866962.224132,57.87117099761963,rhymes_and_toys,speech_attention_movie,speech_social,1663,1,0.4457671763246451,0.520433278939126,0.48310022763188554,1,0,0.47701373100280764,0.934386944770813,0.17346043753755316,0.25633533083292487,-1.2837562806253084,0.45929908752441406,0.9653032124042511,0.0023641354704178963,0.00523398909817582,0.013332889953148602,0.14394745304539885
1781866962.26161,57.90864896774292,rhymes_and_toys,speech_attention_movie,speech_social,1664,1,0.47192824465142535,0.48740608460574464,0.479667164628585,1,0,0.4771548569202423,0.9344413757324219,0.15799257021528637,0.25013358936120245,-0.5879371043316133,0.4605303704738617,0.9647665023803711,0.0013431736117619848,0.0010209618586559115,0.008415713984984436,0.1423565056496072
1781866962.2929358,57.939974784851074,rhymes_and_toys,speech_attention_movie,speech_social,1665,1,0.4666863771914268,0.4955904291066627,0.48113840314904477,1,0,0.4773437410593033,0.9342693090438843,0.1654802641519622,0.24920354866917466,-0.6393836761206211,0.4595247954130173,0.9660515487194061,0.0016317246386751674,0.0002885510269131826,0.014024967451015438,0.142572637358602
1781866962.329489,57.97652792930603,rhymes_and_toys,speech_attention_movie,speech_social,1666,1,0.47343002974036535,0.4826028457291617,0.47801643773476354,1,0,0.477261546254158,0.933999240398407,0.16070443868133608,0.24515399174901992,-0.6601319134148635,0.46062731742858887,0.9660533368587494,0.0011025234656289007,0.0005292011730462667,0.009809929926496453,0.14212615731267092
1781866962.363402,58.010440826416016,rhymes_and_toys,speech_attention_movie,speech_social,1667,1,0.4560720852739499,0.5037288240630026,0.4799004546684762,1,0,0.47732187807559967,0.9343026518821715,0.16404683724256594,0.2366402060837706,-1.0103202426079734,0.4593639224767685,0.9705447852611542,0.004665755625378348,0.003563232159749447,0.011490255364703815,0.1413715971308874
1781866962.3977332,58.044772148132324,rhymes_and_toys,speech_attention_movie,speech_social,1668,1,0.4729244639334263,0.4908149909435383,0.48186972743848233,1,0,0.4772949486970901,0.9340865254402161,0.1540100879187969,0.2492517455101195,-0.7945909613926737,0.4614463895559311,0.9658850431442261,0.005103906908640632,0.0004381512832622846,0.009807897211464746,0.1415373944089858
1781866962.430774,58.077812910079956,rhymes_and_toys,speech_attention_movie,speech_social,1669,1,0.44595485706559446,0.5154021540742696,0.480678505569932,1,0,0.4772122085094452,0.9343454658985137,0.1725074177308583,0.2478244733531918,-0.9917760079522171,0.4592760503292084,0.9677256345748901,0.002845724718535745,0.0022581821901048876,0.011182477772152328,0.14282054075364695
1781866962.466419,58.113457918167114,rhymes_and_toys,speech_attention_movie,speech_social,1670,1,0.47176863676749226,0.503924241098181,0.48784643893283663,1,0,0.4772907823324204,0.9342077612876892,0.15013123607714807,0.2511289068292099,-0.7248832317249669,0.4613989144563675,0.9654902219772339,0.003082794444029525,0.0002370697254937804,0.01066501971170807,0.14193882430166976
1781866962.500566,58.14760494232178,rhymes_and_toys,speech_attention_movie,speech_social,1671,1,0.45467301102220675,0.5055136253127678,0.48009331816748724,1,0,0.4771281152963638,0.9344951868057252,0.1786608161418459,0.2580532239479288,-0.9098992623077837,0.4586482048034668,0.9643210172653198,0.0029888866243006126,9.390781972891263e-05,0.01258112521581991,0.1435306908564474
1781866962.535622,58.182660818099976,rhymes_and_toys,speech_attention_movie,speech_social,1672,1,0.4720960201143915,0.491878573659864,0.4819872968871277,1,0,0.47703022956848146,0.9342964172363282,0.153060250954596,0.25283042974874953,-0.8593290823355714,0.4613213837146759,0.9652565121650696,0.002832143393048966,0.00015674323125164672,0.013818893302604485,0.14294578336958852
1781866962.569175,58.2162139415741,rhymes_and_toys,speech_attention_movie,speech_social,1673,1,0.45414983297524986,0.5052738167225137,0.47971182484888175,1,0,0.477020263671875,0.9343987464904786,0.17487145232679388,0.2543878083885235,-0.9657701697551998,0.4589284509420395,0.9650379121303558,0.0024028968412177507,0.00042924655183121515,0.012576246176274081,0.14377132513894253
1781866962.606223,58.25326204299927,rhymes_and_toys,speech_attention_movie,speech_social,1674,1,0.45764468399059116,0.482856811531985,0.47025074776128806,1,0,0.4769096881151199,0.9339841842651367,0.1513735282441788,0.25161315089189207,-0.910807588566108,0.4611457884311676,0.965223103761673,0.002225057635433938,0.00017783920578381268,0.01223201674736775,0.14153074511086786
1781866962.638206,58.285244941711426,rhymes_and_toys,speech_attention_movie,speech_social,1675,1,0.4465952362459709,0.4967427902311285,0.4716690132385497,1,0,0.4769743502140045,0.934146934747696,0.17069510799003584,0.2519335335002405,-0.7847293917625581,0.45983901619911194,0.965650737285614,0.0013749633076085973,0.0008500943278253407,0.017137940494134557,0.14353251308378845
1781866962.671906,58.31894493103027,rhymes_and_toys,speech_attention_movie,speech_social,1676,1,0.4645224089287093,0.49167538093446356,0.4780988949315864,1,0,0.4772202342748642,0.9339584887027741,0.157543094160908,0.24709507300713962,-0.6941805965136778,0.4616263508796692,0.9673658609390259,0.0024771383503582422,0.001102175042749645,0.014740931769688638,0.1432349882968249
1781866962.707,58.35403895378113,rhymes_and_toys,speech_attention_movie,speech_social,1677,1,0.4437972410581633,0.517912449506441,0.48085484528230216,1,0,0.47699690461158756,0.934517914056778,0.1723070080018267,0.25468280495056034,-0.7608879843448006,0.46062348783016205,0.9659946262836456,0.001698828648269905,0.0007783097020883372,0.0194600943296789,0.14473561033035112
1781866962.741334,58.38837289810181,rhymes_and_toys,speech_attention_movie,speech_social,1678,1,0.46545146006726457,0.4916350706079441,0.47854326533760433,1,0,0.47721249461174015,0.9345157325267792,0.16407413324109474,0.24724256475951323,-0.5871551340256105,0.46110039949417114,0.9670641124248505,0.0011710018537547792,0.0005278267945151259,0.02000240766521308,0.143530820397084
1781866962.776588,58.42362689971924,rhymes_and_toys,speech_attention_movie,speech_social,1679,1,0.43287452691042505,0.49353424312340266,0.46320438501691386,1,0,0.47690301239490507,0.9348103880882264,0.1750996915474494,0.24761711347691545,-0.9412572836625754,0.4602771997451782,0.9666651487350464,0.0009147840469335319,0.0002562178068212473,0.02048317124908714,0.14494902855918845
1781866962.8111281,58.45816707611084,rhymes_and_toys,speech_attention_movie,speech_social,1680,1,0.45179811643256873,0.4859485195765136,0.46887331800454113,1,0,0.4770520865917206,0.9346664130687714,0.1718951996126009,0.24962509953265416,-0.5511769781042495,0.4603966921567917,0.9670986533164978,0.00044967172311873136,0.00046511232381480055,0.02481763849432059,0.14429339417873074
1781866962.844469,58.49150800704956,rhymes_and_toys,speech_attention_movie,speech_social,1681,1,0.4647691448566548,0.5081357323003799,0.4864524385785174,1,0,0.47693997621536255,0.934598422050476,0.1570732199532286,0.2440538097815603,-1.1101575914402764,0.4603893756866455,0.9688239097595215,0.0017252719568027894,0.001275600233684058,0.012569589392960483,0.14184358291069354
1781866962.878813,58.52585196495056,rhymes_and_toys,speech_attention_movie,speech_social,1682,1,0.45142059503235726,0.5041512374398295,0.47778591623609334,1,0,0.47685357630252834,0.934788817167282,0.17423736280358126,0.2432022853216379,-0.939516300824625,0.45972658693790436,0.9683688282966614,0.0008039826262406138,0.0009212893305621756,0.028660177484504903,0.142914393691425
1781866962.914369,58.561408042907715,rhymes_and_toys,speech_attention_movie,speech_social,1683,1,0.4640776679424004,0.49295369344801837,0.4785156806952094,1,0,0.4768343329429626,0.9350831031799316,0.17198886554126228,0.2464120156566966,-0.5972286921161796,0.459765762090683,0.9664812386035919,0.0018879961710706087,0.001084013544829995,0.01942969295937299,0.1436101877723607
1781866962.948426,58.59546494483948,rhymes_and_toys,speech_attention_movie,speech_social,1684,1,0.46166716736970137,0.5000760696281754,0.4808716184989384,1,0,0.4766866087913513,0.934719979763031,0.1623170186477989,0.25013768219600574,-0.8324730141391822,0.4604315161705017,0.9677137732505798,0.001400846226686178,0.00048714994438443077,0.012919378882346181,0.1419066072674134
1781866962.982883,58.62992191314697,rhymes_and_toys,speech_attention_movie,speech_social,1685,1,0.45362228450729486,0.49670669138203727,0.47516448794466604,1,0,0.47644062638282775,0.9346675515174866,0.1682754802640781,0.24673766458266033,-0.9555476674366051,0.4596150368452072,0.9681921601295471,0.0009463046521080899,0.00045454157457808805,0.01613117534303589,0.14350226808136365
1781866963.0173771,58.66441607475281,rhymes_and_toys,speech_attention_movie,speech_social,1686,1,0.38249147190479377,0.3762981402701851,0.37939480608748943,1,0,0.4755474835634232,0.9372719049453735,0.16488511803567393,0.2366891805822567,-0.6565694311582503,0.4595116227865219,0.9692090749740601,0.001022159610102328,7.585495799423806e-05,0.017901874121624164,0.1546659437117173
1781866963.051059,58.698097944259644,rhymes_and_toys,speech_attention_movie,speech_social,1687,1,0.06769140232751805,0.1837921911572417,0.1257417967423799,0,1,0.47810737490653993,0.9453521251678467,0.1609216006963146,0.25132755001934315,0.9051051889825116,0.4588131010532379,0.9650965929031372,0.004171383630827065,0.003149224020724737,0.009913030059049737,0.1894126265696602
1781866963.085772,58.732810974121094,rhymes_and_toys,speech_attention_movie,speech_social,1688,1,0.05320573406389954,0.11350957412586248,0.08335765409488101,0,1,0.4764193624258041,0.9447250545024872,0.15703619154030424,0.25505684473581836,1.1197547952738904,0.4588174521923065,0.9633100926876068,0.0017865055142655855,0.002384878116561479,0.008675638783723773,0.19302760887369813
1781866963.1205518,58.76759076118469,rhymes_and_toys,speech_attention_movie,speech_social,1689,1,0.09202135456210923,0.06111710237105395,0.0765692284665816,0,1,0.47551760971546175,0.9428986728191375,0.1587657562973335,0.25442152621387226,0.3092073029941416,0.4594285488128662,0.9646519720554352,0.0014744759467224075,0.00031202956754317794,0.011317134412158382,0.18713350281831465
1781866963.15654,58.80357885360718,rhymes_and_toys,speech_attention_movie,speech_social,1690,1,0.318644628652808,0.1333638069471525,0.22600421779998026,1,0,0.47465913295745854,0.9410850942134856,0.16539571198070813,0.24273148363712777,-1.5398099205713318,0.46052056550979614,0.967707484960556,0.003244789604848643,0.0017703136581262355,0.025861519119190973,0.17046375565522023
1781866963.189308,58.83634686470032,rhymes_and_toys,speech_attention_movie,speech_social,1691,1,0.3814960991646251,0.3614023791584703,0.3714492391615477,1,0,0.4745127409696579,0.9383297145366669,0.16036463132079987,0.24346328695063046,-0.6804842112991011,0.45902660489082336,0.9691560864448547,0.002080952808536018,0.001163836796312625,0.01357283809708572,0.15564262853529956
1781866963.223762,58.87080097198486,rhymes_and_toys,speech_attention_movie,speech_social,1692,1,0.40409249302359307,0.438684010583299,0.421388251803446,1,0,0.47611465454101565,0.9360402584075929,0.15703767286671183,0.24911627513692977,-0.7603545716915817,0.4608481228351593,0.965228259563446,0.004329636431832879,0.0022486836232968608,0.010240934732846327,0.15216701429173288
1781866963.258909,58.90594792366028,rhymes_and_toys,speech_attention_movie,speech_social,1693,1,0.4036450845613034,0.4328009157350539,0.41822300014817865,1,0,0.47613667249679564,0.9355902373790741,0.155053812276422,0.25445384320635683,-0.8569845741125178,0.4601547122001648,0.9653860926628113,0.0007111466768386963,0.0036184897549941825,0.010293775949468075,0.15052840923584648
1781866963.2926269,58.93966579437256,rhymes_and_toys,speech_attention_movie,speech_social,1694,1,0.41888323217286405,0.46463379579383,0.44175851398334703,1,0,0.4761999875307083,0.9351547837257386,0.16063181771408086,0.25708339484380144,-0.6405556889987812,0.4597914218902588,0.96578049659729,0.0005362222606381869,0.0001749244162005094,0.010143206389719531,0.14763983905057693
1781866963.3271208,58.974159717559814,rhymes_and_toys,speech_attention_movie,speech_social,1695,1,0.4414740158028803,0.46578929648263456,0.45363165614275747,1,0,0.4760538220405579,0.9347238361835479,0.15994026664938177,0.25543885257883936,-0.7528837480177817,0.46007679402828217,0.9669325947761536,0.001186915106863454,0.0006506928462252672,0.010887477951409928,0.14532236881714342
1781866963.362527,59.00956583023071,rhymes_and_toys,speech_attention_movie,speech_social,1696,1,0.4340333117056338,0.4607106725072291,0.4473719921064314,1,0,0.47612498700618744,0.9341976463794708,0.17624304591233386,0.24863443394432527,-0.7859384505832814,0.4584222435951233,0.968680202960968,0.002406589184613088,0.001219674077749634,0.01861761462841238,0.14379695032280013
1781866963.396329,59.043367862701416,rhymes_and_toys,speech_attention_movie,speech_social,1697,1,0.43155980779098235,0.5088079855010481,0.47018389664601523,1,0,0.47609651982784273,0.9342844307422637,0.1653429246880433,0.2424633157434503,-1.3185524185451882,0.45909397304058075,0.9679613709449768,0.0009838393746484093,0.0014227498099646787,0.01214741413829039,0.14249389244323796
1781866963.430517,59.077555894851685,rhymes_and_toys,speech_attention_movie,speech_social,1698,1,0.4384930611247021,0.4759033391213896,0.45719820012304585,1,0,0.47604726254940033,0.9342344224452972,0.17218168805322628,0.2384701074919031,-0.7358698813940004,0.4592224806547165,0.9710111320018768,0.0030524673153163842,0.002068627940667975,0.01766404388275696,0.14319844109398833
1781866963.4654121,59.11245107650757,rhymes_and_toys,speech_attention_movie,speech_social,1699,1,0.4439713098726613,0.48230134275139436,0.46313632631202784,1,0,0.4760032594203949,0.9340502381324768,0.17140095933286414,0.24655835758239059,-0.7122424650256208,0.4602096974849701,0.9681580662727356,0.003019036456344338,3.343085897204636e-05,0.02000569247316742,0.1429904549077313
1781866963.498353,59.14539194107056,rhymes_and_toys,speech_attention_movie,speech_social,1700,1,0.43528703190032797,0.48436275081982405,0.459824891360076,1,0,0.4759600549936295,0.9336688756942748,0.17326851026922238,0.25257027106031554,-0.9608060127197193,0.4598150700330734,0.9666444063186646,0.0015642561434588691,0.0014547803128854688,0.01245554048803157,0.14386269915309124
1781866963.535991,59.183029890060425,rhymes_and_toys,speech_attention_movie,speech_social,1701,1,0.42875054652538874,0.501224806868044,0.46498767669671637,1,0,0.47605488300323484,0.9333481311798095,0.1728229343202517,0.2430233903906446,-1.2180344524509215,0.4595125615596771,0.9693232178688049,0.0026958380325312705,0.0011315818890724014,0.02154557287534748,0.1429429265915609
1781866963.567908,59.21494698524475,rhymes_and_toys,speech_attention_movie,speech_social,1702,1,0.45281674033639835,0.477474095689498,0.4651454180129482,1,0,0.47626346647739415,0.9337914407253265,0.15930023211631827,0.24814640288067386,-0.9100684085770546,0.46157194674015045,0.9685001969337463,0.002217753543813623,0.00047808448871764766,0.013505210892389149,0.14318096923239831
1781866963.6031518,59.25019073486328,rhymes_and_toys,speech_attention_movie,speech_social,1703,1,0.42965378061775916,0.5088357423906152,0.4692447615041872,1,0,0.47623207569122317,0.9342552840709686,0.17575314930903632,0.2491693892683111,-1.0626845457496923,0.45949798822402954,0.9681863188743591,0.0020975755916665144,0.00012017795214710851,0.016272969351111416,0.14363007076305664
1781866963.635891,59.28292989730835,rhymes_and_toys,speech_attention_movie,speech_social,1704,1,0.46627189379018585,0.47558154883441534,0.4709267213123006,1,0,0.4763803780078888,0.9343066871166229,0.16617923220999714,0.2581486693444221,-0.795697946729117,0.4616357535123825,0.9665079116821289,0.0027179203687777514,0.000620344777111237,0.026522627466043086,0.14238712766446507
1781866963.6716428,59.318681716918945,rhymes_and_toys,speech_attention_movie,speech_social,1705,1,0.4272587954134015,0.47942677461883787,0.4533427850161197,1,0,0.4760480523109436,0.9346104502677918,0.19435464258259716,0.25628424458968124,-1.05773859521608,0.4585658460855484,0.9655334055423737,0.0032208684893599553,0.000502948120582204,0.030030658176084836,0.14395887477636235
1781866963.705119,59.35215783119202,rhymes_and_toys,speech_attention_movie,speech_social,1706,1,0.4690786432029406,0.48331110713797076,0.47619487517045567,1,0,0.47623331546783443,0.9345527768135071,0.16128786268961687,0.25642233813784143,-0.561813988747155,0.46125054359436035,0.9657318294048309,0.0026920201973636006,0.0005288482919963548,0.026391472451245443,0.14175676025326728
1781866963.739428,59.38646697998047,rhymes_and_toys,speech_attention_movie,speech_social,1707,1,0.44414943662813094,0.5164950346572721,0.4803222356427015,1,0,0.4761399388313293,0.9344355940818787,0.1784524322793473,0.25418132337362287,-1.64357174729402,0.45781925320625305,0.9677186012268066,0.003964973644315207,0.0012729534469516066,0.014014092374597439,0.14287291880075156
1781866963.77458,59.421618938446045,rhymes_and_toys,speech_attention_movie,speech_social,1708,1,0.4686016903683637,0.49301643738959977,0.4808090638789817,1,0,0.4758180558681488,0.934513920545578,0.15207160733348624,0.2546790423201415,-1.1575145509565534,0.45996758341789246,0.9661459028720856,0.0026624617956291815,0.0013025118486860257,0.009746523416058061,0.1422614609712996
1781866963.809772,59.45681095123291,rhymes_and_toys,speech_attention_movie,speech_social,1709,1,0.4379114742214796,0.49187205836628767,0.4648917662938836,1,0,0.4761095315217972,0.9343290090560913,0.16699672371625118,0.24721438172768453,-1.096608005358374,0.4595789313316345,0.9687061607837677,0.002589588967091801,7.28728285373805e-05,0.011948043448428362,0.1436069398964236
1781866963.8438022,59.49084115028381,rhymes_and_toys,speech_attention_movie,speech_social,1710,1,0.4289794613290729,0.5173635325056455,0.47317149691735916,1,0,0.47603538632392883,0.9339102268218995,0.166864569705779,0.23940525683456715,-1.517819737339809,0.4592370092868805,0.9696375131607056,0.0009921330226923147,0.0015974559443994864,0.013883038489570341,0.1428198817957933
1781866963.87785,59.52488899230957,rhymes_and_toys,speech_attention_movie,speech_social,1711,1,0.4621679484991464,0.4907659991331678,0.4764669738161571,1,0,0.4760678827762604,0.9343317031860352,0.1673430738985859,0.24766814267221995,-1.0695772756084934,0.460319459438324,0.9671733975410461,0.0026913870248274517,0.001699254002135137,0.014297391994478107,0.14304628239553513
1781866963.912668,59.559706926345825,rhymes_and_toys,speech_attention_movie,speech_social,1712,1,0.44439963436419255,0.49916964558683535,0.47178463997551395,1,0,0.4760383069515228,0.9343173980712891,0.16515923403348595,0.24841855029209353,-1.3510264150362794,0.4596600830554962,0.968155026435852,0.0011825280129235366,0.0015088590119039151,0.012851766886450544,0.14292889716642815
1781866963.946932,59.59397101402283,rhymes_and_toys,speech_attention_movie,speech_social,1713,1,0.457450678886697,0.48431389613436904,0.470882287510533,1,0,0.4762339055538178,0.9342139899730683,0.1608332108522494,0.24427818697228526,-0.8445250639293648,0.46060676872730255,0.9690416157245636,0.0012970174740771464,0.00011448946115360983,0.012930936214039982,0.1425941667059758
1781866963.981102,59.628140926361084,rhymes_and_toys,speech_attention_movie,speech_social,1714,1,0.4444919073104103,0.49576039667656563,0.47012615199348795,1,0,0.47601681053638456,0.9344632208347321,0.17788181272888448,0.25026011327595793,-1.2387753019057437,0.45881564915180206,0.9669517278671265,0.0027524063272715065,0.0014553888531943602,0.015233332140349214,0.14349839250794091
1781866964.015709,59.662747859954834,rhymes_and_toys,speech_attention_movie,speech_social,1715,1,0.462358923078122,0.488170752017901,0.4752648375480115,1,0,0.4761546671390533,0.9345402002334595,0.16037715074481665,0.25020740183166995,-1.2231076555203162,0.46117959916591644,0.9668111503124237,0.002368126204009741,0.0003842801232617657,0.010357533829871748,0.14295932432032474
