timestamp,elapsed_time,stimulus_id,stimulus_type,paper_category,frame_index,face_detected,left_ear,right_ear,avg_ear,eye_open,blink_state,gaze_x,gaze_y,yaw_proxy,pitch_proxy,roll_proxy_deg,head_center_x,head_center_y,head_movement,head_acceleration,mouth_open,eyebrow_signal
1782125059.589926,39.73435091972351,blowing_bubbles,mixed_social_nonsocial_movie,mixed,1136,1,0.41376552724214966,0.4217126150377125,0.4177390711399311,1,0,0.5657142370939254,0.5662960827350616,0.01915049027806874,0.2970355589193819,-3.7891371894629295,0.5658804178237915,0.6002422571182251,0.0,0.0,0.00041778449347808114,0.13011105841127407
1782125059.6215382,39.765963077545166,blowing_bubbles,mixed_social_nonsocial_movie,mixed,1137,1,0.4152361891884827,0.40100232181474105,0.4081192555016119,1,0,0.5657329976558685,0.5658863067626954,0.0192534983953163,0.298164777790667,-4.025218649143606,0.5659362375736237,0.6001204550266266,0.0001339835586521577,0.0001339835586521577,7.602924316207643e-05,0.13048209434780622
1782125059.653877,39.79830193519592,blowing_bubbles,mixed_social_nonsocial_movie,mixed,1138,1,0.41975394038341446,0.40597336988334076,0.41286365513337764,1,0,0.5656457602977752,0.5656841278076172,0.016399010133263465,0.29686862312490153,-4.131361443051966,0.5663477778434753,0.6004771590232849,0.0005446128303130765,0.00041062927166091883,0.00016015519134141563,0.12988487168311214
1782125059.689748,39.83417296409607,blowing_bubbles,mixed_social_nonsocial_movie,mixed,1139,1,0.4255780246024272,0.38386853876229343,0.4047232816823603,1,0,0.5660263985395432,0.5656571388244629,0.013480327836559051,0.2976784698498356,-4.013279848519051,0.5664350539445877,0.6006821095943451,0.0002227596336935174,0.00032185319661955916,0.0003104404010815181,0.12927888431688064
1782125059.724758,39.8691828250885,blowing_bubbles,mixed_social_nonsocial_movie,mixed,1140,1,0.4415235321643105,0.3926210772472304,0.41707230470577045,1,0,0.566251340508461,0.5660956799983978,0.014532025664696581,0.2960786970667892,-3.4761255002974836,0.5664399564266205,0.6005868911743164,9.53445428057687e-05,0.0001274150908877487,9.582032528983813e-05,0.130011567443687
1782125059.758972,39.90339684486389,blowing_bubbles,mixed_social_nonsocial_movie,mixed,1141,1,0.4304704121265456,0.41328233780649737,0.4218763749665215,1,0,0.566252487897873,0.5653842389583588,0.01809778997791804,0.2963901516517439,-3.543928908343523,0.5664845108985901,0.5998830795288086,0.0007052204856106386,0.0006098759428048699,0.00018667835429877575,0.12930610279336724
1782125059.79334,39.93776488304138,blowing_bubbles,mixed_social_nonsocial_movie,mixed,1142,1,0.4359221314214118,0.38480552873807244,0.4103638300797421,1,0,0.5664428770542145,0.5658340632915497,0.0166157752053999,0.2950060339223911,-3.8175995430435843,0.5662350952625275,0.600540816783905,0.0007034390209920942,1.7814646185444457e-06,0.00039035178562311527,0.12962398185794896
1782125059.827671,39.97209596633911,blowing_bubbles,mixed_social_nonsocial_movie,mixed,1143,1,0.441144361793297,0.417620238361401,0.429382300077349,1,0,0.5667356073856353,0.5655998110771179,0.02000285837718944,0.2972943355601736,-3.992930723736129,0.5663001388311386,0.5996218323707581,0.0009212833534937871,0.00021784433250169298,8.129948614278793e-05,0.1290246611899113
1782125059.863266,40.00769090652466,blowing_bubbles,mixed_social_nonsocial_movie,mixed,1144,1,0.4323914477462549,0.40283607738274413,0.4176137625644995,1,0,0.5668624520301819,0.5658215045928955,0.020918182853154773,0.2976686857829849,-4.0900867221629165,0.5662704706192017,0.5996518731117249,4.222142723037689e-05,0.0008790619262634103,0.0005516576721902023,0.13065029096310757
1782125059.896074,40.04049897193909,blowing_bubbles,mixed_social_nonsocial_movie,mixed,1145,1,0.4412411939689924,0.4157246039580078,0.4284828989635001,1,0,0.5668062955141067,0.5654336094856263,0.021571605383391194,0.2975291554192224,-4.095480007119506,0.5663427710533142,0.5988112986087799,0.0008436781659934116,0.0008014567387630347,0.0004724377262749557,0.12860550248439517
1782125059.929565,40.07398986816406,blowing_bubbles,mixed_social_nonsocial_movie,mixed,1146,1,0.43294823935362065,0.39660153492686395,0.4147748871402423,1,0,0.5668616861104965,0.5653171539306641,0.020883003690754583,0.29535913803665553,-4.398007136629632,0.5663978159427643,0.5997822880744934,0.0009725484473182613,0.0001288702813248497,0.0005587705506353122,0.1293547330160486
1782125059.965472,40.10989689826965,blowing_bubbles,mixed_social_nonsocial_movie,mixed,1147,1,0.4515828957739971,0.4174215618471846,0.43450222881059086,1,0,0.5669393390417099,0.5649977207183838,0.02144526463836561,0.29729091995915313,-4.516851876578789,0.566150575876236,0.5990070104598999,0.0008137462935010672,0.0001588021538171941,0.00022582604558041798,0.1287016667717547
1782125060.000732,40.14515686035156,blowing_bubbles,mixed_social_nonsocial_movie,mixed,1148,1,0.4407597275909527,0.42985470789956093,0.4353072177452568,1,0,0.5667537182569504,0.5643630683422088,0.021888515390001455,0.2980794963700253,-4.358127748100412,0.5665933191776276,0.5985265970230103,0.000653313631628224,0.00016043266187284317,0.0005954923527007019,0.12909691512099045
1782125060.035294,40.17971897125244,blowing_bubbles,mixed_social_nonsocial_movie,mixed,1149,1,0.44268056101167474,0.4180950022883237,0.43038778164999925,1,0,0.5670369625091553,0.5647363245487214,0.02123725378834696,0.29768754539069975,-3.9413668213046713,0.5663641095161438,0.5985881686210632,0.0002373354811322983,0.0004159781504959257,0.0006471252823432724,0.12985408419800967
1782125060.0673852,40.21181011199951,blowing_bubbles,mixed_social_nonsocial_movie,mixed,1150,1,0.43218511450129815,0.4224675156807492,0.4273263150910237,1,0,0.5668065845966339,0.5642118155956268,0.023336188150696362,0.30005309357356064,-3.9826474076831104,0.5665780454874039,0.5977015197277069,0.0009120936683745713,0.000674758187242273,0.0003593457893971344,0.1294540805143951
1782125060.102078,40.24650287628174,blowing_bubbles,mixed_social_nonsocial_movie,mixed,1151,1,0.4234973554658374,0.4048465548748341,0.4141719551703358,1,0,0.5671164840459824,0.5644252896308899,0.02277661773184419,0.2998481540609912,-3.778371054013186,0.5669175684452057,0.5980991423130035,0.0005228571116590767,0.0003892365567154946,0.0010912125577295178,0.13021400600726776
1782125060.135168,40.279592990875244,blowing_bubbles,mixed_social_nonsocial_movie,mixed,1152,1,0.440163976751334,0.4005690006400341,0.42036648869568405,1,0,0.5671913743019104,0.5648834943771363,0.02192141706664703,0.2989954460480889,-3.7508148178504648,0.5666867643594742,0.5982079207897186,0.00025515344988224527,0.0002677036617768314,0.000997412822112744,0.1290721768135503
1782125060.172468,40.316892862319946,blowing_bubbles,mixed_social_nonsocial_movie,mixed,1153,1,0.3900098238299516,0.3443450912259982,0.3671774575279749,1,0,0.5641794562339782,0.5675840020179749,0.020103346473474826,0.29888238455844623,-2.8610822053659843,0.5667257905006409,0.5995100140571594,0.001302677978937623,0.0010475245290553776,0.0003208369046089255,0.1372763048456976
1782125060.205031,40.34945583343506,blowing_bubbles,mixed_social_nonsocial_movie,mixed,1154,1,0.32078814740724737,0.25366295671010525,0.2872255520586763,1,0,0.5626607239246368,0.5703718423843385,0.022101647978667607,0.30097205757644385,-2.5726037844673324,0.56636181473732,0.6006035208702087,0.001152491000602747,0.00015018697833487585,0.0004040028475195833,0.1482567721678135
1782125060.2399948,40.384419679641724,blowing_bubbles,mixed_social_nonsocial_movie,mixed,1155,1,0.2518957078410103,0.16499221873451356,0.20844396328776194,1,0,0.5643967509269714,0.5719743907451629,0.02138357760944959,0.30220272135353865,-2.5652161635147057,0.5667830556631088,0.6012508571147919,0.0007723264407687089,0.0003801645598340382,0.0005109789056248671,0.15607043130988188
1782125060.274136,40.41856098175049,blowing_bubbles,mixed_social_nonsocial_movie,mixed,1156,1,0.24508848444107456,0.21278220027328557,0.22893534235718005,1,0,0.5638927102088929,0.571479070186615,0.015841420517726777,0.2990497242480261,-2.6259889740236457,0.5670563280582428,0.6021026372909546,0.0008945430511976781,0.00012221661042896917,0.00022632854732302507,0.15468542059194165
1782125060.308405,40.45282983779907,blowing_bubbles,mixed_social_nonsocial_movie,mixed,1157,1,0.26202541428642345,0.2548535914083155,0.2584395028473695,1,0,0.5650650978088378,0.5700043976306914,0.019177787967886727,0.30076588354934364,-2.6798425608672565,0.5670920610427856,0.6008621156215668,0.0012410362035029747,0.00034649315230529665,0.00017789042656966977,0.14928895633023684
1782125060.34267,40.48709487915039,blowing_bubbles,mixed_social_nonsocial_movie,mixed,1158,1,0.30535022200399226,0.30414175606415356,0.3047459890340729,1,0,0.5655145287513732,0.5680020689964294,0.022966579622071985,0.30237152959968805,-2.8715302541278915,0.5667684525251389,0.597619503736496,0.003258719734787876,0.0020176835312849016,0.00048742526471238633,0.1430074566326486
1782125060.381273,40.52569794654846,blowing_bubbles,mixed_social_nonsocial_movie,mixed,1159,1,0.38796919469988345,0.3528782574848165,0.37042372609234997,1,0,0.5660841047763825,0.5677156388759613,0.020724069358785454,0.29809890135659833,-3.3373173527531415,0.5671448707580566,0.5997360050678253,0.0021497136022251523,0.0011090061325627239,0.00018490241319704613,0.13858906925517658
1782125060.41176,40.55618500709534,blowing_bubbles,mixed_social_nonsocial_movie,mixed,1160,1,0.39824557447559683,0.36581855670385605,0.38203206558972647,1,0,0.5659907579421997,0.5670907020568847,0.02077063321167473,0.2987832096677752,-3.1741218564765328,0.5669618844985962,0.599009782075882,0.0007489217617204693,0.001400791840504683,3.731240348990928e-05,0.13632201260277974
1782125060.44863,40.59305500984192,blowing_bubbles,mixed_social_nonsocial_movie,mixed,1161,1,0.4163526747262774,0.36047930548669893,0.3884159901064882,1,0,0.5659456878900528,0.5668791592121124,0.018520557210294594,0.2965310128948446,-2.847406993163631,0.5673299729824066,0.5995040237903595,0.0006162499527331053,0.00013267180898736397,2.5987480734178936e-05,0.13653800448895
1782125060.4806342,40.62505912780762,blowing_bubbles,mixed_social_nonsocial_movie,mixed,1162,1,0.41821686036850914,0.3651737334296833,0.3916952968990962,1,0,0.5664596021175385,0.5663671731948853,0.02061836885675201,0.2970694945992405,-2.9405897425827536,0.5672160983085632,0.5993313193321228,0.00020686776268371817,0.00040938219004938716,7.414767985529278e-05,0.1368720003342501
1782125060.514889,40.659313917160034,blowing_bubbles,mixed_social_nonsocial_movie,mixed,1163,1,0.4175373996199968,0.37741991673484343,0.3974786581774201,1,0,0.5666963160037994,0.5659896314144135,0.0233155881828033,0.2965976250042256,-2.8473457359600585,0.5673999190330505,0.599186360836029,0.00023410045779707333,2.7232695113355167e-05,0.00036137579701019925,0.1362414594600055
1782125060.54971,40.69413495063782,blowing_bubbles,mixed_social_nonsocial_movie,mixed,1164,1,0.41199030244945545,0.36696409606021074,0.3894771992548331,1,0,0.5678475648164749,0.5656979799270629,0.02128413458491597,0.29604817947485035,-2.804501222705474,0.5677505135536194,0.5995932817459106,0.000537123025713628,0.0003030225679165546,0.00015694765356395927,0.13613731683995303
1782125060.581845,40.72626996040344,blowing_bubbles,mixed_social_nonsocial_movie,mixed,1165,1,0.43495158897956804,0.36065988724926556,0.3978057381144168,1,0,0.569398820400238,0.5639480710029602,0.02082402631947517,0.29748655476873564,-4.059028283427786,0.5674541294574738,0.5989775061607361,0.0006833908864955213,0.0001462678607818933,0.00035433560552252703,0.1319523301651446
1782125060.616155,40.76057982444763,blowing_bubbles,mixed_social_nonsocial_movie,mixed,1166,1,0.4358538133446312,0.3922660111752701,0.41405991225995065,1,0,0.569555750489235,0.5630252361297607,0.025567430520930412,0.2969861292407191,-3.8350429338378773,0.567287877202034,0.5979321300983429,0.001058513544676446,0.00037512265818092467,0.0009199997736917413,0.1295210033860001
1782125060.6511638,40.79558873176575,blowing_bubbles,mixed_social_nonsocial_movie,mixed,1167,1,0.42868191051501464,0.4185171940620202,0.4235995522885174,1,0,0.569869464635849,0.5627575099468232,0.025380234979102197,0.29797286185554195,-3.9456699187940054,0.567687377333641,0.5970340967178345,0.0009828857042715805,7.562784040486548e-05,0.00103051933981848,0.12891755005544667
1782125060.6887958,40.83322072029114,blowing_bubbles,mixed_social_nonsocial_movie,mixed,1168,1,0.4289969805566211,0.423870520215479,0.42643375038605,1,0,0.5702597498893738,0.5623039543628692,0.023139310504357448,0.29844981899673545,-3.865498377486808,0.5680720508098602,0.5968878269195557,0.0004115440890051384,0.0005713416152664421,0.0001524034712480573,0.13009186849593266
1782125060.72144,40.865864992141724,blowing_bubbles,mixed_social_nonsocial_movie,mixed,1169,1,0.42915438922742644,0.40654699116913556,0.417850690198281,1,0,0.5707779347896575,0.5614577531814575,0.025859796208525264,0.29806552185150686,-3.7165894739477254,0.5677893459796906,0.596908301115036,0.00028344525694009025,0.00012809883206504815,0.00040939512470055794,0.12902603045782346
1782125060.7568,40.901224851608276,blowing_bubbles,mixed_social_nonsocial_movie,mixed,1170,1,0.42985477607680495,0.4266871660951692,0.4282709710859871,1,0,0.5709783166646958,0.5614904642105103,0.024865248380063827,0.29917739069808835,-3.4793275761631848,0.5683808326721191,0.5967086255550385,0.000624281055759704,0.00034083579881961375,0.00042543396073809473,0.12901747229603325
1782125060.7919931,40.93641805648804,blowing_bubbles,mixed_social_nonsocial_movie,mixed,1171,1,0.4436771235596942,0.42416103603625394,0.43391907979797406,1,0,0.5709334224462509,0.5613514721393585,0.024586802488384452,0.2968354540502759,-3.3692814902910326,0.568337470293045,0.5970430672168732,0.0003372410430089029,0.0002870400127508011,0.00025637940094453256,0.12818374066765578
1782125060.826336,40.97076082229614,blowing_bubbles,mixed_social_nonsocial_movie,mixed,1172,1,0.44648451070930323,0.4293317190237448,0.43790811486652403,1,0,0.5707999914884567,0.5612139463424682,0.029882673010760342,0.29731368582657836,-3.8439151444375335,0.5677866637706757,0.5962307453155518,0.0009814553970767536,0.0006442143540678507,0.0005770820702274387,0.12831470808350884
1782125060.860637,41.005061864852905,blowing_bubbles,mixed_social_nonsocial_movie,mixed,1173,1,0.4395097659434965,0.4304960572496818,0.43500291159658916,1,0,0.5703527331352234,0.5602844595909119,0.029599820655557774,0.2975186911939652,-3.9707788560146167,0.5679452270269394,0.5964460372924805,0.00026738164029497396,0.0007140737567817797,0.0007963725896808994,0.12864554818946147
1782125060.894987,41.03941202163696,blowing_bubbles,mixed_social_nonsocial_movie,mixed,1174,1,0.4592667058386063,0.4057888817452131,0.4325277937919097,1,0,0.5705302894115448,0.5605081975460053,0.025916046612485488,0.29688977416273793,-3.7518622065196356,0.5683303773403168,0.5963890254497528,0.00038934703556839606,0.0001219653952734221,0.0003722149929118786,0.1282616464330442
1782125060.928376,41.07280087471008,blowing_bubbles,mixed_social_nonsocial_movie,mixed,1175,1,0.4502084833313667,0.43016410329158306,0.44018629331147485,1,0,0.5705029368400574,0.560281866788864,0.027254024342208156,0.2995778395416495,-3.6735781116561053,0.5682888031005859,0.5956401824951172,0.0007499961254010599,0.00036064908983266387,0.00028676669262243807,0.1281420802746922
1782125060.965398,41.10982298851013,blowing_bubbles,mixed_social_nonsocial_movie,mixed,1176,1,0.4475400631500585,0.43911594145198757,0.44332800230102304,1,0,0.5704027444124222,0.5600673973560333,0.03146128328214272,0.2958051716389613,-3.677902860935673,0.5680568218231201,0.5955187976360321,0.00026181977982914006,0.00048817634557191987,0.0007072545499108343,0.12754656958206
1782125060.998802,41.143226861953735,blowing_bubbles,mixed_social_nonsocial_movie,mixed,1177,1,0.4468984782333423,0.441613434994358,0.44425595661385014,1,0,0.5707488775253295,0.560151195526123,0.030310926862089402,0.2983279835107911,-3.397413045461711,0.5683372020721436,0.5949380695819855,0.0006448706512155995,0.0003830508713864595,7.732329891821e-05,0.1287491369082301
1782125061.032542,41.17696690559387,blowing_bubbles,mixed_social_nonsocial_movie,mixed,1178,1,0.4572045598494132,0.42511263165788293,0.4411585957536481,1,0,0.5705814957618713,0.5599176466464997,0.026382321151306138,0.29818318597103677,-3.2181080721918245,0.5684470236301422,0.594236820936203,0.0007097960536752804,6.492540245968089e-05,0.0005068236196229103,0.12826909351738228
1782125061.06563,41.210054874420166,blowing_bubbles,mixed_social_nonsocial_movie,mixed,1179,1,0.46209135702740123,0.42531391626051473,0.443702636643958,1,0,0.5708532989025117,0.5601113736629486,0.02748486076954983,0.29977500918961947,-3.298653252561586,0.5683946311473846,0.5934528410434723,0.0007857286073801579,7.593255370487743e-05,0.00018731140629675306,0.12826398564093447
1782125061.100047,41.24447202682495,blowing_bubbles,mixed_social_nonsocial_movie,mixed,1180,1,0.45369598046099474,0.4354327784583558,0.4445643794596753,1,0,0.5708798050880433,0.5601382732391358,0.028358882968578348,0.296873415386955,-3.6059090160036646,0.5685406923294067,0.5948559641838074,0.0014107049357812132,0.0006249763284010553,0.0003739160586645498,0.12778152148644037
1782125061.134271,41.278695821762085,blowing_bubbles,mixed_social_nonsocial_movie,mixed,1181,1,0.4504654707306559,0.43348853139678495,0.4419770010637204,1,0,0.5707733482122421,0.560166335105896,0.028998619924136607,0.29773754500611216,-3.626351263480628,0.5685443729162216,0.5943148136138916,0.0005411630863607256,0.0008695418494204875,0.0001980561762108794,0.1289527900156268
1782125061.1703548,41.31477975845337,blowing_bubbles,mixed_social_nonsocial_movie,mixed,1182,1,0.4623973085579545,0.4259683179591269,0.4441828132585407,1,0,0.570799821615219,0.5605110764503479,0.029107141517742345,0.3002549193469065,-3.549241277638477,0.568266823887825,0.5929488837718964,0.0013938428162519041,0.0008526797298911785,0.00026413289060400676,0.12887414639524364
1782125061.206055,41.3504798412323,blowing_bubbles,mixed_social_nonsocial_movie,mixed,1183,1,0.4708048189471627,0.4085994917343646,0.4397021553407636,1,0,0.5708029091358184,0.5602105855941772,0.02984401592635512,0.2999272214190651,-3.7407342055996597,0.56821009516716,0.5935395658016205,0.0005933998719137817,0.0008004429443381224,0.00020603346477097645,0.12913320145315715
1782125061.237796,41.38222098350525,blowing_bubbles,mixed_social_nonsocial_movie,mixed,1184,1,0.4651683563861089,0.4165488069698828,0.44085858167799585,1,0,0.5709494709968568,0.5606172621250153,0.026221574423906362,0.299666461528841,-3.6229625097581706,0.5686851292848587,0.5944176018238068,0.0009983008911317558,0.00040490101921797405,8.880688740564802e-05,0.12864638022514155
1782125061.273761,41.41818594932556,blowing_bubbles,mixed_social_nonsocial_movie,mixed,1185,1,0.4672767959302303,0.4202190979298813,0.4437479469300558,1,0,0.571113321185112,0.5607312381267547,0.024703390207645688,0.2992708809348972,-3.675161422304284,0.56919264793396,0.5946712791919708,0.0005673864523446171,0.0004309144387871387,0.00032144639925529617,0.12818148171881885
1782125061.308029,41.45245385169983,blowing_bubbles,mixed_social_nonsocial_movie,mixed,1186,1,0.4605096503126366,0.4011474936709838,0.4308285719918102,1,0,0.5718051612377166,0.561172103881836,0.02552277593052537,0.29934376089825226,-3.3934299655601423,0.5689014494419098,0.5960486233234406,0.0014077902607513625,0.0008404038084067454,0.00028899976068060603,0.1280056151824449
1782125061.341713,41.48613786697388,blowing_bubbles,mixed_social_nonsocial_movie,mixed,1187,1,0.4607185840729217,0.4264151788162278,0.4435668814445748,1,0,0.5713793605566024,0.5608457803726197,0.028397516470828905,0.2997974494798468,-3.577370465427244,0.5687525570392609,0.5959968864917755,0.00015762502122856773,0.0012501652395227947,0.00021356707650146647,0.1278789453524782
1782125061.3772402,41.52166509628296,blowing_bubbles,mixed_social_nonsocial_movie,mixed,1188,1,0.44987761380899255,0.43283787545027874,0.4413577446296356,1,0,0.5713691294193268,0.5603554487228393,0.028651060179603994,0.30182860100330605,-3.5873252379349747,0.5687099695205688,0.5943740904331207,0.0016233547809193921,0.0014657297596908244,0.00024267461470753093,0.12774579508015155
1782125061.4117582,41.556183099746704,blowing_bubbles,mixed_social_nonsocial_movie,mixed,1189,1,0.46040003001596375,0.4339752630700282,0.447187646542996,1,0,0.5713363826274872,0.5607167899608612,0.0314545601139795,0.30002719796739075,-3.6615557023929375,0.5684405863285065,0.5938697457313538,0.0005717787005180655,0.0010515760804013265,0.00020639507330192131,0.12877839727665394
1782125061.4455009,41.58992576599121,blowing_bubbles,mixed_social_nonsocial_movie,mixed,1190,1,0.4501480436564998,0.4311462509167878,0.4406471472866438,1,0,0.5711873948574067,0.5606365203857422,0.0326808800368288,0.30017910458928176,-3.688486243369329,0.5685531944036484,0.5943442285060883,0.0004876622623362534,8.411643818181214e-05,0.0004672974297574401,0.12897677223077414
1782125061.479479,41.62390398979187,blowing_bubbles,mixed_social_nonsocial_movie,mixed,1191,1,0.45237792421242284,0.42704337938749404,0.43971065179995844,1,0,0.5710880696773529,0.5605435729026795,0.030638447560475943,0.2998301337905791,-3.4329537927455864,0.5685409009456635,0.594701737165451,0.0003577199611827786,0.0001299423011534748,0.00026895199688683276,0.12769511033632203
1782125061.512758,41.657182931900024,blowing_bubbles,mixed_social_nonsocial_movie,mixed,1192,1,0.44075386525726606,0.4213863400608748,0.4310701026590704,1,0,0.5710196137428284,0.5604754447937011,0.031001188033494644,0.2981259215154955,-3.2482272893372968,0.5687126815319061,0.5957235097885132,0.0010361118969730782,0.0006783919357902996,0.00010140883572002674,0.12787223453463858
1782125061.547851,41.69227600097656,blowing_bubbles,mixed_social_nonsocial_movie,mixed,1193,1,0.4465537804095605,0.4127194138936625,0.4296365971516115,1,0,0.5710682451725007,0.5606689691543579,0.03248495357220764,0.2986238574208832,-3.4183601951793494,0.5683369040489197,0.5955194234848022,0.00042762125307569185,0.0006084906438973863,0.0005109957255545405,0.1279253585256024
1782125061.5839202,41.72834515571594,blowing_bubbles,mixed_social_nonsocial_movie,mixed,1194,1,0.4482232497861389,0.41722802746739246,0.4327256386267657,1,0,0.5704728186130523,0.5599934935569764,0.03428739945243417,0.2968023618499031,-3.7002071301242645,0.5682747066020966,0.5956054329872131,0.00010614215419089401,0.00032147909888479787,0.00035621219911352413,0.12854443720161338
1782125061.617731,41.76215600967407,blowing_bubbles,mixed_social_nonsocial_movie,mixed,1195,1,0.4305823723598267,0.4223365912875734,0.4264594818237001,1,0,0.5703707635402679,0.5600227236747741,0.03298168370105235,0.29694548828636425,-3.888197618213773,0.5680764019489288,0.5952231585979462,0.00043064886410787705,0.00032450670991698307,0.0002733271985107594,0.1297952595876037
1782125061.652245,41.79666996002197,blowing_bubbles,mixed_social_nonsocial_movie,mixed,1196,1,0.4212166875663885,0.42986456223865915,0.42554062490252387,1,0,0.5705506831407547,0.5595585405826569,0.036835948396096704,0.29949382011360093,-3.7811785792165407,0.5681378394365311,0.5947064757347107,0.0005203227325843853,8.967386847650829e-05,9.265596402248986e-05,0.1290444602304422
1782125061.6853912,41.82981610298157,blowing_bubbles,mixed_social_nonsocial_movie,mixed,1197,1,0.4298039456012277,0.41146352390022123,0.42063373475072446,1,0,0.5707565993070602,0.559524303674698,0.030784065109671545,0.29799709497466825,-3.6427911979578984,0.5688153654336929,0.5947922468185425,0.000682933492846748,0.0001626107602623627,0.00024255674263650733,0.12915048317005323
1782125061.720603,41.8650279045105,blowing_bubbles,mixed_social_nonsocial_movie,mixed,1198,1,0.43163750957167124,0.4035766535096865,0.4176070815406789,1,0,0.5707238465547562,0.5595319092273712,0.031739624889058696,0.29463589845938704,-3.3196577343564795,0.5688446462154388,0.5961723625659943,0.0013804263256487262,0.0006974928328019782,0.0003551898437343349,0.12958826606256965
1782125061.7561028,41.90052771568298,blowing_bubbles,mixed_social_nonsocial_movie,mixed,1199,1,0.4385661370595941,0.40565109447573805,0.42210861576766606,1,0,0.5707130908966065,0.5595370173454284,0.030612919378532576,0.2956377063726579,-3.266104524536572,0.5689465701580048,0.5957033932209015,0.0004799174269652284,0.0009005088986834978,0.0006015688947654077,0.1297534416111511
1782125061.7916899,41.93611478805542,blowing_bubbles,mixed_social_nonsocial_movie,mixed,1200,1,0.4404500187667459,0.403472822302001,0.42196142053437347,1,0,0.5709590911865234,0.5585052967071533,0.03332954313107926,0.29701006940080876,-3.382607779899382,0.5689167082309723,0.593928337097168,0.001775307290890781,0.0012953898639255525,0.0003056891780672965,0.12900278919114663
1782125061.825363,41.96978783607483,blowing_bubbles,mixed_social_nonsocial_movie,mixed,1201,1,0.4420556200704375,0.4025665108311787,0.4223110654508081,1,0,0.571253988146782,0.5584178745746613,0.027951485451508117,0.29683189302763313,-3.313995564391654,0.5691547393798828,0.5945213139057159,0.0006389681708249664,0.0011363391200658146,0.001001089147633915,0.12927566283215408
1782125061.8579001,42.0023250579834,blowing_bubbles,mixed_social_nonsocial_movie,mixed,1202,1,0.436076523135495,0.41853078365461177,0.4273036533950534,1,0,0.5711508631706237,0.5577299058437347,0.035035519294665564,0.2965776155148544,-3.363486483503576,0.5690037459135056,0.5928804874420166,0.001647759239350429,0.0010087910685254624,0.0002445005882168994,0.12927565373545125
1782125061.893533,42.03795790672302,blowing_bubbles,mixed_social_nonsocial_movie,mixed,1203,1,0.44330276665208873,0.40118334781095866,0.42224305723152367,1,0,0.5714467614889145,0.5580917358398438,0.03222819764719456,0.29514699567686775,-3.3257526964531796,0.5690013915300369,0.5934919714927673,0.000611488583249141,0.001036270656101288,0.0005547508960142417,0.13043084008670208
1782125061.925951,42.07037591934204,blowing_bubbles,mixed_social_nonsocial_movie,mixed,1204,1,0.4334862715065333,0.4155507682812009,0.42451851989386713,1,0,0.5713771343231201,0.5577929139137268,0.03321698880150613,0.29577328907184025,-2.901052101630866,0.5690546333789825,0.5930981636047363,0.0003973906732103677,0.00021409791003877335,9.527080109927496e-05,0.12938335111649046
1782125061.9645739,42.10899877548218,blowing_bubbles,mixed_social_nonsocial_movie,mixed,1205,1,0.43369010907426053,0.4171845163885444,0.4254373127314025,1,0,0.5712929010391236,0.5580414950847625,0.031997232843762005,0.2942282050041095,-3.168604423713118,0.5691328346729279,0.5936501622200012,0.0005575104605557461,0.00016011978734537842,0.0004101292725918969,0.1293546219528101
1782125061.996688,42.14111280441284,blowing_bubbles,mixed_social_nonsocial_movie,mixed,1206,1,0.434835481058049,0.4213635758677342,0.42809952846289157,1,0,0.5710045397281647,0.5577199161052704,0.03352756278682022,0.29502637740347715,-2.987468291646988,0.569320797920227,0.5938133299350739,0.0002489053747456685,0.0003086050858100776,0.0001589002618164464,0.12961689746040467
1782125062.031562,42.175987005233765,blowing_bubbles,mixed_social_nonsocial_movie,mixed,1207,1,0.4251393626549478,0.41090780310533387,0.41802358288014085,1,0,0.5709960043430329,0.5572918355464935,0.033495498960221304,0.2938911177548166,-2.786368155801508,0.5694072246551514,0.5935172140598297,0.0003084707313203013,5.9565356574632806e-05,0.0004076590614049334,0.130582915137197
1782125062.0652,42.209625005722046,blowing_bubbles,mixed_social_nonsocial_movie,mixed,1208,1,0.43435948311204176,0.41828924663001343,0.4263243648710276,1,0,0.5709047973155976,0.5570835590362548,0.031680037093611724,0.29563654658522165,-2.7221354195644607,0.5697122365236282,0.5931867361068726,0.0004497198208912972,0.00014124908957099594,0.0002632551429772052,0.1302044487885928
1782125062.098699,42.24312400817871,blowing_bubbles,mixed_social_nonsocial_movie,mixed,1209,1,0.43018562003778277,0.4100785940762103,0.42013210705699655,1,0,0.5709807515144348,0.5567631721496582,0.029907663077242883,0.2970730800580542,-2.802357558288505,0.569772332906723,0.5924914479255676,0.0006978805272562024,0.00024816070636490513,0.00020813541393947918,0.12883194475906626
1782125062.133464,42.277889013290405,blowing_bubbles,mixed_social_nonsocial_movie,mixed,1210,1,0.4315128473382229,0.410307084011142,0.4209099656746825,1,0,0.5710193812847137,0.5567827939987182,0.0270505060242479,0.2982849041947822,-2.9366760761447024,0.5700429528951645,0.5924152731895447,0.00028113656566200327,0.0004167439615941991,0.00022921500933952138,0.1285744660661122
1782125062.168876,42.3133008480072,blowing_bubbles,mixed_social_nonsocial_movie,mixed,1211,1,0.4395289923284397,0.4059506080410509,0.42273980018474533,1,0,0.5710656732320786,0.5573137104511261,0.028175121927385947,0.2977582676292413,-3.164364254563927,0.5700334757566452,0.5923692882061005,4.6951409530262016e-05,0.00023418515613174125,0.000711650384815253,0.12947443917489282
1782125062.204621,42.34904599189758,blowing_bubbles,mixed_social_nonsocial_movie,mixed,1212,1,0.43788415326836816,0.4023730421269682,0.4201285976976682,1,0,0.5711379051208496,0.5574897050857544,0.026264900676093775,0.29771656823117887,-3.00620349136619,0.5701054930686951,0.5926901698112488,0.00032886395022478084,0.00028191254069451883,0.00016384820572964653,0.12920183784819594
1782125062.237372,42.38179683685303,blowing_bubbles,mixed_social_nonsocial_movie,mixed,1213,1,0.4400864134553281,0.4121636145787945,0.4261250140170613,1,0,0.5710850656032562,0.5576351225376129,0.031053009054924047,0.2977710136425843,-3.3598710923702093,0.5698082745075226,0.5914845764636993,0.001241690055030201,0.0009128261048054202,0.0005920321576200617,0.12928077293017975
1782125062.271724,42.41614890098572,blowing_bubbles,mixed_social_nonsocial_movie,mixed,1214,1,0.4408937809141287,0.4059116717175928,0.42340272631586073,1,0,0.5709603607654572,0.5574292778968811,0.0327903056206874,0.2986267087635239,-3.2533924440936457,0.5694485008716583,0.5922498404979706,0.0008456158177399956,0.00039607423729020545,0.0003658501745345658,0.12903716546016988
1782125062.305373,42.44979786872864,blowing_bubbles,mixed_social_nonsocial_movie,mixed,1215,1,0.43321138989144964,0.4050886516883126,0.4191500207898811,1,0,0.5709188640117645,0.5574905157089234,0.03019865062500158,0.29746650956223025,-3.1244909207674336,0.5694974958896637,0.5919671654701233,0.0002868896707060274,0.0005587261470339682,0.0002782022753775721,0.1296619816364786
1782125062.3401752,42.48460006713867,blowing_bubbles,mixed_social_nonsocial_movie,mixed,1216,1,0.43775728881227627,0.4119893130591014,0.42487330093568887,1,0,0.5710349559783936,0.5574024379253387,0.02997318409134661,0.29508591066095735,-2.7530941916231635,0.5695801377296448,0.5934154093265533,0.0014505998557158527,0.0011637101850098253,4.592909755259737e-05,0.12891826536805714
1782125062.3755908,42.520015716552734,blowing_bubbles,mixed_social_nonsocial_movie,mixed,1217,1,0.44677611920350174,0.4119127624796681,0.42934444084158496,1,0,0.5710517525672912,0.5571449100971222,0.029652787455643474,0.29605042254646763,-2.726870838532751,0.5697233378887177,0.5925767123699188,0.000850834220413416,0.0005997656353024367,0.0003320657761040423,0.1283226861171469
1782125062.410867,42.55529189109802,blowing_bubbles,mixed_social_nonsocial_movie,mixed,1218,1,0.4396042980562608,0.41643233615685543,0.42801831710655813,1,0,0.5710939824581147,0.5568608522415162,0.030774716887884086,0.295024643414721,-2.613636438409677,0.569677472114563,0.5930710732936859,0.0004964840301426189,0.0003543501902707971,0.00015530256002244637,0.12836280182836682
1782125062.4447832,42.589208126068115,blowing_bubbles,mixed_social_nonsocial_movie,mixed,1219,1,0.4304507318289216,0.4335016064189889,0.4319761691239552,1,0,0.5711309969425202,0.5568824648857117,0.0324249862198264,0.2962315432116401,-2.357626879198194,0.5698443651199341,0.5919958353042603,0.001088113049800401,0.000591629019657782,0.00023890177688313917,0.12835058541077685
1782125062.478942,42.623366832733154,blowing_bubbles,mixed_social_nonsocial_movie,mixed,1220,1,0.4368599360595984,0.4296894871349825,0.4332747115972905,1,0,0.5714346379041672,0.5571528375148773,0.031011026563007745,0.297919419888871,-2.3849327179900066,0.5700077563524246,0.5916394293308258,0.00039207386135081,0.0006960391884495909,0.0004652408308405566,0.12888981461683852
1782125062.5124102,42.656835079193115,blowing_bubbles,mixed_social_nonsocial_movie,mixed,1221,1,0.43227554113473554,0.4285906322145974,0.4304330866746665,1,0,0.571431839466095,0.5568444728851318,0.03375391615758398,0.2976369276041462,-2.3595972788890514,0.5697982311248779,0.5917983651161194,0.0002629855601081164,0.00012908830124269363,0.0002222186554981052,0.12911592269075425
1782125062.5480042,42.692429065704346,blowing_bubbles,mixed_social_nonsocial_movie,mixed,1222,1,0.4249339663095734,0.4247517231590902,0.4248428447343318,1,0,0.5713290929794311,0.5569303691387176,0.029616621971246496,0.2972771834816049,-2.547258894975395,0.5700467377901077,0.5922054648399353,0.00047695466010369504,0.00021396909999557865,0.0007190207528144907,0.1298515215538677
1782125062.582317,42.72674202919006,blowing_bubbles,mixed_social_nonsocial_movie,mixed,1223,1,0.4095203964010891,0.42413104185964223,0.4168257191303657,1,0,0.5711229979991913,0.5564392626285553,0.03278788852635584,0.29761780474775495,-2.440782983681345,0.5699913203716278,0.5914603769779205,0.0007471459110459752,0.0002701912509422801,0.0002941526768379194,0.12938096539387614
1782125062.6173172,42.76174211502075,blowing_bubbles,mixed_social_nonsocial_movie,mixed,1224,1,0.42200970381555936,0.43316606758568743,0.4275878857006234,1,0,0.571476423740387,0.5567448973655701,0.029006614893913707,0.2985896096469153,-2.359076638891586,0.5701858401298523,0.59232959151268,0.0008907142323870908,0.00014356832134111567,0.0004220292636779166,0.1296875320944959
1782125062.650805,42.7952299118042,blowing_bubbles,mixed_social_nonsocial_movie,mixed,1225,1,0.43338894908406794,0.42548737578338325,0.42943816243372557,1,0,0.5713263869285583,0.5569029808044433,0.030189719560103735,0.2990748932999774,-2.1401823739803993,0.5698051750659943,0.591489315032959,0.0009224805977441869,3.176636535709605e-05,0.00032041522095769355,0.1283595651079178
1782125062.6849349,42.82935976982117,blowing_bubbles,mixed_social_nonsocial_movie,mixed,1226,1,0.4260195417547481,0.42906794025223827,0.4275437410034932,1,0,0.5714926481246948,0.5568006932735443,0.03070767758018459,0.29599444273676884,-2.422637775464675,0.569828599691391,0.5931864082813263,0.0016972549032861516,0.0007747743055419648,0.0004928233449143915,0.1294996898054615
1782125062.718397,42.86282181739807,blowing_bubbles,mixed_social_nonsocial_movie,mixed,1227,1,0.43307463507837035,0.430586787563187,0.43183071132077866,1,0,0.5712292641401291,0.5569663524627686,0.030691403909636684,0.2974365127222218,-2.4211433468066073,0.5699069499969482,0.5927264988422394,0.000466535596221933,0.0012307193070642186,0.0006811380751784352,0.1290825565190506
1782125062.756984,42.90140891075134,blowing_bubbles,mixed_social_nonsocial_movie,mixed,1228,1,0.44354939564069673,0.4190357812480127,0.4312925884443547,1,0,0.5711972564458847,0.5569668054580688,0.03170293226739416,0.2958960490409204,-2.771748886793599,0.5697011053562164,0.5928972363471985,0.0002674384260304967,0.00019909717019143632,0.00017857155066572063,0.1300030671209502
1782125062.789322,42.93374681472778,blowing_bubbles,mixed_social_nonsocial_movie,mixed,1229,1,0.43423108654024245,0.40153028072575053,0.41788068363299646,1,0,0.5710620611906052,0.5570659458637237,0.02999942991454015,0.29618239504797217,-2.462228495995831,0.5696054995059967,0.5930292904376984,0.00016302994023794138,0.0001044084857925553,0.0004798225618544901,0.12992138092653208
1782125062.822516,42.96694087982178,blowing_bubbles,mixed_social_nonsocial_movie,mixed,1230,1,0.4384163357414795,0.4040625260627994,0.42123943090213944,1,0,0.5709031254053116,0.5573084473609924,0.025997707379540744,0.2958242352335203,-2.4496149824939932,0.5697987973690033,0.5930810272693634,0.00020010188303374788,3.70719427958065e-05,0.0004683050720856135,0.1289233494670006
1782125062.8573508,43.00177574157715,blowing_bubbles,mixed_social_nonsocial_movie,mixed,1231,1,0.4349775324170013,0.4070487379758932,0.42101313519644723,1,0,0.570789685845375,0.5577801406383515,0.026584509587489993,0.2963120940589442,-2.6361494868129127,0.5695506036281586,0.5928406119346619,0.0003455425677889077,0.00014544068475515982,0.0003366998188182809,0.12841263154207458
1782125062.8920388,43.03646373748779,blowing_bubbles,mixed_social_nonsocial_movie,mixed,1232,1,0.4464722876564039,0.42391929195330985,0.43519578980485685,1,0,0.5705908864736557,0.557962954044342,0.026157635723232004,0.2999898434714993,-2.388092933126486,0.5696123093366623,0.591956615447998,0.0008861474950006465,0.0005406049272117388,0.00010093329929046744,0.12686065157763018
1782125062.924642,43.06906700134277,blowing_bubbles,mixed_social_nonsocial_movie,mixed,1233,1,0.43201511471304027,0.43213390026788834,0.4320745074904643,1,0,0.5707831084728241,0.558527261018753,0.030582093167750603,0.2994873213474493,-1.9359344450080191,0.5693116188049316,0.5923461616039276,0.0004920985708899828,0.0003940489241106637,0.00015047751087886372,0.12789623195394018
1782125062.96157,43.10599493980408,blowing_bubbles,mixed_social_nonsocial_movie,mixed,1234,1,0.4278673606364427,0.41742476240966947,0.42264606152305606,1,0,0.5706976681947709,0.5588171303272247,0.030786427031837482,0.298515697875493,-2.3617569889488115,0.5693033933639526,0.5935973525047302,0.0012512179379031263,0.0007591193670131434,0.0002355577153751347,0.12829030732035174
1782125062.994727,43.13915181159973,blowing_bubbles,mixed_social_nonsocial_movie,mixed,1235,1,0.4282204613844509,0.4325419372255422,0.4303811993049965,1,0,0.5704821288585662,0.5600180983543396,0.030193991679618167,0.2954570883633133,-2.3837563888668565,0.5693448632955551,0.594188004732132,0.0005921062480347114,0.0006591116898684149,0.000416739616565178,0.1298469886412595
1782125063.0303879,43.17481279373169,blowing_bubbles,mixed_social_nonsocial_movie,mixed,1236,1,0.41785287045101155,0.4228020353529921,0.4203274529020018,1,0,0.5707520961761474,0.5600717544555665,0.030594105285828933,0.2973890022175075,-2.2259070927400484,0.568989098072052,0.5949844717979431,0.0008723122612780667,0.00028020601324335527,0.00013936318504703592,0.12994844001369568
1782125063.063023,43.20744800567627,blowing_bubbles,mixed_social_nonsocial_movie,mixed,1237,1,0.4324629988235157,0.4162618751206481,0.42436243697208187,1,0,0.5707049429416657,0.5600614488124847,0.031450036476427995,0.29558118014197415,-2.337715928265624,0.5690642446279526,0.5952717661857605,0.0002969597112995007,0.000575352549978566,0.00019749026797902277,0.12982647124549385
1782125063.098068,43.24249291419983,blowing_bubbles,mixed_social_nonsocial_movie,mixed,1238,1,0.42621453424335415,0.40914730109382597,0.41768091766859006,1,0,0.5708334773778916,0.5602906048297882,0.03004510483207346,0.2967113820007066,-2.3035081751800246,0.56904736161232,0.5945987105369568,0.000673267363388005,0.0003763076520885043,0.0002156870054573552,0.13048853856762194
1782125063.132205,43.27662992477417,blowing_bubbles,mixed_social_nonsocial_movie,mixed,1239,1,0.4371801246006346,0.4211563718325785,0.42916824821660654,1,0,0.5705114006996155,0.5600342154502869,0.02895775932570333,0.29686361511029924,-2.4207735511801873,0.5691627115011215,0.594658374786377,0.00012986692999146252,0.0005434004333965425,0.0006869399092278624,0.12967041441728522
1782125063.168062,43.31248688697815,blowing_bubbles,mixed_social_nonsocial_movie,mixed,1240,1,0.4292616134208457,0.4162856148670851,0.4227736141439654,1,0,0.5696926474571228,0.5594031870365143,0.030507430432570343,0.2975020714191125,-2.5347261413147146,0.5690322518348694,0.5950029194355011,0.000368416530246268,0.00023854960025480548,0.0006321373990371758,0.12892518882032525
1782125063.202569,43.346993923187256,blowing_bubbles,mixed_social_nonsocial_movie,mixed,1241,1,0.4114109415184793,0.4094921166115806,0.4104515290650299,1,0,0.5684580445289612,0.5599003612995148,0.03034568727960412,0.2996567060041241,-2.073349986916655,0.5688788890838623,0.5944004952907562,0.0006216389495262112,0.0002532224192799432,0.0008453555523253352,0.1305972148409522
1782125063.236474,43.38089895248413,blowing_bubbles,mixed_social_nonsocial_movie,mixed,1242,1,0.41301642299364105,0.4201791533379796,0.41659778816581033,1,0,0.5679549872875214,0.5600057423114777,0.027149744059075703,0.2999528898894068,-2.4938632828049325,0.5693844109773636,0.59406977891922,0.0006040908070904799,1.754814243573133e-05,0.0007424515328048343,0.1303245011567006
1782125063.270713,43.41513800621033,blowing_bubbles,mixed_social_nonsocial_movie,mixed,1243,1,0.42408995789939613,0.41689840045888527,0.42049417917914067,1,0,0.5676253497600555,0.5600881755352021,0.029467769479289727,0.2999486606390727,-2.596024418409855,0.569252997636795,0.5943576395511627,0.0003164383186370806,0.0002876524884533993,0.0006009969681300445,0.13023288307487646
1782125063.304118,43.44854283332825,blowing_bubbles,mixed_social_nonsocial_movie,mixed,1244,1,0.4239194097747433,0.403392371143091,0.41365589045891715,1,0,0.5677377700805664,0.5601559340953827,0.02658049953953519,0.2989340693799221,-2.8654405127796654,0.5691819190979004,0.5952360332012177,0.0008812647520173631,0.0005648264333802824,9.059848974836863e-05,0.13046724671043186
1782125063.339442,43.483866930007935,blowing_bubbles,mixed_social_nonsocial_movie,mixed,1245,1,0.42876956185369236,0.410969950440935,0.4198697561473137,1,0,0.5676163554191589,0.5604248046875,0.028211009880420627,0.29592068083652623,-3.098195821795575,0.5691353529691696,0.5955791771411896,0.00034628913913726237,0.0005349756128801007,0.0001885180391862223,0.13092757571252073
1782125063.374279,43.51870393753052,blowing_bubbles,mixed_social_nonsocial_movie,mixed,1246,1,0.41843558248368057,0.40976523476186694,0.41410040862277375,1,0,0.5675270199775695,0.5600610613822937,0.025791657644310587,0.2975900391025834,-3.0139410499709247,0.5692741572856903,0.5953841805458069,0.00023935394397339024,0.00010693519516387213,0.0002174844037009836,0.13085412341615346
1782125063.409208,43.553632974624634,blowing_bubbles,mixed_social_nonsocial_movie,mixed,1247,1,0.4052801093059108,0.39773584952000496,0.4015079794129579,1,0,0.5676627159118652,0.560973048210144,0.027071523206111905,0.2990837173690567,-3.135461870204135,0.5689766258001328,0.5955446660518646,0.00033805411187071057,9.870016789732033e-05,0.0003472363855778282,0.13281728090840705
1782125063.443375,43.58780002593994,blowing_bubbles,mixed_social_nonsocial_movie,mixed,1248,1,0.31571287877862925,0.328723759166116,0.32221831897237263,1,0,0.5669289410114289,0.562813264131546,0.027678940848873478,0.2969922692974531,-2.7781076373784357,0.5685104727745056,0.5976299047470093,0.0021367075277234156,0.001798653415852705,0.0003214628696173901,0.13996419921824096
1782125063.47708,43.62150502204895,blowing_bubbles,mixed_social_nonsocial_movie,mixed,1249,1,0.2915048362490711,0.34493403095715536,0.3182194336031132,1,0,0.566122442483902,0.5629070699214935,0.028958954384210544,0.29641709693888624,-2.1514755054899015,0.5684793442487717,0.5981098711490631,0.00048097477295058907,0.0016557327547728265,0.0005893810703227151,0.13888651712933803
1782125063.5101619,43.65458679199219,blowing_bubbles,mixed_social_nonsocial_movie,mixed,1250,1,0.32525073933387927,0.3404345558195912,0.3328426475767352,1,0,0.5666806697845459,0.5623433589935303,0.02506164115737791,0.2976629659721961,-2.164653512460287,0.5688029229640961,0.5971323251724243,0.001029708367186401,0.0005487335942358118,0.000308147750060872,0.1385448029034634
1782125063.54813,43.69255495071411,blowing_bubbles,mixed_social_nonsocial_movie,mixed,1251,1,0.37446660458078374,0.3586536480884695,0.36656012633462665,1,0,0.5665636777877807,0.561938214302063,0.024185884629002494,0.297081854650944,-2.2994638945778356,0.5688596069812775,0.5969750583171844,0.00016717039678381608,0.0008625379704025848,0.000512430498772155,0.1356874863589193
1782125063.5808141,43.72523903846741,blowing_bubbles,mixed_social_nonsocial_movie,mixed,1252,1,0.3832464184154586,0.3616448692034428,0.37244564380945067,1,0,0.5668506771326065,0.5618410527706146,0.023601417580721706,0.2979928049191102,-2.3294162509720895,0.5686101615428925,0.5970204174518585,0.0002535359497772857,8.63655529934696e-05,0.00019837535851090462,0.13506268567414262
1782125063.6156821,43.76010704040527,blowing_bubbles,mixed_social_nonsocial_movie,mixed,1253,1,0.4028859785775487,0.3613321163084755,0.3821090474430121,1,0,0.5669716358184814,0.5618770241737365,0.020287792723631373,0.2960792117707926,-2.4953640748318526,0.568693146109581,0.597069501876831,9.64143095363374e-05,0.00015712164024094829,0.0002753570170367081,0.1341826158432382
1782125063.6495218,43.793946743011475,blowing_bubbles,mixed_social_nonsocial_movie,mixed,1254,1,0.4016236027847667,0.3678863442776825,0.3847549735312246,1,0,0.5666698396205903,0.5625226140022278,0.024615403142833683,0.3005709024138593,-2.2904859275030582,0.5681658238172531,0.596409261226654,0.0008449772281736835,0.0007485629186373461,0.0004172087496475435,0.13319352342729243
1782125063.6836212,43.82804608345032,blowing_bubbles,mixed_social_nonsocial_movie,mixed,1255,1,0.40556292706285024,0.38452861528128407,0.3950457711720672,1,0,0.5662992149591446,0.5625347077846528,0.021167119077342613,0.29790136778420856,-2.6815978599901538,0.5684907138347626,0.5971566736698151,0.0008149717072814299,3.000552089225364e-05,0.0003439520053134692,0.1323632151741816
1782125063.71737,43.86179494857788,blowing_bubbles,mixed_social_nonsocial_movie,mixed,1256,1,0.400389991371746,0.3858668407451569,0.3931284160584515,1,0,0.5663907557725907,0.562330538034439,0.02501089590836386,0.29636571115678567,-2.6089016286002695,0.5679372400045395,0.5974640548229218,0.0006331006665823443,0.0001818710406990856,0.0006237241606200523,0.13249104421654076
1782125063.752911,43.89733600616455,blowing_bubbles,mixed_social_nonsocial_movie,mixed,1257,1,0.40444740198189827,0.38831310521944545,0.39638025360067186,1,0,0.5660953104496003,0.5627286553382873,0.02703260855740595,0.29771418446255393,-2.826452311568613,0.5680982172489166,0.5971139371395111,0.0003853518722467721,0.0002477487943355722,0.0004694402967656876,0.1325424996134254
1782125063.7887459,43.933170795440674,blowing_bubbles,mixed_social_nonsocial_movie,mixed,1258,1,0.4056937505367394,0.38762582928907197,0.3966597899129057,1,0,0.5663312792778015,0.5627405524253846,0.0310455447865504,0.2973420860015965,-3.026347184052192,0.5680179595947266,0.5978673994541168,0.0007577247195301801,0.00037237284728340803,0.00020721765969048336,0.13269759469713982
1782125063.8214579,43.965882778167725,blowing_bubbles,mixed_social_nonsocial_movie,mixed,1259,1,0.40667921377652566,0.371454807666977,0.3890670107217513,1,0,0.5661088556051255,0.5628924489021301,0.027504663402420755,0.29720986847445696,-2.954952776908651,0.5683819353580475,0.5978539288043976,0.0003642249506677252,0.0003934997688624549,9.31852820214474e-05,0.13324169764737137
1782125063.857389,44.001813888549805,blowing_bubbles,mixed_social_nonsocial_movie,mixed,1260,1,0.4095808633949672,0.37600372436335083,0.39279229387915904,1,0,0.5661175698041916,0.5626837313175201,0.022473901552962444,0.2981332227076125,-2.9576437015097485,0.5687320381402969,0.5970678627490997,0.0008605067120193376,0.0004962817613516124,0.0005650099629532374,0.13235012228555826
1782125063.889576,44.034000873565674,blowing_bubbles,mixed_social_nonsocial_movie,mixed,1261,1,0.4218378878498114,0.3779674332927468,0.3999026605712791,1,0,0.5662322878837586,0.5626915395259857,0.023724640697536416,0.2971725453152209,-2.964236994338627,0.5687739998102188,0.597497433423996,0.0004316152759963944,0.0004288914360229432,0.00030746627415154,0.1317956476117528
1782125063.9257758,44.0702006816864,blowing_bubbles,mixed_social_nonsocial_movie,mixed,1262,1,0.39843220850880007,0.38619329685780923,0.3923127526833047,1,0,0.5687241196632385,0.5620665073394775,0.02627100480624203,0.29598794095547487,-3.5708424172583655,0.5684995651245117,0.5970912575721741,0.0004901971229234175,5.8581846927023074e-05,0.00011249229231051591,0.13271515360680214
1782125063.95881,44.1032350063324,blowing_bubbles,mixed_social_nonsocial_movie,mixed,1263,1,0.40562190533815257,0.4050712914263101,0.4053465983822313,1,0,0.5699615061283112,0.5607957780361175,0.026625738399396758,0.29453323986861735,-3.460534173323758,0.5686916708946228,0.5966993272304535,0.0004364791171077765,5.3718005815640954e-05,0.0005374229673809926,0.1302812987733479
1782125063.993043,44.13746786117554,blowing_bubbles,mixed_social_nonsocial_movie,mixed,1264,1,0.40883128820680203,0.4065632499411234,0.40769726907396275,1,0,0.570489689707756,0.5599644839763641,0.03073814883303795,0.2959498384142168,-3.3627379992808755,0.5683986842632294,0.5956817269325256,0.0010589388710015954,0.0006224597538938189,0.00044551027071104514,0.12999468982631746
1782125064.028887,44.173311948776245,blowing_bubbles,mixed_social_nonsocial_movie,mixed,1265,1,0.3982221598130729,0.4282353709582145,0.4132287653856437,1,0,0.570680096745491,0.559399950504303,0.03145525105401027,0.29556269617919867,-3.297974161601027,0.5688933581113815,0.5953494906425476,0.0005958885536944226,0.00046305031730717284,0.0004883098981568442,0.12953564644093374
1782125064.062996,44.20742082595825,blowing_bubbles,mixed_social_nonsocial_movie,mixed,1266,1,0.39707360211706033,0.39101378454140634,0.39404369332923334,1,0,0.5712452441453935,0.5590541362762451,0.03473469190200198,0.29765060239008967,-2.9069038301113825,0.5684560835361481,0.5947317779064178,0.0007568210346723444,0.0001609324809779218,0.00036144403245448234,0.1305938194892924
1782125064.095788,44.24021291732788,blowing_bubbles,mixed_social_nonsocial_movie,mixed,1267,1,0.22540392115033628,0.13750511585270433,0.1814545185015203,1,0,0.5716257899999619,0.5650676369667054,0.0332590497288311,0.29329759597099286,-2.20632632384765,0.5685843527317047,0.5984025597572327,0.003673022240989049,0.002916201206316705,0.00030818558150092965,0.15775260884635794
1782125064.131795,44.276219844818115,blowing_bubbles,mixed_social_nonsocial_movie,mixed,1268,1,0.12944238079671172,0.1058840911600947,0.11766323597840321,0,1,0.5703193306922913,0.5661288559436798,0.03168691505417066,0.292546659796067,-2.3723231693123292,0.5688872635364532,0.5974133312702179,0.0010345665542414065,0.0026384556867476427,8.796696972525529e-05,0.16478840528426592
1782125064.16622,44.31064486503601,blowing_bubbles,mixed_social_nonsocial_movie,mixed,1269,1,0.17329453542378997,0.16046796453610995,0.16688124997994996,0,1,0.5728707939386368,0.5641223549842834,0.03126061325546742,0.289425668542329,-2.6876240047750484,0.5692538619041443,0.597351461648941,0.0003717824810701501,0.0006627840731712564,0.00020085829841113656,0.1566694240735639
1782125064.201869,44.346293926239014,blowing_bubbles,mixed_social_nonsocial_movie,mixed,1270,1,0.26617786539095,0.3116297300335326,0.2889037977122413,1,0,0.5739022642374039,0.5598296821117401,0.03252037738422485,0.2904634108831887,-2.6898955879838686,0.5693005174398422,0.5949963331222534,0.002355590608792001,0.001983808127721851,0.0006369822873638393,0.1434355711196137
1782125064.234569,44.37899398803711,blowing_bubbles,mixed_social_nonsocial_movie,mixed,1271,1,0.36632745010231743,0.3655170737570176,0.3659222619296675,1,0,0.573136380314827,0.5577098906040192,0.02835662579385955,0.2886904882503991,-2.8868094210840907,0.5696513205766678,0.5951423943042755,0.0003799956706336865,0.0019755949381583147,0.0005220177494849127,0.1352584226789821
1782125064.2700968,44.41452169418335,blowing_bubbles,mixed_social_nonsocial_movie,mixed,1272,1,0.39844450981212337,0.38178333987463864,0.39011392484338103,1,0,0.5723788380622863,0.5569891214370728,0.029812164208554783,0.2890555091809631,-2.584858335778362,0.5696287453174591,0.5943712592124939,0.0007714654704556651,0.00039146979982197864,0.0003587811312236048,0.13306809615453902
1782125064.3025331,44.44695806503296,blowing_bubbles,mixed_social_nonsocial_movie,mixed,1273,1,0.3869623615133116,0.3947351323471708,0.3908487469302412,1,0,0.5724727779626846,0.5556582808494568,0.032534226340976254,0.29147355202872344,-2.7889478409812094,0.5694244205951691,0.5926195681095123,0.0017635674958457592,0.000992102025390094,0.00027639638126696064,0.13109805397905755
1782125064.340304,44.48472881317139,blowing_bubbles,mixed_social_nonsocial_movie,mixed,1274,1,0.39657816097582904,0.39178779559196625,0.39418297828389764,1,0,0.5730682551860808,0.5554362118244172,0.033321731359439825,0.29103830466076874,-2.684907586800566,0.5691434442996979,0.5927346050739288,0.0003036135402100477,0.0014599539556357116,0.0005566716841230691,0.130801670799292
1782125064.373229,44.517653942108154,blowing_bubbles,mixed_social_nonsocial_movie,mixed,1275,1,0.3880641213849698,0.3997887804172523,0.39392645090111106,1,0,0.5733218103647232,0.5547256231307983,0.03579251181062752,0.2887627025808868,-2.872158049459468,0.5690580457448959,0.5938655138015747,0.001134128503930604,0.0008305149637205562,0.0002770128414235034,0.129690534561076
1782125064.406209,44.550633907318115,blowing_bubbles,mixed_social_nonsocial_movie,mixed,1276,1,0.3745304339365964,0.3942212915145772,0.38437586272558677,1,0,0.5731933295726777,0.5545974493026733,0.03406463919926275,0.28934482589082555,-2.9683411000649866,0.5690487921237946,0.5940081477165222,0.00014293377206504187,0.000991194731865562,0.0007397934086479153,0.13143229436298517
1782125064.442594,44.587018966674805,blowing_bubbles,mixed_social_nonsocial_movie,mixed,1277,1,0.3863304981092585,0.39718963918386585,0.3917600686465622,1,0,0.5737845748662949,0.5543145477771758,0.0369456486034112,0.290873226801236,-2.3792971858998206,0.5688914060592651,0.5929970741271973,0.0010232498113063586,0.0008803160392413167,9.82030093126244e-05,0.12993374260374946
1782125064.475683,44.620107889175415,blowing_bubbles,mixed_social_nonsocial_movie,mixed,1278,1,0.36137827166002046,0.39433975454041303,0.37785901310021675,1,0,0.5734048753976821,0.5544624567031861,0.03625424470968536,0.2913856618602104,-2.8559430588052415,0.5693439543247223,0.5937196016311646,0.0008525525945989921,0.0001706972167073665,0.00296012996451995,0.1323183787280648
1782125064.509266,44.653690814971924,blowing_bubbles,mixed_social_nonsocial_movie,mixed,1279,1,0.40606429314009634,0.3994446145893279,0.4027544538647121,1,0,0.5735036879777908,0.5543285250663756,0.03513458494072483,0.2902245688055421,-2.807392805135286,0.5695380717515945,0.593316525220871,0.0004473836920928862,0.00040516890250610595,0.0001883378479171105,0.13058843812224166
1782125064.544587,44.68901181221008,blowing_bubbles,mixed_social_nonsocial_movie,mixed,1280,1,0.40011014593099914,0.3979605389488991,0.3990353424399491,1,0,0.5739592850208283,0.5539801716804504,0.03820824603831681,0.2915098839531549,-2.6564459837536822,0.569253534078598,0.5917941033840179,0.0015487833730645551,0.001101399680971669,0.0002534918626381591,0.13037087849143528
1782125064.5795,44.7239248752594,blowing_bubbles,mixed_social_nonsocial_movie,mixed,1281,1,0.39833542268543587,0.4059375410675349,0.4021364818764854,1,0,0.5739934295415878,0.5541666865348815,0.03803703242502927,0.28965013816013707,-3.0406273433488757,0.5692383199930191,0.5923706293106079,0.0005767266357906676,0.0009720567372738876,0.004767892754747643,0.1308144838605888
1782125064.613249,44.75767397880554,blowing_bubbles,mixed_social_nonsocial_movie,mixed,1282,1,0.39852149323971,0.41361848430794174,0.40606998877382583,1,0,0.5740603744983672,0.5534266889095306,0.041510948491288446,0.2889652632998224,-3.109222632769387,0.5692401826381683,0.5926492512226105,0.00027862813801717186,0.0002980984977734957,0.004222864998172759,0.13016636040758398
1782125064.647667,44.792091846466064,blowing_bubbles,mixed_social_nonsocial_movie,mixed,1283,1,0.3808496912273042,0.41035624792189285,0.3956029695745985,1,0,0.5744970738887787,0.553079354763031,0.03872524244531397,0.2909117970822928,-2.7492770314054047,0.5693992376327515,0.5922975242137909,0.0003860186265389385,0.00010739048852176662,0.002301819858914736,0.13063114050425623
1782125064.681953,44.826377868652344,blowing_bubbles,mixed_social_nonsocial_movie,mixed,1284,1,0.3861191670703762,0.41380240571865545,0.3999607863945158,1,0,0.5746439337730407,0.5533215284347535,0.039846081767648825,0.28982937172807294,-2.957226822653846,0.5693312287330627,0.5918928980827332,0.00041030173820205207,2.4283111663113595e-05,0.00039649176097742014,0.13095287026843144
1782125064.716005,44.860430002212524,blowing_bubbles,mixed_social_nonsocial_movie,mixed,1285,1,0.36980378943467396,0.42004982403055785,0.39492680673261593,1,0,0.5744329810142517,0.5529293179512024,0.039590087222549405,0.2904427717832903,-2.9376801278695552,0.5692738741636276,0.5927647054195404,0.0008736919246199083,0.00046339018641785624,0.007301120106912368,0.1307349061489676
1782125064.751772,44.8961968421936,blowing_bubbles,mixed_social_nonsocial_movie,mixed,1286,1,0.39889170767213133,0.3969984061970562,0.39794505693459375,1,0,0.574605256319046,0.5533149063587188,0.03936618979032628,0.28941589136468654,-3.1926055976267924,0.5694394707679749,0.5922729969024658,0.0005188443900968962,0.00035484753452301216,0.005026674115373562,0.13115932269187364
1782125064.785523,44.92994785308838,blowing_bubbles,mixed_social_nonsocial_movie,mixed,1287,1,0.4076498984790246,0.4271609701802374,0.417405434329631,1,0,0.5744996339082717,0.5533751845359802,0.04295401338334628,0.28910621453079444,-3.0445933076590923,0.569150522351265,0.5914715826511383,0.0008519131350965301,0.000333068744999634,0.007077468477915718,0.13085951147176483
1782125064.820155,44.964579820632935,blowing_bubbles,mixed_social_nonsocial_movie,mixed,1288,1,0.3981466765690231,0.4247545008891013,0.4114505887290622,1,0,0.5747058421373368,0.5527321994304657,0.039648175943587195,0.28636700544714294,-3.003902379210252,0.5693380981683731,0.5918385684490204,0.000412144711249506,0.00043976842384702415,0.009029939830996076,0.1317941482331057
1782125064.8545861,44.99901103973389,blowing_bubbles,mixed_social_nonsocial_movie,mixed,1289,1,0.419750606315325,0.39067787223306727,0.40521423927419614,1,0,0.5741072356700898,0.5520719349384308,0.03562102705785637,0.2869002830877108,-2.841588331280877,0.5692360401153564,0.5900157690048218,0.0018256543100916745,0.0014135095988421684,0.0063460022310428115,0.13201683880860532
1782125064.888961,45.03338599205017,blowing_bubbles,mixed_social_nonsocial_movie,mixed,1290,1,0.4310497145475632,0.41224809493406955,0.4216489047408164,1,0,0.5711295068264007,0.551461136341095,0.039807500918525314,0.28773248594236517,-3.4432568543820024,0.5684242844581604,0.5888454914093018,0.0014242531016521963,0.00040140120843947815,0.007541738914563001,0.13072258373047954
1782125064.9238322,45.068257093429565,blowing_bubbles,mixed_social_nonsocial_movie,mixed,1291,1,0.46052445279042864,0.40834199902516455,0.4344332259077966,1,0,0.5701828688383103,0.5500504136085511,0.038502212003002856,0.29220625823181406,-4.298332680097404,0.5668853223323822,0.5862881541252136,0.002984690672275274,0.0015604375706230777,0.0021951012432711303,0.1292316133390545
1782125064.958642,45.10306692123413,blowing_bubbles,mixed_social_nonsocial_movie,mixed,1292,1,0.40780640511181765,0.41245981338100474,0.4101331092464112,1,0,0.568536564707756,0.549087542295456,0.04126206442324179,0.2882320274428964,-4.568906127051097,0.5649035722017288,0.5870464146137238,0.0021218606336845776,0.0008628300385906964,9.680521347867902e-05,0.13151008735828887
1782125064.992691,45.13711595535278,blowing_bubbles,mixed_social_nonsocial_movie,mixed,1293,1,0.4098133196075469,0.40598234104693054,0.4078978303272387,1,0,0.5658363044261933,0.5463238835334778,0.03617477561221735,0.2911589025067459,-4.242221938721982,0.5633709728717804,0.5848517119884491,0.0026768601606258478,0.0005549995269412702,0.0009026571691673889,0.13036930711079806
1782125065.0283031,45.172728061676025,blowing_bubbles,mixed_social_nonsocial_movie,mixed,1294,1,0.3938201692907536,0.42155071443200065,0.4076854418613771,1,0,0.5636165469884873,0.5440760016441346,0.04258266126333317,0.29355028875039596,-4.61991027632033,0.56053626537323,0.5829054415225983,0.0034385368005273925,0.0007616766399015447,0.0006361739888889487,0.13005617304446931
1782125065.060642,45.20506691932678,blowing_bubbles,mixed_social_nonsocial_movie,mixed,1295,1,0.3888757039522771,0.4377470037827879,0.4133113538675325,1,0,0.5618857324123383,0.5429294884204865,0.044923127113783594,0.2888236504249479,-4.8386053915659115,0.5580582916736603,0.5823794603347778,0.00253318176720506,0.0009053550333223324,0.0002798830294247136,0.1300020191073465
1782125065.095246,45.23967099189758,blowing_bubbles,mixed_social_nonsocial_movie,mixed,1296,1,0.43195475070042405,0.44789940541473233,0.4399270780575782,1,0,0.5590427905321121,0.5435535371303558,0.052309226854055355,0.2845881714126751,-4.77962590260354,0.5552264153957367,0.5820621252059937,0.002849600820716264,0.0003164190535112038,0.0006862195920365879,0.12978013204867275
1782125065.131525,45.27594995498657,blowing_bubbles,mixed_social_nonsocial_movie,mixed,1297,1,0.4000363698770371,0.4270229840394124,0.41352967695822473,1,0,0.5576361179351806,0.5450823128223419,0.056663307180419294,0.2891364727938071,-6.197074663138564,0.5552748441696167,0.583723396062851,0.0016619765960996285,0.0011876242246166354,0.0014507064739147698,0.13465883820116134
1782125065.164505,45.30892992019653,blowing_bubbles,mixed_social_nonsocial_movie,mixed,1298,1,0.402262121758949,0.4243326718558976,0.4132973968074233,1,0,0.5588803738355637,0.5505284309387207,0.062135728084885,0.28863841293120474,-7.40060836824805,0.5549824833869934,0.5875493288040161,0.003837086937656699,0.002175110341557071,0.0061871201597246996,0.1436588555295555
1782125065.200662,45.34508681297302,blowing_bubbles,mixed_social_nonsocial_movie,mixed,1299,1,0.4748639561966852,0.4239557959233339,0.44940987606000954,1,0,0.5646887212991715,0.5542493164539337,0.07463752102720554,0.29072232378333124,-6.676329094758351,0.5555604696273804,0.5889380574226379,0.0015042058603316041,0.0023328810773250953,0.00044469441834820843,0.14225548409056457
1782125065.232817,45.37724184989929,blowing_bubbles,mixed_social_nonsocial_movie,mixed,1300,1,0.4927334961882294,0.44965697097906515,0.4711952335836473,1,0,0.5677931815385819,0.5577729225158692,0.08573286579105792,0.2952289046131699,-6.001293797175544,0.5561082661151886,0.5872050225734711,0.0018175507642104157,0.00031334490387881155,0.0006389146477229059,0.1496661841381173
1782125065.267606,45.412030935287476,blowing_bubbles,mixed_social_nonsocial_movie,mixed,1301,1,0.4488899807669486,0.44352213636129845,0.44620605856412354,1,0,0.5693404465913772,0.5572544455528259,0.13345128349539614,0.2933803409077902,-5.175948415816721,0.5506064295768738,0.5834895670413971,0.006638886586254889,0.004821335822044474,0.0006022895068017006,0.15690845707872483
1782125065.300517,45.444941997528076,blowing_bubbles,mixed_social_nonsocial_movie,mixed,1302,1,0.22079751522185037,0.31160530615027354,0.26620141068606196,1,0,0.5685381352901459,0.5565490782260895,0.11658511919995057,0.27735513630174713,-6.343800550407416,0.5542455464601517,0.5787183344364166,0.006000652652919257,0.0006382339333356321,0.0002074657282183419,0.17872311687572226
1782125065.340201,45.484625816345215,blowing_bubbles,mixed_social_nonsocial_movie,mixed,1303,1,0.19240794872644112,0.1640195589640788,0.17821375384525995,0,1,0.5676370739936829,0.5561448991298675,0.12120991329034411,0.3034229562762675,-6.865512421776985,0.5519188791513443,0.5516218841075897,0.027196157838717892,0.021195505185798637,0.0017427962001157569,0.20262345578319851
1782125065.3706582,45.5150830745697,blowing_bubbles,mixed_social_nonsocial_movie,mixed,1304,1,0.19231875203284007,0.30998524444001974,0.2511519982364299,1,0,0.5656207442283631,0.5471421957015992,0.1308917374744115,0.32700052834846854,-7.8768299943152735,0.5521587133407593,0.5404355525970459,0.01118890222953968,0.016007255609178213,0.0014585005183115971,0.19982978593665696
1782125065.406074,45.550498962402344,blowing_bubbles,mixed_social_nonsocial_movie,mixed,1305,1,0.18140040700822746,0.2820341682239484,0.23171728761608792,1,0,0.5658321171998978,0.5361117243766784,0.11181834000263659,0.26190804259021705,-7.841667002308884,0.5522487610578537,0.5609045624732971,0.02046920794523872,0.00928030571569904,0.017309079534799276,0.19546468449485513
1782125065.44134,45.58576488494873,blowing_bubbles,mixed_social_nonsocial_movie,mixed,1306,1,0.26115823075423417,0.11459077653873662,0.1878745036464854,1,0,0.5659394323825837,0.5221163302659988,0.115507644220666,0.23849027616262256,-9.867834561320768,0.5509705543518066,0.563510000705719,0.0029020890348763068,0.017567118910362414,0.010858025879861294,0.18415387320406354
1782125065.474348,45.618772983551025,blowing_bubbles,mixed_social_nonsocial_movie,mixed,1307,1,0.36540379709116083,0.08793747842220746,0.22667063775668414,1,0,0.5672746002674103,0.5139524817466736,0.1273126008782606,0.23586554916440622,-11.432452304423977,0.5494074076414108,0.5585273206233978,0.005222119152315592,0.0023200301174392856,0.006159307712013516,0.17898970357150978
1782125065.508136,45.65256094932556,blowing_bubbles,mixed_social_nonsocial_movie,mixed,1308,1,0.3281065765605311,0.12046003590219433,0.22428330623136272,1,0,0.5685543417930603,0.5090022414922715,0.12677712446370354,0.2315392968240675,-11.575607244303434,0.5486827343702316,0.5547373294830322,0.0038586505664560127,0.0013634685858595797,0.006194274564514745,0.17895172656078723
1782125065.544481,45.68890595436096,blowing_bubbles,mixed_social_nonsocial_movie,mixed,1309,1,0.2592901254823717,0.1949219898205499,0.2271060576514608,1,0,0.5631095349788666,0.5018766343593597,0.11594633944292114,0.22373272721471088,-15.51148025616525,0.5495212227106094,0.5569353103637695,0.002352484356810108,0.0015061662096459046,0.007802215419944771,0.1677620507998951
1782125065.5788841,45.72330904006958,blowing_bubbles,mixed_social_nonsocial_movie,mixed,1310,1,0.08304555027482244,0.2731201176333561,0.17808283395408925,0,1,0.5572049647569657,0.5006740659475326,0.07340526947466114,0.23248460904114696,-16.44032177268656,0.5511545240879059,0.5529348254203796,0.004321059264968221,0.0019685749081581132,0.04621331085849778,0.173810575793936
1782125065.613608,45.75803279876709,blowing_bubbles,mixed_social_nonsocial_movie,mixed,1311,1,0.06748264714569016,0.19230708413271885,0.1298948656392045,0,1,0.5544779241085052,0.5014948695898056,0.0879528763412153,0.24857729846480553,-14.008529876282852,0.5491119027137756,0.5469108521938324,0.006360861224096288,0.002039801959128067,0.04442304270777243,0.1793874351304406
1782125065.646731,45.79115581512451,blowing_bubbles,mixed_social_nonsocial_movie,mixed,1312,1,0.2046658666097835,0.2167040853286473,0.2106849759692154,1,0,0.5548639267683029,0.5007876038551331,0.06899796297392935,0.2579728519572897,-13.561202203368122,0.5519526600837708,0.5445398688316345,0.003700197905382997,0.002660663318713291,0.004104087572893539,0.16822310399855264
1782125065.680156,45.824580907821655,blowing_bubbles,mixed_social_nonsocial_movie,mixed,1313,1,0.2941032627237877,0.26363704192890003,0.2788701523263438,1,0,0.5649778932332992,0.4985009908676148,0.13502703840541083,0.26533403322501914,-11.747578664160518,0.5470054745674133,0.5352613627910614,0.010515004464012772,0.006814806558629776,0.013368516385953868,0.16245199702849192
1782125065.715046,45.8594708442688,blowing_bubbles,mixed_social_nonsocial_movie,mixed,1314,1,0.42385792780189646,0.2450168698392103,0.3344373988205534,1,0,0.5658535748720168,0.5037213087081909,0.09386257630140042,0.2839271161584061,-9.459622948039584,0.5556215792894363,0.532018631696701,0.009206115659234284,0.001308888804778488,0.003872664514232136,0.1675043381979628
1782125065.7497752,45.89420008659363,blowing_bubbles,mixed_social_nonsocial_movie,mixed,1315,1,0.4183261749540175,0.41871673912842294,0.41852145704122024,1,0,0.5633119463920593,0.49750267863273623,0.045379376184489575,0.2834969397799146,-13.382080750085903,0.5553938746452332,0.5435802936553955,0.011563904040250173,0.0023577883810158885,0.0005903463713050316,0.16056216090816586
1782125065.784962,45.92938685417175,blowing_bubbles,mixed_social_nonsocial_movie,mixed,1316,1,0.3708139634533412,0.46558062337288453,0.41819729341311285,1,0,0.571054282784462,0.5091405272483825,0.07195618775472264,0.2820937214475439,-7.1480019090052,0.5563703775405884,0.5400316417217255,0.003680555454136954,0.007883348586113219,0.002070097333695776,0.14458544817850633
1782125065.818156,45.96258091926575,blowing_bubbles,mixed_social_nonsocial_movie,mixed,1317,1,0.2720166945248219,0.37077367729836513,0.32139518591159355,1,0,0.5658995032310485,0.5135860115289688,0.07872064509985163,0.2839230954332151,-4.618661018425323,0.5562870502471924,0.544060230255127,0.004029450211788038,0.000348894757651084,0.0016306078315458735,0.16743224435879892
1782125065.853472,45.997896909713745,blowing_bubbles,mixed_social_nonsocial_movie,mixed,1318,1,0.21831646519463507,0.3292883395601923,0.2738024023774137,1,0,0.5661355316638947,0.5203907728195191,0.08605574838443453,0.27399154790493785,-3.014582345732437,0.5592285692691803,0.547717958688736,0.0046937736897669615,0.0006643234779789235,0.0017438552222628705,0.15937356829107116
1782125065.885748,46.03017282485962,blowing_bubbles,mixed_social_nonsocial_movie,mixed,1319,1,0.23476710693758193,0.46040557137938126,0.3475863391584816,1,0,0.5635582029819488,0.529978197813034,0.10971119011596117,0.25515039359585984,3.007210169834791,0.5560233145952225,0.5599170923233032,0.012613188294755561,0.0079194146049886,0.0007754277251001723,0.15691704556029765
1782125065.923809,46.06823396682739,blowing_bubbles,mixed_social_nonsocial_movie,mixed,1320,1,0.26398718063506504,0.40997559475478557,0.3369813876949253,1,0,0.5732207059860229,0.5235898792743683,0.14113195407780812,0.23846126683793306,4.2992187316275094,0.5559548437595367,0.5590668022632599,0.0008530424617497071,0.011760145833005855,0.01848932153440046,0.1550932418131703
1782125065.956903,46.101327896118164,blowing_bubbles,mixed_social_nonsocial_movie,mixed,1321,1,0.295671001896766,0.45887277961000844,0.3772718907533872,1,0,0.5784441471099853,0.5211783707141876,0.18068213293498045,0.24338794738641847,4.200085527956529,0.5544964671134949,0.5620651841163635,0.003334239970179342,0.002481197508429635,0.002107034840922787,0.12452999956251078
1782125065.9911501,46.13557505607605,blowing_bubbles,mixed_social_nonsocial_movie,mixed,1322,1,0.42339125942471073,0.42079934905707295,0.4220953042408918,1,0,0.5776525676250458,0.5265026360750198,0.22646080496015397,0.2663855590949871,12.988254598949576,0.5495224893093109,0.5586212277412415,0.006049900057873571,0.002715660087694229,0.0016926211447067204,0.09416980646436753
1782125066.025144,46.16956901550293,blowing_bubbles,mixed_social_nonsocial_movie,mixed,1323,1,0.4073398443586444,0.4463295621728115,0.4268347032657279,1,0,0.5779136002063752,0.5139372915029525,0.2841815567681018,0.2459519730435821,12.83154549612378,0.5454582422971725,0.5681589543819427,0.010367561586429994,0.004317661528556423,0.004185009544964986,0.09477257832196759
1782125066.059849,46.20427393913269,blowing_bubbles,mixed_social_nonsocial_movie,mixed,1324,1,0.3933664389306174,0.4939738782316596,0.4436701585811385,1,0,0.5820856809616088,0.521273174881935,0.3218741718917623,0.2165234414776891,22.548012243574636,0.5444974303245544,0.5698438882827759,0.0019396293194584985,0.008427932266971496,0.00196803852354716,0.10756761311836907
1782125066.0935318,46.23795676231384,blowing_bubbles,mixed_social_nonsocial_movie,mixed,1325,1,0.4450034296409261,0.4229517622883828,0.43397759596465446,1,0,0.5843688666820526,0.5302049994468689,0.32557437445165976,0.22565657485921642,18.97673296846268,0.5446600914001465,0.5639389753341675,0.005907152914573643,0.003967523595115144,0.0020444583762421913,0.1294012649317635
1782125066.13111,46.275534868240356,blowing_bubbles,mixed_social_nonsocial_movie,mixed,1326,1,0.4031241316070402,0.49336796141513484,0.4482460465110875,1,0,0.5817761659622193,0.5238397359848022,0.34756353187714345,0.2318320089727884,12.70440761293933,0.5451745986938477,0.5632397532463074,0.0008681182427660139,0.005039034671807629,0.003562759492382173,0.13220570608770463
1782125066.162326,46.306751012802124,blowing_bubbles,mixed_social_nonsocial_movie,mixed,1327,1,0.24763333384149014,0.44754040503673087,0.3475868694391105,1,0,0.6006708979606628,0.5265430629253387,0.36333718258273245,0.2493839920416518,5.717735944836805,0.5518975108861923,0.5504848659038544,0.014418207220894156,0.013550088978128143,0.0016683996258255514,0.1598702336117546
1782125066.196971,46.34139585494995,blowing_bubbles,mixed_social_nonsocial_movie,mixed,1328,1,0.2294529888850317,0.5681127714445864,0.39878288016480906,1,0,0.6077924728393556,0.5279627680778503,0.3890982083662678,0.25797552824236425,6.488090930166105,0.5545231699943542,0.5592075884342194,0.009109334448466073,0.0053088727724280825,0.0012540181756165148,0.16070230790398146
1782125066.231798,46.37622284889221,blowing_bubbles,mixed_social_nonsocial_movie,mixed,1329,1,0.3467136460591971,0.8891918401871727,0.6179527431231848,1,0,0.6090172529220581,0.5286379456520081,0.42416730596497393,0.2943001863439585,2.4313306096677696,0.55521160364151,0.5642999410629272,0.005138676500972239,0.003970657947493834,0.005385527526022149,0.14342923310731046
1782125066.265325,46.40974998474121,blowing_bubbles,mixed_social_nonsocial_movie,mixed,1330,1,0.254206254384958,0.9007816822414392,0.5774939683131985,1,0,0.6151762723922729,0.5368723332881927,0.4426018425591123,0.3000467047572636,5.892653725460052,0.5573196411132812,0.5700474381446838,0.00612189061378854,0.0009832141128163002,0.006371880604120659,0.15779068367922813
1782125066.300354,46.44477891921997,blowing_bubbles,mixed_social_nonsocial_movie,mixed,1331,1,0.4111366201369095,0.8157543986172675,0.6134455093770885,1,0,0.6231062829494476,0.5551900029182435,0.45686643376742553,0.30417451014317237,9.430781224355046,0.5591867864131927,0.5781223773956299,0.008287995866157914,0.0021661052523693743,0.006542837227024829,0.1407791373770905
1782125066.336185,46.48060989379883,blowing_bubbles,mixed_social_nonsocial_movie,mixed,1332,1,0.3603645400389061,0.7703132518120476,0.5653388959254768,1,0,0.6216413378715515,0.5655237853527069,0.5170328791104505,0.2958046638781793,7.1923545718719755,0.5524569451808929,0.5945271253585815,0.017731512026331234,0.00944351616017332,0.003827428482788786,0.1369603097001242
1782125066.371211,46.51563596725464,blowing_bubbles,mixed_social_nonsocial_movie,mixed,1333,1,0.39191514486212675,0.7738445765706036,0.5828798607163652,1,0,0.6222199618816375,0.5725565850734711,0.4588967003341893,0.3086530863506029,-3.2541690192854134,0.5557860732078552,0.5934826135635376,0.0034891400530634607,0.014242371973267772,0.003703084586177574,0.13455551474010935
1782125066.40429,46.54871487617493,blowing_bubbles,mixed_social_nonsocial_movie,mixed,1334,1,0.36627606446923183,0.665432427758031,0.5158542461136314,1,0,0.6192261338233949,0.5762356519699097,0.38725908688362126,0.31122634142070976,-8.08520900253151,0.5605958998203278,0.5928401947021484,0.004852538926739028,0.0013633988736755677,0.03458904041444818,0.13192243047164484
1782125066.439117,46.58354187011719,blowing_bubbles,mixed_social_nonsocial_movie,mixed,1335,1,0.3153674937727758,0.44677687480059103,0.38107218428668344,1,0,0.617380791902542,0.5818628430366516,0.4054105515206469,0.3141038979299437,-5.866000210910418,0.553049772977829,0.5934139788150787,0.007567909786151775,0.0027153708594127466,0.007089837698103763,0.1528326342703493
1782125066.4738061,46.61823105812073,blowing_bubbles,mixed_social_nonsocial_movie,mixed,1336,1,0.24570247445434554,0.46946060747376483,0.3575815409640552,1,0,0.6083063185214996,0.5767722189426423,0.41466860573025704,0.3214988089349229,-9.197174966085532,0.5464209020137787,0.5916935801506042,0.006848481716610964,0.0007194280695408109,0.006589948397718894,0.15895734581867574
1782125066.507921,46.65234589576721,blowing_bubbles,mixed_social_nonsocial_movie,mixed,1337,1,0.40964866615631385,0.5474707286069332,0.4785596973816235,1,0,0.5928708434104919,0.5694464385509491,0.3785857682378598,0.3269304549590426,-10.121507225283242,0.5408526062965393,0.5767086148262024,0.015986090922053223,0.009137609205442258,0.00570548479830275,0.1473384942644993
1782125066.5433228,46.68774771690369,blowing_bubbles,mixed_social_nonsocial_movie,mixed,1338,1,0.26008179762559613,0.4637670581290257,0.36192442787731094,1,0,0.5814917683601379,0.5620139002799989,0.36340675729943356,0.31008901750158535,-8.966856562080096,0.5340094268321991,0.579367458820343,0.007341563632247918,0.008644527289805306,0.004802748089288928,0.15333390138302264
1782125066.576313,46.72073793411255,blowing_bubbles,mixed_social_nonsocial_movie,mixed,1339,1,0.25535552707213616,0.523348634702199,0.38935208088716755,1,0,0.5711996734142304,0.5538600981235504,0.32103045996607393,0.30192774124314486,-10.524976393315228,0.5291658341884613,0.5722830295562744,0.008581930301282018,0.0012403666690341004,0.0014506664118235724,0.15238261126571423
1782125066.6119308,46.75635576248169,blowing_bubbles,mixed_social_nonsocial_movie,mixed,1340,1,0.32773514502298967,0.5380989804989816,0.4329170627609856,1,0,0.5608614295721054,0.5465864360332489,0.30589478312796436,0.2913406332186581,-10.100644676154149,0.5219354033470154,0.571737676858902,0.007250968191728866,0.001330962109553152,0.0031106947771784867,0.14522977420632444
1782125066.644931,46.789355993270874,blowing_bubbles,mixed_social_nonsocial_movie,mixed,1341,1,0.4080207073154592,0.5510825744107156,0.47955164086308744,1,0,0.5525414139032364,0.5385977864265442,0.28596051497282804,0.29162125892127844,-9.080862327838465,0.5155575275421143,0.5665938258171082,0.008193686796729941,0.0009427186050010748,0.0022450509198634907,0.13696136392842032
1782125066.678646,46.823071002960205,blowing_bubbles,mixed_social_nonsocial_movie,mixed,1342,1,0.3286785664468114,0.5209195809568924,0.4247990737018519,1,0,0.5458634585142136,0.5318629443645477,0.2593662579022658,0.28125280827736415,-9.376302675313491,0.5119927078485489,0.5685102045536041,0.004047276480465028,0.004146410316264913,0.0020532063852804457,0.13703752304786865
1782125066.715343,46.85976791381836,blowing_bubbles,mixed_social_nonsocial_movie,mixed,1343,1,0.32874807532865535,0.48625547735271824,0.4075017763406868,1,0,0.5374511182308197,0.526469025015831,0.2453942118554659,0.2711432943430347,-9.862738025133304,0.5074014663696289,0.5680203437805176,0.004617300282065733,0.0005700238016007053,0.001819490927780978,0.13667921163197766
1782125066.74956,46.89398503303528,blowing_bubbles,mixed_social_nonsocial_movie,mixed,1344,1,0.3297695456586821,0.49113950255846117,0.41045452410857164,1,0,0.5328144013881684,0.5251066595315933,0.22079326451288747,0.26907272649033365,-9.640229457322235,0.5060857534408569,0.568979412317276,0.0016281624517036574,0.0029891378303620758,0.0019331149428089538,0.13521421060064126
1782125066.783444,46.92786884307861,blowing_bubbles,mixed_social_nonsocial_movie,mixed,1345,1,0.4119748716333642,0.5182848176602277,0.46512984464679596,1,0,0.5296133875846862,0.5217241406440736,0.19642386677184556,0.26571097008748445,-11.248874156351226,0.5072100758552551,0.572147935628891,0.0033620887655988214,0.001733926313895164,0.0029588581153900785,0.12921466868301454
1782125066.817798,46.96222281455994,blowing_bubbles,mixed_social_nonsocial_movie,mixed,1346,1,0.36889081987654326,0.49307251631923404,0.4309816680978886,1,0,0.5286895871162414,0.5224836230278015,0.18856954839475898,0.2588489850047628,-10.947478324897489,0.5086595714092255,0.575327605009079,0.003494472024252711,0.00013238325865388978,0.0020614229305183623,0.1310889900020805
1782125066.85151,46.99593496322632,blowing_bubbles,mixed_social_nonsocial_movie,mixed,1347,1,0.33177941183001236,0.39161325445678175,0.36169633314339705,1,0,0.5306494891643524,0.5246131062507629,0.18196600016084724,0.25396941354101754,-11.609970600637151,0.5112154483795166,0.5787282288074493,0.004254027421786027,0.0007595553975333156,0.0017635257419382098,0.13970199571536285
1782125066.88611,47.030534982681274,blowing_bubbles,mixed_social_nonsocial_movie,mixed,1348,1,0.1579496331166677,0.13151623050164038,0.14473293180915403,0,1,0.5331896007061004,0.5310637772083282,0.17455507267169648,0.2526569464477025,-11.720717613154454,0.5141078382730484,0.581151932477951,0.003773626740763897,0.00048040068102212993,0.008795191483640781,0.16637197966106348
1782125066.923477,47.067901849746704,blowing_bubbles,mixed_social_nonsocial_movie,mixed,1349,1,0.1228130913254258,0.13152676246837092,0.12716992689689835,0,1,0.5362718075513839,0.5285263240337372,0.17258478912193387,0.2481942494462913,-11.8538747305784,0.5180852115154266,0.5796914994716644,0.004237022831545486,0.0004633960907815893,0.005910861592599355,0.1700838417700798
1782125066.9552672,47.09969210624695,blowing_bubbles,mixed_social_nonsocial_movie,mixed,1350,1,0.1300041212675931,0.15527685503555028,0.14264048815157168,0,1,0.5367306053638459,0.5192298889160156,0.15665834894613237,0.24301634978806883,-11.94076501842995,0.5213819444179535,0.5745631456375122,0.006096594203230762,0.0018595713716852763,0.0013519015122693933,0.16265495039603275
1782125066.989515,47.13393998146057,blowing_bubbles,mixed_social_nonsocial_movie,mixed,1351,1,0.20057750735675045,0.1779086753053319,0.18924309133104117,1,0,0.5361227869987488,0.5094226717948913,0.16139132380865015,0.240725521937348,-13.448239827534413,0.5233466923236847,0.565946638584137,0.008837670967734683,0.0027410767645039205,0.0012319035737543647,0.15468835509325324
1782125067.0241191,47.16854405403137,blowing_bubbles,mixed_social_nonsocial_movie,mixed,1352,1,0.2676622698679068,0.1901674201184562,0.2289148449931815,1,0,0.5400916695594787,0.500253364443779,0.1707150889095028,0.2368246861013049,-13.686181245002638,0.5245919227600098,0.56014683842659,0.005931971064244371,0.0029056999034903115,0.016040116070131942,0.14654250970065505
1782125067.059208,47.203632831573486,blowing_bubbles,mixed_social_nonsocial_movie,mixed,1353,1,0.29206908546335514,0.2513052649011414,0.2716871751822483,1,0,0.544083085656166,0.4992351830005646,0.17400835158824732,0.2396612684046331,-12.831065903046131,0.5259614735841751,0.5612687766551971,0.0017704278716689323,0.004161543192575439,0.01532814003151526,0.1414118848680302
1782125067.092232,47.23665690422058,blowing_bubbles,mixed_social_nonsocial_movie,mixed,1354,1,0.3185742117302394,0.30160202528481417,0.3100881185075268,1,0,0.5459145098924637,0.501871857047081,0.17719306510755742,0.23856962955449468,-14.95346275921002,0.5269826650619507,0.5667528510093689,0.005578342366363487,0.003807914494694555,0.017435752418198266,0.1379503439280882
1782125067.1279821,47.27240705490112,blowing_bubbles,mixed_social_nonsocial_movie,mixed,1355,1,0.3187901524918732,0.33298038649836625,0.32588526949511976,1,0,0.5463768124580384,0.5049002259969712,0.16634988506473605,0.23966429269103492,-14.52547157688088,0.5305443406105042,0.5695867836475372,0.004551560931245388,0.0010267814351180996,0.009952906517398013,0.13789531020966547
1782125067.162268,47.30669283866882,blowing_bubbles,mixed_social_nonsocial_movie,mixed,1356,1,0.3274734068430238,0.3329315962125391,0.3302025015277814,1,0,0.5470877021551133,0.5084490507841111,0.1828558007802323,0.24290716506586016,-14.708740095163783,0.530426025390625,0.5728476047515869,0.0032629668652732046,0.0012885940659721831,0.011866974075425174,0.13607769047380197
1782125067.1971,47.341524839401245,blowing_bubbles,mixed_social_nonsocial_movie,mixed,1357,1,0.3179457010664096,0.3411023283241349,0.32952401469527226,1,0,0.5487272411584854,0.5152053236961365,0.16846302574965474,0.24511998858085973,-15.144419042216809,0.5351695865392685,0.5800961554050446,0.008662728146875047,0.005399761281601842,0.002272128586062606,0.13500606955148134
1782125067.2308118,47.37523674964905,blowing_bubbles,mixed_social_nonsocial_movie,mixed,1358,1,0.3378574579105571,0.38366333344917153,0.3607603956798643,1,0,0.5538064956665039,0.5232808470726014,0.16332744242078004,0.24738233925444714,-15.570098712594362,0.5395824313163757,0.5864861905574799,0.007765677579979837,0.0008970505668952095,0.0018902285879101042,0.13418204057188982
1782125067.265198,47.40962290763855,blowing_bubbles,mixed_social_nonsocial_movie,mixed,1359,1,0.36519139743749657,0.4313136168158631,0.3982525071266798,1,0,0.5581941902637482,0.535014882683754,0.16162757095244554,0.2492692920668953,-18.153152971981708,0.5437707155942917,0.5948396623134613,0.009344635657457048,0.0015789580774772105,0.011741804616154133,0.13301992591518147
1782125067.30043,47.444854974746704,blowing_bubbles,mixed_social_nonsocial_movie,mixed,1360,1,0.4025178348622348,0.4109588599354281,0.4067383473988314,1,0,0.5616916447877884,0.5487926781177521,0.16512982491059042,0.25951729311051425,-19.090001160202537,0.5466412603855133,0.5991534888744354,0.005181614323410744,0.004163021334046304,0.0012182854829225292,0.13397720470016067
1782125067.334974,47.47939896583557,blowing_bubbles,mixed_social_nonsocial_movie,mixed,1361,1,0.3728589241608719,0.415168394662961,0.39401365941191646,1,0,0.5636225879192353,0.5536538541316987,0.15940077040233044,0.26191096757383475,-19.690988753215095,0.5493494272232056,0.6056804358959198,0.007066484631133068,0.0018848703077223245,0.0056568190952141295,0.12773980041356633
1782125067.368673,47.5130980014801,blowing_bubbles,mixed_social_nonsocial_movie,mixed,1362,1,0.3657047646998722,0.40640806034440247,0.3860564125221373,1,0,0.5657866537570954,0.5570469141006469,0.16917582960973507,0.2633033230741794,-18.648892292393302,0.550348699092865,0.60610231757164,0.001084678946878355,0.005981805684254713,0.0014779827479200842,0.13025450244179412
1782125067.4023008,47.54672574996948,blowing_bubbles,mixed_social_nonsocial_movie,mixed,1363,1,0.36791513869043957,0.4272024885708228,0.39755881363063117,1,0,0.5683457106351852,0.5594969630241393,0.17506904448580585,0.26283502246696777,-19.172157083143254,0.5505713820457458,0.6080289781093597,0.0019394866653602454,0.0008548077184818905,0.0018244999341667685,0.12992398674724312
1782125067.437829,47.58225393295288,blowing_bubbles,mixed_social_nonsocial_movie,mixed,1364,1,0.3796377187521629,0.431585067575541,0.405611393163852,1,0,0.5698337972164154,0.5600189089775085,0.17248450485444186,0.2637275634636661,-18.124500587849372,0.5516802668571472,0.608549565076828,0.001225004618625761,0.0007144820467344843,0.0022091356725632773,0.1290578471392688
1782125067.470547,47.61497187614441,blowing_bubbles,mixed_social_nonsocial_movie,mixed,1365,1,0.36973842041627347,0.4049776477138304,0.3873580340650519,1,0,0.5700621157884598,0.5579716980457305,0.17124584892638808,0.2654781511937498,-18.73457602298933,0.5523598790168762,0.6081717908382416,0.000777551324988309,0.00044745329363745214,0.00328914656210133,0.1267667838648632
1782125067.5070112,47.65143609046936,blowing_bubbles,mixed_social_nonsocial_movie,mixed,1366,1,0.38580498092139,0.4259134960153226,0.40585923846835625,1,0,0.5706667363643646,0.5575694620609284,0.17283140516899548,0.2690516493866481,-18.2090352008105,0.5522764623165131,0.6077531576156616,0.0004268631173422648,0.00035068820764604417,0.00981957487052771,0.12643221793888862
1782125067.540271,47.68469595909119,blowing_bubbles,mixed_social_nonsocial_movie,mixed,1367,1,0.37372082231697396,0.44921728226594665,0.4114690522914603,1,0,0.5708025336265564,0.5567359328269958,0.17629507581532466,0.2695011577898994,-17.378721830435495,0.5517496466636658,0.6074115633964539,0.0006278704824094521,0.00020100736506718732,0.011181228491281328,0.12786658641410278
1782125067.5762188,47.720643758773804,blowing_bubbles,mixed_social_nonsocial_movie,mixed,1368,1,0.4148664451805578,0.45593226839177275,0.43539935678616526,1,0,0.5704116106033326,0.5559297621250152,0.16621054700594948,0.27101173942905227,-17.72033114461488,0.5518957078456879,0.606358677148819,0.0010629691055493407,0.0004350986231398886,0.01623479006637813,0.12557485230013773
1782125067.609279,47.75370383262634,blowing_bubbles,mixed_social_nonsocial_movie,mixed,1369,1,0.411828254558582,0.45311995635011165,0.43247410545434684,1,0,0.5702579706907271,0.5556708574295044,0.16772886744668025,0.26875787540431995,-17.848869508302688,0.5512858331203461,0.6080010831356049,0.0017519830495871986,0.0006890139440378579,0.011424854591988729,0.12540565542209015
1782125067.644265,47.788689851760864,blowing_bubbles,mixed_social_nonsocial_movie,mixed,1370,1,0.40388434237060566,0.46332000078904273,0.43360217157982417,1,0,0.568997746706009,0.5567598760128021,0.1665462443766805,0.2685412215296778,-17.4195158614414,0.5516007840633392,0.607453316450119,0.0006318563430246041,0.0011201267065625944,0.00878166954578571,0.12466630179150177
1782125067.676953,47.821377992630005,blowing_bubbles,mixed_social_nonsocial_movie,mixed,1371,1,0.40332126347351466,0.4517362030013424,0.4275287332374285,1,0,0.5689506947994232,0.5565886974334717,0.162387357971193,0.2657965542815614,-17.68525615912649,0.5518227517604828,0.609857827425003,0.0024147344961533506,0.0017828781531287466,0.014406906474867073,0.12630593288630038
1782125067.714912,47.859336853027344,blowing_bubbles,mixed_social_nonsocial_movie,mixed,1372,1,0.3952421999188151,0.43681502943992956,0.41602861467937235,1,0,0.5684000730514527,0.5567731976509094,0.16629589969007563,0.26582960308466713,-18.06179861022279,0.550683930516243,0.6090807020664215,0.0013787086890574072,0.0010360258070959433,0.013389511564682908,0.1254452813280641
1782125067.7483299,47.892754793167114,blowing_bubbles,mixed_social_nonsocial_movie,mixed,1373,1,0.38284483348384934,0.41723955865239676,0.4000421960681231,1,0,0.5678631275892257,0.5575867295265198,0.16226226612268096,0.2643743916829536,-17.81282657203982,0.5509821176528931,0.60996213555336,0.0009305055402092447,0.0004482031488481625,0.02739252891645157,0.12477283497139038
1782125067.783127,47.92755198478699,blowing_bubbles,mixed_social_nonsocial_movie,mixed,1374,1,0.38460938193518285,0.4458874617410386,0.4152484218381107,1,0,0.5673155754804611,0.5573465585708618,0.1575312315824665,0.26282706981174764,-18.376850231945344,0.5510497391223907,0.6103565394878387,0.0004001588767843987,0.000530346663424846,0.017886637176184148,0.1249609753699444
1782125067.8157911,47.96021604537964,blowing_bubbles,mixed_social_nonsocial_movie,mixed,1375,1,0.39020552683076426,0.44973318120207373,0.419969354016419,1,0,0.5666123181581497,0.5554168403148652,0.16110681874028926,0.2649629295878424,-18.713753566717127,0.5502130836248398,0.6082397699356079,0.0022761163763818804,0.0018759574995974818,0.015729639862076622,0.12490457022553832
1782125067.850604,47.99502897262573,blowing_bubbles,mixed_social_nonsocial_movie,mixed,1376,1,0.40682374289843876,0.4254186200245126,0.4161211814614757,1,0,0.5665653407573701,0.5536938607692719,0.14869394526710192,0.2599125335686378,-18.848211735999804,0.5512629151344299,0.6089942753314972,0.0012928358716226794,0.000983280504759201,0.011587150419200139,0.12537313413047038
1782125067.8844328,48.028857707977295,blowing_bubbles,mixed_social_nonsocial_movie,mixed,1377,1,0.40084337467335607,0.44501473983748224,0.4229290572554192,1,0,0.566209465265274,0.5528431355953216,0.15563661120467487,0.26208797069280393,-18.904426645272686,0.5500312447547913,0.6070117056369781,0.0023340082514217045,0.001041172379799025,0.006083187024056426,0.12528217541746664
1782125067.9193301,48.06375503540039,blowing_bubbles,mixed_social_nonsocial_movie,mixed,1378,1,0.39866974048166437,0.45662465819233955,0.42764719933700196,1,0,0.5653047204017639,0.5519064128398896,0.15050560889283793,0.2610677368193228,-19.512925618586916,0.5505858361721039,0.6075401902198792,0.0007660728389134207,0.0015679354125082837,0.001151096484657403,0.12491654144973235
1782125067.95473,48.09915494918823,blowing_bubbles,mixed_social_nonsocial_movie,mixed,1379,1,0.39293777979884603,0.4212159636726207,0.40707687173573337,1,0,0.5646944582462311,0.5520263493061066,0.15626595400219714,0.2615969483650295,-19.787219278945685,0.5488119423389435,0.6054104268550873,0.002771748783951043,0.002005675945037622,0.002568792948754346,0.1262479942732674
1782125067.9877272,48.13215208053589,blowing_bubbles,mixed_social_nonsocial_movie,mixed,1380,1,0.3773439171167874,0.45322125874993324,0.4152825879333603,1,0,0.5648474991321564,0.5516745388507843,0.15825791722961377,0.258686268897762,-19.337251949946147,0.5490772873163223,0.6047730445861816,0.0006904086570542703,0.0020813401268967727,0.006763259580572359,0.12607555149653762
1782125068.022927,48.167351961135864,blowing_bubbles,mixed_social_nonsocial_movie,mixed,1381,1,0.37846361598947786,0.4482255465711934,0.41334458128033563,1,0,0.5636203706264495,0.5505554020404816,0.15854279901143498,0.2651199279375889,-19.455610513615074,0.5488046705722809,0.6044895052909851,0.00039333754086319343,0.0002970711161910768,0.004917475278662051,0.12766933834649416
1782125068.058271,48.20269584655762,blowing_bubbles,mixed_social_nonsocial_movie,mixed,1382,1,0.3718493551390296,0.44401789301339833,0.407933624076214,1,0,0.5630084306001664,0.5509813666343689,0.16304865690812126,0.26425762670525516,-18.934575003673213,0.5476445257663727,0.6056393086910248,0.001633396409148304,0.0012400588682851105,0.00477075721455354,0.1273993604359611
1782125068.0917602,48.23618507385254,blowing_bubbles,mixed_social_nonsocial_movie,mixed,1383,1,0.3714578920104842,0.44649811900085146,0.4089780055056678,1,0,0.5625759363174438,0.552413809299469,0.15349380953341352,0.2651841889850304,-18.871677528013137,0.5483855754137039,0.6050228178501129,0.000963958265039504,0.0006694381441088,0.003628485198724526,0.12816080977608774
1782125068.127276,48.271700859069824,blowing_bubbles,mixed_social_nonsocial_movie,mixed,1384,1,0.3752041815486285,0.4192365020485666,0.39722034179859755,1,0,0.5620051354169846,0.5535987854003905,0.15781172929558931,0.2662964079843279,-18.19693449143142,0.5472265183925629,0.606168121099472,0.0016294577967069148,0.0006654995316674108,0.0077686285827489555,0.12930550974250218
1782125068.1606898,48.30511474609375,blowing_bubbles,mixed_social_nonsocial_movie,mixed,1385,1,0.37937767168966313,0.43575742985969845,0.40756755077468076,1,0,0.5618740856647492,0.5547697126865387,0.15487690170149823,0.2647115654312533,-18.750695643925006,0.5476429760456085,0.6085507273674011,0.002418728923371782,0.0007892711266648672,0.004313468761841961,0.12951882742609291
1782125068.196169,48.34059381484985,blowing_bubbles,mixed_social_nonsocial_movie,mixed,1386,1,0.38327434918621917,0.41338562357207537,0.3983299863791473,1,0,0.5619862318038941,0.556055098772049,0.1558738035706875,0.2662781305788712,-19.133030387298547,0.5477326810359955,0.6078674495220184,0.0006891412041745414,0.0017295877191972407,0.004038798044012254,0.13018149459191802
1782125068.229485,48.37390995025635,blowing_bubbles,mixed_social_nonsocial_movie,mixed,1387,1,0.38167274431937487,0.415901094347063,0.39878691933321897,1,0,0.5618222326040268,0.5559093713760376,0.15811223674446473,0.26803156399594347,-19.125592187472385,0.547233447432518,0.6071662306785583,0.0008607799122102027,0.00017163870803566124,0.004566297433751359,0.12958568380831745
1782125068.2638521,48.40827703475952,blowing_bubbles,mixed_social_nonsocial_movie,mixed,1388,1,0.3797573927511965,0.40657918663107345,0.393168289691135,1,0,0.5620866477489471,0.5562767028808594,0.15406377553434358,0.2692472346584609,-19.380509471766477,0.5478569716215134,0.6075036823749542,0.0007089824128021627,0.00015179749940803994,0.0015055986606738144,0.13053640371811953
1782125068.298669,48.44309401512146,blowing_bubbles,mixed_social_nonsocial_movie,mixed,1389,1,0.3927808966344554,0.4124181809319082,0.4025995387831818,1,0,0.562077134847641,0.5563442051410674,0.1554530839291007,0.2707623754831661,-19.194515418877746,0.5478408485651016,0.6069011092185974,0.000602788820159985,0.00010619359264217771,0.0017243139987677502,0.1301966025450538
1782125068.334144,48.47856903076172,blowing_bubbles,mixed_social_nonsocial_movie,mixed,1390,1,0.38235528736745117,0.4065336830992475,0.3944444852333493,1,0,0.5621320635080338,0.5566122531890869,0.15540250925766752,0.2691734212218644,-18.93951518760902,0.5481148958206177,0.6070657670497894,0.0003197093987181782,0.0002830794214418068,0.001740166697749163,0.13081501888863717
1782125068.36692,48.51134490966797,blowing_bubbles,mixed_social_nonsocial_movie,mixed,1391,1,0.3850433097912364,0.4128781553924713,0.39896073259185383,1,0,0.5619542807340622,0.5569999277591705,0.15705635867904022,0.26871503751343,-18.600277619930985,0.5477289408445358,0.6078101694583893,0.0008385083121183732,0.000518798913400195,0.0008928975038504073,0.13032830344701934
1782125068.401397,48.54582190513611,blowing_bubbles,mixed_social_nonsocial_movie,mixed,1392,1,0.38716348692772057,0.42133351610204595,0.40424850151488323,1,0,0.5617590934038162,0.5573163390159607,0.15575031012690327,0.2677832178871375,-18.61858665973514,0.5477188974618912,0.6077571511268616,5.396121767463265e-05,0.0007845470944437406,0.0007550285705791182,0.12955510724139566
1782125068.4346712,48.57909607887268,blowing_bubbles,mixed_social_nonsocial_movie,mixed,1393,1,0.3878914397670888,0.4184454737522659,0.40316845675967733,1,0,0.5613388687372207,0.5573554754257202,0.15475624267045449,0.26903938195602617,-18.811716080723567,0.5476545989513397,0.6075260937213898,0.00023983707612147014,0.0001858758584468375,0.0012132611415777846,0.12995790776374952
1782125068.469353,48.61377787590027,blowing_bubbles,mixed_social_nonsocial_movie,mixed,1394,1,0.38031274177692387,0.4226249302850373,0.4014688360309806,1,0,0.5606972604990006,0.5574091434478761,0.1538735235061097,0.2684887719517378,-18.734390877637104,0.5473904460668564,0.6083867847919464,0.0009003143147350282,0.0006604772386135581,0.0011198841446793772,0.13034856153480362
1782125068.506343,48.65076780319214,blowing_bubbles,mixed_social_nonsocial_movie,mixed,1395,1,0.38553596756026587,0.4188817044728194,0.40220883601654267,1,0,0.5603766053915025,0.5576843023300171,0.15476100862520697,0.26854947260043077,-18.568651665596466,0.5469127595424652,0.608684241771698,0.0005627300155384072,0.0003375842991966211,0.001061088289664383,0.12980912719470877
1782125068.537494,48.68191885948181,blowing_bubbles,mixed_social_nonsocial_movie,mixed,1396,1,0.3892065118679253,0.4340231822337586,0.41161484705084195,1,0,0.5601590543985366,0.5582637548446655,0.14872861807558915,0.26914764481558834,-18.4276466118334,0.5473891794681549,0.6088652908802032,0.000509661382963946,5.30686325744611e-05,0.0014955487818674746,0.13009982596851546
1782125068.574541,48.718966007232666,blowing_bubbles,mixed_social_nonsocial_movie,mixed,1397,1,0.400391057056351,0.43193118945203696,0.41616112325419397,1,0,0.5600639760494233,0.5590418219566345,0.15133040956522148,0.270110338241196,-18.39923166325145,0.5468173921108246,0.6087652444839478,0.0005804739989065012,7.081261594255516e-05,0.005281101612286315,0.12902141760060765
1782125068.607137,48.751561880111694,blowing_bubbles,mixed_social_nonsocial_movie,mixed,1398,1,0.39293622726385286,0.4218568237900249,0.4073965255269389,1,0,0.5595800518989562,0.5595628619194031,0.14845714121581916,0.2723394127601747,-18.45797293952583,0.547065332531929,0.6095497012138367,0.0008227070034255539,0.00024223300451905268,0.007063846742920359,0.12978687438306247
1782125068.641811,48.78623580932617,blowing_bubbles,mixed_social_nonsocial_movie,mixed,1399,1,0.3946334713370322,0.42608887463048456,0.4103611729837584,1,0,0.5592427879571915,0.5600600183010102,0.1495437319473621,0.2736490382834305,-18.050056972986816,0.5463803708553314,0.6093370318412781,0.0007172173732083283,0.00010548963021722558,0.0076001127958908255,0.1291785966439136
1782125068.6754189,48.819843769073486,blowing_bubbles,mixed_social_nonsocial_movie,mixed,1400,1,0.3836477285942871,0.4294202815143683,0.4065340050543277,1,0,0.5595218002796173,0.5604165375232697,0.1459295974270744,0.26940945821024803,-18.17230389651124,0.547478973865509,0.6103963553905487,0.0015261372664379293,0.000808919893229601,0.0007581193331288181,0.12912790650052752
1782125068.715741,48.86016583442688,blowing_bubbles,mixed_social_nonsocial_movie,mixed,1401,1,0.4054713079128948,0.42924098901042795,0.41735614846166136,1,0,0.5591724961996078,0.5608376145362854,0.15111966497511298,0.2702952561926884,-18.044645804489303,0.5462746918201447,0.610129326581955,0.0012335313653920649,0.0002926059010458645,0.0028855417074999524,0.13002164479104297
1782125068.747564,48.89198899269104,blowing_bubbles,mixed_social_nonsocial_movie,mixed,1402,1,0.38810225257399156,0.4063564785096782,0.39722936554183486,1,0,0.5599149525165558,0.5601475954055786,0.1486659864914289,0.26814715458753524,-18.228521568542472,0.5471874177455902,0.6111266613006592,0.0013519412546827915,0.00011840988929072665,0.000646723148310657,0.13049489068729755
1782125068.7818182,48.92624306678772,blowing_bubbles,mixed_social_nonsocial_movie,mixed,1403,1,0.4112191537187603,0.42214563916143066,0.41668239644009547,1,0,0.5594231516122818,0.5605981945991516,0.14911457354878224,0.2680473800669034,-17.713596471613254,0.5465430468320847,0.6104659736156464,0.0009228879083071672,0.00042905334637562435,0.00035177672249803795,0.12903186797777907
1782125068.815285,48.959709882736206,blowing_bubbles,mixed_social_nonsocial_movie,mixed,1404,1,0.41176653072968306,0.43436049544953675,0.4230635130896099,1,0,0.5597134172916413,0.5599729776382447,0.14653298008489185,0.2691640491823949,-18.197956968758763,0.5473338812589645,0.6114087998867035,0.0012305854168378249,0.0003076975085306577,0.00032943911185893775,0.128731172351922
1782125068.848705,48.99312996864319,blowing_bubbles,mixed_social_nonsocial_movie,mixed,1405,1,0.41431240825104243,0.4561466569809506,0.4352295326159965,1,0,0.5596075892448426,0.5595703542232513,0.14891582022178756,0.26775980164073987,-17.72309456504558,0.5471654981374741,0.6109511852264404,0.0004876105545315385,0.0007429748623062864,0.0037020509160755073,0.12682089951981174
1782125068.883807,49.02823185920715,blowing_bubbles,mixed_social_nonsocial_movie,mixed,1406,1,0.412419270697227,0.4432202294324454,0.4278197500648362,1,0,0.5600082546472549,0.5592726767063141,0.14935599690891854,0.2680677493896977,-17.55863547417475,0.5471740812063217,0.6107158660888672,0.00023547561567826528,0.0002521349388532732,0.0015804988275525528,0.12842674708997762
1782125068.9185221,49.062947034835815,blowing_bubbles,mixed_social_nonsocial_movie,mixed,1407,1,0.4129408457295308,0.43495311513676926,0.42394698043315004,1,0,0.5599444717168808,0.5585729658603669,0.14659878058484407,0.26762313945563987,-18.02777670813922,0.5476107597351074,0.6109344065189362,0.0004883114345140595,0.0002528358188357942,0.00013116777615440706,0.12923877403357634
1782125068.951434,49.09585881233215,blowing_bubbles,mixed_social_nonsocial_movie,mixed,1408,1,0.4173612288882309,0.4460912162316669,0.4317262225599489,1,0,0.5603740096092225,0.5579849839210511,0.14797378311004117,0.26730325052946,-18.172388802443237,0.5475741922855377,0.6092047095298767,0.0017300834813179836,0.0012417720468039242,0.000604840693671303,0.1284515825646232
1782125068.984155,49.12857985496521,blowing_bubbles,mixed_social_nonsocial_movie,mixed,1409,1,0.427107411558264,0.43665455447443846,0.43188098301635125,1,0,0.5610063970088959,0.55738525390625,0.14667345980051558,0.2664882008891845,-17.497138084365982,0.5484922528266907,0.6099792420864105,0.0012011393917247322,0.0005289440895932514,0.0036454681218620237,0.12883080668340963
1782125069.02334,49.16776490211487,blowing_bubbles,mixed_social_nonsocial_movie,mixed,1410,1,0.4148611182107822,0.44587783226084055,0.43036947523581137,1,0,0.5602786928415299,0.5566748976707458,0.14550853785833603,0.2693309833215284,-17.674705235875923,0.5483822971582413,0.6084228754043579,0.0015602459735655824,0.0003591065818408501,0.003530729832471718,0.12786237999180808
1782125069.0547252,49.19915008544922,blowing_bubbles,mixed_social_nonsocial_movie,mixed,1411,1,0.4035943378001042,0.4404823606610054,0.4220383492305548,1,0,0.5606081306934356,0.5565430819988251,0.14483045419189838,0.26865917778515985,-17.388773094087274,0.5486744940280914,0.6085851788520813,0.00033424754283783347,0.0012259984307277489,0.0010293319023707735,0.12835870135337385
1782125069.0905669,49.234991788864136,blowing_bubbles,mixed_social_nonsocial_movie,mixed,1412,1,0.4056222272679559,0.4024394438889436,0.40403083557844977,1,0,0.5607165217399597,0.5572471499443055,0.1447741883829105,0.2666907367206787,-16.761706197401004,0.5485230684280396,0.6088114678859711,0.0002722800749409284,6.196746789690504e-05,0.00047704177345656636,0.12999749398736488
1782125069.1247108,49.26913571357727,blowing_bubbles,mixed_social_nonsocial_movie,mixed,1413,1,0.35427131570508363,0.3373148322154864,0.345793073960285,1,0,0.5606551617383957,0.5599785208702088,0.1455381614454934,0.26484027330060583,-16.379977235220913,0.5478250086307526,0.608364075422287,0.0008291245365743692,0.0005568444616334408,0.001728659787877756,0.13837643146690762
1782125069.158411,49.3028359413147,blowing_bubbles,mixed_social_nonsocial_movie,mixed,1414,1,0.24521995855873235,0.13190977320348066,0.1885648658811065,1,0,0.5606945276260376,0.5634669542312623,0.13895253686959977,0.2729197738184889,-15.172328710170513,0.5480194985866547,0.6084133088588715,0.00020062470990562937,0.0006284998266687399,0.0001351009020359907,0.1521818251021179
1782125069.1941981,49.338623046875,blowing_bubbles,mixed_social_nonsocial_movie,mixed,1415,1,0.16372621269078788,0.15216607069763594,0.1579461416942119,0,1,0.5565160065889359,0.5648502945899962,0.12084185943116561,0.27365130232962204,-14.636450414193481,0.5460370779037476,0.6075733602046967,0.002153022411789514,0.0019523977018838846,0.0009640753815510338,0.15512379378075325
1782125069.2287722,49.373197078704834,blowing_bubbles,mixed_social_nonsocial_movie,mixed,1416,1,0.265101188877586,0.1557625853939305,0.21043188713575825,1,0,0.5509472727775574,0.563755202293396,0.08631001534975213,0.2782445000649786,-13.345427271497604,0.5452334582805634,0.608891487121582,0.0015437820661558643,0.0006092403456336498,0.0008773928316753543,0.14957663035731986
1782125069.263308,49.40773296356201,blowing_bubbles,mixed_social_nonsocial_movie,mixed,1417,1,0.3261851393952249,0.22533098394817846,0.2757580616717017,1,0,0.5455739110708236,0.5604363858699799,0.07247656374631702,0.2819923238562203,-11.550380457521092,0.5427335947751999,0.6062728464603424,0.0036203033654854952,0.002076521299329631,0.0005110339033857999,0.14400349485484598
1782125069.298647,49.4430718421936,blowing_bubbles,mixed_social_nonsocial_movie,mixed,1418,1,0.3694546129353909,0.3647739357618028,0.36711427434859684,1,0,0.5437025099992752,0.5587584495544433,0.05807983748659823,0.2831812159856826,-9.274131037707747,0.5418084859848022,0.6042809188365936,0.0021962700044221455,0.0014240333610633497,0.0007549778093373819,0.13681545008054263
1782125069.330848,49.47527289390564,blowing_bubbles,mixed_social_nonsocial_movie,mixed,1419,1,0.42398148066831537,0.4024781767928424,0.4132298287305789,1,0,0.542073318362236,0.5565820455551147,0.04885752934657754,0.28758868577703856,-8.168610838680188,0.5414516627788544,0.6010385751724243,0.003261918950078588,0.0010656489456564422,0.0007880977978302616,0.13265589676321105
1782125069.3663151,49.51074004173279,blowing_bubbles,mixed_social_nonsocial_movie,mixed,1420,1,0.38648643505524805,0.3805483319738808,0.38351738351456444,1,0,0.5422711253166199,0.5556341350078582,0.03773310285181443,0.2829958882396491,-7.543846124029756,0.5419030040502548,0.6025848090648651,0.0016107601290701204,0.0016511588210084674,0.0009614461164401947,0.13486619846620798
1782125069.399688,49.54411292076111,blowing_bubbles,mixed_social_nonsocial_movie,mixed,1421,1,0.4059502561313109,0.33662343589663346,0.3712868460139722,1,0,0.5434953242540359,0.5555388152599334,0.039412205299045516,0.28345905507861807,-8.071400953251654,0.5423416644334793,0.601062536239624,0.0015842151010131613,2.6545028056959097e-05,0.0004988829857673758,0.13607793758813128
1782125069.433655,49.57807993888855,blowing_bubbles,mixed_social_nonsocial_movie,mixed,1422,1,0.4058664359854661,0.20947936999798222,0.3076729029917242,1,0,0.5438768297433854,0.5566030979156494,0.040120328879983444,0.28443180772532733,-8.132353663691841,0.5430502593517303,0.6022706031799316,0.0014005472110698027,0.00018366788994335858,0.0003268722900952236,0.1413834881800815
1782125069.4684658,49.61289072036743,blowing_bubbles,mixed_social_nonsocial_movie,mixed,1423,1,0.3465981866472918,0.09078263240521776,0.2186904095262548,1,0,0.5438929080963135,0.5601226508617401,0.04703632722005929,0.28393503538602577,-8.507589917114522,0.5437769889831543,0.6032755374908447,0.0012401729421495815,0.00016037426892022118,0.0002222081586609116,0.1522445993722381
1782125069.505793,49.65021800994873,blowing_bubbles,mixed_social_nonsocial_movie,mixed,1424,1,0.3167039186436736,0.08442278213867899,0.2005633503911763,1,0,0.5442265838384628,0.5608574628829956,0.04883275884630915,0.2889567374871282,-7.912254107710411,0.5439082682132721,0.6040423512458801,0.0007779701608492531,0.00046220278130032846,0.00043553007481332806,0.1517848819560497
1782125069.537611,49.68203592300415,blowing_bubbles,mixed_social_nonsocial_movie,mixed,1425,1,0.322102323587383,0.12671608563656447,0.22440920461197372,1,0,0.5448412626981736,0.561549973487854,0.0523530726425676,0.2915882755248967,-7.5869636720967515,0.5438584387302399,0.603909969329834,0.00014144945767060013,0.0006365207031786529,0.0008157122181629826,0.14711668768356895
