timestamp,elapsed_time,stimulus_id,stimulus_type,paper_category,frame_index,face_detected,left_ear,right_ear,avg_ear,eye_open,blink_state,gaze_x,gaze_y,yaw_proxy,pitch_proxy,roll_proxy_deg,head_center_x,head_center_y,head_movement,head_acceleration,mouth_open,eyebrow_signal
1782125029.591462,9.735886812210083,dog_in_grass,nonsocial_movie,non_social,265,1,0.4191442566743072,0.41309363199316773,0.4161189443337375,1,0,0.54310602247715,0.44938883781433103,0.01734637512274118,0.24828000691087768,3.117697006634669,0.5396265387535095,0.5080426931381226,0.0004530984124357997,0.0004530984124357997,0.00940685236948537,0.12648666978040887
1782125029.6272771,9.77170205116272,dog_in_grass,nonsocial_movie,non_social,266,1,0.4398550631387579,0.4038080227527287,0.4218315429457433,1,0,0.5425942689180374,0.4489131152629852,0.020912721159265405,0.2462665994561936,3.2223271283854995,0.5387537628412247,0.5078897178173065,0.0008860808325674495,0.0004329824201316498,0.014176534370847744,0.1276594700617624
1782125029.662359,9.80678391456604,dog_in_grass,nonsocial_movie,non_social,267,1,0.4472421875489827,0.392461021454098,0.41985160450154035,1,0,0.5411952704191207,0.4483626186847687,0.01908806742254906,0.2465709545646338,3.532468465360461,0.5374972820281982,0.5070112943649292,0.0015330922330995102,0.0006470114005320607,0.011649336705264506,0.12988336905757666
1782125029.6961951,9.840620040893555,dog_in_grass,nonsocial_movie,non_social,268,1,0.39593405879667776,0.38627626393069686,0.39110516136368734,1,0,0.5377134650945663,0.44985127449035645,0.015508156124508956,0.2492893054579068,2.4349798234022817,0.5352032333612442,0.505695253610611,0.002644734873929734,0.0011116426408302237,0.007994620495811003,0.13807133828316584
1782125029.729933,9.87435793876648,dog_in_grass,nonsocial_movie,non_social,269,1,0.3208894115008454,0.2575591068953991,0.2892242591981222,1,0,0.5337660819292068,0.45405071079730985,0.0168387384536849,0.24943611125003873,1.4391542129749633,0.5325485467910767,0.5073128640651703,0.0031087013958448206,0.0004639665219150868,0.0003079417345005334,0.1507567402728897
1782125029.765012,9.90943694114685,dog_in_grass,nonsocial_movie,non_social,270,1,0.23251037357430282,0.168844925745011,0.2006776496596569,1,0,0.5313256680965424,0.45544774234294894,0.02064652567425912,0.24676376938845157,-0.2335970973608706,0.5304023325443268,0.508411318063736,0.0024109825341377036,0.0006977188617071171,0.001455613719461512,0.15916343718952455
1782125029.798898,9.943322896957397,dog_in_grass,nonsocial_movie,non_social,271,1,0.3223989827271647,0.26783490369090346,0.2951169432090341,1,0,0.5313568592071534,0.4570320338010788,0.01709848378486021,0.25432246017431637,-1.4296506125791089,0.5307480841875076,0.5075527131557465,0.0009256060645792663,0.0014853764695584373,0.013934557556914143,0.15128422482874665
1782125029.835178,9.979602813720703,dog_in_grass,nonsocial_movie,non_social,272,1,0.37974191482617753,0.30043448648213,0.3400882006541538,1,0,0.5327493697404861,0.4593655228614807,0.026810606772800238,0.2621067044463664,-2.6244206064041498,0.5311072170734406,0.5081804394721985,0.0007231989754728218,0.0002024070891064446,0.004963294151307139,0.14513162270244873
1782125029.869469,10.013893842697144,dog_in_grass,nonsocial_movie,non_social,273,1,0.4147546042530179,0.4308652928458613,0.4228099485494396,1,0,0.5351951122283936,0.46401326954364774,0.04019014465710372,0.26411618339313947,-2.7556661510553315,0.5337083339691162,0.5144692659378052,0.006805523302398171,0.006082324326925349,0.009067955270984801,0.1416896781577003
1782125029.902935,10.047359943389893,dog_in_grass,nonsocial_movie,non_social,274,1,0.4067785999812398,0.43359237912668813,0.42018548955396395,1,0,0.5397702693939209,0.46777066886425017,0.055000588678054435,0.2657499439717765,-1.7402810894982375,0.5362976044416428,0.5173520743846893,0.003874907240350987,0.002930616062047184,0.006808614664216423,0.1425736543082513
1782125029.9374971,10.081922054290771,dog_in_grass,nonsocial_movie,non_social,275,1,0.4542517589214824,0.4696786823184321,0.46196522061995726,1,0,0.5465684503316879,0.4738702356815338,0.07243366463191968,0.2688973683822398,-2.6173980824035383,0.5393852293491364,0.5198668241500854,0.003982134346294037,0.00010722710594305001,0.0019214577039003964,0.13933636140817324
1782125029.970975,10.115399837493896,dog_in_grass,nonsocial_movie,non_social,276,1,0.44749003825391553,0.5266684537647089,0.48707924600931224,1,0,0.5509074330329895,0.47879897654056547,0.07661891320079983,0.270101719867634,-1.196257917334136,0.5439460277557373,0.5206308960914612,0.004624358121647962,0.0006422237753539251,0.0003432896258082871,0.1419640778661144
1782125030.0063639,10.1507887840271,dog_in_grass,nonsocial_movie,non_social,277,1,0.48478186876715634,0.49820060871858884,0.4914912387428726,1,0,0.5568058967590332,0.48338581919670104,0.09032790974146103,0.2715098199593821,-0.41394320399466944,0.5472880750894547,0.5228959321975708,0.004037284847863407,0.0005870732737845554,0.00012123249175711246,0.14492094262049596
1782125030.0407228,10.185147762298584,dog_in_grass,nonsocial_movie,non_social,278,1,0.45753033422319045,0.48856560731818943,0.47304797077068994,1,0,0.5626680195331574,0.4862441152334213,0.08990865133436533,0.2727632109742893,-1.0694258014334466,0.5499524176120758,0.5224925875663757,0.002694699977615531,0.0013425848702478755,0.0007818387713651359,0.14792159464536916
1782125030.075638,10.220062971115112,dog_in_grass,nonsocial_movie,non_social,279,1,0.4992104139556012,0.5410376410118022,0.5201240274837017,1,0,0.5646000981330872,0.4887194693088531,0.06912532410146334,0.27246527431562595,-1.5293810232134901,0.5522486865520477,0.5205822587013245,0.0029870064307476567,0.00029230645313212556,0.006577316502556681,0.1502828533094015
1782125030.109602,10.254026889801025,dog_in_grass,nonsocial_movie,non_social,280,1,0.47432376807632814,0.5186499008260201,0.49648683445117414,1,0,0.5665189981460572,0.490001580119133,0.05327240283373672,0.28538509565863934,0.3218996459588772,0.5552318245172501,0.5197578370571136,0.0030949609313971594,0.00010795450064950271,0.0032534723767268705,0.14701394288167177
1782125030.1435132,10.287938117980957,dog_in_grass,nonsocial_movie,non_social,281,1,0.5822889160005548,0.4910838994177952,0.536686407709175,1,0,0.5647900432348252,0.49582507610321047,0.017083051957980877,0.2573395800861271,1.2099747709646287,0.5587051510810852,0.5298790633678436,0.010700617713574093,0.007605656782176933,0.003520705077816785,0.1433227562421617
1782125030.1769211,10.321346044540405,dog_in_grass,nonsocial_movie,non_social,282,1,0.4358439269077254,0.373251965361881,0.40454794613480316,1,0,0.5651815086603165,0.5020830273628235,0.03195619069756624,0.23582090191376562,-1.4590720233944694,0.5603040009737015,0.539632260799408,0.009883379033417272,0.0008172386801568211,0.00076559370849845,0.1522966731894239
1782125030.214859,10.359283924102783,dog_in_grass,nonsocial_movie,non_social,283,1,0.43701553265175963,0.21170319381803254,0.3243593632348961,1,0,0.5678047627210616,0.49978317916393283,0.054405589657435756,0.2609301287138387,-3.1557661951667315,0.5588310360908508,0.5357292592525482,0.004171695892667723,0.005711683140749549,0.0020458563803186333,0.14604761243376335
1782125030.246598,10.39102292060852,dog_in_grass,nonsocial_movie,non_social,284,1,0.4169393742683794,0.22231057440020763,0.3196249743342935,1,0,0.5672186940908432,0.5004968613386154,0.05415619505019226,0.2709181338917122,-4.054579044422529,0.5575116574764252,0.5378237962722778,0.0024754484957723493,0.0016962473968953739,0.0014958558150462889,0.1437723097717224
1782125030.2813041,10.425729036331177,dog_in_grass,nonsocial_movie,non_social,285,1,0.4037705333560966,0.26404310974081663,0.33390682154845663,1,0,0.56722392141819,0.4992772459983825,0.046605294544325035,0.2827259181199252,-5.270437878737704,0.5600740909576416,0.5336659848690033,0.004884000512987148,0.0024085520172147986,0.0011181418110672847,0.14049324409859168
1782125030.315083,10.459507942199707,dog_in_grass,nonsocial_movie,non_social,286,1,0.40102128730805137,0.2364012854656345,0.31871128638684293,1,0,0.5653861671686173,0.4951682358980179,0.03085892462956856,0.2799938395007522,-6.771089932284018,0.5601581782102585,0.5327325761318207,0.0009371886345349603,0.0039468118784521874,0.005889574808368132,0.1392869132446082
1782125030.350058,10.49448299407959,dog_in_grass,nonsocial_movie,non_social,287,1,0.4193513654274028,0.2546076431093934,0.33697950426839807,1,0,0.564646515250206,0.5007195681333542,-0.02769040815498638,0.23905897153764188,-2.944739916580176,0.5648467838764191,0.5442139506340027,0.012401813720263189,0.01146462508572823,0.008079415100813659,0.15017470017515144
1782125030.3835788,10.528003692626953,dog_in_grass,nonsocial_movie,non_social,288,1,0.3842067806167539,0.35301795472927944,0.36861236767301664,1,0,0.5625902414321899,0.5058777213096619,-0.002224549396271926,0.26300762228924934,-3.6832834199055355,0.5598242878913879,0.5358279049396515,0.009775030859664845,0.0026267828605983437,0.006490838609332939,0.13890348418019832
1782125030.419842,10.564266920089722,dog_in_grass,nonsocial_movie,non_social,289,1,0.4006946262363073,0.15673801489277547,0.2787163205645414,1,0,0.5557111620903015,0.5094486624002457,0.11812453207698714,0.2801926833688571,-0.6026515195890692,0.5382561683654785,0.535741925239563,0.021568290901059887,0.011793260041395042,0.00047769403397541414,0.15873559201419035
1782125030.4540732,10.598498106002808,dog_in_grass,nonsocial_movie,non_social,290,1,0.43363283756867094,0.5749655662745992,0.504299201921635,1,0,0.5426905393600464,0.5138130515813828,0.08975092753864794,0.2981556702170328,-2.853397209137641,0.5369648188352585,0.5480849146842957,0.012410357450209946,0.00915793345084994,0.0005715384958332013,0.1294492400684626
1782125030.488019,10.632443904876709,dog_in_grass,nonsocial_movie,non_social,291,1,0.4701997732073784,0.6486451327512868,0.5594224529793326,1,0,0.5397624015808106,0.5168211519718171,0.07776206097468755,0.3133888937073,-4.419309585111897,0.5350254774093628,0.5488874912261963,0.0020988507025999524,0.010311506747609993,0.0003840643019173987,0.12534186495042585
1782125030.522975,10.667399883270264,dog_in_grass,nonsocial_movie,non_social,292,1,0.4917018780502402,0.5609415417462573,0.5263217098982488,1,0,0.5387951970100403,0.5194481462240219,0.0784828014955732,0.29769488026688634,-5.500901228389112,0.5333897322416306,0.5556010901927948,0.006909998070771942,0.004811147368171989,0.0009073980312693177,0.12721279262567514
1782125030.557368,10.70179295539856,dog_in_grass,nonsocial_movie,non_social,293,1,0.4801213208691831,0.5419744759779512,0.5110478984235671,1,0,0.539379769563675,0.519840133190155,0.07330080693573511,0.29837782576354915,-5.405973655194093,0.5348293483257294,0.557045191526413,0.0020390986075601563,0.0048708994632117855,0.000262591113233507,0.12591254458053397
1782125030.5906,10.73502492904663,dog_in_grass,nonsocial_movie,non_social,294,1,0.4635409266656071,0.5575441440666112,0.5105425353661092,1,0,0.5419115573167801,0.5175933182239533,0.08781308296019484,0.30047207288453853,-6.477706856198774,0.5349421203136444,0.555632621049881,0.0014170648793997054,0.0006220337281604509,0.003930817013489761,0.12231724779634165
1782125030.625464,10.769888877868652,dog_in_grass,nonsocial_movie,non_social,295,1,0.45096745908036656,0.6124800528275736,0.53172375595397,1,0,0.5459439843893051,0.5139555484056473,0.08043105696753737,0.2904466820129758,-6.167611668727848,0.542074054479599,0.5554627180099487,0.007133957666715482,0.005716892787315776,0.00035659717808734067,0.11932315533796657
1782125030.6603699,10.804794788360596,dog_in_grass,nonsocial_movie,non_social,296,1,0.4621309846891203,0.5116892697295145,0.48691012720931737,1,0,0.5534821540117264,0.5143454909324646,0.11289720728369809,0.2989992219293676,-4.811962024984272,0.5456030964851379,0.549204021692276,0.0071850829552419565,5.112528852647437e-05,0.00024218811687087193,0.11623142011571448
1782125030.69519,10.839614868164062,dog_in_grass,nonsocial_movie,non_social,297,1,0.40618544231236575,0.5588876879812937,0.48253656514682974,1,0,0.5617231845855712,0.5175827711820602,0.11689563912441292,0.3000643981674129,-4.366428993282707,0.5529963970184326,0.5500917732715607,0.007446408237676591,0.00026132528243463446,0.0008689668688820472,0.11049631040224724
1782125030.7286952,10.873120069503784,dog_in_grass,nonsocial_movie,non_social,298,1,0.437179074235684,0.5624770303488364,0.49982805229226024,1,0,0.5667651355266571,0.5203022718429565,0.11677218300793633,0.2967355542930715,-2.795380754690397,0.5562971532344818,0.5550354719161987,0.00594433746407315,0.0015020707736034412,0.0011282290177285186,0.12862372371035136
1782125030.762122,10.906546831130981,dog_in_grass,nonsocial_movie,non_social,299,1,0.45905561846239623,0.4932118430743149,0.4761337307683556,1,0,0.5735531270503997,0.5238223135471344,0.13368967595798426,0.30493110376846394,-2.606091488711282,0.5585285127162933,0.5527860224246979,0.0031684362313109038,0.002775901232762246,0.0010630513358368125,0.1353228246720985
1782125030.797933,10.942358016967773,dog_in_grass,nonsocial_movie,non_social,300,1,0.4625360242222405,0.47496468773209993,0.4687503559771702,1,0,0.5784715473651887,0.5226537883281708,0.1400602167315108,0.30323491310610173,-2.20113824222777,0.5615401566028595,0.5549935400485992,0.0037340504762692316,0.0005656142449583278,0.001145238136168654,0.13766132181933335
1782125030.8326578,10.9770827293396,dog_in_grass,nonsocial_movie,non_social,301,1,0.4483695746909338,0.4845819983311882,0.46647578651106103,1,0,0.5827290117740631,0.5185166478157044,0.1527622978693362,0.29874573450248987,-0.8231087992602281,0.5645158290863037,0.5516908466815948,0.004445493246556773,0.0007114427702875417,0.0005631496752366695,0.13450701441573013
1782125030.867111,11.011535882949829,dog_in_grass,nonsocial_movie,non_social,302,1,0.4552501990812754,0.49067511015733867,0.47296265461930703,1,0,0.5866618812084199,0.5159861296415329,0.1498000437818149,0.2945018221665438,-1.5452611222413128,0.5702520608901978,0.5491952300071716,0.006255594127951773,0.0018101008813949998,0.0013232130338400774,0.13250994360808627
1782125030.900894,11.045318841934204,dog_in_grass,nonsocial_movie,non_social,303,1,0.4539962121490554,0.5659077125108043,0.5099519623299298,1,0,0.5918308198451996,0.5129860043525696,0.17752558191462256,0.28815657366772496,-1.0397972454269628,0.5721621811389923,0.5495724976062775,0.0019470208540716908,0.004308573273880082,0.0008766103494831339,0.13060642215228047
1782125030.935013,11.079437971115112,dog_in_grass,nonsocial_movie,non_social,304,1,0.46531756455982637,0.5840814043117292,0.5246994844357777,1,0,0.5946340560913086,0.5100762069225311,0.16899681919689083,0.2925279605563821,-0.5200443194952327,0.5753014981746674,0.5460101366043091,0.004748234130582101,0.0028012132765104104,0.0004072359973793853,0.13092888230277439
1782125030.9694679,11.113892793655396,dog_in_grass,nonsocial_movie,non_social,305,1,0.4781336003360223,0.6258411727223413,0.5519873865291818,1,0,0.5970912337303161,0.5080657511949539,0.1723492408733737,0.29021950645227895,1.1129414107616502,0.5772198885679245,0.5453095734119415,0.002042305189593736,0.002705928940988365,0.0009720067760586636,0.12723141400077115
1782125031.0070772,11.151502132415771,dog_in_grass,nonsocial_movie,non_social,306,1,0.4387389195905294,0.6255879343878904,0.5321634269892099,1,0,0.5996133923530579,0.5087947964668273,0.15592721364492843,0.28070245548231787,1.8507902727907568,0.5810787975788116,0.5471945703029633,0.004294693473749622,0.0022523882841558856,0.0013204396640062416,0.12906335009582195
1782125031.039781,11.184206008911133,dog_in_grass,nonsocial_movie,non_social,307,1,0.466640506802944,0.6621028122694563,0.5643716595362002,1,0,0.6030921816825867,0.5055387824773788,0.20036306809422882,0.2753530142206418,1.8335615795494449,0.5793266892433167,0.5507411062717438,0.003955730147161837,0.0003389633265877849,0.0008791106527341164,0.12393057587763812
1782125031.072663,11.217087984085083,dog_in_grass,nonsocial_movie,non_social,308,1,0.493292077506597,0.650615690181725,0.571953883844161,1,0,0.6061455428600311,0.49977664351463313,0.22927653549080423,0.2680459303076895,3.4071050335109003,0.5776321291923523,0.5496446788311005,0.002018337657311075,0.0019373924898507615,0.0009448070162625317,0.11771294760951154
1782125031.108744,11.253168821334839,dog_in_grass,nonsocial_movie,non_social,309,1,0.47913539265752886,0.6813476377437127,0.5802415152006207,1,0,0.6084273219108581,0.49800839424133303,0.27633806114747356,0.2740982600392235,4.7876302620700955,0.57476407289505,0.547383189201355,0.003652407735992989,0.001634070078681914,0.0007313339790005418,0.11728955335140476
1782125031.141792,11.286216974258423,dog_in_grass,nonsocial_movie,non_social,310,1,0.47574259535631486,0.7242767772047258,0.6000096862805203,1,0,0.608885896205902,0.5010051667690277,0.3032992503639701,0.27166905308681855,4.550829506375316,0.5731179565191269,0.5484066605567932,0.001938347940511445,0.0017140597954815441,0.0007551009778075414,0.11844446261079505
1782125031.17611,11.320534944534302,dog_in_grass,nonsocial_movie,non_social,311,1,0.4627017076009692,0.8003664928968424,0.6315341002489058,1,0,0.6126317203044891,0.5055618405342102,0.29367158253707837,0.2649717965916694,9.333747851103722,0.5790152847766876,0.5509330332279205,0.006415686981987452,0.004477339041476007,0.0002841767419944231,0.12581997288791555
1782125031.210769,11.355193853378296,dog_in_grass,nonsocial_movie,non_social,312,1,0.4563307122450908,0.6242425431261556,0.5402866276856232,1,0,0.6215588092803954,0.5144813805818558,0.2583696838656124,0.27512114970159285,9.932336685534416,0.5910184681415558,0.5497258305549622,0.012063736949396968,0.005648049967409516,0.002287360445398352,0.12778942346838773
1782125031.245152,11.38957691192627,dog_in_grass,nonsocial_movie,non_social,313,1,0.43903567778051344,0.5344501845198489,0.4867429311501812,1,0,0.6250313758850098,0.5283705711364746,0.2613293375661866,0.255401337991371,9.424710933038714,0.5934926271438599,0.5541171133518219,0.0050403201654933205,0.007023416783903647,0.0009029025220433862,0.1408504356429885
1782125031.280492,11.424916982650757,dog_in_grass,nonsocial_movie,non_social,314,1,0.4110501208061832,0.5376925646724985,0.47437134273934084,1,0,0.6332064986228942,0.5391722202301026,0.20291184256540115,0.26037180460479464,-0.20055557432335652,0.6000237166881561,0.5615058541297913,0.00986147153926042,0.004821151373767099,0.003369082594962691,0.13301553191500085
1782125031.314037,11.458461999893188,dog_in_grass,nonsocial_movie,non_social,315,1,0.5549926778248445,0.3153015747401981,0.4351471262825213,1,0,0.6064549326896667,0.5442960977554321,0.08458185722912302,0.28078697291008947,1.2191214787095401,0.6002888381481171,0.5502148568630219,0.011294109467626302,0.001432637928365883,0.008790887273493283,0.11452956000282769
1782125031.348908,11.493332862854004,dog_in_grass,nonsocial_movie,non_social,316,0,0,0,0,0,0,0,0,0,0,0,0,0,0,0,0,0
1782125031.383083,11.527508020401001,dog_in_grass,nonsocial_movie,non_social,317,0,0,0,0,0,0,0,0,0,0,0,0,0,0,0,0,0
1782125031.418638,11.563062906265259,dog_in_grass,nonsocial_movie,non_social,318,1,0.2734018206229723,0.5300931432710716,0.4017474819470219,1,0,0.6026690602302551,0.5169403791427613,0.5035429625322333,0.26672344600516457,-3.70165859847769,0.5400913655757904,0.5302108526229858,0.06343418549750127,0.052140076029874964,0.0020552217925603133,0.12037489933865664
1782125031.452323,11.596747875213623,dog_in_grass,nonsocial_movie,non_social,319,1,0.3062517186445502,0.5118034393519779,0.40902757899826403,1,0,0.5871294021606446,0.5179962754249572,0.2885326903852876,0.29095176802410344,0.1271212254002663,0.5563246607780457,0.5395941436290741,0.018750093952524614,0.044684091544976656,0.0032821452775067647,0.1318249168996281
1782125031.4860969,11.630521774291992,dog_in_grass,nonsocial_movie,non_social,320,1,0.3935489386194732,0.5370124755962137,0.4652807071078434,1,0,0.5782044053077697,0.5154745280742645,0.20006021290019987,0.2888200165921326,-1.1087121154452317,0.5557927787303925,0.5463415682315826,0.006768355581613111,0.011981738370911502,0.00023066067093740746,0.1271788059877068
1782125031.521149,11.665573835372925,dog_in_grass,nonsocial_movie,non_social,321,1,0.4392852250586673,0.5130280430916835,0.4761566340751754,1,0,0.5690683245658874,0.5172962129116059,0.1515985644901503,0.2935968650177869,-2.193990720219924,0.5508613735437393,0.555444747209549,0.010353097344265491,0.0035847417626523803,0.001297366520530864,0.12629202147952323
1782125031.554754,11.69917893409729,dog_in_grass,nonsocial_movie,non_social,322,1,0.3884467411930404,0.49069877394450767,0.439572757568774,1,0,0.5613614827394485,0.5227182984352112,0.1422178788167093,0.2890894696518,-2.4174380844397207,0.5445027649402618,0.56166210770607,0.0088931139043598,0.0014599834399056915,0.0003472895951367959,0.12746845170947094
1782125031.5905821,11.735007047653198,dog_in_grass,nonsocial_movie,non_social,323,1,0.4547671419653702,0.49620976999909483,0.47548845598223255,1,0,0.5535772740840912,0.5292919218540191,0.10811946662242172,0.2912836088131311,-3.2107209793575175,0.5401031672954559,0.5689457058906555,0.008509245674598891,0.00038386822976090897,0.00032415088428188165,0.12375558576265946
1782125031.625144,11.769568920135498,dog_in_grass,nonsocial_movie,non_social,324,1,0.450557702933437,0.5276069999254276,0.4890823514294323,1,0,0.5469247549772263,0.5414964497089386,0.08273595130942143,0.29892909062095635,-4.639618394188084,0.5376921594142914,0.5759437382221222,0.007401717065336291,0.0011075286092625996,0.0003436042962194926,0.12486371467802819
1782125031.659734,11.804158926010132,dog_in_grass,nonsocial_movie,non_social,325,1,0.435906140101134,0.507766180867834,0.47183616048448396,1,0,0.5429150551557541,0.5532762587070466,0.06638232803895372,0.3023320927726604,-3.669967964947287,0.5362503528594971,0.5878251791000366,0.011968602402821469,0.0045668853374851775,0.009031080840593154,0.12293058877882068
1782125031.693343,11.837767839431763,dog_in_grass,nonsocial_movie,non_social,326,1,0.4440469230601352,0.5340516842318201,0.48904930364597765,1,0,0.5410912334918976,0.565636932849884,0.05958938959321466,0.31012358528725775,-5.139001735032582,0.5358525067567825,0.5971667468547821,0.009350035809447241,0.0026185665933742275,0.0005533478834728088,0.1217579058160753
1782125031.728242,11.872666835784912,dog_in_grass,nonsocial_movie,non_social,327,1,0.4286175564763971,0.5446333254990551,0.4866254409877261,1,0,0.5400955200195312,0.5769308507442474,0.05902693123662692,0.31415709759350574,-4.709732522153598,0.5339919030666351,0.6070102751255035,0.010017828852015903,0.000667793042568662,0.000491720032521474,0.12095199219564833
1782125031.761135,11.90556001663208,dog_in_grass,nonsocial_movie,non_social,328,1,0.4416938895715822,0.4950017424750807,0.4683478160233314,1,0,0.5398306667804718,0.5829345285892487,0.048944615605567704,0.3143505171885813,-5.32488085959326,0.5344054400920868,0.612587034702301,0.005592071194899246,0.004425757657116658,0.0008598546598576086,0.12028300118530294
1782125031.798775,11.943199872970581,dog_in_grass,nonsocial_movie,non_social,329,1,0.48833138857660857,0.452852894869522,0.4705921417230653,1,0,0.5392508208751678,0.5857635557651519,0.04307451506407407,0.317563823743095,-5.353558840859638,0.5356993973255157,0.6150499880313873,0.002782169014132754,0.0028099021807664916,0.0003862312756237081,0.12068699429837307
1782125031.831645,11.976069927215576,dog_in_grass,nonsocial_movie,non_social,330,1,0.45320047525755763,0.4524176136863467,0.45280904447195214,1,0,0.5393974184989929,0.5851579248905181,0.042864747231199575,0.32650173931730553,-5.644834476491512,0.5365979969501495,0.6118036806583405,0.0033683813391138613,0.0005862123249811071,0.0007050441619086954,0.1220261760382129
1782125031.866466,12.01089096069336,dog_in_grass,nonsocial_movie,non_social,331,1,0.44886479491455433,0.48040152430303795,0.46463315960879614,1,0,0.5401762187480926,0.5844413757324218,0.03373955572072784,0.3260712637717578,-5.461702791256707,0.5385234653949738,0.6112988889217377,0.0019905384772358078,0.0013778428618780535,0.0008056020677559268,0.12085976957537617
1782125031.900557,12.044981956481934,dog_in_grass,nonsocial_movie,non_social,332,1,0.4622573780248099,0.46769061161302355,0.4649739948189167,1,0,0.5419432669878006,0.5837866842746735,0.03658309165743386,0.32447689138574726,-6.293958838150808,0.5402175486087799,0.6104347407817841,0.0019017544381662612,8.87840390695466e-05,0.0004257731987834868,0.12283272547158582
1782125031.934382,12.07880687713623,dog_in_grass,nonsocial_movie,non_social,333,1,0.4660098413212379,0.4790760298242876,0.4725429355727627,1,0,0.5437127351760864,0.5819703876972199,0.02956319940626945,0.31955896415729,-5.81930555721437,0.5422160923480988,0.6107102930545807,0.002017450404102651,0.00011569596593638998,0.00011927065880345878,0.12368202375225805
1782125031.967202,12.111626863479614,dog_in_grass,nonsocial_movie,non_social,334,1,0.5288383221122708,0.4486078306423865,0.48872307637732865,1,0,0.543897470831871,0.5866109371185302,0.02913693190631904,0.3134016789749944,-6.1583876585023996,0.543136477470398,0.6143578886985779,0.0037619227471410144,0.0017444723430383633,0.00028629779007503315,0.1287558480368925
1782125032.0063722,12.150797128677368,dog_in_grass,nonsocial_movie,non_social,335,1,0.4780548967534627,0.4591099687466886,0.4685824327500756,1,0,0.5435678482055664,0.5875554859638215,0.030396920714237406,0.3150421476353814,-4.923395570476404,0.5432586371898651,0.6137148439884186,0.0006545452591869842,0.00310737748795403,0.0006254901621448815,0.13136177657603185
1782125032.036924,12.18134880065918,dog_in_grass,nonsocial_movie,non_social,336,1,0.5038653777113551,0.45744278206859434,0.4806540798899747,1,0,0.5431318521499634,0.5865278303623199,0.023727480247352783,0.31617530929158355,-4.02663796549679,0.5431168079376221,0.6114270091056824,0.00229222686212696,0.001637681602939976,0.0004454181446296377,0.13126037047566239
1782125032.0718951,12.216320037841797,dog_in_grass,nonsocial_movie,non_social,337,1,0.4918593163281946,0.4345991778414765,0.46322924708483554,1,0,0.5429379403591156,0.5860045254230499,0.017763811145558476,0.3127463287014299,-3.3387776163391814,0.5435577630996704,0.61199951171875,0.0007226345528040703,0.0015695923093228899,0.000691235411479351,0.1302181721717875
1782125032.107029,12.251453876495361,dog_in_grass,nonsocial_movie,non_social,338,1,0.48086039406789893,0.4687478220090972,0.47480410803849804,1,0,0.5423527777194976,0.5863733291625977,0.017193255027667043,0.3138532038235716,-2.6696742064401797,0.5432591140270233,0.6100929081439972,0.0019298519269242277,0.0012072173741201574,0.0004016554415298862,0.13022706876057802
1782125032.141262,12.28568696975708,dog_in_grass,nonsocial_movie,non_social,339,1,0.4774629687661561,0.4589532874106858,0.46820812808842094,1,0,0.5424113243818283,0.5873708128929138,0.011717438196320897,0.31018191016256447,-1.8035558918020478,0.5434594452381134,0.6125544905662537,0.002469720756623884,0.0005398688296996564,0.00041256812964234583,0.13036717281537674
1782125032.175292,12.319716930389404,dog_in_grass,nonsocial_movie,non_social,340,1,0.47061865559514493,0.45081129597567793,0.46071497578541143,1,0,0.5427420169115067,0.5885325193405151,0.007803417338468061,0.31045622948320867,-1.3416911108291965,0.5436131656169891,0.6130701005458832,0.0005380368072680987,0.0019316839493557854,0.0001637382582075371,0.13147555377200273
1782125032.209934,12.354358911514282,dog_in_grass,nonsocial_movie,non_social,341,1,0.48690510361058364,0.43227548311546526,0.4595902933630245,1,0,0.5432418018579483,0.5894376397132874,-0.0013531319250702578,0.31063040319033397,-0.72011218726171,0.5450441837310791,0.6152211427688599,0.002583562557377328,0.0020455257501092294,0.0006132343505520353,0.1294580656207918
1782125032.244721,12.389145851135254,dog_in_grass,nonsocial_movie,non_social,342,1,0.487597959834368,0.4621722791497432,0.4748851194920556,1,0,0.5444572925567627,0.589172327518463,-0.0014682012292459576,0.3124025305274165,-0.3754019451853956,0.5460352897644043,0.6151243448257446,0.0009958217767677825,0.0015877407806095456,0.0008082495769943456,0.12970964391382983
1782125032.2786171,12.423042058944702,dog_in_grass,nonsocial_movie,non_social,343,1,0.46271526211864106,0.46144264792669504,0.46207895502266805,1,0,0.5457025825977326,0.5868605375289917,-0.0006353260750493072,0.3143884573026751,0.08015436658787656,0.5472558587789536,0.6115462481975555,0.0037805507799705393,0.0027847290032027567,0.0012377405177477327,0.1297577125756584
1782125032.312279,12.456703901290894,dog_in_grass,nonsocial_movie,non_social,344,1,0.4621472947234699,0.4725443681396417,0.4673458314315558,1,0,0.5475979447364807,0.5852726340293883,0.006905530550042414,0.31078615615197547,-0.10972561137193683,0.5480250120162964,0.6104703545570374,0.001322552013427995,0.002457998766542544,0.0010529733411010708,0.13029442141488723
1782125032.34657,12.490994930267334,dog_in_grass,nonsocial_movie,non_social,345,1,0.44010492972943466,0.4463204828235773,0.443212706276506,1,0,0.5498134642839432,0.5858323931694032,0.008754103190124372,0.31250956493834164,0.5176414689015301,0.54962058365345,0.610627144575119,0.0016032566728565796,0.00028070465942858455,0.0007699704401444985,0.13105909734139629
1782125032.3820128,12.526437759399414,dog_in_grass,nonsocial_movie,non_social,346,1,0.4580925330182311,0.4627555736323433,0.46042405332528724,1,0,0.5515129953622818,0.586585420370102,0.017294276223162153,0.3129826430163993,0.1657039207181103,0.5504918098449707,0.6144160330295563,0.0038877642414322897,0.00228450756857571,0.0003975323343538322,0.12765560589594876
1782125032.416495,12.560920000076294,dog_in_grass,nonsocial_movie,non_social,347,1,0.4608319493124262,0.46172680533629196,0.4612793773243591,1,0,0.5527834206819534,0.5877655208110809,0.01639719279134404,0.3106705405008557,0.018011953119012946,0.5514406561851501,0.6165725886821747,0.002356064867551896,0.0015316993738803937,0.0005391029391218623,0.1284775597572045
1782125032.4510489,12.595473766326904,dog_in_grass,nonsocial_movie,non_social,348,1,0.46357368913392966,0.44057324926646274,0.4520734692001962,1,0,0.5540734201669693,0.5870052099227905,0.01653087572477315,0.314284703508397,0.6917997602379093,0.5521251261234283,0.6151458323001862,0.0015824452186257657,0.0007736196489261302,0.0010730473668116164,0.12843704146138718
1782125032.483406,12.627830982208252,dog_in_grass,nonsocial_movie,non_social,349,1,0.45377207267029174,0.44111117923024024,0.447441625950266,1,0,0.5547377616167068,0.5860788464546203,0.021735070506954394,0.310491038929789,0.3801819507262087,0.5525675415992737,0.6141684651374817,0.0010728364386058285,0.0005096087800199372,0.0011204556148689815,0.12881472126161955
1782125032.5189068,12.663331747055054,dog_in_grass,nonsocial_movie,non_social,350,1,0.46035793111795553,0.48347888607185713,0.4719184085949063,1,0,0.5555734753608703,0.5848617553710938,0.023744279024557797,0.31472891651539087,0.09329249746266537,0.5537241101264954,0.6114546954631805,0.002949948576385067,0.0018771121377792383,0.0013953748464118037,0.1272641280662024
1782125032.553622,12.698046922683716,dog_in_grass,nonsocial_movie,non_social,351,1,0.46566329085708036,0.45291260857742954,0.45928794971725495,1,0,0.5562842816114426,0.5847295761108399,0.00998130724413744,0.3186576706070771,0.26823816195753725,0.5554731786251068,0.6102026104927063,0.0021510363516506173,0.0007989122247344495,0.0009615675366550045,0.12643557097337066
1782125032.58967,12.734094858169556,dog_in_grass,nonsocial_movie,non_social,352,1,0.47102423653595055,0.44660421852871873,0.45881422753233464,1,0,0.5584656357765198,0.5869399785995484,0.01319420762301653,0.3233124631230745,0.7043958171910869,0.5571612417697906,0.6092385053634644,0.0019439793930673525,0.0002070569585832648,0.0006747446574288285,0.1256684015072903
1782125032.623473,12.767897844314575,dog_in_grass,nonsocial_movie,non_social,353,1,0.4766196373146481,0.46289347776688006,0.46975655754076406,1,0,0.5600505471229553,0.589546686410904,0.01448870772842531,0.32119312923931703,0.724626446584731,0.558190643787384,0.6127307415008545,0.003640794110234594,0.0016968147171672417,4.131893664250659e-05,0.12459320520968344
1782125032.657061,12.801486015319824,dog_in_grass,nonsocial_movie,non_social,354,1,0.4580363348371462,0.43969233621859954,0.44886433552787286,1,0,0.5612627625465393,0.591314309835434,0.017800791336023036,0.32246026769308067,0.2908610816137337,0.5592741668224335,0.6144010722637177,0.001990986445169773,0.001649807665064821,0.00045576220563782596,0.12509039469816566
1782125032.692012,12.836436986923218,dog_in_grass,nonsocial_movie,non_social,355,1,0.46905731223135666,0.43006193264557097,0.4495596224384638,1,0,0.5629449993371964,0.5928881824016571,0.012529181392717706,0.32066995006258675,-0.47031070256346236,0.5622334778308868,0.6165710687637329,0.0036696602642249825,0.0016786738190552094,0.0006904138640948251,0.12699014541592288
1782125032.727173,12.8715980052948,dog_in_grass,nonsocial_movie,non_social,356,1,0.4472946175298976,0.460001949117609,0.4536482833237533,1,0,0.5649330079555511,0.5919308960437775,0.017352656209061276,0.3231481430647905,0.22916573942794732,0.5628151893615723,0.6146105527877808,0.002044996625155158,0.0016246636390698246,0.0010239866738876431,0.1259369745811859
1782125032.759754,12.904178857803345,dog_in_grass,nonsocial_movie,non_social,357,1,0.45837997523916996,0.44606999023137256,0.45222498273527123,1,0,0.5667003035545348,0.5916076123714447,0.012251011867393231,0.3212044147179832,0.462675064727717,0.5659035295248032,0.6172290444374084,0.004048992897375217,0.002003996272220059,0.0006961051219284764,0.12818424176671897
1782125032.7984269,12.942851781845093,dog_in_grass,nonsocial_movie,non_social,358,1,0.4472211381555667,0.4379124621727141,0.4425668001641404,1,0,0.568196177482605,0.5904415369033813,0.017004494208378157,0.32263974311551374,0.46804791156572656,0.566763311624527,0.6152600347995758,0.002148540018915944,0.0019004528784592732,0.0012432238767430828,0.12774189046541215
1782125032.8311,12.97552490234375,dog_in_grass,nonsocial_movie,non_social,359,1,0.4283886330020539,0.43247693849927843,0.4304327857506661,1,0,0.5697607398033142,0.591011130809784,0.010659990015930088,0.32154649122509943,1.6780402543191184,0.5690461546182632,0.615963488817215,0.002388769492643323,0.00024022947372737916,0.00018138439792607012,0.1264723841581424
1782125032.863897,13.00832200050354,dog_in_grass,nonsocial_movie,non_social,360,1,0.45029346870541803,0.45219580492918476,0.4512446368173014,1,0,0.5711734294891357,0.5916672706604004,0.021645990231379,0.3221095092613013,1.6792245671628128,0.5689557492733002,0.6156672239303589,0.00030975152878030755,0.0020790179638630153,0.0003405214251718424,0.12610167594473443
1782125032.897832,13.042256832122803,dog_in_grass,nonsocial_movie,non_social,361,1,0.44396347959071153,0.453738683912962,0.44885108175183674,1,0,0.5718531757593155,0.5924745917320251,0.017876104209561313,0.3234072945769835,2.0700069729550346,0.569922462105751,0.6167026460170746,0.0014165565989694405,0.001106805070189133,0.0002961187916724098,0.12735867039304602
1782125032.9312131,13.075638055801392,dog_in_grass,nonsocial_movie,non_social,362,1,0.4512459604464558,0.4589535519003526,0.4550997561734042,1,0,0.5723717480897903,0.5919088304042817,0.01907848520154716,0.32341675456291946,1.7608583236874613,0.5706645548343658,0.6164223253726959,0.0007932725140377915,0.0006232840849316489,0.0003446957900228798,0.12513695564590901
1782125032.967044,13.111469030380249,dog_in_grass,nonsocial_movie,non_social,363,1,0.44891540951065306,0.45239541910293934,0.45065541430679623,1,0,0.5732937008142471,0.5925643384456635,0.014869861816568864,0.32359561263140724,2.9320304395545915,0.5712458491325378,0.6168860197067261,0.0007435828780297057,4.968963600808583e-05,0.0006010837018415795,0.1258207015526874
1782125033.001276,13.145700931549072,dog_in_grass,nonsocial_movie,non_social,364,1,0.46440350871790514,0.45716476319175986,0.4607841359548325,1,0,0.5742523044347763,0.5920785546302796,0.015724470244663672,0.32307347113166723,2.3347576420128795,0.5720388144254684,0.6166177988052368,0.0008370999986789077,9.351712064920199e-05,0.0006929778438307905,0.12430827308919357
1782125033.036603,13.181027889251709,dog_in_grass,nonsocial_movie,non_social,365,1,0.44496301846593794,0.46245733087216845,0.45371017466905317,1,0,0.5752477824687958,0.5916329264640808,0.01909592891125817,0.3212908414478766,2.4299530532023392,0.5723359435796738,0.6177261769771576,0.001147513793498454,0.0003104137948195463,0.0011587320540777546,0.12445145358148377
1782125033.0691772,13.213602066040039,dog_in_grass,nonsocial_movie,non_social,366,1,0.4461682746815527,0.45623115866225433,0.4511997166719035,1,0,0.5762806236743927,0.592148733139038,0.019143746613348476,0.3227827043716126,2.648729368324757,0.57319675385952,0.6166056096553802,0.0014130341328234528,0.00026552033932499886,0.0007116873394444806,0.12447755543606225
1782125033.10322,13.247644901275635,dog_in_grass,nonsocial_movie,non_social,367,1,0.45357048337070704,0.459810359788964,0.4566904215798355,1,0,0.5764729261398316,0.5912223815917969,0.02115056837594309,0.3230716153896739,2.167791100905562,0.5736048668622971,0.6159034669399261,0.0008121333732220345,0.0006009007596014184,0.001141171076955589,0.12323703653372324
1782125033.137246,13.281670808792114,dog_in_grass,nonsocial_movie,non_social,368,1,0.4608136179338886,0.4692935330662072,0.4650535755000479,1,0,0.5765899062156677,0.5912011623382568,0.02314563925495162,0.32452004767111475,2.5504121499700734,0.5737823396921158,0.614972710609436,0.0009475251722626083,0.00013539179904057384,0.0008448295197454383,0.12265869974715711
1782125033.173808,13.318233013153076,dog_in_grass,nonsocial_movie,non_social,369,1,0.46013919062829284,0.46379691942887286,0.46196805502858285,1,0,0.5765782475471497,0.5909860074520111,0.01854242412310273,0.3237984308966628,2.4056040756327444,0.5745631605386734,0.6146688759326935,0.0008378524364171809,0.00010967273584542745,0.0007606628367380483,0.12262757147737509
1782125033.2092202,13.353645086288452,dog_in_grass,nonsocial_movie,non_social,370,1,0.47879021930941124,0.48149378684711847,0.4801420030782648,1,0,0.5765082180500031,0.590004825592041,0.01751348125535225,0.32767584959381174,2.3271604048472847,0.57498499751091,0.61404088139534,0.0007565207003721883,8.133173604499256e-05,0.0008014443197463249,0.12131775473684517
1782125033.243155,13.387579917907715,dog_in_grass,nonsocial_movie,non_social,371,1,0.47009243272309664,0.4878516130016065,0.4789720228623516,1,0,0.5768010169267654,0.5900555789470672,0.01580178790731217,0.32541844268340103,2.2789204436182944,0.5750442147254944,0.6142906844615936,0.00025672602207968816,0.0004997946782925001,0.0010698480810766933,0.12181518428613317
1782125033.2768252,13.421250104904175,dog_in_grass,nonsocial_movie,non_social,372,1,0.4783202836095129,0.4844329125272638,0.48137659806838834,1,0,0.5768031597137451,0.5901138484477997,0.01806510616706964,0.32418670771111036,2.234561686785926,0.5743842422962189,0.6143609881401062,0.0006637064220091748,0.00040698039992948665,0.0007424527482351784,0.12207667420510819
1782125033.311645,13.456069946289062,dog_in_grass,nonsocial_movie,non_social,373,1,0.4795699850760085,0.49051332135433495,0.48504165321517173,1,0,0.5762543499469757,0.5889319479465485,0.021291996274347393,0.3247725392409961,1.626485407195144,0.5741833299398422,0.6131887435913086,0.0011893372344001188,0.000525630812390944,0.0010738219773919605,0.12059707063284925
1782125033.344585,13.489009857177734,dog_in_grass,nonsocial_movie,non_social,374,1,0.4804100246499603,0.47458077335216503,0.47749539900106264,1,0,0.576010811328888,0.5889618873596192,0.017720926516581522,0.32246720033346066,1.9645834647847615,0.5741328597068787,0.6138984262943268,0.0007114750757254948,0.000477862158674624,0.0008501304334766959,0.12197511946851093
1782125033.381732,13.526156902313232,dog_in_grass,nonsocial_movie,non_social,375,1,0.47266448766938457,0.47095693027688346,0.47181070897313404,1,0,0.5759644478559494,0.5886311471462249,0.016585831045470224,0.3217828678243078,1.9756824395552124,0.5742079317569733,0.6140779852867126,0.0001946207708648634,0.0005168543048606314,0.001015202606303495,0.12154741208829149
1782125033.415075,13.559499979019165,dog_in_grass,nonsocial_movie,non_social,376,1,0.4625989717796083,0.47942576609560666,0.47101236893760745,1,0,0.5752638339996338,0.5876999735832215,0.021687803490694747,0.32222179658806993,1.627097786451854,0.5731852054595947,0.6126433908939362,0.0017618258004511575,0.001567205029586294,0.001921873845034928,0.12131076436177338
1782125033.449048,13.593472957611084,dog_in_grass,nonsocial_movie,non_social,377,1,0.46785157330013744,0.490201219062942,0.47902639618153975,1,0,0.5749536782503128,0.5877358078956605,0.02141120386226948,0.3213903278723594,2.1034030981505154,0.5727480202913284,0.6123917400836945,0.0005044392943133332,0.0012573865061378242,0.0011282735609723347,0.12092074599009882
1782125033.48365,13.628074884414673,dog_in_grass,nonsocial_movie,non_social,378,1,0.47139911838217585,0.473616722996545,0.47250792068936043,1,0,0.5748582124710083,0.5870625615119934,0.021560453259847217,0.3181188389669642,1.8995399300730402,0.5722828507423401,0.613453209400177,0.0011589218347843554,0.0006544825404710222,0.000740807288048563,0.12186884517278722
1782125033.517874,13.662298917770386,dog_in_grass,nonsocial_movie,non_social,379,1,0.4540696052393974,0.4833434518486735,0.46870652854403544,1,0,0.5750934064388276,0.5871412694454192,0.022279772547854695,0.3160934659839697,2.1911538446055574,0.5721581429243088,0.6131730675697327,0.0003066455364795543,0.0008522762983048011,0.002256014055862274,0.1234195666559081
1782125033.551664,13.696089029312134,dog_in_grass,nonsocial_movie,non_social,380,1,0.4683471998735846,0.4962613891513893,0.4823042945124869,1,0,0.5749941378831863,0.5855224311351777,0.02055350657096202,0.32077215287559363,1.734241155145139,0.5725335329771042,0.6097713708877563,0.003422346856749975,0.0031157013202704207,0.001392035360626129,0.12175088813304796
1782125033.5897868,13.734211683273315,dog_in_grass,nonsocial_movie,non_social,381,1,0.44768527428252475,0.4919983493839894,0.4698418118332571,1,0,0.5749206244945526,0.58494793176651,0.025835940416486774,0.3190349416174117,1.9626778347225222,0.5718713104724884,0.6107894480228424,0.0012145038899092255,0.0022078429668407496,0.0012648257988134657,0.12160910019058581
1782125033.622613,13.767037868499756,dog_in_grass,nonsocial_movie,non_social,382,1,0.4409022057516202,0.4843911521062647,0.46264667892894246,1,0,0.5745833784341812,0.5855083048343659,0.02562711415171165,0.3186146560754936,2.091681429503384,0.5716551691293716,0.6116314828395844,0.0008693329125311864,0.0003451709773780392,0.0014210544470347225,0.12397047080617563
1782125033.655367,13.799791812896729,dog_in_grass,nonsocial_movie,non_social,383,1,0.46245168553232835,0.43323369829076935,0.44784269191154885,1,0,0.5719989508390426,0.5907292008399964,0.021504309610559737,0.3162340075069627,2.364524130706678,0.5720067918300629,0.6136687099933624,0.0020673492689267845,0.001198016356395598,0.0026412933172859057,0.12994324964064707
1782125033.690631,13.835055828094482,dog_in_grass,nonsocial_movie,non_social,384,1,0.45724713803309336,0.445809413218613,0.4515282756258532,1,0,0.57109794318676,0.5920763552188874,0.0229792890151923,0.31591633640518046,2.220408384249699,0.5719336271286011,0.6147231757640839,0.0010570010100104655,0.001010348258916319,0.0013172107207463611,0.13353217837350775
1782125033.725555,13.869979858398438,dog_in_grass,nonsocial_movie,non_social,385,1,0.4600152738943053,0.4466211460359484,0.45331820996512684,1,0,0.5707339107990265,0.5927629470825195,0.020362769232919055,0.3157402634534909,2.298314117231382,0.5720240920782089,0.6151750385761261,0.0004608295867392501,0.0005961714232712153,0.0028581514207184524,0.1327530546339128
1782125033.7579808,13.902405738830566,dog_in_grass,nonsocial_movie,non_social,386,1,0.4545919498436135,0.4463677708238444,0.45047986033372894,1,0,0.5703797817230225,0.5920779764652252,0.017132156338237912,0.3161167181058289,2.0344581752325643,0.5724861025810242,0.6150755882263184,0.0004725929292620433,1.1763342522793198e-05,0.001603971588455053,0.13285333701017507
1782125033.797469,13.941893815994263,dog_in_grass,nonsocial_movie,non_social,387,1,0.4617763789699778,0.4436238335111105,0.45270010624054413,1,0,0.5703332155942917,0.5918084144592285,0.018252967515795124,0.3159775902669548,2.4613185828978996,0.5721768885850906,0.6151649057865143,0.0003218554362451178,0.00015073749301692553,0.001474161233828173,0.13274445688238795
1782125033.8272681,13.97169303894043,dog_in_grass,nonsocial_movie,non_social,388,1,0.44921888772559826,0.4397791245653443,0.4444990061454713,1,0,0.5700788497924805,0.5918481290340424,0.01963173865434935,0.31505736792590444,2.0164421315726324,0.5720975250005722,0.6144724488258362,0.0006969901153812491,0.00037513467913613134,0.0013291282157891922,0.1338775063412013
1782125033.862933,14.007357835769653,dog_in_grass,nonsocial_movie,non_social,389,1,0.439997815890575,0.4257911583925983,0.4328944871415866,1,0,0.5700234293937683,0.5917729616165162,0.01793810620685898,0.32042816533816126,1.9780538687021387,0.5721014887094498,0.6128024756908417,0.0016699778389521961,0.000972987723570947,0.0014355601541664554,0.1361074623974444
1782125033.89664,14.041064977645874,dog_in_grass,nonsocial_movie,non_social,390,1,0.43757298556095553,0.427510628781756,0.43254180717135576,1,0,0.5694971710443497,0.5915928721427917,0.01879470327337345,0.31975431564677,2.0488862984152925,0.5720984935760498,0.6142702400684357,0.0014677674335391042,0.00020221040541309196,0.001412074431544365,0.13644933001229115
1782125033.930496,14.074920892715454,dog_in_grass,nonsocial_movie,non_social,391,1,0.3956914834468506,0.41036545648591205,0.4030284699663813,1,0,0.5697732627391816,0.5913485884666443,0.021503952809471327,0.3206014916932388,2.192912188959097,0.5716025829315186,0.6140454709529877,0.0005444708648024018,0.0009232965687367024,0.0016792938185070207,0.13829171607411084
1782125033.966688,14.111112833023071,dog_in_grass,nonsocial_movie,non_social,392,1,0.23294773297500596,0.2076421709064857,0.22029495194074583,1,0,0.5695608079433441,0.5954972028732299,0.01830926244920899,0.3164403294780259,3.0894178871112348,0.5714375972747803,0.6167839467525482,0.0027434412644903004,0.002198970399687899,0.0028074053380238886,0.1592636014427137
1782125033.9997802,14.144205093383789,dog_in_grass,nonsocial_movie,non_social,393,1,0.2292795669018684,0.1440474373206756,0.186663502111272,1,0,0.5684787541627884,0.5954651415348053,0.017363431989212287,0.31395410849082844,2.3171378222380365,0.5719247609376907,0.6159046590328217,0.0010052240190734976,0.0017382172454168028,0.0015787335000306236,0.16239692265618774
1782125034.03598,14.180404901504517,dog_in_grass,nonsocial_movie,non_social,394,1,0.26738161664106386,0.1378321308028487,0.2026068737219563,1,0,0.5688705950975418,0.5950450718402862,0.020702939854299822,0.3142194940188711,2.2841453203707576,0.5714327692985535,0.6158377230167389,0.0004965241214986517,0.000508699897574846,0.00155952440079503,0.1606509271244244
1782125034.0687768,14.213201761245728,dog_in_grass,nonsocial_movie,non_social,395,1,0.26530074040463225,0.22576606869679008,0.24553340455071115,1,0,0.56881785094738,0.5931843161582947,0.02146299311453345,0.3156220659353647,2.0955428446599407,0.5718525350093842,0.6140456795692444,0.0018405496379335143,0.0013440255164348627,0.0014272168240592898,0.1541687051820327
1782125034.102884,14.24730896949768,dog_in_grass,nonsocial_movie,non_social,396,1,0.3440299773787454,0.23390401816346254,0.28896699777110396,1,0,0.5696726858615875,0.5905030369758606,0.016610492422307915,0.3116274368001945,1.378882837604835,0.572382315993309,0.6129873991012573,0.001183480223684076,0.0006570694142494383,0.0011636369335220594,0.14730381324239233
1782125034.137635,14.282059907913208,dog_in_grass,nonsocial_movie,non_social,397,1,0.37110733062700363,0.3490369754116801,0.36007215301934187,1,0,0.5693935811519623,0.5887180685997009,0.019025714657687622,0.31250824626210555,2.1066169893671605,0.5720678567886353,0.6134827136993408,0.000586703624054491,0.0005967765996295851,0.0012319588122938082,0.14137153075410613
1782125034.174089,14.318513870239258,dog_in_grass,nonsocial_movie,non_social,398,1,0.34514227970915723,0.32990911544450413,0.3375256975768307,1,0,0.5700480967760087,0.5868886172771455,0.021399679369202593,0.31155164831154136,1.9858989210031646,0.5719038546085358,0.6114873588085175,0.002002083378735787,0.0014153797546812962,0.0011929363282722528,0.14109970777385825
1782125034.208352,14.352777004241943,dog_in_grass,nonsocial_movie,non_social,399,1,0.28728819079438206,0.35646967348174047,0.3218789321380613,1,0,0.574001032114029,0.5855388283729553,0.023314100156986116,0.31547059679962697,1.817393092425045,0.5724953711032867,0.6103322505950928,0.0012977545023168458,0.0007043288764189413,0.0012120806890191039,0.14020963455775748
1782125034.241225,14.385649919509888,dog_in_grass,nonsocial_movie,non_social,400,1,0.3213859156253329,0.3774420486517872,0.34941398213856006,1,0,0.5749464780092239,0.5850752830505371,0.024237984727305706,0.3166517910709332,1.3211048164304313,0.5730392932891846,0.6105426251888275,0.0005831884892561991,0.0007145660130606467,0.0011699135547025604,0.1375136603479703
1782125034.275266,14.41969084739685,dog_in_grass,nonsocial_movie,non_social,401,1,0.4034073192719038,0.4075032080737561,0.40545526367282997,1,0,0.5759798526763916,0.5851458251476288,0.01999364495086008,0.3123574074193353,0.3192122987481429,0.5742693543434143,0.6142235696315765,0.003881031072761166,0.003297842583504967,0.001186005458936324,0.13132453775766362
1782125034.309951,14.454375982284546,dog_in_grass,nonsocial_movie,non_social,402,1,0.4387509009558053,0.44321360717245245,0.4409822540641289,1,0,0.5771401941776275,0.58567915558815,0.02642856244966094,0.31582818226344617,0.6462283208607743,0.57424695789814,0.6133900284767151,0.0008338419859953606,0.0030471890867658055,0.0035259721292026794,0.12698661963127678
1782125034.344074,14.48849892616272,dog_in_grass,nonsocial_movie,non_social,403,1,0.45680904362263886,0.45519972005677484,0.4560043818397068,1,0,0.577626746892929,0.5864890456199646,0.020949604251585804,0.3196414242662186,0.6596709476554296,0.5759272575378418,0.611825704574585,0.0022957604731238344,0.0014619184871284738,0.001245015081926242,0.12640972573161996
1782125034.3813188,14.52574372291565,dog_in_grass,nonsocial_movie,non_social,404,1,0.44462619867612524,0.45215045213232574,0.44838832540422546,1,0,0.578137218952179,0.5867896914482117,0.02482238468896774,0.3187652249982287,0.8356405943316978,0.5759771019220352,0.6130663752555847,0.0012416715352008435,0.001054088937922991,0.001406751684899142,0.1259942232573138
1782125034.41431,14.558734893798828,dog_in_grass,nonsocial_movie,non_social,405,1,0.4327806378862791,0.4396417927771582,0.43621121533171864,1,0,0.5790312170982361,0.5865813314914703,0.028985867953955205,0.31579397746418797,0.5669570302400612,0.5761556327342987,0.6147370338439941,0.0016801706371537474,0.000438499101952904,0.0014592230003339882,0.12659359545705912
1782125034.447624,14.59204888343811,dog_in_grass,nonsocial_movie,non_social,406,1,0.4428974563451478,0.455987097193878,0.44944227676951287,1,0,0.5795602142810822,0.586444091796875,0.02860623243360927,0.3150941250548039,0.6934476220090153,0.5766914188861847,0.6150368750095367,0.0006139800689816727,0.0010661905681720748,0.0010603924081194313,0.12567867635849353
1782125034.481527,14.625952005386353,dog_in_grass,nonsocial_movie,non_social,407,1,0.44738872947958325,0.4500197956841774,0.44870426258188034,1,0,0.5800566852092743,0.5854254961013794,0.029963123106250367,0.31826007208297813,0.17108312453658928,0.5769829750061035,0.6129545271396637,0.00210265965439653,0.0014886795854148571,0.0016406037749834583,0.1266734794886099
1782125034.516899,14.66132402420044,dog_in_grass,nonsocial_movie,non_social,408,1,0.4305714219949484,0.4600699513634035,0.44532068667917596,1,0,0.5802557587623596,0.5851150631904602,0.02802724840825231,0.31654359729139364,0.08087166150825133,0.5776616334915161,0.61307492852211,0.0006892559994062428,0.001413403654990287,0.0009510381254615888,0.12762798045734322
1782125034.5507698,14.695194721221924,dog_in_grass,nonsocial_movie,non_social,409,1,0.43442900991518096,0.44623162709195785,0.4403303185035694,1,0,0.580544000864029,0.5848389685153961,0.02959721128024648,0.31981153394985445,0.6279316278641544,0.5780182778835297,0.611773282289505,0.0013496214792338827,0.0006603654798276399,0.0011126757166171036,0.1283661490529595
1782125034.585598,14.73002290725708,dog_in_grass,nonsocial_movie,non_social,410,1,0.45024017286085993,0.48079037590046186,0.46551527438066087,1,0,0.5810160100460053,0.5849831700325012,0.026410822589571503,0.31653581987253393,0.5430156455993026,0.5788566470146179,0.6143312454223633,0.0026918466132051073,0.0013422251339712246,0.002441274092014416,0.12563358501915703
1782125034.620766,14.765190839767456,dog_in_grass,nonsocial_movie,non_social,411,1,0.45867375746488853,0.4750735749465354,0.46687366620571197,1,0,0.5812059581279755,0.5854699552059173,0.0258776396974311,0.3162091230753965,0.19029305016184103,0.5794512182474136,0.6149944365024567,0.0008906948745690893,0.001801151738636018,0.004332891775191581,0.12418637759742146
1782125034.654239,14.798663854598999,dog_in_grass,nonsocial_movie,non_social,412,1,0.4543821240813753,0.47732514837492773,0.4658536362281515,1,0,0.5818412363529206,0.5864406883716583,0.02774700763033359,0.3144855295402187,0.06495974813415523,0.5795291364192963,0.6157591044902802,0.0007686275906520338,0.00012206728391705546,0.0014043571578189122,0.12374921950311137
1782125034.689611,14.834035873413086,dog_in_grass,nonsocial_movie,non_social,413,1,0.4653034792556089,0.48516378336936256,0.47523363131248575,1,0,0.5825169503688812,0.5878573596477509,0.026768499339925526,0.317876307944832,0.7523029056885927,0.5801276862621307,0.616504043340683,0.0009556127904107735,0.0001869851997587397,0.0009403504268705879,0.12281658272703601
1782125034.723937,14.868361949920654,dog_in_grass,nonsocial_movie,non_social,414,1,0.45387175891847675,0.4680648540150182,0.46096830646674747,1,0,0.5830712676048279,0.5880200386047363,0.03072012975363876,0.3197030833580883,0.031076936817475947,0.5804288685321808,0.6161597073078156,0.00045746919385176256,0.0004981435965590109,0.000886316705502582,0.12361679968167594
1782125034.758726,14.903150796890259,dog_in_grass,nonsocial_movie,non_social,415,1,0.44400194956965167,0.4695766670379671,0.45678930830380937,1,0,0.5837640106678009,0.5881988942623139,0.03129459670722665,0.31868160218871383,0.8302220428316811,0.5803522020578384,0.6157561540603638,0.0004107711915616345,4.669800229012807e-05,0.0010319749458974957,0.12350079738418175
1782125034.7926679,14.937092781066895,dog_in_grass,nonsocial_movie,non_social,416,1,0.44623267826851787,0.44383164900650024,0.4450321636375091,1,0,0.5840074181556701,0.5880772709846497,0.030058729600000077,0.3200999988215991,-0.05653349819543297,0.5805675536394119,0.6150932013988495,0.0006970527491482064,0.00028628155758657196,0.001834231300521933,0.12498053292610617
1782125034.82691,14.97133493423462,dog_in_grass,nonsocial_movie,non_social,417,1,0.4312587946710101,0.4392913875392807,0.4352750911051454,1,0,0.5839895546436309,0.5879531383514405,0.03374975187454128,0.31750503367196986,0.17264113171531015,0.5800907909870148,0.6155208945274353,0.0006404873448869181,5.6565404261288356e-05,0.003140443778926832,0.12682045293425925
1782125034.8584971,15.002922058105469,dog_in_grass,nonsocial_movie,non_social,418,1,0.4499729258207082,0.46888894495278616,0.4594309353867472,1,0,0.5839368402957916,0.5865712881088256,0.03594193481532603,0.3171017914487576,-0.042528980689884935,0.5799513459205627,0.6148895025253296,0.0006466071348824343,6.119789995516229e-06,0.002833924614102546,0.12667022296681194
1782125034.895832,15.040256977081299,dog_in_grass,nonsocial_movie,non_social,419,1,0.44602314671493964,0.44940509738412054,0.4477141220495301,1,0,0.5838313758373261,0.5864364981651307,0.03520421873497633,0.31628114148822967,-0.15819666002943072,0.5798544883728027,0.613689124584198,0.0012042792807789237,0.0005576721458964894,0.0011697619147533359,0.12749595514782094
1782125034.928687,15.07311201095581,dog_in_grass,nonsocial_movie,non_social,420,1,0.44030321252732046,0.4556415765575508,0.44797239454243565,1,0,0.5833667337894439,0.5861830115318298,0.03182886795242623,0.3188485478525892,-0.16465963716625096,0.5804681181907654,0.6131458878517151,0.0008195411527260724,0.00038473812805285134,0.0019255110184893949,0.12669469500871947
1782125034.965399,15.109823942184448,dog_in_grass,nonsocial_movie,non_social,421,1,0.4610544463756449,0.4567707028195395,0.4589125745975922,1,0,0.5829667389392853,0.5862414479255676,0.03008724773935901,0.31707351446004456,-0.48935797776370443,0.5798819363117218,0.6138609945774078,0.0009246549758964507,0.00010511382317037832,0.003262120144284071,0.12633087768479742
1782125034.999902,15.14432692527771,dog_in_grass,nonsocial_movie,non_social,422,1,0.45299228632976857,0.43776072411542516,0.44537650522259686,1,0,0.5823548138141632,0.5861120820045471,0.029559904648266626,0.317879319191958,-0.7317881557344866,0.5790859758853912,0.6129088997840881,0.0012409824719756615,0.00031632749607921084,0.004638033513429139,0.12903703551949514
1782125035.033914,15.178339004516602,dog_in_grass,nonsocial_movie,non_social,423,1,0.4412986448974835,0.44665149745254934,0.44397507117501644,1,0,0.5822388350963592,0.5848988056182861,0.03594659935055496,0.3128303434768247,-0.4522661146832053,0.5780867636203766,0.6145829260349274,0.0019495612427042563,0.0007085787707285947,0.0011491137396435586,0.1291994638317302
1782125035.067462,15.211886882781982,dog_in_grass,nonsocial_movie,non_social,424,1,0.44261556667029894,0.44506593663986044,0.4438407516550797,1,0,0.5815522074699402,0.5844241559505463,0.03285507264993609,0.31568262203438063,-0.4237890945795507,0.5780624151229858,0.61210036277771,0.002482682657008561,0.000533121414304305,0.004929191511143093,0.12904676556888559
1782125035.1030898,15.247514724731445,dog_in_grass,nonsocial_movie,non_social,425,1,0.44611322823063293,0.4208240001878696,0.43346861420925126,1,0,0.581247478723526,0.5838479161262512,0.029695983153904086,0.3165225750640439,-0.5294346939876463,0.5783902108669281,0.6115874648094177,0.0006086989203415462,0.001873983736667015,0.0034711315686292623,0.12915317565638745
1782125035.135388,15.279812812805176,dog_in_grass,nonsocial_movie,non_social,426,1,0.4441994927561461,0.4576317481455233,0.4509156204508347,1,0,0.5810532927513123,0.5854001641273499,0.0312969385056507,0.31639934568698586,-0.1073731293070665,0.5783225446939468,0.611331433057785,0.0002648225232302452,0.000343876397111301,0.0014740358158182258,0.12944882415489134
1782125035.173213,15.317637920379639,dog_in_grass,nonsocial_movie,non_social,427,1,0.4432044644868162,0.46004220077018443,0.4516233326285003,1,0,0.5812032222747803,0.5858020484447479,0.032643906474255344,0.3180377240505695,0.42700425434346095,0.5782778561115265,0.6121176481246948,0.0007874840956074643,0.0005226615723772191,0.0011533818073831957,0.1277998094870586
1782125035.205345,15.349769830703735,dog_in_grass,nonsocial_movie,non_social,428,1,0.44506037554468675,0.44830530750873976,0.4466828415267132,1,0,0.5815049350261688,0.5858247876167297,0.0332785228604406,0.3162631223355554,0.39322800545238024,0.578782930970192,0.6135301887989044,0.0015001239179322611,0.0007126398223247968,0.0010960341150955324,0.12835343905776483
1782125035.239865,15.384289979934692,dog_in_grass,nonsocial_movie,non_social,429,1,0.43639092136789026,0.44595901265198173,0.44117496700993597,1,0,0.5817144751548767,0.5859878540039063,0.03622699850213779,0.3144077604596467,0.19037122000772955,0.5787126123905182,0.6136727631092072,0.00015897212524727824,0.0013411517926849828,0.0007616149052992726,0.12917243337433354
1782125035.274622,15.419046878814697,dog_in_grass,nonsocial_movie,non_social,430,1,0.4339363364265673,0.4538261891493663,0.4438812627879668,1,0,0.5821307837963103,0.585368525981903,0.03563511813221669,0.31399419694726527,0.0007912138676545394,0.5789087563753128,0.6137010455131531,0.00019817254387041405,3.920041862313581e-05,0.0011696924593099008,0.12897172613547903
1782125035.3085911,15.45301604270935,dog_in_grass,nonsocial_movie,non_social,431,1,0.42473628924332774,0.4592085158374824,0.44197240254040504,1,0,0.5825558722019195,0.5841490149497985,0.03624713344826607,0.3117858194549975,-0.4689573574202017,0.5788998752832413,0.6135448813438416,0.0001564165003225082,4.175604354790584e-05,0.001484088696088238,0.12922863790996655
1782125035.341711,15.486135959625244,dog_in_grass,nonsocial_movie,non_social,432,1,0.4335495077565248,0.4622579097243975,0.44790370874046115,1,0,0.5830727517604828,0.5833824455738068,0.03287149278759096,0.31333223436836133,-0.5191565880433644,0.5793755948543549,0.612584799528122,0.0010714785127177993,0.0009150620123952911,0.004978556897459719,0.12755706545336112
1782125035.378499,15.522923946380615,dog_in_grass,nonsocial_movie,non_social,433,1,0.43135115608688723,0.4579946050650053,0.4446728805759462,1,0,0.5836081027984619,0.5825197875499726,0.03365440374141276,0.31272228078360315,-0.3569352767851587,0.5796850621700287,0.6115305125713348,0.0010987679494423694,2.728943672457014e-05,0.004357417037946248,0.12689523079013285
1782125035.413045,15.557469844818115,dog_in_grass,nonsocial_movie,non_social,434,1,0.4317505320074373,0.46905746716061136,0.45040399958402433,1,0,0.5838633716106415,0.5820598423480987,0.0336735693559057,0.3112496212306207,-0.04764387854196172,0.5799247324466705,0.61265629529953,0.0011510119863008311,5.2244036858461714e-05,0.001162510762669369,0.12577136505174805
1782125035.4475698,15.591994762420654,dog_in_grass,nonsocial_movie,non_social,435,1,0.4366314830142763,0.4695099075461208,0.45307069528019855,1,0,0.583705484867096,0.5820991218090057,0.034356033604061226,0.3120186719254363,-0.24480633598213475,0.5798593759536743,0.6129239499568939,0.00027551857793141034,0.0008754934083694207,0.0014958737493133945,0.12619113366108106
1782125035.4803278,15.624752759933472,dog_in_grass,nonsocial_movie,non_social,436,1,0.4388760004771032,0.4686140952634089,0.45374504787025605,1,0,0.5838380038738251,0.5828561604022979,0.037117075999988,0.31050608991432743,-0.43299435277020204,0.579727053642273,0.6124441027641296,0.0004977574936636943,0.00022223891573228393,0.0008716921223465881,0.12634620790462125
1782125035.515151,15.659575939178467,dog_in_grass,nonsocial_movie,non_social,437,1,0.4291835341423106,0.47001675245693697,0.4496001432996238,1,0,0.5846116065979003,0.5828654348850251,0.03518044432515067,0.3133040100255226,0.10531111640179408,0.5806708633899689,0.6114158630371094,0.001395726970459677,0.0008979694767959827,0.0008669724536108641,0.1262847165682181
1782125035.550565,15.694989919662476,dog_in_grass,nonsocial_movie,non_social,438,1,0.4326714949366802,0.4432758469919392,0.4379736709643097,1,0,0.5844306111335755,0.583178961277008,0.03441487618906874,0.31202140587918703,-0.03688930809906054,0.5803138911724091,0.6125326454639435,0.0011724470789741632,0.00022327989148551372,0.0009835557231158267,0.12786195863580407
1782125035.5853078,15.729732751846313,dog_in_grass,nonsocial_movie,non_social,439,1,0.4308987178288766,0.4752252858584674,0.453062001843672,1,0,0.584553724527359,0.5823586642742158,0.0377115850009758,0.31501379828273357,0.2521321861611647,0.5802381336688995,0.6118087768554688,0.0007278220673166892,0.00044462501165747406,0.0009690202450668465,0.12550852261392575
1782125035.618484,15.762908935546875,dog_in_grass,nonsocial_movie,non_social,440,1,0.4251425262411754,0.4588739706066488,0.44200824842391206,1,0,0.5846302866935731,0.5820429384708404,0.03942283882512246,0.3140869781846064,-0.2688707057365455,0.5800247490406036,0.6117904782295227,0.0002141677830685372,0.0005136542842481519,0.0012418106230021391,0.12674792614489483
1782125035.653047,15.79747200012207,dog_in_grass,nonsocial_movie,non_social,441,1,0.41951594775282214,0.4535690595467944,0.4365425036498083,1,0,0.5845341920852661,0.5820778906345367,0.038087257445453965,0.3113427095653696,-0.3149844055783537,0.5796494036912918,0.6128489673137665,0.0011230686856614081,0.0009089009025928709,0.0028192238654456392,0.12632940776552207
1782125035.6873379,15.831762790679932,dog_in_grass,nonsocial_movie,non_social,442,1,0.43503050223033346,0.4527197725960173,0.4438751374131754,1,0,0.5837995946407318,0.5820199251174927,0.036223639514066035,0.3126740702073096,0.05540177415982893,0.5798047482967377,0.6125982701778412,0.0002949254149819498,0.0008281432706794584,0.0034834213220539516,0.12582141671318425
1782125035.721602,15.866026878356934,dog_in_grass,nonsocial_movie,non_social,443,1,0.43382293879059525,0.44608059364675834,0.4399517662186768,1,0,0.5826505482196808,0.5828268289566041,0.03860721826848019,0.310301875001569,-0.25692608205337336,0.5791926085948944,0.6123541593551636,0.0006590182913403072,0.00036409287635835735,0.0012604259230664207,0.1276359430422119
1782125035.756619,15.901043891906738,dog_in_grass,nonsocial_movie,non_social,444,1,0.42950336253205496,0.44991482823049517,0.43970909538127506,1,0,0.582234901189804,0.5815533399581909,0.037554222620593325,0.3126434944813741,0.24436380918418665,0.5788837969303131,0.6113337874412537,0.0010660785556785436,0.0004070602643382364,0.0007800528141343637,0.128304144492972
1782125035.791532,15.935956954956055,dog_in_grass,nonsocial_movie,non_social,445,1,0.427121616821447,0.44293740540368975,0.4350295111125684,1,0,0.581853598356247,0.5823283791542053,0.03736388495515247,0.3124896579774883,-0.18009119509951538,0.5786502361297607,0.6109753251075745,0.0004278386287157819,0.0006382399269627616,0.0009821060312195922,0.1286592777038324
1782125035.825921,15.970345973968506,dog_in_grass,nonsocial_movie,non_social,446,1,0.44864468095833526,0.4303968931076721,0.4395207870330037,1,0,0.5817318618297577,0.5819271028041839,0.034152056961414795,0.31208038745531724,-0.02870100481807699,0.5784537196159363,0.6104947626590729,0.0005191907232564548,9.135209454067293e-05,0.0011335694631090182,0.1278735361560828
1782125035.861143,16.005568027496338,dog_in_grass,nonsocial_movie,non_social,447,1,0.42820744480608824,0.4637790607015922,0.4459932527538402,1,0,0.581378948688507,0.5818416178226471,0.03745919256910426,0.3094126529349259,0.25973835585485133,0.5780635327100754,0.6118032038211823,0.0013653805682693142,0.0008461898450128594,0.0011440102034137678,0.12686381585647993
1782125035.894919,16.03934383392334,dog_in_grass,nonsocial_movie,non_social,448,1,0.42460505552625105,0.4739771148841501,0.44929108520520056,1,0,0.5814874291419982,0.581778609752655,0.042095002062081395,0.3099079162022763,0.08356239076148435,0.5774483978748322,0.6122910678386688,0.0007851128358954834,0.0005802677323738308,0.0013599465684727603,0.126558005318936
1782125035.927685,16.072109937667847,dog_in_grass,nonsocial_movie,non_social,449,1,0.4223704991293054,0.4628158379897536,0.4425931685595295,1,0,0.5811000645160675,0.5814521253108978,0.03985386313467796,0.3102562874766133,0.0812717473422933,0.5777872800827026,0.6121495366096497,0.00036724956037938135,0.00041786327551610205,0.0009157573099680161,0.1269211436641658
1782125035.964694,16.109118938446045,dog_in_grass,nonsocial_movie,non_social,450,1,0.4249463880902703,0.47313454427453816,0.44904046618240423,1,0,0.580938196182251,0.5813617169857026,0.03907077627458142,0.3110873855176288,-0.02639224833525482,0.5774727463722229,0.611684113740921,0.0005617382858269012,0.00019448872544751986,0.0012176505105379503,0.1280625973852231
1782125035.998373,16.14279794692993,dog_in_grass,nonsocial_movie,non_social,451,1,0.4249666125111375,0.485604667384073,0.45528563994760524,1,0,0.5805614650249481,0.580868935585022,0.039843036479835496,0.3090739591349175,-0.6393399737054533,0.5771330893039703,0.611871063709259,0.00038770764072366504,0.00017403064510323617,0.0013693034893494129,0.1274001138362965
1782125036.0330188,16.177443742752075,dog_in_grass,nonsocial_movie,non_social,452,1,0.4407881604962705,0.4637707514305027,0.4522794559633866,1,0,0.5803074777126311,0.580224621295929,0.040953260218828225,0.311864926959085,-0.5520885804572069,0.5773420929908752,0.6106515824794769,0.0012372619007028052,0.0008495542599791402,0.0012956229417213215,0.12737787340304188
1782125036.065384,16.209808826446533,dog_in_grass,nonsocial_movie,non_social,453,1,0.461610486888525,0.47167629163945773,0.4666433892639914,1,0,0.5804130017757416,0.5795156955718994,0.043707835591149914,0.3101685833366917,-0.7337096798224333,0.5769728720188141,0.6103754341602325,0.0004610661779303319,0.0007761957227724733,0.0012766995399240884,0.12601405204905025
1782125036.100227,16.244652032852173,dog_in_grass,nonsocial_movie,non_social,454,1,0.4524144670709479,0.471862585909564,0.46213852649025594,1,0,0.5805674731731414,0.5790937960147857,0.0431449483788548,0.30963193618718515,-0.5149705012911784,0.577269047498703,0.6105510592460632,0.0003443313602628526,0.00011673481766747931,0.0008954645376364979,0.1268188369768316
1782125036.1348522,16.279277086257935,dog_in_grass,nonsocial_movie,non_social,455,1,0.43926893307083376,0.4739911891683028,0.4566300611195683,1,0,0.5807005345821381,0.5789426684379577,0.042854452938895074,0.3106452164895416,-0.4231992120401357,0.5775757730007172,0.6097472608089447,0.0008603327618427828,0.0005160014015799302,0.0006902436323228765,0.12696639515995378
1782125036.17298,16.317404985427856,dog_in_grass,nonsocial_movie,non_social,456,1,0.43862061487619686,0.4561613146257512,0.44739096475097406,1,0,0.5811015605926513,0.5796466946601868,0.040253684331846076,0.31078137715253834,-0.39094935739806147,0.5782735049724579,0.6101621389389038,0.0008117596732454513,4.857308859733151e-05,0.000991834218209996,0.1272646434375383
1782125036.205228,16.349653005599976,dog_in_grass,nonsocial_movie,non_social,457,1,0.4277589034617484,0.4731952122479473,0.4504770578548478,1,0,0.5815929532051086,0.5796159327030181,0.040655487588605474,0.31408131066715633,-0.2890208012718683,0.5787325203418732,0.6092051267623901,0.0010613988012782398,0.00024963912803278854,0.001384361909172511,0.1250858050435683
1782125036.238166,16.382591009140015,dog_in_grass,nonsocial_movie,non_social,458,1,0.42653058819639955,0.4665959930745821,0.44656329063549083,1,0,0.5822902381420136,0.580681037902832,0.03773690533610771,0.31148916892249257,0.3293982620164769,0.5789976119995117,0.6106017827987671,0.001421591246068199,0.00036019244478995927,0.001244207623047746,0.12534618246296295
1782125036.274001,16.418425798416138,dog_in_grass,nonsocial_movie,non_social,459,1,0.4295871971004278,0.4734072393645269,0.45149721823247735,1,0,0.5825698494911193,0.5808224141597749,0.0379855422343668,0.31146961814570234,0.39742595701783273,0.5795793235301971,0.6124594211578369,0.0019465889596984797,0.0005249977136302807,0.0010987455566066593,0.1247824458928071
1782125036.308141,16.452565908432007,dog_in_grass,nonsocial_movie,non_social,460,1,0.42805382444963486,0.4636231550003385,0.4458384897249867,1,0,0.5833106994628906,0.5811201453208923,0.04010184599372232,0.31192711087196345,-0.014251041343077614,0.5796810537576675,0.6123329102993011,0.00016233926360753167,0.001784249696090948,0.001153007187657004,0.1270238096537389
1782125036.341791,16.486215829849243,dog_in_grass,nonsocial_movie,non_social,461,1,0.43440178498658305,0.46811357051490615,0.4512576777507446,1,0,0.583522379398346,0.580940705537796,0.0378286406384837,0.3121345510118093,0.06760170904013423,0.5800796002149582,0.6119771599769592,0.000534226141690302,0.0003718868780827703,0.0013728142124613276,0.1254318224271291
1782125036.377277,16.52170181274414,dog_in_grass,nonsocial_movie,non_social,462,1,0.43405131396913493,0.46395910232992654,0.4490052081495307,1,0,0.5835560619831086,0.5812959134578705,0.03904927543177121,0.3118462820123557,-0.17583293145971743,0.5803523659706116,0.6118181049823761,0.00031575251188074437,0.00021847362980955765,0.0014714109582297415,0.12650025993791048
1782125036.4120152,16.556440114974976,dog_in_grass,nonsocial_movie,non_social,463,1,0.44718802009164266,0.45454191556776175,0.4508649678297022,1,0,0.5836857378482818,0.5811855852603913,0.041007458681943186,0.3098402959025315,-0.24735342490192022,0.5802091211080551,0.6121727824211121,0.00038251166805356465,6.675915617282028e-05,0.000985821312936816,0.12674633002817692
1782125036.445653,16.590077877044678,dog_in_grass,nonsocial_movie,non_social,464,1,0.4350695655732401,0.4627600233034662,0.44891479443835314,1,0,0.5840315103530884,0.5808240294456481,0.04464531469282356,0.3102094270786815,-0.33262161225732606,0.5799504965543747,0.6124166250228882,0.00035545164819894326,2.7060019854621394e-05,0.0008866363067818344,0.126130415957311
1782125036.4794712,16.62389612197876,dog_in_grass,nonsocial_movie,non_social,465,1,0.4372782759661041,0.4784034440499686,0.45784086000803637,1,0,0.5839195609092712,0.5808231770992278,0.044828953753731304,0.30921710585227274,-0.0528317235891307,0.5798725485801697,0.6132838129997253,0.0008706841412668486,0.0005152324930679053,0.0010154157260642775,0.12462284115013104
1782125036.512966,16.657390832901,dog_in_grass,nonsocial_movie,non_social,466,1,0.4398046954758732,0.4776095469731868,0.45870712122453,1,0,0.5839036345481873,0.5807046651840211,0.041823120982998827,0.3125978105748297,-0.062371174877758506,0.5798743814229965,0.6118127405643463,0.0014710735771690053,0.0006003894359021567,0.001315702007223763,0.12403886036257397
1782125036.5489972,16.693422079086304,dog_in_grass,nonsocial_movie,non_social,467,1,0.4471255403414052,0.4464623343010389,0.4467939373212221,1,0,0.5835701406002045,0.58128063082695,0.042288044601183,0.31415059279903035,-0.3237744242302421,0.5798454731702805,0.6116504073143005,0.00016488714669591562,0.0013061864304730897,0.0008466537109543968,0.1245550595775042
1782125036.583767,16.72819185256958,dog_in_grass,nonsocial_movie,non_social,468,1,0.43095257505345025,0.44882909473805216,0.4398908348957512,1,0,0.5833268702030181,0.5816676497459412,0.04198984211348245,0.31232253856179565,-0.5463967172759865,0.5798231065273285,0.6122335493564606,0.0005835708252230536,0.00041868367852713795,0.0011876565285126501,0.12509020853144548
1782125036.617664,16.762089014053345,dog_in_grass,nonsocial_movie,non_social,469,1,0.44079473172102596,0.44962727118684503,0.4452110014539355,1,0,0.5836313188076019,0.5818897008895874,0.039789330362387944,0.3111792313152126,-0.5730154234054985,0.5798393189907074,0.6129334270954132,0.0007000654922578798,0.00011649466703482622,0.0013526330193732287,0.12399304625223907
1782125036.650571,16.7949960231781,dog_in_grass,nonsocial_movie,non_social,470,1,0.44367286706208353,0.45727873311111444,0.450475800086599,1,0,0.5834074497222901,0.5820828914642333,0.03782791204827991,0.3108885331699539,-0.3419407047271668,0.5801199674606323,0.6134682893753052,0.0006040208788795601,9.60446133783197e-05,0.001960055969443468,0.12412190995727615
1782125036.686322,16.83074688911438,dog_in_grass,nonsocial_movie,non_social,471,1,0.4423344696856124,0.4697534786650062,0.4560439741753093,1,0,0.5832899510860443,0.5819846451282501,0.03419446256169531,0.3110397571250929,-0.583984265960234,0.5803085714578629,0.6136161684989929,0.00023966581523861266,0.00036435506364094746,0.002439142027806911,0.1251208130067397
1782125036.7201128,16.864537715911865,dog_in_grass,nonsocial_movie,non_social,472,1,0.45927324522237734,0.4652394880263857,0.4622563666243815,1,0,0.5830097138881682,0.5812808573246002,0.03689917710724917,0.3130782932273148,-0.6270135659271817,0.5798201709985733,0.6127496361732483,0.0009946925556143665,0.0007550267403757539,0.0014042485672110595,0.12432672405237102
1782125036.7568908,16.901315689086914,dog_in_grass,nonsocial_movie,non_social,473,1,0.4671830732351386,0.4603101091078458,0.4637465911714922,1,0,0.5827987790107727,0.5822438895702362,0.0376310654881742,0.31017928402067746,-0.72759312955253,0.5793666243553162,0.6131561398506165,0.0006090564812262167,0.0003856360743881498,0.00629508357237325,0.1265008655154081
1782125036.789015,16.93343997001648,dog_in_grass,nonsocial_movie,non_social,474,1,0.4385443754932329,0.44921382902885076,0.4438791022610418,1,0,0.5825691401958466,0.5819317042827606,0.03915274755959231,0.3086806945477521,-0.5897629503907024,0.5792273730039597,0.6129375696182251,0.0002591599609164679,0.00034989652030974883,0.0012759318994937999,0.12693810846647705
1782125036.82432,16.96874499320984,dog_in_grass,nonsocial_movie,non_social,475,1,0.4419528767305321,0.45940248435842473,0.45067768054447843,1,0,0.5822118163108826,0.5817206978797913,0.03929371670124829,0.3097470855379313,-0.7130928897514912,0.579148143529892,0.6128236949443817,0.0001387254515364051,0.00012043450938006278,0.0009346659767451961,0.12670090627738453
1782125036.85885,17.00327491760254,dog_in_grass,nonsocial_movie,non_social,476,1,0.4369677046060151,0.46433521468990213,0.4506514596479586,1,0,0.5821964383125304,0.5813592612743377,0.03974262831468732,0.30725669106220416,-1.1492296945925458,0.5787857174873352,0.61262646317482,0.00041261726484458035,0.0002738918133081752,0.0004961632277439298,0.12616949108936154
1782125036.89359,17.038014888763428,dog_in_grass,nonsocial_movie,non_social,477,1,0.4444428768784666,0.45537474659556254,0.4499088117370146,1,0,0.5817487597465516,0.5816926777362823,0.041870565369726775,0.30882127262386183,-0.7608580260484751,0.5784036368131638,0.6108192503452301,0.0018471610251977052,0.0014345437603531248,0.0009239851323528745,0.1277159729614625
1782125036.925081,17.0695059299469,dog_in_grass,nonsocial_movie,non_social,478,1,0.44492279938840174,0.477947987873988,0.4614353936311949,1,0,0.5815052270889283,0.5812206745147706,0.0433781768354909,0.3093499190850336,-0.6257071531189604,0.5780956149101257,0.6111289262771606,0.0004367798937316324,0.0014103811314660729,0.0012781878643267123,0.12726729353039362
1782125036.964902,17.10932683944702,dog_in_grass,nonsocial_movie,non_social,479,1,0.43238253775909563,0.4811651443338724,0.456773841046484,1,0,0.5812445938587188,0.5810943365097045,0.04125782897045567,0.307543000691809,-0.6908828209530105,0.5779697895050049,0.6110814809799194,0.00013447337581890619,0.00030230651791272623,0.0011504681773622895,0.1274422498536847
1782125036.9966562,17.14108109474182,dog_in_grass,nonsocial_movie,non_social,480,1,0.42368792680541423,0.4709668384268891,0.4473273826161517,1,0,0.5810394763946534,0.5806931495666504,0.044688757031495815,0.30626186788029053,-0.3265076052267819,0.5774000883102417,0.6113198399543762,0.0006175552218374403,0.00048308184601853415,0.0015730147763866767,0.12725619497747354
1782125037.02945,17.173874855041504,dog_in_grass,nonsocial_movie,non_social,481,1,0.4156706260616458,0.472116189599865,0.44389340783075537,1,0,0.5809231162071228,0.581232625246048,0.04740070792191432,0.3059477800666548,-0.7213704297314285,0.5772846043109894,0.6111918985843658,0.00017235297573132188,0.00044520224610611846,0.001439356774961302,0.12948327669276727
1782125037.0643651,17.208790063858032,dog_in_grass,nonsocial_movie,non_social,482,1,0.34937980748693637,0.30864503292520645,0.3290124202060714,1,0,0.5804444968700408,0.5846286594867707,0.045730926832470056,0.3036078600765078,0.12717579996963857,0.5773772597312927,0.6130588948726654,0.0018692940291553722,0.0016969410534240503,0.001328666925457938,0.1447140611790739
1782125037.097919,17.24234390258789,dog_in_grass,nonsocial_movie,non_social,483,1,0.2604810774442644,0.20906193321460742,0.23477150532943591,1,0,0.5793778002262115,0.5877533316612245,0.043799288520821,0.30099616190392786,0.39830977683178104,0.5774546265602112,0.6143151223659515,0.0012586076199931648,0.0006106864091622074,0.0017187046069670844,0.15598365962187094
1782125037.13328,17.27770495414734,dog_in_grass,nonsocial_movie,non_social,484,1,0.28571347029438326,0.21504861639209155,0.2503810433432374,1,0,0.5796440094709396,0.5869449198246002,0.048273512106037676,0.30138133724991273,-0.017271801972277474,0.5768052935600281,0.6153099536895752,0.0011879910385140077,7.061658147915705e-05,0.0015625464394970713,0.15275274817715043
1782125037.169354,17.3137788772583,dog_in_grass,nonsocial_movie,non_social,485,1,0.2994582048100424,0.27743696350348845,0.2884475841567654,1,0,0.5799824208021164,0.5843095541000366,0.04763158626248955,0.3035067828050138,0.004735268076690626,0.5766389220952988,0.6131258606910706,0.0021904204369009067,0.001002429398386899,0.001223025675968345,0.14433225740539352
1782125037.2031648,17.34758973121643,dog_in_grass,nonsocial_movie,non_social,486,1,0.329832164762933,0.37027325079452794,0.35005270777873043,1,0,0.578818929195404,0.5822737216949463,0.049131664233133886,0.305888105324717,-0.32227180069214456,0.5762704014778137,0.6112779974937439,0.0018842520642275724,0.00030616837267333436,0.0011584647764102936,0.13707265884463313
1782125037.236523,17.380947828292847,dog_in_grass,nonsocial_movie,non_social,487,1,0.36428493841157217,0.41691123924658546,0.3905980888290788,1,0,0.5786743879318237,0.5808925867080689,0.04982795122979186,0.306970153064869,-0.04165161971875376,0.5758225470781326,0.6111273467540741,0.0004725137126864875,0.001411738351541085,0.0010783730342122655,0.1328282119007171
1782125037.272404,17.416828870773315,dog_in_grass,nonsocial_movie,non_social,488,1,0.37785958552932,0.4326664870375522,0.4052630362834361,1,0,0.5789296090602876,0.5807449519634247,0.04753900390982335,0.3079189127710106,-0.25727221887203455,0.5754400342702866,0.6103139817714691,0.0008988206957420841,0.0004263069830555966,0.0015544789768228598,0.13130439504622368
1782125037.3072221,17.45164704322815,dog_in_grass,nonsocial_movie,non_social,489,1,0.36360951838271993,0.4288133168712555,0.39621141762698775,1,0,0.5787258982658385,0.5808748126029968,0.049770533623648305,0.3086965454110708,-0.033160450850592896,0.5750697404146194,0.6112204790115356,0.0009792113080398176,8.039061229773352e-05,0.001283135097922276,0.13090083652300816
1782125037.340338,17.4847629070282,dog_in_grass,nonsocial_movie,non_social,490,1,0.3992135937945191,0.44779352452341503,0.4235035591589671,1,0,0.578641301393509,0.58083416223526,0.04561854011645915,0.30737399967633106,-0.08309739987643189,0.5750254988670349,0.6118562817573547,0.0006373401337776959,0.00034187117426212176,0.0011051221201955742,0.12908150429751003
1782125037.3757162,17.520141124725342,dog_in_grass,nonsocial_movie,non_social,491,1,0.38939739999401835,0.4470694663044016,0.41823343314920997,1,0,0.5784897387027741,0.5805223405361175,0.045260852023557924,0.30958064313812955,-0.3482034479403657,0.5751175731420517,0.6106044352054596,0.0012552280516350892,0.0006178879178573933,0.0010045876754293452,0.1284898272661351
1782125037.408233,17.55265784263611,dog_in_grass,nonsocial_movie,non_social,492,1,0.41969787040541745,0.46867828089105096,0.4441880756482342,1,0,0.5785655081272125,0.5805968344211578,0.04522968716533897,0.30806146595724004,-0.676703288484525,0.5748458057641983,0.6120259165763855,0.0014472272784724226,0.0001919992268373334,0.0009618453234078263,0.12719653138128095
1782125037.443039,17.587463855743408,dog_in_grass,nonsocial_movie,non_social,493,1,0.43188196450598954,0.45745921563225445,0.444670590069122,1,0,0.5782264411449433,0.5807490289211273,0.04448569483543235,0.3069636514780333,-1.364269023795519,0.5748574733734131,0.6119255125522614,0.00010107967731008482,0.0013461476011623378,0.0010964510286320327,0.1270039205204469
1782125037.4778922,17.62231707572937,dog_in_grass,nonsocial_movie,non_social,494,1,0.4381221898326006,0.45946870194702627,0.44879544588981346,1,0,0.5782636761665344,0.5807955801486969,0.043232929841458545,0.3068420541748508,-1.3994617469737733,0.5748507380485535,0.611203670501709,0.0007218734726713624,0.0006207937953612776,0.0004171798375629741,0.12630881357636506
1782125037.512352,17.656776905059814,dog_in_grass,nonsocial_movie,non_social,495,1,0.45610626032431917,0.4558251916474376,0.45596572598587837,1,0,0.5781802594661712,0.5808106064796448,0.04306820609017508,0.30731837088878866,-1.374323159507705,0.5746983736753464,0.6108389794826508,0.00039523972675392665,0.00032663374591743573,0.000738292024739493,0.12557163300437982
1782125037.548411,17.692835807800293,dog_in_grass,nonsocial_movie,non_social,496,1,0.44031331357920395,0.4474610983176114,0.4438872059484077,1,0,0.5783858239650727,0.5804731547832489,0.04573172673889917,0.3081794304340831,-1.359043799687275,0.5745377540588379,0.6100257039070129,0.0008289848147803165,0.00043374508802638986,0.0006226428019403842,0.126172613766035
1782125037.5812201,17.725645065307617,dog_in_grass,nonsocial_movie,non_social,497,1,0.4445961076225705,0.44134806633095175,0.44297208697676116,1,0,0.5782717227935791,0.5805847764015197,0.0435443764723072,0.30774459639345025,-1.0856067702465373,0.5749510526657104,0.6099301278591156,0.0004242057512274818,0.00040477906355283473,0.000883699902390675,0.1270726632702076
1782125037.615676,17.760100841522217,dog_in_grass,nonsocial_movie,non_social,498,1,0.4505298009412638,0.4430480041150079,0.44678890252813586,1,0,0.5782409846782683,0.5802934765815735,0.04136293462622785,0.3088906846126073,-0.7928779753587745,0.5747805535793304,0.6110581159591675,0.0011408010748220157,0.0007165953235945339,0.0009772761811204223,0.12644714579778912
1782125037.6499782,17.794403076171875,dog_in_grass,nonsocial_movie,non_social,499,1,0.47177930765517656,0.462224299938789,0.46700180379698275,1,0,0.5783819735050202,0.5802346765995026,0.04249267047211951,0.30960565765262743,-1.0740612532474663,0.5746288299560547,0.6108680963516235,0.00024316148772179935,0.0008976395871002163,0.0010142577424959178,0.12449710459498314
1782125037.684672,17.829097032546997,dog_in_grass,nonsocial_movie,non_social,500,1,0.45501950981940836,0.47182017190033443,0.4634198408598714,1,0,0.5782183229923248,0.5804567754268646,0.042911240013153516,0.3100431797300356,-1.1087209268173839,0.5749277174472809,0.6105872690677643,0.0004101191238789713,0.00016695763615717194,0.000686961416566937,0.1261102477659277
1782125037.7194188,17.8638436794281,dog_in_grass,nonsocial_movie,non_social,501,1,0.4720750104740824,0.461346189619338,0.46671060004671017,1,0,0.5784445226192474,0.5803535580635071,0.04061164410993041,0.30951219973258337,-1.122273690962712,0.5746812373399734,0.6117516160011292,0.0011901496647625696,0.0007800305408835982,0.00044233411454561346,0.12525415066284618
1782125037.7567942,17.901219129562378,dog_in_grass,nonsocial_movie,non_social,502,1,0.4708635858984241,0.4674838643720553,0.4691737251352397,1,0,0.5783463299274445,0.5803213119506836,0.0394117671781885,0.30960161921934254,-1.1634525681859176,0.5745666176080704,0.6103396713733673,0.00141658932468343,0.00022643965992086052,0.0004969640251307236,0.12572695478570947
1782125037.7889931,17.933418035507202,dog_in_grass,nonsocial_movie,non_social,503,1,0.4771982441843705,0.4582432633400852,0.4677207537622279,1,0,0.578286063671112,0.5803371250629425,0.03652102829198173,0.3099218810317787,-1.3354764854669232,0.5748424828052521,0.6102437376976013,0.0002920699867533011,0.001124519337930129,0.0008507364715342432,0.12543026618997102
1782125037.823354,17.96777892112732,dog_in_grass,nonsocial_movie,non_social,504,1,0.4751509912039371,0.4591825040417159,0.4671667476228265,1,0,0.5782857477664948,0.5811929523944854,0.03803668848431377,0.3077436762507567,-1.3814059870501718,0.5748925507068634,0.6113210320472717,0.00107845718997258,0.000786387203219279,0.0005802922419158217,0.12463093227946799
1782125037.85781,18.002234935760498,dog_in_grass,nonsocial_movie,non_social,505,1,0.46720530841396585,0.45151552289163843,0.45936041565280217,1,0,0.578257018327713,0.5814341962337494,0.040338470571753535,0.30654657890685905,-1.3743408496809415,0.5749294757843018,0.6116769909858704,0.0003578690085940577,0.0007205881813785224,0.0004656506784458175,0.12469011029631828
1782125037.8921301,18.03655505180359,dog_in_grass,nonsocial_movie,non_social,506,1,0.4634053059041243,0.4700016595655178,0.4667034827348211,1,0,0.5783412396907807,0.5817719042301177,0.0399063812438665,0.3085761268140346,-1.2560726827271316,0.574986457824707,0.6114314496517181,0.0002520664589071723,0.00010580254968688537,0.0006863300951266237,0.12398428626480129
1782125037.924902,18.069326877593994,dog_in_grass,nonsocial_movie,non_social,507,1,0.45979289651057165,0.4613547413733582,0.4605738189419649,1,0,0.578296959400177,0.5825044214725494,0.041742090948257926,0.3077684087336625,-0.9956892078563873,0.5750189870595932,0.6126921474933624,0.0012611174406251162,0.001009050981717944,0.0004990214571136947,0.12459656500514683
1782125037.960635,18.10505986213684,dog_in_grass,nonsocial_movie,non_social,508,1,0.4669466551524251,0.4594723711743125,0.4632095131633688,1,0,0.5787229180335999,0.5823745131492615,0.039255580279365196,0.3038987611235279,-1.4914274911710903,0.5751611739397049,0.6135320663452148,0.0008518689961331964,0.0004092484444919198,0.0006923958492673846,0.12529675833410372
1782125037.995767,18.14019203186035,dog_in_grass,nonsocial_movie,non_social,509,1,0.452316900948065,0.48403572675513284,0.4681763138515989,1,0,0.5793708264827728,0.5816949665546418,0.039921837381999024,0.3064592491973562,-1.3455967558291069,0.5761106312274933,0.6121273934841156,0.0016954571619605201,0.0008435881658273237,0.0009698151485371298,0.12568644620631073
1782125038.0300329,18.174457788467407,dog_in_grass,nonsocial_movie,non_social,510,1,0.4502348614125251,0.4773286896389076,0.46378177552571637,1,0,0.5797083139419555,0.5802582383155823,0.0406799225584799,0.30414025341382794,-1.5915030188624444,0.5761863738298416,0.6127694547176361,0.000646513394602442,0.0010489437673580782,0.0010588012777413194,0.125448416541232
1782125038.063089,18.2075138092041,dog_in_grass,nonsocial_movie,non_social,511,1,0.44752293014431177,0.48666094286685957,0.46709193650558567,1,0,0.5798162341117858,0.5793504476547241,0.04236147157129628,0.30293100187115674,-1.6134854070015368,0.5758540630340576,0.610884428024292,0.0019140940675981537,0.0012675806729957116,0.0017086360888950484,0.12552298533738857
1782125038.097238,18.241662979125977,dog_in_grass,nonsocial_movie,non_social,512,1,0.4717244665060461,0.4821788363339638,0.47695165142000495,1,0,0.579736202955246,0.5791066884994507,0.0425937363077217,0.30588325899441854,-1.4470953116538525,0.5758184641599655,0.6099192500114441,0.0009658342903012127,0.000948259777296941,0.0010065402752696812,0.1251001454213946
1782125038.1336691,18.278094053268433,dog_in_grass,nonsocial_movie,non_social,513,1,0.4685681766185331,0.4889330858828233,0.4787506312506782,1,0,0.5796485304832458,0.5788461506366729,0.039292999409507874,0.3076704272062817,-1.5450437758281694,0.5759599953889847,0.6100617945194244,0.00020087315784602598,0.0007649611324551868,0.0011220221967213153,0.12527635696887449
1782125038.168397,18.312821865081787,dog_in_grass,nonsocial_movie,non_social,514,1,0.4736182950659315,0.4735997625071228,0.47360902878652716,1,0,0.5794755220413208,0.5789989113807679,0.04344277483001073,0.30614356038369456,-1.5525209240374165,0.5754267424345016,0.6111140549182892,0.0011796654866884414,0.0009787923288424154,0.0011008009509749772,0.1257276958761316
1782125038.2028842,18.347309112548828,dog_in_grass,nonsocial_movie,non_social,515,1,0.4774241085655424,0.47597970993007443,0.4767019092478084,1,0,0.5793412744998931,0.5788659393787384,0.042562920740822324,0.3071105954487008,-1.473741740212601,0.5750724524259567,0.6106080710887909,0.0006176900888540438,0.0005619753978343976,0.0005639223772146835,0.1250627877162316
1782125038.2363038,18.380728721618652,dog_in_grass,nonsocial_movie,non_social,516,1,0.49880832704459854,0.47544596642117887,0.4871271467328887,1,0,0.5793431043624877,0.5792943000793457,0.041293472677883976,0.30697837203890166,-1.490668641219588,0.5751734972000122,0.610600471496582,0.00010133015427632684,0.000516359934577717,0.0005046341341031455,0.12423880877766316
1782125038.270313,18.414737939834595,dog_in_grass,nonsocial_movie,non_social,517,1,0.4732565939827167,0.45815230735645346,0.4657044506695851,1,0,0.5789497017860412,0.5790778815746307,0.0423575804145888,0.3065373602977293,-1.4835510400337777,0.5749904215335846,0.6102438271045685,0.00040088891477893095,0.0002995587605026041,0.0004190992817191943,0.12503426657054284
1782125038.3034,18.447824954986572,dog_in_grass,nonsocial_movie,non_social,518,1,0.47509811872374835,0.46162844473327586,0.4683632817285121,1,0,0.5785021841526031,0.5790456533432007,0.042234224489153094,0.30753942270887863,-1.2488210946521123,0.5746625363826752,0.6111426651477814,0.0009567750519916758,0.0005558861372127449,0.000957115023936846,0.12406572880272136
1782125038.340323,18.484747886657715,dog_in_grass,nonsocial_movie,non_social,519,1,0.47986166576981165,0.4501143366650381,0.4649880012174249,1,0,0.5780200242996216,0.5799221575260163,0.04073408266765017,0.30588078211090014,-1.4331734911254843,0.5747284889221191,0.6117253601551056,0.0005864155600081565,0.00037035949198351936,0.0010254304411819255,0.1252738733457221
1782125038.374165,18.518589973449707,dog_in_grass,nonsocial_movie,non_social,520,1,0.47089927660616804,0.4493077559083399,0.460103516257254,1,0,0.5778518080711365,0.5798615753650666,0.03935134997148649,0.30863873906381817,-1.3959386494459622,0.5748359262943268,0.6110901236534119,0.0006442578692037575,5.7842309195601095e-05,0.000910582430016317,0.12473492455942399
1782125038.409085,18.553509950637817,dog_in_grass,nonsocial_movie,non_social,521,1,0.4769668414266615,0.45406482939826004,0.4655158354124608,1,0,0.5775402963161469,0.5800025165081024,0.040789205074136914,0.3080212353552107,-1.9081451619376681,0.5744818150997162,0.6112372279167175,0.00038345065188527885,0.0002608072173184787,0.001415845470482003,0.1254237779472459
1782125038.442008,18.586432933807373,dog_in_grass,nonsocial_movie,non_social,522,1,0.47834604382294044,0.4653002853729939,0.47182316459796714,1,0,0.5775046288967133,0.5796642422676086,0.03831841155567616,0.30645178509981197,-1.8880225002018667,0.5743159651756287,0.6120506227016449,0.000830130877312052,0.00044668022542677314,0.0012364884063764407,0.12490209570876555
1782125038.4766269,18.621051788330078,dog_in_grass,nonsocial_movie,non_social,523,1,0.4727529068091704,0.4618783547914624,0.4673156308003164,1,0,0.5774214625358581,0.5792011141777038,0.04000152546618733,0.3060987878519007,-1.9403171516864963,0.5743779242038727,0.6110140681266785,0.0010384046937802144,0.00020827381646816242,0.0009944574842523182,0.12468687432589759
1782125038.510987,18.655411958694458,dog_in_grass,nonsocial_movie,non_social,524,1,0.47159506913143684,0.446901998384894,0.45924853375816543,1,0,0.5767290353775024,0.578934097290039,0.038248615560148615,0.30585878112201753,-1.86040189187638,0.574125349521637,0.6107506453990936,0.0003649458912149992,0.0006734588025652153,0.0013948328215305842,0.1252336852786788
1782125038.5455449,18.689969778060913,dog_in_grass,nonsocial_movie,non_social,525,1,0.46260487118887444,0.46397114112880755,0.463288006158841,1,0,0.5765694558620453,0.5784525990486145,0.03831512437122732,0.30803058787353815,-1.6734584212484183,0.5745231807231903,0.609854519367218,0.0009804649559951163,0.0006155190647801172,0.0013528635024367477,0.1240624573420585
1782125038.580387,18.724812030792236,dog_in_grass,nonsocial_movie,non_social,526,1,0.4755504007494716,0.43571471308583715,0.45563255691765436,1,0,0.5761326909065246,0.5783536732196808,0.03768596871435895,0.3083299617892204,-1.6285245369801986,0.5745352953672409,0.6098621189594269,1.430099304991418e-05,0.0009661639629452021,0.0018655713575831273,0.12450810410280687
1782125038.615725,18.76014995574951,dog_in_grass,nonsocial_movie,non_social,527,1,0.47115971155417546,0.43672538390261395,0.4539425477283947,1,0,0.5760413557291031,0.5784763038158417,0.03648318566116923,0.3081413178769953,-1.5500478320815694,0.5745504051446915,0.6096505224704742,0.00021213528587127794,0.00019783429282136376,0.0014562570399245813,0.12524982521210695
1782125038.64868,18.793104887008667,dog_in_grass,nonsocial_movie,non_social,528,1,0.4689568103102408,0.42576057083051094,0.44735869057037586,1,0,0.5762577265501022,0.5786485791206359,0.03904339806757691,0.30519611669473223,-1.6202083936516027,0.5744856595993042,0.6098780930042267,0.00023660163456718945,2.4466348695911507e-05,0.0010808373580432971,0.12541637007922155
1782125038.6833742,18.827799081802368,dog_in_grass,nonsocial_movie,non_social,529,1,0.46693608698799155,0.43309938490411326,0.45001773594605243,1,0,0.5763777256011963,0.578765469789505,0.04062081760729297,0.30491884902904925,-1.5922028488284312,0.5742979049682617,0.6112784445285797,0.0014128822290749308,0.0011762805945077412,0.0013327312290749324,0.12564106525848487
1782125038.716884,18.861308813095093,dog_in_grass,nonsocial_movie,non_social,530,1,0.4670395956250871,0.44848179533042076,0.45776069547775394,1,0,0.5765116453170777,0.5786308765411377,0.0403534402616134,0.3064660543732001,-1.612757277076526,0.5745712518692017,0.6106842160224915,0.0006540841273883289,0.0007587981016866018,0.001089627415029759,0.1258536848737574
1782125038.752646,18.89707088470459,dog_in_grass,nonsocial_movie,non_social,531,1,0.465713135858161,0.4491922704538147,0.45745270315598785,1,0,0.5766579747200011,0.5779495775699616,0.04135967083302839,0.3055751593285999,-1.6742163186342602,0.5744620561599731,0.6106424033641815,0.0001169273334548515,0.0005371567939334775,0.0011156817379186894,0.12528964386593983
1782125038.7879722,18.93239712715149,dog_in_grass,nonsocial_movie,non_social,532,1,0.46736586192852914,0.4612136672083211,0.4642897645684251,1,0,0.576795893907547,0.5776562869548798,0.04197939247982861,0.30512871466969493,-1.9532356283228332,0.5747679024934769,0.6097935140132904,0.0009023054415074789,0.0007853781080526274,0.0007784046601008578,0.1249707341367592
1782125038.822218,18.9666428565979,dog_in_grass,nonsocial_movie,non_social,533,1,0.4726625883736518,0.4512500092812169,0.4619562988274344,1,0,0.5770581543445588,0.5774896204471589,0.041671508901146855,0.30490600623294545,-1.8468424161671149,0.5745803415775299,0.6100399494171143,0.00030969259831111243,0.0005926128431963664,0.0010677122022064284,0.1259244118101282
1782125038.855092,18.99951696395874,dog_in_grass,nonsocial_movie,non_social,534,1,0.46651581850235263,0.47771550804679036,0.4721156632745715,1,0,0.5773708105087281,0.5775972008705139,0.041053776675290005,0.30470860420607565,-1.509103333021308,0.5750931799411774,0.6092802286148071,0.0009166127233934695,0.0006069201250823571,0.0011574946238043992,0.12492205672591856
1782125038.8909519,19.03537678718567,dog_in_grass,nonsocial_movie,non_social,535,1,0.45370832480747625,0.47787710229755587,0.46579271355251606,1,0,0.5774832963943481,0.5773562371730805,0.04338151791586742,0.30427339312240376,-1.2437323036375492,0.5749527513980865,0.6094133853912354,0.00019352235742509455,0.000723090365968375,0.0009338534057317755,0.12489648767693497
1782125038.9254599,19.069884777069092,dog_in_grass,nonsocial_movie,non_social,536,1,0.4746885714073769,0.46473615347797004,0.46971236244267345,1,0,0.5781561076641082,0.5780783593654633,0.044254423245050946,0.304361228778219,-1.3898860849237433,0.5745559185743332,0.6090231239795685,0.0005565790684568376,0.0003630567110317431,0.0011280323498711565,0.12517677330502094
1782125038.959936,19.104360818862915,dog_in_grass,nonsocial_movie,non_social,537,1,0.4696296621823604,0.4701678513334111,0.4698987567578857,1,0,0.5784726917743683,0.5790221393108368,0.04500682528429585,0.3019132444319581,-1.6707532850775135,0.5748478174209595,0.6108922064304352,0.0018917383922729962,0.0013351593238161586,0.0012071061516017011,0.1260783832853993
1782125038.993313,19.13773798942566,dog_in_grass,nonsocial_movie,non_social,538,1,0.4767045624490886,0.4798088526271036,0.4782567075380961,1,0,0.5787111937999725,0.5793368756771087,0.04248649957764649,0.3052458045945686,-1.4776692610145965,0.5750188827514648,0.6095501482486725,0.0013529166679944126,0.0005388217242785836,0.0007740374625731231,0.1255276805345193
1782125039.027483,19.171907901763916,dog_in_grass,nonsocial_movie,non_social,539,1,0.4743325821829002,0.4657786499334307,0.4700556160581655,1,0,0.578781110048294,0.5796944797039032,0.04274184315618294,0.3022337838165218,-1.4968631653265139,0.5748739540576935,0.611414909362793,0.0018703845430857633,0.0005174678750913507,0.000760105635268572,0.12589327720741847
1782125039.061714,19.206138849258423,dog_in_grass,nonsocial_movie,non_social,540,1,0.46631946982800215,0.4780846437121414,0.47220205677007177,1,0,0.578706955909729,0.5798379480838776,0.0447470001233838,0.30199675627654343,-1.7529440464016806,0.5747820138931274,0.6115536689758301,0.00016645487097300234,0.001703929672112761,0.0005021125299379573,0.12642406076694232
1782125039.096357,19.240782022476196,dog_in_grass,nonsocial_movie,non_social,541,1,0.48675489753497797,0.4609296633952287,0.47384228046510335,1,0,0.5786394119262694,0.5799916744232178,0.04203133433662725,0.30049372422760967,-1.4387474939405631,0.5750890970230103,0.6120732426643372,0.0006035369636132294,0.000437082092640227,0.0006712433676822933,0.125970409337704
1782125039.131847,19.27627182006836,dog_in_grass,nonsocial_movie,non_social,542,1,0.4824127033832305,0.4617256478819014,0.47206917563256595,1,0,0.5789583086967468,0.5797906935214996,0.042937798168805615,0.30283004055960605,-1.6987627252853883,0.5752281993627548,0.6113492846488953,0.0007372005622929079,0.00013366359867967854,0.0005324925775589879,0.1256141195273988
1782125039.16699,19.31141495704651,dog_in_grass,nonsocial_movie,non_social,543,1,0.48260314797727855,0.47088987317302355,0.47674651057515105,1,0,0.578845775127411,0.5798742115497588,0.042217849936436194,0.3030819326760158,-1.7260305832346274,0.5752087086439133,0.6111564040184021,0.00019386290449800072,0.0005433376577949072,0.0006329436168373659,0.12545278719845696
1782125039.1995761,19.344001054763794,dog_in_grass,nonsocial_movie,non_social,544,1,0.4746097252489196,0.4624274587514753,0.4685185920001974,1,0,0.5787821710109711,0.579298448562622,0.04213883597781951,0.3021592387044919,-1.5783998246883757,0.5751946866512299,0.6105261445045471,0.0006304154749714905,0.0004365525704734897,0.0006778280618717795,0.12554933936959956
1782125039.234145,19.378569841384888,dog_in_grass,nonsocial_movie,non_social,545,1,0.4617623373114793,0.46420276196627513,0.4629825496388772,1,0,0.5789036989212036,0.5788089752197265,0.040645890680559425,0.3025624018880216,-1.7109784262408678,0.5753910541534424,0.6101001501083374,0.00046907507024704153,0.00016134040472444894,0.0009238792481953167,0.125447905892113
1782125039.268845,19.413269996643066,dog_in_grass,nonsocial_movie,non_social,546,1,0.4652861496727413,0.41842049352815125,0.44185332160044627,1,0,0.5791023910045624,0.5784794986248016,0.03617853207884307,0.3053138446643786,-1.232402372613942,0.5757027268409729,0.6100886166095734,0.0003118860140279389,0.00015718905621910263,0.000639371354815682,0.12637663435364402
1782125039.302596,19.447021007537842,dog_in_grass,nonsocial_movie,non_social,547,1,0.4489931524306145,0.4232411213907382,0.43611713691067633,1,0,0.578799194097519,0.5782155454158784,0.04060519904657471,0.3056072719565615,-0.9933474248667119,0.5756823718547821,0.6100393235683441,5.333037948914145e-05,0.0002585556345387974,0.0009294038625086602,0.12600202262287966
1782125039.339861,19.484285831451416,dog_in_grass,nonsocial_movie,non_social,548,1,0.46102994222124183,0.41803244988061516,0.4395311960509285,1,0,0.5790452063083649,0.5778850376605988,0.03907325171943476,0.30432885406381205,-1.4988355619557858,0.5755980312824249,0.6090963184833527,0.0009467692023219164,0.0008934388228327749,0.0014889753394588792,0.12506252073777893
1782125039.373604,19.51802897453308,dog_in_grass,nonsocial_movie,non_social,549,1,0.4489230083004772,0.44445919010280194,0.4466910992016396,1,0,0.5793806314468384,0.5777968764305115,0.03979939147379947,0.3022183287998324,-1.009050906905693,0.575804591178894,0.6095210015773773,0.00047225281489863955,0.0004745163874232768,0.001142413955346354,0.12394642538942781
1782125039.406385,19.550809860229492,dog_in_grass,nonsocial_movie,non_social,550,1,0.4536454886358204,0.4162898685706786,0.4349676786032495,1,0,0.5792700827121735,0.5775083661079408,0.03917140779764764,0.30420772963602427,-1.5058857591895125,0.5759466737508774,0.6097233295440674,0.0002472328120746429,0.00022502000282399666,0.0013475555488763303,0.12519360975780577
1782125039.4410849,19.585509777069092,dog_in_grass,nonsocial_movie,non_social,551,1,0.42391566881694,0.42593617129003813,0.42492592005348906,1,0,0.5794832527637481,0.5760020017623901,0.03883251092057665,0.3059824881785504,-1.324427147924741,0.5758946239948273,0.6084712147712708,0.0012531961464034408,0.001005963334328798,0.0009640193317942564,0.12388692933620998
1782125039.4741619,19.618586778640747,dog_in_grass,nonsocial_movie,non_social,552,1,0.42249416177210103,0.4310051955896125,0.4267496786808568,1,0,0.5794679045677185,0.5753844976425171,0.037949261271792295,0.30729297402675665,-0.9415920898455868,0.5761532783508301,0.6074550449848175,0.0010485719387718065,0.00020462420763163436,0.000881285386170831,0.12415700841683636
1782125039.509871,19.654295921325684,dog_in_grass,nonsocial_movie,non_social,553,1,0.43173761294890134,0.4478514697409261,0.4397945413449137,1,0,0.5794031739234924,0.5744884848594666,0.04128374222906786,0.3066014735783991,-0.6988665720180238,0.5760387480258942,0.608198881149292,0.0007526017771106061,0.0002959701616612004,0.0006370506103936269,0.12276242310766958
1782125039.5446799,19.689104795455933,dog_in_grass,nonsocial_movie,non_social,554,1,0.39583689111439024,0.4759729613482768,0.43590492623133353,1,0,0.5798818051815033,0.5738066613674164,0.041625367036600164,0.30596205093114326,-0.46626061061317337,0.5766230374574661,0.6082894504070282,0.0005912672240988604,0.00016133455301174573,0.00044585063975144206,0.12201779303841934
