timestamp,elapsed_time,stimulus_id,stimulus_type,paper_category,frame_index,face_detected,left_ear,right_ear,avg_ear,eye_open,blink_state,gaze_x,gaze_y,yaw_proxy,pitch_proxy,roll_proxy_deg,head_center_x,head_center_y,head_movement,head_acceleration,mouth_open,eyebrow_signal
1782125069.571296,49.715720891952515,rhymes_and_toys,speech_attention_movie,speech_social,1426,1,0.3888793097887667,0.2158016319308071,0.3023404708597869,1,0,0.5450658440589905,0.5613025546073913,0.05166093765582303,0.2881998014271906,-7.601019705762772,0.5440474450588226,0.6048423051834106,0.0,0.0,0.0008225484870744943,0.14045590812800557
1782125069.6061199,49.75054478645325,rhymes_and_toys,speech_attention_movie,speech_social,1427,1,0.41950693424488783,0.3318775300241204,0.3756922321345041,1,0,0.5442797631025313,0.5599949479103088,0.049432214460033805,0.28733933388223953,-7.406736617530157,0.5450159907341003,0.6050637662410736,0.0009935420097612149,0.0009935420097612149,0.0009824762336068176,0.13399646092910888
1782125069.6406012,49.78502607345581,rhymes_and_toys,speech_attention_movie,speech_social,1428,1,0.4220333869475545,0.3559070437614854,0.3889702153545199,1,0,0.5445177376270294,0.5595605492591857,0.05112489498442753,0.28724941770716456,-7.433835394294842,0.5444427132606506,0.603692889213562,0.0014859175233248683,0.0004923755135636534,0.00043895735988011027,0.1341281797998447
1782125069.675622,49.82004690170288,rhymes_and_toys,speech_attention_movie,speech_social,1429,1,0.41145774965462617,0.3676067193008328,0.38953223447772944,1,0,0.5457868069410323,0.5578019618988037,0.05447710220802944,0.2870142244930482,-7.053988793317804,0.5447522848844528,0.6040533185005188,0.00047512510053637405,0.0010107924227884943,0.0005520721797972267,0.1317347530535027
1782125069.7108228,49.85524773597717,rhymes_and_toys,speech_attention_movie,speech_social,1430,1,0.41429560913674385,0.392118841721084,0.40320722542891396,1,0,0.5464606612920762,0.5570366322994231,0.05634613778952474,0.2870389755459433,-6.438258390951365,0.54452084004879,0.6032722592353821,0.0008146289263283688,0.00033950382579199474,0.00043101605367248805,0.1306849823186142
1782125069.7452621,49.889687061309814,rhymes_and_toys,speech_attention_movie,speech_social,1431,1,0.4159092441339852,0.3979491280296475,0.4069291860818164,1,0,0.5467219859361648,0.5572890043258667,0.053809062184402005,0.2852954404275671,-6.119221786179133,0.5451015681028366,0.6032637059688568,0.0005807910391225392,0.0002338378872058296,0.0006539081086570812,0.13131933218725972
1782125069.778877,49.92330193519592,rhymes_and_toys,speech_attention_movie,speech_social,1432,1,0.40776902147697447,0.40646925126662137,0.4071191363717979,1,0,0.546841886639595,0.5575274705886841,0.054294759408905206,0.2834460053259376,-6.404549283873628,0.5453402549028397,0.6039573848247528,0.0007335950815080994,0.0001528040423855602,0.0005523460750603821,0.13123321244096448
1782125069.81352,49.95794486999512,rhymes_and_toys,speech_attention_movie,speech_social,1433,1,0.424505607660047,0.4174174051159233,0.42096150638798513,1,0,0.5469643741846084,0.5577279567718506,0.05732242270022059,0.2845532610843853,-6.379178872777146,0.5454973131418228,0.6043585538864136,0.0004308177183754976,0.0003027773631326018,0.0008555594251203981,0.13097770752843493
1782125069.8480918,49.99251675605774,rhymes_and_toys,speech_attention_movie,speech_social,1434,1,0.4502170603084922,0.43091276575980286,0.4405649130341475,1,0,0.5476857274770737,0.5583127737045288,0.05837535951783846,0.2849243701474337,-6.110247855205896,0.546202227473259,0.6065625548362732,0.002313984529258177,0.0018831668108826795,0.00048563199718945594,0.13084501770437715
1782125069.882485,50.026909828186035,rhymes_and_toys,speech_attention_movie,speech_social,1435,1,0.43122134367906756,0.4284805894496032,0.4298509665643354,1,0,0.5475973397493362,0.5581127941608429,0.0578699890226799,0.2863476358821883,-6.671376865531829,0.5463089644908905,0.604599267244339,0.001966186908606524,0.00034779762065165285,0.00073684611170781,0.1312672973316438
1782125069.918182,50.06260681152344,rhymes_and_toys,speech_attention_movie,speech_social,1436,1,0.43382122815551444,0.4164109302928119,0.42511607922416317,1,0,0.5477690249681473,0.558399087190628,0.05622098506966466,0.2843955209934718,-6.450746887534961,0.5463848859071732,0.6055350303649902,0.0009388379409788043,0.00102734896762772,0.0009724356570358274,0.13064928445341428
1782125069.951155,50.095579862594604,rhymes_and_toys,speech_attention_movie,speech_social,1437,1,0.4293107122950335,0.41630295734014605,0.42280683481758974,1,0,0.5477044343948364,0.5585388779640197,0.058576410968861674,0.28344182262345025,-6.511463576279323,0.5460076332092285,0.6060796976089478,0.0006625571709270007,0.00027628077005180363,0.001179549460779554,0.1304225577454992
1782125069.985163,50.12958788871765,rhymes_and_toys,speech_attention_movie,speech_social,1438,1,0.43840058697828227,0.4287486639754595,0.43357462547687087,1,0,0.5479055255651474,0.5586545050144196,0.061955294361329565,0.28487825960215113,-6.370803131396375,0.5458021461963654,0.6057114005088806,0.0004217436026465465,0.00024081356828045415,0.0012077591276445177,0.12972199959202005
1782125070.019049,50.1634738445282,rhymes_and_toys,speech_attention_movie,speech_social,1439,1,0.43294253273798544,0.4260011320346415,0.4294718323863135,1,0,0.5476029604673385,0.5584371030330657,0.05823116856118949,0.2844776597591141,-6.7260398189257184,0.5460238009691238,0.6051406860351562,0.0006122465588348328,0.00019050295618828626,0.0009756641208959796,0.12958413164873525
1782125070.054589,50.19901394844055,rhymes_and_toys,speech_attention_movie,speech_social,1440,1,0.4215796913356108,0.4232907888022218,0.4224352400689163,1,0,0.5472984313964844,0.5585217118263245,0.057433189850449325,0.282659850218484,-6.88800843867807,0.5456885397434235,0.6055300235748291,0.0005137935473092566,9.845301152557615e-05,0.0008568361552116481,0.12944870026222144
1782125070.090112,50.23453688621521,rhymes_and_toys,speech_attention_movie,speech_social,1441,1,0.4422998661804598,0.4296308881819488,0.4359653771812043,1,0,0.5476745396852494,0.5586822688579559,0.05948141509286262,0.28120389105093174,-6.997716833490202,0.5457621663808823,0.6060446500778198,0.0005198666360942487,6.073088784992048e-06,0.0010319637376518312,0.12969762611862548
1782125070.1247518,50.269176721572876,rhymes_and_toys,speech_attention_movie,speech_social,1442,1,0.44108854198073894,0.4197063711153051,0.43039745654802203,1,0,0.5477456778287888,0.5587344229221344,0.06301831675518305,0.28003517193599176,-7.207324016283307,0.5454206764698029,0.6066064536571503,0.0006574485691805253,0.00013758193308627666,0.0012459424639527559,0.1300396493770073
1782125070.15743,50.301854848861694,rhymes_and_toys,speech_attention_movie,speech_social,1443,1,0.4404852315039621,0.4225980383816689,0.4315416349428155,1,0,0.5477024286985397,0.558536684513092,0.06084380316872912,0.2812903388515976,-7.214491394989949,0.545730471611023,0.6056073606014252,0.0010460210148566281,0.0003885724456761028,0.0011487853828533276,0.1315538858380573
1782125070.193753,50.33817791938782,rhymes_and_toys,speech_attention_movie,speech_social,1444,1,0.432027089273133,0.4281666789080932,0.4300968840906131,1,0,0.5476969569921493,0.55830836892128,0.05964352789373099,0.2824958568070157,-7.189050188491425,0.5458548814058304,0.6053960025310516,0.00024525503247854486,0.0008007659823780833,0.0012213261724249977,0.13135318699639065
1782125070.226155,50.370579957962036,rhymes_and_toys,speech_attention_movie,speech_social,1445,1,0.4423972676449115,0.43140460853358786,0.4369009380892497,1,0,0.5477744787931442,0.558211088180542,0.05908010795863891,0.2817405050737406,-6.956921304796936,0.5461034178733826,0.6055096089839935,0.00027327056528897735,2.8015532810432488e-05,0.0014283914547342474,0.13057485624786963
1782125070.260811,50.40523600578308,rhymes_and_toys,speech_attention_movie,speech_social,1446,1,0.4394910376136889,0.4331173729665856,0.43630420529013725,1,0,0.547765588760376,0.5574477553367615,0.05979620247165834,0.27967109977793403,-7.136779428100821,0.5461241602897644,0.6048634350299835,0.0006465067878052694,0.00037323622251629206,0.00115420864250391,0.12912673740242306
1782125070.298332,50.44275689125061,rhymes_and_toys,speech_attention_movie,speech_social,1447,1,0.43771079532830665,0.4417713393541456,0.4397410673412261,1,0,0.5478314936161042,0.5574906170368195,0.06160940777066023,0.28011072661834785,-7.2406924089126266,0.5462261736392975,0.6042772829532623,0.0005949630076967173,5.1543780108552115e-05,0.0009699391096051316,0.12934538026497078
1782125070.3297012,50.47412610054016,rhymes_and_toys,speech_attention_movie,speech_social,1448,1,0.4319328261816537,0.44487318225702455,0.4384030042193391,1,0,0.5476196795701981,0.5573018968105317,0.05785867907226242,0.28095299621902814,-7.079367623871782,0.5461954474449158,0.6037537455558777,0.0005244382761407381,7.052473155597918e-05,0.0007292008787132018,0.13022819770020033
1782125070.364977,50.50940179824829,rhymes_and_toys,speech_attention_movie,speech_social,1449,1,0.41881962660934513,0.44486680834555936,0.43184321747745225,1,0,0.5477491199970246,0.5564897656440735,0.0634368543106663,0.28162398952763956,-6.896827461281399,0.5457979440689087,0.6037067174911499,0.0004002756210526275,0.00012416265508811058,0.0010668010590356122,0.1312846261884441
1782125070.39796,50.54238486289978,rhymes_and_toys,speech_attention_movie,speech_social,1450,1,0.4246788126175551,0.4144111063807302,0.4195449594991426,1,0,0.5474146097898483,0.5562219798564911,0.0613658885820333,0.28121766332130477,-7.100291921076886,0.5454805493354797,0.6036072075366974,0.0003326283930207687,6.76472280318588e-05,0.001011956894683339,0.13122023664762067
1782125070.4330502,50.57747507095337,rhymes_and_toys,speech_attention_movie,speech_social,1451,1,0.4436659256361814,0.4280919702970549,0.4358789479666182,1,0,0.5474990248680115,0.5559144973754883,0.06315463808613984,0.2821153001110432,-7.041326943182891,0.5454211384057999,0.6032122075557709,0.00039944291644410557,6.681452342333685e-05,0.0013211505950634823,0.13147171455273937
1782125070.466877,50.6113018989563,rhymes_and_toys,speech_attention_movie,speech_social,1452,1,0.4369376012133216,0.432670283722384,0.4348039424678528,1,0,0.5474010229110717,0.5559151411056518,0.06767549621038409,0.2835714073156352,-7.202270522390955,0.5447044968605042,0.6029841303825378,0.0007520600384236629,0.00035261712197955737,0.0013278404073488559,0.1312507591377374
1782125070.503031,50.64745593070984,rhymes_and_toys,speech_attention_movie,speech_social,1453,1,0.44710888538158833,0.44325157323055897,0.44518022930607365,1,0,0.5475634574890137,0.5559160888195038,0.06590183590552892,0.28472920400517315,-7.034478088665143,0.5451026409864426,0.6029937565326691,0.0003982604773080223,0.0003537995611156406,0.0009002556574855791,0.13107681726731119
1782125070.537465,50.68189001083374,rhymes_and_toys,speech_attention_movie,speech_social,1454,1,0.4425914406501275,0.45862512100301034,0.4506082808265689,1,0,0.5473942726850509,0.5562576711177826,0.06365758034008175,0.28643950720298256,-7.1231490787380825,0.5451231896877289,0.6023520231246948,0.0006420623147598609,0.00024380183745183854,0.0009961533687633257,0.12991714466158194
1782125070.5700428,50.71446776390076,rhymes_and_toys,speech_attention_movie,speech_social,1455,1,0.4381439379156559,0.45377774412700383,0.4459608410213299,1,0,0.5471495598554611,0.5566893637180328,0.06357695376771949,0.2850884791121273,-6.997621539830819,0.5449999868869781,0.6029963791370392,0.0006560286584876839,1.3966343727823028e-05,0.0006798677677797914,0.13130766063663094
1782125070.604352,50.74877691268921,rhymes_and_toys,speech_attention_movie,speech_social,1456,1,0.4330322080720353,0.4528052351548621,0.4429187216134487,1,0,0.5473355859518051,0.5567087233066559,0.06720987718324554,0.2848101743465517,-7.013295337744482,0.5447972118854523,0.6036406457424164,0.000675423689285531,1.9395030797847088e-05,0.0009228716126601402,0.13081069574313064
1782125070.63802,50.78244495391846,rhymes_and_toys,speech_attention_movie,speech_social,1457,1,0.4356996087939298,0.4411868766910422,0.43844324274248603,1,0,0.5471866279840469,0.5565257370471954,0.06456976072820349,0.2818846273878134,-7.392723554433113,0.5449187159538269,0.6054100692272186,0.0017735903436817961,0.0010981666543962653,0.0014408909931617271,0.13064120437270021
1782125070.6740422,50.818467140197754,rhymes_and_toys,speech_attention_movie,speech_social,1458,1,0.44018571226032116,0.4450213583322078,0.4426035352962645,1,0,0.547178429365158,0.5569308698177338,0.0667597319589813,0.281103503181398,-7.279179279859034,0.5446574687957764,0.6051304042339325,0.0003827043062982373,0.001390886037383559,0.0009464224942436966,0.1306573319983236
1782125070.7098281,50.85425305366516,rhymes_and_toys,speech_attention_movie,speech_social,1459,1,0.44653281012414775,0.4525820621824813,0.44955743615331456,1,0,0.5471446186304092,0.5569250404834747,0.0631044151072134,0.28003641135984847,-7.444541346005094,0.5448185801506042,0.6049274802207947,0.0002591042719880018,0.0001236000343102355,0.0005840552259064696,0.13022618557377613
1782125070.7445061,50.88893103599548,rhymes_and_toys,speech_attention_movie,speech_social,1460,1,0.44184995207362704,0.45944160490416436,0.4506457784888957,1,0,0.5472083330154419,0.556815218925476,0.06192551692348417,0.2797021550648528,-7.301329904210256,0.5452068448066711,0.6055297553539276,0.0007165785226624071,0.0004574742506744053,0.0008862541626975213,0.1307450585958265
1782125070.777728,50.92215299606323,rhymes_and_toys,speech_attention_movie,speech_social,1461,1,0.4230310064720518,0.42468406586373897,0.42385753616789534,1,0,0.5468878746032715,0.5562823593616486,0.0650442483543652,0.28048542064169857,-7.195689269606037,0.5444811582565308,0.6037527918815613,0.001919432247092578,0.0012028537244301708,0.00103652530287915,0.1306886690661263
1782125070.812661,50.957085847854614,rhymes_and_toys,speech_attention_movie,speech_social,1462,1,0.43303844394879104,0.4329201125819545,0.43297927826537275,1,0,0.5467807650566101,0.5561136424541473,0.06404688077206869,0.2815584578414186,-7.148844892021264,0.5445128977298737,0.6038686335086823,0.0001201111016605818,0.001799321145431996,0.0012615177454238901,0.13034472590858157
1782125070.846018,50.990442991256714,rhymes_and_toys,speech_attention_movie,speech_social,1463,1,0.43590050047698614,0.43139618226061605,0.4336483413688011,1,0,0.5466078132390976,0.5559711575508117,0.06553858703666662,0.28288269862145043,-7.099550951816036,0.5442601442337036,0.6027507185935974,0.001146131793117756,0.0010260206914571742,0.0012431906215831722,0.13011779814772764
1782125070.88128,51.025704860687256,rhymes_and_toys,speech_attention_movie,speech_social,1464,1,0.43757358833013704,0.44009948179016567,0.43883653506015136,1,0,0.5465857148170471,0.5558493137359619,0.06711177022171125,0.2814113287552227,-7.248342183578932,0.5439936518669128,0.6038108170032501,0.001093081341760965,5.3050451356790934e-05,0.0011781680814729684,0.1292684198047958
1782125070.915293,51.059717893600464,rhymes_and_toys,speech_attention_movie,speech_social,1465,1,0.44753033226477107,0.430475771967677,0.43900305211622404,1,0,0.5465751975774765,0.5560813188552857,0.06533750580534144,0.28281739570491266,-7.316685894257355,0.5439426153898239,0.6031074821949005,0.0007051840714521496,0.0003878972703088155,0.0010644662494544931,0.130183687232729
1782125070.950481,51.094905853271484,rhymes_and_toys,speech_attention_movie,speech_social,1466,1,0.45512538826366683,0.43259882358194046,0.4438621059228036,1,0,0.5462788313627243,0.556200522184372,0.06474626717661112,0.28365385586964603,-7.446361626040565,0.5441688001155853,0.6024082601070404,0.0007348952703067381,2.9711198854588477e-05,0.0008717847366296879,0.12967916595523918
1782125070.983534,51.12795901298523,rhymes_and_toys,speech_attention_movie,speech_social,1467,1,0.4492924833906406,0.4390420900730063,0.4441672867318235,1,0,0.5460950672626496,0.5563615620136262,0.061681361978426726,0.2844473106036421,-7.4545260802488675,0.5442231893539429,0.6025169491767883,0.0001215380727664504,0.0006133571975402877,0.0010930338773734902,0.12869083054596134
1782125071.019357,51.1637818813324,rhymes_and_toys,speech_attention_movie,speech_social,1468,1,0.4496696275171252,0.435423733888665,0.4425466807028951,1,0,0.5459110051393509,0.5563146770000458,0.061237178015722434,0.2833151416645158,-7.5246353727072846,0.5442536175251007,0.6022884845733643,0.00023048199195973909,0.00010894391919328868,0.0011759756919945932,0.1293946583630215
1782125071.052584,51.19700884819031,rhymes_and_toys,speech_attention_movie,speech_social,1469,1,0.4434831341666788,0.43152280145572597,0.43750296781120235,1,0,0.5458605706691741,0.5560750365257263,0.06262903488312092,0.28440304644538694,-7.43022622422353,0.5438695996999741,0.6027838885784149,0.0006268132243621176,0.00039633123240237847,0.0012952834561536183,0.12946650183389985
1782125071.089638,51.234062910079956,rhymes_and_toys,speech_attention_movie,speech_social,1470,1,0.43851787863679353,0.42538166514846354,0.4319497718926285,1,0,0.5453747183084487,0.5557952046394348,0.06239252262820832,0.2826794137954532,-7.572152367073472,0.5436497628688812,0.603143960237503,0.0004218765601256147,0.0002049366642365029,0.0011890472018958565,0.12918819443202265
1782125071.122715,51.26713991165161,rhymes_and_toys,speech_attention_movie,speech_social,1471,1,0.4469922253242064,0.4209094074882487,0.43395081640622757,1,0,0.5455977261066437,0.5557023346424103,0.06262346688662614,0.2815367764606813,-7.33470578098447,0.5441291779279709,0.6036566495895386,0.0007019182078935884,0.00028004164776797367,0.0010891614751369118,0.13001775202715413
1782125071.156425,51.30084991455078,rhymes_and_toys,speech_attention_movie,speech_social,1472,1,0.44620913569303977,0.4372598648732764,0.4417345002831581,1,0,0.5454380184412002,0.5556444227695465,0.059077963917837956,0.2845961695233051,-7.415645723518322,0.544211819767952,0.601765900850296,0.0018925539539634702,0.0011906357460698819,0.0009998814263244631,0.12874335032474446
1782125071.1916428,51.33606767654419,rhymes_and_toys,speech_attention_movie,speech_social,1473,1,0.44468909680448143,0.4423142902419266,0.443501693523204,1,0,0.5455072700977326,0.5556410312652589,0.06514381840330172,0.2844111282406717,-7.3656439340472835,0.5438362956047058,0.6022914052009583,0.0006458894795138393,0.0012466644744496308,0.0007332051976590093,0.12875181008729206
1782125071.2255669,51.36999177932739,rhymes_and_toys,speech_attention_movie,speech_social,1474,1,0.44070993880332315,0.4393700744901637,0.4400400066467434,1,0,0.5456330984830857,0.5557830274105071,0.0633206574596796,0.2822686295871091,-7.679181944389688,0.5443044751882553,0.6033317446708679,0.0011408322992905275,0.0004949428197766882,0.0004993636619311716,0.12944590392869854
1782125071.259423,51.40384793281555,rhymes_and_toys,speech_attention_movie,speech_social,1475,1,0.43126581686152926,0.42525701496212776,0.42826141591182854,1,0,0.5456579983234406,0.5558826565742493,0.06255923906061206,0.28428464829324174,-7.729079243594004,0.5441416501998901,0.602777361869812,0.0005777995041039007,0.0005630327951866268,0.0009007295603423765,0.12928101059389022
1782125071.2980359,51.442460775375366,rhymes_and_toys,speech_attention_movie,speech_social,1476,1,0.4413017793731178,0.4245122730192248,0.4329070261961713,1,0,0.5457321673631668,0.5558732688426972,0.06507631708794866,0.2821289686885545,-7.46285295713655,0.5439565479755402,0.6035615801811218,0.0008057674560646675,0.00022796795196076676,0.0009552365114006598,0.12918050010373064
1782125071.329351,51.47377586364746,rhymes_and_toys,speech_attention_movie,speech_social,1477,1,0.4417655760618384,0.42353833564976273,0.4326519558558006,1,0,0.5457947254180908,0.5556905746459961,0.06319638216334929,0.28263817671214986,-7.235194006439029,0.5444748103618622,0.603689968585968,0.0005339283506006642,0.00027183910546400326,0.0009481775087456241,0.13047687013940554
1782125071.363446,51.50787091255188,rhymes_and_toys,speech_attention_movie,speech_social,1478,1,0.45615333994127844,0.42400937258417415,0.44008135626272626,1,0,0.545837226510048,0.55531205534935,0.060439609788322836,0.2815604241157984,-7.58925892331873,0.5444319248199463,0.6030534207820892,0.0006379908121033742,0.00010406246150271,0.001208426383774595,0.12944151029198533
1782125071.396862,51.54128694534302,rhymes_and_toys,speech_attention_movie,speech_social,1479,1,0.44259363520840567,0.4214181038865237,0.43200586954746467,1,0,0.5460252195596695,0.5547087132930756,0.06311347503221273,0.28130242310350734,-7.185472755641215,0.5443148612976074,0.6029728353023529,0.00014211927317122266,0.0004958715389321516,0.0013904954971911626,0.1295947308174767
1782125071.431713,51.57613801956177,rhymes_and_toys,speech_attention_movie,speech_social,1480,1,0.4338848412183044,0.4305533170667812,0.43221907914254276,1,0,0.5460953742265702,0.5546584486961366,0.06009873300792292,0.28046890348583275,-7.093049468074384,0.5444882065057755,0.6024992763996124,0.0005042882068416666,0.00036216893367044397,0.0014245471784044782,0.12957507173285543
1782125071.466888,51.61131286621094,rhymes_and_toys,speech_attention_movie,speech_social,1481,1,0.4447400090547683,0.43636029309292745,0.4405501510738479,1,0,0.5460013031959534,0.5547240972518921,0.05962669901574715,0.28015177797416496,-7.130691226044437,0.5444206744432449,0.6031220555305481,0.000626429904617119,0.00012214169777545242,0.0014519672450784026,0.12902906852853063
1782125071.501617,51.64604187011719,rhymes_and_toys,speech_attention_movie,speech_social,1482,1,0.43863554273724936,0.4491075326661701,0.44387153770170973,1,0,0.5462634414434433,0.5551469624042511,0.06160415973389981,0.280107859386904,-7.199373268746617,0.5446566641330719,0.6029826700687408,0.00027407925982797006,0.00035235064478914897,0.0010181508690687668,0.1285239536962624
1782125071.5358431,51.68026804924011,rhymes_and_toys,speech_attention_movie,speech_social,1483,1,0.4462588256279023,0.42180113016341036,0.43402997789565634,1,0,0.5462370336055755,0.5578956484794617,0.05617744602354387,0.28384532820633424,-7.012334830547409,0.5450830012559891,0.6015888154506683,0.0014575987234830294,0.0011835194636550593,0.0017685193741098042,0.12926390020140024
1782125071.570341,51.71476602554321,rhymes_and_toys,speech_attention_movie,speech_social,1484,1,0.4465334739587083,0.43041703940918424,0.43847525668394627,1,0,0.5463390648365021,0.5611875772476196,0.06093336107115843,0.2868267830749654,-6.6234815476008055,0.5446962863206863,0.6037386953830719,0.0021843837036880113,0.0007267849802049819,0.0016757491160819598,0.129740222732211
1782125071.6040041,51.7484290599823,rhymes_and_toys,speech_attention_movie,speech_social,1485,1,0.43102663393602836,0.4359558016650575,0.4334912178005429,1,0,0.5463842362165451,0.563964718580246,0.05509404302367136,0.2910665715970224,-6.490096449810378,0.545127734541893,0.604071170091629,0.0005446898194500639,0.0016396938842379474,0.0004387233038933401,0.12902760057751658
1782125071.6387908,51.78321576118469,rhymes_and_toys,speech_attention_movie,speech_social,1486,1,0.42607533575679474,0.42105652210816397,0.42356592893247935,1,0,0.5466966062784195,0.565563976764679,0.056465840187755044,0.2897410405382477,-6.127462613148744,0.5456562340259552,0.6063656210899353,0.0023545311822701915,0.0018098413628201276,0.00030637281342173027,0.1293410178735612
1782125071.674413,51.81883788108826,rhymes_and_toys,speech_attention_movie,speech_social,1487,1,0.43074830257987745,0.4250985761060499,0.4279234393429637,1,0,0.5472356706857682,0.5670512974262238,0.05497604663474608,0.2887430995667378,-6.957809165344887,0.5462002605199814,0.6071738004684448,0.0009742272496961159,0.0013803039325740755,0.00047573874589678804,0.13072812803674486
1782125071.708446,51.85287094116211,rhymes_and_toys,speech_attention_movie,speech_social,1488,1,0.41499841249288877,0.4222692105802118,0.41863381153655027,1,0,0.5471153259277344,0.5682372808456421,0.0519864090297129,0.29122390356869277,-6.752715485833799,0.5464723408222198,0.6081321239471436,0.0009961985648912622,2.197131519514632e-05,0.0002544395234757776,0.1314496074317719
1782125071.7416909,51.88611578941345,rhymes_and_toys,speech_attention_movie,speech_social,1489,1,0.4177404554566662,0.4405121382183058,0.42912629683748604,1,0,0.547187539935112,0.568228155374527,0.05007986692088458,0.2926055614536326,-7.126011938353157,0.546689823269844,0.6093087196350098,0.0011965266514917157,0.00020032808660045342,0.00023606515246262777,0.1302643072550577
1782125071.776437,51.9208619594574,rhymes_and_toys,speech_attention_movie,speech_social,1490,1,0.4165392681095873,0.43404798867095623,0.42529362839027174,1,0,0.5473209738731384,0.5677321016788482,0.05039332744936678,0.2905857581831083,-7.0070089132017594,0.5468324720859528,0.6100205481052399,0.0007259810298949572,0.0004705456215967585,0.0003615578517563054,0.13035358338786254
1782125071.810466,51.954890966415405,rhymes_and_toys,speech_attention_movie,speech_social,1491,1,0.4181917642877464,0.44838224013781447,0.43328700221278044,1,0,0.5476364016532898,0.5673198878765107,0.05248142497310571,0.28908991606362894,-7.055095188813203,0.5465222001075745,0.6097123622894287,0.0004373181880895994,0.00028866284180535776,0.0006569324042089377,0.13068786252555348
1782125071.845975,51.9903998374939,rhymes_and_toys,speech_attention_movie,speech_social,1492,1,0.41460023607048996,0.4364691611617211,0.4255346986161055,1,0,0.5479188144207001,0.566246783733368,0.05443340263574208,0.2925257906606197,-6.794960353508168,0.5466545224189758,0.607662558555603,0.0020540702376745336,0.0016167520495849342,0.0005024282419252793,0.131101999649433
1782125071.880866,52.025290966033936,rhymes_and_toys,speech_attention_movie,speech_social,1493,1,0.43076354304774783,0.4233005021123456,0.4270320225800467,1,0,0.5476967841386795,0.5658065497875213,0.052256251004482016,0.2925378262180617,-6.840839057320518,0.546642392873764,0.6067610085010529,0.0009016316469193287,0.0011524385907552047,0.00036098086401831865,0.13113070359183976
1782125071.9141939,52.058618783950806,rhymes_and_toys,speech_attention_movie,speech_social,1494,1,0.4214387168912972,0.43353237116689963,0.42748554402909844,1,0,0.5475407332181931,0.5656664013862609,0.05215383450516222,0.2904049551683266,-6.9413389886795835,0.5466082394123077,0.6067343652248383,4.331654530193214e-05,0.0008583151016173966,0.0007621912318237665,0.13003532108437926
1782125071.9487019,52.09312677383423,rhymes_and_toys,speech_attention_movie,speech_social,1495,1,0.4223751604527621,0.43817990825949704,0.4302775343561296,1,0,0.5473903149366379,0.5659980237483978,0.052649485728891186,0.2905078071482738,-6.603361189235674,0.5466077327728271,0.6073638200759888,0.0006294550550440257,0.0005861385097420935,0.0011108539207757306,0.1297622986057782
1782125071.982357,52.126781940460205,rhymes_and_toys,speech_attention_movie,speech_social,1496,1,0.42856866602400157,0.4463226289604125,0.43744564749220705,1,0,0.5473826676607132,0.5663424372673035,0.05105584350419147,0.2914763251512818,-6.914628133841651,0.546730637550354,0.6075920164585114,0.0002591894545218205,0.00037026560052220514,0.0010709870417056268,0.12978664019276065
1782125072.01733,52.161754846572876,rhymes_and_toys,speech_attention_movie,speech_social,1497,1,0.42389284242254516,0.43265876128839764,0.4282758018554714,1,0,0.5474072366952896,0.5664998412132263,0.05047108006088204,0.2923484301892362,-7.008966025942986,0.5468766689300537,0.607783854007721,0.00024109502098497117,1.8094433536849344e-05,0.000934323937928547,0.1305427840023391
1782125072.051556,52.1959810256958,rhymes_and_toys,speech_attention_movie,speech_social,1498,1,0.42505180738014864,0.4357637093673267,0.4304077583737377,1,0,0.5472720474004745,0.5660621285438537,0.0508187937305122,0.2930685794056165,-6.803588983918215,0.5468699634075165,0.607385665178299,0.00039824528611015296,0.0001571502651251818,0.0006886984569598446,0.1302271782843035
1782125072.0857432,52.23016810417175,rhymes_and_toys,speech_attention_movie,speech_social,1499,1,0.4144071120340996,0.43875694268014714,0.42658202735712336,1,0,0.5472349494695663,0.5658074140548706,0.05217741967348289,0.2909039594422784,-6.8378355587812765,0.5465216040611267,0.6071704924106598,0.0004094551918715943,1.1209905761441362e-05,0.0005310508223586165,0.12990131152255344
1782125072.12007,52.26449489593506,rhymes_and_toys,speech_attention_movie,speech_social,1500,1,0.4236831271534061,0.4311228378284681,0.4274029824909371,1,0,0.5469626069068909,0.5655548214912414,0.05561277876404448,0.2911559232204345,-6.901121135931905,0.5458230376243591,0.606682300567627,0.0008522478173524112,0.0004427926254808169,0.00022499659518177557,0.12924207570270518
1782125072.154043,52.29846787452698,rhymes_and_toys,speech_attention_movie,speech_social,1501,1,0.4322288656287303,0.44046850656796993,0.4363486860983501,1,0,0.5469537556171418,0.5648625195026398,0.05440087500465992,0.28924707661094173,-7.427002357841719,0.5456594228744507,0.6066640019416809,0.00016463482650738576,0.0006876129908450255,0.0007617787505311389,0.12817819882569462
1782125072.188382,52.33280682563782,rhymes_and_toys,speech_attention_movie,speech_social,1502,1,0.4250076211692962,0.441256708029005,0.4331321645991506,1,0,0.5470733851194383,0.564179104566574,0.054703886319048475,0.2894643444864575,-6.667399835948062,0.5457553863525391,0.6059545278549194,0.0007159346820156482,0.0005512998555082624,0.0010885649344777799,0.1292413973331105
1782125072.224143,52.368567943573,rhymes_and_toys,speech_attention_movie,speech_social,1503,1,0.42880481512102797,0.44615511399323465,0.43747996455713134,1,0,0.546639221906662,0.564111328125,0.05536706895208705,0.28904028560387524,-7.143062537337065,0.5453603118658066,0.6049356758594513,0.0010927686117089678,0.00037683392969331965,0.0011991922256686515,0.12917519216559878
1782125072.2573519,52.4017767906189,rhymes_and_toys,speech_attention_movie,speech_social,1504,1,0.43431165461199195,0.44244695893139246,0.43837930677169223,1,0,0.546572694182396,0.5639860570430756,0.05538358274500227,0.2898218146341192,-7.248720178930887,0.5454898774623871,0.6053250133991241,0.0004103303103790549,0.0006824383013299129,0.0013439456243293166,0.1301690360023472
1782125072.293001,52.4374258518219,rhymes_and_toys,speech_attention_movie,speech_social,1505,1,0.4259812429255733,0.4352904807469772,0.4306358618362752,1,0,0.5463441133499145,0.5638556003570556,0.05688811171629536,0.29160116823149956,-7.077516422655927,0.5453037470579147,0.6037828028202057,0.0015534020719688265,0.0011430717615897716,0.0011102126698018919,0.13049000841241817
1782125072.327552,52.47197699546814,rhymes_and_toys,speech_attention_movie,speech_social,1506,1,0.4057407098473851,0.4189910998670913,0.41236590485723823,1,0,0.5460809379816055,0.5643062531948089,0.057605661416854956,0.29164644582443283,-7.268763989605729,0.5449654161930084,0.6024056375026703,0.0014181156814486724,0.00013528639052015406,0.0010258187636716606,0.13163394673901854
1782125072.361772,52.50619697570801,rhymes_and_toys,speech_attention_movie,speech_social,1507,1,0.42526538620980336,0.41471909873152285,0.41999224247066314,1,0,0.5459185868501664,0.5645349740982055,0.05957217717150762,0.2903899003363684,-7.099045314196978,0.5448228269815445,0.6035262942314148,0.0011296916335470685,0.0002884240479016039,0.001099274609007653,0.13004557181776902
1782125072.3965619,52.54098677635193,rhymes_and_toys,speech_attention_movie,speech_social,1508,1,0.42843537060909365,0.3796748212693293,0.40405509593921146,1,0,0.5455368369817734,0.5655921816825866,0.05449510645571844,0.2967356326764496,-7.129352473894054,0.5451187789440155,0.6030161082744598,0.0005898112195986826,0.0005398804139483858,0.0008837737193939691,0.13113320248885632
1782125072.430292,52.57471680641174,rhymes_and_toys,speech_attention_movie,speech_social,1509,1,0.4250110030321066,0.36861603064280407,0.39681351683745536,1,0,0.5451107680797577,0.5666691303253173,0.04875301015984753,0.2990774368801565,-7.020220306483613,0.5449442714452744,0.6041518151760101,0.0011490356971590827,0.0005592244775604001,0.000586323269799855,0.12977330562568304
1782125072.466704,52.61112880706787,rhymes_and_toys,speech_attention_movie,speech_social,1510,1,0.4286477441463416,0.3729626642300611,0.4008052041882013,1,0,0.5445485413074493,0.5682064712047576,0.0408689077683187,0.299100834835524,-6.533785389851419,0.5451352596282959,0.6054324209690094,0.0012947693551815143,0.00014573365802243157,0.0012373654925826975,0.1287109509477097
1782125072.499954,52.644378900527954,rhymes_and_toys,speech_attention_movie,speech_social,1511,1,0.4350422733386701,0.3746374131462797,0.4048398432424749,1,0,0.544247391819954,0.5695036470890045,0.034926003425332953,0.30118585892736544,-7.029677671595732,0.5451010763645172,0.6053057014942169,0.00013124907928913388,0.0011635202758923805,0.00014827943876544276,0.12822103341424948
1782125072.5351648,52.67958974838257,rhymes_and_toys,speech_attention_movie,speech_social,1512,1,0.44680612257181856,0.37683992182312354,0.411823022197471,1,0,0.5438038885593415,0.5699065387248993,0.03795607410715717,0.29883919995466063,-6.832603074692866,0.5444782674312592,0.6064143478870392,0.0012716083483776991,0.0011403592690885653,0.00027408392594517063,0.12749347616343146
1782125072.568115,52.71253991127014,rhymes_and_toys,speech_attention_movie,speech_social,1513,1,0.4457885471914136,0.36437376913472347,0.40508115816306856,1,0,0.5434247106313705,0.5702866673469543,0.03662498826212409,0.29803575795033393,-7.007030659845094,0.5446684956550598,0.6059816479682922,0.0004726690140192916,0.0007989393343584075,0.0005545490257714839,0.12827850874781602
1782125072.602668,52.747092962265015,rhymes_and_toys,speech_attention_movie,speech_social,1514,1,0.44812797094983453,0.3727947982057697,0.4104613845778021,1,0,0.543484553694725,0.5703550219535828,0.037769071593629154,0.3004937595634886,-7.441278451443139,0.5449355989694595,0.6049050390720367,0.0011092478965766788,0.0006365788825573873,0.0009148653706280703,0.12832411832485904
1782125072.636908,52.78133296966553,rhymes_and_toys,speech_attention_movie,speech_social,1515,1,0.4454379506038556,0.3665634268796902,0.40600068874177286,1,0,0.5434351176023483,0.5703620314598083,0.03747641509377204,0.3001286862551444,-7.690240036324471,0.5450940430164337,0.604650616645813,0.00029972535259323465,0.0008095225439834442,0.0001729123510258902,0.12899738544236447
1782125072.673297,52.81772184371948,rhymes_and_toys,speech_attention_movie,speech_social,1516,1,0.4316865825842477,0.35978990473598804,0.3957382436601179,1,0,0.5433127254247665,0.5705192923545838,0.04213571109337558,0.2977457313700383,-7.490233633122655,0.5449497848749161,0.6056858897209167,0.0010452754428517481,0.0007455500902585135,6.758600206471328e-05,0.1287349091260166
1782125072.706935,52.851359844207764,rhymes_and_toys,speech_attention_movie,speech_social,1517,1,0.426974839902594,0.3666196363139258,0.3967972381082599,1,0,0.5433315604925155,0.5709054470062256,0.041857272216197186,0.29682086487463377,-7.885958461851921,0.5449107587337494,0.6066243648529053,0.0009392862253090068,0.00010598921754274133,0.00013049648413696922,0.12902014975726575
1782125072.741481,52.88590598106384,rhymes_and_toys,speech_attention_movie,speech_social,1518,1,0.41752381093926066,0.36240035546966587,0.38996208320446324,1,0,0.5434584319591522,0.5708611071109773,0.03937286012113031,0.29625356761797617,-7.498777580400895,0.5450725704431534,0.6069292426109314,0.0003451571767170387,0.0005941290485919681,0.00018816492490960696,0.12997591265326752
1782125072.775702,52.92012691497803,rhymes_and_toys,speech_attention_movie,speech_social,1519,1,0.42729436572794904,0.3616413852643513,0.39446787549615014,1,0,0.5434034585952758,0.5709855198860169,0.041156511164005406,0.2954976334135903,-7.319022086311504,0.5450265407562256,0.6071243286132812,0.00020044271099622932,0.00014471446572080938,0.0002743283593282436,0.1290940216785988
1782125072.809303,52.95372796058655,rhymes_and_toys,speech_attention_movie,speech_social,1520,1,0.4192293952645603,0.37109897436465594,0.39516418481460813,1,0,0.5435146450996399,0.5705787897109985,0.043394858381413506,0.29795816346247644,-7.4909869774253774,0.5452944934368134,0.6063469052314758,0.0008223051462881322,0.0006218624352919028,0.000486556456351371,0.12797251619536099
1782125072.843542,52.987967014312744,rhymes_and_toys,speech_attention_movie,speech_social,1521,1,0.41905892174402837,0.36228451294782427,0.3906717173459263,1,0,0.543517929315567,0.5707831501960754,0.04293588165586277,0.2960976179635724,-7.617508073854799,0.5452291965484619,0.6066827476024628,0.0003421312347309273,0.00048017391155720485,0.00010243896829720937,0.1295315679305344
1782125072.8789508,53.02337574958801,rhymes_and_toys,speech_attention_movie,speech_social,1522,1,0.41859635076878665,0.3699434497831153,0.394269900275951,1,0,0.5433291912078857,0.5706449449062347,0.041814819618514305,0.29760869512370486,-7.480424774428375,0.5454265028238297,0.6067835092544556,0.0002215461053862308,0.0001205851293446965,9.214187665892895e-05,0.1297971067499092
1782125072.912912,53.05733680725098,rhymes_and_toys,speech_attention_movie,speech_social,1523,1,0.41665935779304547,0.3710515366773167,0.39385544723518107,1,0,0.5435244679450989,0.5705941319465637,0.042484320467067474,0.2980884788990047,-7.407438479216822,0.5453450679779053,0.6062010824680328,0.0005880923360097757,0.0003665462306235449,0.0002658149739639892,0.12961889990168374
1782125072.94829,53.09271502494812,rhymes_and_toys,speech_attention_movie,speech_social,1524,1,0.4146543448139345,0.3900664143942759,0.4023603796041052,1,0,0.5433706551790237,0.5705534279346467,0.04037985731083614,0.29861469804221136,-7.519311540537426,0.5454416871070862,0.6053081154823303,0.000898178876214706,0.00031008654020493027,0.0001210690002767706,0.12907888436235643
1782125072.9807098,53.12513470649719,rhymes_and_toys,speech_attention_movie,speech_social,1525,1,0.4293999053880281,0.3537491422643863,0.39157452382620717,1,0,0.5436603963375092,0.5702216625213623,0.04007447972332944,0.2991990018717709,-7.756591554122257,0.545319527387619,0.6053365767002106,0.00012543140748442152,0.0007727474687302845,0.0003100628469354129,0.1302592488612236
1782125073.015372,53.159796953201294,rhymes_and_toys,speech_attention_movie,speech_social,1526,1,0.4125403549048323,0.3889156346251463,0.4007279947649893,1,0,0.5433735877275467,0.5699258089065551,0.04207649278875968,0.2986704846128893,-7.699819108740889,0.5447964072227478,0.6050327718257904,0.0006049397561876231,0.00047950834870320164,0.0004977620510866289,0.12949318523941608
1782125073.051001,53.19542598724365,rhymes_and_toys,speech_attention_movie,speech_social,1527,1,0.41923814618751565,0.3892591911574354,0.40424866867247555,1,0,0.543091556429863,0.5693435430526733,0.04031064474646529,0.3001145958303896,-7.6812557091338896,0.5445781052112579,0.6045034825801849,0.0005725407179704591,3.239903821716404e-05,0.0002919022869260344,0.12889814626583362
1782125073.084788,53.22921299934387,rhymes_and_toys,speech_attention_movie,speech_social,1528,1,0.4250787516162046,0.4037021006034691,0.4143904261098369,1,0,0.5429899632930756,0.5689352571964263,0.040713064361175784,0.29687002654500483,-7.918049871261302,0.5445316433906555,0.6061751842498779,0.0016723472047478754,0.0010998064867774162,0.0023239418725341525,0.12825869543650278
1782125073.1196349,53.2640597820282,rhymes_and_toys,speech_attention_movie,speech_social,1529,1,0.42329498428191253,0.40088814634451764,0.4120915653132151,1,0,0.5429343402385711,0.5685074508190155,0.039523785138073995,0.2951036749967464,-7.461010449213848,0.5444135069847107,0.6063721776008606,0.0002297010899863998,0.0014426461147614756,0.0011137483212908049,0.12886973203089175
1782125073.152308,53.296732902526855,rhymes_and_toys,speech_attention_movie,speech_social,1530,1,0.42285095187460914,0.3905495080097323,0.4067002299421707,1,0,0.5426775008440018,0.5686894655227661,0.037600968910104636,0.2959595342680944,-7.286411973459632,0.5445554852485657,0.6063938438892365,0.00014362191845000588,8.607917153639392e-05,0.000971778278634193,0.12908277426403797
1782125073.18834,53.332764863967896,rhymes_and_toys,speech_attention_movie,speech_social,1531,1,0.42083604500429406,0.3922422052394774,0.4065391251218857,1,0,0.5425667196512223,0.5685123801231384,0.04235738916517554,0.2946293973027479,-7.767575121789984,0.5438679456710815,0.6061702966690063,0.0007229688999394532,0.0005793469814894473,0.00048122026657722387,0.12916004194928157
1782125073.222731,53.36715602874756,rhymes_and_toys,speech_attention_movie,speech_social,1532,1,0.43065395068547535,0.39513276660544794,0.4128933586454616,1,0,0.5422307163476944,0.5684433102607727,0.03723770211301739,0.2948893666226553,-7.43253192348712,0.5441985130310059,0.6059723198413849,0.0003853175362248516,0.0003376513637146016,0.0008983846552358371,0.12831144057290444
1782125073.257474,53.4018988609314,rhymes_and_toys,speech_attention_movie,speech_social,1533,1,0.4211232170767616,0.3951836671297272,0.4081534421032444,1,0,0.5424391090869904,0.5683349609375,0.03564796670698349,0.29605147571586843,-7.836932712727259,0.543830156326294,0.6058337390422821,0.0003935623200792807,8.24478385442909e-06,0.0007682873836824537,0.1294093368544579
1782125073.291737,53.43616199493408,rhymes_and_toys,speech_attention_movie,speech_social,1534,1,0.4266890433620845,0.4044959738072989,0.4155925085846917,1,0,0.5419607669115066,0.5681552469730378,0.0332026958628968,0.29773018300203813,-7.879663610392864,0.5441595017910004,0.6051848530769348,0.0007276822322603272,0.0003341199121810465,0.0007046217925556445,0.12956528341670434
1782125073.326783,53.47120785713196,rhymes_and_toys,speech_attention_movie,speech_social,1535,1,0.41720059235753004,0.4142204587607989,0.41571052555916443,1,0,0.5420345693826676,0.5679548501968383,0.035751986779940625,0.29769072051538237,-7.982099893991417,0.5436149090528488,0.6042869389057159,0.0010501576592698246,0.00032247542700949744,0.000685072861345787,0.12910698289314107
1782125073.361021,53.50544595718384,rhymes_and_toys,speech_attention_movie,speech_social,1536,1,0.415417889443698,0.41383049891029405,0.41462419417699603,1,0,0.5417841464281082,0.5681194186210632,0.03623849556649075,0.29576721977104725,-7.575571058845646,0.5436209142208099,0.6058614253997803,0.0015744979460238207,0.0005243402867539961,0.0010109418073368356,0.12777325263034459
1782125073.394876,53.5393009185791,rhymes_and_toys,speech_attention_movie,speech_social,1537,1,0.4178595541968478,0.4162022591031602,0.417030906650004,1,0,0.5417770475149155,0.5685970425605774,0.035899666779853734,0.2963716647851599,-7.891797880135819,0.5437177866697311,0.6058566570281982,9.698973516581806e-05,0.0014775082108580027,0.0012925697218557736,0.12826951851507784
1782125073.427596,53.57202100753784,rhymes_and_toys,speech_attention_movie,speech_social,1538,1,0.4134935666199731,0.39927994807177913,0.40638675734587615,1,0,0.5418321013450622,0.5689764976501465,0.03386249706906372,0.29369123366281963,-7.524984680147389,0.5436928868293762,0.6070484519004822,0.0011920549566408348,0.0010950652214750168,0.000987555689250794,0.1289172949156119
1782125073.464841,53.60926580429077,rhymes_and_toys,speech_attention_movie,speech_social,1539,1,0.4190423083965148,0.40366687469221174,0.41135459154436327,1,0,0.5419244140386581,0.5693099677562714,0.03132855546093722,0.29516767967961477,-7.425807278661174,0.5442668199539185,0.6072604954242706,0.0006118510336899318,0.000580203922950903,0.0014196070970022168,0.12828256553946543
1782125073.498624,53.643049001693726,rhymes_and_toys,speech_attention_movie,speech_social,1540,1,0.42374913680656323,0.39939583271034,0.41157248475845165,1,0,0.5422479122877121,0.5699625194072724,0.03313169071299179,0.29409107618428754,-7.726950270373563,0.5441055595874786,0.607955664396286,0.000713627918061805,0.00010177688437187319,0.001074774580576859,0.1279583133319884
1782125073.532448,53.676872968673706,rhymes_and_toys,speech_attention_movie,speech_social,1541,1,0.4257773525804295,0.41922696425161826,0.4225021584160239,1,0,0.5425912201404571,0.5702743828296661,0.03207518162575193,0.29726089607668565,-7.353011315542089,0.5444051325321198,0.6071612536907196,0.0008490184440160666,0.00013539052595426169,0.0008498456362113396,0.12792523478870077
1782125073.565849,53.71027398109436,rhymes_and_toys,speech_attention_movie,speech_social,1542,1,0.43071237980309607,0.41423373465786495,0.4224730572304805,1,0,0.54276702105999,0.5706903517246247,0.03330111474190072,0.2953313778114049,-7.6777161851660205,0.5444527566432953,0.6081657707691193,0.0010056453732612929,0.00015662692924522622,0.0005272508386658578,0.12822504687853326
1782125073.5995939,53.74401879310608,rhymes_and_toys,speech_attention_movie,speech_social,1543,1,0.4218723922145985,0.414675682941577,0.41827403757808773,1,0,0.5429494112730027,0.5705335736274719,0.033026341576603314,0.2958095704121707,-7.194043942132261,0.5449410080909729,0.6075967848300934,0.0007497562770450444,0.00025588909621624843,0.0004849183256086377,0.12805490783081233
1782125073.635214,53.77963900566101,rhymes_and_toys,speech_attention_movie,speech_social,1544,1,0.4164509659645757,0.4064420943473474,0.41144653015596155,1,0,0.5431876450777053,0.5705586552619935,0.03262712755760702,0.29788002401069313,-7.189088047084553,0.5451791435480118,0.6072962880134583,0.0003834147006922974,0.000366341576352747,0.0006157568050431818,0.1287403268479075
1782125073.669729,53.81415390968323,rhymes_and_toys,speech_attention_movie,speech_social,1545,1,0.4168212204780662,0.4082367022304994,0.4125289613542828,1,0,0.5437208890914917,0.5708305895328523,0.03413357533761032,0.2977939153687283,-7.074381707490104,0.5453479886054993,0.6079729497432709,0.0006974093131231924,0.00031399461243089495,0.00026915775113465373,0.12850000702578213
1782125073.7053819,53.849806785583496,rhymes_and_toys,speech_attention_movie,speech_social,1546,1,0.43047768208545334,0.4265575865238951,0.4285176343046742,1,0,0.5439388155937195,0.5709710001945496,0.035277819946245396,0.29807288862796405,-7.368686996704903,0.5459727942943573,0.6077491641044617,0.0006636732335770396,3.373607954615279e-05,0.0003610178895341893,0.12866925395392456
1782125073.7388852,53.883310079574585,rhymes_and_toys,speech_attention_movie,speech_social,1547,1,0.413635550358746,0.418763424748451,0.4161994875535985,1,0,0.5446013927459716,0.5717931747436523,0.03545674547146109,0.29889099982473954,-7.016863402633343,0.5461346209049225,0.6081151068210602,0.00040012738436467226,0.0002635458492123673,0.0004681305619182043,0.1304665106171301
1782125073.7746618,53.91908669471741,rhymes_and_toys,speech_attention_movie,speech_social,1548,1,0.4198178847379253,0.4112011095747987,0.415509497156362,1,0,0.5456600308418273,0.5723076105117798,0.035954574632173254,0.2994129319336216,-6.518040389241308,0.5466727316379547,0.608916163444519,0.0009650154791462123,0.0005648880947815401,0.00028155898547559794,0.1296651298155419
1782125073.808842,53.953266859054565,rhymes_and_toys,speech_attention_movie,speech_social,1549,1,0.4102437882547489,0.41085677521570363,0.41055028173522623,1,0,0.5461044758558273,0.5729703366756439,0.03485118827692438,0.2989834194043114,-5.913237485359647,0.5473414063453674,0.6102446615695953,0.0014872905340466316,0.0005222750549004193,0.00023541421657513243,0.13006573887721762
1782125073.842251,53.98667597770691,rhymes_and_toys,speech_attention_movie,speech_social,1550,1,0.4223729147193813,0.41460167546152354,0.41848729509045246,1,0,0.5471854686737061,0.5730491042137146,0.0387105070296947,0.2980630333379676,-6.2869691209455505,0.5478520542383194,0.6103112101554871,0.0005149660035968102,0.0009723245304498214,0.0003708733903048955,0.12777261447641217
1782125073.878007,54.02243185043335,rhymes_and_toys,speech_attention_movie,speech_social,1551,1,0.42204509197321505,0.41015835726944266,0.4161017246213289,1,0,0.5476756274700165,0.5737587153911591,0.039785008017355315,0.2988108515072665,-5.923104248300202,0.5480266660451889,0.6108054518699646,0.0005241795068752032,9.213503278393022e-06,0.0003583528237958065,0.12836885730243586
1782125073.912349,54.05677390098572,rhymes_and_toys,speech_attention_movie,speech_social,1552,1,0.42209333441856633,0.41408182910431784,0.4180875817614421,1,0,0.5483477026224136,0.5742629885673523,0.039517523779797156,0.2965386241406695,-6.525991772026762,0.5486037880182266,0.6121916174888611,0.0015015075406982223,0.000977328033823019,0.0006373458770991289,0.12747974042333982
1782125073.9473531,54.09177803993225,rhymes_and_toys,speech_attention_movie,speech_social,1553,1,0.4248344546642659,0.4186489439282815,0.4217416992962737,1,0,0.5487608969211578,0.5747584462165832,0.04329566039068943,0.29735475130282235,-6.610210515691346,0.548274576663971,0.6119073331356049,0.0004349686302219585,0.001066538910476264,0.0003972787065518588,0.12861275559301272
1782125073.979218,54.123642921447754,rhymes_and_toys,speech_attention_movie,speech_social,1554,1,0.4266529218571059,0.4245851790609244,0.42561905045901516,1,0,0.5491452157497405,0.5745582640171051,0.04209171704954996,0.2961024073068523,-6.123603691678006,0.5487291216850281,0.6124904453754425,0.00073934502122913,0.0003043763910071715,0.0004420208005540874,0.12833810863302397
1782125074.014118,54.15854287147522,rhymes_and_toys,speech_attention_movie,speech_social,1555,1,0.4293314431907487,0.42130935696378513,0.4253204000772669,1,0,0.549218812584877,0.5749205768108367,0.0396644931244178,0.29449221984282203,-6.432692613275631,0.54918172955513,0.6133335828781128,0.0009569402972428815,0.00021759527601375157,0.0007441140513899382,0.12812593482690565
1782125074.049313,54.19373798370361,rhymes_and_toys,speech_attention_movie,speech_social,1556,1,0.4216899989563002,0.420800018874674,0.4212450089154871,1,0,0.5494689673185349,0.5743456125259399,0.038312660846625116,0.2985376620829897,-6.520597789909161,0.549568772315979,0.6113959550857544,0.001975905756974582,0.0010189654597317003,0.0004164180555440828,0.12836135841744398
1782125074.082857,54.22728180885315,rhymes_and_toys,speech_attention_movie,speech_social,1557,1,0.4254437183727056,0.42513317747397217,0.42528844792333886,1,0,0.5498646318912506,0.5736459910869598,0.04127731424853782,0.29696793372532104,-6.791892276634069,0.5494885146617889,0.611025333404541,0.0003792119745492266,0.0015966937824253553,0.00032003306719040233,0.12815697334286874
1782125074.1179361,54.2623610496521,rhymes_and_toys,speech_attention_movie,speech_social,1558,1,0.4225823313538198,0.4081847862891266,0.41538355882147315,1,0,0.5497547924518585,0.5738983690738678,0.04089035436005395,0.2970633364866743,-6.313580565644154,0.5497128665447235,0.6108372211456299,0.00029277976249894084,8.643221205028575e-05,0.00023455386030875157,0.1302306406666208
1782125074.152228,54.296653032302856,rhymes_and_toys,speech_attention_movie,speech_social,1559,1,0.4416696922522194,0.4190940728085049,0.43038188253036214,1,0,0.5499111264944077,0.5734809279441834,0.04048699931509248,0.2991013027311492,-6.411955942511553,0.549987867474556,0.6104803383350372,0.00045054506090426406,0.00015776529840532322,0.00013693898255284808,0.12996162648587628
1782125074.185718,54.330142974853516,rhymes_and_toys,speech_attention_movie,speech_social,1560,1,0.4276441395300079,0.4321268877118561,0.42988551362093197,1,0,0.550193014740944,0.5736765325069428,0.040576310354095126,0.2970167499989075,-6.108716222385888,0.5499291270971298,0.6107983887195587,0.00032342924888517784,0.0001271158120190862,0.0003174680197467786,0.12906139780703843
1782125074.221666,54.36609101295471,rhymes_and_toys,speech_attention_movie,speech_social,1561,1,0.43362768162844767,0.43304413849452306,0.43333591006148536,1,0,0.5502137064933776,0.5735468685626983,0.04033617271302276,0.2977576185314663,-6.393328829890024,0.5498882234096527,0.6105526983737946,0.00024907199290754835,7.43572559776295e-05,0.0001385215594893622,0.1297226223317272
1782125074.2565062,54.40093111991882,rhymes_and_toys,speech_attention_movie,speech_social,1562,1,0.4303868783046354,0.4297409888052703,0.43006393355495287,1,0,0.5500945955514908,0.5730666577816009,0.04146451005394371,0.29819083581260264,-6.43623041260449,0.5497910678386688,0.6101701855659485,0.00039465840056875643,0.00014558640766120808,0.0006223961851042251,0.12948465620745866
1782125074.291241,54.43566584587097,rhymes_and_toys,speech_attention_movie,speech_social,1563,1,0.4226014363641291,0.4414380081703344,0.43201972226723173,1,0,0.5499160140752792,0.5725227355957031,0.0414739223567669,0.2967279351461615,-6.621742863528714,0.5494908392429352,0.6092671155929565,0.0009516683171230742,0.0005570099165543178,0.0007806540268190083,0.12957305424168375
1782125074.3253372,54.469762086868286,rhymes_and_toys,speech_attention_movie,speech_social,1564,1,0.4339366043507806,0.43549562388789975,0.4347161141193402,1,0,0.5496064037084579,0.5722918391227723,0.03921654182205109,0.2953046727857205,-6.653249241232373,0.5496335029602051,0.6096658706665039,0.00042350743193600313,0.0005281608851870712,0.00034473968972537067,0.1302307112958217
1782125074.3591459,54.503570795059204,rhymes_and_toys,speech_attention_movie,speech_social,1565,1,0.4335752048764217,0.4348313441599039,0.43420327451816276,1,0,0.5492220550775528,0.5715863108634949,0.03844260387884528,0.29507208245839095,-6.189939586887879,0.5491783320903778,0.6097303926944733,0.0004597212338282766,3.621380189227345e-05,0.00023431392524592864,0.12967474096206894
1782125074.394046,54.53847098350525,rhymes_and_toys,speech_attention_movie,speech_social,1566,1,0.4217523355289554,0.42451988267492347,0.42313610910193944,1,0,0.5490503668785095,0.5712051272392273,0.03190244232166737,0.29434885719296555,-6.429304104063016,0.5496308207511902,0.6089441180229187,0.000907179060214696,0.00044745782638641943,0.000484540068997417,0.13002252112858978
1782125074.426663,54.57108783721924,rhymes_and_toys,speech_attention_movie,speech_social,1567,1,0.41387487075300766,0.4180769494109618,0.41597591008198476,1,0,0.5485540509223938,0.5705727636814117,0.031945901711493994,0.29645892555241643,-6.43989646639447,0.549357682466507,0.6076877415180206,0.0012857240935051303,0.0003785450332904343,0.00027429906356616637,0.13027612905163327
1782125074.465018,54.609442949295044,rhymes_and_toys,speech_attention_movie,speech_social,1568,1,0.4158160776496583,0.43259705487776196,0.4242065662637101,1,0,0.5480501264333725,0.5704900681972503,0.0358247473137965,0.2990310259515808,-6.85311974681884,0.548871174454689,0.6067318916320801,0.00107253860071123,0.00021318549279390037,0.00014023160052052515,0.13084777326124114
1782125074.495738,54.6401629447937,rhymes_and_toys,speech_attention_movie,speech_social,1569,1,0.41152492071236213,0.42520461015420513,0.4183647654332836,1,0,0.5473902672529221,0.5708240926265716,0.033610253792867424,0.2981965515683814,-6.6633961478395065,0.5483764410018921,0.6067121624946594,0.0004951266789214061,0.0005774119217898238,0.00012897617658710393,0.1312148263641877
1782125074.53215,54.67657494544983,rhymes_and_toys,speech_attention_movie,speech_social,1570,1,0.4333193365840524,0.4292982717376741,0.43130880416086326,1,0,0.5467795431613922,0.5706370890140533,0.03444559064994972,0.29463449133193004,-7.229496655609718,0.5476725399494171,0.6082068383693695,0.0016521297352555973,0.0011570030563341912,0.0002708546685922723,0.13050383387819897
1782125074.564512,54.70893692970276,rhymes_and_toys,speech_attention_movie,speech_social,1571,1,0.4393963297691664,0.42685894066106767,0.43312763521511705,1,0,0.5468158453702927,0.5697114288806915,0.035813277581487876,0.2946816872922274,-6.972980919213516,0.5474335849285126,0.6079813241958618,0.00032856680366151773,0.0013235629315940796,0.00015725676725110313,0.12988194758018093
1782125074.5994391,54.74386405944824,rhymes_and_toys,speech_attention_movie,speech_social,1572,1,0.4400412831759884,0.43338730460492975,0.43671429389045907,1,0,0.5470075100660324,0.5699234843254088,0.034769630790869484,0.29461603856052715,-7.096277806039407,0.5474746525287628,0.6078834235668182,0.00010616534725343451,0.0002224014564080832,0.0004867274103267587,0.12957039121404962
1782125074.6339111,54.77833604812622,rhymes_and_toys,speech_attention_movie,speech_social,1573,1,0.44727973107271124,0.41656215197649804,0.43192094152460464,1,0,0.5468130528926849,0.5693891882896424,0.031174582154514373,0.2947698259194078,-7.3250772170465375,0.5475318729877472,0.6075148582458496,0.00037298066537970877,0.00026681531812627424,0.00038452611222512426,0.12960654263322208
1782125074.669728,54.81415295600891,rhymes_and_toys,speech_attention_movie,speech_social,1574,1,0.43367707825783414,0.4213292200516347,0.4275031491547344,1,0,0.5466969788074494,0.5686136722564696,0.03561304269450165,0.29582535381659486,-7.036385647655296,0.5470910668373108,0.6068253219127655,0.0008183950249761023,0.00044541435959639356,0.00017709094318532045,0.12882005183423573
1782125074.7050161,54.849441051483154,rhymes_and_toys,speech_attention_movie,speech_social,1575,1,0.43865163909973914,0.43173827613845905,0.4351949576190991,1,0,0.5467386245727539,0.5685198843479157,0.03549973888052843,0.2959371991829797,-6.715946488086831,0.5473935008049011,0.6060404479503632,0.000841126293495564,2.2731268519461667e-05,7.418877009171846e-05,0.12860905529553718
1782125074.737538,54.88196301460266,rhymes_and_toys,speech_attention_movie,speech_social,1576,1,0.4323008024001348,0.43051455769332087,0.4314076800467278,1,0,0.5468012005090714,0.5681884825229645,0.03644528339369133,0.29719149398071104,-6.959479434006945,0.5474640130996704,0.6054132878780365,0.0006311115115686074,0.00021001478192695657,0.0002478856381164826,0.12980759909830525
1782125074.773589,54.91801381111145,rhymes_and_toys,speech_attention_movie,speech_social,1577,1,0.4298948043401443,0.4440858914895283,0.4369903479148363,1,0,0.5468753606081009,0.5674333333969117,0.03885422681520352,0.2948261215732148,-6.779880195187354,0.5473792850971222,0.6051530838012695,0.0002736512305507886,0.0003574602810178188,0.0008208956477382433,0.12863377802170517
1782125074.805433,54.94985795021057,rhymes_and_toys,speech_attention_movie,speech_social,1578,1,0.4331790459568391,0.43979895241584205,0.43648899918634054,1,0,0.5471869736909867,0.5669477581977844,0.037725461626664555,0.2950324815609149,-7.201179346808128,0.5478546023368835,0.6048124432563782,0.0005847755631336111,0.00031112433258282247,0.0006443845972607511,0.12883472269200727
1782125074.841644,54.98606896400452,rhymes_and_toys,speech_attention_movie,speech_social,1579,1,0.42409895360697525,0.4529799374417983,0.4385394455243868,1,0,0.5472949504852296,0.5665778636932373,0.040619794044824555,0.29465633861191837,-6.979754956144217,0.5477305054664612,0.6048270463943481,0.00012495313076187737,0.0004598224323717337,0.0005753323430431096,0.12862302805045273
1782125074.875665,55.020089864730835,rhymes_and_toys,speech_attention_movie,speech_social,1580,1,0.4140864372873824,0.43514751229899457,0.4246169747931885,1,0,0.5473985403776169,0.5665766656398773,0.04228731642841094,0.29562621767000385,-7.0129502664572385,0.5474328994750977,0.6049135625362396,0.00030992639271809906,0.0001849732619562217,0.00044194044073497693,0.12912082091925928
1782125074.9107242,55.05514907836914,rhymes_and_toys,speech_attention_movie,speech_social,1581,1,0.4025027042250163,0.4353942179290401,0.4189484610770282,1,0,0.5471025466918946,0.5665953874588012,0.04062906440705545,0.29530954110029844,-6.507868487699006,0.547517940402031,0.6048904061317444,8.813726977176036e-05,0.0002217891229463387,0.00023575845920785284,0.13002934573809666
1782125074.9445739,55.088998794555664,rhymes_and_toys,speech_attention_movie,speech_social,1582,1,0.4253517557697929,0.427504786923141,0.42642827134646694,1,0,0.5472820609807968,0.5669072151184082,0.040210470892472365,0.295300564783506,-6.911229095080144,0.5472812354564667,0.6052059829235077,0.0003944844011544751,0.0003063471313827147,0.00047031926481556197,0.12899766196460075
1782125074.98001,55.12443494796753,rhymes_and_toys,speech_attention_movie,speech_social,1583,1,0.4197183834571311,0.4337238271452653,0.4267211053011982,1,0,0.546783235669136,0.5670680940151215,0.03819554852519815,0.2949074683008506,-6.428212865018155,0.5474395453929901,0.6060615479946136,0.0008700882868413964,0.0004756038856869213,0.00022204754375118824,0.12865162802536584
1782125075.012929,55.15735387802124,rhymes_and_toys,speech_attention_movie,speech_social,1584,1,0.4466209972803975,0.4236598246272487,0.4351404109538231,1,0,0.546460783481598,0.5674781680107117,0.035278155687619654,0.29611687430256634,-7.234877743050046,0.5469278395175934,0.605885922908783,0.0005410056133614225,0.0003290826734799739,0.0003746229421518495,0.12874580695961912
1782125075.049067,55.19349193572998,rhymes_and_toys,speech_attention_movie,speech_social,1585,1,0.4349666171938884,0.4405764639714318,0.4377715405826601,1,0,0.5455342352390289,0.5675710082054137,0.03588285612245816,0.29667736627057634,-7.270629370427797,0.5464468449354172,0.6040728092193604,0.001875829693456878,0.0013348240800954555,0.0002230159638471502,0.12954194664326607
1782125075.082489,55.226913928985596,rhymes_and_toys,speech_attention_movie,speech_social,1586,1,0.42187283226424854,0.4374977353852144,0.4296852838247315,1,0,0.5446261584758758,0.5671553671360016,0.03684281336974721,0.297764614024304,-7.142209471042424,0.5461556613445282,0.6046417653560638,0.000639139240772745,0.001236690452684133,0.0001886595546728989,0.12864708558064733
1782125075.1178722,55.2622971534729,rhymes_and_toys,speech_attention_movie,speech_social,1587,1,0.4145796612835571,0.423736113038817,0.41915788716118707,1,0,0.544599038362503,0.5671568095684052,0.0333399732734426,0.2958263238130963,-7.009753712672918,0.5458784699440002,0.6043886840343475,0.00037534681020134214,0.00026379243057140286,0.00031017314794015217,0.12863299145734414
1782125075.149736,55.29416084289551,rhymes_and_toys,speech_attention_movie,speech_social,1588,1,0.41305010013690685,0.41393845798251405,0.4134942790597105,1,0,0.5444615602493286,0.5670691847801208,0.029152995320665585,0.2962510870480545,-7.156818147197659,0.5462720990180969,0.6044197082519531,0.0003948497816287207,1.950297142737855e-05,0.0003521594560600931,0.12840311635397486
1782125075.185096,55.32952094078064,rhymes_and_toys,speech_attention_movie,speech_social,1589,1,0.4227762580574478,0.42008411316198485,0.42143018560971635,1,0,0.5444322198629379,0.5673334062099458,0.030885204493300282,0.29691209192534107,-7.329022660222263,0.5462135225534439,0.6046169102191925,0.00020571781180619094,0.00018913196982252975,0.00020396674074609953,0.12864930365279986
1782125075.219945,55.36436986923218,rhymes_and_toys,speech_attention_movie,speech_social,1590,1,0.4228322627162439,0.4152285479647029,0.4190304053404734,1,0,0.5444974720478057,0.5676745235919952,0.0315655335857436,0.29857822750806473,-7.264782322024303,0.5465728640556335,0.6047974824905396,0.0004021599935042464,0.00019644218169805546,0.00013686644876918306,0.1291812827822808
1782125075.256565,55.40099000930786,rhymes_and_toys,speech_attention_movie,speech_social,1591,1,0.4253543647562352,0.40291828231779353,0.41413632353701435,1,0,0.5449037283658982,0.5681139171123504,0.033995239422211866,0.2989591474354169,-7.162389465334357,0.5464398115873337,0.6046991944313049,0.00016541917031830008,0.00023674082318594632,0.00031897065158756013,0.13007534852766564
1782125075.290066,55.43449091911316,rhymes_and_toys,speech_attention_movie,speech_social,1592,1,0.4238452340418957,0.3901123682577312,0.40697880114981344,1,0,0.5449446856975555,0.5683561205863952,0.031990199025627046,0.2964216578261487,-6.999036201372849,0.5468778610229492,0.6050106287002563,0.0005374742895435982,0.00037205511922529813,0.00022820599224871748,0.13054070154842984
1782125075.323113,55.46753787994385,rhymes_and_toys,speech_attention_movie,speech_social,1593,1,0.4159431951654007,0.40032677189484484,0.4081349835301228,1,0,0.5457776069641114,0.5682603061199187,0.029841269736883766,0.2992039595128658,-6.861396118059541,0.5474860072135925,0.6047841906547546,0.0006489344941090771,0.00011146020456547889,0.0003069813930583152,0.13029774293330088
1782125075.3584461,55.50287103652954,rhymes_and_toys,speech_attention_movie,speech_social,1594,1,0.4205269108354365,0.41117264974877943,0.41584978029210795,1,0,0.5461433857679368,0.5686886131763458,0.030623373705026883,0.2969803894903551,-7.031236958292138,0.5477870255708694,0.6066311001777649,0.001871279465393573,0.001222344971284496,0.0003587716595374424,0.1308889024170895
1782125075.391962,55.53638696670532,rhymes_and_toys,speech_attention_movie,speech_social,1595,1,0.4177111417597556,0.425470873555191,0.42159100765747326,1,0,0.5465395271778106,0.568976902961731,0.0306445441514948,0.293793769788868,-6.7991613760923775,0.5480525940656662,0.6072137951850891,0.000640359349888158,0.001230920115505415,0.0002977931164851742,0.13002561209583316
1782125075.425747,55.57017183303833,rhymes_and_toys,speech_attention_movie,speech_social,1596,1,0.4281993436939876,0.4125811196987475,0.4203902316963676,1,0,0.5469095945358277,0.5687320113182068,0.03273575455883135,0.2928090169495493,-6.966948372892752,0.5480323433876038,0.6064962446689606,0.0007178362161094429,7.747686622128485e-05,0.0004405415907947007,0.12990324668033962
1782125075.4655218,55.609946727752686,rhymes_and_toys,speech_attention_movie,speech_social,1597,1,0.43975606781728294,0.4121423996559271,0.425949233736605,1,0,0.5465508192777633,0.5685975193977355,0.03035316435187158,0.2942969535477168,-7.165829409934909,0.5477893054485321,0.6067104637622833,0.0003239710786045884,0.0003938651375048545,0.00037921205653399675,0.12911397658441576
1782125075.495927,55.64035201072693,rhymes_and_toys,speech_attention_movie,speech_social,1598,1,0.4316052301145762,0.4086473356968256,0.42012628290570087,1,0,0.5461989492177963,0.5680961370468139,0.030613577412194667,0.29448462589819485,-7.347955906061601,0.5477733016014099,0.6062893867492676,0.00042138103186186983,9.740995325728145e-05,0.0003170534938361881,0.12977211120634413
1782125075.5309272,55.67535209655762,rhymes_and_toys,speech_attention_movie,speech_social,1599,1,0.4374409625412643,0.4047730892694558,0.4211070259053601,1,0,0.5461918771266937,0.5676476716995239,0.030521106825573328,0.2943156765423848,-7.4794060309595185,0.5476624220609665,0.6056983470916748,0.000601350271752102,0.00017996923989023217,0.0003245355723277451,0.12988184591162652
1782125075.563689,55.7081139087677,rhymes_and_toys,speech_attention_movie,speech_social,1600,1,0.43300434123873727,0.4090572177909325,0.4210307795148349,1,0,0.5463898837566376,0.5674241662025452,0.031311524128269506,0.29368893541132024,-7.311842835170063,0.5478964745998383,0.6061737537384033,0.0005298981701289133,7.145210162318866e-05,0.000283961080447506,0.13035105184944837
1782125075.597152,55.74157691001892,rhymes_and_toys,speech_attention_movie,speech_social,1601,1,0.42670715733153813,0.3967502561488844,0.4117287067402112,1,0,0.5464565247297287,0.5672949254512787,0.031021701603528816,0.2962006627879407,-7.184749357268096,0.5479594469070435,0.6052965521812439,0.0008794589719581374,0.00034956080182922406,0.00024563984815313596,0.13051879446473133
1782125075.632756,55.777180910110474,rhymes_and_toys,speech_attention_movie,speech_social,1602,1,0.4231538929380969,0.4075356827213177,0.4153447878297073,1,0,0.546323585510254,0.5677831590175628,0.0320164438830473,0.29444734148714546,-7.398305224304152,0.5478085726499557,0.6052699685096741,0.00015319834544113049,0.000726260626517007,0.00022106367247675605,0.130021991330108
1782125075.668184,55.81260895729065,rhymes_and_toys,speech_attention_movie,speech_social,1603,1,0.40830603940968335,0.4136472068658753,0.41097662313777933,1,0,0.5462724566459656,0.5679936468601227,0.03167981044897087,0.2951828641344796,-7.061532188198103,0.5477274805307388,0.6056883931159973,0.0004262101394568778,0.00027301179401574734,0.00037422073448433623,0.13001599465698374
1782125075.701982,55.84640693664551,rhymes_and_toys,speech_attention_movie,speech_social,1604,1,0.40702461692323827,0.4058817207384553,0.4064531688308468,1,0,0.5460165351629257,0.5682459056377411,0.036337562396770884,0.2945887976824372,-7.245389558370207,0.5473367869853973,0.6057772934436798,0.00040068031475673873,2.5529824700139063e-05,0.00017743579355499928,0.1308870691130729
1782125075.736332,55.880756855010986,rhymes_and_toys,speech_attention_movie,speech_social,1605,1,0.41210844264419844,0.40755312611161665,0.40983078437790754,1,0,0.5455431759357452,0.5678272843360901,0.03596850204016608,0.29609040227706634,-7.253862368213211,0.5473789572715759,0.6049371361732483,0.0008412149381075706,0.0004405346233508319,0.00027645120024788375,0.13001825878494447
1782125075.7696471,55.914072036743164,rhymes_and_toys,speech_attention_movie,speech_social,1606,1,0.4089178146020081,0.4017807843352701,0.40534929946863907,1,0,0.5454997181892395,0.5680083155632019,0.03670810384203367,0.2946934493372468,-7.123556274455366,0.547099381685257,0.6046976149082184,0.0003681479931591679,0.00047306694494840274,0.00026829855680116283,0.1314039952154602
1782125075.80393,55.948354959487915,rhymes_and_toys,speech_attention_movie,speech_social,1607,1,0.4180590502374676,0.4183208439324495,0.41818994708495855,1,0,0.5451630473136901,0.5681290805339814,0.036996581159339695,0.2932304721206966,-7.362888807079195,0.5464732348918915,0.6053172647953033,0.0008809232596578865,0.0005127752664987185,0.00012795283242142261,0.13049914930822423
1782125075.84082,55.98524498939514,rhymes_and_toys,speech_attention_movie,speech_social,1608,1,0.4165120976365636,0.42297104915701605,0.41974157339678986,1,0,0.5446931838989257,0.5676167786121369,0.03360948743032749,0.29371920929214196,-7.332666282662506,0.5466273725032806,0.6056819558143616,0.0003959266884493697,0.0004849965712085168,0.00021631532436393615,0.12980644055760088
1782125075.8752892,56.01971411705017,rhymes_and_toys,speech_attention_movie,speech_social,1609,1,0.41122387725254,0.4166088542872195,0.4139163657698798,1,0,0.5446212857961654,0.5677286922931671,0.03608077073572167,0.29280698079520495,-6.95380848208072,0.5460876226425171,0.6058894991874695,0.0005782768920813632,0.0001823502036319935,0.0005678536744602112,0.130562982062775
1782125075.9083211,56.052746057510376,rhymes_and_toys,speech_attention_movie,speech_social,1610,1,0.41114510496733053,0.43042528468925434,0.42078519482829246,1,0,0.5443459331989289,0.5675795137882234,0.03274539251825989,0.29573727353872875,-6.991612476267473,0.5467214584350586,0.6051630675792694,0.0009640802317747528,0.0003858033396933896,0.0006254434673210741,0.13000584558615133
1782125075.943972,56.08839702606201,rhymes_and_toys,speech_attention_movie,speech_social,1611,1,0.41579278438149886,0.4148390594038872,0.41531592189269306,1,0,0.5446721613407135,0.5678072094917297,0.03064689372833587,0.29492611966491694,-7.1362982103611525,0.5466276407241821,0.6054336428642273,0.0002863786788574544,0.0006777015529172984,0.0004272592761528265,0.13065273130841512
1782125075.97768,56.12210488319397,rhymes_and_toys,speech_attention_movie,speech_social,1612,1,0.410523574425172,0.4134314096478135,0.41197749203649275,1,0,0.5446508198976516,0.5679031908512115,0.032755205458419014,0.2951280943684327,-7.440871179023096,0.5464673042297363,0.604923278093338,0.0005349579336882834,0.00024857925483082904,0.00039021218337140375,0.13122315666941275
1782125076.0125299,56.156954765319824,rhymes_and_toys,speech_attention_movie,speech_social,1613,1,0.4093306074022547,0.41651209020077945,0.4129213488015171,1,0,0.5446941435337067,0.5677104294300079,0.03246750624777707,0.29591084776923526,-7.196754407542854,0.5466278195381165,0.6057417392730713,0.000834052676366879,0.00029909474267859556,0.00040768946311940175,0.13057336419210455
1782125076.048037,56.19246196746826,rhymes_and_toys,speech_attention_movie,speech_social,1614,1,0.4184572894330743,0.40824098060101077,0.4133491350170425,1,0,0.5448542237281799,0.5678597033023833,0.03305042044617669,0.2956852309562231,-7.270122917019238,0.546565979719162,0.6048422455787659,0.0009016169193751488,6.756424300826975e-05,0.00037193986295145157,0.12956595014291966
1782125076.081393,56.225817918777466,rhymes_and_toys,speech_attention_movie,speech_social,1615,1,0.40867271854546383,0.4206935201742083,0.41468311935983604,1,0,0.5449902683496475,0.5678688168525696,0.03145262881930771,0.29522035433251975,-7.253959856173731,0.5467556715011597,0.6059017777442932,0.00107637882826843,0.00017476190889328122,0.00026872261727660396,0.13011831224670253
1782125076.115294,56.259718894958496,rhymes_and_toys,speech_attention_movie,speech_social,1616,1,0.405668191221027,0.4188103885818702,0.4122392899014486,1,0,0.5450879514217377,0.5682455658912658,0.03185797515579715,0.2936001419449125,-7.431521946529354,0.5470968782901764,0.6059991121292114,0.00035481834135020387,0.0007215604869182261,0.0002747690411598568,0.13154705233642366
1782125076.1497211,56.2941460609436,rhymes_and_toys,speech_attention_movie,speech_social,1617,1,0.41394723852214527,0.41642624717806614,0.4151867428501057,1,0,0.5451152920722961,0.5681182563304901,0.03305056365307387,0.2934054038393016,-7.601597657708077,0.5467104017734528,0.6061456203460693,0.00041331435443947123,5.849601308926736e-05,0.000271957876694002,0.1307636778286375
1782125076.183635,56.328059911727905,rhymes_and_toys,speech_attention_movie,speech_social,1618,1,0.40638593802859835,0.41172966846697856,0.40905780324778845,1,0,0.5452051341533661,0.5677207410335541,0.033238812002954275,0.2948486074594374,-7.6361788096834955,0.5465511083602905,0.6054195463657379,0.0007433423278619252,0.000330027973422454,0.0003082105055448035,0.13088925797257903
1782125076.217219,56.36164402961731,rhymes_and_toys,speech_attention_movie,speech_social,1619,1,0.4013983324452931,0.4144601332497032,0.40792923284749816,1,0,0.5450848251581192,0.5675443828105926,0.03442521266874928,0.2941593083657109,-7.286744309784527,0.5465019643306732,0.6053247153759003,0.00010680848412282055,0.0006365338437391047,0.00022664811579936833,0.13039989572439617
1782125076.257445,56.401870012283325,rhymes_and_toys,speech_attention_movie,speech_social,1620,1,0.4037578828671964,0.41806926798597116,0.4109135754265838,1,0,0.5450681060552597,0.5673793137073517,0.0344363602304693,0.2947326773939811,-7.138094758949874,0.5464443564414978,0.6055815815925598,0.00026324688441885816,0.0001564384002960376,0.00032373975244099365,0.1295738359297644
1782125076.287668,56.432092905044556,rhymes_and_toys,speech_attention_movie,speech_social,1621,1,0.40154867254165216,0.42652765278537563,0.4140381626635139,1,0,0.5449703991413117,0.5672491610050201,0.03736842262506555,0.2958360945435587,-7.3197295199123475,0.546171635389328,0.604826956987381,0.0008023933368603657,0.0005391464524415075,0.0004699648449423562,0.13012452172866407
1782125076.321506,56.4659309387207,rhymes_and_toys,speech_attention_movie,speech_social,1622,1,0.4144980292331405,0.4239371869413541,0.4192176080872473,1,0,0.5446881175041198,0.5673692405223847,0.037210463343680875,0.2953734193001732,-7.146355086851995,0.5462804138660431,0.6048577725887299,0.0001130590919959462,0.0006893342448644194,0.0002321622389419296,0.12978494033950927
1782125076.3554199,56.499844789505005,rhymes_and_toys,speech_attention_movie,speech_social,1623,1,0.4122611236186213,0.4177702228859891,0.41501567325230515,1,0,0.5448771178722381,0.5673225164413452,0.033879499853932654,0.2965897147471953,-7.110305385191743,0.5463147759437561,0.6047045886516571,0.00015699067157593966,4.3931579579993465e-05,0.0002880840151526305,0.12863684796808647
1782125076.390668,56.53509283065796,rhymes_and_toys,speech_attention_movie,speech_social,1624,1,0.4078114712859542,0.41357309001043524,0.41069228064819474,1,0,0.5448326349258423,0.5671654403209686,0.034029669047066655,0.2978826105675049,-7.055060867350878,0.5462823361158371,0.6045898199081421,0.00011926527962248678,3.7725391953452884e-05,0.00029679602769360446,0.12871299756566518
1782125076.424969,56.56939387321472,rhymes_and_toys,speech_attention_movie,speech_social,1625,1,0.40424712729209705,0.4022610719330349,0.403254099612566,1,0,0.5445663690567017,0.5677691519260406,0.03439373695736896,0.29670652156810123,-7.213833840896925,0.5463002324104309,0.6053586602210999,0.0007690485707607683,0.0006497832911382816,0.00041259009724252854,0.12961428819873833
1782125076.459011,56.60343599319458,rhymes_and_toys,speech_attention_movie,speech_social,1626,1,0.4100142458841457,0.4115023563752451,0.4107583011296954,1,0,0.5447178989648819,0.5684383094310761,0.03580256423482248,0.29548320871750733,-7.403704526986708,0.5460498332977295,0.6058191061019897,0.00052412796612099,0.0002449206046397784,0.0009482805539710461,0.13016220100879308
1782125076.494889,56.63931393623352,rhymes_and_toys,speech_attention_movie,speech_social,1627,1,0.40712269859467404,0.3970672516826623,0.4020949751386682,1,0,0.5446384221315383,0.5679889798164368,0.03282715900730679,0.2948826383018121,-7.393453170084742,0.5463175773620605,0.6059669256210327,0.00030583900044730487,0.00021828896567368508,0.0004437256514647023,0.1309211841061031
1782125076.5285351,56.67296004295349,rhymes_and_toys,speech_attention_movie,speech_social,1628,1,0.4151123820464442,0.4046810610765625,0.40989672156150336,1,0,0.544512814283371,0.568033754825592,0.031437184436976046,0.29323818848557304,-7.707730288366632,0.5464154183864594,0.6065894067287445,0.0006301234764024483,0.00032428447595514345,0.0003491979796819531,0.1299562345783584
1782125076.562926,56.707350969314575,rhymes_and_toys,speech_attention_movie,speech_social,1629,1,0.40536179399719346,0.4083603612022665,0.40686107759973,1,0,0.5442792862653731,0.5675587356090546,0.03528444025225574,0.2951596703177953,-7.447159439482788,0.5461783856153488,0.6056851148605347,0.0009348413327890352,0.0003047178563865869,0.0003075988218642915,0.12962179830181955
1782125076.597267,56.74169182777405,rhymes_and_toys,speech_attention_movie,speech_social,1630,1,0.4096760628305109,0.39902711339737634,0.4043515881139436,1,0,0.5440364718437195,0.5676902294158936,0.03536731675451547,0.2943869985105642,-7.319279928278765,0.54594486951828,0.6053708493709564,0.0003915259449003275,0.0005433153878887076,0.00038368247807529885,0.129867667105687
1782125076.63235,56.776774883270264,rhymes_and_toys,speech_attention_movie,speech_social,1631,1,0.4104043461502405,0.41909190252491785,0.4147481243375792,1,0,0.5442588090896607,0.5672233939170838,0.03624601360744351,0.2949564008368894,-7.051961721759008,0.5458792895078659,0.6046571731567383,0.0007166829679200228,0.0003251570230196953,0.0006440889145102732,0.1297352557140922
1782125076.666949,56.8113739490509,rhymes_and_toys,speech_attention_movie,speech_social,1632,1,0.41428847061488694,0.4097208957495006,0.41200468318219374,1,0,0.5444946348667145,0.5668331444263459,0.03688541320128181,0.2945989595276115,-7.58820407418666,0.5459352731704712,0.6042161881923676,0.00044452436297660257,0.0002721586049434203,0.0005103497534822588,0.12991717543196088
1782125076.701768,56.846192836761475,rhymes_and_toys,speech_attention_movie,speech_social,1633,1,0.41379031591659005,0.4040179763750523,0.40890414614582116,1,0,0.5443315416574479,0.5663917243480683,0.03255376766462874,0.29252102052324475,-7.546018513220041,0.5460340678691864,0.6043130457401276,0.00013835381112319126,0.0003061705518534113,0.0002518803716746272,0.13147019056587217
1782125076.734196,56.878620862960815,rhymes_and_toys,speech_attention_movie,speech_social,1634,1,0.4292292897707513,0.4062721551239181,0.4177507224473347,1,0,0.5441695272922515,0.5657680928707123,0.032190149318013006,0.29308286650302445,-7.753414575032309,0.5461177676916122,0.604099690914154,0.00022918538792930188,9.083157680611062e-05,0.0002467306668871501,0.12968822421587073
1782125076.768914,56.91333889961243,rhymes_and_toys,speech_attention_movie,speech_social,1635,1,0.4244155993657044,0.41630987090400534,0.4203627351348549,1,0,0.5444655060768128,0.5653334259986877,0.032285284739409455,0.2954694690723743,-7.390465293691846,0.5457510650157928,0.6036315262317657,0.0005946839684141896,0.0003654985804848877,0.0005014338206172054,0.12913774737344405
1782125076.803251,56.947675943374634,rhymes_and_toys,speech_attention_movie,speech_social,1636,1,0.42318801366452885,0.4118131017626102,0.41750055771356953,1,0,0.5441069692373276,0.5648743391036988,0.03230632973180139,0.2932702618730251,-7.570694069611995,0.5459707379341125,0.60372194647789,0.00023755422949774574,0.00035712973891644385,0.0005172823911855766,0.13045342872358515
1782125076.840679,56.98510384559631,rhymes_and_toys,speech_attention_movie,speech_social,1637,1,0.412788805774565,0.40363674505486546,0.40821277541471523,1,0,0.5441939115524292,0.5643723785877228,0.033760139973374605,0.29390577245613075,-7.608299084744895,0.5458629429340363,0.6035792231559753,0.00017885667071654762,5.869755878119812e-05,0.00047349242554036266,0.13089295042954283
1782125076.8746681,57.01909303665161,rhymes_and_toys,speech_attention_movie,speech_social,1638,1,0.4105074730532065,0.4109360461798791,0.4107217596165428,1,0,0.543978813290596,0.5641457855701446,0.033299043920034695,0.2924778300902174,-7.713532616226101,0.5458054542541504,0.6034666299819946,0.0001264206120143011,5.243605870224651e-05,0.0001752316647974602,0.13103858120300077
1782125076.9083362,57.05276107788086,rhymes_and_toys,speech_attention_movie,speech_social,1639,1,0.4162469085897415,0.41744320821028563,0.41684505840001357,1,0,0.5439791262149811,0.5639184355735779,0.03512360932066693,0.2925641540782432,-7.579099187166814,0.5454863160848618,0.6029213964939117,0.0006317663552484668,0.0005053457432341657,0.0005234681608602878,0.13030814063538443
1782125076.9430232,57.08744812011719,rhymes_and_toys,speech_attention_movie,speech_social,1640,1,0.42681535803755405,0.41536775028207373,0.4210915541598139,1,0,0.5441656172275543,0.5638977468013764,0.03218008658702997,0.2910170629854958,-7.792471926029572,0.5454496145248413,0.6030636429786682,0.00014690495884587092,0.00048486139640259587,0.0001268634043847878,0.12969305625941102
1782125076.9771168,57.12154173851013,rhymes_and_toys,speech_attention_movie,speech_social,1641,1,0.41666992294947053,0.4118544490542839,0.41426218600187725,1,0,0.5437689810991287,0.5638121426105499,0.03400092388224777,0.2924383820299291,-7.77127762687237,0.545562207698822,0.6033180356025696,0.0002781956684106953,0.00013129070956482438,0.0005109660270294448,0.13024616867712469
1782125077.010761,57.15518593788147,rhymes_and_toys,speech_attention_movie,speech_social,1642,1,0.41553997115160973,0.4025299316588439,0.40903495140522683,1,0,0.5437635183334351,0.5636101186275482,0.03446634095874321,0.2923661067876707,-7.7856087929124085,0.5455966293811798,0.6029815673828125,0.00033822435619399024,6.0028687783294946e-05,0.0002301134129224532,0.12988666516349465
1782125077.04823,57.192654848098755,rhymes_and_toys,speech_attention_movie,speech_social,1643,1,0.4156178390910992,0.4126728597984755,0.4141453494447873,1,0,0.5438371628522873,0.5632564008235932,0.03339358342343864,0.2928834608788683,-7.820343983573907,0.5457691997289658,0.6026578545570374,0.00036683854555688935,2.8614189362899107e-05,0.0001344022486713135,0.12943080439275212
1782125077.079962,57.2243869304657,rhymes_and_toys,speech_attention_movie,speech_social,1644,1,0.4088136682384846,0.40293183769504576,0.40587275296676517,1,0,0.5439076811075211,0.5634722292423249,0.03650439650219881,0.29566064150005894,-7.5392633032978225,0.545539528131485,0.6021733283996582,0.0005362039163172681,0.00016936537076037877,0.00023449806340154462,0.13004799894689648
1782125077.113132,57.2575569152832,rhymes_and_toys,speech_attention_movie,speech_social,1645,1,0.4026611962411844,0.4185977961626986,0.4106294962019415,1,0,0.5438455581665038,0.5635367870330811,0.03435482124859971,0.29721518931092844,-7.317348130491282,0.5455664396286011,0.6022610664367676,9.17725004172564e-05,0.0004444314159000117,0.000310136379517025,0.12906408454092244
1782125077.1476321,57.292057037353516,rhymes_and_toys,speech_attention_movie,speech_social,1646,1,0.4022878469401082,0.4118768596964086,0.40708235331825837,1,0,0.5439875930547714,0.5638753175735474,0.032164592767657284,0.29548902127950166,-7.168897280902367,0.5455603301525116,0.6031681299209595,0.0009070840589782334,0.000815311558560977,0.00024762935468356574,0.12870537268921872
1782125077.181768,57.32619285583496,rhymes_and_toys,speech_attention_movie,speech_social,1647,1,0.4058467179699312,0.39328748519065854,0.39956710158029485,1,0,0.5439457267522811,0.5642206490039825,0.03313318188855503,0.2917260424053328,-7.197833048513775,0.5455024540424347,0.6042342483997345,0.0010676882760914845,0.00016060421711325116,0.0004987702325081596,0.12946586361610365
1782125077.217045,57.361469984054565,rhymes_and_toys,speech_attention_movie,speech_social,1648,1,0.4117996953038806,0.40461439035181396,0.40820704282784726,1,0,0.5438501298427583,0.564769846200943,0.033750825643747366,0.29234022816852645,-7.2853671833745395,0.5457069575786591,0.6039669811725616,0.00033653152459901125,0.0007311567514924732,0.0005203278544522991,0.1300133170543123
1782125077.25177,57.39619493484497,rhymes_and_toys,speech_attention_movie,speech_social,1649,1,0.418808675519236,0.3990196106398934,0.4089141430795647,1,0,0.5440637230873108,0.564605575799942,0.03456217898628642,0.29299428395942617,-7.655219219525978,0.5456508100032806,0.6033907234668732,0.0005789866091596782,0.00024245508456066694,0.00020168664987271878,0.13094816080014707
1782125077.286565,57.43098998069763,rhymes_and_toys,speech_attention_movie,speech_social,1650,1,0.4168906414619266,0.41223586110773364,0.4145632512848301,1,0,0.5441765815019608,0.5645404934883118,0.033737163171617186,0.29314460843638357,-7.665796083583651,0.5458198040723801,0.6042596399784088,0.0008851976612090971,0.00030621105204941895,0.00018548612820807502,0.12993116448478023
1782125077.320676,57.46510100364685,rhymes_and_toys,speech_attention_movie,speech_social,1651,1,0.4131857528299161,0.4200969923576266,0.4166413725937713,1,0,0.5441000163555145,0.5647726118564605,0.03606417007135377,0.2916484682022836,-7.612668432143413,0.5456428676843643,0.6050695180892944,0.0008289807234765594,5.621693773253777e-05,0.0002317866769344436,0.1300695255122046
1782125077.354395,57.49881982803345,rhymes_and_toys,speech_attention_movie,speech_social,1652,1,0.4123749628638547,0.4124041215620719,0.4123895422129633,1,0,0.5442445784807205,0.5648317515850068,0.03279112594434408,0.2904428705365409,-7.885633289694552,0.5460533201694489,0.6049689650535583,0.00042258981945594897,0.0004063909040206104,0.00037742522479010225,0.13000689640537105
1782125077.3882968,57.532721757888794,rhymes_and_toys,speech_attention_movie,speech_social,1653,1,0.4131397667954099,0.4202384330839484,0.4166890999396792,1,0,0.5441637516021729,0.5644810140132903,0.030904047102587293,0.2925041201352614,-7.731655049409815,0.5461730360984802,0.6044946312904358,0.0004892079542503904,6.66181347944414e-05,0.000407649608333975,0.1293121853288137
1782125077.423817,57.5682418346405,rhymes_and_toys,speech_attention_movie,speech_social,1654,1,0.4088583357526643,0.40364949728050104,0.40625391651658266,1,0,0.5446907967329025,0.565116035938263,0.03370851826515914,0.2931190523060097,-7.928121792727405,0.5455089509487152,0.6041906476020813,0.0007303527701898741,0.00024114481593948372,0.00032311107604996705,0.1319851911594208
1782125077.459317,57.60374188423157,rhymes_and_toys,speech_attention_movie,speech_social,1655,1,0.2124414142495904,0.15648834919212878,0.1844648817208596,1,0,0.545000433921814,0.5698344647884368,0.03621010639815519,0.290546801660164,-6.289322877540421,0.5456694960594177,0.6089875102043152,0.0047995484743130305,0.004069195704123157,0.0005302621039011291,0.1563711970279341
1782125077.4934359,57.6378607749939,rhymes_and_toys,speech_attention_movie,speech_social,1656,1,0.2664686598406388,0.1316649745878155,0.19906681721422714,1,0,0.5451960116624832,0.5709717869758606,0.028032984113370418,0.29135210572684034,-7.309677011497704,0.5463478565216064,0.6084578335285187,0.0008606568988532739,0.003938891575459756,0.00019265148656509115,0.15752059846106373
1782125077.527808,57.67223286628723,rhymes_and_toys,speech_attention_movie,speech_social,1657,1,0.27092996827081034,0.21132990268293758,0.24112993547687395,1,0,0.5444881826639175,0.5687257051467896,0.029715356726094398,0.29129598138715923,-7.1965383578544175,0.5462822914123535,0.6071037650108337,0.0013556549465615613,0.0004949980477082874,0.0003705518816457958,0.1502261154557213
1782125077.5627048,57.70712971687317,rhymes_and_toys,speech_attention_movie,speech_social,1658,1,0.3408874850617994,0.3396349350547893,0.34026121005829435,1,0,0.5440237373113632,0.5672748565673829,0.03439132695219099,0.29064542943440486,-6.952850721062278,0.546036884188652,0.6058138608932495,0.0013130412552565186,4.2613691305042663e-05,0.00039011407559335764,0.14070709186553265
1782125077.5963788,57.740803718566895,rhymes_and_toys,speech_attention_movie,speech_social,1659,1,0.36110135915501423,0.34971917106014927,0.3554102651075818,1,0,0.5442776143550874,0.5667154371738434,0.03280939202419671,0.2920521840261221,-7.084680955464607,0.5463542938232422,0.6056835055351257,0.00034313466091642596,0.0009699065943400927,0.00020621667661657457,0.1382174808629577
1782125077.631606,57.77603101730347,rhymes_and_toys,speech_attention_movie,speech_social,1660,1,0.3695321028580752,0.3581821109371621,0.36385710689761863,1,0,0.5448886573314666,0.5657813072204589,0.031411825307612475,0.29215930785543076,-7.255612850880677,0.5466239750385284,0.6044906973838806,0.0012229142421098325,0.0008797795811934066,0.0004608977486069125,0.137068180373312
1782125077.6654441,57.809869050979614,rhymes_and_toys,speech_attention_movie,speech_social,1661,1,0.37922516788036503,0.38138264001697225,0.38030390394866864,1,0,0.545337337255478,0.5652904331684112,0.03522938688529025,0.2916459236213667,-7.130351356059879,0.5466634780168533,0.6040267646312714,0.00046561151643847364,0.0007573027256713588,0.0004283505827835522,0.13418351890267197
1782125077.7001579,57.8445827960968,rhymes_and_toys,speech_attention_movie,speech_social,1662,1,0.38299272042256194,0.38949876637586983,0.3862457433992159,1,0,0.5451313942670822,0.5649980306625366,0.034780504503684355,0.2922817722287047,-7.090516513677087,0.5463926941156387,0.6041126549243927,0.00028407932626199216,0.00018153219017648148,0.00042294897325258603,0.1336760650975486
1782125077.733173,57.87759780883789,rhymes_and_toys,speech_attention_movie,speech_social,1663,1,0.39135029125598564,0.3916146492885737,0.39148247027227967,1,0,0.5449742108583451,0.5651279985904694,0.034613155048334995,0.2919155957837735,-7.084225651109221,0.5461761206388474,0.6034403443336487,0.0007063325005095536,0.0004222531742475614,0.0002802883557833453,0.13367061268520108
1782125077.767811,57.9122359752655,rhymes_and_toys,speech_attention_movie,speech_social,1664,1,0.3941717119819497,0.40447309016493443,0.3993224010734421,1,0,0.5448409378528595,0.5648785054683685,0.03440246781094274,0.29088797665315647,-6.902542064193769,0.5460423827171326,0.6035294532775879,0.00016070543112959947,0.0005456270693799541,0.0005102711947092755,0.13300487787464818
1782125077.8017678,57.94619274139404,rhymes_and_toys,speech_attention_movie,speech_social,1665,1,0.3888195579439925,0.41239583449677875,0.4006076962203856,1,0,0.5449972420930862,0.5646846711635589,0.03332624827734451,0.2928202036272723,-7.205018984634887,0.5459491312503815,0.6027227640151978,0.0008120612058870772,0.0006513557747574777,0.00023620058987182678,0.1319385397755746
1782125077.83999,57.98441481590271,rhymes_and_toys,speech_attention_movie,speech_social,1666,1,0.4055501188331201,0.40771646020216223,0.40663328951764116,1,0,0.5450449615716935,0.5642009079456329,0.032851292234810064,0.29291469178023327,-7.333505154573749,0.546150729060173,0.6032294631004333,0.0005453307619155053,0.0002667304439715719,0.000532303684601685,0.13056677272806705
1782125077.871438,58.01586294174194,rhymes_and_toys,speech_attention_movie,speech_social,1667,1,0.4095312124972679,0.40693619448783097,0.40823370349254945,1,0,0.5449905812740325,0.5643710196018219,0.03552613132899707,0.2937225181942718,-7.211589331202409,0.5461517572402954,0.6025125980377197,0.0007168658000586796,0.00017153503814317428,0.00030078891418170627,0.1310247350698444
1782125077.9058502,58.05027508735657,rhymes_and_toys,speech_attention_movie,speech_social,1668,1,0.398564317541734,0.4141928191571867,0.40637856834946035,1,0,0.5449363380670548,0.5645890176296234,0.03785985017319494,0.29418162041022283,-7.019070225047178,0.5461162626743317,0.6027510464191437,0.0002410757034971718,0.0004757900965615078,0.0002015716193586544,0.1318764112818454
1782125077.940881,58.08530592918396,rhymes_and_toys,speech_attention_movie,speech_social,1669,1,0.40802007099575566,0.4167315480604493,0.4123758095281025,1,0,0.5449868410825729,0.5651068747043609,0.03840429071556254,0.2945612394611392,-7.121854163308241,0.5460118353366852,0.6040394604206085,0.0012926390478469167,0.0010515633443497448,0.0002771520586718689,0.1319982396000917
1782125077.975744,58.120168924331665,rhymes_and_toys,speech_attention_movie,speech_social,1670,1,0.41655604735965707,0.40669507343835704,0.41162556039900705,1,0,0.5452697336673736,0.5654073536396027,0.03509287237965241,0.29458812365905374,-6.970327634330409,0.5463983118534088,0.6043380200862885,0.0004883666368106496,0.0008042724110362671,0.00029298274980407235,0.13134897176015745
1782125078.009063,58.15348792076111,rhymes_and_toys,speech_attention_movie,speech_social,1671,1,0.4063796956021025,0.416660505130052,0.4115201003660772,1,0,0.5456058591604233,0.5657904922962189,0.03753910994672414,0.29565826637292364,-7.064159056387413,0.546093761920929,0.6040116846561432,0.00044636921303062624,4.1997423780023386e-05,0.0003024281308827447,0.13092640736175526
1782125078.044,58.188424825668335,rhymes_and_toys,speech_attention_movie,speech_social,1672,1,0.4066863519606823,0.42414786191911996,0.41541710693990114,1,0,0.5454022228717804,0.5659604370594025,0.03724712470750255,0.29623008456269717,-6.49281667438402,0.5459884405136108,0.6050539612770081,0.0010475844372846307,0.0006012152242540045,0.00034177752667235306,0.13047512856271773
1782125078.0789812,58.223406076431274,rhymes_and_toys,speech_attention_movie,speech_social,1673,1,0.4136943491066127,0.4211686087920482,0.4174314789493304,1,0,0.5451377689838409,0.5666857600212096,0.03749717082340781,0.2952395080200327,-6.968395041796855,0.5461374521255493,0.6060815155506134,0.0010383025790669667,9.281858217663908e-06,0.000213904099550614,0.13135682708919913
1782125078.113257,58.25768184661865,rhymes_and_toys,speech_attention_movie,speech_social,1674,1,0.41232327395537255,0.42692534731565684,0.4196243106355147,1,0,0.5453171581029892,0.5664860785007477,0.038200906634623395,0.2946227695117771,-7.2068675938364555,0.5460291504859924,0.6058262884616852,0.00027725459789421753,0.0007610479811727492,0.00030805948585159264,0.130031863972933
1782125078.1470761,58.29150104522705,rhymes_and_toys,speech_attention_movie,speech_social,1675,1,0.4196383293062095,0.41170529414674034,0.41567181172647494,1,0,0.5452910184860229,0.5670321881771088,0.03457646007665929,0.2954081547565296,-7.350389752093331,0.5463798940181732,0.6048924624919891,0.0009975229155490177,0.0007202683176548002,0.0003678079708556674,0.13034658669715848
1782125078.179739,58.32416391372681,rhymes_and_toys,speech_attention_movie,speech_social,1676,1,0.41899676764987037,0.41955309466492297,0.41927493115739667,1,0,0.5454105824232102,0.567266970872879,0.03541230696966625,0.29481440101521267,-7.446846313923154,0.5464144051074982,0.6054506003856659,0.0005592038301409626,0.00043831908540805514,0.0003127680163173832,0.1304281342387102
1782125078.214991,58.359416007995605,rhymes_and_toys,speech_attention_movie,speech_social,1677,1,0.41906771018196226,0.41190729102847606,0.41548750060521916,1,0,0.5452436625957489,0.5670994997024537,0.0352824531905576,0.29451581488306194,-7.364303730586476,0.5462987869977951,0.6051031053066254,0.00036622449023610107,0.0001929793399048615,0.0003783237528783875,0.13030396808448433
1782125078.249797,58.394222021102905,rhymes_and_toys,speech_attention_movie,speech_social,1678,1,0.41821270340820477,0.4183206219362782,0.4182666626722415,1,0,0.5449287265539169,0.5672291398048401,0.0351827861954311,0.29329555756497466,-7.4094240548072134,0.5462483167648315,0.6052944958209991,0.0001979332549311915,0.00016829123530490958,0.000308729208462296,0.13021120950501983
1782125078.285569,58.429993867874146,rhymes_and_toys,speech_attention_movie,speech_social,1679,1,0.415569294111888,0.4024959034307131,0.40903259877130055,1,0,0.5445159435272217,0.5669652104377747,0.03360303982011183,0.2927926602071793,-7.148479665061925,0.5460795611143112,0.60532546043396,0.00017157294902854316,2.636030590264833e-05,0.00037655637390169796,0.1309861499143905
1782125078.3181078,58.46253275871277,rhymes_and_toys,speech_attention_movie,speech_social,1680,1,0.4278646564055111,0.4143674657055361,0.42111606105552357,1,0,0.5446423828601837,0.5668154418468476,0.03200699403863025,0.29236683300081556,-7.325656268503914,0.5458059757947922,0.6055076122283936,0.00032867644161350387,0.0001571034925849607,0.00048638316310925766,0.12970620381356612
1782125078.3534,58.497824907302856,rhymes_and_toys,speech_attention_movie,speech_social,1681,1,0.41912729826459594,0.4187802720578329,0.4189537851612144,1,0,0.5441220104694366,0.566719114780426,0.0354050015878016,0.29279037681503794,-7.754628521882156,0.545412540435791,0.604602724313736,0.0009867185615998811,0.0006580421199863772,0.0004856841280500198,0.13032457675795286
1782125078.388484,58.53290891647339,rhymes_and_toys,speech_attention_movie,speech_social,1682,1,0.4196035524490849,0.4295376722186356,0.4245706123338603,1,0,0.5440972864627838,0.566454404592514,0.03158454196104056,0.2934535063226321,-7.740743634259245,0.545614019036293,0.604563444852829,0.00020527177718671747,0.0007814467844131636,0.0005448770786366495,0.1295197690540307
1782125078.4228108,58.567235708236694,rhymes_and_toys,speech_attention_movie,speech_social,1683,1,0.4280909784117233,0.4185337147861221,0.4233123465989227,1,0,0.544197714328766,0.5660305798053742,0.030516180084829828,0.2948705485528369,-7.5410813950682885,0.5455608665943146,0.6044613420963287,0.00011510931749090135,9.016245969581612e-05,0.00043939925082946835,0.12958847930213777
1782125078.458025,58.602449893951416,rhymes_and_toys,speech_attention_movie,speech_social,1684,1,0.4336528468961307,0.4070457556021902,0.4203493012491605,1,0,0.544120705127716,0.5663604855537414,0.033522582372381995,0.2942365008748001,-7.39505966175515,0.5450384169816971,0.6047609746456146,0.0006022734115962024,0.000487164094105301,0.0009004149094276902,0.1303572717496044
1782125078.4923048,58.63672971725464,rhymes_and_toys,speech_attention_movie,speech_social,1685,1,0.4350370391070687,0.4174615249541986,0.4262492820306336,1,0,0.543358114361763,0.5660358250141144,0.0344609749602348,0.29337553157524443,-7.934924582978883,0.5447085052728653,0.6047326922416687,0.0003311217751783628,0.0002711516364178396,0.001009307934821337,0.13004009596445745
1782125078.52685,58.6712749004364,rhymes_and_toys,speech_attention_movie,speech_social,1686,1,0.4271681309819196,0.43454006580282256,0.4308540983923711,1,0,0.5432431668043136,0.5659726202487946,0.032076449305358024,0.29427702591892635,-7.831643721175151,0.5448022186756134,0.6040972769260406,0.0006422887397341835,0.0003111669645558207,0.00040046177590352347,0.12930060384590428
1782125078.560908,58.70533299446106,rhymes_and_toys,speech_attention_movie,speech_social,1687,1,0.43202456648819487,0.4305282606037422,0.4312764135459686,1,0,0.5432483643293381,0.5661011278629302,0.03275008023091137,0.29323170804538556,-7.7766858888329695,0.5446822643280029,0.6047354936599731,0.0006493917500108202,7.103010276636695e-06,0.0003575086593067184,0.12922858751180374
1782125078.593785,58.73820996284485,rhymes_and_toys,speech_attention_movie,speech_social,1688,1,0.43626826001073155,0.4339654818417968,0.43511687092626417,1,0,0.5434321492910386,0.566312849521637,0.03282043288453437,0.29092044519528115,-7.626402820522556,0.5443979054689407,0.6053167581558228,0.0006470922460225077,2.299503988312441e-06,0.0006272719915154588,0.12875567199385615
1782125078.6313531,58.77577805519104,rhymes_and_toys,speech_attention_movie,speech_social,1689,1,0.43108418498430817,0.43912648439004287,0.4351053346871755,1,0,0.5429537922143937,0.5664976119995118,0.03385807899622721,0.29090667809693654,-7.825735978721273,0.5443147420883179,0.6060167849063873,0.0007049493594455003,5.7857113422992595e-05,0.00048182516287944275,0.12920269525032013
1782125078.664342,58.80876684188843,rhymes_and_toys,speech_attention_movie,speech_social,1690,1,0.42403932813879935,0.432533800947082,0.4282865645429407,1,0,0.5427675366401672,0.5666575908660889,0.03622828526856113,0.2942677300646132,-7.574775801654945,0.544435128569603,0.6051159501075745,0.0009088433526347781,0.0002038939931892778,0.0003613493751683979,0.12970430539685812
1782125078.698158,58.8425829410553,rhymes_and_toys,speech_attention_movie,speech_social,1691,1,0.4344108981018351,0.4279462570631468,0.43117857758249095,1,0,0.5430467277765274,0.5667877614498138,0.033230644319300034,0.2931747456264002,-7.578081155179034,0.5445549339056015,0.6052379906177521,0.00017101814131294317,0.0007378252113218349,0.0003398774837386965,0.1291291064219597
1782125078.732007,58.876431941986084,rhymes_and_toys,speech_attention_movie,speech_social,1692,1,0.4294858160413409,0.4293669092478204,0.4294263626445807,1,0,0.543115708231926,0.566763162612915,0.03242830303898598,0.2925050395397322,-7.733070608846744,0.544700562953949,0.6060228943824768,0.0007982992794695779,0.0006272811381566347,0.00029057086942726334,0.12996277774175063
1782125078.766515,58.91093993186951,rhymes_and_toys,speech_attention_movie,speech_social,1693,1,0.4217765027171501,0.42273770323075927,0.4222571029739547,1,0,0.5431930392980575,0.5666515469551086,0.03186784699641617,0.2921240549183235,-7.923097271586159,0.5448894798755646,0.6062334775924683,0.0002829043859734597,0.0005153948934961182,0.0002329848646682847,0.1293430462230698
1782125078.800483,58.944907903671265,rhymes_and_toys,speech_attention_movie,speech_social,1694,1,0.4239782966462387,0.42865874886226885,0.42631852275425375,1,0,0.5433417081832885,0.5667205095291138,0.03062207296687453,0.29270636074052325,-7.727887386277191,0.5451317429542542,0.6063838005065918,0.0002851111674535795,2.2067814801198047e-06,0.00035069909952920427,0.12948611797232548
1782125078.835746,58.9801709651947,rhymes_and_toys,speech_attention_movie,speech_social,1695,1,0.4235643014527076,0.41576391076434066,0.4196641061085241,1,0,0.5432937145233154,0.5666319668293,0.03298551217269454,0.29279133006703073,-7.830728621196614,0.5447894334793091,0.6053860783576965,0.0010548105341877047,0.0007696993667341253,0.00030343569663709134,0.12971594084357166
1782125078.869951,59.01437592506409,rhymes_and_toys,speech_attention_movie,speech_social,1696,1,0.4325213158887922,0.4253735127165985,0.42894741430269534,1,0,0.5431183159351349,0.5667102336883545,0.030887451093109933,0.29223255234909906,-8.151643670161876,0.5451776087284088,0.6054981052875519,0.000404017396935396,0.0006507931372523087,0.000396825135995169,0.12880302470914937
1782125078.9043882,59.04881310462952,rhymes_and_toys,speech_attention_movie,speech_social,1697,1,0.432907592121911,0.43506312058811747,0.43398535635501423,1,0,0.5432903885841369,0.566530442237854,0.031141648743159354,0.29053821886550896,-8.04611356643104,0.545311689376831,0.6061891913414001,0.0007039726941472218,0.00029995529721182576,0.000340335223158785,0.1285873998914444
1782125078.939484,59.083908796310425,rhymes_and_toys,speech_attention_movie,speech_social,1698,1,0.4294063738092623,0.42052822327349654,0.4249672985413794,1,0,0.5435639768838882,0.5658824801445007,0.03067786508502157,0.2922736615223268,-7.8777565421921265,0.5454458594322205,0.6057819724082947,0.0004287526830735314,0.00027522001107369037,0.0003201739626230638,0.12894906908149825
1782125078.974985,59.119409799575806,rhymes_and_toys,speech_attention_movie,speech_social,1699,1,0.42454579945204224,0.4301140289049046,0.42732991417847344,1,0,0.5436142802238464,0.5661527752876281,0.02956793201690992,0.29041112913979805,-7.622949821751223,0.5458219945430756,0.6061924993991852,0.0005567854450931627,0.0001280327620196313,0.0002344165519762785,0.12891740260661963
1782125079.007649,59.15207386016846,rhymes_and_toys,speech_attention_movie,speech_social,1700,1,0.43600224388524866,0.4259179965421767,0.43096012021371266,1,0,0.5439844995737075,0.5662941038608551,0.03015237804471738,0.2910242968718932,-7.704445568698011,0.5456396043300629,0.604962021112442,0.001243922426821387,0.0006871369817282243,0.00027868927830725624,0.12916571625141188
1782125079.042624,59.18704891204834,rhymes_and_toys,speech_attention_movie,speech_social,1701,1,0.4317066703943493,0.4269259736474046,0.42931632202087694,1,0,0.5439428925514221,0.5663448452949524,0.028811028918200754,0.2927389632624555,-7.500687831048187,0.5458388924598694,0.604862779378891,0.00022263126545926228,0.0010212911613621247,0.000421727709134827,0.12861320637765264
1782125079.076326,59.22075080871582,rhymes_and_toys,speech_attention_movie,speech_social,1702,1,0.43147667130390527,0.4313553654495588,0.43141601837673205,1,0,0.5442397594451904,0.5661940932273866,0.03015281295552142,0.2936012520815276,-7.997211212350773,0.5458952337503433,0.6043031215667725,0.0005624866288878064,0.0003398553634285441,0.00020786326354395063,0.1294649717896327
1782125079.110938,59.25536298751831,rhymes_and_toys,speech_attention_movie,speech_social,1703,1,0.41937385227228297,0.433884494276444,0.42662917327436345,1,0,0.5441095978021622,0.566164618730545,0.03427425143064767,0.29332613644553585,-7.640336508628242,0.5456592291593552,0.6045524775981903,0.00034333161429141135,0.00021915501459639501,0.00018899839201939753,0.1288139635858861
1782125079.145536,59.289960861206055,rhymes_and_toys,speech_attention_movie,speech_social,1704,1,0.4310904707177192,0.4296369941227497,0.43036373242023446,1,0,0.5444142639636993,0.5663222014904021,0.033204714617750306,0.29377872767681046,-7.67110871681524,0.5456105768680573,0.604301393032074,0.0002557547747166495,8.757683957476183e-05,0.00029524868505856534,0.12928450591592644
1782125079.177896,59.32232093811035,rhymes_and_toys,speech_attention_movie,speech_social,1705,1,0.4240116057507038,0.43421958434026,0.4291155950454819,1,0,0.544465035200119,0.5661163747310638,0.03171795013394763,0.29263079197215647,-7.643341491744586,0.545706495642662,0.6042422354221344,0.00011269442814730835,0.00014306034656934118,0.0003537032275707458,0.12916062017676333
1782125079.215477,59.359901905059814,rhymes_and_toys,speech_attention_movie,speech_social,1706,1,0.4124064431280041,0.4377228244877808,0.4250646338078925,1,0,0.5444389104843139,0.5658275008201599,0.03089771919897898,0.2928337428641311,-7.774672136459115,0.5458975434303284,0.6049796342849731,0.0007617455875081063,0.0006490511593607979,0.0002993914153702025,0.12850486566525834
1782125079.2499058,59.394330739974976,rhymes_and_toys,speech_attention_movie,speech_social,1707,1,0.43138445331676906,0.4358086191565097,0.4335965362366394,1,0,0.5446095883846283,0.5652262926101685,0.029862362028753607,0.2908410016216074,-7.589561991567195,0.5459761917591095,0.6051056683063507,0.0001485602038389303,0.000613185383669176,0.00039809259971772655,0.1275494263979145
1782125079.284319,59.428743839263916,rhymes_and_toys,speech_attention_movie,speech_social,1708,1,0.4350190849035143,0.4314042961442002,0.4332116905238573,1,0,0.5445803642272949,0.5646507620811463,0.030155044682892065,0.2922652269005858,-7.575756999684837,0.5458982288837433,0.6035317182540894,0.0015758797469822632,0.0014273195431433329,0.0005415641621334096,0.12941436024399128
1782125079.318167,59.462591886520386,rhymes_and_toys,speech_attention_movie,speech_social,1709,1,0.43612609306614164,0.42798754094062597,0.43205681700338383,1,0,0.5445505887269974,0.5640130817890168,0.03141153209602154,0.29227869385025373,-7.46641932148817,0.5459809601306915,0.6031699180603027,0.0003711385717567599,0.0012047411752255034,0.0003705583296013883,0.12951482633623923
1782125079.351889,59.49631381034851,rhymes_and_toys,speech_attention_movie,speech_social,1710,1,0.437954804382075,0.42730434479724344,0.4326295745896592,1,0,0.5444441705942153,0.5636240541934967,0.032456363523647114,0.29375314442629535,-7.667467961435694,0.5460391640663147,0.6031508147716522,6.12587443496094e-05,0.0003098798274071505,0.000435635529174518,0.12961118203482594
1782125079.386035,59.53045988082886,rhymes_and_toys,speech_attention_movie,speech_social,1711,1,0.4307830002708328,0.4210901938242112,0.425936597047522,1,0,0.5448337852954865,0.564135754108429,0.03314436635070905,0.29222646350047815,-7.403843344174054,0.546083390712738,0.6037872433662415,0.0006379634411662489,0.0005767046968166395,0.0004696653644066217,0.1301812838439795
1782125079.423455,59.56787991523743,rhymes_and_toys,speech_attention_movie,speech_social,1712,1,0.43049593310217993,0.4244312683406995,0.42746360072143974,1,0,0.5448659956455231,0.564584618806839,0.029976994759372006,0.2934884546116455,-6.96905579740172,0.5463012754917145,0.6028775870800018,0.0009353867307188386,0.0002974232895525897,0.00029824632507122184,0.13018995337986852
1782125079.457025,59.601449966430664,rhymes_and_toys,speech_attention_movie,speech_social,1713,1,0.4375259281744184,0.4215385744369142,0.4295322513056663,1,0,0.5448761969804764,0.5647900104522705,0.03292528482319807,0.292701621972277,-7.377003306778687,0.5462462902069092,0.6031686365604401,0.00029619787576632746,0.0006391888549525111,0.0002057000187185567,0.13041075025227836
1782125079.491515,59.635939836502075,rhymes_and_toys,speech_attention_movie,speech_social,1714,1,0.43269436335825284,0.4301680685336638,0.43143121594595835,1,0,0.5448984712362289,0.5644340455532074,0.03199137989281424,0.2952223569711212,-7.356127471759999,0.5463079512119293,0.6021011173725128,0.0010692985065606988,0.0007731006307943713,0.00036886146682849595,0.12951378712087594
1782125079.5238369,59.668261766433716,rhymes_and_toys,speech_attention_movie,speech_social,1715,1,0.4339307918741858,0.42585705451657296,0.4298939231953794,1,0,0.544846910238266,0.5642951369285584,0.033030430623708674,0.2938085605684283,-7.301552668616645,0.5465203374624252,0.6026977896690369,0.0006333448893288655,0.00043595361723183324,0.00048711349287729037,0.12919378125859476
1782125079.559187,59.703611850738525,rhymes_and_toys,speech_attention_movie,speech_social,1716,1,0.4344357694257764,0.41935761567743474,0.42689669255160556,1,0,0.5451604217290879,0.5643895387649536,0.030695148842491953,0.2936002837598005,-7.459030413649854,0.5469242930412292,0.6032572388648987,0.0,0.0,0.0004827819582499364,0.1294805396234185
