timestamp,elapsed_time,stimulus_id,stimulus_type,paper_category,frame_index,face_detected,left_ear,right_ear,avg_ear,eye_open,blink_state,gaze_x,gaze_y,yaw_proxy,pitch_proxy,roll_proxy_deg,head_center_x,head_center_y,head_movement,head_acceleration,mouth_open,eyebrow_signal
1781868241.928116,79.711678981781,fun_at_the_park,two_speaker_attention_movie,speech_social,2296,1,0.4420295328397395,0.4107726428751151,0.4264010878574273,1,0,0.5513826131820678,0.6880972981452942,-0.000494847786856079,0.31291701233582975,1.3729120611089296,0.5498262196779251,0.7087810337543488,0.002148793597162208,0.002148793597162208,0.010610194460550833,0.13340507028656878
1781868241.9625542,79.74611711502075,fun_at_the_park,two_speaker_attention_movie,speech_social,2297,1,0.437975681248732,0.3967213592726025,0.41734852026066727,1,0,0.5507751345634461,0.6878456354141236,-0.010877865377120077,0.323490417186338,1.3719960642959008,0.5504387319087982,0.7080732882022858,0.0009359887816817547,0.0012128048154804534,0.0020951058087247208,0.13265339293632492
1781868241.9964669,79.78002977371216,fun_at_the_park,two_speaker_attention_movie,speech_social,2298,1,0.44558655133304637,0.40793839955669986,0.4267624754448731,1,0,0.551032230257988,0.6885695874691009,-0.013380529020635022,0.32222408020996857,1.5111135765027968,0.5510644912719727,0.7079940438270569,0.0006307570464179489,0.0003052317352638058,0.003504464451527063,0.13131218465672273
1781868242.031064,79.81462693214417,fun_at_the_park,two_speaker_attention_movie,speech_social,2299,1,0.45883989974466954,0.412330301403332,0.4355851005740008,1,0,0.5507960140705108,0.687804639339447,-0.016854107540536057,0.32008020638252443,1.4347193802875595,0.5508027821779251,0.7077188491821289,0.00037976801142832405,0.0002509890349896249,0.004625443983152422,0.1309718650027589
1781868242.0651572,79.84872007369995,fun_at_the_park,two_speaker_attention_movie,speech_social,2300,1,0.4507043814082784,0.43562689292565343,0.4431656371669659,1,0,0.5503143936395645,0.6882729291915893,-0.0219324496911424,0.32040475700025045,1.9632356142410088,0.5503194630146027,0.7094053030014038,0.0017543442929429836,0.0013745762815146594,0.009061002882646949,0.12905748244961138
1781868242.10035,79.88391280174255,fun_at_the_park,two_speaker_attention_movie,speech_social,2301,1,0.4523598068098011,0.4362414196781293,0.4443006132439652,1,0,0.5500851482152939,0.6884897470474243,-0.011325462673240213,0.32209081099365844,2.280659120331796,0.5497404187917709,0.708098292350769,0.0014295345581228566,0.00032480973482012696,0.010639344747919686,0.13007797167860516
1781868242.132344,79.91590690612793,fun_at_the_park,two_speaker_attention_movie,speech_social,2302,1,0.4304979068198417,0.39180875911561736,0.4111533329677295,1,0,0.5471318691968918,0.6872907876968384,-0.015240346182551769,0.31990454077183933,1.9374215942595014,0.5500559359788895,0.7088194787502289,0.0007871854407527085,0.0006423491173701482,0.015853892279207617,0.13226947920050106
1781868242.1701639,79.95372676849365,fun_at_the_park,two_speaker_attention_movie,speech_social,2303,1,0.46302768105606895,0.42291185301855294,0.44296976703731095,1,0,0.543408426642418,0.6870414555072784,-0.01295558361478721,0.31807690265252,1.1515050600071108,0.5495938956737518,0.7096101641654968,0.0009157863667303198,0.0001286009259776113,0.006512376933510399,0.1316841800716653
1781868242.202084,79.9856469631195,fun_at_the_park,two_speaker_attention_movie,speech_social,2304,1,0.46058812890965917,0.4138386160520629,0.437213372480861,1,0,0.5430171877145767,0.6871847331523895,-0.021861405507614295,0.31637851932193745,1.8730715345604951,0.5494539737701416,0.7100802063941956,0.0004904261777984327,0.000425360188931887,0.012824140350867137,0.13068702344325672
1781868242.237341,80.02090382575989,fun_at_the_park,two_speaker_attention_movie,speech_social,2305,1,0.4659990180419302,0.42229356449519967,0.444146291268565,1,0,0.5423260033130646,0.6873539209365844,-0.03588809953884924,0.3178384025380433,1.9667676224894683,0.5500243902206421,0.7082782089710236,0.0018901242393345717,0.001399698061536139,0.035426421721567486,0.13106972632164274
1781868242.273799,80.05736184120178,fun_at_the_park,two_speaker_attention_movie,speech_social,2306,1,0.4868993010032319,0.45493443759200525,0.47091686929761856,1,0,0.5416118383407593,0.6872794449329376,-0.03166394626843356,0.31972124691107756,1.8868158267214798,0.5498341172933578,0.7079243063926697,0.0004018094347110822,0.0014883148046234895,0.006185261040608785,0.13028272931448046
1781868242.306932,80.09049487113953,fun_at_the_park,two_speaker_attention_movie,speech_social,2307,1,0.49576579285347233,0.4534435410326714,0.4746046669430719,1,0,0.541705346107483,0.6861416697502136,-0.02751904475909326,0.30565646621035963,1.8990569928482888,0.5492146760225296,0.711928129196167,0.004051457087247798,0.003649647652536716,0.0011716774149241854,0.1273060727536459
1781868242.340657,80.12421989440918,fun_at_the_park,two_speaker_attention_movie,speech_social,2308,1,0.4498325039948268,0.42622223968161704,0.43802737183822194,1,0,0.5416497558355331,0.6842108428478242,-0.025310012354072643,0.31509770258978004,2.46967229402713,0.5493087768554688,0.707338809967041,0.0045902838641619205,0.0005388267769141225,0.00020523258920231984,0.12925591152084584
1781868242.3748102,80.1583731174469,fun_at_the_park,two_speaker_attention_movie,speech_social,2309,1,0.47220544150813576,0.4128467365780623,0.44252608904309904,1,0,0.5420335561037064,0.6841383516788482,-0.026465476230254834,0.3161434638234342,2.691991961524385,0.5494456589221954,0.7061048150062561,0.0012415636364818056,0.0033487202276801147,0.002444974577701719,0.12949678360141653
1781868242.4099588,80.19352173805237,fun_at_the_park,two_speaker_attention_movie,speech_social,2310,1,0.4777662908437122,0.4273991619578737,0.45258272640079295,1,0,0.5424983680248261,0.6851386785507203,-0.03341696562820268,0.31365210782150343,2.377506803047522,0.5498307943344116,0.7080399394035339,0.0019730777274813136,0.000731514090999508,0.0010125661316302645,0.13086626566248086
1781868242.4434402,80.22700309753418,fun_at_the_park,two_speaker_attention_movie,speech_social,2311,1,0.4563074283694398,0.4456152071469555,0.4509613177581977,1,0,0.5427540451288223,0.6848026514053345,-0.029342384680784803,0.31725198162345947,2.2890907567444834,0.5500758290290833,0.7050132155418396,0.003036626308346599,0.0010635485808652852,0.018740484771668835,0.13043292167518697
1781868242.480761,80.26432394981384,fun_at_the_park,two_speaker_attention_movie,speech_social,2312,1,0.48094726389968634,0.4298808868263552,0.4554140753630208,1,0,0.5425245732069015,0.684749710559845,-0.02986089088388697,0.30821893965751257,1.9638150702552586,0.5502173006534576,0.7097072005271912,0.004696116402220992,0.001659490093874393,0.02624549824178314,0.12913466354369812
1781868242.5116968,80.29525971412659,fun_at_the_park,two_speaker_attention_movie,speech_social,2313,1,0.4678754662882565,0.44432826229723343,0.45610186429274496,1,0,0.5423461705446243,0.6841446101665497,-0.023869384719782588,0.3166246317991698,2.1520262691786036,0.5497030317783356,0.7049752175807953,0.004759846119456037,6.372971723504501e-05,0.06318493557556185,0.12939800203983914
1781868242.547439,80.33100199699402,fun_at_the_park,two_speaker_attention_movie,speech_social,2314,1,0.4764373447642622,0.4460667082594526,0.46125202651185737,1,0,0.5423080950975419,0.6844312667846679,-0.028402386559871266,0.31897328499762356,2.3966564565126776,0.5504692941904068,0.7040942311286926,0.0011676023351045728,0.003592243784351464,0.07312514727649276,0.13187402972201803
1781868242.582082,80.36564493179321,fun_at_the_park,two_speaker_attention_movie,speech_social,2315,1,0.4703513608898951,0.43859436834300736,0.4544728646164512,1,0,0.5425524771213531,0.6847439169883728,-0.02213625350250864,0.3154982242111144,2.618159334580253,0.5501566529273987,0.7067017257213593,0.0026261707122959476,0.0014585683771913749,0.016483368100402743,0.12980238012318526
1781868242.6163871,80.39995002746582,fun_at_the_park,two_speaker_attention_movie,speech_social,2316,1,0.4841814815727682,0.4253123192385666,0.4547469004056674,1,0,0.5426857888698577,0.6849539697170257,-0.03250857353712213,0.3127234914115842,2.4446304922527315,0.5513775795698166,0.7071123719215393,0.0012881351512509013,0.0013380355610450464,0.009817048067308957,0.13036523112075857
1781868242.649729,80.43329191207886,fun_at_the_park,two_speaker_attention_movie,speech_social,2317,1,0.4864422092005155,0.43858408784826386,0.4625131485243897,1,0,0.5430087804794311,0.6853787302970886,-0.023352496923243884,0.3165455141881613,1.9492591565326023,0.550607830286026,0.705406904220581,0.001871131753487164,0.0005829966022362627,0.004650398283487681,0.13099865152604293
1781868242.685386,80.46894884109497,fun_at_the_park,two_speaker_attention_movie,speech_social,2318,1,0.4567953178907077,0.415169953986313,0.4359826359385104,1,0,0.542915889620781,0.6853844523429871,-0.019890599863352263,0.31245747756991304,2.20489435680141,0.5491823852062225,0.7087132632732391,0.0036005421620403165,0.0017294104085531525,0.020173808010477433,0.13109103523962332
1781868242.720429,80.5039918422699,fun_at_the_park,two_speaker_attention_movie,speech_social,2319,1,0.4489999932307263,0.43929802475473984,0.4441490089927331,1,0,0.5425260543823243,0.6854456126689912,-0.02629829629261306,0.3082787991385448,2.550949512286789,0.5501540452241898,0.7107784450054169,0.002282345017177879,0.0013181971448624373,0.04397566634507174,0.12941101774224817
1781868242.754113,80.53767585754395,fun_at_the_park,two_speaker_attention_movie,speech_social,2320,1,0.450723150294688,0.43518146232003857,0.44295230630736326,1,0,0.5427447617053985,0.6849253952503205,-0.027554262208306445,0.3144586132114749,2.1644879375367148,0.5507473200559616,0.7076431214809418,0.0031909604555902704,0.0009086154384123912,0.0028919362667576692,0.1296512416841024
1781868242.78813,80.571692943573,fun_at_the_park,two_speaker_attention_movie,speech_social,2321,1,0.4804865248943286,0.4423939741719427,0.46144024953313567,1,0,0.5426229119300843,0.6850892722606658,-0.021049293576396573,0.31043740504552503,2.30571442465904,0.550140768289566,0.7075655460357666,0.0006114924325056776,0.002579468023084593,0.0033546874734237528,0.12785734748929292
1781868242.823775,80.60733795166016,fun_at_the_park,two_speaker_attention_movie,speech_social,2322,1,0.47414474988488786,0.419329270234879,0.4467370100598834,1,0,0.5421900600194931,0.6856946051120758,-0.024197957607738657,0.3156935335163268,1.967972212534668,0.5499243438243866,0.7072768807411194,0.00036078691974900166,0.0002507055127566759,0.008369311631301609,0.13089576967282687
1781868242.856867,80.6404299736023,fun_at_the_park,two_speaker_attention_movie,speech_social,2323,1,0.4742399604307158,0.39207645715397654,0.4331582087923462,1,0,0.5421154618263244,0.6862571537494659,-0.028626913355391838,0.3182017129206844,2.240568907834613,0.55014768242836,0.7056763768196106,0.0016160114278029702,0.0012552245080539686,0.012701189485994059,0.13147207138549788
1781868242.892148,80.67571091651917,fun_at_the_park,two_speaker_attention_movie,speech_social,2324,1,0.48763482789870816,0.4195650261664987,0.45359992703260343,1,0,0.5422251492738723,0.6868805289268494,-0.025378191312638586,0.32075624320232543,2.7273568913320814,0.5500886738300323,0.7083513140678406,0.002675588028199553,0.0010595766003965827,0.009507404999620368,0.12987620918109025
1781868242.924128,80.70769095420837,fun_at_the_park,two_speaker_attention_movie,speech_social,2325,1,0.5003480997788938,0.42403063394390067,0.4621893668613972,1,0,0.5423429638147355,0.687193763256073,-0.03202090760812547,0.31912719347511986,2.7512720786640954,0.5506892204284668,0.7095231115818024,0.0013167253436530424,0.0013588626845465106,0.09481788102472476,0.12974845578518082
1781868242.958923,80.74248600006104,fun_at_the_park,two_speaker_attention_movie,speech_social,2326,1,0.5002265291112091,0.42239315922213494,0.46130984416667203,1,0,0.5423090100288391,0.6871971607208252,-0.02549104592585448,0.31664739487133414,2.415439838557599,0.5495629608631134,0.7086783647537231,0.0014078557497485048,9.113040609546241e-05,0.11012811891636702,0.1287429801794051
1781868242.9956212,80.77918410301208,fun_at_the_park,two_speaker_attention_movie,speech_social,2327,1,0.46578045604579926,0.44362445668948514,0.45470245636764217,1,0,0.5423783391714097,0.6870128035545349,-0.03646812793133093,0.3169869206005536,2.527416780313421,0.5513680577278137,0.7076559066772461,0.002074559039676641,0.0006667032899281362,0.09181576342116597,0.13113747722029356
1781868243.028907,80.81246995925903,fun_at_the_park,two_speaker_attention_movie,speech_social,2328,1,0.45935743416289293,0.4016695788546136,0.43051350650875325,1,0,0.5418707370758057,0.6874489903450012,-0.033225716505668204,0.3230799853181917,2.7644665026842414,0.5498773753643036,0.7049637138843536,0.003077342350630205,0.0010027833109535638,0.07460245258562492,0.1326641454883187
1781868243.0647948,80.84835767745972,fun_at_the_park,two_speaker_attention_movie,speech_social,2329,1,0.4831351865578879,0.4206704258541274,0.45190280620600765,1,0,0.5420809894800186,0.6865790665149689,-0.027382047994293404,0.31636198621204437,2.457363317247874,0.5494119673967361,0.709498792886734,0.004558897469137313,0.0014815551185071085,0.045734886414250275,0.13063879300744502
1781868243.097266,80.88082885742188,fun_at_the_park,two_speaker_attention_movie,speech_social,2330,1,0.4635467942678174,0.4550270707491288,0.4592869325084731,1,0,0.5426154732704163,0.6869163632392883,-0.02912209720013749,0.32025494964869106,2.084419352962156,0.5509458482265472,0.70546093583107,0.004319384215607363,0.00023951325352995073,0.09632821729285494,0.13284190838720633
1781868243.13288,80.91644287109375,fun_at_the_park,two_speaker_attention_movie,speech_social,2331,1,0.45940143670832656,0.4341964409358483,0.44679893882208743,1,0,0.5419896215200424,0.6872924327850343,-0.01776739619022703,0.32360049392384116,2.5005562354458983,0.5486068278551102,0.704426109790802,0.0025577101539490856,0.001761674061658277,0.07575421370879519,0.13237189930949858
1781868243.167789,80.95135188102722,fun_at_the_park,two_speaker_attention_movie,speech_social,2332,1,0.45823374563477676,0.4043505676286584,0.4312921566317176,1,0,0.5428917169570923,0.6874813377857207,-0.02956487558942657,0.3188647546218327,2.9079558231427267,0.5499899834394455,0.7079034149646759,0.00374229483642433,0.0011845846824752445,0.014880169406348712,0.13494730174656291
1781868243.2018461,80.98540902137756,fun_at_the_park,two_speaker_attention_movie,speech_social,2333,1,0.4203241869499036,0.2840387047209489,0.3521814458354262,1,0,0.5426232367753983,0.6899097859859467,-0.02157480237733296,0.31799427323807433,3.2410775603527524,0.5492869466543198,0.7068128287792206,0.0012975511354647708,0.0024447437009595596,0.008988197033269543,0.14514673094796537
1781868243.235289,81.01885199546814,fun_at_the_park,two_speaker_attention_movie,speech_social,2334,1,0.36782389151515615,0.18848891948745675,0.27815640550130644,1,0,0.5450540810823441,0.6945726752281189,-0.035339744518101575,0.31258630496691747,3.010588647362658,0.5509516894817352,0.7095916271209717,0.0032393037686437955,0.0019417526331790248,0.022878235281112193,0.1597101805882419
1781868243.272825,81.05638790130615,fun_at_the_park,two_speaker_attention_movie,speech_social,2335,1,0.310226003140737,0.3630548623433239,0.3366404327420305,1,0,0.546835371851921,0.6911463737487793,-0.021531489658822102,0.314249971937774,2.8974078081638854,0.5502724498510361,0.7081760168075562,0.0015701334450806197,0.0016691703235631758,0.009979010724405308,0.14832326444033075
1781868243.3054562,81.08901906013489,fun_at_the_park,two_speaker_attention_movie,speech_social,2336,1,0.4025939649684566,0.35553838214872685,0.37906617355859173,1,0,0.5467180550098419,0.6890697598457336,-0.02976754104394027,0.3220881415776384,2.9067471701416565,0.5518220663070679,0.7050832808017731,0.003459237945309868,0.0018891045002292484,0.004305480938547707,0.14193014840174853
1781868243.3394501,81.12301301956177,fun_at_the_park,two_speaker_attention_movie,speech_social,2337,1,0.4199413226309993,0.38792341156629623,0.40393236709864777,1,0,0.546881639957428,0.6881324410438537,-0.0208168563541948,0.3200698891649554,3.2645088237107265,0.5499827861785889,0.7072872221469879,0.0028705938138589297,0.0005886441314509384,0.01824598200955829,0.13735901687002056
1781868243.374069,81.15763187408447,fun_at_the_park,two_speaker_attention_movie,speech_social,2338,1,0.4192270600343307,0.40646637972786026,0.41284671988109545,1,0,0.5473954200744628,0.686699652671814,-0.02210373480786732,0.3157598101568251,2.730376597083674,0.5515741556882858,0.7058656811714172,0.002133831216760028,0.0007367625970989018,0.016839334458691426,0.136523193519042
1781868243.4083571,81.19192004203796,fun_at_the_park,two_speaker_attention_movie,speech_social,2339,1,0.45202179748031024,0.39214772294358347,0.42208476021194685,1,0,0.5472914725542068,0.6854364752769471,-0.016957971231597948,0.3195579412710557,2.766968289521224,0.5507215112447739,0.7062085568904877,0.000919002886709227,0.001214828330050801,0.03265874466667088,0.13461864304622126
1781868243.4413881,81.22495102882385,fun_at_the_park,two_speaker_attention_movie,speech_social,2340,1,0.4481496605641503,0.4004387100456641,0.4242941853049072,1,0,0.5475150614976882,0.6849252820014954,-0.01556210721183879,0.3196108015439573,2.443207419085401,0.5504888743162155,0.7050191462039948,0.0012119479038608144,0.0002929450171515874,0.0030309696652509118,0.13273736415259693
1781868243.476963,81.26052594184875,fun_at_the_park,two_speaker_attention_movie,speech_social,2341,1,0.4479815242857906,0.4221910474446597,0.43508628586522513,1,0,0.5474529206752777,0.6842689156532287,-0.0183617752088084,0.32324298811602414,2.2671998675319327,0.5511934012174606,0.7049576044082642,0.0007072096911099231,0.0005047382127508914,0.01158262299465417,0.1325206948030354
1781868243.512369,81.29593181610107,fun_at_the_park,two_speaker_attention_movie,speech_social,2342,1,0.4753938052744916,0.4189912287057032,0.44719251699009743,1,0,0.5474328339099884,0.6850221574306488,-0.017885546566124205,0.31588635203327237,2.6390219976895373,0.5497836619615555,0.70792555809021,0.0032857440295640263,0.0025785343384541032,0.003329501132839294,0.13189333980148876
1781868243.5450969,81.32865977287292,fun_at_the_park,two_speaker_attention_movie,speech_social,2343,1,0.4599066435734663,0.40073206382430915,0.43031935369888774,1,0,0.5474462956190109,0.6851779520511627,-0.030156921082870124,0.3178856663150003,2.856889758464513,0.551173135638237,0.7072451710700989,0.0015471146031650332,0.0017386294263989932,0.006381438909809696,0.13340305396749855
1781868243.5801861,81.3637490272522,fun_at_the_park,two_speaker_attention_movie,speech_social,2344,1,0.456560848922807,0.4263343067056397,0.4414475778142234,1,0,0.547722789645195,0.6846384227275848,-0.020060260390903258,0.3237172939127509,2.5285917407958682,0.550758957862854,0.7034924030303955,0.0037755544214645186,0.0022284398182994855,0.013672913663103265,0.1318926988839448
1781868243.614982,81.3985447883606,fun_at_the_park,two_speaker_attention_movie,speech_social,2345,1,0.4516057774952639,0.40919953448602925,0.4304026559906466,1,0,0.5474635988473893,0.6853122234344482,-0.016424560951880315,0.3163558818950898,2.0230116429571474,0.5502583980560303,0.7068127989768982,0.003357914436336768,0.0004176399851277507,0.03639146113352652,0.13345863307861983
1781868243.648863,81.43242597579956,fun_at_the_park,two_speaker_attention_movie,speech_social,2346,1,0.4443292467604755,0.4103388202283719,0.4273340334944237,1,0,0.5479575574398041,0.685332852602005,-0.0170840186562285,0.31852405697967245,2.1213154618801644,0.5506036281585693,0.704060435295105,0.0027739303633208643,0.0005839840730159037,0.03285228408796779,0.13445180508986423
1781868243.684282,81.46784496307373,fun_at_the_park,two_speaker_attention_movie,speech_social,2347,1,0.45361839966612966,0.40686053094115904,0.4302394653036443,1,0,0.5483906507492066,0.6862267851829529,-0.01807263254133471,0.3226476300352598,2.5658777303439986,0.5505258589982986,0.7038432657718658,0.0002306743247808952,0.002543256038539969,0.06664075964118649,0.1344120479219139
1781868243.719645,81.50320792198181,fun_at_the_park,two_speaker_attention_movie,speech_social,2348,1,0.44274013001127815,0.4126656743264791,0.42770290216887863,1,0,0.5452874779701233,0.6877828359603881,-0.02123584557526862,0.3308628149151853,2.1864265268007554,0.5515325367450714,0.7024245262145996,0.0017396039828649183,0.001508929658084023,0.08596085989448121,0.13681807189806663
1781868243.752718,81.53628087043762,fun_at_the_park,two_speaker_attention_movie,speech_social,2349,1,0.4904862117191382,0.44927078858474295,0.46987850015194055,1,0,0.5444899499416351,0.6879434883594513,-0.016538849299231474,0.33390714628343915,2.2862130506130365,0.5511045753955841,0.7024964094161987,0.0004339563472598769,0.0013056476356050413,0.08618443971441167,0.1338208108436175
1781868243.7874198,81.57098269462585,fun_at_the_park,two_speaker_attention_movie,speech_social,2350,1,0.48047678706663716,0.4181321997358898,0.44930449340126344,1,0,0.5438159286975861,0.6874278724193572,-0.01420733439604955,0.3208908359231522,2.747521613978791,0.5499345362186432,0.7076006531715393,0.005236630213172384,0.004802673865912507,0.07865996120932961,0.1303317049289666
1781868243.823169,81.60673189163208,fun_at_the_park,two_speaker_attention_movie,speech_social,2351,1,0.4647526776931013,0.42676519800334783,0.44575893784822457,1,0,0.5441267877817154,0.6877613484859466,-0.01521894418046243,0.32229389465504316,2.6149427428537533,0.5508099645376205,0.7077159583568573,0.0008829892566893077,0.0043536409564830765,0.05071354823479568,0.13262234083658286
1781868243.8567538,81.64031672477722,fun_at_the_park,two_speaker_attention_movie,speech_social,2352,1,0.4819244769902605,0.4192951370304482,0.45060980701035436,1,0,0.5441254109144211,0.687381237745285,-0.02329957974750268,0.3242058349266281,2.448110362156224,0.5510777533054352,0.7062432765960693,0.0014968307829294595,0.0006138415262401519,0.017689684116754686,0.13154629277792002
1781868243.89101,81.67457294464111,fun_at_the_park,two_speaker_attention_movie,speech_social,2353,1,0.5081538480081794,0.4211038090495244,0.4646288285288519,1,0,0.5441223978996277,0.6876987874507905,-0.021655132636647367,0.3266807180926121,2.4158600588587444,0.5512685626745224,0.7067060768604279,0.0005005919496174295,0.00099623883331203,0.015993362451519347,0.1316389252834935
1781868243.9236841,81.70724701881409,fun_at_the_park,two_speaker_attention_movie,speech_social,2354,1,0.4732428130466132,0.42115509004096574,0.44719895154378947,1,0,0.5445751667022705,0.6882144570350647,-0.02542678932701341,0.33001258550307,2.780810328755221,0.5515283942222595,0.7061501741409302,0.0006136287694888377,0.00011303681987140824,0.016506484098932392,0.13157293482819568
1781868243.9593952,81.74295806884766,fun_at_the_park,two_speaker_attention_movie,speech_social,2355,1,0.4977830231416967,0.4343022964255419,0.4660426597836193,1,0,0.5443715572357177,0.6877508223056793,-0.020396296987202755,0.3286557838383906,2.7892344881523976,0.5510240495204926,0.7052697837352753,0.00101461857097612,0.0004009898014872823,0.030721361464586643,0.13050653628977926
1781868243.9927812,81.77634406089783,fun_at_the_park,two_speaker_attention_movie,speech_social,2356,1,0.48541026621132993,0.42524788570254296,0.45532907595693645,1,0,0.5443236768245696,0.6879432022571563,-0.02436523063053421,0.3259897669804116,2.7379603445550744,0.5512901693582535,0.7056941986083984,0.0005009468560416931,0.0005136717149344269,0.004746747194546719,0.1321289278837764
1781868244.028356,81.81191897392273,fun_at_the_park,two_speaker_attention_movie,speech_social,2357,1,0.4841471096767027,0.45718691358361674,0.4706670116301597,1,0,0.5436706334352494,0.6870485484600067,-0.02832635325686668,0.32036696780717994,2.721024875057631,0.5509602129459381,0.7069399356842041,0.0012886939497277375,0.0007877470936860444,0.010201786569148573,0.12968057522962526
1781868244.065206,81.84876894950867,fun_at_the_park,two_speaker_attention_movie,speech_social,2358,1,0.48778628942284896,0.41607975801645697,0.45193302371965294,1,0,0.542314299941063,0.6873150289058685,-0.02872980107438164,0.32149321197176706,3.476705627384431,0.5499081313610077,0.70602947473526,0.0013913356176357596,0.00010264166790802218,0.03553200156817966,0.13072229434802188
1781868244.0971,81.88066291809082,fun_at_the_park,two_speaker_attention_movie,speech_social,2359,1,0.48882905941559984,0.4559468784924985,0.47238796895404916,1,0,0.5422774434089661,0.6870444536209106,-0.025638191596827523,0.315483486108089,3.2573977862325223,0.5501523017883301,0.7080349922180176,0.0020203266001379704,0.0006289909825022107,0.03936803154424011,0.12899437165094305
1781868244.130613,81.91417598724365,fun_at_the_park,two_speaker_attention_movie,speech_social,2360,1,0.48835412973663417,0.4395104894478832,0.4639323095922587,1,0,0.5420637041330337,0.6861817419528962,-0.0369194723611754,0.3169804518893695,3.214176078029479,0.5502358227968216,0.7083342373371124,0.00031068215294981146,0.0017096444471881589,0.01195757309145427,0.12882362948607096
1781868244.1665359,81.95009875297546,fun_at_the_park,two_speaker_attention_movie,speech_social,2361,1,0.4969593440135364,0.4106672557170646,0.4538132998653005,1,0,0.5419727504253388,0.6864537417888641,-0.02522972029792597,0.31045708534131267,2.8814188032871675,0.5486341863870621,0.7086796462535858,0.0016384585770310735,0.001327776424081262,0.00539914966868232,0.12835047129299146
1781868244.199285,81.98284792900085,fun_at_the_park,two_speaker_attention_movie,speech_social,2362,1,0.48788024510689626,0.43119645018917796,0.45953834764803714,1,0,0.5412217319011688,0.6863035678863525,-0.030459210644189282,0.3067165336732087,3.0598901113165584,0.5492764562368393,0.7096714377403259,0.0011815925326029346,0.0004568660444281389,0.013415441355036481,0.13158625799608312
1781868244.2331672,82.01673007011414,fun_at_the_park,two_speaker_attention_movie,speech_social,2363,1,0.4957562092520254,0.42821573633949767,0.46198597279576153,1,0,0.5405274361371994,0.6849850952625275,-0.027995801297982188,0.30655469233049193,2.72369382080068,0.5476942211389542,0.710072785615921,0.001632344333228828,0.0004507518006258934,0.006295542515697759,0.1309636880836771
1781868244.269401,82.05296397209167,fun_at_the_park,two_speaker_attention_movie,speech_social,2364,1,0.46799458591026205,0.3937118452120096,0.4308532155611358,1,0,0.5402097165584564,0.6858560681343078,-0.04582549684801576,0.30826712574104886,3.396835708218892,0.5492881834506989,0.7092959880828857,0.0017731695515635752,0.00014082521833474722,0.004023794093232025,0.1341131925437335
1781868244.3033228,82.08688569068909,fun_at_the_park,two_speaker_attention_movie,speech_social,2365,1,0.4811425899863954,0.39400730877333356,0.4375749493798645,1,0,0.5396470487117767,0.6866284132003784,-0.038887044530115725,0.30916792022005296,3.851599487531563,0.5475773513317108,0.7088987827301025,0.0017563367079352198,1.683284362835537e-05,0.002239320882789705,0.13359681132915238
1781868244.338012,82.12157487869263,fun_at_the_park,two_speaker_attention_movie,speech_social,2366,1,0.5037952638040591,0.40792027314532614,0.4558577684746926,1,0,0.5393196642398834,0.6852167189121245,-0.03676217382687585,0.3085337332193967,3.917539579940738,0.5473137199878693,0.7120215594768524,0.0031338851439542985,0.0013775484360190786,0.0007010324107259465,0.1312228492635444
1781868244.371679,82.15524196624756,fun_at_the_park,two_speaker_attention_movie,speech_social,2367,1,0.49837641343867045,0.41388919550272246,0.4561328044706965,1,0,0.5391529768705368,0.6857154726982118,-0.03227564413960519,0.3042970358532456,3.4183291957210726,0.5469716489315033,0.7120533883571625,0.0003435486650026754,0.002790336478951623,0.0001590613422900343,0.1325065332759271
1781868244.406292,82.18985486030579,fun_at_the_park,two_speaker_attention_movie,speech_social,2368,1,0.47531563639511876,0.40017578487947586,0.4377457106372973,1,0,0.5384304493665695,0.6854222476482391,-0.045277894551327025,0.3149781601718573,4.340564339613203,0.5475554764270782,0.7074248492717743,0.004665214744205823,0.0043216660792031476,0.0008112094913888369,0.13192315735327567
1781868244.441091,82.22465395927429,fun_at_the_park,two_speaker_attention_movie,speech_social,2369,1,0.4625411890592446,0.3845266444257723,0.4235339167425084,1,0,0.5385561585426331,0.6856771826744079,-0.043713912920973756,0.3095187902089087,3.6112404664431756,0.546584278345108,0.7089360654354095,0.0017963852614779154,0.0028688294827279074,0.004934916586608269,0.13293923517400255
1781868244.476162,82.25972485542297,fun_at_the_park,two_speaker_attention_movie,speech_social,2370,1,0.463587734068451,0.3910937313144158,0.4273407326914334,1,0,0.5380596339702606,0.6857272267341614,-0.04740948885267806,0.31146240544459086,4.548778905599131,0.5468787550926208,0.7069563269615173,0.002001519667611286,0.00020513440613337047,0.012375912868030295,0.13348830078003826
1781868244.511563,82.29512596130371,fun_at_the_park,two_speaker_attention_movie,speech_social,2371,1,0.46867639838460406,0.4074916490000346,0.43808402369231936,1,0,0.5377636551856995,0.686237633228302,-0.05571302143561183,0.3227887355363777,4.268738649044756,0.5469159483909607,0.7033512890338898,0.0036052297847813577,0.0016037101171700718,0.06239153659019042,0.13431767261049515
1781868244.544615,82.32817792892456,fun_at_the_park,two_speaker_attention_movie,speech_social,2372,1,0.46373997045168663,0.387101277965197,0.42542062420844184,1,0,0.5373126178979875,0.687151199579239,-0.05819955687601489,0.32495694313665846,4.246799760812075,0.5461495816707611,0.7038322687149048,0.000904797990370654,0.0027004317944107036,0.08979130988668538,0.1360695431138339
1781868244.578351,82.36191391944885,fun_at_the_park,two_speaker_attention_movie,speech_social,2373,1,0.4718158735968048,0.39850157051280866,0.43515872205480677,1,0,0.536839172244072,0.689028936624527,-0.06803616763581961,0.314367618662146,3.8785255189737686,0.5463806241750717,0.7089758217334747,0.005148739485897312,0.004243941495526658,0.021642982884032158,0.13828841339500192
1781868244.613462,82.39702486991882,fun_at_the_park,two_speaker_attention_movie,speech_social,2374,1,0.4635676330927614,0.3932125901973954,0.4283901116450784,1,0,0.5368825852870942,0.6893394768238068,-0.05832755721058157,0.32887722163012756,3.773875396484023,0.5452829003334045,0.7054445743560791,0.0036979326214694685,0.0014508068644278438,0.014539336126756274,0.13925618641807427
1781868244.648125,82.43168783187866,fun_at_the_park,two_speaker_attention_movie,speech_social,2375,1,0.4501494938025419,0.39190968651609115,0.4210295901593165,1,0,0.5364445596933365,0.6896132111549378,-0.07014493280202352,0.32366793499849256,3.4620248924560557,0.5460045784711838,0.7069389224052429,0.0016594864948496011,0.0020384461266198676,0.009481686871944835,0.13759982906295612
1781868244.682882,82.46644496917725,fun_at_the_park,two_speaker_attention_movie,speech_social,2376,1,0.47075386422987064,0.3699818080162121,0.4203678361230414,1,0,0.53626189827919,0.6892120242118835,-0.0606336154202153,0.3217014708622931,3.5238444638069755,0.5450355112552643,0.7076114416122437,0.00117956489976383,0.00047992159508577115,0.010191270723760498,0.13827582650541553
1781868244.718109,82.50167179107666,fun_at_the_park,two_speaker_attention_movie,speech_social,2377,1,0.4542425961975601,0.3869888150796458,0.42061570563860295,1,0,0.535582035779953,0.6887357592582702,-0.07127440531556067,0.3247022508244117,3.774001405679699,0.5463730096817017,0.707139790058136,0.0014182232649391415,0.00023865836517531153,0.014595352348722558,0.13689526471152902
1781868244.7511392,82.53470206260681,fun_at_the_park,two_speaker_attention_movie,speech_social,2378,1,0.4548442678728319,0.38524165119332193,0.4200429595330769,1,0,0.5360181212425232,0.6891516506671905,-0.057469608906623865,0.3192084818860646,3.193059194781137,0.5449217110872269,0.7075496017932892,0.0015080494914271824,8.982622648804088e-05,0.016139796443165707,0.1379287729215753
1781868244.786138,82.5697009563446,fun_at_the_park,two_speaker_attention_movie,speech_social,2379,1,0.4674786956934762,0.3753318814186685,0.4214052885560724,1,0,0.5356374830007553,0.6893942534923554,-0.06710612927318718,0.32847253231036355,3.543678421617755,0.5463626980781555,0.7050267457962036,0.0029053822278757467,0.0013973327364485643,0.015273770136162634,0.1369312904435438
1781868244.820555,82.60411787033081,fun_at_the_park,two_speaker_attention_movie,speech_social,2380,1,0.4290449366311856,0.39224668293979276,0.41064580978548915,1,0,0.5361828953027725,0.688511747121811,-0.05611110381411068,0.323578429797015,3.42103056388308,0.5450493693351746,0.7062299251556396,0.0017811437219137731,0.0011242385059619736,0.01167533120532779,0.138861418165489
1781868244.8560672,82.63963007926941,fun_at_the_park,two_speaker_attention_movie,speech_social,2381,1,0.4432636161568824,0.36699043104434675,0.4051270236006146,1,0,0.5356714308261872,0.6891611158847808,-0.07333607334939124,0.3201016834878732,3.6821830349528755,0.5461780726909637,0.708095133304596,0.0021801313502407943,0.0003989876283270212,0.05498833019083608,0.13624242640520084
1781868244.889355,82.67291784286499,fun_at_the_park,two_speaker_attention_movie,speech_social,2382,1,0.4507643852185066,0.3762693598673221,0.41351687254291436,1,0,0.5359098166227341,0.6888402163982392,-0.06401337273388795,0.3177409682475914,3.5849133357850502,0.5448718816041946,0.7076645791530609,0.0013753225194691994,0.0008048088307715949,0.03927664478069415,0.1376785378454748
1781868244.9224708,82.70603370666504,fun_at_the_park,two_speaker_attention_movie,speech_social,2383,1,0.46872306627395616,0.3546259190957088,0.41167449268483247,1,0,0.5349838078022003,0.6887106478214264,-0.07205971692219452,0.31875562791554585,3.2388227785394013,0.5452306717634201,0.7077386975288391,0.00036636581716234377,0.0010089567023068556,0.017489462663304707,0.13669392617067466
1781868244.95898,82.74254298210144,fun_at_the_park,two_speaker_attention_movie,speech_social,2384,1,0.4539124597560863,0.39238479730555476,0.4231486285308205,1,0,0.5350490748882293,0.6892385184764862,-0.07351545382174085,0.318834164591163,2.9484539322540964,0.5457295924425125,0.7048031985759735,0.0029775956653483138,0.00261122984818597,0.01119960766470652,0.1385340031046743
1781868244.992568,82.77613091468811,fun_at_the_park,two_speaker_attention_movie,speech_social,2385,1,0.4644448507202724,0.37718748806654195,0.42081616939340716,1,0,0.5352465361356735,0.6888026416301727,-0.07037470572018295,0.3148379602293949,2.727720594041851,0.5445866882801056,0.7065739035606384,0.0021075165639121915,0.0008700791014361223,0.041169036639946616,0.1377564257415862
1781868245.025169,82.8087317943573,fun_at_the_park,two_speaker_attention_movie,speech_social,2386,1,0.46363869081920994,0.3831558660860924,0.4233972784526512,1,0,0.5350081771612167,0.6886969566345215,-0.07622075178413455,0.3201077464724141,2.727621947290682,0.5450463891029358,0.7044778764247894,0.0021458458939835642,3.832933007137272e-05,0.009613661788535349,0.13835587240145483
1781868245.0608408,82.8444037437439,fun_at_the_park,two_speaker_attention_movie,speech_social,2387,1,0.45492170504902935,0.394219945985318,0.4245708255171737,1,0,0.5349452137947083,0.6878989338874817,-0.07252641200017279,0.31555621877962226,2.4664801816830417,0.5441445708274841,0.7065539062023163,0.0022634433589371773,0.00011759746495361304,0.020610953616757088,0.13647570886615515
1781868245.09609,82.87965297698975,fun_at_the_park,two_speaker_attention_movie,speech_social,2388,1,0.4430071939810571,0.39090668301646864,0.41695693849876286,1,0,0.5342996060848236,0.6875562191009521,-0.0657438504273123,0.318597977790671,2.727119904979143,0.5439348667860031,0.7049409449100494,0.001626536170936449,0.0006369071880007282,0.005657514133356289,0.13707772324648612
1781868245.129332,82.91289496421814,fun_at_the_park,two_speaker_attention_movie,speech_social,2389,1,0.4472120797493307,0.3955034465192627,0.42135776313429674,1,0,0.5343741804361344,0.687311464548111,-0.0633235447310772,0.3155737805888417,3.7453892025152684,0.5436885803937912,0.7062866389751434,0.0013680458705094504,0.0002584903004269987,0.005552104490764638,0.13708041992191675
1781868245.165021,82.94858384132385,fun_at_the_park,two_speaker_attention_movie,speech_social,2390,1,0.4678334011960889,0.37863707809930497,0.42323523964769694,1,0,0.5343961209058762,0.6871956825256348,-0.07250210896429236,0.3202102875930334,3.507679162111832,0.5446442067623138,0.7028280794620514,0.00358815491050975,0.0022201090400002996,0.003159297827008193,0.13733692415652107
1781868245.1988559,82.98241877555847,fun_at_the_park,two_speaker_attention_movie,speech_social,2391,1,0.4397345133178917,0.39769548286502304,0.4187149980914574,1,0,0.5349040120840073,0.6873759806156159,-0.06791498433755036,0.3204365350067721,4.259809293785542,0.5446116924285889,0.7026831805706024,0.0001485020896846937,0.0034396528208250564,0.06532749889869625,0.13624972237144722
1781868245.2332008,83.01676368713379,fun_at_the_park,two_speaker_attention_movie,speech_social,2392,1,0.43817901395743036,0.38846509616054414,0.4133220550589872,1,0,0.5350729078054428,0.6881117343902587,-0.07209902717032755,0.3187035974273793,3.6598942755089325,0.5450411885976791,0.703580915927887,0.000995186279538675,0.0008466841898539814,0.034307479278293064,0.13747323726590138
1781868245.272556,83.05611896514893,fun_at_the_park,two_speaker_attention_movie,speech_social,2393,1,0.4426491263655825,0.38411669353260425,0.4133829099490934,1,0,0.5349302113056182,0.6875776112079621,-0.06586432875045017,0.32024286236807803,4.290056825770647,0.5446491241455078,0.7032793760299683,0.0004946118121246423,0.0005005744674140328,0.035803388885684816,0.13637792320709466
1781868245.302294,83.08585691452026,fun_at_the_park,two_speaker_attention_movie,speech_social,2394,1,0.4455291027055848,0.37735495876137376,0.4114420307334793,1,0,0.5346600145101548,0.6873535096645356,-0.061595581179103014,0.31949959666750744,3.984129525994766,0.5443887412548065,0.7038667798042297,0.0006425281657535235,0.00014791635362888117,0.011273539487562611,0.1390862590862849
1781868245.337207,83.12076997756958,fun_at_the_park,two_speaker_attention_movie,speech_social,2395,1,0.4581770857974192,0.3761136083320057,0.41714534706471246,1,0,0.5350240051746369,0.6876449227333069,-0.07546781508150308,0.32220594438946154,3.717543996112692,0.545012354850769,0.7014121115207672,0.0025326449215999796,0.001890116755846456,0.012829717751754349,0.13835233613326
1781868245.37188,83.15544295310974,fun_at_the_park,two_speaker_attention_movie,speech_social,2396,1,0.4400256696051653,0.39249065532297894,0.4162581624640721,1,0,0.5352830678224564,0.686894565820694,-0.06753994846113838,0.3210171116890312,3.7738932599730863,0.5444084703922272,0.7041836977005005,0.0028366117800920354,0.0003039668584920558,0.013373037267802857,0.13631313203584272
1781868245.40592,83.18948292732239,fun_at_the_park,two_speaker_attention_movie,speech_social,2397,1,0.42973512149935233,0.38152467427231684,0.4056298978858346,1,0,0.5355222553014756,0.6869806766510009,-0.0708759075175784,0.3162662691385546,3.5579579543437077,0.545312762260437,0.704467386007309,0.0009477461887711805,0.001888865591320855,0.04851770238300286,0.13755064329039837
1781868245.4404852,83.2240481376648,fun_at_the_park,two_speaker_attention_movie,speech_social,2398,1,0.43205408268648904,0.39466569864438034,0.41335989066543466,1,0,0.5354085147380829,0.6867312073707581,-0.0655791813555084,0.31216236540207126,3.4036545635904765,0.5438342541456223,0.7078802287578583,0.00371933890436864,0.0027715927155974596,0.00572750940479703,0.13702177571355656
1781868245.474798,83.25836086273193,fun_at_the_park,two_speaker_attention_movie,speech_social,2399,1,0.4370674640093503,0.38586309792838325,0.4114652809688668,1,0,0.5348330438137054,0.6868523776531219,-0.06911351485451439,0.31605604160757605,3.034410365971771,0.544250100851059,0.7072941958904266,0.0007185840271900801,0.00300075487717856,0.0008729641823082371,0.13767111159817158
1781868245.509401,83.29296398162842,fun_at_the_park,two_speaker_attention_movie,speech_social,2400,1,0.48022592849038376,0.38996408843010416,0.43509500846024396,1,0,0.5349696159362793,0.6868543148040771,-0.0651715625648083,0.31614277638492433,3.0003461715647046,0.5438536256551743,0.7092522084712982,0.0019977501965469076,0.0012791661693568276,0.004296712788831918,0.13449675260395114
1781868245.543963,83.32752585411072,fun_at_the_park,two_speaker_attention_movie,speech_social,2401,1,0.4710209792328848,0.4069012380528877,0.43896110864288623,1,0,0.5351436525583267,0.6876133501529693,-0.06932150275923273,0.3210914054100976,2.916381863971501,0.5447215288877487,0.7052882015705109,0.0040579066931859045,0.002060156496638997,0.009009548320570939,0.13515777433964038
1781868245.577836,83.361398935318,fun_at_the_park,two_speaker_attention_movie,speech_social,2402,1,0.472377525926391,0.37064004091931846,0.4215087834228547,1,0,0.5355033189058304,0.6869324505329133,-0.06424616226161248,0.3165567153602647,2.6740883161743096,0.5443854331970215,0.7048201560974121,0.000576217735073864,0.0034816889581120404,0.007005639057385682,0.13570267578226386
1781868245.612658,83.39622092247009,fun_at_the_park,two_speaker_attention_movie,speech_social,2403,1,0.46970181880677053,0.38285563048097887,0.42627872464387473,1,0,0.5356042653322219,0.686545467376709,-0.06889153569246478,0.31070910498003673,2.849988185833313,0.5448049604892731,0.7102007567882538,0.005396931252409081,0.004820713517335217,0.0014920245669576275,0.13384686898441286
1781868245.6471128,83.43067574501038,fun_at_the_park,two_speaker_attention_movie,speech_social,2404,1,0.4734288770268079,0.38715575885723913,0.4302923179420235,1,0,0.5358391404151917,0.6862487196922302,-0.05929033705639293,0.3112136326204848,3.3914870482231043,0.5448746085166931,0.7079887390136719,0.002213113978716371,0.0031838172736927102,0.006737473545112896,0.1340052314975884
1781868245.680969,83.46453189849854,fun_at_the_park,two_speaker_attention_movie,speech_social,2405,1,0.4784552684881309,0.3974670980762393,0.43796118328218514,1,0,0.5358331799507141,0.6865898311138152,-0.05700156580160721,0.3061337694218483,3.6739034343650703,0.5448868870735168,0.7080282270908356,4.1353007094522285e-05,0.002171760971621849,0.014883896119653633,0.13263321046056198
1781868245.7172759,83.50083875656128,fun_at_the_park,two_speaker_attention_movie,speech_social,2406,1,0.467540462763134,0.3619448275598176,0.4147426451614758,1,0,0.5354466915130616,0.6858119785785675,-0.05300656551731532,0.3133748959369251,3.847109347762425,0.5445372462272644,0.705661416053772,0.002392497274091277,0.002351144266996755,0.08299926351523557,0.13523751144180932
1781868245.74991,83.53347301483154,fun_at_the_park,two_speaker_attention_movie,speech_social,2407,1,0.4841364170508424,0.3959993318165616,0.440067874433702,1,0,0.5355957597494125,0.6865463078022003,-0.054307772915663646,0.3177249045148216,3.5007529799139885,0.5451346635818481,0.7044630348682404,0.0013390388199727432,0.0010534584541185337,0.07930374646999942,0.13427070843008165
1781868245.784544,83.56810688972473,fun_at_the_park,two_speaker_attention_movie,speech_social,2408,1,0.46445067937866774,0.39003728006323,0.42724397972094885,1,0,0.5356214463710784,0.6868306875228882,-0.058487159276162014,0.320356758384821,3.135168797955396,0.5449318885803223,0.7032764554023743,0.0012037809310912319,0.00013525788888151132,0.09831085768758727,0.13728517051393405
1781868245.818479,83.60204195976257,fun_at_the_park,two_speaker_attention_movie,speech_social,2409,1,0.44673775294091045,0.38808780688749633,0.4174127799142034,1,0,0.5352326422929763,0.6865345180034637,-0.06193528080482531,0.32479216696840474,2.938317149556762,0.5456597805023193,0.7010546326637268,0.002338016880195584,0.0011342359491043521,0.09852670633825325,0.13742086679471754
1781868245.852823,83.63638591766357,fun_at_the_park,two_speaker_attention_movie,speech_social,2410,1,0.46597076766422885,0.4018598584795225,0.4339153130718757,1,0,0.5348722487688065,0.6863196790218353,-0.054988227559249946,0.3274535220877058,3.276993778001373,0.544032484292984,0.7044947445392609,0.0038055830918674706,0.0014675662116718866,0.1084771160008747,0.13539956266606104
1781868245.8870358,83.67059874534607,fun_at_the_park,two_speaker_attention_movie,speech_social,2411,1,0.47912143922768163,0.4011814214939139,0.44015143036079774,1,0,0.5345667839050293,0.6865837395191192,-0.06210296211055919,0.31666924931368307,2.9358751002034196,0.5446877777576447,0.7055902779102325,0.0012765590044097152,0.0025290240874577554,0.10788248905190015,0.13285771204877905
1781868245.922546,83.70610880851746,fun_at_the_park,two_speaker_attention_movie,speech_social,2412,1,0.4729145707181728,0.40703980488375485,0.43997718780096384,1,0,0.5342483937740325,0.6866252243518829,-0.05858490097200761,0.3140099748447522,3.0467527008160813,0.5443011820316315,0.7060818672180176,0.0006253929188120294,0.0006511660855976858,0.08694833753223331,0.13353071113603743
1781868245.954763,83.73832583427429,fun_at_the_park,two_speaker_attention_movie,speech_social,2413,1,0.48145726824032503,0.4133870315496447,0.44742214989498486,1,0,0.5346714586019516,0.6861886143684387,-0.05725257799491879,0.3194256480801003,2.8437313890629237,0.5433114618062973,0.7045621573925018,0.0018135777011764943,0.001188184782364465,0.08766799679102051,0.13270310913637115
1781868245.9905658,83.77412867546082,fun_at_the_park,two_speaker_attention_movie,speech_social,2414,1,0.46212447638384896,0.3791742887497147,0.42064938256678186,1,0,0.5336281538009644,0.6863031983375549,-0.049795335356920344,0.31608466102657873,3.2966215775309156,0.5427598357200623,0.7066088914871216,0.002119766919520617,0.00030618921834412284,0.07207631665205362,0.1339598901527264
1781868246.023401,83.80696392059326,fun_at_the_park,two_speaker_attention_movie,speech_social,2415,1,0.44684284480503716,0.38560394257853203,0.4162233936917846,1,0,0.5334416449069976,0.6871654748916627,-0.06322486374266446,0.32139092210721376,4.540014636763423,0.5448058247566223,0.7037607729434967,0.003506829105654259,0.001387062186133642,0.042191304642000764,0.1338422181308661
1781868246.060687,83.84424996376038,fun_at_the_park,two_speaker_attention_movie,speech_social,2416,1,0.44364681093085123,0.40321841813566817,0.4234326145332597,1,0,0.534900575876236,0.6869407534599304,-0.059222759633993816,0.3148278528826017,3.8207824926989113,0.5435327589511871,0.7050788700580597,0.001832505538432995,0.0016743235672212642,0.06653867404585172,0.13507212329090515
1781868246.094985,83.87854790687561,fun_at_the_park,two_speaker_attention_movie,speech_social,2417,1,0.43284976324622143,0.38438316896035096,0.40861646610328617,1,0,0.5341645270586013,0.68632732629776,-0.07062433347140129,0.322524349320691,3.1708617760773667,0.5451371818780899,0.7032612860202789,0.002424414292724466,0.000591908754291471,0.07484675539207271,0.1365776183104474
1781868246.12875,83.91231298446655,fun_at_the_park,two_speaker_attention_movie,speech_social,2418,1,0.43249758723618975,0.4162121903311728,0.42435488878368127,1,0,0.5349115580320358,0.6864221215248107,-0.06583418231883657,0.323474628112912,2.864270443106375,0.5437804013490677,0.7010751068592072,0.0025729812918554823,0.00014856699913101635,0.03434804930352419,0.13506907009126043
1781868246.164701,83.9482638835907,fun_at_the_park,two_speaker_attention_movie,speech_social,2419,1,0.4537673631853739,0.39533491727853903,0.4245511402319565,1,0,0.5342181414365769,0.6856284260749816,-0.07109977544326986,0.3190745697240821,2.548456990689448,0.54392209649086,0.7039027214050293,0.0028311625762136136,0.00025818128435813135,0.007966326960197952,0.13387334931996034
1781868246.197532,83.98109483718872,fun_at_the_park,two_speaker_attention_movie,speech_social,2420,1,0.44878345817070125,0.38544755816102877,0.417115508165865,1,0,0.5342413038015366,0.686275714635849,-0.06684158098832176,0.31463754627104573,2.7989055220762786,0.543554961681366,0.7053172588348389,0.0014614048407865885,0.0013697577354270251,0.013972795930238547,0.13592141895107662
1781868246.233284,84.0168468952179,fun_at_the_park,two_speaker_attention_movie,speech_social,2421,1,0.46500023548455244,0.3730137481134996,0.419006991799026,1,0,0.5338834345340728,0.6860392630100249,-0.06479842517347666,0.3128265632420179,2.7516492960604855,0.5432274043560028,0.7051171362400055,0.00038385264667826547,0.001077552194108323,0.014029006414659578,0.13440275077549035
1781868246.268706,84.0522689819336,fun_at_the_park,two_speaker_attention_movie,speech_social,2422,1,0.4569002349882364,0.3915684820408821,0.42423435851455926,1,0,0.5334606528282166,0.6850697219371795,-0.06349265502855496,0.3110273617990803,3.3537266253450633,0.5424621552228928,0.7068988084793091,0.001939062197050611,0.0015552095503723455,0.009975288358628601,0.1320844012502522
1781868246.300735,84.08429789543152,fun_at_the_park,two_speaker_attention_movie,speech_social,2423,1,0.4398216766778906,0.4041640137012309,0.42199284518956076,1,0,0.5333979010581971,0.6842549264430999,-0.06087201667952353,0.30892691432238695,2.7801522641766248,0.5426737368106842,0.7090412080287933,0.0021528220079520457,0.00021375981090143476,0.005934481338100388,0.1317600175979463
1781868246.334075,84.11763787269592,fun_at_the_park,two_speaker_attention_movie,speech_social,2424,1,0.4723659374263564,0.38737659089648835,0.4298712641614224,1,0,0.5336483180522918,0.6836790919303894,-0.05377260819117054,0.3107230559488148,3.8024977111438485,0.541839599609375,0.7065797746181488,0.0025989304156989507,0.000446108407746905,0.01552626582191883,0.12976011112016486
1781868246.370212,84.15377497673035,fun_at_the_park,two_speaker_attention_movie,speech_social,2425,1,0.47080680076435844,0.3992248297372309,0.4350158152507947,1,0,0.5331297010183335,0.6845702648162841,-0.06278203241800029,0.3099137406512772,3.0512147082369987,0.5430098474025726,0.7053810358047485,0.0016752476354963796,0.0009236827802025711,0.044177774349736035,0.1315140419826994
1781868246.403934,84.18749690055847,fun_at_the_park,two_speaker_attention_movie,speech_social,2426,1,0.46281694728029776,0.39983110640967157,0.43132402684498466,1,0,0.5337958246469497,0.6842617571353913,-0.053900363219968564,0.3091167870093291,2.5077696285182656,0.5415825992822647,0.7067927420139313,0.0020074739395488047,0.0003322263040524251,0.026719480583251593,0.13152699420181793
1781868246.4399629,84.22352576255798,fun_at_the_park,two_speaker_attention_movie,speech_social,2427,1,0.45411095161807813,0.41790478802455977,0.43600786982131895,1,0,0.5329251080751419,0.6848906636238099,-0.04100845950754171,0.3086406647493094,3.4002896820146904,0.5412426143884659,0.7065074741840363,0.000443810165255838,0.0015636637742929668,0.03911041330171176,0.1321734574042153
1781868246.473279,84.25684189796448,fun_at_the_park,two_speaker_attention_movie,speech_social,2428,1,0.4677349139210695,0.4060850222893936,0.4369099681052315,1,0,0.5328613758087157,0.685464197397232,-0.06263717836499935,0.3119177715687206,2.951759852933639,0.5431882739067078,0.7061379551887512,0.0019804381456641597,0.0015366279804083218,0.030061723598948573,0.13338437038810813
1781868246.508903,84.29246592521667,fun_at_the_park,two_speaker_attention_movie,speech_social,2429,1,0.44614495645597185,0.3966262397086873,0.42138559808232956,1,0,0.533678936958313,0.6852553009986877,-0.06598592565100263,0.31068236007013406,2.568691043300728,0.542332112789154,0.7054815888404846,0.001078808899827793,0.0009016292458363668,0.017125499207852918,0.1343623348294083
1781868246.541276,84.32483887672424,fun_at_the_park,two_speaker_attention_movie,speech_social,2430,1,0.45160072988252487,0.38764679403938285,0.41962376196095386,1,0,0.5329403638839721,0.6848823726177216,-0.05685666845638918,0.3135887550063249,2.9791471645018754,0.5422642827033997,0.7065847218036652,0.0011052163837859676,2.6407483958174743e-05,0.004838664279016268,0.13278028523908786
1781868246.576493,84.36005592346191,fun_at_the_park,two_speaker_attention_movie,speech_social,2431,1,0.4471619933505602,0.4170050585119789,0.43208352593126953,1,0,0.5331368803977966,0.6855606257915496,-0.049450785329265785,0.30700684363353176,3.3324093018708316,0.5414994210004807,0.708107590675354,0.0017041546364549819,0.0005989382526690142,0.006214241721030164,0.13367179684665004
1781868246.6108558,84.39441871643066,fun_at_the_park,two_speaker_attention_movie,speech_social,2432,1,0.4418693674147377,0.4114380536017645,0.42665371050825107,1,0,0.5326316744089127,0.6847690522670746,-0.06223545371949148,0.3190136688768601,3.141778590890942,0.5431931018829346,0.704799085855484,0.003716821098020844,0.002012666461565862,0.012789846913293792,0.1355980213667707
1781868246.647711,84.43127393722534,fun_at_the_park,two_speaker_attention_movie,speech_social,2433,1,0.4716696028467868,0.3984405460982475,0.4350550744725171,1,0,0.5337556511163711,0.6848956644535065,-0.06147696101384107,0.32063549040149786,2.4086495696788663,0.5430068969726562,0.7048407793045044,0.0001908156500472978,0.0035260054479735463,0.01594688236842651,0.13436967941343736
1781868246.680365,84.46392798423767,fun_at_the_park,two_speaker_attention_movie,speech_social,2434,1,0.44054154700666937,0.4017802026393698,0.42116087482301956,1,0,0.5338322967290878,0.6861117959022522,-0.05464903660370448,0.3147186603281666,3.2748507640401217,0.541236013174057,0.7070133984088898,0.0028029097739459253,0.0026120941238986276,0.0027974341078821005,0.1340339636419378
1781868246.714679,84.4982419013977,fun_at_the_park,two_speaker_attention_movie,speech_social,2435,1,0.42918367704756094,0.40255136354107957,0.4158675202943203,1,0,0.532463937997818,0.6857880353927612,-0.06532188699152228,0.3186137517412553,2.977803029075427,0.543123185634613,0.7065992653369904,0.0019320781809031298,0.0008708315930427955,0.005624556928898573,0.13377692888769088
1781868246.7478678,84.53143072128296,fun_at_the_park,two_speaker_attention_movie,speech_social,2436,1,0.4300551755544047,0.407048650009457,0.4185519127819308,1,0,0.5332163989543914,0.6860911905765534,-0.061918390145960525,0.3140066182657675,2.606457306423389,0.5425843149423599,0.7066451013088226,0.0005408165671308139,0.001391261613772316,0.004096581908841043,0.1348120753060402
1781868246.7819672,84.5655300617218,fun_at_the_park,two_speaker_attention_movie,speech_social,2437,1,0.43635169675134383,0.4024477747504844,0.4193997357509141,1,0,0.5331347078084946,0.6854504704475404,-0.05821693382378801,0.30948049476123135,2.9650191651449163,0.5414516925811768,0.7085702419281006,0.0022336069074584356,0.0016927903403276216,0.0025496785722202617,0.13542158960589032
1781868246.8164852,84.60004806518555,fun_at_the_park,two_speaker_attention_movie,speech_social,2438,1,0.4507452097054354,0.39450961148613894,0.4226274105957872,1,0,0.5328285396099091,0.6852018773555756,-0.07090442112042541,0.3243453142011286,2.5203464695957862,0.5427989214658737,0.7032639384269714,0.005474658209775045,0.0032410513023166092,0.03060923156139732,0.13447207690780558
1781868246.85127,84.6348328590393,fun_at_the_park,two_speaker_attention_movie,speech_social,2439,1,0.4687796305845817,0.3807004234173086,0.42474002700094515,1,0,0.533230435848236,0.6854620695114135,-0.0638731436540643,0.31341012334801266,2.379118572733272,0.5425338745117188,0.7067877948284149,0.0035338101004299917,0.0019408481093450532,0.005336777539020884,0.1328956259296352
1781868246.886752,84.67031478881836,fun_at_the_park,two_speaker_attention_movie,speech_social,2440,1,0.4229011070846329,0.38014456315594597,0.4015228351202894,1,0,0.5331012368202209,0.6863498330116272,-0.06468520328021476,0.31168473109021616,2.521417270527889,0.5427306145429611,0.706532895565033,0.0003219942148019336,0.003211815885628058,0.008852692747362459,0.13736436770434474
1781868246.9203022,84.70386505126953,fun_at_the_park,two_speaker_attention_movie,speech_social,2441,1,0.3923439358259692,0.3298352331317458,0.36108958447885753,1,0,0.5331395149230957,0.6877961218357087,-0.06066897346777856,0.31415859428577525,2.2849818143134026,0.541613906621933,0.7076592743396759,0.0015861165546242574,0.0012641223398223238,0.00822692957152955,0.14213488218304066
1781868246.9556491,84.73921203613281,fun_at_the_park,two_speaker_attention_movie,speech_social,2442,1,0.42042757769211075,0.3265057528067957,0.37346666524945327,1,0,0.5329138338565826,0.6881217956542969,-0.053487944597905776,0.31102746583364443,3.0885892366835432,0.5419072508811951,0.7089097499847412,0.00128442212428139,0.0003016944303428674,0.028312257010813895,0.13975973292055352
1781868246.989034,84.77259683609009,fun_at_the_park,two_speaker_attention_movie,speech_social,2443,1,0.4258736528869915,0.3692915051377655,0.3975825790123785,1,0,0.5329601854085922,0.6875011086463928,-0.05605213155902657,0.30566150353732324,2.4382451956964815,0.542457327246666,0.7098442614078522,0.0010843872038043124,0.00020003492047707756,0.007930989747904469,0.13948101405303048
1781868247.0247328,84.80829572677612,fun_at_the_park,two_speaker_attention_movie,speech_social,2444,1,0.4141690615423621,0.3497063265419163,0.3819376940421392,1,0,0.5332190006971359,0.6861504495143891,-0.05702152058755376,0.31084741595606363,2.137994936509515,0.5424719750881195,0.7073572874069214,0.0024870171371675206,0.0014026299333632082,0.01398399126349114,0.13938567442034686
1781868247.060512,84.84407496452332,fun_at_the_park,two_speaker_attention_movie,speech_social,2445,1,0.4335264719951697,0.35915929121696777,0.39634288160606873,1,0,0.5327947467565537,0.6857354462146759,-0.055404760831519455,0.3127270273891901,3.0751143082453742,0.5422267913818359,0.7060322761535645,0.0013475050542945876,0.001139512082872933,0.02038128477793362,0.1354619367209522
1781868247.092809,84.87637186050415,fun_at_the_park,two_speaker_attention_movie,speech_social,2446,1,0.4419367761102596,0.3836559438869304,0.412796359998595,1,0,0.5333578169345856,0.6858325600624084,-0.05436731571490473,0.3127934239843556,3.081937979522359,0.5424992144107819,0.707283616065979,0.0012806505702578385,6.685448403674914e-05,0.00980908526166022,0.13450490150923086
1781868247.1278222,84.91138505935669,fun_at_the_park,two_speaker_attention_movie,speech_social,2447,1,0.4563421983109625,0.3758060568574286,0.4160741275841956,1,0,0.5334782719612121,0.685550582408905,-0.05789364104890786,0.3119747028448475,2.8807698596994205,0.5422070026397705,0.705290824174881,0.002014102092830357,0.0007334515225725184,0.045487253995650456,0.13393222321200474
1781868247.162571,84.946133852005,fun_at_the_park,two_speaker_attention_movie,speech_social,2448,1,0.4434385468574356,0.36292710178957527,0.40318282432350544,1,0,0.5329367607831955,0.6861593902111054,-0.06490833527639996,0.3148379818494131,3.0721274696668885,0.5434795171022415,0.704473614692688,0.0015123241699397717,0.0005017779228905853,0.07634042513781712,0.13704719891165776
1781868247.1966872,84.98025012016296,fun_at_the_park,two_speaker_attention_movie,speech_social,2449,1,0.4391518301267382,0.3743772017421068,0.40676451593442253,1,0,0.5332400530576706,0.6862579345703125,-0.06555516847286026,0.31788205714925366,2.8799930568444068,0.5427338480949402,0.7039383351802826,0.000917903276413539,0.0005944208935262327,0.020197824376425956,0.13946398090120915
1781868247.231292,85.0148549079895,fun_at_the_park,two_speaker_attention_movie,speech_social,2450,1,0.4401377142243153,0.3736496926208411,0.4068937034225782,1,0,0.532898998260498,0.6861418426036835,-0.06287741271063779,0.3181699157280211,2.516169573898632,0.542976975440979,0.704003632068634,0.00025174310322282874,0.0006661601731907102,0.06009837199910471,0.13874736043975708
1781868247.267092,85.05065488815308,fun_at_the_park,two_speaker_attention_movie,speech_social,2451,1,0.4444718974785189,0.3783480404789732,0.41140996897874604,1,0,0.5331188172101975,0.6858055233955384,-0.061165137850250705,0.31619357549255134,2.675979366300857,0.5424871146678925,0.7050950825214386,0.001196339277937593,0.0009445961747147642,0.09525114354249058,0.13672357796711493
1781868247.298301,85.08186388015747,fun_at_the_park,two_speaker_attention_movie,speech_social,2452,1,0.4514459335624259,0.3869009210757547,0.4191734273190903,1,0,0.532777515053749,0.6866615235805511,-0.0536666370082227,0.31485033931491274,3.3530437609218926,0.5423393398523331,0.7052812874317169,0.00023771761551338223,0.0009586216624242106,0.09570044115621933,0.13575378441384167
1781868247.333633,85.11719584465027,fun_at_the_park,two_speaker_attention_movie,speech_social,2453,1,0.48114799904679706,0.39747042908626073,0.4393092140665289,1,0,0.5325967282056808,0.6861726462841033,-0.055037091490590405,0.316622559911994,2.994714137831595,0.5430065095424652,0.7059787213802338,0.0009651577632567721,0.0007274401477433899,0.08118901332901296,0.1335833508541368
1781868247.367564,85.15112686157227,fun_at_the_park,two_speaker_attention_movie,speech_social,2454,1,0.44777902943286146,0.41094254146856984,0.42936078545071565,1,0,0.533498439192772,0.6873124480247498,-0.0556092685680476,0.3123047655616177,3.306566642128283,0.5428130328655243,0.7061401009559631,0.0002519456131443686,0.0007132121501124036,0.06936314339588436,0.1371716490405727
1781868247.40331,85.18687295913696,fun_at_the_park,two_speaker_attention_movie,speech_social,2455,1,0.4791155648321959,0.3947358403953522,0.43692570261377406,1,0,0.5327050924301148,0.6874963998794555,-0.06180178531556823,0.3216813237326191,2.9528898961039465,0.5437277853488922,0.7047679126262665,0.0016491430859641844,0.0013971974728198158,0.050023184091939364,0.13655987120191904
1781868247.436407,85.21996998786926,fun_at_the_park,two_speaker_attention_movie,speech_social,2456,1,0.42346054962654883,0.3853551741749375,0.4044078619007432,1,0,0.5333021074533463,0.6887710154056549,-0.05894201018880809,0.32136957795138127,2.694442015069295,0.5426706969738007,0.7039571702480316,0.0013321933180359454,0.000316949767928239,0.03828092775866843,0.13930532772957313
1781868247.470742,85.25430488586426,fun_at_the_park,two_speaker_attention_movie,speech_social,2457,1,0.48517800534047256,0.37986404911806515,0.4325210272292689,1,0,0.5336185365915298,0.6874767899513244,-0.06562421611344636,0.3250427165590332,2.8065883217156795,0.5437867045402527,0.7063302397727966,0.002622390485367621,0.0012901971673316757,0.0890601925347828,0.13647303138561429
1781868247.5062091,85.2897720336914,fun_at_the_park,two_speaker_attention_movie,speech_social,2458,1,0.4363349958229934,0.39279778471240184,0.4145663902676976,1,0,0.5336033582687378,0.6879698276519776,-0.0523332364917186,0.31890037690964,2.9733621333139686,0.5427880883216858,0.7047039568424225,0.0019084104698966523,0.0007139800154709688,0.042459854375729356,0.13729431766557587
1781868247.540878,85.32444095611572,fun_at_the_park,two_speaker_attention_movie,speech_social,2459,1,0.4715175930392519,0.39702778540098516,0.4342726892201185,1,0,0.5333072453737259,0.6867919147014618,-0.04788001361927129,0.3253985997392968,3.3268919966416703,0.5426208525896072,0.7054182887077332,0.0007336469204474786,0.0011747635494491738,0.07151174981940112,0.13470686395458745
1781868247.5751889,85.35875177383423,fun_at_the_park,two_speaker_attention_movie,speech_social,2460,1,0.4671736418375788,0.40587606050015024,0.4365248511688645,1,0,0.5336923331022263,0.6875345408916473,-0.04766819279843048,0.31845540911001824,2.877288100403957,0.5432910621166229,0.7081225514411926,0.0027860756884335158,0.002052428767986037,0.04185446020957322,0.13432972967284507
1781868247.608363,85.39192581176758,fun_at_the_park,two_speaker_attention_movie,speech_social,2461,1,0.4528616100503711,0.396428116909833,0.42464486348010205,1,0,0.5338948011398315,0.6873606145381927,-0.050994905648420914,0.3254100719561442,2.640159595436105,0.5436364561319351,0.7049227356910706,0.003218402998467213,0.0004323273100336972,0.048162697190975066,0.13784273906483643
1781868247.643997,85.4275598526001,fun_at_the_park,two_speaker_attention_movie,speech_social,2462,1,0.4352273525279836,0.37562236610507366,0.4054248593165286,1,0,0.5347389101982116,0.6878958642482758,-0.058554690341437655,0.3221372902035258,2.898542424253131,0.5445220172405243,0.7054443359375,0.0010277574101513157,0.0021906455883158975,0.02939303338252954,0.13811691265498216
1781868247.677723,85.46128582954407,fun_at_the_park,two_speaker_attention_movie,speech_social,2463,1,0.46051002910578226,0.37434725753568765,0.4174286433207349,1,0,0.539153653383255,0.6893404185771942,-0.056941901318923197,0.31855173589962726,2.8639846088148757,0.5453208535909653,0.706771969795227,0.0015494357601943598,0.0005216783500430441,0.020274240091041576,0.1377876651808191
1781868247.7148118,85.49837470054626,fun_at_the_park,two_speaker_attention_movie,speech_social,2464,1,0.46431676482258977,0.40028074756255944,0.43229875619257463,1,0,0.5409910023212432,0.6886200070381165,-0.05111234469070784,0.32438488868554494,2.372288638039855,0.5441232472658157,0.7019137442111969,0.005003660333732026,0.003454224573537666,0.06238199261376846,0.1369061054935122
1781868247.7467399,85.53030276298523,fun_at_the_park,two_speaker_attention_movie,speech_social,2465,1,0.4656192561532423,0.3864449116886117,0.426032083920927,1,0,0.5406150430440902,0.6877622604370117,-0.053479513737174675,0.31979280157235696,3.2476859139486325,0.5442550927400589,0.7050177454948425,0.0031068001541702233,0.0018968601795618023,0.08129522062166655,0.1354299015266978
1781868247.781528,85.5650908946991,fun_at_the_park,two_speaker_attention_movie,speech_social,2466,1,0.44594252284445557,0.38041029690745015,0.41317640987595283,1,0,0.54125317633152,0.6895534276962281,-0.051412951267807906,0.316963822410913,3.3242555358030277,0.545490637421608,0.7061346471309662,0.0016655449333115877,0.0014412552208586356,0.035350984162204835,0.13928650987991614
1781868247.816067,85.5996298789978,fun_at_the_park,two_speaker_attention_movie,speech_social,2467,1,0.3304146581159058,0.2701631403350238,0.3002888992254648,1,0,0.5385915368795395,0.6941661477088928,-0.04339081144661808,0.3119543588848989,2.935979268106117,0.5447494685649872,0.7085320353507996,0.002509342852346088,0.0008437979190345005,0.05027711164443719,0.15340208335576858
1781868247.850952,85.63451480865479,fun_at_the_park,two_speaker_attention_movie,speech_social,2468,1,0.30553640832630735,0.14593451047692105,0.2257354594016142,1,0,0.5383562058210373,0.6965916574001312,-0.050409310042230294,0.3058475001137843,2.4492200335566254,0.546271026134491,0.7124747633934021,0.004226137936134919,0.001716795083788831,0.04395625696192127,0.1600713201686834
1781868247.885325,85.66888785362244,fun_at_the_park,two_speaker_attention_movie,speech_social,2469,1,0.3273948907727226,0.20345893707225315,0.26542691392248785,1,0,0.5405052840709687,0.6950023889541626,-0.03558451306381516,0.3003129266105392,2.838099087678663,0.5465311408042908,0.7127935290336609,0.0004114257829240374,0.003814712153210882,0.020602056126582866,0.1559503355065922
1781868247.918182,85.70174479484558,fun_at_the_park,two_speaker_attention_movie,speech_social,2470,1,0.4030522721570282,0.3630844919844085,0.38306838207071836,1,0,0.5450633794069291,0.6909515798091888,-0.02910721392411338,0.3050560140796803,2.51148967719767,0.5471180081367493,0.708995133638382,0.00384346469279778,0.003432038909873743,0.022168181115935583,0.1434668343211474
1781868247.952806,85.73636889457703,fun_at_the_park,two_speaker_attention_movie,speech_social,2471,1,0.4078996992868343,0.3685053147073501,0.3882025069970922,1,0,0.5462586581707001,0.688353818655014,-0.02837407276578742,0.317611734816343,2.9712460757242454,0.5478145778179169,0.7076036036014557,0.0015561379001842865,0.0022873267926134936,0.05264592727593559,0.1385291797768229
1781868247.988064,85.7716269493103,fun_at_the_park,two_speaker_attention_movie,speech_social,2472,1,0.4557497895028585,0.38663421553714605,0.4211920025200023,1,0,0.5488670557737351,0.6875591456890107,-0.019032668627811337,0.3114494025499192,2.5664826979703292,0.5491532981395721,0.7097995579242706,0.0025718451523181612,0.0010157072521338748,0.016341414084524112,0.13830919664021954
1781868248.023736,85.8072988986969,fun_at_the_park,two_speaker_attention_movie,speech_social,2473,1,0.42475687306277676,0.3820684292396584,0.4034126511512176,1,0,0.5510760098695755,0.6873067200183869,-0.01614268970537599,0.3185102019058679,2.4707939096729747,0.5502484142780304,0.7074741423130035,0.0025703768443238835,1.4683079942777802e-06,0.012560003391330815,0.1355801296061768
1781868248.055849,85.83941197395325,fun_at_the_park,two_speaker_attention_movie,speech_social,2474,1,0.4452395651855628,0.36807272525865425,0.4066561452221085,1,0,0.5528788238763809,0.6875050485134124,-0.003295079748720023,0.3172892940561055,3.287507909365724,0.5498736947774887,0.7065161466598511,0.0010286740861639467,0.0015417027581599368,0.009833594611454895,0.13460891469445901
1781868248.090851,85.87441396713257,fun_at_the_park,two_speaker_attention_movie,speech_social,2475,1,0.41835832745806206,0.3758917516150787,0.3971250395365704,1,0,0.5545176804065705,0.687485420703888,0.025297273915911096,0.30837690409049995,2.5850786533403194,0.5491444021463394,0.7094067633152008,0.0029811964695460654,0.0019525223833821187,0.031738146720295964,0.1352442887254251
1781868248.1256618,85.90922474861145,fun_at_the_park,two_speaker_attention_movie,speech_social,2476,1,0.434797297925387,0.41197493858849343,0.4233861182569402,1,0,0.5567720055580139,0.6877419471740722,0.030695600178249367,0.3120839998328534,1.4827331460526745,0.5505725890398026,0.7092891335487366,0.0014330228765160413,0.001548173593030024,0.009932820394378148,0.13535862762371756
1781868248.162417,85.9459798336029,fun_at_the_park,two_speaker_attention_movie,speech_social,2477,1,0.4493098380515617,0.4077166084982402,0.42851322327490093,1,0,0.5584220588207245,0.6877762973308563,0.0387415253300219,0.3116110343995336,1.6049302135891528,0.5506709516048431,0.7120901942253113,0.0028027872034912886,0.0013697643269752473,0.024151895197143544,0.13268486750536662
1781868248.19396,85.97752285003662,fun_at_the_park,two_speaker_attention_movie,speech_social,2478,1,0.4422021886527731,0.42720138046312106,0.43470178455794706,1,0,0.560191610455513,0.6886335432529449,0.0487312436520909,0.3140168960975879,1.2086762386519179,0.5514660030603409,0.7121891975402832,0.0008011919078875594,0.002001595295603729,0.005955677991280473,0.13353954759635248
1781868248.231318,86.01488089561462,fun_at_the_park,two_speaker_attention_movie,speech_social,2479,1,0.46396327116704267,0.44118162715962006,0.4525724491633314,1,0,0.561054402589798,0.688814777135849,0.049779087350932415,0.3144158593512068,0.8413145670968184,0.5519748330116272,0.7129485607147217,0.000914078962682828,0.00011288705479526857,0.01896830868339291,0.13203837054465964
1781868248.2659001,86.04946303367615,fun_at_the_park,two_speaker_attention_movie,speech_social,2480,1,0.4540103407490105,0.41657582393452425,0.43529308234176733,1,0,0.5615913152694703,0.6889910101890564,0.04916046565508288,0.31693064916495073,1.1761198144186196,0.5527810454368591,0.7138182818889618,0.0011859145818818302,0.0002718356191990022,0.021519994255727298,0.13306567693111113
1781868248.2981749,86.08173775672913,fun_at_the_park,two_speaker_attention_movie,speech_social,2481,1,0.460883850417549,0.4245147565787144,0.4426993034981317,1,0,0.5620883017778396,0.6897985816001893,0.050293554510319825,0.3186278748664234,1.7510337658648083,0.5523645132780075,0.7118740975856781,0.0019883037103250313,0.0008023891284432011,0.019860746624046348,0.13285681467053323
1781868248.332897,86.11645984649658,fun_at_the_park,two_speaker_attention_movie,speech_social,2482,1,0.47011469103436226,0.4027158421101742,0.43641526657226826,1,0,0.562501746416092,0.6903379201889038,0.048120242165244353,0.3186725705639756,1.4753186645899432,0.5526458323001862,0.7143867313861847,0.002528333246960881,0.0005400295366358495,0.020526150336212422,0.13253074319147465
1781868248.368097,86.15165996551514,fun_at_the_park,two_speaker_attention_movie,speech_social,2483,1,0.4421393070918523,0.42113504018992365,0.43163717364088794,1,0,0.5627642571926117,0.6916295289993286,0.05111446834734037,0.31917088545387645,1.959693601640287,0.5532675534486771,0.7134915590286255,0.001089894828054044,0.0014384384189068367,0.021851972108816224,0.13612932998712984
1781868248.401116,86.18467879295349,fun_at_the_park,two_speaker_attention_movie,speech_social,2484,1,0.42220993179017346,0.38892444003787524,0.40556718591402435,1,0,0.5624873012304306,0.6911019623279571,0.04372892530883048,0.3229295224044057,1.45084518752079,0.553517758846283,0.7109517157077789,0.002552137699153397,0.001462242871099353,0.010865906256088903,0.1373364742220184
1781868248.436288,86.21985101699829,fun_at_the_park,two_speaker_attention_movie,speech_social,2485,1,0.43751341843335173,0.39430852143548095,0.41591096993441634,1,0,0.5625622659921646,0.6921728134155274,0.04681030031480473,0.32414054934794273,2.47824137339242,0.5535048693418503,0.7111807763576508,0.00022942301681440634,0.0023227146823389905,0.016628775425866518,0.13590135460786806
1781868248.471699,86.25526189804077,fun_at_the_park,two_speaker_attention_movie,speech_social,2486,1,0.44758469819930224,0.3907302926716734,0.41915749543548786,1,0,0.5628786325454712,0.6922108173370362,0.048076898898725774,0.32073431728853563,3.2406031519523193,0.5535925626754761,0.7120362818241119,0.0008599882114932557,0.0006305651946788495,0.018210771852361078,0.1369740716374093
1781868248.503886,86.28744888305664,fun_at_the_park,two_speaker_attention_movie,speech_social,2487,1,0.44724620098109014,0.3996944721367172,0.42347033655890365,1,0,0.5632321238517761,0.692402595281601,0.056619170528936336,0.31992942238584005,2.2812028427772897,0.553254097700119,0.7122419476509094,0.0003960517287624756,0.0004639364827307801,0.024786257811558476,0.13654988588276845
1781868248.53915,86.3227128982544,fun_at_the_park,two_speaker_attention_movie,speech_social,2488,1,0.4733960888989078,0.41514270202339953,0.4442693954611536,1,0,0.5628850400447845,0.6912285387516022,0.0500925275725287,0.3190149545347011,2.016101953760645,0.5532774776220322,0.7103256583213806,0.0019164319490174012,0.0015203802202549256,0.04476217034428363,0.1331930582386586
1781868248.5736089,86.35717177391052,fun_at_the_park,two_speaker_attention_movie,speech_social,2489,1,0.4548973636491759,0.41085057561544275,0.4328739696323093,1,0,0.5627451449632644,0.6915202796459199,0.04737588203800191,0.316673548236527,2.165436706032727,0.5537541657686234,0.7137357592582703,0.003443257177277962,0.001526825228260561,0.0234878791542905,0.13272729584929496
1781868248.607939,86.39150190353394,fun_at_the_park,two_speaker_attention_movie,speech_social,2490,1,0.438428480132915,0.38409373494992577,0.4112611075414204,1,0,0.5620876669883728,0.6913126468658447,0.03490613043808964,0.3172659901482526,2.107690035479835,0.5541457086801529,0.7128375768661499,0.0009798150137062017,0.0024634421635717605,0.012217073244049635,0.1342938081231768
1781868248.6425369,86.42609977722168,fun_at_the_park,two_speaker_attention_movie,speech_social,2491,1,0.4626712969548304,0.39966821328625124,0.4311697551205408,1,0,0.5626605331897736,0.6918167173862457,0.04146670939957785,0.3209173268460604,1.8044128572368678,0.5533107072114944,0.7108376324176788,0.00216725754114088,0.0011874425274346783,0.010219213424458964,0.13539280075557514
1781868248.6773,86.46086287498474,fun_at_the_park,two_speaker_attention_movie,speech_social,2492,1,0.4727906890018259,0.42354353666231614,0.448167112832071,1,0,0.5624532163143158,0.6922225594520569,0.03719231627795964,0.3192006990100724,2.136926774063283,0.5541599690914154,0.711650937795639,0.0011758874854788932,0.0009913700556619868,0.024966352379392143,0.1352408548633325
1781868248.7123609,86.4959237575531,fun_at_the_park,two_speaker_attention_movie,speech_social,2493,1,0.4370878574453442,0.4030814592772614,0.4200846583613028,1,0,0.5620230734348297,0.6921307146549225,0.03568058573418569,0.3278909762159216,2.4200053362969007,0.5548641681671143,0.7073933184146881,0.004315462794563763,0.0031395753090848696,0.01733283413236729,0.13938985388122993
1781868248.74543,86.52899289131165,fun_at_the_park,two_speaker_attention_movie,speech_social,2494,1,0.45791655155258676,0.42216921402584895,0.4400428827892179,1,0,0.5621312230825424,0.6923515975475312,0.04709467514138624,0.3262573069412592,2.168140441421696,0.5537602603435516,0.7090095579624176,0.001957253881990683,0.0023582089125730797,0.018672980653048246,0.13645422975189817
1781868248.7803478,86.56391072273254,fun_at_the_park,two_speaker_attention_movie,speech_social,2495,1,0.45809920650642616,0.4224501012485111,0.44027465387746867,1,0,0.5618138909339905,0.6932404279708863,0.04655998677229201,0.3206690073493918,1.3342241116311204,0.5531707257032394,0.7108940780162811,0.001974580189696487,1.732630770580378e-05,0.07334140424347937,0.13543759521907123
1781868248.8151958,86.59875869750977,fun_at_the_park,two_speaker_attention_movie,speech_social,2496,1,0.4581823453517704,0.4197077326432552,0.4389450389975128,1,0,0.5620357185602188,0.6925425946712493,0.049027667590087365,0.31833311671777476,2.231588870400237,0.553072988986969,0.7125754952430725,0.00168425543082341,0.0002903247588730768,0.062249022899150616,0.13528810460147783
1781868248.850286,86.63384890556335,fun_at_the_park,two_speaker_attention_movie,speech_social,2497,1,0.44534519001817346,0.39568943019653524,0.4205173101073544,1,0,0.561819976568222,0.692965441942215,0.0424376120018895,0.32189311214361693,2.0964774946932807,0.5534764379262924,0.7090874016284943,0.0035113484746892806,0.0018270930438658705,0.08155442461057681,0.13820043544559535
1781868248.8827362,86.66629910469055,fun_at_the_park,two_speaker_attention_movie,speech_social,2498,1,0.44243723822549674,0.396628664743546,0.4195329514845214,1,0,0.5611580669879913,0.6921507060527801,0.03390425845470374,0.32026061390383226,2.057961732080579,0.5532531589269638,0.7107917666435242,0.001718928042705419,0.0017924204319838615,0.07548860740355084,0.13657648661781127
1781868248.917422,86.70098495483398,fun_at_the_park,two_speaker_attention_movie,speech_social,2499,1,0.4455645510428195,0.40867663774548857,0.42712059439415406,1,0,0.5602269023656845,0.6920986235141754,0.036352711507453596,0.31801088413598455,1.0427110585318773,0.55314502120018,0.7095486223697662,0.0012478387128676126,0.00047108932983780643,0.04351375816952738,0.13694186508762912
1781868248.951653,86.73521590232849,fun_at_the_park,two_speaker_attention_movie,speech_social,2500,1,0.4495709513035922,0.4164488998875531,0.43300992559557266,1,0,0.5606966376304627,0.69110187292099,0.042721263053989156,0.3183241501919004,1.4051413878744452,0.5522363781929016,0.710391640663147,0.0012394805192703039,8.358193597308734e-06,0.10047221231607635,0.13488695375275714
1781868248.986611,86.77017378807068,fun_at_the_park,two_speaker_attention_movie,speech_social,2501,1,0.4317838339082367,0.4003865221255336,0.41608517801688516,1,0,0.5603513151407242,0.6914399921894074,0.036143330853747775,0.3215226789158341,1.2251396149069338,0.5525747537612915,0.7112897336483002,0.0009597234160238905,0.0002797571032464134,0.05760252187593355,0.13558390876972334
1781868249.0235362,86.80709910392761,fun_at_the_park,two_speaker_attention_movie,speech_social,2502,1,0.4359869665806499,0.41017948948420696,0.4230832280324284,1,0,0.5607378751039505,0.6924212634563446,0.04268749851852494,0.32251413398197937,2.316291674125613,0.5524355471134186,0.7101842761039734,0.0011141879882322445,0.00015446457220835404,0.01881842769971729,0.13776758918661405
1781868249.055735,86.83929800987244,fun_at_the_park,two_speaker_attention_movie,speech_social,2503,1,0.43829522802724263,0.4079671299484185,0.4231311789878306,1,0,0.5603884041309357,0.6922110319137573,0.0441238737810063,0.32127331867839654,1.679492505650161,0.5518895089626312,0.7098976671695709,0.0006166865844126898,0.0004975014038195547,0.04396417468067916,0.13670545358783376
1781868249.089935,86.87349796295166,fun_at_the_park,two_speaker_attention_movie,speech_social,2504,1,0.4304732621090352,0.41188212189662277,0.42117769200282895,1,0,0.5611635059118271,0.6928359746932984,0.04122142417070621,0.3130327471241224,1.5354588812929029,0.5528232157230377,0.7150366604328156,0.005223127422732713,0.004606440838320023,0.07020345306614127,0.13731111025193524
1781868249.125252,86.90881490707397,fun_at_the_park,two_speaker_attention_movie,speech_social,2505,1,0.45302060771679215,0.38257689976005355,0.41779875373842285,1,0,0.5616928696632386,0.6932294428348542,0.04483463723313721,0.3226349807967876,2.0251032294103615,0.5530743896961212,0.7092805206775665,0.005761617242295155,0.0005384898195624427,0.06531235258074279,0.14193488068497245
1781868249.158392,86.94195485115051,fun_at_the_park,two_speaker_attention_movie,speech_social,2506,1,0.4405830008572595,0.3723853823222943,0.4064841915897769,1,0,0.5609390735626221,0.6928130745887756,0.042490958396758254,0.3204773910434862,2.6132977152063384,0.5519983470439911,0.7104315161705017,0.0015756453960077239,0.004185971846287432,0.053849304200985236,0.138368250804842
1781868249.1934988,86.97706174850464,fun_at_the_park,two_speaker_attention_movie,speech_social,2507,1,0.42542092619752503,0.37744757848915117,0.40143425234333807,1,0,0.5626078903675079,0.6931922793388368,0.05363412034461802,0.31911935546585457,1.9047532865293415,0.5510802268981934,0.7112342119216919,0.0012195347765022613,0.00035611061950546253,0.023026033545659977,0.1408095544365127
1781868249.227106,87.01066899299622,fun_at_the_park,two_speaker_attention_movie,speech_social,2508,1,0.40810107897778025,0.35041773295036877,0.3792594059640745,1,0,0.5626655042171478,0.6934352934360504,0.04688663270089955,0.3208598094676566,2.176915348625736,0.5514221042394638,0.712180107831955,0.00100578287394772,0.0002137519025545414,0.0034370110368748897,0.13961638881847444
1781868249.263544,87.04710698127747,fun_at_the_park,two_speaker_attention_movie,speech_social,2509,1,0.41127888432695947,0.37693445161182937,0.3941066679693944,1,0,0.562108439207077,0.6919938921928406,0.043791067057362514,0.33129997269687844,2.4646562577445636,0.5521612763404846,0.7097956240177155,0.002496425135127766,0.0014906422611800463,0.01633985817466079,0.13535874731812306
1781868249.296714,87.08027696609497,fun_at_the_park,two_speaker_attention_movie,speech_social,2510,1,0.4722615618385215,0.4261162969916717,0.4491889294150966,1,0,0.5615853846073151,0.6924950003623962,0.05169671080150573,0.3255755392443963,1.9882068425965098,0.5509481132030487,0.710854709148407,0.0016104117833912045,0.0008860133517365617,0.012089883990297309,0.13487651585762614
1781868249.331243,87.11480593681335,fun_at_the_park,two_speaker_attention_movie,speech_social,2511,1,0.4365318795343038,0.4118715290066622,0.424201704270483,1,0,0.560735359787941,0.6921951353549958,0.04936568728424348,0.32920513733555334,1.9402914876129949,0.5511482954025269,0.7094733119010925,0.0013958263745451503,0.00021458540884605423,0.03459124969531301,0.13450662376834063
1781868249.366862,87.15042495727539,fun_at_the_park,two_speaker_attention_movie,speech_social,2512,1,0.45447749274880284,0.4160602801698103,0.43526888645930656,1,0,0.5611646711826325,0.6928820312023163,0.04819863970375336,0.3256994107311466,1.901885874224818,0.5513899028301239,0.7106940746307373,0.001244441959739314,0.00015138441480583623,0.0046662109419604745,0.13410636390585237
1781868249.399641,87.18320393562317,fun_at_the_park,two_speaker_attention_movie,speech_social,2513,1,0.43292475861258983,0.40396698765772987,0.41844587313515985,1,0,0.5609302252531052,0.6926535069942474,0.047299849803206194,0.3238270333694125,1.891274310727011,0.5510751307010651,0.7108525037765503,0.00035239365413592056,0.0008920483056033935,0.017786468086390207,0.13478415741181804
1781868249.434531,87.21809387207031,fun_at_the_park,two_speaker_attention_movie,speech_social,2514,1,0.42508958990837376,0.40634022880081877,0.41571490935459626,1,0,0.5608826905488968,0.6933596014976502,0.046021818649012745,0.3251376927201381,1.5322918905335574,0.5510851740837097,0.7092463374137878,0.0016061977631675712,0.0012538041090316508,0.037534627226760875,0.1372873419056202
1781868249.470218,87.25378084182739,fun_at_the_park,two_speaker_attention_movie,speech_social,2515,1,0.260644257347112,0.21960953354259422,0.2401268954448531,1,0,0.5578309208154678,0.6966364026069641,0.05122822245813464,0.32297244180690704,2.386928067563173,0.550268292427063,0.7110144793987274,0.0019477221875493344,0.0003415244243817632,0.07573471853218613,0.15933629651689904
1781868249.5026,87.28616285324097,fun_at_the_park,two_speaker_attention_movie,speech_social,2516,1,0.13286911410640287,0.18248994206569022,0.15767952808604654,0,1,0.5568335622549057,0.6982730984687806,0.03975559634864334,0.3194069758708189,2.8986863938717438,0.5505827963352203,0.7112267017364502,0.0003794087886103417,0.0015683133989389927,0.06474469063488454,0.16870948063948896
1781868249.536567,87.32012987136841,fun_at_the_park,two_speaker_attention_movie,speech_social,2517,1,0.17146684383442326,0.19486082608562896,0.1831638349600261,1,0,0.5567982435226441,0.6984709024429321,0.03812914466527883,0.3168094292814768,2.292486698258033,0.5511489510536194,0.7134116291999817,0.002257086437436474,0.0018776776488261323,0.042271925432908794,0.1643982898099548
1781868249.573117,87.35667991638184,fun_at_the_park,two_speaker_attention_movie,speech_social,2518,1,0.35964982028019676,0.3451647266279543,0.3524072734540755,1,0,0.5613218933343886,0.6971600949764252,0.038316644163679796,0.3144487454930434,1.5760715178538738,0.5509527623653412,0.7144961655139923,0.0011021383841496777,0.0011549480532867962,0.033921021160465956,0.146457227339434
1781868249.607023,87.39058589935303,fun_at_the_park,two_speaker_attention_movie,speech_social,2519,1,0.3418159794818313,0.3439032478995056,0.3428596136906684,1,0,0.5617053210735321,0.6949780404567718,0.04270858367233224,0.32320472090272334,2.34569924517054,0.5510595142841339,0.7120043635368347,0.0024940876218634373,0.0013919492377137597,0.01860419990021916,0.14418977702490193
1781868249.641249,87.42481184005737,fun_at_the_park,two_speaker_attention_movie,speech_social,2520,1,0.3960859610051069,0.34512599529273225,0.3706059781489196,1,0,0.5616888403892517,0.694715428352356,0.03509400792186134,0.32504752482249566,1.2746502179891182,0.5515066981315613,0.7108298540115356,0.0012567601276370108,0.0012373274942264266,0.040216583125369354,0.14461218124539899
1781868249.6751769,87.45873975753784,fun_at_the_park,two_speaker_attention_movie,speech_social,2521,1,0.4176892281157301,0.35902463704163295,0.38835693257868154,1,0,0.5606685221195221,0.694394850730896,0.04050431551192363,0.32122927802909473,1.7222456351633764,0.5509593337774277,0.7136231064796448,0.0028463778889623653,0.0015896177613253545,0.021731223768713347,0.14002484442625615
1781868249.7106292,87.49419212341309,fun_at_the_park,two_speaker_attention_movie,speech_social,2522,1,0.440126863282049,0.3672101075311507,0.40366848540659983,1,0,0.5604526907205581,0.6943439424037934,0.03502732337413073,0.3197795012335109,1.2642443271841446,0.5515124201774597,0.7116174697875977,0.0020805006864661486,0.0007658772024962167,0.0547890565790581,0.1402530893097285
1781868249.7442381,87.52780103683472,fun_at_the_park,two_speaker_attention_movie,speech_social,2523,1,0.40965011142676966,0.36592092161335826,0.387785516520064,1,0,0.5611022293567658,0.6940393805503845,0.04179004426243023,0.31550303574368793,2.0570887624724383,0.5505335032939911,0.7145797908306122,0.0031198756748669655,0.001039374988400817,0.07770827384364158,0.1408614951052992
1781868249.777822,87.56138491630554,fun_at_the_park,two_speaker_attention_movie,speech_social,2524,1,0.3947298242210827,0.3970498169290191,0.3958898205750509,1,0,0.5601261675357818,0.6937154352664947,0.03968105846034315,0.3225591870939636,1.8221161321979626,0.5508260130882263,0.711403489112854,0.003189742087059249,6.986641219228337e-05,0.0534743757394238,0.1400123723817121
1781868249.814709,87.59827184677124,fun_at_the_park,two_speaker_attention_movie,speech_social,2525,1,0.38924309859482303,0.41136726051969247,0.40030517955725775,1,0,0.5603497236967087,0.6930790185928345,0.040583133078760644,0.3262411546009355,1.5838979283773673,0.5504130423069,0.7091156244277954,0.002324837560641067,0.0008649045264181817,0.045870023924810086,0.13979054393495763
1781868249.848263,87.63182592391968,fun_at_the_park,two_speaker_attention_movie,speech_social,2526,1,0.3936519654236869,0.38187151523629376,0.38776174032999033,1,0,0.560094130039215,0.6928116500377655,0.0424467725045139,0.3275004031942631,2.7473307064236874,0.5500306338071823,0.7086125016212463,0.0006319563427375081,0.0016928812179035592,0.04816852917326186,0.14167362037053594
1781868249.8828402,87.66640305519104,fun_at_the_park,two_speaker_attention_movie,speech_social,2527,1,0.39632366208133113,0.3910396905828605,0.39368167633209583,1,0,0.5590329051017762,0.6927865207195282,0.040450410643768614,0.32656866218290576,2.924288355103689,0.5504750311374664,0.7107375860214233,0.002171053360707493,0.001539097017969985,0.06677184736178447,0.14016955741914325
1781868249.916061,87.6996238231659,fun_at_the_park,two_speaker_attention_movie,speech_social,2528,1,0.41609208874439224,0.41504443211035913,0.4155682604273757,1,0,0.5594845443964005,0.693027549982071,0.045199136909329744,0.3248909549975622,2.628328078301132,0.55006143450737,0.7087969183921814,0.001984251249115059,0.00018680211159243388,0.05945913889450054,0.13783305511702348
1781868249.951215,87.73477792739868,fun_at_the_park,two_speaker_attention_movie,speech_social,2529,1,0.4353181308506672,0.40665042880042074,0.420984279825544,1,0,0.5591916590929031,0.6927020370960235,0.03910358764992809,0.31959376215898744,3.29857642931508,0.5496877431869507,0.7121340930461884,0.003358032143131329,0.00137378089401627,0.06385322675946445,0.13794529469235356
1781868249.984355,87.76791787147522,fun_at_the_park,two_speaker_attention_movie,speech_social,2530,1,0.43388321602129687,0.3993573977010522,0.41662030686117457,1,0,0.5584830462932586,0.6934087216854095,0.03792905285149181,0.3252012392198412,3.3521133420419695,0.549321860074997,0.7088322639465332,0.00332203941200921,3.5992731122119325e-05,0.026953724972525496,0.13861166690291385
1781868250.022379,87.80594182014465,fun_at_the_park,two_speaker_attention_movie,speech_social,2531,1,0.4423858067252757,0.36965070360825436,0.40601825516676504,1,0,0.5587198734283447,0.6931082427501678,0.03947245588834397,0.32700635416826973,2.977587109385295,0.5497536063194275,0.7071980834007263,0.0016902517196777423,0.0016317876923314675,0.038357605588220385,0.14026056160766204
1781868250.0538108,87.83737373352051,fun_at_the_park,two_speaker_attention_movie,speech_social,2532,1,0.40784900629877646,0.3922405269787352,0.4000447666387558,1,0,0.557379487156868,0.6925785541534424,0.026488324625624577,0.3279372510245074,2.5864407025250045,0.5493959784507751,0.7079814076423645,0.0008611007838661242,0.0008291509358116182,0.0242315393317958,0.13939549362584278
1781868250.088625,87.8721878528595,fun_at_the_park,two_speaker_attention_movie,speech_social,2533,1,0.44934391378194377,0.39583587715098584,0.4225898954664648,1,0,0.5578170716762543,0.6926871359348297,0.037607923231285735,0.31848478343625747,2.1762709893285535,0.5484009981155396,0.7109945714473724,0.0031731911356417584,0.002312090351775634,0.04661827686293172,0.13697725140583572
1781868250.1229172,87.90648007392883,fun_at_the_park,two_speaker_attention_movie,speech_social,2534,1,0.42783127787144787,0.40812770940848864,0.4179794936399682,1,0,0.5574025422334672,0.6917854368686676,0.03760798452533818,0.3250474994740155,2.264195124634531,0.5486376285552979,0.7093163430690765,0.0016948287390582825,0.001478362396583476,0.061882350942277425,0.13507138654072448
1781868250.157214,87.94077682495117,fun_at_the_park,two_speaker_attention_movie,speech_social,2535,1,0.4507543035759348,0.39674080258555955,0.4237475530807472,1,0,0.5575580984354019,0.6922073423862457,0.04238695726704955,0.3188188324515164,2.4177099477474617,0.5480188429355621,0.7119317650794983,0.002687624961892987,0.0009927962228347047,0.03361981870788139,0.1359554896139755
1781868250.1915362,87.97509908676147,fun_at_the_park,two_speaker_attention_movie,speech_social,2536,1,0.41166237702304437,0.40672487274831887,0.4091936248856816,1,0,0.5573558628559112,0.6927281081676483,0.04282945192425403,0.3204377412533238,1.5933201314112297,0.5484881401062012,0.7111652195453644,0.0008987946874956758,0.0017888302743973112,0.07056106588929928,0.13707869059339675
1781868250.227008,88.0105710029602,fun_at_the_park,two_speaker_attention_movie,speech_social,2537,1,0.4402659555712131,0.3959764259314444,0.41812119075132875,1,0,0.5580476582050323,0.69220130443573,0.040560171042017985,0.3184667853966847,2.2445986004131067,0.5485329777002335,0.7129679322242737,0.0018032701995372062,0.0009044755120415304,0.05104884897009919,0.13487073852756398
1781868250.262746,88.04630899429321,fun_at_the_park,two_speaker_attention_movie,speech_social,2538,1,0.4401588278135327,0.41306435190017765,0.4266115898568552,1,0,0.5584910660982132,0.6927551805973053,0.045264875412493286,0.3194877118355915,2.6480377591556272,0.5481901317834854,0.7122834324836731,0.0007655607209836971,0.0010377094785535093,0.06755522939837524,0.13685535545623947
1781868250.2961972,88.07976007461548,fun_at_the_park,two_speaker_attention_movie,speech_social,2539,1,0.4414719101575381,0.3956068955795773,0.41853940286855773,1,0,0.5582349836826324,0.6926992297172547,0.04147648068875051,0.31931392084803617,2.377209433386532,0.5491785407066345,0.7116849422454834,0.0011554837794487387,0.00038992305846504165,0.05490255631176171,0.13633248021583788
1781868250.330587,88.11414980888367,fun_at_the_park,two_speaker_attention_movie,speech_social,2540,1,0.4014705926659845,0.3916739447435795,0.396572268704782,1,0,0.5578180849552155,0.6922184765338898,0.03791480624909096,0.32255003225386136,2.023295195672909,0.548521563410759,0.7107376754283905,0.0011527938194062519,2.689960042486861e-06,0.013726138916065556,0.13808077453072667
1781868250.3649049,88.14846777915955,fun_at_the_park,two_speaker_attention_movie,speech_social,2541,1,0.4078944212682277,0.3905948534644905,0.3992446373663591,1,0,0.5573822081089019,0.6914626896381378,0.035859486275658145,0.32838519972810104,2.8586289186595932,0.5488880276679993,0.7099370062351227,0.0008805493790145029,0.00027224444039174894,0.0505248896541653,0.1372979452465712
1781868250.399934,88.18349695205688,fun_at_the_park,two_speaker_attention_movie,speech_social,2542,1,0.40219669895507904,0.4050467244959961,0.40362171172553757,1,0,0.5580030858516694,0.6924783110618591,0.04434247184111614,0.32354515190046346,2.1870180724682022,0.5483899861574173,0.710340827703476,0.0006411841580745449,0.00023936522093995802,0.02496360403817275,0.1387368934598798
1781868250.432158,88.21572089195251,fun_at_the_park,two_speaker_attention_movie,speech_social,2543,1,0.44503665323809133,0.39128374843240427,0.4181602008352478,1,0,0.5575241148471832,0.6922655701637268,0.03583653945309035,0.3295044816545746,1.7356022876707373,0.5491336137056351,0.7075805962085724,0.0028586465041914406,0.0022174623461168955,0.008096987775794581,0.13832696083413595
1781868250.4689522,88.25251507759094,fun_at_the_park,two_speaker_attention_movie,speech_social,2544,1,0.42265603504614196,0.37193131619777764,0.39729367562195983,1,0,0.5574297904968262,0.6923333168029785,0.03150391527513635,0.3223884156916373,2.053994097166947,0.5491300523281097,0.7101754248142242,0.002594831049629056,0.0002638154545623844,0.0023772536631586965,0.1398559727349281
1781868250.501346,88.28490900993347,fun_at_the_park,two_speaker_attention_movie,speech_social,2545,1,0.4432640210757364,0.39365408832543775,0.4184590547005871,1,0,0.5576182931661606,0.6919807553291322,0.0363853973764211,0.3238593426266254,2.074287439852219,0.5491041094064713,0.7089412808418274,0.0012344166151614369,0.0013604144344676193,0.0012214770575866918,0.13897253679395202
1781868250.536309,88.31987190246582,fun_at_the_park,two_speaker_attention_movie,speech_social,2546,1,0.45264959425359114,0.38408231079895383,0.4183659525262725,1,0,0.5580691754817962,0.6921254634857177,0.03834811156344434,0.3252805784122245,2.459461805623714,0.5492003262042999,0.7090039849281311,0.00011484543797464145,0.0011195711771867954,0.000802472035071854,0.1374827135602819
1781868250.572045,88.3556079864502,fun_at_the_park,two_speaker_attention_movie,speech_social,2547,1,0.44399615136648235,0.41173885436328655,0.42786750286488445,1,0,0.5582822322845459,0.6919052362442016,0.0401128219489949,0.32526797206174274,1.8494602987251147,0.5490783005952835,0.7077823281288147,0.0012277359588168109,0.0011128905208421694,0.0007492428577440283,0.13602548750999652
1781868250.606677,88.39023995399475,fun_at_the_park,two_speaker_attention_movie,speech_social,2548,1,0.4272752228851493,0.38616727455111827,0.40672124871813375,1,0,0.5589013308286667,0.6922793924808501,0.03471834857941417,0.32607441235335743,1.7796998926246275,0.5498670339584351,0.7094868719577789,0.0018781826277038144,0.0006504466688870036,0.001546498621859624,0.13588470008813097
1781868250.6392782,88.42284107208252,fun_at_the_park,two_speaker_attention_movie,speech_social,2549,1,0.4219263137519034,0.38887089422194143,0.4053986039869224,1,0,0.5575017929077148,0.692681223154068,0.04013621857335894,0.3192425148334068,2.493239489556374,0.5488120019435883,0.7117688655853271,0.0025140778564957723,0.0006358952287919579,0.015948897696864573,0.13709666546575444
1781868250.67452,88.45808291435242,fun_at_the_park,two_speaker_attention_movie,speech_social,2550,1,0.4143915019915349,0.42380866520297056,0.4191000835972527,1,0,0.5580682992935181,0.6921407401561737,0.031007399897987488,0.3288620140564575,2.014311665254988,0.5502017438411713,0.7075180113315582,0.00447226390418577,0.001958186047689998,0.01637497712516915,0.13699713728594215
1781868250.7104158,88.49397873878479,fun_at_the_park,two_speaker_attention_movie,speech_social,2551,1,0.4166549295483057,0.40732464464732354,0.41198978709781464,1,0,0.5574772328138351,0.693212229013443,0.0398111712442722,0.3207414972999224,2.3047938043789955,0.549668163061142,0.7093305587768555,0.0018894540720192773,0.002582809832166493,0.07352180034408522,0.1382792180334093
1781868250.7422621,88.52582502365112,fun_at_the_park,two_speaker_attention_movie,speech_social,2552,1,0.4171246672829418,0.45096196270188493,0.43404331499241333,1,0,0.5574143171310425,0.6927147388458252,0.039561215823508813,0.3312344423853637,2.3279833231749785,0.5493724048137665,0.7072473168373108,0.0021041316307608923,0.00021467755874161496,0.019567310447298,0.13700537174349176
1781868250.776855,88.5604178905487,fun_at_the_park,two_speaker_attention_movie,speech_social,2553,1,0.42611216911796,0.40864584890671796,0.417379009012339,1,0,0.5577575206756591,0.6935484647750855,0.045791592466506104,0.32601880789587384,1.5309415537380426,0.548391580581665,0.7094007432460785,0.002366275865628421,0.0002621442348675288,0.049888458733902886,0.13859174730630006
1781868250.815202,88.59876489639282,fun_at_the_park,two_speaker_attention_movie,speech_social,2554,1,0.424636107393802,0.43257032907764464,0.42860321823572334,1,0,0.5574856162071228,0.6931655943393706,0.03803852284342755,0.32744088168464675,1.5739629128521788,0.5486272126436234,0.708365261554718,0.0010619532954727687,0.0013043225701556524,0.03341420744803158,0.13644392085443155
1781868250.84658,88.6301429271698,fun_at_the_park,two_speaker_attention_movie,speech_social,2555,1,0.4470956251815532,0.4183677989694566,0.43273171207550487,1,0,0.5578936874866486,0.6920732438564301,0.0309612836401042,0.33561269332282095,1.7990361946356817,0.5497175753116608,0.7048617899417877,0.003669223908465943,0.0026072706129931745,0.03637946270561762,0.1364615865093673
1781868250.881742,88.6653048992157,fun_at_the_park,two_speaker_attention_movie,speech_social,2556,1,0.4518393375724194,0.41905016652174454,0.435444752047082,1,0,0.557176622748375,0.6915486812591553,0.03335018106325905,0.3254891027433174,2.230431302351107,0.5493215769529343,0.7084043622016907,0.0035646364354233948,0.00010458747304254844,0.00931014790973345,0.13535141733132558
1781868250.915285,88.6988480091095,fun_at_the_park,two_speaker_attention_movie,speech_social,2557,1,0.44122357635545295,0.3934953717657075,0.4173594740605802,1,0,0.5573660224676132,0.691519582271576,0.053742836281278204,0.3223691256040787,1.9625031313908818,0.5468727499246597,0.7102028727531433,0.0030383209208532207,0.0005263155145701741,0.003019640279808233,0.13641463655794325
1781868250.948962,88.73252487182617,fun_at_the_park,two_speaker_attention_movie,speech_social,2558,1,0.41315676566546705,0.39447795790982243,0.4038173617876447,1,0,0.5580708414316178,0.6912680327892304,0.045191661439139344,0.3287087810175299,1.8345008964930236,0.5480839759111404,0.7081224620342255,0.0024073174177317055,0.0006310035031215151,0.0027261870154586757,0.13666462010667657
1781868250.982964,88.76652693748474,fun_at_the_park,two_speaker_attention_movie,speech_social,2559,1,0.4083324027928264,0.41192362038083125,0.4101280115868288,1,0,0.5579224586486816,0.6918679416179657,0.04531052884422476,0.3234725976384279,2.1620205229695437,0.5481220632791519,0.7099741101264954,0.0018520397687978496,0.0005552776489338559,0.003215651339864507,0.13512194826097584
1781868251.019892,88.80345487594604,fun_at_the_park,two_speaker_attention_movie,speech_social,2560,1,0.36946985807105986,0.40786829433933314,0.38866907620519653,1,0,0.5577281266450882,0.6937117099761962,0.05217205146734284,0.3167227011328824,1.8464547396404312,0.5481602549552917,0.7132512331008911,0.0032773455102321496,0.0014253057414343,0.006197972767145885,0.1386200761140512
1781868251.052052,88.83561491966248,fun_at_the_park,two_speaker_attention_movie,speech_social,2561,1,0.4068152116076315,0.3889271444633105,0.397871178035471,1,0,0.5581008195877075,0.6934133291244506,0.04295511200109996,0.31826102130595385,1.6544428466472652,0.5488263964653015,0.7121477127075195,0.0012889925406863539,0.0019883529695457957,0.007513685506286482,0.13789173608136096
1781868251.087776,88.87133884429932,fun_at_the_park,two_speaker_attention_movie,speech_social,2562,1,0.39719477590712454,0.3969063223953579,0.3970505491512412,1,0,0.5586062788963317,0.6935605645179748,0.03806997931703404,0.32447514859653087,1.3500797521412984,0.5494668185710907,0.709271639585495,0.0029465126975486487,0.0016575201568622949,0.0028774591209067934,0.13746969617884178
1781868251.122358,88.90592098236084,fun_at_the_park,two_speaker_attention_movie,speech_social,2563,1,0.4139048234042266,0.41053848188825026,0.41222165264623845,1,0,0.5589336931705475,0.6935139536857605,0.03995030688492872,0.3244708733214063,2.443907230683808,0.5490136742591858,0.7095794677734375,0.0005478119756848494,0.0023987007218637993,0.0036322107777239107,0.13842036195868593
1781868251.1564648,88.94002771377563,fun_at_the_park,two_speaker_attention_movie,speech_social,2564,1,0.4410091128485997,0.40962852827988067,0.4253188205642402,1,0,0.5585568368434906,0.6926104247570037,0.03292100038434959,0.32902403831892274,2.577306458086148,0.5497710108757019,0.7089467346668243,0.0009868687526314803,0.0004390567769466309,0.005914504487070236,0.13713705821505157
1781868251.190741,88.97430396080017,fun_at_the_park,two_speaker_attention_movie,speech_social,2565,1,0.43560835574031115,0.4163891984526515,0.4259987770964813,1,0,0.5581989854574203,0.6936365842819214,0.03591463295811979,0.32424321126758904,2.677500954011376,0.5496538281440735,0.7091617584228516,0.00024488162088640296,0.0007419871317450772,0.002885013568879184,0.13744829864159666
1781868251.2257469,89.00930976867676,fun_at_the_park,two_speaker_attention_movie,speech_social,2566,1,0.421815825799794,0.41952104448881733,0.42066843514430563,1,0,0.5590318441390991,0.693527776002884,0.03915190832987045,0.32568176634338203,2.0950574909037307,0.5499458909034729,0.7101176381111145,0.0009995031935224892,0.0007546215726360861,0.002665607587633457,0.13736913725424796
1781868251.2596722,89.04323506355286,fun_at_the_park,two_speaker_attention_movie,speech_social,2567,1,0.44913804177279537,0.3910272133017351,0.4200826275372652,1,0,0.5589254051446915,0.6931259334087372,0.038097845730772614,0.3270122622849726,2.0695075521790303,0.5496272295713425,0.7085863947868347,0.0015640496036720027,0.0005645464101495135,0.00272929176641843,0.13485406875256578
1781868251.294741,89.07830381393433,fun_at_the_park,two_speaker_attention_movie,speech_social,2568,1,0.44808507618974275,0.40598306481547186,0.42703407050260733,1,0,0.5597976207733154,0.6935295283794403,0.035537476766756636,0.3268817773199454,1.5122833798107704,0.5499806106090546,0.7096177041530609,0.0010901729985100335,0.0004738766051619692,0.0028603740812608402,0.13481967385689014
1781868251.3287091,89.11227202415466,fun_at_the_park,two_speaker_attention_movie,speech_social,2569,1,0.45373557009137155,0.38986387020719215,0.42179972014928185,1,0,0.5592852056026458,0.6933342635631561,0.03544036268308742,0.3288116420495332,1.6788413265117335,0.5502009093761444,0.7091502845287323,0.0005167326697517848,0.0005734403287582486,0.0025389222281920086,0.13636946527991714
1781868251.3645608,89.1481237411499,fun_at_the_park,two_speaker_attention_movie,speech_social,2570,1,0.4707968571846381,0.39141280725250543,0.43110483221857177,1,0,0.5593357235193253,0.6933780491352082,0.040048953778436536,0.3260571838349202,1.2819958845303512,0.5503888577222824,0.7112202346324921,0.002078465302301454,0.0015617326325496692,0.007530789763915382,0.13664454101438286
1781868251.398187,89.18174982070923,fun_at_the_park,two_speaker_attention_movie,speech_social,2571,1,0.44709123462362593,0.41541795345120286,0.4312545940374144,1,0,0.559536126255989,0.6932485997676849,0.044698003879923,0.32705004373949254,1.0969753741531316,0.5510711222887039,0.7117407917976379,0.000858175215663467,0.0012202900866379871,0.0062064909919907285,0.13514627892365172
1781868251.4307048,89.21426773071289,fun_at_the_park,two_speaker_attention_movie,speech_social,2572,1,0.45187536268547873,0.4272148416068617,0.4395451021461702,1,0,0.5604047626256943,0.6935956478118896,0.040888378533036424,0.3291327368150558,1.8600334704893786,0.5509520918130875,0.7100753784179688,0.0016696616361726202,0.0008114864205091533,0.026703501342752668,0.13591597690510498
1781868251.466704,89.25026679039001,fun_at_the_park,two_speaker_attention_movie,speech_social,2573,1,0.4205698277109856,0.4105085096419164,0.415539168676451,1,0,0.5595629632472991,0.6938163816928864,0.03661128670404098,0.32572328490202535,2.363366926303454,0.5509995669126511,0.7115589678287506,0.0014843488218281582,0.00018531281434446207,0.0036733995794832473,0.13678645638623974
1781868251.500195,89.28375792503357,fun_at_the_park,two_speaker_attention_movie,speech_social,2574,1,0.4387237094812756,0.41677985279163304,0.4277517811364543,1,0,0.5606300592422486,0.6932396352291107,0.03818714705753699,0.32175570461562986,3.1864666397690784,0.5512558817863464,0.7126291692256927,0.0011004673300440955,0.00038388149178406267,0.019127225003423877,0.13614679926533152
1781868251.53484,89.31840300559998,fun_at_the_park,two_speaker_attention_movie,speech_social,2575,1,0.43602226040886555,0.4095130694642494,0.4227676649365575,1,0,0.5606068313121795,0.6928090929985047,0.039888120997853424,0.3283458508413634,2.7725964179154676,0.5508407950401306,0.7076952755451202,0.0049513234451081245,0.003850856115064029,0.03174578361353504,0.13643900530076775
1781868251.569104,89.3526668548584,fun_at_the_park,two_speaker_attention_movie,speech_social,2576,1,0.4462894191670364,0.4122697249595272,0.4292795720632818,1,0,0.5608340084552765,0.6931610345840454,0.045822281272948816,0.3279023364363534,2.1072321602682704,0.5506463199853897,0.7097162306308746,0.002030290620958741,0.0029210328241493833,0.00645092791723144,0.13448302986679467
1781868251.606263,89.38982582092285,fun_at_the_park,two_speaker_attention_movie,speech_social,2577,1,0.43904558874930566,0.3952591694354029,0.41715237909235425,1,0,0.5601499557495118,0.6935007691383361,0.044313905084030956,0.3233684526496828,1.7905756256764824,0.55007603764534,0.7098140120506287,0.0005786044879032005,0.0014516861330555408,0.020055644665586216,0.13628659089515344
1781868251.638666,89.42222881317139,fun_at_the_park,two_speaker_attention_movie,speech_social,2578,1,0.4497387956103052,0.41803843445548144,0.43388861503289333,1,0,0.5602526962757111,0.6937588274478912,0.0429339633108293,0.327381815950151,2.3074097651757968,0.5508711636066437,0.7117256224155426,0.0020703814821393567,0.0014917769942361563,0.007780579773500792,0.13322818950710283
1781868251.672878,89.45644092559814,fun_at_the_park,two_speaker_attention_movie,speech_social,2579,1,0.4611236270868621,0.4112507202003522,0.43618717364360715,1,0,0.5610673338174821,0.693471509218216,0.04075727679661636,0.32769734368711123,1.9001529726794522,0.5503975003957748,0.708861380815506,0.0029031425698216955,0.0008327610876823388,0.003349066718159205,0.13589536800968713
1781868251.708467,89.49202990531921,fun_at_the_park,two_speaker_attention_movie,speech_social,2580,1,0.44337716094697266,0.3976481799291585,0.4205126704380656,1,0,0.5596837103366852,0.6929429948329926,0.03646944850774782,0.3268883746939197,2.2617912359260623,0.5503882169723511,0.7099831700325012,0.0011218276290577162,0.0017813149407639793,0.014755686785691747,0.13503247709154784
1781868251.741911,89.5254738330841,fun_at_the_park,two_speaker_attention_movie,speech_social,2581,1,0.45541725882939055,0.3794462648963858,0.41743176186288816,1,0,0.5593307495117188,0.6936452150344848,0.0471211798713857,0.32363516411737314,2.2436847537616047,0.5491567850112915,0.7106626331806183,0.0014064475974483273,0.00028461996839061103,0.025725218264571213,0.13651917754496246
1781868251.776466,89.56002879142761,fun_at_the_park,two_speaker_attention_movie,speech_social,2582,1,0.4785910488588914,0.3635620500203645,0.42107654943962797,1,0,0.5582260966300965,0.6940939068794251,0.04894134342114296,0.3264971965893535,1.2739127659205545,0.5478707551956177,0.7106045484542847,0.001287340872587875,0.00011910672486045216,0.00866305065874458,0.13947696501451612
1781868251.812377,89.59593987464905,fun_at_the_park,two_speaker_attention_movie,speech_social,2583,1,0.4628762040169701,0.40350881889425,0.43319251145561005,1,0,0.5567031055688858,0.6922267019748688,0.05201467175118832,0.32669017337756306,0.8814479813502896,0.5466188341379166,0.7070244252681732,0.003792701987033554,0.002505361114445679,0.007616521171403771,0.13801058618321543
1781868251.8447418,89.62830471992493,fun_at_the_park,two_speaker_attention_movie,speech_social,2584,1,0.43627842073679013,0.4446985440418392,0.4404884823893147,1,0,0.5561424642801285,0.6899753689765931,0.05570400190920764,0.3228587041833386,0.4218680599738026,0.5456865727901459,0.7087436020374298,0.0019556789062877265,0.0018370230807458277,0.01873633397059707,0.13332858814801227
