timestamp,elapsed_time,stimulus_id,stimulus_type,paper_category,frame_index,face_detected,left_ear,right_ear,avg_ear,eye_open,blink_state,gaze_x,gaze_y,yaw_proxy,pitch_proxy,roll_proxy_deg,head_center_x,head_center_y,head_movement,head_acceleration,mouth_open,eyebrow_signal
1781868221.9199932,59.703556060791016,make_me_laugh,social_movie,social,1716,1,0.4508539454053774,0.4120063626750064,0.4314301540401919,1,0,0.5580288082361221,0.6453961312770844,0.03395255324439814,0.2861562923395515,4.809352342604474,0.5519439280033112,0.6875181198120117,0.0,0.0,0.008080254726442698,0.13441536263398554
1781868221.9536252,59.73718810081482,make_me_laugh,social_movie,social,1717,1,0.4247658648448049,0.42271246766995535,0.4237391662573801,1,0,0.5578255623579025,0.6446089386940002,0.032339997152497205,0.28764101783026286,4.78391762638988,0.5521542131900787,0.6868402063846588,0.0007097791732357593,0.0007097791732357593,0.0009783480278216731,0.13507907324234258
1781868221.9896152,59.77317810058594,make_me_laugh,social_movie,social,1718,1,0.4088395987237243,0.4183937566261588,0.41361667767494154,1,0,0.5578171014785767,0.6443515598773957,0.030132340455130777,0.2874982403610083,3.6714513424626234,0.5521698147058487,0.6857476234436035,0.0010926943261403733,0.00038291515290461405,0.001159025256833014,0.13653607909227544
1781868222.0239449,59.80750775337219,make_me_laugh,social_movie,social,1719,1,0.42938612498245887,0.41382434060357737,0.4216052327930181,1,0,0.5574983090162278,0.6442555606365203,0.02922236925102955,0.28568174597094503,3.944550969636989,0.5521033555269241,0.6865671873092651,0.0008222540680115522,0.0002704402581288211,0.0010051195889716341,0.1352014194162526
1781868222.056629,59.84019184112549,make_me_laugh,social_movie,social,1720,1,0.4248453922151129,0.4264421426902994,0.42564376745270616,1,0,0.5571176588535309,0.6451908588409424,0.02987175864437097,0.28603578376949435,4.27962444724776,0.5520445704460144,0.6864965856075287,9.187102930546745e-05,0.0007303830387060848,0.0014458367405525677,0.1364578397756387
1781868222.0923,59.87586283683777,make_me_laugh,social_movie,social,1721,1,0.42334134263880857,0.45443148777692394,0.43888641520786625,1,0,0.5573064506053924,0.6448169589042663,0.02999898264565726,0.2864262819126278,4.532742008880318,0.5519301295280457,0.6876284182071686,0.001137603514988033,0.0010457324856825655,0.0016114732547801815,0.1343365009135402
1781868222.125578,59.909140825271606,make_me_laugh,social_movie,social,1722,1,0.4231665467544092,0.43107571784163007,0.4271211322980196,1,0,0.5571749687194825,0.6448994696140289,0.030314629852573542,0.28726969879939107,4.3652577350279325,0.5522440671920776,0.6884910762310028,0.0009180063850450248,0.00021959712994300815,0.000965419263012388,0.13607761863409604
1781868222.159188,59.94275093078613,make_me_laugh,social_movie,social,1723,1,0.41891916711780675,0.41033426713072857,0.4146267171242677,1,0,0.5574536502361298,0.6460517704486847,0.02840308304912368,0.2878883754547859,4.4102973469129605,0.5525798946619034,0.6869173347949982,0.0016091743836164879,0.0006911679985714631,0.001503329520812503,0.1362519412490162
1781868222.19435,59.97791290283203,make_me_laugh,social_movie,social,1724,1,0.4324569266049277,0.41076542503277946,0.42161117581885355,1,0,0.5577423006296158,0.6460529685020446,0.03414039167356049,0.29080581888982204,4.718677534498341,0.5518019944429398,0.6869730055332184,0.0007798897241005528,0.000829284659515935,0.0011764278966863255,0.13550452624324605
1781868222.2301881,60.01375102996826,make_me_laugh,social_movie,social,1725,1,0.42768598397964686,0.4299816067132934,0.42883379534647015,1,0,0.557870477437973,0.6472522020339966,0.030234671104019038,0.28668364968879073,4.680053287079688,0.5520542860031128,0.6884797513484955,0.0015277218278173536,0.0007478321037168008,0.001030256446807357,0.134261668964109
1781868222.265195,60.048757791519165,make_me_laugh,social_movie,social,1726,1,0.4247716180243252,0.41856932334289026,0.42167047068360775,1,0,0.5578262090682984,0.6478797793388367,0.03400343064832932,0.28750329435030825,4.850378350574823,0.5515691339969635,0.6886805295944214,0.0005250565427720763,0.0010026652850452773,0.004567676308785881,0.13581472347742282
1781868222.299231,60.082793951034546,make_me_laugh,social_movie,social,1727,1,0.41757677765148,0.41537987496722234,0.41647832630935117,1,0,0.5573280155658722,0.6474611282348632,0.03207906425719203,0.28558036677432835,4.924288954281127,0.551722526550293,0.6901434361934662,0.0014709265763272333,0.000945870033555157,0.0024647448467015848,0.1364095545117529
1781868222.3321788,60.11574172973633,make_me_laugh,social_movie,social,1728,1,0.41589823415361354,0.40413851297584547,0.4100183735647295,1,0,0.5570456176996231,0.6472714722156525,0.03534574645175469,0.28760293521581115,5.122130842640515,0.5511981248855591,0.6877956092357635,0.0024056783927389152,0.0009347518164116819,0.00445382277041712,0.1370575837309881
1781868222.36818,60.151742935180664,make_me_laugh,social_movie,social,1729,1,0.4364358249064094,0.4146152910426682,0.42552555797453884,1,0,0.5572227358818054,0.6462262511253356,0.035404301389242845,0.28740876867777804,4.743384633461041,0.5511526167392731,0.6881149411201477,0.0003225582796375323,0.002083120113101383,0.0012079165758329489,0.13681553898230134
1781868222.400755,60.18431782722473,make_me_laugh,social_movie,social,1730,1,0.4197106404757782,0.4077787559597873,0.41374469821778276,1,0,0.5570639789104461,0.6465145349502563,0.033817178910850995,0.2869199008219769,4.8981599780386595,0.5510712116956711,0.6881564259529114,9.136614511552775e-05,0.00023119213452200453,0.0026259183205665317,0.1374496262794595
1781868222.43896,60.22252297401428,make_me_laugh,social_movie,social,1731,1,0.4301011102980541,0.4169958304667544,0.4235484703824043,1,0,0.5567048966884613,0.646981829404831,0.035840246484191714,0.2855594719038257,5.361681838388236,0.5507677495479584,0.6888019144535065,0.0007132634012024661,0.0006218972560869384,0.004823294030748764,0.13668443161432675
1781868222.4717839,60.25534677505493,make_me_laugh,social_movie,social,1732,1,0.42112489200629033,0.3945344007186188,0.40782964636245456,1,0,0.5566822528839112,0.6472587704658508,0.02772972564258108,0.2874200025906694,4.7099849380927195,0.5515095889568329,0.6880525350570679,0.0010544644082973894,0.00034120100709492324,0.0034174560800306025,0.1374271707191706
1781868222.506208,60.28977084159851,make_me_laugh,social_movie,social,1733,1,0.4140357891466235,0.40580503391256734,0.4099204115295954,1,0,0.5567469000816345,0.6482089757919312,0.03627191270562924,0.2887183669080484,4.744597741419416,0.5511955320835114,0.6882444024085999,0.0003680282601436945,0.0006864361481536948,0.0016511661754143871,0.13779590803732422
1781868222.539726,60.323288917541504,make_me_laugh,social_movie,social,1734,1,0.41473800058384647,0.3973908254242156,0.40606441300403107,1,0,0.5568468570709229,0.6487999737262726,0.026691781926199826,0.28872993722407153,4.578439390304159,0.551661029458046,0.6898681223392487,0.0016891282422849866,0.001321099982141292,0.0016750268298403998,0.1378675656885262
1781868222.5746582,60.35822105407715,make_me_laugh,social_movie,social,1735,1,0.4306613276938149,0.38844055961917523,0.409550943656495,1,0,0.5564974874258042,0.6485114097595215,0.031177600543662472,0.2881950122923929,3.990726818032365,0.5512007027864456,0.6905185878276825,0.0007968726348859774,0.0008922556073990092,0.0041411808904617065,0.1364574334664417
1781868222.607763,60.39132595062256,make_me_laugh,social_movie,social,1736,1,0.45102924173171516,0.40568920945944204,0.4283592255955786,1,0,0.5561392158269882,0.6499607205390929,0.030873347000954593,0.2919297157005807,3.8857112936435163,0.5507130175828934,0.6895603537559509,0.0010751973744345985,0.00027832473954862117,0.0027177570326993657,0.1359935824844828
1781868222.643584,60.427146911621094,make_me_laugh,social_movie,social,1737,1,0.45146163056501765,0.37517165701809246,0.4133166437915551,1,0,0.5559399545192718,0.6504742503166199,0.030253372799742793,0.288963769901469,3.7149690694961244,0.5503949671983719,0.6909899413585663,0.001464539777761528,0.00038934240332692957,0.001207826864697667,0.13851410525246344
1781868222.678452,60.46201491355896,make_me_laugh,social_movie,social,1738,1,0.44962692809364857,0.4096347313683449,0.42963082973099675,1,0,0.5554740309715271,0.6507769227027893,0.02876020204746568,0.2898254359766127,3.9321650493071734,0.5502218306064606,0.6914402544498444,0.0004824501628511307,0.0009820896149103973,0.0012756080868684455,0.13780262781429078
1781868222.714112,60.4976749420166,make_me_laugh,social_movie,social,1739,1,0.42857622323434064,0.3941645119522961,0.41137036759331835,1,0,0.5552274018526078,0.6503856301307678,0.024176201901728152,0.2888814013414061,4.360144904927004,0.5506061017513275,0.690566897392273,0.0009541576718693533,0.0004717075090182226,0.0009582558514118632,0.13776833335897487
1781868222.747124,60.53068685531616,make_me_laugh,social_movie,social,1740,1,0.41575364121685526,0.4000216619638883,0.40788765159037177,1,0,0.5555543422698974,0.6492717921733856,0.023159429760373346,0.28726193199507366,3.934015598666841,0.5507395714521408,0.6902850270271301,0.0003118734739937624,0.0006422841978755908,0.001436743135289109,0.13713401140592357
1781868222.7800589,60.56362175941467,make_me_laugh,social_movie,social,1741,1,0.4483282579882498,0.4000927654977536,0.42421051174300173,1,0,0.5554114729166031,0.6485093653202056,0.024781943581810937,0.291745129830526,3.982079413560947,0.5504868924617767,0.6889408230781555,0.0013677466609757606,0.0010558731869819982,0.0028393531734648746,0.13628282574604364
1781868222.816163,60.59972596168518,make_me_laugh,social_movie,social,1742,1,0.42081781555176256,0.3963905926615988,0.4086042041066807,1,0,0.5553656458854674,0.6499603152275086,0.023602210427412104,0.2888006784345293,4.206709698531014,0.5505627691745758,0.6900254487991333,0.0010872765196359982,0.0002804701413397625,0.0014762430635790508,0.13699486711718753
1781868222.8493571,60.632920026779175,make_me_laugh,social_movie,social,1743,1,0.41546769841329634,0.38923675291409354,0.40235222566369494,1,0,0.555436098575592,0.6512656271457672,0.023468177475535697,0.2895669626363501,4.340619458923948,0.550530195236206,0.690482497215271,0.0004582077216229472,0.000629068798013051,0.00131684921982032,0.13682273686983165
1781868222.884324,60.66788697242737,make_me_laugh,social_movie,social,1744,1,0.32792451616002655,0.26069265170791,0.2943085839339683,1,0,0.5566087573766709,0.6563510894775391,0.023646028016912585,0.28350349798282076,3.6866263426054138,0.5506941229104996,0.6940662562847137,0.0035875062857383872,0.00312929856411544,0.001355830140982948,0.1485160778362491
1781868222.9176672,60.7012300491333,make_me_laugh,social_movie,social,1745,1,0.2565546706365233,0.151011934993544,0.20378330281503365,1,0,0.5550790041685104,0.6642844259738923,0.019105232089048494,0.2820514663706497,2.464868041601213,0.5504926592111588,0.6962603330612183,0.002203306724754531,0.0013841995609838562,0.0012793120342847477,0.1662884555634857
1781868222.9519491,60.735512018203735,make_me_laugh,social_movie,social,1746,1,0.07383755658947626,0.11550661348525033,0.0946720850373633,0,1,0.55180843770504,0.6724706530570984,0.008272851809294685,0.28843088604849887,4.11174518335786,0.5501305460929871,0.697403073310852,0.0011987415019449022,0.0010045652228096288,0.0017515681183968256,0.1857003551186575
1781868222.9865432,60.770106077194214,make_me_laugh,social_movie,social,1747,1,0.14728083078395882,0.11401541577868958,0.1306481232813242,0,1,0.5469664812088013,0.6821512997150421,0.0022471915479145,0.29417624731759723,2.7054552876160933,0.5469860434532166,0.7017335593700409,0.005351729286908354,0.004152987784963452,0.005851155127890568,0.18420566952255596
1781868223.0238552,60.80741810798645,make_me_laugh,social_movie,social,1748,1,0.13333504222037415,0.1947762588805382,0.16405565055045618,0,1,0.541232493519783,0.6951149702072144,-0.01793851817998507,0.3132953391720586,2.6399353155158027,0.5440787971019745,0.7040455341339111,0.0037144728637564647,0.0016372564231518895,0.008010424960640767,0.18673156942785918
1781868223.057076,60.840638875961304,make_me_laugh,social_movie,social,1749,1,0.17100551639135292,0.16595576969840484,0.16848064304487886,0,1,0.5341187953948975,0.711378526687622,-0.038649026174294,0.33229722151003327,2.754764264198734,0.5399878919124603,0.6997327506542206,0.005944376049030346,0.0022299031852738814,0.01336537486826494,0.19512953769351504
1781868223.0916622,60.87522506713867,make_me_laugh,social_movie,social,1750,1,0.17663372219627727,0.1519168525133793,0.16427528735482827,0,1,0.5234680205583573,0.7274123907089234,-0.07148542348058103,0.3453277045434687,3.5220392305222235,0.5352016538381577,0.7092912495136261,0.010689853850692307,0.004745477801661961,0.004299775589052162,0.19873897327226947
1781868223.12576,60.90932297706604,make_me_laugh,social_movie,social,1751,1,0.2480563689446241,0.24236921793644006,0.2452127934405321,1,0,0.5200886815786362,0.7384539663791656,-0.12617348040702578,0.3513009644796259,5.120019651412312,0.5341848731040955,0.7159821093082428,0.006767676695320062,0.003922177155372245,0.0042893807800962235,0.17058003956526852
1781868223.161459,60.945021867752075,make_me_laugh,social_movie,social,1752,1,0.2260493365048712,0.2982691553458416,0.2621592459253564,1,0,0.5125142246484756,0.7479918003082275,-0.15722631177104074,0.3489732070176983,0.6760090409409366,0.5305014103651047,0.7282894849777222,0.012846765881700587,0.006079089186380525,0.006744916292395363,0.16524028657626363
1781868223.1942568,60.9778196811676,make_me_laugh,social_movie,social,1753,1,0.29406185975941374,0.33157860539384726,0.3128202325766305,1,0,0.4984693378210068,0.7660252988338471,-0.2177616918197503,0.3700020323300457,2.9705148485026442,0.5215447247028351,0.741917073726654,0.016307464338845588,0.0034606984571450006,0.0065970693861590315,0.16704619921276545
1781868223.228073,61.01163578033447,make_me_laugh,social_movie,social,1754,1,0.19387038425965533,0.19174047901189878,0.19280543163577707,1,0,0.485988050699234,0.789318746328354,-0.24932290681793975,0.36581638442533715,5.7604432488282775,0.5195875763893127,0.7569791674613953,0.015188716114117538,0.0011187482247280497,0.003919602644594867,0.2041188022111404
1781868223.263215,61.046777963638306,make_me_laugh,social_movie,social,1755,1,0.22699455427731238,0.08773405320353991,0.15736430374042615,0,1,0.47960830032825474,0.7945220172405243,-0.28008726489770197,0.34614126839374487,5.0935344690306055,0.5163911283016205,0.7665089964866638,0.010051612886903401,0.005137103227214137,0.014467277121994082,0.19746634034143878
1781868223.296727,61.08028984069824,make_me_laugh,social_movie,social,1756,1,0.247107527147394,0.18498508442786088,0.21604630578762746,1,0,0.4814631283283234,0.8023830473423004,-0.2481946302408443,0.3555732571604256,5.560211770785087,0.5133967697620392,0.7795370519161224,0.013367737704511173,0.0033161248176077716,0.009625453294291575,0.18176028518865966
1781868223.330878,61.11444091796875,make_me_laugh,social_movie,social,1757,1,0.24469490288167944,0.16966045882054578,0.2071776808511126,1,0,0.47857475876808164,0.8066015064716339,-0.22804404194115635,0.37533208147483765,6.851695107379359,0.5131596624851227,0.780489444732666,0.000981464180584585,0.012386273523926588,0.006653151781895559,0.17933412020542264
1781868223.366411,61.14997386932373,make_me_laugh,social_movie,social,1758,1,0.2755983961897134,0.16418150045205462,0.219889948320884,1,0,0.47851875722408294,0.8065648436546327,-0.22432347654416493,0.38617215746082695,6.071932513709113,0.5120676308870316,0.7754289507865906,0.005176980972487308,0.004195516791902723,0.0056337716846942346,0.16987141944571893
1781868223.401022,61.184584856033325,make_me_laugh,social_movie,social,1759,1,0.34349289763346225,0.3166867696624364,0.3300898336479493,1,0,0.4805429756641388,0.8086431205272675,-0.220112988212132,0.3911462502843421,1.769587189490905,0.5137181282043457,0.7721717953681946,0.003651465844568123,0.001525515127919185,0.00976216433850786,0.16124907277761222
1781868223.434839,61.21840190887451,make_me_laugh,social_movie,social,1760,1,0.42229823184228205,0.32909961608522936,0.3756989239637557,1,0,0.4822398453950882,0.8064370810985566,-0.20345420948814674,0.39277164265555903,2.127846402460738,0.5107756406068802,0.7674201428890228,0.005588956480780419,0.001937490636212296,0.0048403180833705315,0.1540877746665849
1781868223.4705868,61.25414967536926,make_me_laugh,social_movie,social,1761,1,0.46752728265907295,0.3254840658120513,0.39650567423556216,1,0,0.48187347054481505,0.7996970891952515,-0.16898316289291412,0.3903964623850319,1.0359088201282545,0.507722795009613,0.7657910585403442,0.003460315311624501,0.0021286411691559177,0.01818777810045188,0.15259591217452775
1781868223.5049322,61.28849506378174,make_me_laugh,social_movie,social,1762,1,0.42380593189683086,0.34104356763563415,0.38242474976623253,1,0,0.48360322415828705,0.7930406093597413,-0.15727683921855912,0.37151528047589444,-1.3054792522959424,0.5067935883998871,0.7649800479412079,0.0012333544160012982,0.0022269608956232033,0.011373957270541465,0.15471728679333827
1781868223.539419,61.32298183441162,make_me_laugh,social_movie,social,1763,1,0.42694299382778006,0.3441936567961278,0.38556832531195395,1,0,0.4875965029001236,0.7850962400436401,-0.15043253476566987,0.3782596041504241,-0.5268015971473373,0.5100985914468765,0.7591592371463776,0.006693645004765542,0.0054602905887642435,0.010343820097892547,0.15300578658320363
1781868223.573837,61.35739994049072,make_me_laugh,social_movie,social,1764,1,0.47892564684243855,0.33188064023807884,0.4054031435402587,1,0,0.4914139747619629,0.7772786676883697,-0.15824322553952347,0.35383366512704373,-0.12606729604602407,0.514344722032547,0.7616550624370575,0.004925319160436593,0.001768325844328949,0.010287874499144315,0.1531794156818213
1781868223.608261,61.3918240070343,make_me_laugh,social_movie,social,1765,1,0.4711047050927747,0.3850507694076846,0.4280777372502297,1,0,0.49481909871101376,0.7664894104003905,-0.12236971653679968,0.3662512443288944,0.053211487359704816,0.5157510638237,0.7476557195186615,0.014069804525308354,0.009144485364871762,0.013048304660336556,0.15314989509363516
1781868223.641953,61.42551589012146,make_me_laugh,social_movie,social,1766,1,0.5273817760655916,0.4053118885869726,0.46634683232628205,1,0,0.5000665485858917,0.7527773439884186,-0.11656058195022218,0.357949651997066,0.08062646294957489,0.5191605687141418,0.7375825941562653,0.010634499431778516,0.003435305093529838,0.034168660472302666,0.14981412306080272
1781868223.676471,61.460033893585205,make_me_laugh,social_movie,social,1767,1,0.42677885707113195,0.37200587581909594,0.39939236644511394,1,0,0.5045614778995514,0.7379545927047729,-0.09967043895474495,0.33852100535935553,0.21588641037785775,0.5188320279121399,0.7356680035591125,0.0019425746351905394,0.008691924796587976,0.0007113286280011066,0.1460684631238729
1781868223.7130282,61.496591091156006,make_me_laugh,social_movie,social,1768,1,0.4601237863166143,0.4215408743230904,0.44083233031985236,1,0,0.5092852562665939,0.7208029687404632,-0.08298908480743496,0.3405199642906739,0.6637766267731543,0.5220406949520111,0.7308200597763062,0.005813613600335604,0.0038710389651450644,0.004534805297620427,0.14145751611862153
1781868223.745173,61.528735876083374,make_me_laugh,social_movie,social,1769,1,0.4716851320404014,0.45212357325536007,0.46190435264788077,1,0,0.5150380313396454,0.7077740967273712,-0.06520636672562993,0.33357620312798597,-1.3413250737021487,0.5265733301639557,0.7209205627441406,0.010887829143333118,0.005074215542997514,0.004936326695006071,0.14596530568772334
1781868223.7798269,61.56338977813721,make_me_laugh,social_movie,social,1770,1,0.3620569260923922,0.259951267525979,0.3110040968091856,1,0,0.5219029247760772,0.6957681179046631,-0.05643268417188702,0.32221026722099505,-0.5770734421504542,0.5298382788896561,0.7136044800281525,0.008011551440803037,0.002876277702530081,0.029005326127967815,0.1635015138247092
1781868223.81547,61.59903287887573,make_me_laugh,social_movie,social,1771,1,0.20680038575474974,0.275645171153858,0.24122277845430387,1,0,0.5266418725252151,0.6856977403163911,-0.03118765838928279,0.29801517356036483,1.6483310019144226,0.533457487821579,0.7151431739330292,0.003932715629919779,0.0040788358108832575,0.012239773729615332,0.17101987110523514
1781868223.8489642,61.632527112960815,make_me_laugh,social_movie,social,1772,1,0.17683923313480643,0.23979040357354825,0.20831481835417734,1,0,0.5338981807231903,0.6717075049877167,-0.017176259668182346,0.27920974864453085,3.5656067347491804,0.5386523306369781,0.7051648795604706,0.011249566678860963,0.007316851048941184,0.0004174201864934983,0.17044639966579136
1781868223.882875,61.66643786430359,make_me_laugh,social_movie,social,1773,1,0.32067407871275855,0.163062930696348,0.2418685047045533,1,0,0.5443393349647522,0.6541209936141967,0.015394257096598585,0.2776779122622106,1.7558349655183627,0.5412891209125519,0.6931548714637756,0.012296054547700996,0.0010464878688400334,0.0010637735928687745,0.15281750155580534
1781868223.9183428,61.701905727386475,make_me_laugh,social_movie,social,1774,1,0.26178911536950406,0.3033052261180837,0.2825471707437939,1,0,0.5470604956150055,0.6429774522781372,0.025681112108251115,0.2675326331209893,4.614641915646457,0.5433187335729599,0.6887082755565643,0.004887897575984673,0.007408156971716324,0.010200791107819667,0.14744232110466635
1781868223.952399,61.7359619140625,make_me_laugh,social_movie,social,1775,1,0.3212261202473123,0.3232708721525066,0.3222484961999095,1,0,0.5502088844776154,0.6333405673503876,0.05375602087868057,0.2658559579071009,3.4854452325482637,0.543710470199585,0.6822265386581421,0.006493563798486002,0.0016056662225013294,0.004161365480066558,0.13828203033383843
1781868223.986445,61.770007848739624,make_me_laugh,social_movie,social,1776,1,0.3638600600605238,0.3090411750368222,0.336450617548673,1,0,0.5536179870367051,0.6289378762245179,0.04522174759164406,0.2621177228623804,3.940443850371079,0.5473329722881317,0.6795523464679718,0.004502646471964388,0.0019909173265216145,0.0015541438247262196,0.1361270619866387
1781868224.022969,61.80653190612793,make_me_laugh,social_movie,social,1777,1,0.38420587049867383,0.23427486169903522,0.3092403660988545,1,0,0.5540469825267792,0.625535649061203,0.035955839982493486,0.25734987120717956,4.028544677034327,0.5487211793661118,0.6755057275295258,0.00427811216827517,0.0002245343036892172,0.00971469328306838,0.1376075916884492
1781868224.0558789,61.839441776275635,make_me_laugh,social_movie,social,1778,1,0.38665506408134426,0.2716955357827918,0.32917529993206807,1,0,0.5547359943389892,0.6237230360507965,0.03166414882519487,0.25869256596662665,5.065198608998494,0.5494804382324219,0.6754652559757233,0.0007603367495641099,0.0035177754187110605,0.009539636678678281,0.13486892318540128
1781868224.089514,61.87307691574097,make_me_laugh,social_movie,social,1779,1,0.37419091847923514,0.3264563475902025,0.3503236330347188,1,0,0.5554712444543839,0.622212165594101,0.03762063613513633,0.25776864328213195,5.559690926873504,0.5498486161231995,0.674233466386795,0.0012856362435189018,0.0005252994939547919,0.0018215538259809773,0.13232807773113747
1781868224.1233459,61.90690875053406,make_me_laugh,social_movie,social,1780,1,0.39391549717030055,0.2789157017081522,0.3364155994392264,1,0,0.5570913165807725,0.6221408307552339,0.03744451267410709,0.26056449599488557,5.118221475311633,0.5509675145149231,0.6721320152282715,0.0023807626052720467,0.0010951263617531449,0.005764515631243366,0.13510732567447836
1781868224.15971,61.943272829055786,make_me_laugh,social_movie,social,1781,1,0.3807329159016145,0.21010648371567003,0.29541969980864224,1,0,0.5581577450037003,0.6200703501701355,0.04722890727300331,0.2567214273630898,5.680631703473736,0.5519508123397827,0.6711377203464508,0.0013983908339189211,0.0009823717713531256,0.008435380481388238,0.13598675894492965
1781868224.192681,61.97624397277832,make_me_laugh,social_movie,social,1782,1,0.3692242056858409,0.267146233752423,0.31818521971913194,1,0,0.5598099440336227,0.617610627412796,0.04249510842416127,0.25965378241891884,4.737023444619805,0.5537628531455994,0.667717695236206,0.003870408717002544,0.0024720178830836227,0.005851109884602643,0.1316390431212852
1781868224.227674,62.011236906051636,make_me_laugh,social_movie,social,1783,1,0.4065034153407229,0.26583928966098447,0.33617135250085367,1,0,0.561512103676796,0.6165927231311799,0.05201068002649487,0.25865092068257917,5.363084726571239,0.5543112903833389,0.6666064858436584,0.0012391810674092082,0.0026312276495933356,0.009425218924728371,0.13090995985672182
1781868224.29602,62.079582929611206,make_me_laugh,social_movie,social,1784,1,0.4026462007571445,0.28919377786063094,0.34591998930888773,1,0,0.563148757815361,0.6161843717098237,0.05085565719449711,0.2570077636409742,6.905252527820121,0.5565025806427002,0.6654382944107056,0.002483228588913247,0.0012440475215040386,0.012239235266508329,0.12999524380714184
1781868224.3308969,62.1144597530365,make_me_laugh,social_movie,social,1785,1,0.39081064566685964,0.2955847278016916,0.34319768673427564,1,0,0.564189076423645,0.6165182769298554,0.04355115199138035,0.25735723505717323,7.233313018159295,0.5578108131885529,0.6656639873981476,0.0013275578023606495,0.0011556707865525973,0.009539693466621455,0.13015378150058052
1781868224.3657532,62.14931607246399,make_me_laugh,social_movie,social,1786,1,0.40103741537693965,0.227598622518103,0.3143180189475213,1,0,0.5641389787197113,0.6169680953025818,0.04784810842681271,0.2612052279480228,7.673855708785639,0.557133674621582,0.6674500405788422,0.0019101053905867416,0.0005825475882260921,0.0036439982866888427,0.1332247084656743
1781868224.398912,62.182474851608276,make_me_laugh,social_movie,social,1787,1,0.41673087060792113,0.22898717402363442,0.3228590223157778,1,0,0.5635119050741195,0.6163163542747498,0.04466116984862346,0.257987826648791,7.060489667496204,0.5564330667257309,0.6679493486881256,0.0008603255266032538,0.0010497798639834879,0.0053869168303236955,0.13149504659905867
1781868224.434709,62.2182719707489,make_me_laugh,social_movie,social,1788,1,0.43409812859033226,0.2566388753384912,0.3453685019644117,1,0,0.5628428518772126,0.6156086266040801,0.035602148944744325,0.2580056254870076,7.512309987011253,0.5562683343887329,0.6661876142024994,0.0017694194360573477,0.0009090939094540939,0.0037745880529300503,0.13144152676205303
1781868224.470134,62.25369691848755,make_me_laugh,social_movie,social,1789,1,0.4157330562399933,0.27284574155424485,0.34428939889711907,1,0,0.5601023942232132,0.6137024104595185,0.02905949911447224,0.25537405825260545,7.073873835651891,0.5555257797241211,0.6667371690273285,0.0009237953969520045,0.0008456240391053432,0.0024401579294499372,0.13070004105368302
1781868224.503196,62.28675889968872,make_me_laugh,social_movie,social,1790,1,0.4267367072954434,0.28907090663496127,0.3579038069652023,1,0,0.5582180827856064,0.6128435432910919,0.026135017415017125,0.257486470551096,7.0131614123532,0.5549448728561401,0.6655360162258148,0.0013342491678287034,0.0004104537708766989,0.002590113458476696,0.13063910910011337
1781868224.537527,62.32108998298645,make_me_laugh,social_movie,social,1791,1,0.4169050298829524,0.3242129856365828,0.3705590077597676,1,0,0.5572662830352784,0.6128780663013458,0.025400973426504048,0.25660213494010004,6.279275942313693,0.5540486872196198,0.6654212474822998,0.0009035045985458316,0.00043074456928287187,0.0025278163759742405,0.12750336613322494
1781868224.5710819,62.354644775390625,make_me_laugh,social_movie,social,1792,1,0.4067920983612705,0.3335961157828245,0.3701941070720475,1,0,0.5575296878814697,0.6141130268573761,0.031165555950276168,0.25514676507567235,6.027207336674333,0.5534330606460571,0.6649758815765381,0.0007598334475998084,0.0001436711509460232,0.0032245666155196525,0.1278204546170445
1781868224.606603,62.39016580581665,make_me_laugh,social_movie,social,1793,1,0.37701840598264263,0.3215493150759946,0.3492838605293186,1,0,0.5579415947198867,0.6148665487766265,0.03562058086037333,0.25641772369631294,6.099021421807791,0.5534112453460693,0.6658668220043182,0.0008912074692049189,0.00013137402160511057,0.001880348007132883,0.12966357285049318
1781868224.640142,62.423704862594604,make_me_laugh,social_movie,social,1794,1,0.40875051379065974,0.22156400753270175,0.31515726066168076,1,0,0.5593108117580414,0.6145300567150116,0.035976557264840864,0.25729071255567615,5.077519357726302,0.554500550031662,0.667093962430954,0.0016408712090648237,0.0007496637398599048,0.00404840761586569,0.12945777364511088
1781868224.675317,62.45887994766235,make_me_laugh,social_movie,social,1795,1,0.4053607852422449,0.22678473097271087,0.31607275810747787,1,0,0.5605130940675735,0.6133240520954132,0.042753846593169324,0.25911977026346406,5.580048454238752,0.5547843724489212,0.6667028665542603,0.0004832299135046365,0.0011576412955601873,0.0027523116753974683,0.12895412064848602
1781868224.709993,62.493555784225464,make_me_laugh,social_movie,social,1796,1,0.40759807349895344,0.19531422553744257,0.301456149518198,1,0,0.5602807581424714,0.6131126999855041,0.043197308352936586,0.26143575851846945,5.514937470255263,0.555104523897171,0.6639572381973267,0.0027642308196339756,0.002281000906129339,0.004674830884276098,0.13052219505501125
1781868224.743864,62.527426958084106,make_me_laugh,social_movie,social,1797,1,0.4297424568464491,0.2502452161362801,0.3399938364913646,1,0,0.5605739653110504,0.6126732230186462,0.040545807202928955,0.26169300002075496,5.109997140837936,0.5552542209625244,0.6640521883964539,0.0001772702786417187,0.0025869605409922568,0.0027346525768560045,0.12976686196685505
1781868224.777268,62.56083083152771,make_me_laugh,social_movie,social,1798,1,0.406769795703258,0.2769347282117294,0.3418522619574937,1,0,0.5604525357484818,0.613710218667984,0.038374797988095004,0.26392573073394515,5.6391205569622604,0.5553094744682312,0.6639492213726044,0.00011685528611625083,6.041499252546788e-05,0.002831794114177515,0.1283838065898997
1781868224.814305,62.59786796569824,make_me_laugh,social_movie,social,1799,1,0.41332573150003094,0.28808817661687897,0.350706954058455,1,0,0.5591895997524261,0.6156383275985717,0.03555562043640413,0.2617291378572178,6.063668170801839,0.5553238540887833,0.665358692407608,0.0014095443845447066,0.0012926890984284558,0.002769272706362395,0.12820078361361795
1781868224.847018,62.63058090209961,make_me_laugh,social_movie,social,1800,1,0.41053329091845303,0.3279062659768303,0.36921977844764164,1,0,0.5595952808856964,0.6177970767021179,0.032644146519887306,0.26096042889713345,5.936326336683144,0.5549653470516205,0.6664418280124664,0.0011409250782620233,0.00026861930628268335,0.004647857515353396,0.1288490775708349
1781868224.881073,62.66463589668274,make_me_laugh,social_movie,social,1801,1,0.4237941806659457,0.26642098213594273,0.3451075814009442,1,0,0.5595193952322006,0.6187513053417206,0.03482776861135402,0.2588505867974553,4.9794125581595425,0.5547621101140976,0.6700226068496704,0.0035865418349353695,0.0024456167566733462,0.0029785480408400754,0.12893415123758092
1781868224.915605,62.69916796684265,make_me_laugh,social_movie,social,1802,1,0.40981471252127316,0.29245441541144346,0.35113456396635834,1,0,0.5590868890285492,0.6175826251506806,0.04472561607307568,0.26364956257284256,5.180351861049018,0.5535818040370941,0.6687317192554474,0.0017491464250685947,0.0018373954098667748,0.003058154318714982,0.12674375477358768
1781868224.95073,62.73429298400879,make_me_laugh,social_movie,social,1803,1,0.4187371553404762,0.24960626308314549,0.33417170921181083,1,0,0.5587394505739212,0.6189363121986389,0.045764562879475036,0.26110970365288033,5.310381562722745,0.5528877079486847,0.6701521575450897,0.0015809536092584442,0.0001681928158101505,0.003785940907742598,0.12779202949876176
1781868224.985305,62.76886796951294,make_me_laugh,social_movie,social,1804,1,0.41196170422021194,0.26272145822598764,0.33734158122309976,1,0,0.5577519118785859,0.6194352805614471,0.047474388765146175,0.26083505797804013,5.09988582914235,0.5517579317092896,0.6721943318843842,0.0023338531194517114,0.0007528995101932672,0.002891905545818157,0.1270489937196441
1781868225.020268,62.80383086204529,make_me_laugh,social_movie,social,1805,1,0.4030253576414252,0.2717518956134828,0.337388626627454,1,0,0.5577640861272812,0.6219037890434265,0.040098138680239946,0.2669393315399917,4.411137468910999,0.5519866198301315,0.6713264584541321,0.0008974979373523594,0.001436355182099352,0.002883298051903683,0.12719330487393066
1781868225.053272,62.83683490753174,make_me_laugh,social_movie,social,1806,1,0.380051993834791,0.2901841716727709,0.33511808275378097,1,0,0.5567192077636719,0.6248703896999359,0.045015488814199554,0.2652565433591049,5.0064656315240805,0.5517595857381821,0.6748538017272949,0.003534642138270078,0.0026371442009177183,0.0022137563126791602,0.13093665947250221
1781868225.087381,62.870943784713745,make_me_laugh,social_movie,social,1807,1,0.35731318748967184,0.231366293243552,0.2943397403666119,1,0,0.5582519739866256,0.6316161155700684,0.04239558471938271,0.2627296750212396,5.400838198714657,0.5521839708089828,0.6752457022666931,0.0005776579620321865,0.002956984176237891,0.0023649878092487334,0.14173679587168067
1781868225.124078,62.90764093399048,make_me_laugh,social_movie,social,1808,1,0.2830688279001565,0.19827430264620252,0.2406715652731795,1,0,0.55555140376091,0.6388355433940888,0.04077129820711308,0.2532239531569801,3.237916956338688,0.5520683526992798,0.6792472004890442,0.00400316819166646,0.0034255102296342735,0.002241560164369827,0.15522064626646745
1781868225.156348,62.939910888671875,make_me_laugh,social_movie,social,1809,1,0.21481840552500422,0.1331303732831556,0.17397438940407992,0,1,0.5556504875421524,0.639727133512497,0.04213225096246983,0.2626934917046595,3.941729149488129,0.5515474081039429,0.6819729804992676,0.002775114400442648,0.001228053791223812,0.002239968108774799,0.16086691988171717
1781868225.191381,62.97494387626648,make_me_laugh,social_movie,social,1810,1,0.21293586077997215,0.1585937681197173,0.18576481444984472,1,0,0.5546257734298706,0.6409999132156372,0.022191594112585002,0.26655013384206017,3.8473767675432113,0.5505688190460205,0.682172954082489,0.0009988122838010148,0.0017763021166416334,0.0018182611067823207,0.15541955461525703
1781868225.2254279,63.00899076461792,make_me_laugh,social_movie,social,1811,1,0.31286234851226874,0.16860913423701177,0.24073574137464027,1,0,0.5513136804103851,0.6416566729545594,0.005008518816389395,0.27303352881584325,3.6287256265896652,0.5501298904418945,0.6837023198604584,0.001591105905445582,0.0005922936216445672,0.007575537033538089,0.14775967470201437
1781868225.262105,63.04566788673401,make_me_laugh,social_movie,social,1812,1,0.3807441113872036,0.2975809307227218,0.3391625210549627,1,0,0.5488007217645645,0.645887017250061,-0.007824324952825834,0.27908580151095824,5.242621543640997,0.5495569854974747,0.6863970458507538,0.002754953400352591,0.001163847494907009,0.007870305072847394,0.14080536364843926
1781868225.2950048,63.07856774330139,make_me_laugh,social_movie,social,1813,1,0.40944852665306636,0.32190477734731493,0.3656766520001906,1,0,0.5477818727493287,0.6484367311000825,-0.015151571011209824,0.2694724547205115,4.078294069161175,0.5484808683395386,0.6890754699707031,0.0028865176084567476,0.00013156420810415655,0.0008670802406391056,0.13494544106786174
1781868225.32933,63.112892866134644,make_me_laugh,social_movie,social,1814,1,0.44181553104362326,0.3560201264303147,0.398917828736969,1,0,0.5462290555238725,0.649588656425476,-0.019195866461652243,0.27150685830996446,4.79944056539288,0.5481984317302704,0.6915766298770905,0.002517056081134146,0.00036946152732260156,0.0005524523867053738,0.1294008280121805
1781868225.364362,63.14792490005493,make_me_laugh,social_movie,social,1815,1,0.44770194040472433,0.3561184119838137,0.40191017619426905,1,0,0.5456421583890915,0.6524202048778533,-0.020544610526715214,0.27244751616971824,4.474205554694568,0.5473042726516724,0.6926674246788025,0.0014104445247088823,0.0011066115564252637,0.009421805166995829,0.13166061280980101
1781868225.399371,63.18293380737305,make_me_laugh,social_movie,social,1816,1,0.4682716099221165,0.3477224565293233,0.4079970332257199,1,0,0.5447950959205627,0.654227077960968,-0.019883176761620075,0.26691765016852953,4.418255474987585,0.5469383299350739,0.6955938637256622,0.002949230334649508,0.0015387858099406256,0.0004886905760474944,0.12851961152361216
1781868225.4332092,63.21677207946777,make_me_laugh,social_movie,social,1817,1,0.45106454239045735,0.35879221338188516,0.40492837788617125,1,0,0.5442598998546601,0.6563001036643982,-0.023306146713554063,0.27670077895589695,4.257061436667349,0.5471443831920624,0.687989205121994,0.007607449666153602,0.004658219331504095,0.049325392083877505,0.13209875954764105
1781868225.468172,63.25173497200012,make_me_laugh,social_movie,social,1818,1,0.47951508064231285,0.3744048220803168,0.4269599513613148,1,0,0.5446331679821015,0.6566075086593628,-0.032844166053386276,0.2745429049005715,4.189063736731074,0.5470321178436279,0.6900990903377533,0.002112869880550783,0.005494579785602819,0.06184519122439341,0.12938156881507024
1781868225.501181,63.284743785858154,make_me_laugh,social_movie,social,1819,1,0.46317290594493643,0.4001490164962011,0.43166096122056874,1,0,0.5443512797355652,0.6568536818027497,-0.035812214249637,0.27409311048556967,4.279112574121735,0.5474008768796921,0.6926881074905396,0.0026151468494332026,0.0005022769688824195,0.11345754782200863,0.12497071412612759
1781868225.534689,63.318251848220825,make_me_laugh,social_movie,social,1820,1,0.4500239489446649,0.37617111231305783,0.41309753062886134,1,0,0.5447230756282806,0.6587730288505553,-0.03267945647976273,0.27183347936608565,5.156701960234311,0.547151118516922,0.6949542760848999,0.0022798902030226726,0.00033525664641053006,0.10162185967260491,0.1287196152587446
1781868225.569599,63.35316181182861,make_me_laugh,social_movie,social,1821,1,0.47130721164557177,0.39459634482798783,0.43295177823677977,1,0,0.5451096534729004,0.6596162259578704,-0.029714505899096643,0.2803554174532409,5.056919414246304,0.5471612960100174,0.6922057271003723,0.0027485678273808964,0.0004686776243582238,0.11651900011544095,0.12794126019595564
1781868225.605852,63.38941478729248,make_me_laugh,social_movie,social,1822,1,0.47582846944309787,0.3942149406702245,0.43502170505666116,1,0,0.544711384177208,0.6593963265419006,-0.03220982578334375,0.2856616770946792,4.676229750688935,0.5482973158359528,0.6882346272468567,0.0041303964811516625,0.0013818286537707661,0.11527027960814354,0.1282057385242172
1781868225.638665,63.42222785949707,make_me_laugh,social_movie,social,1823,1,0.4846342360187211,0.38664151034580113,0.4356378731822611,1,0,0.5451627671718597,0.6588873207569123,-0.02974818444109212,0.28435950011405525,4.8798720068275525,0.5475480407476425,0.6894561052322388,0.0014329764920386467,0.002697419989113016,0.09362658094680328,0.13009860658056793
1781868225.672692,63.456254959106445,make_me_laugh,social_movie,social,1824,1,0.5136795417541629,0.3840061862452755,0.4488428639997192,1,0,0.5456964045763015,0.6588954031467438,-0.029818354031273184,0.2808133585099794,3.9106825247790393,0.5484159588813782,0.6906740367412567,0.001495539717802878,6.256322576423138e-05,0.11042638597730023,0.12930629302582616
1781868225.7090418,63.49260473251343,make_me_laugh,social_movie,social,1825,1,0.5027001866481896,0.39348877040054503,0.44809447852436735,1,0,0.5461550712585449,0.6582329869270325,-0.025503166359091507,0.2836413470966224,3.7931801579900286,0.5482118427753448,0.6906514167785645,0.00020536564331554322,0.0012901740744873348,0.12454700758978893,0.1275313469094015
1781868225.7421849,63.525747776031494,make_me_laugh,social_movie,social,1826,1,0.48885695826067777,0.40149034280202484,0.4451736505313513,1,0,0.5464461326599122,0.6579069554805757,-0.019364845629165666,0.2843451025493477,3.183246114380821,0.5488455891609192,0.6896529495716095,0.0011826120431455839,0.0009772463998300406,0.11675331417957882,0.12642767667471422
1781868225.776412,63.559974908828735,make_me_laugh,social_movie,social,1827,1,0.4727246261347554,0.40149218463284897,0.4371084053838022,1,0,0.5469188123941422,0.6578266739845275,-0.01992556584758662,0.27716061150601207,3.305355272911385,0.5487526655197144,0.693577229976654,0.003925380427488708,0.0027427683843431238,0.12485069612375756,0.12547034399770085
1781868225.8151839,63.59874677658081,make_me_laugh,social_movie,social,1828,1,0.4661174672071991,0.3746703835445323,0.42039392537586573,1,0,0.547152978181839,0.6582035720348358,-0.021762550777390782,0.2759839162446898,3.0922859588643408,0.5491887331008911,0.6936226785182953,0.00043842958988948654,0.0034869508375992213,0.11815351739068845,0.12816791902345323
1781868225.846453,63.63001585006714,make_me_laugh,social_movie,social,1829,1,0.4648363850301417,0.4058484079721195,0.4353423965011306,1,0,0.5474514812231064,0.6573113560676574,-0.018482845939374663,0.2820726486350788,3.5846452121949612,0.549457311630249,0.6918178200721741,0.0018247324288692705,0.001386302838979784,0.1278709146400041,0.12728135012828376
1781868225.880317,63.66387987136841,make_me_laugh,social_movie,social,1830,1,0.4657932884054549,0.4227053332713628,0.44424931083840885,1,0,0.54777350127697,0.6565719187259674,-0.010699289422844985,0.2807479110490322,3.21601825845062,0.5490278601646423,0.6915785372257233,0.0004916145257387473,0.0013331179031305233,0.10946115590207918,0.12511545438036364
1781868225.91443,63.69799280166626,make_me_laugh,social_movie,social,1831,1,0.4678274065719989,0.4232794802452688,0.44555344340863384,1,0,0.5478522658348084,0.6552452445030212,-0.008190624521452153,0.28050414443871247,2.930158773481965,0.5491276681423187,0.6913920044898987,0.0002115563611476986,0.00028005816459104866,0.10179615396173344,0.12599225319346996
1781868225.9491389,63.732701778411865,make_me_laugh,social_movie,social,1832,1,0.46420326186335814,0.40917580727003916,0.4366895345666987,1,0,0.5478583395481109,0.6554406881332397,-0.009931371797302142,0.27476510489205497,2.7687541415977006,0.5487586259841919,0.6935594975948334,0.002198685624279729,0.0019871292631320307,0.09395717915942389,0.12569228338370608
1781868225.9833238,63.766886711120605,make_me_laugh,social_movie,social,1833,1,0.4762166909966262,0.39791884116271525,0.43706776607967074,1,0,0.5480393230915069,0.6554588198661804,-0.019136928999257233,0.27558679886452897,3.641892861667091,0.5497969537973404,0.6931615471839905,0.001111975349118753,0.001086710275160976,0.01995031979280048,0.1260313801640866
1781868226.019834,63.80339694023132,make_me_laugh,social_movie,social,1834,1,0.4621572198926868,0.39260972390774174,0.4273834719002143,1,0,0.5481900900602341,0.6553546130657195,-0.020797451008675936,0.2743161890731721,3.625782925580192,0.5502769649028778,0.6919622421264648,0.0012917984682007551,0.00017982311908200203,0.04580256551750586,0.12482946867913723
1781868226.052703,63.83626580238342,make_me_laugh,social_movie,social,1835,1,0.46567278370427667,0.40705694077283944,0.4363648622385581,1,0,0.5482600718736649,0.6559432506561279,-0.014054578182365985,0.27709579503581167,3.927933470640561,0.5496119260787964,0.6924334764480591,0.0008150695819278137,0.00047672888627294137,0.033438450331296145,0.12617688810193653
1781868226.0875509,63.871113777160645,make_me_laugh,social_movie,social,1836,1,0.4547684561546674,0.39165282397107776,0.42321064006287257,1,0,0.5482872039079666,0.6555662870407104,-0.015882028133672815,0.2726293965360991,3.568554212364628,0.549688458442688,0.6937479376792908,0.001316687332335952,0.0005016177504081382,0.029521843093625617,0.12391860656726827
1781868226.121359,63.904922008514404,make_me_laugh,social_movie,social,1837,1,0.43695644790302374,0.3879166702687983,0.41243655908591104,1,0,0.5483417570590973,0.6558184385299682,-0.016283853246716738,0.27588309371777553,4.149548114574583,0.5500754415988922,0.6941515803337097,0.0005591809686069034,0.0007575063637290485,0.05876204258765191,0.12665834428415154
1781868226.155921,63.939483880996704,make_me_laugh,social_movie,social,1838,1,0.46171595694199574,0.41152459167067706,0.43662027430633643,1,0,0.5481819182634353,0.6560299634933471,-0.00839647410922959,0.27774354427790676,4.3833036228043625,0.5497030317783356,0.6928865015506744,0.0013187544888010997,0.0007595735201941964,0.04707868016092809,0.1264795328067187
1781868226.1917892,63.9753520488739,make_me_laugh,social_movie,social,1839,1,0.4610376719926516,0.41004334562152783,0.4355405088070897,1,0,0.5482438296079636,0.6545758962631225,-0.01156593422110676,0.28502831969430664,4.194074287021079,0.549736738204956,0.6902544498443604,0.002632267522100749,0.0013135130332996494,0.046071738991825796,0.12527561801995618
1781868226.225467,64.00902986526489,make_me_laugh,social_movie,social,1840,1,0.47641232619178786,0.38871440049198036,0.4325633633418841,1,0,0.5479211330413818,0.6554539024829864,-0.016778846070913563,0.2814541599160998,3.4952267069866525,0.5507504791021347,0.6893608570098877,0.0013513618169955263,0.0012809057051052228,0.06851346245901141,0.1254688356139137
1781868226.260858,64.04442095756531,make_me_laugh,social_movie,social,1841,1,0.4692846677146048,0.3693274582995301,0.41930606300706746,1,0,0.5478214293718338,0.65687814950943,-0.014131652983800449,0.28041969368968184,3.390460851737653,0.5495723485946655,0.6938565969467163,0.004647544413152533,0.0032961825961570065,0.04920804157897104,0.12756367045219388
1781868226.29306,64.07662296295166,make_me_laugh,social_movie,social,1842,1,0.49319639645277813,0.3841984924620391,0.4386974444574086,1,0,0.5481630086898803,0.6571367323398589,-0.020509881126213606,0.27836893450167854,3.5996294155870174,0.548810675740242,0.69422647356987,0.0008467315120634471,0.003800812901089086,0.0667976727822123,0.12625930157668994
1781868226.327486,64.11104893684387,make_me_laugh,social_movie,social,1843,1,0.4728772375393468,0.38788957875957547,0.43038340814946113,1,0,0.5476151406764984,0.657639092206955,-0.02366819534697604,0.2769971650694264,3.1911867481318237,0.5496010780334473,0.6942793130874634,0.0007921665227233712,5.45649893400759e-05,0.022142003588836813,0.1255466734642791
1781868226.362289,64.14585185050964,make_me_laugh,social_movie,social,1844,1,0.4687378125947327,0.4057644885810903,0.43725115058791153,1,0,0.547783225774765,0.6580139219760894,-0.018476135693919288,0.27524594817712084,3.8881307510493506,0.550065666437149,0.6969373822212219,0.002698365042890615,0.001906198520167244,0.03759800083761087,0.12597523437368716
1781868226.398014,64.18157696723938,make_me_laugh,social_movie,social,1845,1,0.43335648899229373,0.41609793257039307,0.4247272107813434,1,0,0.5479235351085663,0.6582774281501771,-0.010111338687433306,0.2783060093755471,3.967728073459695,0.5494112968444824,0.6964389085769653,0.0008226029040947602,0.0018757621387958548,0.020436570176887034,0.12784517989133398
1781868226.4304352,64.21399807929993,make_me_laugh,social_movie,social,1846,1,0.4595498484832607,0.4214861597160559,0.4405180040996583,1,0,0.5483073025941849,0.6569389283657074,-0.01557744519643537,0.28060152871305005,3.698766877690457,0.5502279549837112,0.6941830813884735,0.0023991012527001844,0.0015764983486054242,0.011017260110811555,0.1253718186449075
1781868226.4675572,64.25112009048462,make_me_laugh,social_movie,social,1847,1,0.45421651087155074,0.39432815818810873,0.4242723345298297,1,0,0.5484287321567536,0.657653522491455,-0.012701818308928501,0.27636646632573664,3.0127650756546522,0.5496872365474701,0.6962662041187286,0.002152156299295348,0.0002469449534048362,0.0067019406253163265,0.12610051054980645
1781868226.4992971,64.28286004066467,make_me_laugh,social_movie,social,1848,1,0.4531553013368902,0.3910866470902171,0.42212097421355366,1,0,0.548096626996994,0.6581412196159363,-0.015969981977691495,0.27592471300434296,3.1884327926405236,0.5495644807815552,0.6962949633598328,0.0001260796256904467,0.0020260766736049014,0.012776297408329734,0.12552335207023863
1781868226.534464,64.31802678108215,make_me_laugh,social_movie,social,1849,1,0.4812115809358104,0.40070607490140814,0.4409588279186093,1,0,0.5482763051986694,0.6582890093326569,-0.014740066929565938,0.27660559248253064,3.1386652696616633,0.5495522171258926,0.6969432234764099,0.0006483761068969363,0.0005222964812064896,0.024473834153807043,0.12563208515598917
1781868226.569313,64.35287594795227,make_me_laugh,social_movie,social,1850,1,0.4747850664416884,0.3946613417722726,0.4347232041069805,1,0,0.5482908487319946,0.6582164525985719,-0.02090035242418724,0.27556101441266095,3.550392192839473,0.550055131316185,0.6967004537582397,0.000558444105401642,8.993200149529426e-05,0.008916008000122742,0.12515139718674903
1781868226.607481,64.39104390144348,make_me_laugh,social_movie,social,1851,1,0.4610158119164506,0.3856503079486287,0.42333305993253967,1,0,0.5484091371297837,0.6580958783626556,-0.02011107109898628,0.2772955099190309,4.135725831177387,0.5502342879772186,0.6953977048397064,0.001315010210581069,0.000756566105179427,0.0007830298732569381,0.12535896590648882
1781868226.637656,64.42121887207031,make_me_laugh,social_movie,social,1852,1,0.44766921495394785,0.378268355843067,0.41296878539850745,1,0,0.5491548627614975,0.6578965842723847,-0.013549102826720717,0.27499533770751816,3.178175100868899,0.5498601198196411,0.6962483525276184,0.0009293025874788909,0.00038570762310217814,0.0007938285143034175,0.12642934395458263
1781868226.672538,64.45610094070435,make_me_laugh,social_movie,social,1853,1,0.45370480883027214,0.3951143620320442,0.42440958543115814,1,0,0.5495345324277878,0.6576644003391265,-0.018488552477873784,0.27482258868490106,3.555662474080988,0.5501426756381989,0.696927547454834,0.0007356245915928897,0.00019367799588600112,0.002273750099602964,0.12493408121594624
1781868226.707631,64.49119400978088,make_me_laugh,social_movie,social,1854,1,0.47133692506431646,0.4313452043300738,0.45134106469719515,1,0,0.5492901116609573,0.6580082654953003,-0.016066675997935365,0.2746698192108153,3.937633494472505,0.5500466525554657,0.6976381242275238,0.0007170354121686441,1.8589179424245597e-05,0.008971235981364447,0.1244171081845463
1781868226.740611,64.52417397499084,make_me_laugh,social_movie,social,1855,1,0.4698275138549952,0.4138284849351403,0.4418279993950678,1,0,0.5496005862951279,0.6579899132251739,-0.014744476339455128,0.2757496753044107,3.471404011756007,0.5502836257219315,0.6962977945804596,0.0013611171310449646,0.0006440817188763205,0.008692626924324575,0.12579888514860973
1781868226.7755132,64.55907607078552,make_me_laugh,social_movie,social,1856,1,0.4684740841176923,0.4074149890518312,0.43794453658476173,1,0,0.5497453033924102,0.6573254644870759,-0.011036468266789444,0.27523832034052964,3.4301564383679013,0.5500924289226532,0.6982675790786743,0.0019790419867858474,0.0006179248557408828,0.006756964159586513,0.1256619092767468
1781868226.8103318,64.59389472007751,make_me_laugh,social_movie,social,1857,1,0.47522852792623654,0.4201410807017429,0.4476848043139897,1,0,0.5501029998064041,0.6566602230072021,-0.01827147384367985,0.2793960614595481,3.297135749108714,0.5508135408163071,0.6959260106086731,0.0024500908682889553,0.0004710488815031079,0.008936438750495776,0.12567415972037485
1781868226.844681,64.62824392318726,make_me_laugh,social_movie,social,1858,1,0.4836629112837129,0.40364612922694953,0.44365452025533125,1,0,0.5504552751779557,0.6564073085784912,-0.008790242495100237,0.27746736995592547,3.4861466308281663,0.5504731237888336,0.6968187689781189,0.000955458664102945,0.0014946322041860102,0.004211026329494316,0.127033705196476
1781868226.8787131,64.66227602958679,make_me_laugh,social_movie,social,1859,1,0.46782863595489727,0.41717153547464264,0.44250008571476995,1,0,0.5506114214658737,0.6561037361621858,-0.01431836012470055,0.2732708328003596,4.019648311866536,0.5511496663093567,0.6965468227863312,0.0007291532851901263,0.00022630537891281876,0.018719776397294656,0.12599895712121165
1781868226.9144619,64.69802474975586,make_me_laugh,social_movie,social,1860,1,0.4507039722560103,0.4140700396874177,0.432387005971714,1,0,0.5502259314060212,0.6568250894546509,-0.011507251815606431,0.27250096651303135,3.64328497650614,0.5510713905096054,0.6970092058181763,0.00046896179904653515,0.0002601914861435911,0.011619202747699895,0.12772945802067986
1781868226.94677,64.73033285140991,make_me_laugh,social_movie,social,1861,1,0.4464701961036103,0.4117437955366897,0.42910699582015,1,0,0.5502129018306732,0.6567219018936157,-0.012546839786586734,0.27429368250129177,3.890225833416723,0.5508729815483093,0.6959427297115326,0.0010847752771723943,0.0006158134781258591,0.003722313745138419,0.12596032545344196
1781868226.981451,64.76501393318176,make_me_laugh,social_movie,social,1862,1,0.46539221385397944,0.40195057824936475,0.4336713960516721,1,0,0.5501588821411133,0.657573688030243,-0.016868891873334572,0.2720817853415361,4.183139090158592,0.551068976521492,0.6974774599075317,0.0015471944945689455,0.0004624192173965512,0.011826324248571126,0.12629390432813054
1781868227.018501,64.80206394195557,make_me_laugh,social_movie,social,1863,1,0.4678000765445577,0.40034847958215464,0.4340742780633562,1,0,0.550038069486618,0.657292640209198,-0.017219906190926844,0.27382495818146957,4.218396044521951,0.5514815598726273,0.6958395540714264,0.0016890709131300412,0.0001418764185610957,0.008061499984467533,0.12616719973089915
1781868227.050733,64.83429598808289,make_me_laugh,social_movie,social,1864,1,0.4580302762800247,0.39615959175910764,0.42709493401956616,1,0,0.5500932306051254,0.6583159625530244,-0.011180721581079746,0.2680201301879475,3.9046449360602065,0.5504638850688934,0.6979884505271912,0.002377691734382965,0.0006886208212529238,0.013029283680824054,0.12672233573705596
1781868227.085093,64.86865592002869,make_me_laugh,social_movie,social,1865,1,0.48160145280328237,0.39389440647669466,0.43774792963998854,1,0,0.5493361085653305,0.6588206946849823,-0.016611527954378483,0.27346491017320146,3.490638545681361,0.5513274669647217,0.6965287625789642,0.0016960137372678472,0.0006816779971151178,0.009585323812223363,0.1269251685250448
1781868227.119749,64.90331196784973,make_me_laugh,social_movie,social,1866,1,0.4861164724916735,0.38133507103333564,0.4337257717625046,1,0,0.5494691729545593,0.6590831637382507,-0.016946393126079352,0.27432073074439345,3.9110694710067277,0.5504646301269531,0.69623202085495,0.0009124379756352799,0.0007835757616325672,0.015557405691144494,0.12693637026725085
1781868227.154745,64.93830800056458,make_me_laugh,social_movie,social,1867,1,0.4495337878140364,0.3976868727692972,0.42361033029166684,1,0,0.5493588268756866,0.6594486474990845,-0.011279647011739505,0.2766230830274837,3.751858146654501,0.549967348575592,0.6961138248443604,0.0005111352445717113,0.0004013027310635686,0.014297406438386506,0.12739719578266426
1781868227.189805,64.97336792945862,make_me_laugh,social_movie,social,1868,1,0.4744852528555089,0.4307922144647323,0.45263873366012064,1,0,0.5494261115789414,0.659618717432022,-0.012969773463490349,0.27383326535179137,3.7546251143516023,0.5506603121757507,0.6974193453788757,0.0014780332936663574,0.0009668980490946461,0.02183525161378486,0.12695196907688105
1781868227.2235782,65.00714111328125,make_me_laugh,social_movie,social,1869,1,0.4543947882130277,0.40627456803255046,0.4303346781227891,1,0,0.5494277238845825,0.6596127450466156,-0.015046883074434015,0.276362710045067,3.4070109409937666,0.5512166321277618,0.6967013776302338,0.0009082783588171954,0.0005697549348491621,0.023395176653246755,0.12693237026264295
1781868227.2579641,65.04152703285217,make_me_laugh,social_movie,social,1870,1,0.4586591171270249,0.3981074934439853,0.4283833052855051,1,0,0.5496853709220886,0.6610152125358582,-0.010937452948644776,0.2732885766208368,3.2269898030333573,0.550922617316246,0.6974416077136993,0.0007964830731774091,0.00011179528563978627,0.024015078390737882,0.12793128143805838
1781868227.291944,65.07550692558289,make_me_laugh,social_movie,social,1871,1,0.45905295571963217,0.4211084152606456,0.4400806854901389,1,0,0.5494848012924194,0.6611191689968109,-0.009213019094739254,0.27658928689206236,3.6327125650447942,0.5508837997913361,0.6981741189956665,0.000733539077656612,6.294399552079707e-05,0.022613019946491418,0.12832250677370302
1781868227.326978,65.1105408668518,make_me_laugh,social_movie,social,1872,1,0.46416272954712706,0.42256787417875097,0.443365301862939,1,0,0.5497809320688247,0.661174863576889,-0.008528787242775842,0.27553571168429364,3.025868853070738,0.5508579015731812,0.6997627913951874,0.0015888834792718472,0.0008553444016152352,0.025328245649040078,0.1287587140672731
1781868227.360794,65.14435696601868,make_me_laugh,social_movie,social,1873,1,0.4768639789602078,0.41121494780443113,0.4440394633823195,1,0,0.5496676713228226,0.6616693019866944,-0.013433763679409605,0.2808834464378989,2.9438755954079325,0.551035612821579,0.6967792212963104,0.0029888579462262416,0.0013999744669543944,0.02735739482741353,0.12828499619180042
1781868227.397352,65.18091487884521,make_me_laugh,social_movie,social,1874,1,0.46622953348007,0.3934760026078326,0.42985276804395134,1,0,0.549321711063385,0.6629000723361969,-0.017371082862643886,0.27451567921092584,2.5739549958096055,0.5515002310276031,0.6982850730419159,0.0015758996024849284,0.0014129583437413132,0.015610485688474653,0.12920199655889253
1781868227.429368,65.21293091773987,make_me_laugh,social_movie,social,1875,1,0.47669035928673,0.4036003081047281,0.44014533369572906,1,0,0.5495130360126494,0.6634373128414154,-0.017214406053631677,0.2769868166199537,3.3231178648186255,0.5505198985338211,0.6992464363574982,0.0013730517917807273,0.00020284781070420118,0.011166690988197291,0.12856543222592534
1781868227.464801,65.2483639717102,make_me_laugh,social_movie,social,1876,1,0.46773510693626713,0.41135699070709386,0.43954604882168047,1,0,0.5489413022994996,0.6632703542709351,-0.011896056610171098,0.2737346033492821,3.650790922414691,0.5498294532299042,0.7012650072574615,0.002133387727507569,0.0007603359357268417,0.010564836974444047,0.12899606020283166
1781868227.497946,65.2815089225769,make_me_laugh,social_movie,social,1877,1,0.4718254018962145,0.4338083865151711,0.4528168942056928,1,0,0.5484358012676239,0.6629141390323638,-0.014706302273805125,0.27951597875141543,2.7900626419915815,0.5497428625822067,0.6993498504161835,0.0019171133683125998,0.00021627435919496915,0.008708615981863482,0.1294361730350965
1781868227.533432,65.3169949054718,make_me_laugh,social_movie,social,1878,1,0.47472908278284076,0.41737317881820274,0.4460511308005217,1,0,0.5481980413198471,0.6632055282592773,-0.01607301340922565,0.27886037938508573,2.812772308315792,0.549639955163002,0.698936253786087,0.0004262066509974968,0.001490906717315103,0.011549764002143007,0.1275774798424088
1781868227.5672908,65.35085368156433,make_me_laugh,social_movie,social,1879,1,0.4827160002165125,0.41004015469536437,0.44637807745593844,1,0,0.5480038970708847,0.663543027639389,-0.013934371375001177,0.27878200902692396,2.383181294598902,0.5494222491979599,0.6983186602592468,0.0006548416996571366,0.00022863504865963978,0.005842982569064851,0.12758300463324182
1781868227.60152,65.38508296012878,make_me_laugh,social_movie,social,1880,1,0.4759652814685826,0.41198642151828907,0.4439758514934358,1,0,0.5472003310918808,0.6633293449878692,-0.02058016206483988,0.27840307658690205,2.306433621051992,0.5495630949735641,0.6987874209880829,0.0004894631277271823,0.00016537857192995423,0.0021069580109321865,0.12885730749649557
1781868227.635625,65.41918778419495,make_me_laugh,social_movie,social,1881,1,0.4680450399468631,0.4167405263549099,0.4423927831508865,1,0,0.5470924943685531,0.66337371468544,-0.022468835440845478,0.2794378604008906,2.3601120612653483,0.5496527850627899,0.6999498307704926,0.0011658648353677274,0.0006764017076405451,0.0018453177109139032,0.12877495824180682
1781868227.671534,65.45509696006775,make_me_laugh,social_movie,social,1882,1,0.4850289488072227,0.4156756016875989,0.4503522752474108,1,0,0.546883499622345,0.6638322114944458,-0.012485196623059988,0.2805415959289159,2.718126313694014,0.5483556240797043,0.6977025866508484,0.0025947509994824094,0.001428886164114682,0.0006880949943896015,0.1286073093886629
1781868227.706069,65.48963189125061,make_me_laugh,social_movie,social,1883,1,0.45617737575060074,0.4208192767279963,0.4384983262392985,1,0,0.546401047706604,0.6631509065628052,-0.018885530357491312,0.2816027597094493,2.4840580067134876,0.5484923124313354,0.6981022655963898,0.0004224061611538304,0.002172344838328579,0.0011637803702913576,0.12958987199845495
1781868227.7406678,65.52423071861267,make_me_laugh,social_movie,social,1884,1,0.4458668818541633,0.3930777512283835,0.41947231654127337,1,0,0.5455690056085587,0.6644696056842804,-0.014339886472189462,0.2844266402889309,2.382683726125338,0.547985315322876,0.6994912922382355,0.0014786619220577156,0.0010562557609038851,0.0012255973506589822,0.13417681834608225
1781868227.774942,65.55850481987,make_me_laugh,social_movie,social,1885,1,0.31669195886260365,0.23201764397964128,0.27435480142112245,1,0,0.5443239957094193,0.670827066898346,-0.011901209543568091,0.2763328243725106,3.864868378796241,0.5478295683860779,0.7015792429447174,0.0020937514802431534,0.0006150895581854378,0.003276169751679144,0.15623754376568819
1781868227.810721,65.59428381919861,make_me_laugh,social_movie,social,1886,1,0.2492133913628878,0.16897688501809974,0.20909513819049377,1,0,0.5456394374370575,0.6710160136222839,-0.01436659032103927,0.27684343598451117,2.6918822498198156,0.5486898571252823,0.7020469605922699,0.0009792121897903147,0.0011145392904528388,0.020208910426250993,0.16059589942799735
1781868227.843114,65.62667679786682,make_me_laugh,social_movie,social,1887,1,0.29192913365294054,0.2289392497569285,0.26043419170493454,1,0,0.5454667836427689,0.6688826858997345,-0.01836795948275571,0.27434009089762784,3.7483053935842503,0.5487296879291534,0.7037155330181122,0.0016690477624137156,0.0006898355726234009,0.024921420572731754,0.15212275547851867
1781868227.8772109,65.66077375411987,make_me_laugh,social_movie,social,1888,1,0.37422086253339926,0.22968138071103583,0.30195112162221754,1,0,0.5463749021291733,0.6671718835830689,-0.009583406523002493,0.27899367387661966,3.3309747656095303,0.5478523075580597,0.7043412923812866,0.0010776692888734862,0.0005913784735402294,0.009591294833645101,0.14506238111550387
1781868227.913398,65.69696092605591,make_me_laugh,social_movie,social,1889,1,0.4195984374950517,0.320065315732677,0.36983187661386435,1,0,0.5469927042722702,0.6665550470352173,-0.015290060392115272,0.27560449097377193,2.327663662081143,0.5486369431018829,0.7053323090076447,0.0012640280417573221,0.00018635875288383597,0.03582382547074428,0.13711072118637932
1781868227.945941,65.72950387001038,make_me_laugh,social_movie,social,1890,1,0.4515502380907185,0.36260266385727097,0.4070764509739947,1,0,0.5464933156967163,0.6654211461544037,-0.01676531456743934,0.27965186105062245,2.7055836624591003,0.5486040413379669,0.7044036984443665,0.0009291932545496862,0.000334834787207636,0.004709243604675209,0.13325960606754925
1781868227.982296,65.7658588886261,make_me_laugh,social_movie,social,1891,1,0.4674868668360737,0.37582324646642756,0.42165505665125064,1,0,0.5467446833848953,0.6650209069252014,-0.01869796178307162,0.2802646123904582,2.462745046541706,0.5491543412208557,0.7022011280059814,0.0022702745422426237,0.0013410812876929377,0.006672964823828112,0.13135440279845936
1781868228.017337,65.80089998245239,make_me_laugh,social_movie,social,1892,1,0.47656269338346624,0.37472830418515674,0.42564549878431146,1,0,0.546819630265236,0.6639312684535981,-0.023296188723755606,0.28201970537149557,1.9968457887577362,0.5495291650295258,0.7011746764183044,0.0010927468825810284,0.0011775276596615954,0.07264529502602277,0.13055323809277727
1781868228.049738,65.83330082893372,make_me_laugh,social_movie,social,1893,1,0.48220316721585793,0.4123143167340692,0.44725874197496357,1,0,0.5471431404352188,0.6637764513492584,-0.016534922170014763,0.28408828413094006,2.283228523596128,0.5494637787342072,0.6993230283260345,0.0018528022088777428,0.0007600553262967144,0.0860725808149995,0.13087797371327262
1781868228.0848489,65.86841177940369,make_me_laugh,social_movie,social,1894,1,0.47676059600509535,0.4139739263011588,0.4453672611531271,1,0,0.5478013724088668,0.6639199256896973,-0.009882727086811559,0.28416340395623996,2.647382678439467,0.5495324730873108,0.6981522142887115,0.0011728275338432782,0.0006799746750344646,0.09919104480141316,0.13039862159099336
1781868228.118709,65.90227198600769,make_me_laugh,social_movie,social,1895,1,0.47995566063497275,0.3865593847385807,0.43325752268677675,1,0,0.5479992121458054,0.6646623075008393,-0.023068202360423413,0.28809092656606256,2.739769517512354,0.5506032258272171,0.6964322030544281,0.0020260676385743244,0.0008532401047310462,0.10364061354697053,0.13161858997371062
1781868228.1539352,65.93749809265137,make_me_laugh,social_movie,social,1896,1,0.46437733268888143,0.4134584050568675,0.43891786887287443,1,0,0.5483867853879929,0.6652673482894897,-0.018108953261830613,0.28341799018911934,2.4806876984811095,0.5506409257650375,0.6987715363502502,0.002339637056095188,0.00031356941752086346,0.02642129565452968,0.1294975099808162
1781868228.1900768,65.9736397266388,make_me_laugh,social_movie,social,1897,1,0.44975630643991854,0.4083958985047435,0.429076102472331,1,0,0.5483926296234131,0.6651804268360137,-0.013884307531106053,0.2838757165212955,2.315669582483776,0.5503273010253906,0.6998157501220703,0.001090294858548497,0.0012493421975466909,0.02670817477451619,0.12920521798347973
1781868228.223182,66.00674486160278,make_me_laugh,social_movie,social,1898,1,0.44681840960443797,0.4061749633520779,0.42649668647825795,1,0,0.5485402852296829,0.6659302771091462,-0.01611890273706357,0.2867490579207711,2.9146835647194616,0.5508020520210266,0.7002246975898743,0.0006265991855090678,0.00046369567303942917,0.007275009476269616,0.12964145462591342
1781868228.25705,66.0406129360199,make_me_laugh,social_movie,social,1899,1,0.47520127119523153,0.41216254459297574,0.44368190789410367,1,0,0.5482541471719742,0.6665046334266662,-0.015437660070111133,0.2876592904870792,2.7289390836646628,0.5502772480249405,0.6998229324817657,0.0006609345174837006,3.433533197463282e-05,0.004779367237362265,0.12913913259980458
1781868228.2912278,66.07479071617126,make_me_laugh,social_movie,social,1900,1,0.4653435211339878,0.4278584473273396,0.4466009842306637,1,0,0.5479087352752685,0.6666961789131165,-0.021532365540257656,0.2871838538105421,2.3791200505217547,0.5505274087190628,0.7010090053081512,0.0012121671181705277,0.0005512326006868271,0.017070157753015545,0.12785391846189267
1781868228.324922,66.10848498344421,make_me_laugh,social_movie,social,1901,1,0.4721754451657693,0.44318909416036456,0.4576822696630669,1,0,0.5480414718389511,0.6675463497638703,-0.01292992528487151,0.2891124682095186,2.7131310316440223,0.5498845875263214,0.7003500461578369,0.000920568437228028,0.00029159868094249977,0.004787060757551285,0.128735151737081
1781868228.360214,66.14377689361572,make_me_laugh,social_movie,social,1902,1,0.46480278116906015,0.4350611833358525,0.44993198225245634,1,0,0.5477395713329315,0.6677356898784637,-0.016018773683723102,0.2840513079372008,2.2837325110892595,0.5501468032598495,0.7011928260326385,0.0008826295985748268,3.7938838653201194e-05,0.0008491545641885673,0.12705618235795466
1781868228.393294,66.1768569946289,make_me_laugh,social_movie,social,1903,1,0.45900649354262907,0.4223581802466235,0.4406823368946263,1,0,0.5477865755558013,0.66798015832901,-0.014849504861869808,0.2799513251379153,2.0912262676129347,0.5496067106723785,0.7034286856651306,0.002300167015511848,0.0014175374169370213,0.0005821390239887352,0.12759570130123885
1781868228.42877,66.21233296394348,make_me_laugh,social_movie,social,1904,1,0.47231692776262657,0.4142520843574153,0.4432845060600209,1,0,0.5475348114967347,0.6673529922962189,-0.023096736469973945,0.28578548429034656,2.0191623854067005,0.550524115562439,0.7017909586429596,0.0018771738149292246,0.0004229932005826234,0.0009507555281614083,0.12920866117831567
1781868228.464032,66.24759483337402,make_me_laugh,social_movie,social,1905,1,0.46407836310306727,0.4243311404617444,0.4442047517824058,1,0,0.5476066142320632,0.6665275633335113,-0.022936886062143544,0.2827402393037983,2.7134426622392493,0.5504980981349945,0.7023440599441528,0.0005537128821984186,0.001323460932730806,0.0006493815803338815,0.1284372819413503
1781868228.497594,66.28115701675415,make_me_laugh,social_movie,social,1906,1,0.4770178708413121,0.4065415060355953,0.4417796884384537,1,0,0.5478148996829987,0.6661906719207764,-0.016568865008560713,0.28013248424663784,2.6155128483418184,0.5491449683904648,0.703965961933136,0.002112232507892677,0.0015585196256942585,0.0008019665153799522,0.12806002648347636
1781868228.5307221,66.31428503990173,make_me_laugh,social_movie,social,1907,1,0.44981427172899946,0.42730841080663723,0.4385613412678183,1,0,0.5474779427051544,0.6657061219215392,-0.02900709403338284,0.2838894056903663,2.087119701544729,0.5512756407260895,0.701487272977829,0.003268587391971849,0.001156354884079172,0.000900333993936985,0.12870763610997032
1781868228.566692,66.3502550125122,make_me_laugh,social_movie,social,1908,1,0.4687401853947001,0.4056297705706798,0.43718497798268996,1,0,0.5476513355970383,0.6654438853263855,-0.023251972687616747,0.2776380785798933,2.4479287113916977,0.5506022572517395,0.7025186419487,0.00123173343609853,0.002036853955873319,0.0005364157388464709,0.1272178995876056
1781868228.601423,66.38498592376709,make_me_laugh,social_movie,social,1909,1,0.4761968117082184,0.42322307954726546,0.4497099456277419,1,0,0.5478260457515717,0.6658574044704437,-0.020185755338807666,0.27777336186088736,1.4827111313358081,0.550220251083374,0.7026917338371277,0.0004193918388676079,0.0008123415972309221,0.0004987487906464145,0.1275977869390201
1781868228.635803,66.41936588287354,make_me_laugh,social_movie,social,1910,1,0.4818556702599229,0.3965370257442021,0.4391963480020625,1,0,0.5480258673429489,0.6655329465866089,-0.026624156987547554,0.27779810941633276,1.5002580266960288,0.5507113337516785,0.7038683593273163,0.0012749940122489093,0.0008556021733813015,0.0007057388529091237,0.12711917793461483
1781868228.67028,66.45384287834167,make_me_laugh,social_movie,social,1911,1,0.49572034943612187,0.3937148380086937,0.4447175937224078,1,0,0.5481666892766952,0.6659283876419066,-0.029789651584989307,0.28159401668663236,2.0253153914272604,0.5511261373758316,0.7023745179176331,0.0015503626040042856,0.00027536859175537626,0.0010712594541866954,0.1282531851748938
1781868228.7045681,66.48813104629517,make_me_laugh,social_movie,social,1912,1,0.4903771821363603,0.4022505007381436,0.44631384143725195,1,0,0.5484105587005615,0.6651611447334289,-0.024144528293189096,0.2779174657481189,2.5689841753197054,0.5500833988189697,0.7055768966674805,0.0033678677758250345,0.001817505171820749,0.004973643425764606,0.12688480702733604
1781868228.740544,66.52410697937012,make_me_laugh,social_movie,social,1913,1,0.46722847632720965,0.4109530893572449,0.43909078284222725,1,0,0.5483046382665634,0.6648932576179505,-0.026355480852631178,0.28589117969623884,2.4167233909780133,0.5500283092260361,0.7022660076618195,0.0033113472894060136,5.6520486419020955e-05,0.02015145778314807,0.12689466625801615
1781868228.773839,66.55740189552307,make_me_laugh,social_movie,social,1914,1,0.4791488127754776,0.4032560939062446,0.4412024533408611,1,0,0.5480855286121369,0.6649862468242645,-0.026785779732997676,0.28191101237549765,2.2351930429273916,0.5499130189418793,0.7024281919002533,0.00019898637344632297,0.0031123609159596907,0.02005239881059828,0.1273862534136638
1781868228.807822,66.59138488769531,make_me_laugh,social_movie,social,1915,1,0.47645915094770497,0.42355196536890544,0.45000555815830523,1,0,0.5478343367576599,0.6653447270393371,-0.021224278770287888,0.2784649217186217,2.3404240576257074,0.549530491232872,0.7041649222373962,0.001778358713002242,0.0015793723395559189,0.007676786070808998,0.12726500591606207
1781868228.840822,66.62438488006592,make_me_laugh,social_movie,social,1916,1,0.465489761437228,0.4337844371968278,0.4496370993170279,1,0,0.547608295083046,0.6656287372112274,-0.016988788957913878,0.28092051309923793,2.2146329902046493,0.5489490032196045,0.7035801708698273,0.0008246590031325581,0.0009536997098696839,0.009978948993391154,0.1269753386694933
1781868228.87655,66.6601128578186,make_me_laugh,social_movie,social,1917,1,0.47295335154507284,0.41266929510014816,0.44281132332261053,1,0,0.5469858407974244,0.6657381117343902,-0.02506537238910166,0.28344487050962675,2.1729865928935137,0.5494580417871475,0.7032199203968048,0.0006236190075351829,0.00020103999559737513,0.01075559526145816,0.129075015647821
1781868228.9103098,66.6938726902008,make_me_laugh,social_movie,social,1918,1,0.46806341744965224,0.4190508291333759,0.4435571232915141,1,0,0.5467805057764054,0.6646753668785095,-0.01405748010956796,0.2856456290727092,2.1009846524424556,0.5484766960144043,0.7010783553123474,0.0023557038304184204,0.0017320848228832375,0.009938860172193373,0.12844695416225274
1781868228.944809,66.7283718585968,make_me_laugh,social_movie,social,1919,1,0.487355085808823,0.4200908652308313,0.4537229755198271,1,0,0.5464695036411286,0.6646486282348633,-0.017962729855612605,0.28282973782949344,2.466271420024475,0.5478895455598831,0.7028842270374298,0.0018989255761341732,0.0004567782542842472,0.022062595186776404,0.12684516002137544
1781868228.981089,66.76465201377869,make_me_laugh,social_movie,social,1920,1,0.49279323560133803,0.4210456472667748,0.4569194414340564,1,0,0.5460930526256561,0.664637815952301,-0.024072437280778694,0.2875185031226586,2.0301355862055033,0.5485018193721771,0.701405942440033,0.001600063927510962,0.0002988616486232112,0.03128071406923345,0.1277179531448295
1781868229.015172,66.79873490333557,make_me_laugh,social_movie,social,1921,1,0.47110635057778016,0.4189795206208394,0.44504293559930974,1,0,0.5458312392234802,0.664650523662567,-0.013359411261216871,0.28282767412562915,1.7033886190030123,0.5473174601793289,0.7014456987380981,0.0011850262701391479,0.00041503765737181415,0.022507698378007014,0.12808558353118996
1781868229.047596,66.83115887641907,make_me_laugh,social_movie,social,1922,1,0.5029639176111669,0.39441269759687325,0.44868830760402006,1,0,0.5456401854753494,0.6650126695632934,-0.02849844974856377,0.284726683218901,1.497489820688693,0.5483656823635101,0.701638251543045,0.0010657609160137898,0.00011926535412535807,0.0247677071031807,0.12793716097811203
1781868229.082386,66.86594891548157,make_me_laugh,social_movie,social,1923,1,0.4829978171716717,0.4072880744237755,0.4451429457977236,1,0,0.5458838790655136,0.6649871587753295,-0.024143799131728788,0.2822579775210171,1.9839894487408154,0.5483148992061615,0.703135758638382,0.0014983679219920244,0.0004326070059782346,0.016867192083023855,0.12722061491774692
1781868229.116841,66.90040397644043,make_me_laugh,social_movie,social,1924,1,0.48188321952575125,0.40997112740228236,0.4459271734640168,1,0,0.5459816128015518,0.6653199017047882,-0.015761685758298356,0.28544222626733406,1.3460085428976438,0.5474674701690674,0.7016901671886444,0.0016756701979997644,0.00017730227600773994,0.027840485691568405,0.12881445098254032
1781868229.151718,66.93528079986572,make_me_laugh,social_movie,social,1925,1,0.4822194689684708,0.40779782442329277,0.4450086466958818,1,0,0.5455184757709504,0.664676171541214,-0.029610199408713334,0.2907114147954193,1.4604757583395984,0.5488177388906479,0.6996425688266754,0.0024527300447494747,0.0007770598467497104,0.03800007283850083,0.1289405145492865
1781868229.189308,66.97287082672119,make_me_laugh,social_movie,social,1926,1,0.481674364044755,0.4222654043502702,0.4519698841975126,1,0,0.5459609866142273,0.6638398945331574,-0.014171307105183861,0.28562318854397256,1.0915325146130106,0.5474240481853485,0.7014305889606476,0.0022670222278415634,0.00018570781690791134,0.01862434061149424,0.12861323289923204
1781868229.221557,67.00511980056763,make_me_laugh,social_movie,social,1927,1,0.4959980860039303,0.4252167828760077,0.460607434439969,1,0,0.5452943980693816,0.6629662215709686,-0.020186778451519265,0.2867591060399133,1.1862533104521162,0.5477317869663239,0.7011707723140717,0.0004027503533879889,0.0018642718744535745,0.028161539966133676,0.12810190301519844
1781868229.255971,67.03953385353088,make_me_laugh,social_movie,social,1928,1,0.49027304431445273,0.44438663507340626,0.4673298396939295,1,0,0.545354625582695,0.6630826711654663,-0.012854205075853633,0.2866670878947621,2.0192611051468745,0.547150194644928,0.7006544172763824,0.00077773527196191,0.0003749849185739211,0.038807978514913126,0.12935246847988666
1781868229.288491,67.07205390930176,make_me_laugh,social_movie,social,1929,1,0.4700058235945822,0.4387837395765062,0.4543947815855442,1,0,0.5454182416200638,0.6634120166301727,-0.01912310714563388,0.28430999339495616,1.9233763668962083,0.5470075309276581,0.7015458643436432,0.0009027905681568918,0.00012505529619498174,0.004072025208518413,0.12956525427408444
1781868229.323458,67.10702085494995,make_me_laugh,social_movie,social,1930,1,0.4729147004060762,0.4144505697144348,0.4436826350602555,1,0,0.5449544161558151,0.6635172724723817,-0.019103578445232475,0.28262123971388803,2.3017646841449526,0.5469873547554016,0.7012435495853424,0.0003029872786329197,0.0005998032895239721,0.028038870620178655,0.1303264780552493
1781868229.357574,67.14113688468933,make_me_laugh,social_movie,social,1931,1,0.4731953730674297,0.40685997866333073,0.4400276758653802,1,0,0.5450310796499253,0.6631733775138855,-0.021689397960323122,0.28182576441554913,1.9089679315007821,0.5469988733530045,0.6998783946037292,0.0013652035752641292,0.0010622162966312096,0.10655256921386169,0.1299255259333447
1781868229.392781,67.17634391784668,make_me_laugh,social_movie,social,1932,1,0.45792181430989987,0.41262232660785475,0.4352720704588773,1,0,0.5447438150644303,0.6640122056007385,-0.018485105456912784,0.2852206664426297,1.7617520304148209,0.547221302986145,0.6954438984394073,0.004440071077481157,0.0030748675022170277,0.10961016872347036,0.13127717024855273
1781868229.426631,67.21019387245178,make_me_laugh,social_movie,social,1933,1,0.46169385517706046,0.40935056356120514,0.4355222093691328,1,0,0.5447912275791168,0.6650015056133269,-0.019553937253217916,0.28752498805474574,2.271937676008475,0.5474488437175751,0.6950757503509521,0.0004327907109596297,0.004007280366521528,0.09499524457864254,0.1310323808623423
1781868229.4641669,67.2477297782898,make_me_laugh,social_movie,social,1934,1,0.44083457015124455,0.40225947733887013,0.42154702374505737,1,0,0.5447069525718689,0.6656816482543946,-0.023172279621117974,0.2899805233780733,3.1243140798395457,0.5473749041557312,0.6928549408912659,0.0022220399895226295,0.0017892492785629998,0.10825064619325768,0.13010126353349102
1781868229.496098,67.27966094017029,make_me_laugh,social_movie,social,1935,1,0.4499302773477607,0.4007342901686595,0.4253322837582101,1,0,0.5450873464345932,0.6659483015537262,-0.02311402217660238,0.2934648849887936,2.453623789326916,0.5485973060131073,0.6931253671646118,0.0012519571359404893,0.0009700828535821402,0.1107190620725993,0.1305733455405535
1781868229.5305831,67.31414604187012,make_me_laugh,social_movie,social,1936,1,0.45669813668004317,0.41254227934970183,0.4346202080148725,1,0,0.5447308123111725,0.6664117336273193,-0.01935451819443256,0.29113667915455455,2.475912349192699,0.5481459200382233,0.6955895721912384,0.0025052057224055966,0.0012532485864651074,0.11049348041942794,0.12992256855933343
1781868229.56562,67.34918284416199,make_me_laugh,social_movie,social,1937,1,0.46541578009199963,0.37790571709290716,0.4216607485924534,1,0,0.5449609637260437,0.6660123467445374,-0.021258560743196625,0.29294071021069573,2.4768179962817203,0.5483433306217194,0.6949206590652466,0.0006974350927508727,0.001807770629654724,0.10375536335624203,0.1303527209324195
1781868229.6000159,67.38357877731323,make_me_laugh,social_movie,social,1938,1,0.48644927057543014,0.3765286554272278,0.431488963001329,1,0,0.54549640417099,0.6663169384002685,-0.022607521514952805,0.29115759584431977,1.6618077199041927,0.548165500164032,0.6955731213092804,0.0006762622653756025,2.117282737527015e-05,0.09080654475479,0.13025734591203
1781868229.6337779,67.41734075546265,make_me_laugh,social_movie,social,1939,1,0.4773720329843049,0.3878049453254735,0.43258848915488923,1,0,0.5457766771316528,0.6664639711380005,-0.023174968372190432,0.29052944987315266,1.7771546581869626,0.5489876717329025,0.6954441070556641,0.0008322323992102398,0.00015597013383463723,0.10139848276929707,0.1315834296672863
1781868229.668329,67.45189189910889,make_me_laugh,social_movie,social,1940,1,0.4603472453524733,0.3769933245287909,0.4186702849406321,1,0,0.5461546182632446,0.6666427552700043,-0.01611830271824583,0.292532644105147,2.010350364165448,0.5487643033266068,0.6962935328483582,0.0008783038325232911,4.6071433313051306e-05,0.04973904003753971,0.1319133711969922
1781868229.702199,67.48576188087463,make_me_laugh,social_movie,social,1941,1,0.46292145237725507,0.3687674506065113,0.4158444514918832,1,0,0.5460604190826416,0.6670070946216584,-0.02407566055856057,0.2951353465017125,1.7067702601951855,0.5493288189172745,0.6966657042503357,0.0006761578251834826,0.0002021460073398085,0.007887106152189313,0.13201186137184118
1781868229.736502,67.52006483078003,make_me_laugh,social_movie,social,1942,1,0.45879627200191564,0.3664302713379011,0.41261327166990835,1,0,0.5463834702968597,0.666354912519455,-0.018705719796891302,0.2942915196362138,1.5478763168153666,0.5490612685680389,0.6967368423938751,0.00027684621153682584,0.0003993116136466567,0.014823088651203388,0.13192029653310636
1781868229.7735739,67.55713677406311,make_me_laugh,social_movie,social,1943,1,0.4501283563148692,0.3704553739075333,0.41029186511120125,1,0,0.5462711036205292,0.6667674064636231,-0.021584149699380904,0.2923813284491533,1.7052363212227393,0.5491781830787659,0.6970517337322235,0.00033589515891920284,5.9048947382376996e-05,0.02076110484774046,0.13318055868699552
1781868229.806032,67.58959484100342,make_me_laugh,social_movie,social,1944,1,0.4367410485211927,0.36367276059950765,0.4002069045603502,1,0,0.5468829900026322,0.6670264482498169,-0.021943649462711615,0.2904283162636422,1.9100968926354431,0.5499611794948578,0.6969135999679565,0.0007950876206075351,0.00045919246168833224,0.059505096333348294,0.13418794128542255
1781868229.840242,67.62380480766296,make_me_laugh,social_movie,social,1945,1,0.45419897013540883,0.37952638578665954,0.41686267796103416,1,0,0.5469061881303787,0.6670814037322998,-0.02190828621607412,0.2895406402503321,1.751039106456266,0.5495666414499283,0.6974107325077057,0.0006346660783232639,0.0001604215422842712,0.051908443580802245,0.13091334212105604
1781868229.873664,67.65722680091858,make_me_laugh,social_movie,social,1946,1,0.4549262432826776,0.39568643872823817,0.4253063410054579,1,0,0.546979197859764,0.6671177804470062,-0.01822917494176196,0.2894493478201843,1.2910270718302082,0.5497669875621796,0.6967941224575043,0.0006483413597045896,1.3675281381325677e-05,0.020624848041697102,0.13170917034851065
1781868229.910613,67.69417595863342,make_me_laugh,social_movie,social,1947,1,0.4570702627830524,0.3720065809870819,0.4145384218850672,1,0,0.5467004656791687,0.6669094204902649,-0.022554904276717358,0.29312415034572065,1.1197183940608217,0.549694612622261,0.6961024403572083,0.0006954583091732554,4.711694946866584e-05,0.052320743137229585,0.13092101667682393
1781868229.944222,67.72778487205505,make_me_laugh,social_movie,social,1948,1,0.46418889057584967,0.36511028208660584,0.4146495863312277,1,0,0.5467846482992172,0.667713886499405,-0.014788699944604375,0.29062345065846606,1.3827854978909673,0.548702284693718,0.697968602180481,0.0021135928341114163,0.0014181345249381608,0.03165260325402996,0.13256019449431233
1781868229.9808269,67.76438975334167,make_me_laugh,social_movie,social,1949,1,0.47775383598690113,0.3929134068576324,0.4353336214222667,1,0,0.5467214614152909,0.667137897014618,-0.01933132697959029,0.29166411024575306,1.3779951265035792,0.5489148199558258,0.6971830129623413,0.0008138314673791597,0.0012997613667322565,0.0298966013832761,0.13217256409749265
1781868230.011552,67.79511499404907,make_me_laugh,social_movie,social,1950,1,0.4599813902805843,0.37803587672428857,0.41900863350243645,1,0,0.5469408661127091,0.6662953734397888,-0.01621545068239811,0.2879347009844938,1.917138635398156,0.5490411520004272,0.6974932849407196,0.00033500520303416493,0.00047882626434499475,0.02192901789719951,0.1331887984534627
1781868230.047636,67.83119893074036,make_me_laugh,social_movie,social,1951,1,0.4459353267508943,0.37091481931068004,0.4084250730307872,1,0,0.5466604351997375,0.6662381827831267,-0.01731265198151641,0.2910003249708154,1.545741139328168,0.5492370277643204,0.6955254673957825,0.001977542213213949,0.0016425370101797842,0.008307500456748449,0.13352816839708018
1781868230.082004,67.86556696891785,make_me_laugh,social_movie,social,1952,1,0.46849550030808834,0.3628794449240156,0.415687472616052,1,0,0.5465361297130584,0.6658279061317444,-0.01934715190796421,0.2874235496368895,1.5360598655023947,0.5494319498538971,0.6975730955600739,0.0020568849555102128,7.934274229626356e-05,0.005165753894985369,0.1312189208156484
1781868230.115241,67.89880394935608,make_me_laugh,social_movie,social,1953,1,0.4537417907211317,0.36672234589557345,0.41023206830835257,1,0,0.5464602828025817,0.6660048723220825,-0.01349001749245484,0.29449417019321317,1.7916374492581457,0.5486468374729156,0.6946662664413452,0.0030109893683404236,0.0009541044128302109,0.027599557425029387,0.13232254232077373
1781868230.150537,67.93409991264343,make_me_laugh,social_movie,social,1954,1,0.4581214623481022,0.3730512560027556,0.4155863591754289,1,0,0.5464813143014908,0.6658145606517791,-0.01750592377257925,0.29413449417592324,1.9248216648593321,0.5489977300167084,0.6950972676277161,0.0005557765737618032,0.0024552127945786204,0.03736121484945705,0.13203956732182767
1781868230.1841831,67.9677460193634,make_me_laugh,social_movie,social,1955,1,0.4583671134477328,0.38587705678836787,0.4221220851180503,1,0,0.5465340703725815,0.6658331036567688,-0.01656123866478659,0.28980606760391403,2.020619203877485,0.5482783317565918,0.696140855550766,0.0012675210490537892,0.000711744475291986,0.0368629630439272,0.12899922253197604
1781868230.220735,68.00429797172546,make_me_laugh,social_movie,social,1956,1,0.46922392526524953,0.3736974071577851,0.42146066621151734,1,0,0.5459629595279694,0.6670146763324738,-0.01723257980006346,0.2875505733909518,1.2236847594852152,0.5478556752204895,0.698632538318634,0.0025272755218219752,0.001259754472768186,0.04075225955291281,0.12955750662926302
1781868230.253958,68.03752088546753,make_me_laugh,social_movie,social,1957,1,0.44397510911608906,0.37664524660589205,0.41031017786099055,1,0,0.5453306764364243,0.6666394770145416,-0.015400672795262513,0.2897378396974219,1.6092386100802087,0.5476949959993362,0.6973391175270081,0.0013033630178583347,0.0012239125039636405,0.08824550828162218,0.1300731516318029
1781868230.288419,68.07198190689087,make_me_laugh,social_movie,social,1958,1,0.4621402470428261,0.3643357205211583,0.41323798378199217,1,0,0.5456992000341416,0.6676555752754212,-0.02076172092280156,0.2885639931830777,1.5160317583118865,0.5481413751840591,0.6952579021453857,0.0021285468849088565,0.0008251838670505218,0.025919176935330794,0.13202395432396438
1781868230.324022,68.1075849533081,make_me_laugh,social_movie,social,1959,1,0.46295354625404544,0.37078948147939794,0.4168715138667217,1,0,0.5457393407821656,0.6672921180725098,-0.02307113172984707,0.2918066172832294,1.4670627203283102,0.5482081025838852,0.69575434923172,0.0005009114247222661,0.0016276354601865903,0.02855985530657273,0.13079177976776662
1781868230.357399,68.14096188545227,make_me_laugh,social_movie,social,1960,1,0.46782375892900097,0.3804619557560306,0.4241428573425158,1,0,0.5454770177602768,0.667725819349289,-0.025791132387159372,0.29291200139861123,1.5479473794588272,0.5484054386615753,0.6949042081832886,0.0008727435647348864,0.0003718321400126203,0.053527873301560384,0.1306063065421164
1781868230.3916621,68.17522501945496,make_me_laugh,social_movie,social,1961,1,0.4762405195740593,0.3694274877133873,0.42283400364372326,1,0,0.5454977631568909,0.6693679034709931,-0.028330785240103504,0.2928127182128486,1.0507925392927713,0.5490543693304062,0.6969630420207977,0.0021586819551341874,0.001285938390399301,0.088588957955465,0.13371421321964974
1781868230.426126,68.20968890190125,make_me_laugh,social_movie,social,1962,1,0.48652626725226517,0.3614661362752888,0.42399620176377695,1,0,0.5455005019903183,0.6694652259349823,-0.035080763752756254,0.2971798253225537,1.5933202953831251,0.5495859831571579,0.6939945816993713,0.0030156873081731254,0.000857005353038938,0.0997229436811167,0.13259781865424217
1781868230.460307,68.24386978149414,make_me_laugh,social_movie,social,1963,1,0.44500205175917673,0.3763984749165546,0.4107002633378657,1,0,0.5459848254919052,0.6699699521064758,-0.026713118783904182,0.2991086181956835,1.7113812531216788,0.5496987998485565,0.6940340399742126,0.00011951803759928392,0.0028961692705738416,0.0854551994868224,0.13380922328784503
1781868230.49543,68.27899289131165,make_me_laugh,social_movie,social,1964,1,0.4758716421277188,0.38878483027040245,0.43232823619906063,1,0,0.5459241449832917,0.6705308198928833,-0.029033559567901632,0.3042532678441113,1.7841618040088632,0.5499152988195419,0.6933809816837311,0.0006880094005204069,0.000568491362921123,0.047211747627927035,0.13128614770201488
1781868230.529832,68.31339478492737,make_me_laugh,social_movie,social,1965,1,0.46840190923696,0.3508655318119567,0.40963372052445834,1,0,0.5461762487888336,0.6713691174983978,-0.02343495584159261,0.3028116478033234,1.124312639425142,0.5496028959751129,0.69584721326828,0.0024859392120150817,0.0017979298114946746,0.07044639046172994,0.13397422368641704
1781868230.564903,68.34846591949463,make_me_laugh,social_movie,social,1966,1,0.461104205031186,0.3693033231250577,0.4152037640781219,1,0,0.5468917191028595,0.6716913700103759,-0.020254467317541235,0.29753691197936877,1.559724964304303,0.5498434901237488,0.6975065767765045,0.0016767148823771125,0.0008092243296379691,0.003340140519985974,0.1346553207522846
1781868230.598009,68.38157200813293,make_me_laugh,social_movie,social,1967,1,0.4609535584826502,0.3966631244265587,0.42880834145460445,1,0,0.5468389600515365,0.6716937601566315,-0.013165455835558013,0.2981590866033077,1.797885595800837,0.5491251647472382,0.6981058418750763,0.0009354731449407654,0.0007412417374363471,0.0005626808734264725,0.132501363260393
1781868230.6314921,68.4150550365448,make_me_laugh,social_movie,social,1968,1,0.46405416866935884,0.40787235272363004,0.43596326069649444,1,0,0.5474041759967804,0.6720423400402069,-0.02352028671727213,0.29981278486594115,1.2889572257951554,0.5499301105737686,0.6983831524848938,0.0008513747459057946,8.409839903497076e-05,0.04704164120646814,0.13336426761593648
1781868230.6661692,68.4497320652008,make_me_laugh,social_movie,social,1969,1,0.46609627064309356,0.40437485469100254,0.43523556266704805,1,0,0.5470052987337113,0.6727026164531708,-0.018997912851504303,0.3031027110516857,1.6260212532744087,0.549512505531311,0.6974992454051971,0.0009775917844498628,0.0001262170385440682,0.01608732885176299,0.13210301134930633
1781868230.700234,68.48379683494568,make_me_laugh,social_movie,social,1970,1,0.4606950440085402,0.3926100388174301,0.42665254141298514,1,0,0.5472977370023727,0.6732596099376678,-0.013967450829613356,0.3048856468357001,1.2874255654843125,0.5494114309549332,0.6960305869579315,0.001472132366573958,0.0004945405821240951,0.0036320803550815134,0.13535473809536455
1781868230.7356749,68.51923775672913,make_me_laugh,social_movie,social,1971,1,0.4592544267116516,0.36398183169344706,0.41161812920254937,1,0,0.5466189742088318,0.6736046373844147,-0.01655092014003934,0.29862617376777867,1.982088383734866,0.5487290918827057,0.6994985640048981,0.0035344662125666314,0.0020623338459926734,0.000566164661715915,0.13553281582168633
1781868230.772816,68.55637884140015,make_me_laugh,social_movie,social,1972,1,0.4636769907396035,0.38843637734142106,0.4260566840405123,1,0,0.5463286489248276,0.673457396030426,-0.01748355876706866,0.2979369655290358,2.412591949375194,0.5484830737113953,0.6992038786411285,0.00038388071615399815,0.0031505854964126332,0.0004628891966358318,0.13386310401243348
1781868230.805259,68.58882188796997,make_me_laugh,social_movie,social,1973,1,0.4765057353157046,0.3773743590984473,0.42694004720707596,1,0,0.5467532813549042,0.6721316039562226,-0.014468607684789272,0.3027729998356457,2.296109885056781,0.5484429150819778,0.6962613463401794,0.002942806323502359,0.002558925607348361,0.03062883445223822,0.13309665213805347
1781868230.8394299,68.62299275398254,make_me_laugh,social_movie,social,1974,1,0.4622603719203579,0.37970713183177496,0.4209837518760664,1,0,0.5461818218231201,0.6724340796470643,-0.016971032326244563,0.3008795498745964,1.5346327951281868,0.5483947992324829,0.6987431347370148,0.0024822547777452425,0.0004605515457571166,0.0029878750446365723,0.13326766718284316
1781868230.873559,68.65712189674377,make_me_laugh,social_movie,social,1975,1,0.44980979229600915,0.36866212039317153,0.4092359563445903,1,0,0.5460850536823273,0.6718446493148804,-0.016449529626125215,0.29749485946912996,1.5729360623894264,0.5484789311885834,0.7000221908092499,0.0012818200427356372,0.0012004347350096053,0.0010104803410802914,0.13342348094081452
1781868230.909442,68.69300484657288,make_me_laugh,social_movie,social,1976,1,0.4419637398230874,0.35765092620262645,0.3998073330128569,1,0,0.5453692913055419,0.671701717376709,-0.023776996491788008,0.2967528603978312,1.9833705159529682,0.5485126376152039,0.7005067467689514,0.00048572687930338034,0.0007960931634322569,0.008210487240150464,0.13338543495984279
1781868230.9421818,68.72574472427368,make_me_laugh,social_movie,social,1977,1,0.4413876739297417,0.3073836885888097,0.37438568125927574,1,0,0.5457249552011489,0.6712802588939667,-0.02031542719887926,0.29236529178593806,1.1036896064326884,0.5482564121484756,0.7006078362464905,0.0002754461331534896,0.00021028074614989076,0.020552274563553217,0.13505525071944624
1781868230.980861,68.76442384719849,make_me_laugh,social_movie,social,1978,1,0.41818846005869614,0.19440025957799278,0.30629435981834446,1,0,0.545322859287262,0.6722669661045075,-0.02562891229383418,0.2913460390503331,0.29341791928375205,0.5478895306587219,0.7001299858093262,0.0006024475643755481,0.00032700143122205854,0.06896512747351308,0.1417288848487764
1781868231.0122602,68.795823097229,make_me_laugh,social_movie,social,1979,1,0.3876617214478435,0.14116706709173427,0.26441439426978885,1,0,0.5451316386461258,0.6739714205265045,-0.02673050384606265,0.2918022211361852,1.3572723523846022,0.5480947345495224,0.6999412477016449,0.0002788022777718325,0.00032364528660371565,0.0237278897339141,0.14854294496746878
1781868231.046134,68.82969689369202,make_me_laugh,social_movie,social,1980,1,0.3607142141377396,0.1663196545741406,0.2635169343559401,1,0,0.5440710663795472,0.6744825839996338,-0.020619283861889808,0.29632753353527974,0.7970742546899977,0.5478955805301666,0.6984362006187439,0.0015181663430515026,0.00123936406527967,0.043788244754765074,0.15053562839076026
1781868231.079498,68.86306095123291,make_me_laugh,social_movie,social,1981,1,0.3782063733881096,0.213111479367492,0.2956589263778008,1,0,0.5454775333404541,0.6720718026161194,-0.025156697213940694,0.2913233171124081,0.8837489075463486,0.5477904081344604,0.7006145715713501,0.0021809083520352305,0.0006627420089837278,0.044228223891628594,0.14463432084144537
1781868231.1151512,68.89871406555176,make_me_laugh,social_movie,social,1982,1,0.39437253973848124,0.30386423971313303,0.3491183897258071,1,0,0.5456909626722336,0.6710753262042999,-0.019465226230353384,0.2926006205113559,2.0175035317511893,0.5482809841632843,0.6997958719730377,0.0009544285580039139,0.0012264797940313165,0.016368481743371962,0.14098274895863408
1781868231.149162,68.93272495269775,make_me_laugh,social_movie,social,1983,1,0.4175197367966612,0.28960301087175744,0.3535613738342093,1,0,0.5459931790828705,0.6700188517570496,-0.020983781766870123,0.29376625438902615,1.9095499362466866,0.5484843254089355,0.7002762854099274,0.0005216749299392527,0.0004327536280646612,0.02997328451902448,0.13942407335751653
1781868231.183966,68.96752882003784,make_me_laugh,social_movie,social,1984,1,0.4076354642887184,0.3068423464087508,0.3572389053487346,1,0,0.5457147091627121,0.6699277102947234,-0.015446964570677605,0.2954647734771681,1.8625759565729454,0.5484643876552582,0.6984349191188812,0.001841474227846463,0.0013197992979072102,0.013099647488841166,0.1394294464041653
1781868231.2175071,69.00107002258301,make_me_laugh,social_movie,social,1985,1,0.43086600058693064,0.28188321720988363,0.3563746088984071,1,0,0.5459804236888885,0.6702281534671783,-0.016210934040810768,0.2911801727935601,1.4726109900669162,0.5486606359481812,0.6996662318706512,0.0012468538347162586,0.0005946203931302043,0.004955493813249955,0.13790643467568514
1781868231.252586,69.0361487865448,make_me_laugh,social_movie,social,1986,1,0.4404205910984289,0.30588784404363206,0.3731542175710305,1,0,0.545872649550438,0.6699011147022247,-0.022196991210142774,0.29026329915014126,1.8737060910576964,0.5488861203193665,0.6988060474395752,0.0008892471293821863,0.0003576067053340723,0.013756639401962473,0.13624902899038607
1781868231.2863722,69.06993508338928,make_me_laugh,social_movie,social,1987,1,0.44682517310323816,0.2966492970938537,0.37173723509854595,1,0,0.5459037601947785,0.6697737336158753,-0.023696367921337263,0.2967343580181494,1.4773765148927562,0.5499220192432404,0.694954127073288,0.0039887814039755885,0.003099534274593402,0.08286395695159932,0.13805817534776121
1781868231.322231,69.1057939529419,make_me_laugh,social_movie,social,1988,1,0.47076366142111065,0.33992189165460374,0.4053427765378572,1,0,0.5459353446960449,0.6702473878860473,-0.014420232542963794,0.29454826568167203,1.7336159588228415,0.5487693101167679,0.6940174400806427,0.001485301603191675,0.0025034798007839134,0.06958513922705886,0.13735541660793285
1781868231.356415,69.13997793197632,make_me_laugh,social_movie,social,1989,1,0.4762988311384351,0.3434876455026935,0.4098932383205643,1,0,0.5451945096254349,0.6698545992374421,-0.019846438919509345,0.29662431302809006,1.9506731823804961,0.549058347940445,0.6951337456703186,0.001153117961466926,0.0003321836417247491,0.06734627323787026,0.1360387419280033
1781868231.391242,69.17480492591858,make_me_laugh,social_movie,social,1990,1,0.4550814437796603,0.34702612785312614,0.4010537858163932,1,0,0.5455550134181977,0.6704650044441223,-0.020986819537348315,0.2939934340296986,2.005992834210007,0.5492743253707886,0.6960629224777222,0.0009539474775030947,0.00019917048396383128,0.09650943503582306,0.1358250612003338
1781868231.42398,69.20754289627075,make_me_laugh,social_movie,social,1991,1,0.4335467618183616,0.3424311193001229,0.38798894055924227,1,0,0.5461518555879593,0.670483386516571,-0.014302982972106868,0.29169242010447805,1.8739861657648926,0.5494290292263031,0.6971980631351471,0.0011456341453754573,0.0001916866678723626,0.10251189800681787,0.136248146358577
1781868231.459866,69.24342894554138,make_me_laugh,social_movie,social,1992,1,0.45391124170503533,0.3502581622025251,0.4020847019537802,1,0,0.5469895243644715,0.6708527624607086,-0.014828540257501188,0.29130113974413135,1.9558657165367026,0.549487441778183,0.6981231570243835,0.000926936206068002,0.00021869793930745529,0.07405943186987131,0.13581010113059047
1781868231.4933288,69.27689170837402,make_me_laugh,social_movie,social,1993,1,0.44052260038211255,0.3486334058533063,0.3945780031177094,1,0,0.5467242389917373,0.6703957080841065,-0.02644421752702745,0.2896266552204314,2.3432749819472223,0.5507693439722061,0.7002162933349609,0.002454484232929366,0.0015275480268613641,0.036538400682354616,0.13620889860257934
1781868231.526798,69.3103609085083,make_me_laugh,social_movie,social,1994,1,0.4387662747404981,0.3397967336916888,0.3892815042160934,1,0,0.5471394181251525,0.6700683593750001,-0.014141771681470275,0.2909235744645995,1.8527464506376978,0.5493499785661697,0.6987855732440948,0.002015330775396604,0.00043915345753276196,0.07796704951023124,0.13393578547283244
1781868231.5639381,69.347501039505,make_me_laugh,social_movie,social,1995,1,0.44722685444071575,0.34684487009253895,0.39703586226662735,1,0,0.5469642251729965,0.669342988729477,-0.02133772678130835,0.29273642971206393,2.1421323711920786,0.5506414771080017,0.6980776786804199,0.0014727807701197828,0.0005425500052768214,0.015562354516426711,0.13571168286572557
1781868231.595007,69.37856984138489,make_me_laugh,social_movie,social,1996,1,0.4428310184937132,0.32983056220065204,0.38633079034718265,1,0,0.5481041252613068,0.6687727808952332,-0.013865375068916613,0.2891258852062256,2.7593496116077403,0.5494070202112198,0.6990366876125336,0.001563196072758056,9.041530263827332e-05,0.07109269893332519,0.13453342360855383
1781868231.630047,69.41360998153687,make_me_laugh,social_movie,social,1997,1,0.42267785188457085,0.36911786308026157,0.39589785748241624,1,0,0.5474221765995027,0.6697621524333954,-0.012207595413335656,0.28867223944258513,2.3098947161969274,0.5501797795295715,0.698531448841095,0.0009232676644745222,0.0006399284082835338,0.015901999559843824,0.1353691577593591
1781868231.6649878,69.44855070114136,make_me_laugh,social_movie,social,1998,1,0.42238287546046754,0.35723677915881485,0.3898098273096412,1,0,0.5475404441356659,0.6698019444942475,-0.019744769366136214,0.28779928264691607,2.3310401715931945,0.5507370829582214,0.6987206339836121,0.000588538978942048,0.0003347286855324743,0.020707167576737632,0.1336552126851181
1781868231.700284,69.48384690284729,make_me_laugh,social_movie,social,1999,1,0.45101469957304496,0.3572503346637644,0.4041325171184047,1,0,0.5476591289043427,0.6692528069019318,-0.01736192166935815,0.2846930347107401,2.568260727928597,0.5505405962467194,0.6994668841362,0.0007716840791634552,0.00018314510022140725,0.018360593458941078,0.13264943086126277
1781868231.7330601,69.51662302017212,make_me_laugh,social_movie,social,2000,1,0.4254655176277311,0.3728308561512263,0.39914818688947873,1,0,0.5474565416574478,0.6695896327495574,-0.015218945863319431,0.2835594202487444,2.3683145278660627,0.5501929372549057,0.6999404728412628,0.0005874972648038566,0.00018418681435959866,0.044522362185507605,0.13486343422536368
1781868231.768951,69.55251383781433,make_me_laugh,social_movie,social,2001,1,0.42426363110520654,0.3670504565324497,0.39565704381882816,1,0,0.5473625868558883,0.6680828869342803,-0.013674041622568304,0.2864621486514482,2.3080110266825775,0.5498057156801224,0.6980029940605164,0.0019757946689422127,0.0013882974041383562,0.02550667568217246,0.1343381936089525
1781868231.8030348,69.58659768104553,make_me_laugh,social_movie,social,2002,1,0.4285732913836077,0.35428741489432136,0.39143035313896457,1,0,0.5480046749114991,0.6681549489498139,-0.014004866591246397,0.2869179892202773,2.590637635167337,0.5495020002126694,0.6981330811977386,0.0003304024038061573,0.0016453922651360553,0.005638070303069306,0.13317020750678749
1781868231.8378081,69.6213710308075,make_me_laugh,social_movie,social,2003,1,0.4335966073778689,0.3651402050540747,0.3993684062159718,1,0,0.5476241618394851,0.6676514804363252,-0.019911023736470742,0.2934805122633401,2.5035709000919626,0.5508991181850433,0.6956152319908142,0.0028794970494064333,0.002549094645600276,0.01797984353640654,0.13309226680805128
1781868231.872888,69.65645098686218,make_me_laugh,social_movie,social,2004,1,0.4234686190023625,0.3764718333878172,0.3999702261950898,1,0,0.5481896519660949,0.6681896865367889,-0.007309168099843155,0.2850799447242114,2.724268001073344,0.5493670552968979,0.6996248364448547,0.004292335561334203,0.0014128385119277693,0.007634519983027612,0.12884272259908852
