timestamp,elapsed_time,stimulus_id,stimulus_type,paper_category,frame_index,face_detected,left_ear,right_ear,avg_ear,eye_open,blink_state,gaze_x,gaze_y,yaw_proxy,pitch_proxy,roll_proxy_deg,head_center_x,head_center_y,head_movement,head_acceleration,mouth_open,eyebrow_signal
1781868475.312982,9.700463056564331,dog_in_grass,nonsocial_movie,non_social,264,1,0.28973539222743916,0.33632598436723377,0.3130306882973365,1,0,0.47202390134334565,0.6601809740066529,0.27916913479094363,0.35002707976784786,10.449112618723651,0.4538228213787079,0.656845360994339,0.0,0.0,0.0004522193782851939,0.12980815148610206
1781868475.3471382,9.734619140625,dog_in_grass,nonsocial_movie,non_social,265,1,0.24302308884662835,0.3680252502875728,0.3055241695671006,1,0,0.4765819162130356,0.6568049550056457,0.25444743434484723,0.3634133309761573,10.822736875800722,0.4551929533481598,0.6521972715854645,0.004845822609898712,0.004845822609898712,0.0003459108810543753,0.11931850105509034
1781868475.38148,9.768960952758789,dog_in_grass,nonsocial_movie,non_social,266,1,0.23625634100913495,0.3357520517565351,0.28600419638283503,1,0,0.4724996745586395,0.6587328851222991,0.27010974501782176,0.35498274821743697,8.31915891740407,0.453817218542099,0.6512171626091003,0.0016891595135323,0.003156663096366412,0.0008406411442476155,0.12734394492393644
1781868475.417006,9.804486989974976,dog_in_grass,nonsocial_movie,non_social,267,1,0.2682298951177409,0.39460212214002044,0.33141600862888065,1,0,0.4724205732345581,0.6557650744915009,0.2614737831217711,0.3434326323317676,12.627444716604739,0.4532874673604965,0.6533437073230743,0.0021915357024105218,0.0005023761888782218,0.0015423826744434628,0.11904318117886703
1781868475.450874,9.83835506439209,dog_in_grass,nonsocial_movie,non_social,268,1,0.2862503712064322,0.39955269662679815,0.34290153391661515,1,0,0.47192720174789426,0.6508133113384247,0.26480344830545366,0.3491550690019571,10.390876032727357,0.4532233476638794,0.6486097276210785,0.004734413918786885,0.002542878216376363,0.0005205377504841499,0.10960331384692854
1781868475.484189,9.871670007705688,dog_in_grass,nonsocial_movie,non_social,269,1,0.22434853620501885,0.40983839655403204,0.31709346637952546,1,0,0.47199863493442534,0.6512052953243255,0.26035023739005136,0.3616490931201444,11.413596246270114,0.4527413994073868,0.6470590829849243,0.001623814308832751,0.003110599609954134,0.00107462634909675,0.11486468765916116
1781868475.5199869,9.90746784210205,dog_in_grass,nonsocial_movie,non_social,270,1,0.22479621395337368,0.35202744793027557,0.28841183094182465,1,0,0.47093594670295713,0.6539813458919526,0.26737140758897654,0.34645353881928925,8.36515010040012,0.4520775377750397,0.6504760384559631,0.003480847160960199,0.0018570328521274482,0.0010041676816955117,0.12984429080171492
1781868475.55337,9.940850973129272,dog_in_grass,nonsocial_movie,non_social,271,1,0.2011479451341251,0.3318933225662575,0.2665206338501913,1,0,0.4707112520933151,0.6558973729610443,0.26528511115705905,0.3397688131074229,8.636414182470212,0.4515973627567291,0.6525668203830719,0.0021452126036675652,0.001335634557292634,0.0009977552572346135,0.13982294018586133
1781868475.588264,9.97574496269226,dog_in_grass,nonsocial_movie,non_social,272,1,0.18114402496274692,0.3427975691065331,0.26197079703464,1,0,0.4752233743667602,0.6593538820743561,0.25575648026895326,0.3372144020778541,14.232288741600353,0.4519363194704056,0.6521423161029816,0.0005432269668944572,0.001601985636773108,0.0013251940852009138,0.1478696757082747
1781868475.625128,10.012609004974365,dog_in_grass,nonsocial_movie,non_social,273,1,0.22496890012036944,0.3597921061807487,0.2923805031505591,1,0,0.4697158485651016,0.6519754886627197,0.2684054590531659,0.34797297760868595,8.788617871956863,0.4521653354167938,0.6501133143901825,0.00204188546550527,0.0014986584986108127,0.0004483857124168427,0.1289965632472146
1781868475.657435,10.044915914535522,dog_in_grass,nonsocial_movie,non_social,274,1,0.2213756619639934,0.346815617800725,0.2840956398823592,1,0,0.4704833835363388,0.6513261795043945,0.27154487290295715,0.3412789639756435,10.403664493432846,0.45122748613357544,0.648530900478363,0.0018394551003906008,0.00020243036511466916,0.0009062559709281092,0.1272750022271194
1781868475.691605,10.079086065292358,dog_in_grass,nonsocial_movie,non_social,275,1,0.3121010200625176,0.4472675568856626,0.3796842884740901,1,0,0.469767764210701,0.6485824704170227,0.2767254616379755,0.3451974237990807,8.819316463451223,0.45091675221920013,0.6477649509906769,0.0008265798105625894,0.0010128752898280113,0.0005473052205543887,0.11559790240329278
1781868475.7274308,10.114911794662476,dog_in_grass,nonsocial_movie,non_social,276,1,0.2573437855017073,0.5265865826029086,0.39196518405230796,1,0,0.47180192172527313,0.6489272952079773,0.2833583366032096,0.33406617637294156,9.525256637120608,0.4501122236251831,0.6470164954662323,0.001098841176268267,0.00027226136570567764,0.00036308625926197375,0.1157428117391802
1781868475.760299,10.147779941558838,dog_in_grass,nonsocial_movie,non_social,277,1,0.3292560270585471,0.349122929557294,0.33918947830792057,1,0,0.4702610284090042,0.6426993131637573,0.25623498170158143,0.33078147766094784,15.172490294287453,0.4511796236038208,0.6426735818386078,0.0044721629544776705,0.0033733217782094035,0.0005960045392539327,0.11819039315617354
1781868475.795147,10.18262791633606,dog_in_grass,nonsocial_movie,non_social,278,1,0.3712628228991296,0.5705308596795349,0.47089684128933224,1,0,0.4692964792251587,0.6353983104228973,0.2504145054363595,0.3308894931392362,12.336718239744064,0.4514806866645813,0.6397731900215149,0.002915975250103112,0.0015561877043745584,0.0011264133400461388,0.10260111058297089
1781868475.831715,10.219196081161499,dog_in_grass,nonsocial_movie,non_social,279,1,0.46854505204165925,0.5181373671538315,0.4933412095977454,1,0,0.4698032081127167,0.631117331981659,0.22459140832051336,0.3206657419243462,14.760561267062311,0.45132988691329956,0.6376942992210388,0.0020843530231922534,0.0008316222269108588,0.0006908302474911806,0.10575629385611855
1781868475.864059,10.251539945602417,dog_in_grass,nonsocial_movie,non_social,280,1,0.4404557738502753,0.5459035325950518,0.49317965322266355,1,0,0.4689978152513504,0.623996341228485,0.22463776828061224,0.3124711527906574,15.514174923727976,0.45062156021595,0.6355255544185638,0.0022814865172602577,0.00019713349406800433,0.00030385470680465993,0.10218581458117779
1781868475.898479,10.285959959030151,dog_in_grass,nonsocial_movie,non_social,281,1,0.4573770910420191,0.5245381939493388,0.49095764249567897,1,0,0.46770983934402466,0.6215739965438842,0.20316762879121095,0.29939397545991414,18.021851076681,0.4511954188346863,0.6350222229957581,0.0007633192225285522,0.0015181672947317056,0.0008322768804305828,0.10978166140842496
1781868475.933156,10.320636987686157,dog_in_grass,nonsocial_movie,non_social,282,1,0.46413250443243337,0.48183746083283424,0.4729849826326338,1,0,0.4671382993459702,0.6203954160213471,0.19269521748201066,0.29398745272977966,20.352086793784604,0.45109181106090546,0.6312213838100433,0.003802251055158295,0.003038931832629743,0.00031250563372208265,0.12148247581431634
1781868475.967183,10.354664087295532,dog_in_grass,nonsocial_movie,non_social,283,1,0.4471960777148463,0.4800167111310656,0.4636063944229559,1,0,0.4660246670246124,0.6191788733005523,0.1824468432670748,0.27670475590849264,17.543452798539317,0.4510481357574463,0.6322962045669556,0.0010757077631130272,0.002726543292045268,0.000388516661739618,0.12567242143397858
1781868476.000315,10.38779592514038,dog_in_grass,nonsocial_movie,non_social,284,1,0.44357706103256683,0.4823765001017455,0.4629767805671562,1,0,0.4672123819589615,0.617529147863388,0.18352195526397477,0.2813345810780637,19.115036278731548,0.4509192705154419,0.6323868930339813,0.00015757743698998584,0.0009181303261230413,0.0003939364176964097,0.12698110607950236
1781868476.0360188,10.423499822616577,dog_in_grass,nonsocial_movie,non_social,285,1,0.47508281666085567,0.4784615038311348,0.4767721602459952,1,0,0.46723571121692653,0.6158567726612092,0.18291687385317096,0.2832915885572395,19.442138904578353,0.4508070796728134,0.6312118768692017,0.0011803600182415518,0.001022782581251566,0.00033627431379377825,0.12357023106054144
1781868476.0715399,10.459020853042603,dog_in_grass,nonsocial_movie,non_social,286,1,0.5037613830674406,0.4641555423603284,0.4839584627138845,1,0,0.4671810895204544,0.6162282466888427,0.18777956179150923,0.2802832438195163,19.151479663902954,0.4506866931915283,0.6329617202281952,0.0017539796708884534,0.0005736196526469016,0.001292364533352389,0.12414718734409608
1781868476.104651,10.49213194847107,dog_in_grass,nonsocial_movie,non_social,287,1,0.3944059640954553,0.35755233064961545,0.37597914737253535,1,0,0.46833055913448335,0.6204765498638153,0.20830676679349028,0.2727681664456659,19.115397085159604,0.4496101289987564,0.6354152858257294,0.0026793608571004193,0.0009253811862119658,0.0009345924675221912,0.14889233799929852
1781868476.13961,10.527091026306152,dog_in_grass,nonsocial_movie,non_social,288,1,0.2972282442943756,0.3146962885418654,0.3059622664181205,1,0,0.4693859964609146,0.6251068234443664,0.22270531115306358,0.26254311174150025,19.840821740549977,0.44916024804115295,0.6379938721656799,0.0026175370844734626,6.182377262695668e-05,0.0010749198199580985,0.16039302285327978
1781868476.17472,10.562201023101807,dog_in_grass,nonsocial_movie,non_social,289,1,0.21413733142693905,0.4281994260829411,0.3211683787549401,1,0,0.4688942492008209,0.6267070472240448,0.21836142810289594,0.27153722462042645,19.43525138416598,0.4499601721763611,0.6355355083942413,0.002585233268935375,3.23038155380876e-05,0.00099282463798354,0.15799949414493517
1781868476.2079968,10.595477819442749,dog_in_grass,nonsocial_movie,non_social,290,1,0.26821988578259703,0.39399485053500066,0.3311073681587988,1,0,0.47129483222961427,0.6297421932220459,0.23620947306571444,0.2711284606334026,17.92706101377341,0.4501505643129349,0.6384186446666718,0.002889415845992596,0.0003041825770572211,0.0012801564965142732,0.14850782959801162
1781868476.2422578,10.629738807678223,dog_in_grass,nonsocial_movie,non_social,291,1,0.2998622974315297,0.3147804635392038,0.3073213804853667,1,0,0.47181423008441925,0.6321924328804016,0.2463209034173688,0.272330270998864,15.523746987791322,0.4502154290676117,0.6394268870353699,0.001010326734495965,0.0018790891114966312,0.0004892607331371641,0.1567706472801201
1781868476.278333,10.66581392288208,dog_in_grass,nonsocial_movie,non_social,292,1,0.31333273830650776,0.30948512476226164,0.3114089315343847,1,0,0.4732589155435562,0.6339552581310273,0.24900663908016352,0.27723116495763084,15.91315590254409,0.4507790058851242,0.6403400301933289,0.0010730560358922726,6.272930139630773e-05,0.0011126890189872096,0.15295132057502034
1781868476.310741,10.698221921920776,dog_in_grass,nonsocial_movie,non_social,293,1,0.25664828326720596,0.31076908539553155,0.28370868433136875,1,0,0.4725613802671432,0.6371625065803528,0.2767244975163643,0.26461984072154626,16.46938613816287,0.4502130001783371,0.6429797410964966,0.002699710375654792,0.0016266543397625195,0.001169956789546215,0.15833812955775226
1781868476.34763,10.735110998153687,dog_in_grass,nonsocial_movie,non_social,294,1,0.2044086816400175,0.2720571367275028,0.23823290918376017,1,0,0.47448696494102477,0.6396632254123689,0.2586644902953035,0.2772680580252079,18.283747679146554,0.45059461891651154,0.6433751583099365,0.0005495340153352282,0.002150176360319564,0.0009539064654445597,0.1623840958562001
1781868476.379072,10.766552925109863,dog_in_grass,nonsocial_movie,non_social,295,1,0.1696530007221193,0.3923420543265282,0.2809975275243237,1,0,0.47531595826148987,0.6414243936538696,0.2680919741136711,0.27796099624312653,17.345330566781225,0.4504028260707855,0.6433811783790588,0.00019188730261254842,0.00035764671272267974,0.0019475056035594166,0.16047946912641275
1781868476.415811,10.803292036056519,dog_in_grass,nonsocial_movie,non_social,296,1,0.2672136387843195,0.32264802210009924,0.29493083044220936,1,0,0.4753028690814972,0.642065292596817,0.275007919644794,0.2893479773489863,15.494710958689272,0.4511772096157074,0.6437554061412811,0.0008600676093561903,0.000668180306743642,0.0009309740942204581,0.15482543810542193
1781868476.448711,10.836191892623901,dog_in_grass,nonsocial_movie,non_social,297,1,0.24768768191805124,0.23868582602697713,0.24318675397251419,1,0,0.4698113054037094,0.6402144968509673,0.2717178406915655,0.2873993438694711,11.86772091309125,0.45109985768795013,0.6449039578437805,0.0011511534797940765,0.0002910858704378861,0.0006302931621527699,0.1530429328988587
1781868476.483883,10.871363878250122,dog_in_grass,nonsocial_movie,non_social,298,1,0.19726574313290002,0.22136384854273905,0.20931479583781953,1,0,0.47455551326274875,0.6430420935153961,0.27393033561300273,0.28212343739016027,13.922637444793773,0.4516136348247528,0.6463695466518402,0.001553034932192764,0.0004018814523986875,0.0022456341292061673,0.1546418518704448
1781868476.5187058,10.906186819076538,dog_in_grass,nonsocial_movie,non_social,299,1,0.22581426083325926,0.33990851932119537,0.2828613900772273,1,0,0.4735248118638993,0.6423993945121765,0.2815201065049452,0.28719408724843737,9.856290735700636,0.4514206796884537,0.6464495062828064,0.00020886652965103298,0.001344168402541731,0.004435807398446065,0.14430004075358638
1781868476.5531251,10.940606117248535,dog_in_grass,nonsocial_movie,non_social,300,1,0.21649965299654633,0.3431075949673383,0.2798036239819423,1,0,0.4738614946603775,0.6431498467922211,0.27742617659056834,0.30054680997239464,11.99702874650211,0.45219987630844116,0.6468996405601501,0.0008998712353663192,0.0006910047057152862,0.0012142874501256278,0.1545357584936486
1781868476.586257,10.973737955093384,dog_in_grass,nonsocial_movie,non_social,301,1,0.23618978047354836,0.28995511228845794,0.26307244638100313,1,0,0.476683247089386,0.6452996730804443,0.26803283856308885,0.2962800182985745,13.1123966867045,0.4526059478521347,0.6465021073818207,0.0005682664220859658,0.00033160481328035343,0.0020890637608754316,0.15270611016327051
1781868476.622608,11.010088920593262,dog_in_grass,nonsocial_movie,non_social,302,1,0.17000100112523278,0.3289534994799136,0.24947725030257317,1,0,0.47726315855979917,0.6460200726985932,0.2813870997911788,0.29280019148015957,16.224747512131096,0.4524767994880676,0.6466065645217896,0.00016610416620807246,0.0004021622558778933,0.002727136055020953,0.15426942385625278
1781868476.654569,11.042049884796143,dog_in_grass,nonsocial_movie,non_social,303,1,0.12039518472907693,0.3419755803028088,0.23118538251594284,1,0,0.47730875611305235,0.647309297323227,0.2765903117457492,0.2977868189495548,16.02397096550387,0.452141597867012,0.646384209394455,0.0004022461055253213,0.00023614193931724886,0.0024065345299729393,0.16072748040562443
1781868476.690188,11.077668905258179,dog_in_grass,nonsocial_movie,non_social,304,1,0.13666576875455383,0.28013051134195444,0.20839814004825413,1,0,0.472869411110878,0.6427684903144837,0.2899630768921446,0.2993186355610997,10.571278485372416,0.4520333409309387,0.6468645632266998,0.0004924016331820143,9.015552765669294e-05,0.006601365582547712,0.1505886760055212
1781868476.724884,11.112365007400513,dog_in_grass,nonsocial_movie,non_social,305,1,0.27642958169129356,0.3270242796926075,0.30172693069195056,1,0,0.4723356932401657,0.6410621643066406,0.27961372063317275,0.3046599244532619,6.6966051150191745,0.4522189199924469,0.646268218755722,0.0006245528929850765,0.00013215125980306226,0.002961575939585466,0.1344879331954065
1781868476.75947,11.146950960159302,dog_in_grass,nonsocial_movie,non_social,306,1,0.1955151746137955,0.34997422868340405,0.27274470164859976,1,0,0.4728457391262054,0.6408865571022033,0.2598643814585382,0.31264370691973803,7.4931791706024375,0.4536082148551941,0.6444703638553619,0.0022720964896774504,0.001647543596692374,0.0008209493290231162,0.132732272273232
1781868476.793613,11.18109393119812,dog_in_grass,nonsocial_movie,non_social,307,1,0.1999692502035886,0.3066578748613911,0.2533135625324899,1,0,0.4721144258975983,0.6425324440002442,0.2649320524400696,0.30913582029080794,6.586726805624869,0.4525638520717621,0.6438933908939362,0.001193143504208226,0.0010789529854692244,0.0010676509517511907,0.1334221333575886
1781868476.831578,11.219058990478516,dog_in_grass,nonsocial_movie,non_social,308,1,0.15218572170485334,0.3661676352361476,0.25917667847050047,1,0,0.4714253216981888,0.6416383683681488,0.26864448503530525,0.3143251553134346,8.439474336230926,0.45249274373054504,0.644209235906601,0.0003237506265876,0.000869392877620626,0.0019946213524456797,0.13383201575207299
1781868476.862575,11.250056028366089,dog_in_grass,nonsocial_movie,non_social,309,1,0.20982966994697125,0.4062095606696649,0.30801961530831806,1,0,0.4721607655286789,0.6435432791709901,0.2820947243541897,0.31719788232281876,6.268878960439415,0.45250068604946136,0.6437591016292572,0.0004502043403495224,0.0001264537137619224,0.004208647007413714,0.13463051042138705
1781868476.8970082,11.284489154815674,dog_in_grass,nonsocial_movie,non_social,310,1,0.13911352083704617,0.3577825083953214,0.24844801461618377,1,0,0.4709677994251251,0.642448365688324,0.25999326063893874,0.32047531749294855,8.234709084873357,0.4523746222257614,0.6449415981769562,0.0011891972809277044,0.000738992940578182,0.004605453029320527,0.13994740500851102
1781868476.930767,11.31824803352356,dog_in_grass,nonsocial_movie,non_social,311,1,0.18608268619101317,0.3307848529574308,0.258433769574222,1,0,0.4726546376943588,0.647247064113617,0.27715296244645987,0.3165472425178985,10.24390749339929,0.4516545683145523,0.6470320522785187,0.0022109898203716387,0.0010217925394439343,0.003018421107800912,0.14691366879409837
1781868476.966018,11.353498935699463,dog_in_grass,nonsocial_movie,non_social,312,1,0.17974161112393583,0.38089026102939383,0.28031593607666483,1,0,0.4745308130979538,0.6479013919830322,0.2842882443979118,0.3208261248363633,7.607996298607088,0.4522242248058319,0.6455752849578857,0.0015641865440288913,0.0006468032763427473,0.0023020491909047434,0.14503798701706072
1781868476.999886,11.387367010116577,dog_in_grass,nonsocial_movie,non_social,313,1,0.15869999443360003,0.32455605610053717,0.2416280252670686,1,0,0.47225034832954405,0.644320160150528,0.26384331861886623,0.3316492920288606,8.04497195335484,0.4525517076253891,0.6433818340301514,0.0022177628298544272,0.0006535762858255359,0.0014276432090338338,0.13700600228334642
1781868477.0352042,11.422685146331787,dog_in_grass,nonsocial_movie,non_social,314,1,0.2037658284709787,0.29936469270348565,0.25156526058723216,1,0,0.4711377024650574,0.6439639985561371,0.26029793188668143,0.3205342681386955,11.692119541334042,0.45280398428440094,0.6434689164161682,0.0002668835975412568,0.0019508792323131704,0.002938243518009267,0.13713777959532328
1781868477.070341,11.45782208442688,dog_in_grass,nonsocial_movie,non_social,315,1,0.15887289489947645,0.2462784866665409,0.2025756907830087,1,0,0.4716927140951157,0.6422930002212525,0.26966091634391653,0.31982439222269105,8.306107564798152,0.4519895911216736,0.6431343853473663,0.0008804244768807792,0.0006135408793395224,0.0005747969915346685,0.13641885356837377
1781868477.103499,11.49097990989685,dog_in_grass,nonsocial_movie,non_social,316,1,0.1905589359290619,0.3709690913860173,0.2807640136575396,1,0,0.47226728200912477,0.6442998766899108,0.2618920636863253,0.30844252468336986,9.153088864792894,0.45280981063842773,0.6468406021595001,0.0037958929271263114,0.0029154684502455323,0.001254011136036739,0.1411280559700853
1781868477.137687,11.52516794204712,dog_in_grass,nonsocial_movie,non_social,317,1,0.15080373384675685,0.3136296228255957,0.23221667833617626,1,0,0.4705087453126907,0.644234424829483,0.27044012545815777,0.3168824359088253,8.91244442664679,0.4522295594215393,0.6457317471504211,0.0012514994629883166,0.002544393464137995,0.0024259446744788883,0.14205802269154272
1781868477.1729972,11.560478210449219,dog_in_grass,nonsocial_movie,non_social,318,1,0.1429402864580721,0.2995559317305448,0.22124810909430845,1,0,0.4714804977178574,0.6445755183696746,0.27299281449032786,0.3120693956389566,11.212640065643274,0.45184580981731415,0.6462726593017578,0.0006632116662172269,0.0005882877967710897,0.002223851182476214,0.14625112281346567
1781868477.2071848,11.594665765762329,dog_in_grass,nonsocial_movie,non_social,319,1,0.18512555309491965,0.31640859720433473,0.2507670751496272,1,0,0.4723806262016297,0.6449919462203979,0.27216405714366554,0.3113942017240478,9.05692825408961,0.45188671350479126,0.6464802622795105,0.00021159420601946378,0.0004516174601977631,0.0014387465061450751,0.14395213325161157
1781868477.241469,11.628949880599976,dog_in_grass,nonsocial_movie,non_social,320,1,0.11551115054899495,0.31104022612587834,0.21327568833743665,1,0,0.47150503695011137,0.6446280181407928,0.2599699270818657,0.3228432581828322,9.058151928560578,0.45177696645259857,0.6450871825218201,0.001397396016436218,0.0011858018104167543,0.0013435784420237692,0.14388144306472087
1781868477.2768111,11.664292097091675,dog_in_grass,nonsocial_movie,non_social,321,1,0.15181770873028272,0.3626384729569774,0.2572280908436301,1,0,0.4721004247665405,0.6455622375011444,0.26486710846916733,0.31602868575109877,11.416800246725245,0.4517301619052887,0.6461270153522491,0.0010408856713813618,0.0003565103450548562,0.0068341819162680666,0.1384826223924226
1781868477.3107772,11.6982581615448,dog_in_grass,nonsocial_movie,non_social,322,1,0.18062656418628228,0.3489682342987959,0.2647973992425391,1,0,0.4724255442619324,0.648016768693924,0.2714603087340594,0.3168209872579436,10.745427380814284,0.4509553164243698,0.6466765403747559,0.0009499280339380565,9.09576374433053e-05,0.002225331475770547,0.14273999206793017
1781868477.344075,11.731555938720703,dog_in_grass,nonsocial_movie,non_social,323,1,0.12530225099378262,0.32996084907218215,0.22763155003298238,1,0,0.47129392325878144,0.6470800459384918,0.2570434405980544,0.31864707644364176,7.927154513021175,0.45146404206752777,0.6475484073162079,0.0010094323868409367,5.950435290288014e-05,0.0022320991444779604,0.14628365848701
1781868477.3786812,11.766162157058716,dog_in_grass,nonsocial_movie,non_social,324,1,0.1513954683582685,0.3979347818592477,0.27466512510875807,1,0,0.47157090306282046,0.6466017007827759,0.25845567142217407,0.32710274614675594,8.540139120565666,0.4508613049983978,0.6464456915855408,0.0012566916714787531,0.00024725928463781646,0.002942511714329142,0.1405671091338167
1781868477.415095,11.802576065063477,dog_in_grass,nonsocial_movie,non_social,325,1,0.19059832364054272,0.43003424256768785,0.3103162831041153,1,0,0.46892948150634767,0.6440450191497802,0.2612895277240787,0.3238650136099708,11.300616237985293,0.4501352906227112,0.6456347107887268,0.001088479088685071,0.00016821258279368207,0.000763678082730907,0.12784531637347846
1781868477.447956,11.835437059402466,dog_in_grass,nonsocial_movie,non_social,326,1,0.15392155223304918,0.37210849754464653,0.26301502488884787,1,0,0.469271320104599,0.646576201915741,0.25566223281763706,0.31774325445976453,7.947966640731432,0.45071248710155487,0.6456677913665771,0.0005781436671109229,0.0005103354215741482,0.0014099403204711615,0.13484100277933034
1781868477.482135,11.869616031646729,dog_in_grass,nonsocial_movie,non_social,327,1,0.18389370060176116,0.36470018246208624,0.2742969415319237,1,0,0.46847451925277706,0.6465448141098022,0.2545238082663252,0.3320264967685097,6.8252516490379564,0.4503493010997772,0.6432923674583435,0.0024030278433041985,0.0018248841761932756,0.0025671388971503233,0.13720726616361456
1781868477.517441,11.904922008514404,dog_in_grass,nonsocial_movie,non_social,328,1,0.1931241100327978,0.35043550394334455,0.2717798069880712,1,0,0.46744915544986726,0.6444597542285919,0.2481014792547345,0.33657369766698464,10.474833328758614,0.45022672414779663,0.6422462463378906,0.0010532779822128833,0.0013497498610913151,0.0011800237417819157,0.12942916544380037
1781868477.5508008,11.938281774520874,dog_in_grass,nonsocial_movie,non_social,329,1,0.17004507743682098,0.2880185981196198,0.2290318377782204,1,0,0.4670320302248001,0.6447145223617554,0.268112296403236,0.3186705032295568,7.3503765529190925,0.44932296872138977,0.6462446749210358,0.004099293232408718,0.0030460152501958345,0.002650458667862135,0.13256531962045753
1781868477.585548,11.973028898239136,dog_in_grass,nonsocial_movie,non_social,330,1,0.14708265494311873,0.37726251892347057,0.26217258693329465,1,0,0.46639629900455476,0.6456508696079254,0.2615363262304311,0.31182699054822116,6.963068826761257,0.4496510773897171,0.6465274691581726,0.00043316033843063544,0.0036661328939780824,0.0010065144845544764,0.13614841614776893
1781868477.6193259,12.00680685043335,dog_in_grass,nonsocial_movie,non_social,331,1,0.16826186283044964,0.4068250789504119,0.28754347089043075,1,0,0.46734913885593415,0.6462785065174103,0.2557159380958809,0.32222225573081004,6.21431528403003,0.44945818185806274,0.6455230712890625,0.0010227530325572943,0.0005895926941266588,0.0017940656637371304,0.13357505944627351
1781868477.6535208,12.041001796722412,dog_in_grass,nonsocial_movie,non_social,332,1,0.15262232098082895,0.42958323028287987,0.2911027756318544,1,0,0.46882590353488923,0.6460830390453338,0.26368366837853574,0.3244127683930296,8.603885983256777,0.4490402489900589,0.6463369727134705,0.0009149335554078362,0.00010781947714945807,0.0008521112738563032,0.13522380902894712
1781868477.6885881,12.076069116592407,dog_in_grass,nonsocial_movie,non_social,333,1,0.15262447383541816,0.43598367134765226,0.29430407259153524,1,0,0.4684397757053375,0.6447937965393067,0.26416483585684275,0.3207809822595254,7.307070219213213,0.4488535523414612,0.647416889667511,0.001095936250984422,0.0001810026955765859,0.000693528537625188,0.13112387278078086
1781868477.7226932,12.110174179077148,dog_in_grass,nonsocial_movie,non_social,334,1,0.18073162596151657,0.48868476322622667,0.33470819459387163,1,0,0.46663333773612975,0.6447123706340789,0.261013842082841,0.32040405600111377,6.626125639787471,0.44908900558948517,0.6465736925601959,0.000875453935846733,0.0002204823151376891,0.00041138851985643416,0.1281407041867735
1781868477.75773,12.145210981369019,dog_in_grass,nonsocial_movie,non_social,335,1,0.19055285745005263,0.4175972596417808,0.3040750585459167,1,0,0.46741947829723357,0.6466632306575775,0.2746895064162743,0.32051346181374657,6.107555702798997,0.4485826790332794,0.6459269225597382,0.0008213878590600847,5.4066076786648295e-05,0.000657912525198474,0.13644775076129018
1781868477.791296,12.178776979446411,dog_in_grass,nonsocial_movie,non_social,336,1,0.19709098066543515,0.3060174787495591,0.25155422970749713,1,0,0.4671733915805817,0.6439618825912475,0.2555832173829853,0.32684414298699127,7.1401329310427775,0.449045330286026,0.644465446472168,0.0015329574476179867,0.000711569588557902,0.00385862239714185,0.12705621932810826
1781868477.827765,12.215245962142944,dog_in_grass,nonsocial_movie,non_social,337,1,0.2241367731343276,0.2985553295830079,0.26134605135866773,1,0,0.4684305906295776,0.643608170747757,0.26123879970503033,0.33333539236056176,8.055516229635517,0.449517160654068,0.6428169310092926,0.0017147090504064603,0.0001817516027884736,0.0011843660975118298,0.12271770384556027
1781868477.8603241,12.247805118560791,dog_in_grass,nonsocial_movie,non_social,338,1,0.14113175048023413,0.3854922972635794,0.2633120238719068,1,0,0.46845614314079287,0.644398993253708,0.27277094993678164,0.3319101063502275,8.936594175413491,0.44915661215782166,0.6450371444225311,0.002249298294684313,0.0005345892442778525,0.0019257915968800856,0.127064697400724
1781868477.895308,12.2827889919281,dog_in_grass,nonsocial_movie,non_social,339,1,0.25584326357515935,0.26750433805279483,0.26167380081397706,1,0,0.4666416794061661,0.6447901725769043,0.26997972431057027,0.33556013313770156,8.32364593616911,0.4492805004119873,0.6449511647224426,0.00015080055818040306,0.00209849773650391,0.003027081649698361,0.11882570941774383
1781868477.930379,12.317859888076782,dog_in_grass,nonsocial_movie,non_social,340,1,0.2249506292529191,0.3953526719850308,0.310151650618975,1,0,0.4652678668498993,0.6461136639118195,0.2665164316193261,0.3503835141263513,7.667493728881857,0.44932781159877777,0.6464760005474091,0.0015255696121437977,0.0013747690539633946,0.0003690251425811644,0.11859047651648733
1781868477.964591,12.35207200050354,dog_in_grass,nonsocial_movie,non_social,341,1,0.19367403444050282,0.3751282929986659,0.28440116371958435,1,0,0.4686672180891037,0.6478642702102662,0.25174436640601777,0.3499936356962977,8.775563711599775,0.4505286067724228,0.6491296887397766,0.002912725539998602,0.0013871559278548042,0.0018011270769410686,0.11486289340557504
1781868477.9994812,12.386962175369263,dog_in_grass,nonsocial_movie,non_social,342,1,0.20356478022465013,0.353621607735629,0.2785931939801396,1,0,0.4699083209037781,0.6487698554992676,0.2537025711396825,0.3528226881609976,6.325372525015115,0.4507816433906555,0.6473879814147949,0.0017599920272721485,0.0011527335127264535,0.0011580473631265643,0.11300445213928147
1781868478.03308,12.420561075210571,dog_in_grass,nonsocial_movie,non_social,343,1,0.22475693686357887,0.3398261250903745,0.2822915309769767,1,0,0.4670161247253418,0.653023099899292,0.253294902421228,0.3567210121718639,5.708825475842961,0.4502786844968796,0.648086667060852,0.0008608886576291877,0.0008991033696429607,0.0009616537471159307,0.12249624084964646
1781868478.0684311,12.455912113189697,dog_in_grass,nonsocial_movie,non_social,344,1,0.1932289216603558,0.40650087690364106,0.29986489928199844,1,0,0.4672270148992539,0.6523436486721039,0.2656327376061521,0.3606726922982374,6.409092577789856,0.44963598251342773,0.6496598720550537,0.001699423370827287,0.0008385347131980994,0.0011557589034087374,0.11478021433089007
1781868478.103731,12.491211891174316,dog_in_grass,nonsocial_movie,non_social,345,1,0.23943642080893215,0.3554478379616504,0.2974421293852913,1,0,0.46757218837738035,0.6552362024784089,0.2554111751190997,0.3497109765648972,4.928654344238914,0.4494185298681259,0.6514070630073547,0.0017606708598574927,6.12474890302056e-05,0.001753708739287748,0.11668731429095203
1781868478.136777,12.524257898330688,dog_in_grass,nonsocial_movie,non_social,346,1,0.26347399771173385,0.3339222161728391,0.2986981069422865,1,0,0.4683508694171905,0.6563711702823639,0.24846725180039003,0.3544891030974934,4.544351454168575,0.4495336413383484,0.65240877866745,0.0010083079461438214,0.0007523629137136713,0.0018715497011329465,0.1154981246073466
1781868478.1704419,12.557922840118408,dog_in_grass,nonsocial_movie,non_social,347,1,0.2445384098772809,0.319186749670015,0.2818625797736479,1,0,0.4659354627132416,0.657233077287674,0.25975689436872446,0.3415445352431928,4.655137547796925,0.4486541599035263,0.6541534662246704,0.001953822475691331,0.0009455145295475095,0.0011126655906426924,0.1250304129003404
1781868478.206521,12.59400200843811,dog_in_grass,nonsocial_movie,non_social,348,1,0.27090446227398207,0.32245056631827285,0.29667751429612743,1,0,0.468286868929863,0.6593005955219269,0.24036503553734936,0.34171967422262833,6.070608458546202,0.44929905235767365,0.6563138961791992,0.0022546272121664653,0.00030080473647513435,0.001007689952506719,0.12517009247779318
1781868478.239033,12.626513957977295,dog_in_grass,nonsocial_movie,non_social,349,1,0.21497860584307796,0.32597213651480317,0.27047537117894055,1,0,0.4699756532907486,0.6613434195518494,0.24061001652583816,0.3466456024585618,4.198970617877749,0.4492655098438263,0.6554996073246002,0.0008149794101444216,0.0014396478020220437,0.001285229929703982,0.12887328135767098
1781868478.275433,12.662914037704468,dog_in_grass,nonsocial_movie,non_social,350,1,0.20469010347758143,0.32726239541207586,0.26597624944482867,1,0,0.4694624334573746,0.6619122564792633,0.24920560308310524,0.3541963611037189,6.168087035496162,0.4489639401435852,0.6561028957366943,0.0006744636330229676,0.000140515777121454,0.000981973244464424,0.12686968756187167
1781868478.308531,12.696012020111084,dog_in_grass,nonsocial_movie,non_social,351,1,0.21568525711731998,0.33379760287864885,0.2747414299979844,1,0,0.46617206037044523,0.661696845293045,0.22892632108013977,0.3514590321276989,4.513763183798503,0.44894184172153473,0.6573302447795868,0.0012275479678391997,0.000553084334816232,0.0017921852828451073,0.12211999712748446
1781868478.3429708,12.730451822280884,dog_in_grass,nonsocial_movie,non_social,352,1,0.23547696214919359,0.31881775673049495,0.27714735943984425,1,0,0.46412388384342196,0.6605108261108399,0.24062562490509948,0.34952967060546825,5.903164596277399,0.44890519976615906,0.6567950248718262,0.0005364727230316929,0.0006910752448075068,0.0006111808332269923,0.11670968587415358
1781868478.377342,12.764822959899902,dog_in_grass,nonsocial_movie,non_social,353,1,0.22909732402996774,0.308389595451842,0.26874345974090486,1,0,0.4652231007814407,0.663233733177185,0.25538462481696644,0.3437604776369251,2.546114033850959,0.44726261496543884,0.6602492928504944,0.0038249251098563548,0.003288452386824662,0.0007051386350914485,0.13200229448248768
1781868478.4122062,12.799687147140503,dog_in_grass,nonsocial_movie,non_social,354,1,0.19065563955888634,0.2851917266294392,0.23792368309416279,1,0,0.4673595815896988,0.6636087357997894,0.23574531008799054,0.3554644450238155,3.3521020365859298,0.44872328639030457,0.6582984030246735,0.002437115533558237,0.0013878095762981176,0.0037537994219705353,0.12840794952910822
1781868478.446629,12.834110021591187,dog_in_grass,nonsocial_movie,non_social,355,1,0.2491732807229693,0.33971253865269563,0.2944429096878325,1,0,0.46690488755702975,0.6641148805618287,0.2284891855156694,0.35651303578249144,2.604621441228283,0.4490520507097244,0.6606668531894684,0.002391159166772613,4.595636678562422e-05,0.0018354471516142667,0.12227006908140392
1781868478.481449,12.868929862976074,dog_in_grass,nonsocial_movie,non_social,356,1,0.2763631379870327,0.30471079916193633,0.2905369685744845,1,0,0.4658658921718597,0.6632370591163635,0.224875916434494,0.3560691270066019,4.658362247757049,0.44887855648994446,0.6590894460678101,0.0015869194912645891,0.0008042396755080239,0.002795250547548293,0.12259947633469843
1781868478.515229,12.9027099609375,dog_in_grass,nonsocial_movie,non_social,357,1,0.208236333559438,0.36958070346317856,0.2889085185113083,1,0,0.46570535004138947,0.6640619993209839,0.23767691728900772,0.36100071514167636,6.291856821988384,0.44809873402118683,0.6584214270114899,0.001026826442192721,0.0005600930490718681,0.002310014446417949,0.12696737715494624
1781868478.549845,12.937325954437256,dog_in_grass,nonsocial_movie,non_social,358,1,0.21919406638918887,0.30985149815483276,0.2645227822720108,1,0,0.4675792396068573,0.6629967272281647,0.24301929893003987,0.35800199830792706,4.884285017510624,0.4483981728553772,0.660110741853714,0.0017156480558611065,0.0006888216136683855,0.0028024503424042293,0.12505927943174114
1781868478.583764,12.971245050430298,dog_in_grass,nonsocial_movie,non_social,359,1,0.23275284077795907,0.2940342805929837,0.2633935606854714,1,0,0.4666890621185303,0.663538247346878,0.22972977079144521,0.35850660526995887,6.57148869543631,0.44910337030887604,0.6593064069747925,0.0010696999793731545,0.000645948076487952,0.0015627721571797014,0.12318327621210977
1781868478.619338,13.006819009780884,dog_in_grass,nonsocial_movie,non_social,360,1,0.16525496091648753,0.3775482528134233,0.2714016068649554,1,0,0.464640811085701,0.6654307425022126,0.23842346544950344,0.34687119418193546,6.796924061772578,0.4483460634946823,0.6605837643146515,0.0014849765602580848,0.00041527658088493023,0.0014296970732571648,0.12777119286020158
1781868478.653155,13.04063606262207,dog_in_grass,nonsocial_movie,non_social,361,1,0.19993411179421672,0.4012049253786105,0.3005695185864136,1,0,0.4641232073307037,0.6654572069644928,0.2476396037391803,0.3509889950507485,8.120360187347487,0.44805631041526794,0.6596687138080597,0.0009598303374263667,0.000525146222831718,0.0010722269430980275,0.12343790112114225
1781868478.686856,13.074337005615234,dog_in_grass,nonsocial_movie,non_social,362,1,0.27769274176478026,0.28508854622035407,0.2813906439925672,1,0,0.4652664065361023,0.6635921061038971,0.2418510926448479,0.3580466243101323,11.66504297465829,0.44855234026908875,0.658082515001297,0.0016619483356761977,0.0007021179982498309,0.00194407549657696,0.11350676600418844
1781868478.722472,13.109952926635742,dog_in_grass,nonsocial_movie,non_social,363,1,0.3114887924749217,0.3049367507689476,0.30821277162193467,1,0,0.4656555980443955,0.6624372184276581,0.2369082419330432,0.3679873596479464,8.105165087446498,0.44840556383132935,0.6553856730461121,0.0027008331777299854,0.0010388848420537877,0.0009488673395235393,0.11393981778003559
1781868478.756746,13.144227027893066,dog_in_grass,nonsocial_movie,non_social,364,1,0.2811299978387588,0.33435863600186577,0.3077443169203123,1,0,0.4668476641178131,0.662354689836502,0.24958477351551517,0.35965451735644116,7.726326860572888,0.44789236783981323,0.6580034792423248,0.002667635546066623,3.319763166336224e-05,0.0011301636243624335,0.11212997670250395
1781868478.790383,13.177864074707031,dog_in_grass,nonsocial_movie,non_social,365,1,0.321467625225331,0.3288150686400105,0.3251413469326707,1,0,0.469279745221138,0.6626300275325776,0.23841759058101064,0.3594114896283633,9.73364193589222,0.44899946451187134,0.6588261127471924,0.0013792711570292508,0.0012883643890373724,0.0011288025078600484,0.10860033626637307
1781868478.826831,13.214312076568604,dog_in_grass,nonsocial_movie,non_social,366,1,0.33073289540859313,0.3686126969147978,0.34967279616169544,1,0,0.4688451498746872,0.663293468952179,0.251349347905991,0.3566800598270808,7.190224596926553,0.4477306753396988,0.658606082201004,0.001287726447922167,9.154470910708386e-05,0.0010337941395216143,0.11285670551779466
1781868478.8583522,13.245833158493042,dog_in_grass,nonsocial_movie,non_social,367,1,0.27965311867611803,0.29228623962100375,0.28596967914856086,1,0,0.46686502993106843,0.6639351963996887,0.24280131390176446,0.3608227077405552,8.467844954826319,0.4484800696372986,0.6581027209758759,0.0009027537517161711,0.00038497269620599577,0.0014661039709608272,0.12409616067525234
1781868478.8941948,13.281675815582275,dog_in_grass,nonsocial_movie,non_social,368,1,0.2681572021712238,0.3424822279957028,0.30531971508346334,1,0,0.4682001531124115,0.6640809834003449,0.22809152727538745,0.3674549222516094,6.276192629974164,0.44931066036224365,0.656216561794281,0.002060940904218101,0.0011581871525019297,0.0011817397071358065,0.1187386944016566
1781868478.929076,13.316556930541992,dog_in_grass,nonsocial_movie,non_social,369,1,0.2990390401710943,0.34881120795211534,0.3239251240616048,1,0,0.4656583070755005,0.6625818073749543,0.21393594827301576,0.36999484539454786,8.409306722011639,0.44919295608997345,0.6560116708278656,0.00023629346971361,0.0018246474345044908,0.0014288909001334796,0.11044563702938551
1781868478.9633658,13.350846767425537,dog_in_grass,nonsocial_movie,non_social,370,1,0.26112368320694684,0.24446406998980763,0.25279387659837727,1,0,0.46725899577140806,0.6636868238449096,0.22632195267568267,0.3665182456321778,6.803697115551568,0.4489780366420746,0.6551631093025208,0.0008753553743370341,0.0006390619046234241,0.0006185369697023658,0.1235711812086851
1781868478.9979541,13.385435104370117,dog_in_grass,nonsocial_movie,non_social,371,1,0.293230054146408,0.3178135970328546,0.3055218255896313,1,0,0.46584864556789396,0.6629007458686829,0.22963641695977385,0.3667666579007999,8.08201515051444,0.44868190586566925,0.6574079096317291,0.0022642486512634715,0.0013888932769264375,0.0014291848466938084,0.11475348759108438
1781868479.031952,13.419432878494263,dog_in_grass,nonsocial_movie,non_social,372,1,0.3212933912930531,0.3031978156673424,0.31224560348019775,1,0,0.46295929253101353,0.6637732267379761,0.2246940695426848,0.36804861897891394,9.277788018500413,0.4486488699913025,0.6579591035842896,0.0005521830695832318,0.0017120655816802396,0.0012952841170377936,0.11874776786359006
1781868479.066984,13.45446491241455,dog_in_grass,nonsocial_movie,non_social,373,1,0.26306166405876663,0.2691841950551601,0.2661229295569634,1,0,0.463748100399971,0.6647545695304871,0.24124357438907829,0.36577243049497665,7.829305161853512,0.44826626777648926,0.6579604148864746,0.0003826044619360984,0.00016957860764713338,0.0015353126649757303,0.1252165167829262
1781868479.100478,13.487958908081055,dog_in_grass,nonsocial_movie,non_social,374,1,0.272470530877017,0.283084042628482,0.2777772867527495,1,0,0.46513486802577975,0.6671108186244965,0.24102000898435522,0.3541793217856032,8.778437446008734,0.4479452669620514,0.6617899835109711,0.0038429984871968764,0.003460394025260778,0.000938156749150027,0.12763518620526615
1781868479.1352692,13.52275013923645,dog_in_grass,nonsocial_movie,non_social,375,1,0.2722358509857637,0.32060844725831383,0.2964221491220388,1,0,0.4643163412809372,0.6668860852718353,0.25079005067134796,0.35849857322411177,8.369418344934314,0.44749540090560913,0.6615805923938751,0.000496209742606491,0.0033467887445903853,0.0014229242125853214,0.13218476879094304
1781868479.1707652,13.55824613571167,dog_in_grass,nonsocial_movie,non_social,376,1,0.2766913136958338,0.37414269804330136,0.32541700586956757,1,0,0.4685108304023743,0.6680491030216217,0.2321163609952665,0.3691344117119965,8.215746785129836,0.44885994493961334,0.6595512628555298,0.00244543632015585,0.0019492265775493587,0.002315461647085157,0.12458782587504383
1781868479.2064881,13.593969106674194,dog_in_grass,nonsocial_movie,non_social,377,1,0.2922080226073797,0.32968930989151135,0.3109486662494455,1,0,0.4657184660434723,0.665662807226181,0.22981662603970565,0.36310218414647466,8.475800622806108,0.4477360248565674,0.6598226130008698,0.0011562124607744275,0.0012892238593814223,0.0012881614597292025,0.11318619975709074
1781868479.23792,13.625401020050049,dog_in_grass,nonsocial_movie,non_social,378,1,0.31209920130268126,0.274578429988118,0.29333881564539965,1,0,0.4665472745895386,0.6670097768306733,0.2288566840993194,0.36287676496086113,6.859933794107884,0.44785578548908234,0.6611074805259705,0.0012904368121526913,0.0001342243513782638,0.0019124552485645762,0.11603512337625702
1781868479.2727108,13.660191774368286,dog_in_grass,nonsocial_movie,non_social,379,1,0.24880109430365321,0.2745293915962043,0.26166524294992877,1,0,0.4666866093873978,0.6661022782325745,0.23715043359269114,0.36369493652734425,8.126701193410431,0.4474652260541916,0.6620110869407654,0.0009843989156031777,0.00030603789654951355,0.0009011706826365017,0.12281273430158128
1781868479.307349,13.694829940795898,dog_in_grass,nonsocial_movie,non_social,380,1,0.23730179779054505,0.2667797150223324,0.25204075640643875,1,0,0.4673374444246292,0.6668139576911927,0.23661713724479158,0.3674120109252887,7.8967366887319885,0.44795186817646027,0.6605941653251648,0.0014981613464251226,0.0005137624308219448,0.001643654406640645,0.1221093248124759
1781868479.3420951,13.729576110839844,dog_in_grass,nonsocial_movie,non_social,381,1,0.24374944090563103,0.29976241697400996,0.2717559289398205,1,0,0.46411494314670565,0.669013923406601,0.23466984981199968,0.36219972114729754,4.266063221932115,0.44729937613010406,0.6612893640995026,0.0009534396710850869,0.0005447216753400357,0.0016349976894418667,0.12293426249309738
1781868479.376082,13.76356291770935,dog_in_grass,nonsocial_movie,non_social,382,1,0.2422608249624226,0.30388343799156325,0.27307213147699294,1,0,0.46619691252708434,0.6685761332511901,0.22492764639223162,0.36514765977957125,5.594797842881595,0.44827157258987427,0.6622474789619446,0.001364972544054275,0.0004115328729691882,0.0013548479333885767,0.12657192205529363
1781868479.4092338,13.796714782714844,dog_in_grass,nonsocial_movie,non_social,383,1,0.26242786796216977,0.2856579261619796,0.2740428970620747,1,0,0.4646279782056808,0.6689082443714142,0.22161786249884885,0.36462357070646373,6.367731436579957,0.44885390996932983,0.6609657406806946,0.0014078245079316102,4.285196387733515e-05,0.0011469988208411505,0.12459589537815897
1781868479.4454432,13.832924127578735,dog_in_grass,nonsocial_movie,non_social,384,1,0.23574603101828787,0.29133445116998036,0.2635402410941341,1,0,0.46492462158203124,0.6692576050758362,0.22854851593570832,0.36010201693019356,3.411660252221318,0.4485062062740326,0.661782443523407,0.0008876380979982077,0.0005201864099334025,0.001553568278820006,0.12702886116282958
1781868479.479973,13.867454051971436,dog_in_grass,nonsocial_movie,non_social,385,1,0.20983781098974766,0.28981711905985236,0.24982746502480002,1,0,0.4662030577659607,0.6703600704669952,0.23736913385302902,0.3666383408832758,3.6301393110996316,0.44859105348587036,0.6630635559558868,0.0012839190449600406,0.0003962809469618329,0.001907715505303956,0.1287774685552383
1781868479.5144022,13.901883125305176,dog_in_grass,nonsocial_movie,non_social,386,1,0.23242411475919592,0.2910076268967581,0.261715870827977,1,0,0.46450447738170625,0.6692031025886536,0.23635181946024514,0.3577120965896507,5.69965728710074,0.44882091879844666,0.6626160144805908,0.0005031216890931416,0.000780797355866899,0.0005770256327537411,0.1228469514543688
1781868479.548316,13.935796976089478,dog_in_grass,nonsocial_movie,non_social,387,1,0.23904967830798562,0.3245997393733296,0.2818247088406576,1,0,0.46618543565273285,0.6676256358623505,0.22060568287098695,0.37025651693855366,5.590858914844434,0.448629766702652,0.6607646048069,0.0018612514348047007,0.001358129745711559,0.0009890365471948476,0.12276358985952278
1781868479.5838988,13.97137975692749,dog_in_grass,nonsocial_movie,non_social,388,1,0.2933569441471984,0.34654716810543823,0.3199520561263183,1,0,0.4661223292350769,0.6669357001781464,0.2090872405419556,0.3749186073376033,7.293213596634327,0.44949719309806824,0.6592449247837067,0.0017498159687115143,0.0001114354660931864,0.0016498507702171377,0.12063311089014937
1781868479.617579,14.005059957504272,dog_in_grass,nonsocial_movie,non_social,389,1,0.35529218363216536,0.2908667718600341,0.32307947774609974,1,0,0.46552316248416903,0.6673489093780518,0.22841831424516273,0.3710092544660284,6.540340088368367,0.44745558500289917,0.659331887960434,0.0020434593728201134,0.00029364340410859913,0.000590354437093315,0.11393660528091179
1781868479.651582,14.039062976837158,dog_in_grass,nonsocial_movie,non_social,390,1,0.32493960472828204,0.35147282692241394,0.338206215825348,1,0,0.46479590535163884,0.6675790011882782,0.2198036356653207,0.36202625420001455,5.79812826867169,0.44783464074134827,0.6605509519577026,0.0012766363155918268,0.0007668230572282866,0.001408121206527395,0.11682161903929193
1781868479.685767,14.073247909545898,dog_in_grass,nonsocial_movie,non_social,391,1,0.24194298409798698,0.32235864410192466,0.2821508140999558,1,0,0.46644175946712496,0.6694748282432557,0.2208843843686019,0.3615261723398356,5.319936289234988,0.4480830430984497,0.6625736057758331,0.002037849896094267,0.0007612135805024401,0.0017233267471155529,0.1263025899249244
1781868479.7211971,14.108678102493286,dog_in_grass,nonsocial_movie,non_social,392,1,0.2478156946752757,0.35434795342282044,0.30108182404904804,1,0,0.4658365398645401,0.6685079991817474,0.22219466440695995,0.36035307258741245,5.567936914296419,0.4484836906194687,0.6633131206035614,0.0008410711126466243,0.0011967787834476426,0.001365748506460864,0.12468190943783262
1781868479.754835,14.142315864562988,dog_in_grass,nonsocial_movie,non_social,393,1,0.25493913680721014,0.32936785683716063,0.2921534968221854,1,0,0.4641205370426178,0.6688663244247437,0.21662253886394464,0.36723417030114025,7.901418830643264,0.44814322888851166,0.6614668071269989,0.0018774417817824774,0.001036370669135853,0.0011275169536222654,0.12516024016959332
1781868479.789537,14.1770179271698,dog_in_grass,nonsocial_movie,non_social,394,1,0.2686381832263741,0.3232998455756873,0.29596901440103074,1,0,0.46632366478443144,0.6696897268295288,0.21602832654627088,0.3627650597217655,7.465657224279639,0.44839587807655334,0.6619290411472321,0.0005267750010004536,0.0013506667807820238,0.0013917753091536877,0.12365606367851063
1781868479.825923,14.213403940200806,dog_in_grass,nonsocial_movie,non_social,395,1,0.2523727078987558,0.41481898478343987,0.33359584634109785,1,0,0.46597020924091337,0.6704371511936188,0.22096023329299405,0.35639566358966035,5.8823821003416406,0.4475875347852707,0.6642708480358124,0.0024773934649070023,0.0019506184639065487,0.0016430662562680828,0.12107247136263212
1781868479.8582132,14.245694160461426,dog_in_grass,nonsocial_movie,non_social,396,1,0.2754993364893719,0.3735722447016985,0.32453579059553517,1,0,0.46468983888626103,0.6696113049983978,0.20909663096033096,0.36465791370526246,8.43124079525659,0.4479921758174896,0.66328164935112,0.0010687602176130734,0.0014086332472939289,0.001250889790713808,0.11955601526671511
1781868479.892821,14.280302047729492,dog_in_grass,nonsocial_movie,non_social,397,1,0.24256484080994545,0.3224694664733939,0.2825171536416697,1,0,0.465694147348404,0.6699789941310883,0.2013376944558751,0.36812193665555637,8.365607615952678,0.44811099767684937,0.6617009937763214,0.0015851153523966475,0.0005163551347835741,0.0013592159618597177,0.11941303187475293
1781868479.928124,14.31560492515564,dog_in_grass,nonsocial_movie,non_social,398,1,0.32652072478653704,0.3344941022803635,0.33050741353345026,1,0,0.46454091370105743,0.6694979131221771,0.19789973062757188,0.3741101407562165,8.317871660799279,0.44810110330581665,0.6614210903644562,0.00028007823648390116,0.0013050371159127462,0.001586684183930494,0.11794127122227083
1781868479.9619572,14.349438190460205,dog_in_grass,nonsocial_movie,non_social,399,1,0.2769930272119762,0.32047028280010914,0.2987316550060427,1,0,0.46311348080635073,0.6702597498893739,0.20527652071554894,0.37012581326033994,8.720789934759367,0.4473636746406555,0.6617785692214966,0.0008195072723486014,0.0005394290358647002,0.001583191484847333,0.12502371563906814
1781868479.99881,14.386291027069092,dog_in_grass,nonsocial_movie,non_social,400,1,0.29619083258252876,0.34191342097709354,0.31905212677981115,1,0,0.4660849034786224,0.6700350880622864,0.20033161637358088,0.37531007785313186,7.837255945858895,0.44831129908561707,0.6618485152721405,0.0009502023672299304,0.00013069509488132904,0.0012592339485649699,0.11818674541825197
1781868480.031283,14.418763875961304,dog_in_grass,nonsocial_movie,non_social,401,1,0.2813380665463364,0.36241222475847845,0.32187514565240744,1,0,0.4629160940647125,0.6714580655097961,0.21379625086853926,0.3702217221947299,10.045558472816007,0.4466981887817383,0.6629756987094879,0.0019679093866106314,0.0010177070193807011,0.0013294489417796877,0.11771136007316574
1781868480.065266,14.452746868133545,dog_in_grass,nonsocial_movie,non_social,402,1,0.236915913910249,0.3503108071312227,0.29361336052073583,1,0,0.46575817465782166,0.6745536744594574,0.230419520009601,0.3612229514754943,8.090516443178933,0.44578762352466583,0.6658551692962646,0.003020013236312013,0.0010521038497013817,0.0009322198080038202,0.13142482469504818
1781868480.0993779,14.48685884475708,dog_in_grass,nonsocial_movie,non_social,403,1,0.2828621492441584,0.38698312116437134,0.3349226352042649,1,0,0.46417797803878785,0.6717893719673157,0.20523841084652553,0.37559333581935156,8.767551481779266,0.4475264996290207,0.6645287275314331,0.0021870386054630465,0.0008329746308489666,0.0012794775422140534,0.12246260908067032
1781868480.132252,14.51973295211792,dog_in_grass,nonsocial_movie,non_social,404,1,0.3064400062212534,0.32419318504093114,0.31531659563109227,1,0,0.46616360545158386,0.671649158000946,0.18322523451650508,0.38400597611634324,10.378885973205424,0.4484805762767792,0.6614212691783905,0.003250624503951865,0.0010635858984888186,0.001389063767983967,0.11803666208802589
1781868480.16941,14.556890964508057,dog_in_grass,nonsocial_movie,non_social,405,1,0.3033796000630999,0.35740820147633584,0.33039390076971786,1,0,0.4635131597518921,0.67181196808815,0.20180816809795418,0.3715884380763344,9.73023782730019,0.44693396985530853,0.6632297337055206,0.002379608238517891,0.0008710162654339743,0.001421085391878522,0.12034642745274937
1781868480.202403,14.589884042739868,dog_in_grass,nonsocial_movie,non_social,406,1,0.3302201597427529,0.40725299376761803,0.36873657675518545,1,0,0.46647319197654724,0.6730543911457061,0.20344008437261252,0.3625480242257417,10.705663147483573,0.44679655134677887,0.6656044125556946,0.002378651611302082,9.56627215808678e-07,0.0019205339743374552,0.12155937942579688
1781868480.2374752,14.624956130981445,dog_in_grass,nonsocial_movie,non_social,407,1,0.33272598425918865,0.4151835810941794,0.373954782676684,1,0,0.46265583932399745,0.6714367628097534,0.19745771690041228,0.36987938883893096,8.723131192323963,0.4468001276254654,0.6647824943065643,0.0008219260295322066,0.0015567255817698755,0.0005921699108558713,0.11430249404120653
1781868480.2712262,14.65870714187622,dog_in_grass,nonsocial_movie,non_social,408,1,0.3214522816801926,0.3395841112300683,0.3305181964551305,1,0,0.46488443613052366,0.6702298402786255,0.2002856777103434,0.37290783974764663,8.407592619328167,0.4468751549720764,0.6625291407108307,0.002254602299773782,0.0014326762702415751,0.0008954127476443843,0.11335962206749861
1781868480.305774,14.693254947662354,dog_in_grass,nonsocial_movie,non_social,409,1,0.321397908839368,0.3676282758398084,0.34451309233958816,1,0,0.4640100717544556,0.6702713787555694,0.2209036850567719,0.36520305132824027,9.691245542011186,0.44589097797870636,0.6644556522369385,0.0021633425559779203,9.125974379586149e-05,0.0007999325720947734,0.11844365828611146
1781868480.340359,14.727839946746826,dog_in_grass,nonsocial_movie,non_social,410,1,0.312550505697749,0.35706423121318076,0.3348073684554649,1,0,0.46421041786670686,0.6715688884258271,0.2168976109170688,0.37371994640262574,8.636066237923512,0.44641703367233276,0.6631054282188416,0.0014490822929849633,0.000714260262992957,0.0010917400874534192,0.11843744737017091
1781868480.3757849,14.76326584815979,dog_in_grass,nonsocial_movie,non_social,411,1,0.32993887564554025,0.3695379793162498,0.349738427480895,1,0,0.46470897197723393,0.6709871768951416,0.20542094539093367,0.3723580984858303,10.427156582402544,0.446839302778244,0.663516640663147,0.0005894123108306516,0.0008596699821543117,0.001330647127434753,0.12058066100966279
1781868480.4100611,14.797542095184326,dog_in_grass,nonsocial_movie,non_social,412,1,0.3055298406328607,0.4016206425959144,0.3535752416143876,1,0,0.462484335899353,0.6698180317878724,0.20278299913707676,0.37857775142772543,7.9408172190645425,0.4464796930551529,0.6627820432186127,0.0008178952001680915,0.00022848288933743997,0.0009363692917028499,0.11571043689913776
1781868480.444021,14.831501960754395,dog_in_grass,nonsocial_movie,non_social,413,1,0.29123002216334887,0.3946892971225955,0.34295965964297215,1,0,0.46338221430778503,0.6703306019306183,0.20387324326846867,0.3746079016226299,8.534908545812632,0.4469829648733139,0.6628663241863251,0.0005102801235337591,0.00030761507663433247,0.0009696619833317272,0.11822916814215242
1781868480.479313,14.866793870925903,dog_in_grass,nonsocial_movie,non_social,414,1,0.2744703295687232,0.41490561706347096,0.3446879733160971,1,0,0.46211660504341123,0.6718041300773621,0.20717792720954256,0.37169109826050506,7.542700242147457,0.44623787701129913,0.6638476848602295,0.0012321626087525449,0.0007218824852187858,0.0006642336632873677,0.12084114648424629
1781868480.5132391,14.900720119476318,dog_in_grass,nonsocial_movie,non_social,415,1,0.27954910816847917,0.3768429922059077,0.32819605018719344,1,0,0.4630254685878754,0.6709802210330963,0.20688857911545133,0.3712700144917154,7.363662090503514,0.44635605812072754,0.6644706428050995,0.0006340689045382817,0.0005980937042142631,0.0009213382882409047,0.1222625255558785
1781868480.5468109,14.93429183959961,dog_in_grass,nonsocial_movie,non_social,416,1,0.2793019583091663,0.3872037948070874,0.33325287655812685,1,0,0.4619647085666656,0.6713912904262542,0.1990526691385637,0.36882008673602934,7.725098172348903,0.44618067145347595,0.6632905900478363,0.0011930150849733883,0.0005589461804351066,0.0013203621643304048,0.12220825646029783
1781868480.581894,14.969374895095825,dog_in_grass,nonsocial_movie,non_social,417,1,0.2917246175548556,0.32910190985643284,0.31041326370564426,1,0,0.4630312114953995,0.6719791114330291,0.18885400241373362,0.36273226377816314,9.091829701932987,0.446545347571373,0.6636943221092224,0.0005440480202661596,0.0006489670647072287,0.0013167121363337653,0.12645232773296525
1781868480.617289,15.004770040512085,dog_in_grass,nonsocial_movie,non_social,418,1,0.27177817653315206,0.40703979002182905,0.3394089832774906,1,0,0.4608970731496811,0.6702975928783417,0.1988667431178289,0.3700602075948943,8.520516579600207,0.4458378702402115,0.6633856296539307,0.0007718906697592899,0.0002278426494931303,0.0012795542463145198,0.11983543304613885
1781868480.649581,15.037061929702759,dog_in_grass,nonsocial_movie,non_social,419,1,0.29580678422065176,0.36814599353007726,0.3319763888753645,1,0,0.46143909096717833,0.6690778970718384,0.2016521471636948,0.36876807393469335,6.14239162391969,0.4462774246931076,0.6633100509643555,0.00044600477057842047,0.00032588589918086945,0.001344317166110603,0.1148921903872944
1781868480.68485,15.072330951690674,dog_in_grass,nonsocial_movie,non_social,420,1,0.31054989242544334,0.3382597125970376,0.3244048025112405,1,0,0.4606748998165131,0.6696276247501374,0.19424383145973084,0.36572945038274235,6.9678651949212815,0.4467619061470032,0.6631484031677246,0.000510737006025974,6.473223544755356e-05,0.0011514171935567434,0.1185244885239513
1781868480.71888,15.106360912322998,dog_in_grass,nonsocial_movie,non_social,421,1,0.30315693182757697,0.362833948473213,0.33299544015039495,1,0,0.46130425930023194,0.6699237287044526,0.19787824276943752,0.3666134078952173,7.654398910696639,0.4464651346206665,0.6632667481899261,0.00031949786090689137,0.00019123914511908266,0.0012465998973381104,0.12035913371573739
1781868480.752683,15.140163898468018,dog_in_grass,nonsocial_movie,non_social,422,1,0.2920003850888733,0.39278863338342446,0.3423945092361489,1,0,0.4625671416521072,0.6690191388130188,0.19441629037876737,0.3753411706764603,8.554012814171887,0.4467649906873703,0.661716103553772,0.0015793709027244946,0.0012598730418176033,0.001698776402391281,0.11647977776743351
1781868480.7898,15.177280902862549,dog_in_grass,nonsocial_movie,non_social,423,1,0.29117766124823047,0.38329714764143247,0.33723740444483147,1,0,0.4624371826648712,0.6695057928562165,0.19859629830115375,0.37060110860610657,9.797134072170893,0.4461723268032074,0.6627918779850006,0.0012282268139380275,0.0003511440887864672,0.0013731704728037622,0.11516497827948308
1781868480.823722,15.21120285987854,dog_in_grass,nonsocial_movie,non_social,424,1,0.25990224744612517,0.3401452398309299,0.3000237436385276,1,0,0.46307594180107114,0.6701663494110107,0.21810019999615082,0.37272738284356954,7.2361255541167795,0.4454560875892639,0.6630690097808838,0.0007679847940420514,0.00046024201989597606,0.001331497121930774,0.12213570594921012
1781868480.857261,15.244741916656494,dog_in_grass,nonsocial_movie,non_social,425,1,0.27468912809639845,0.2996455680267861,0.2871673480615923,1,0,0.46256173253059385,0.67040097117424,0.20293007499419755,0.36834616024946853,6.658151445443573,0.44671306014060974,0.6648133397102356,0.002150038812968108,0.0013820540189260567,0.0017836781721454389,0.12405154964443686
1781868480.891368,15.278848886489868,dog_in_grass,nonsocial_movie,non_social,426,1,0.27434534495537105,0.3434439547292601,0.30889464984231557,1,0,0.4628495633602142,0.6699123740196229,0.20586314506926162,0.3727972179681766,7.900049352583232,0.44655460119247437,0.6626373827457428,0.002181719035432583,3.168022246447487e-05,0.001760789466030139,0.12115975416654866
1781868480.927275,15.314755916595459,dog_in_grass,nonsocial_movie,non_social,427,1,0.28883554144702633,0.3616589523137253,0.3252472468803758,1,0,0.46281048059463503,0.6710773646831513,0.20561794668822306,0.37334899343859823,8.440947057762594,0.4468786269426346,0.6633317768573761,0.0007662740169403452,0.0014154450184922377,0.0018043598128364004,0.12022876791837485
1781868480.959975,15.347455978393555,dog_in_grass,nonsocial_movie,non_social,428,1,0.3120843528432157,0.3534354325152312,0.33275989267922346,1,0,0.46156914830207824,0.6704165101051331,0.20614557936836578,0.3678487220858074,8.567238676276492,0.44622886180877686,0.6638038754463196,0.0008031636239643677,3.688960702402243e-05,0.0013989616903369302,0.11824131792815963
1781868480.994744,15.382225036621094,dog_in_grass,nonsocial_movie,non_social,429,1,0.32666877726539484,0.3731830141881053,0.34992589572675004,1,0,0.4624532431364059,0.6710882484912872,0.1998422756061414,0.3739839724742875,7.8628469610728144,0.4465908408164978,0.6634329259395599,0.000518297538674326,0.0002848660852900417,0.0016527807070355499,0.11572343154748556
1781868481.0296419,15.417122840881348,dog_in_grass,nonsocial_movie,non_social,430,1,0.2675879821291985,0.32838124575670835,0.2979846139429534,1,0,0.4626373052597046,0.671661514043808,0.1988430094107734,0.37962343120547837,7.541295866889867,0.44688618183135986,0.6616399884223938,0.0018170996823294054,0.0012988021436550795,0.0013544083025066138,0.12013075119896617
1781868481.064629,15.452110052108765,dog_in_grass,nonsocial_movie,non_social,431,1,0.28588010285247445,0.30405533086985126,0.29496771686116285,1,0,0.46241309940814973,0.6719505250453949,0.20326711562172484,0.37147258034358804,7.697929564919906,0.4466557800769806,0.6632381677627563,0.0016147018834393916,0.00020239779889001381,0.0012955950340503614,0.12143585842486293
1781868481.097315,15.484796047210693,dog_in_grass,nonsocial_movie,non_social,432,1,0.2805531809682587,0.2939237808446312,0.287238480906445,1,0,0.4613285273313522,0.6716003477573395,0.1951962566496611,0.37347726524548625,6.827648144997125,0.4463377892971039,0.6627581119537354,0.0005758226427133625,0.001038879240726029,0.0011692269435884819,0.12043156543445943
1781868481.13257,15.520051002502441,dog_in_grass,nonsocial_movie,non_social,433,1,0.31960765716350986,0.34905896608947734,0.3343333116264936,1,0,0.4618621528148651,0.6706455171108245,0.19449787277324293,0.3709694639396814,7.936282834614947,0.4466439485549927,0.6630326509475708,0.00041122396613913186,0.00016459867657423063,0.0011557546869632488,0.11585788580916784
1781868481.166688,15.554168939590454,dog_in_grass,nonsocial_movie,non_social,434,1,0.28792995686507866,0.34104939584926225,0.31448967635717046,1,0,0.46111902296543117,0.6713977217674255,0.20422951923578142,0.37087150388654644,6.681887229020269,0.44599342346191406,0.663914293050766,0.0010956622174974262,0.0006844382513582943,0.0010136613572969979,0.11769502089557497
1781868481.201685,15.589165925979614,dog_in_grass,nonsocial_movie,non_social,435,1,0.3431222214320365,0.36184305904326775,0.35248264023765213,1,0,0.46071900129318233,0.6716544687747956,0.18368099555708278,0.3803561767933957,6.722722727106465,0.44679372012615204,0.662161648273468,0.0019267170176702896,0.0008310548001728634,0.0013211052209088192,0.1167132352650836
1781868481.235473,15.62295389175415,dog_in_grass,nonsocial_movie,non_social,436,1,0.29877662050924253,0.3496080163235309,0.32419231841638674,1,0,0.4610436111688614,0.6711254358291626,0.2074398645743065,0.3700327267842997,5.029512503957612,0.44536325335502625,0.6639240086078644,0.0022698346044478022,0.00034311758677751263,0.0009673946782196199,0.1162997126665073
1781868481.271771,15.659251928329468,dog_in_grass,nonsocial_movie,non_social,437,1,0.2824753293201069,0.35685305774217657,0.3196641935311417,1,0,0.4607378840446472,0.6711033582687378,0.1906549790077616,0.3744406305945681,7.10261590848092,0.4460326135158539,0.6645431220531464,0.0009117809402658765,0.0013580536641819257,0.0014183924823940705,0.11558549781085695
1781868481.304275,15.691756010055542,dog_in_grass,nonsocial_movie,non_social,438,1,0.2935224475195511,0.31995120946818806,0.3067368284938696,1,0,0.46144003570079806,0.6724391043186189,0.20561645945320164,0.3682968109516844,4.660804370588103,0.44536323845386505,0.6656895577907562,0.0013275458086565684,0.00041576486839069193,0.0011717324673313244,0.11601216783398924
1781868481.339506,15.7269868850708,dog_in_grass,nonsocial_movie,non_social,439,1,0.28772149211125597,0.32992187941647866,0.3088216857638673,1,0,0.46109088361263273,0.6726168453693391,0.20876104345408975,0.36925891359433965,4.731652403246438,0.4451679438352585,0.6686491966247559,0.0029660751871413166,0.0016385293784847482,0.0010762880345476754,0.11753154700689124
1781868481.374756,15.762237071990967,dog_in_grass,nonsocial_movie,non_social,440,1,0.34052313611222745,0.3003995530043743,0.3204613445583009,1,0,0.4599060118198395,0.6731378376483917,0.19303805473085286,0.36812667009014777,5.010352248422912,0.44573718309402466,0.6685909926891327,0.0005722071581540112,0.0023938680289873056,0.003218167332011384,0.11391144072601758
1781868481.4086678,15.796148777008057,dog_in_grass,nonsocial_movie,non_social,441,1,0.3265896648791859,0.30158705294011434,0.31408835890965014,1,0,0.46101041734218595,0.676290112733841,0.2010663412971677,0.3653518245884464,5.355967336188485,0.44558335840702057,0.6717706024646759,0.003183328503164866,0.002611121345010855,0.006457717115316428,0.1185687490148727
1781868481.442503,15.829983949661255,dog_in_grass,nonsocial_movie,non_social,442,1,0.3114892375963635,0.3640980214392026,0.337793629517783,1,0,0.4610800355672836,0.6753756761550903,0.19132882892728256,0.37355322998824003,2.762370959065983,0.44577381014823914,0.6698525547981262,0.0019274798875448392,0.001255848615620027,0.008605978590886437,0.11133025388722037
1781868481.478349,15.865829944610596,dog_in_grass,nonsocial_movie,non_social,443,1,0.32335385615278256,0.3041514551761461,0.3137526556644643,1,0,0.46184385418891905,0.6762467920780182,0.2163802505245385,0.36250548628969237,1.346483686733487,0.44505707919597626,0.6730647683143616,0.0032912032650410294,0.0013637233774961902,0.026160980999682264,0.11827099764340888
1781868481.511082,15.898562908172607,dog_in_grass,nonsocial_movie,non_social,444,1,0.2967862766744554,0.36593901417604985,0.3313626454252526,1,0,0.46254960298538206,0.6767481625080108,0.2333641803445569,0.3594145394752249,0.8932898808365454,0.44431787729263306,0.676290899515152,0.0033097344272040247,1.8531162162995288e-05,0.05885001101327009,0.11690122357474712
1781868481.5451179,15.93259882926941,dog_in_grass,nonsocial_movie,non_social,445,1,0.2737932383183253,0.3374490983266396,0.30562116832248243,1,0,0.46177845895290376,0.6767915725708008,0.22081253697938152,0.35807146221394903,-0.27066604103486475,0.4443027675151825,0.6757326722145081,0.0005584317546117913,0.0027513026725922334,0.05016370605382465,0.1196952869907776
1781868481.582488,15.969969034194946,dog_in_grass,nonsocial_movie,non_social,446,1,0.30190135314261923,0.37166383173801487,0.33678259244031705,1,0,0.46237956285476683,0.6771809995174407,0.22847586576837195,0.3643257512678699,2.000181026154153,0.4439413398504257,0.6739889979362488,0.0017807385955031546,0.0012223068408913633,0.05637941302827862,0.11968762530109867
1781868481.61534,16.00282096862793,dog_in_grass,nonsocial_movie,non_social,447,1,0.26712265409629243,0.33855789908546163,0.30284027659087703,1,0,0.4597322314977646,0.6796723186969758,0.22697533038935783,0.35711514534179206,-2.3760515686091,0.443408340215683,0.6750999391078949,0.0012321846036590217,0.0005485539918441329,0.055719878067145394,0.12485812604203772
1781868481.649184,16.036664962768555,dog_in_grass,nonsocial_movie,non_social,448,1,0.2696153416921503,0.4094572682909718,0.33953630499156107,1,0,0.46069849133491514,0.6765687763690948,0.2198439114747002,0.36033239917736737,-2.836973735478138,0.4440898597240448,0.6738263070583344,0.0014445094108193036,0.00021232480716028182,0.05020402916115935,0.11545144695933783
1781868481.683338,16.07081890106201,dog_in_grass,nonsocial_movie,non_social,449,1,0.27957717933644716,0.34399258372176356,0.31178488152910533,1,0,0.459675931930542,0.6759093344211579,0.2166791471813819,0.36063266086024104,-2.2477456113747087,0.44431209564208984,0.673029750585556,0.0008269770357116105,0.000617532375107693,0.02553632092893872,0.11681426760928267
1781868481.717995,16.105475902557373,dog_in_grass,nonsocial_movie,non_social,450,1,0.25580652180207125,0.2831367113745868,0.269471616588329,1,0,0.4579991400241852,0.675760143995285,0.2163608567218321,0.36036821617649617,0.1383289138498664,0.4438321143388748,0.6734437644481659,0.0006338687008120328,0.0001931083348995778,0.012355393780431908,0.11738570115205124
1781868481.752727,16.14020800590515,dog_in_grass,nonsocial_movie,non_social,451,1,0.2747935255986722,0.3466316687152434,0.3107125971569578,1,0,0.4579027146100998,0.6762516081333161,0.2121613138717534,0.361796270836265,-0.4600586563004143,0.44393590092658997,0.6726922988891602,0.0007585988018454548,0.00012473010103342206,0.023488388826681115,0.1176146028010957
1781868481.786581,16.1740620136261,dog_in_grass,nonsocial_movie,non_social,452,1,0.2637109812198214,0.3411917357320904,0.3024513584759559,1,0,0.45851401388645174,0.6711357355117797,0.20207574757349295,0.3616499308566384,0.8101707408245626,0.4453775882720947,0.6678252816200256,0.005076053535990555,0.004317454734145101,0.01469614165488893,0.10991308394680524
1781868481.823693,16.21117401123047,dog_in_grass,nonsocial_movie,non_social,453,1,0.28155264897827664,0.2717194335273922,0.2766360412528344,1,0,0.46054762601852417,0.6673646986484527,0.21035837467583915,0.3482758458817702,1.7385677811961595,0.4448356330394745,0.6643737554550171,0.003493815728097727,0.0015822378078928284,0.029893465258664688,0.11738078717798966
1781868481.854712,16.24219298362732,dog_in_grass,nonsocial_movie,non_social,454,1,0.2668900499907458,0.333970814871708,0.3004304324312269,1,0,0.45976864695549013,0.6632977545261383,0.2153231190802106,0.33781194700854095,3.6553712380907255,0.44512858986854553,0.6639095842838287,0.0005488884949256362,0.002944927233172091,0.05155863531140464,0.11892992638529201
1781868481.8901582,16.277639150619507,dog_in_grass,nonsocial_movie,non_social,455,1,0.25719166348102823,0.32735305002707654,0.2922723567540524,1,0,0.46205327212810515,0.6633571505546569,0.2371335920902124,0.3130348639225079,0.37692743953923363,0.4453444182872772,0.6636113524436951,0.0003681360302955072,0.00018075246463012897,0.053872979629256586,0.12741247008389123
1781868481.925666,16.31314706802368,dog_in_grass,nonsocial_movie,non_social,456,1,0.20222827787535408,0.33437412827808244,0.26830120307671823,1,0,0.46130662262439726,0.6618493735790252,0.21597740757171133,0.317443735968652,-0.271006067941595,0.44632984697818756,0.662375420331955,0.001580695381691121,0.0012125593513956138,0.0061443290432994175,0.13240651554261706
1781868481.9592,16.346680879592896,dog_in_grass,nonsocial_movie,non_social,457,1,0.16007602346444297,0.2608796418812903,0.21047783267286663,1,0,0.4651072293519974,0.6636716425418854,0.22987531166411468,0.31951451606734965,5.531927098766052,0.44630828499794006,0.6605506837368011,0.0018248639841603833,0.0002441686024692623,0.005279141817802764,0.14623493033837381
1781868481.993363,16.38084387779236,dog_in_grass,nonsocial_movie,non_social,458,1,0.1789380132286742,0.2640944601120134,0.22151623667034379,1,0,0.46524597704410553,0.6622893154621124,0.22450137313881968,0.32893207053005763,4.95535183577576,0.44602827727794647,0.6579086780548096,0.0026568022784791098,0.0008319382943187265,0.027235386676244724,0.1400189466813765
1781868482.02865,16.416131019592285,dog_in_grass,nonsocial_movie,non_social,459,1,0.21264400579057582,0.24972017409958033,0.23118208994507808,1,0,0.46207266449928286,0.660558420419693,0.21959330953467987,0.33586302430676696,-1.109727477807331,0.4465593695640564,0.6582632064819336,0.0006385525992465301,0.0020182496792325796,0.03656004531552628,0.13361536381151093
1781868482.0617118,16.449192762374878,dog_in_grass,nonsocial_movie,non_social,460,1,0.21273095896822677,0.3304824139709269,0.27160668646957686,1,0,0.46328383684158325,0.6595087587833404,0.21592316054637908,0.321573724823001,2.251958776298494,0.44684889912605286,0.6609180569648743,0.002670591405295874,0.002032038806049344,0.04330947761255911,0.12392159640078505
1781868482.097059,16.48453998565674,dog_in_grass,nonsocial_movie,non_social,461,1,0.17546854551639482,0.2937012644245306,0.2345849049704627,1,0,0.4644345074892044,0.662755423784256,0.22935306359483598,0.32922339056854155,1.6628545740911005,0.44606563448905945,0.659922331571579,0.0012668751123995892,0.0014037162928962849,0.025143696994589005,0.13241582887186698
1781868482.130241,16.5177218914032,dog_in_grass,nonsocial_movie,non_social,462,1,0.18880638535836158,0.34348833375938553,0.2661473595588736,1,0,0.4645983219146729,0.6638502418994903,0.23330828511425325,0.3270918924639674,2.804297616710201,0.4464791566133499,0.6620658040046692,0.0021829967060660823,0.0009161215936664931,0.017756910001625482,0.1302166074502488
1781868482.165905,16.553385972976685,dog_in_grass,nonsocial_movie,non_social,463,1,0.17373173808812498,0.22957938651849255,0.20165556230330878,1,0,0.4653100907802582,0.6637648224830628,0.22684752588617935,0.3254109374997486,3.586981987189446,0.44685107469558716,0.6614549160003662,0.0007151973250063965,0.0014677993810596859,0.02938257252838779,0.13857896539197237
1781868482.1997728,16.58725380897522,dog_in_grass,nonsocial_movie,non_social,464,1,0.18739765581958243,0.17209927033855577,0.1797484630790691,0,1,0.4647330492734909,0.6631790578365326,0.2172509668936244,0.32933049382735186,2.249471613577008,0.44741901755332947,0.6613268256187439,0.0005822080689278117,0.0001329892560785848,0.012958658220560646,0.13949616819345803
1781868482.2344692,16.621950149536133,dog_in_grass,nonsocial_movie,non_social,465,1,0.19628760612707816,0.2630944540984854,0.2296910301127818,1,0,0.4643383115530014,0.6636248648166656,0.21796594202965053,0.327575240804285,3.449780552213497,0.4471845030784607,0.6613011658191681,0.0002359141035149182,0.00034629396541289347,0.006188575973877433,0.13939073683637337
1781868482.26947,16.65695095062256,dog_in_grass,nonsocial_movie,non_social,466,1,0.222390498005421,0.252544316521671,0.23746740726354598,1,0,0.46336783468723297,0.6610913276672363,0.22057287463341285,0.3351401049147215,3.4764276660501134,0.4474409222602844,0.6594531536102295,0.0018657169992239632,0.001629802895709045,0.012246145406939576,0.13097128865122712
1781868482.30393,16.691411018371582,dog_in_grass,nonsocial_movie,non_social,467,1,0.21645838247550922,0.2659585391257781,0.24120846080064368,1,0,0.4662265330553055,0.6640433013439178,0.22603790396340073,0.33364993867169923,2.5310283994657126,0.4481705576181412,0.6600598692893982,0.0009489318578190357,0.0009167851414049275,0.008437654835544735,0.13586981994824238
1781868482.33761,16.725090980529785,dog_in_grass,nonsocial_movie,non_social,468,1,0.22043946030025338,0.24019440273895093,0.23031693151960214,1,0,0.4690226405858994,0.6652271449565887,0.2246506903900127,0.3325455785827823,4.598457530923191,0.4482787996530533,0.6597834527492523,0.0002968542433385952,0.0006520776144804405,0.01590218034258143,0.1417054893658987
1781868482.374197,16.761677980422974,dog_in_grass,nonsocial_movie,non_social,469,1,0.19004595821178608,0.2559529035773666,0.22299943089457636,1,0,0.4675187677145004,0.6650791168212891,0.2295027285409106,0.32597946236029124,4.013491865178314,0.44788050651550293,0.6612473428249359,0.0015171063170076851,0.00122025207366909,0.02536559848281326,0.1421238584581378
1781868482.406616,16.79409694671631,dog_in_grass,nonsocial_movie,non_social,470,1,0.20605000622103348,0.2453081849466832,0.22567909558385835,1,0,0.4669735461473465,0.6624951362609863,0.23045053919487812,0.32912006017388845,1.3339028064568563,0.4478553831577301,0.6590794026851654,0.002168085706962239,0.0006509793899545538,0.0074500849964074896,0.1360599166963967
1781868482.4405289,16.828009843826294,dog_in_grass,nonsocial_movie,non_social,471,1,0.195905455685638,0.25547960391566,0.225692529800649,1,0,0.4654299437999725,0.6629552721977234,0.22813037019576082,0.331928194583946,3.602047107205959,0.44830891489982605,0.6593420803546906,0.0005241093389320085,0.0016439763680302305,0.008417227575621423,0.13594682131316596
1781868482.476414,16.863894939422607,dog_in_grass,nonsocial_movie,non_social,472,1,0.18300474715954082,0.25126980637492113,0.217137276767231,1,0,0.46617473661899567,0.6624368906021119,0.2281628467842123,0.33008815621914966,2.2068176519274596,0.4483601450920105,0.6593490540981293,5.170266616727422e-05,0.00047240667276473425,0.00718278046836708,0.13655159531983502
1781868482.509114,16.896595001220703,dog_in_grass,nonsocial_movie,non_social,473,1,0.1996232368772243,0.24329729455030072,0.2214602657137625,1,0,0.46609598994255064,0.6638712763786316,0.2251450479289485,0.32846995950786256,1.6771830476860303,0.44839146733283997,0.6603622436523438,0.0010136735941810415,0.0009619709280137673,0.0016321427762044562,0.14008734625803373
1781868482.54366,16.931140899658203,dog_in_grass,nonsocial_movie,non_social,474,1,0.2043620307457503,0.24303803468275922,0.22370003271425476,1,0,0.4669062972068787,0.6632336199283599,0.22342554775828646,0.33026558283399854,4.127796710153626,0.4480861872434616,0.6608499884605408,0.0005754050146583768,0.0004382685795226647,0.0016080222502893354,0.13554361360294473
1781868482.581991,16.96947193145752,dog_in_grass,nonsocial_movie,non_social,475,1,0.2114945624155403,0.25315438286495806,0.2323244726402492,1,0,0.46722972691059117,0.6638146400451661,0.2350753671185583,0.3238601504653861,2.062228923470153,0.447692334651947,0.662177711725235,0.0013849075533959002,0.0008095025387375234,0.011620416148604056,0.13639955596497927
1781868482.61328,17.000761032104492,dog_in_grass,nonsocial_movie,non_social,476,1,0.2217142577554872,0.3090041859824043,0.2653592218689458,1,0,0.46729789376258846,0.6653636455535888,0.22340732496310237,0.32779623919161816,5.255295019898559,0.44825801253318787,0.6622439920902252,0.0005695476732534072,0.0008153598801424929,0.01971935707036735,0.13492707908571402
1781868482.648106,17.035587072372437,dog_in_grass,nonsocial_movie,non_social,477,1,0.24783038795774567,0.31766261889854625,0.28274650342814595,1,0,0.4635601907968521,0.6630088269710541,0.23254083699666378,0.3292115338449014,1.5023543845735108,0.44806772470474243,0.6620429456233978,0.0002768196876637516,0.00029272798558965563,0.01197402426001691,0.13041338670117217
1781868482.6815512,17.069032192230225,dog_in_grass,nonsocial_movie,non_social,478,1,0.2546220300531925,0.2955135655807898,0.27506779781699114,1,0,0.46602120995521545,0.663904333114624,0.2311291189880746,0.334484808713256,2.687857430679475,0.44772738218307495,0.6616536676883698,0.0005170786620570438,0.00024025897439329216,0.020363623603138696,0.1331724779530007
1781868482.716539,17.1040198802948,dog_in_grass,nonsocial_movie,non_social,479,1,0.22692189040327185,0.3183671764277922,0.272644533415532,1,0,0.4645023673772812,0.6624224722385406,0.22498308526088287,0.3324996959794396,2.5282492348140373,0.44804011285305023,0.661076158285141,0.0006567477314470345,0.00013966906938999075,0.011420730296732745,0.13063327454746174
1781868482.7507951,17.13827610015869,dog_in_grass,nonsocial_movie,non_social,480,1,0.2645353370402261,0.34608926445693344,0.30531230074857973,1,0,0.46574649810791013,0.6633739113807677,0.23334042387604786,0.33210699186462495,4.566782910002928,0.44765856862068176,0.6623299717903137,0.0013105816674313625,0.000653833935984328,0.013516947797350963,0.12635662425294422
1781868482.785768,17.173249006271362,dog_in_grass,nonsocial_movie,non_social,481,1,0.2531475513473406,0.3643070467788234,0.30872729906308205,1,0,0.463898241519928,0.6618973255157471,0.24278243024304594,0.3376699796361862,3.218049123454734,0.4472839683294296,0.6614226996898651,0.0009815640796497268,0.00032901758778163567,0.010592485074132638,0.12362506665508066
1781868482.821044,17.20852494239807,dog_in_grass,nonsocial_movie,non_social,482,1,0.2403099503310541,0.37783315823535174,0.30907155428320293,1,0,0.46604461073875425,0.6625844001770019,0.24055609046635934,0.3461338605794481,4.816153764745736,0.44723114371299744,0.6605561077594757,0.0008682004457020523,0.00011336363394767453,0.012102732822836073,0.12473766013944163
1781868482.8547468,17.242227792739868,dog_in_grass,nonsocial_movie,non_social,483,1,0.22104381656073574,0.3305404638761641,0.2757921402184499,1,0,0.46425426602363584,0.6636872947216034,0.2397271826959527,0.34143453215539527,1.8830664338463163,0.44739584624767303,0.6610694825649261,0.0005391480462728611,0.00032905239942919115,0.019663723845189385,0.12994486247336293
1781868482.888044,17.275525093078613,dog_in_grass,nonsocial_movie,non_social,484,1,0.20918362382582828,0.368408103791108,0.2887958638084681,1,0,0.4655120074748993,0.6651772320270539,0.23321065926596413,0.3426746775156704,4.174173706482211,0.4477376937866211,0.6601576209068298,0.0009738333653100016,0.00043468531903714043,0.009866072571290609,0.13168873266069478
1781868482.923164,17.31064486503601,dog_in_grass,nonsocial_movie,non_social,485,1,0.2336276816031917,0.3205234114014003,0.277075546502296,1,0,0.46365744173526763,0.6625315070152282,0.23752371609157688,0.3373096064315241,3.9476710514324154,0.44756460189819336,0.6607978940010071,0.0006632574439588175,0.00031057592135118404,0.016664983499635442,0.12578753902144943
1781868482.9571168,17.344597816467285,dog_in_grass,nonsocial_movie,non_social,486,1,0.21282076509889777,0.317528009272262,0.2651743871855799,1,0,0.4656221479177475,0.6621215164661407,0.23559462391098265,0.3391055740065715,2.7725242740862597,0.44757770001888275,0.6616353988647461,0.0008376072812196045,0.00017434983726078703,0.004402658485632431,0.12667319314834538
1781868482.992508,17.3799889087677,dog_in_grass,nonsocial_movie,non_social,487,1,0.27293000145745755,0.3386029205837834,0.30576646102062044,1,0,0.4647448807954788,0.6624715864658356,0.22755583450003938,0.34176645775736747,3.182738467631357,0.44804590940475464,0.6607725918292999,0.0009816598236833027,0.00014405254246369818,0.0035976778350811666,0.12137701302600502
1781868483.026334,17.413815021514893,dog_in_grass,nonsocial_movie,non_social,488,1,0.25460207597108775,0.26131480420429526,0.25795844008769153,1,0,0.4673681020736694,0.6637997567653655,0.22493987379678748,0.3402530194995376,4.007451615307709,0.4481862187385559,0.6609880030155182,0.0002570772029949655,0.0007245826206883372,0.00482100575812955,0.12984984268935781
1781868483.061719,17.44919991493225,dog_in_grass,nonsocial_movie,non_social,489,1,0.19704957809895424,0.2969596838777891,0.24700463098837167,1,0,0.46703143119812013,0.6666320145130158,0.22747322468862566,0.32930079389796724,3.6006406657530046,0.4480665922164917,0.6644385457038879,0.0034526157256554234,0.003195538522660458,0.004030836593236577,0.13653222522190744
1781868483.094272,17.48175287246704,dog_in_grass,nonsocial_movie,non_social,490,1,0.24024064759028457,0.3424609330046011,0.2913507902974428,1,0,0.4631302982568741,0.6662413775920868,0.21062184421620572,0.3342851061934393,6.454087088603793,0.4481396973133087,0.663658618927002,0.0007833454745413345,0.002669270251114089,0.0024479791365980626,0.13429334619377778
1781868483.130327,17.517807960510254,dog_in_grass,nonsocial_movie,non_social,491,1,0.24639716717305374,0.3661997297088448,0.3062984484409493,1,0,0.46306108832359316,0.6667657613754272,0.2145689055245966,0.33989635205026836,8.779410626593398,0.4468681216239929,0.662204384803772,0.001931761273766873,0.0011484157992255385,0.0016334717636521342,0.13478897943883966
1781868483.1647592,17.552240133285522,dog_in_grass,nonsocial_movie,non_social,492,1,0.21901142800040155,0.34401360635831507,0.2815125171793583,1,0,0.46506856083869935,0.6694907665252685,0.21620972113436684,0.3240056050857108,10.039955080584454,0.44661208987236023,0.6664705872535706,0.004273878285645433,0.0023421170118785597,0.002406317066118002,0.14115657678876367
1781868483.1989608,17.5864417552948,dog_in_grass,nonsocial_movie,non_social,493,1,0.20158134932586205,0.28759255206014933,0.24458695069300568,1,0,0.4640038162469864,0.6678496301174164,0.19874536890698796,0.3402429876523663,8.65216288012907,0.44771982729434967,0.6633403301239014,0.003320480672119717,0.0009533976135257158,0.002091025745158497,0.13857643917930648
1781868483.233248,17.620728969573975,dog_in_grass,nonsocial_movie,non_social,494,1,0.24867474914712204,0.2550845467736452,0.25187964796038365,1,0,0.46815728545188906,0.6659981191158295,0.19831519454766497,0.34222851113681896,12.417518495959492,0.4482964128255844,0.6599816977977753,0.003407764953298343,8.728428117862593e-05,0.0035158796346093806,0.13609038456576247
1781868483.268258,17.655739068984985,dog_in_grass,nonsocial_movie,non_social,495,1,0.1811674755134951,0.2934047514319708,0.23728611347273296,1,0,0.4679980367422104,0.6652135610580444,0.21419157092622745,0.3509538020071164,7.367046674234933,0.44856858253479004,0.6605939269065857,0.0006700006211070873,0.0027377643321912556,0.0025968404311078677,0.12726216449184294
1781868483.301743,17.689224004745483,dog_in_grass,nonsocial_movie,non_social,496,1,0.20576870804637654,0.38986278924437445,0.2978157486453755,1,0,0.46878525614738464,0.6670216143131256,0.24138984379982364,0.34645578000466226,10.542108636672138,0.4483546167612076,0.663436621427536,0.002850735605366744,0.0021807349842596566,0.003025562286948745,0.1288421816133109
1781868483.335201,17.722681999206543,dog_in_grass,nonsocial_movie,non_social,497,1,0.28234518454910923,0.2773452757151371,0.27984523013212315,1,0,0.4665572077035904,0.6637345075607299,0.2249414061448944,0.35440399937139666,8.440556545668352,0.4497244954109192,0.6627202033996582,0.0015459050118309429,0.001304830593535801,0.002040546187347673,0.12229186969770627
1781868483.3741262,17.76160717010498,dog_in_grass,nonsocial_movie,non_social,498,1,0.23557341865095152,0.28589499449879757,0.26073420657487456,1,0,0.4683093219995499,0.6648116290569306,0.22794494362556678,0.3595848182639555,8.20586222009299,0.4503062218427658,0.6615844368934631,0.0012760764859927288,0.00026982852583821407,0.0010311231855998865,0.12282082695181755
1781868483.404454,17.791934967041016,dog_in_grass,nonsocial_movie,non_social,499,1,0.2943333632825464,0.32705254569927694,0.31069295449091167,1,0,0.4667899876832962,0.6644595861434937,0.23742825093754721,0.35949084980383605,9.126284578263483,0.44959159195423126,0.6610144972801208,0.0009140716823333118,0.000362004803659417,0.0010355304409150595,0.11477025990127236
1781868483.4387898,17.826270818710327,dog_in_grass,nonsocial_movie,non_social,500,1,0.247673583228346,0.2075412014066556,0.22760739231750082,1,0,0.46880491077899933,0.6637886822223663,0.23931858918108548,0.3599252014552328,9.683234019830271,0.4499564468860626,0.6616399586200714,0.000724100137449523,0.00018997154488378885,0.0004651996730012458,0.124119261989705
1781868483.474594,17.862075090408325,dog_in_grass,nonsocial_movie,non_social,501,1,0.2712702886955389,0.26628492627557215,0.2687776074855555,1,0,0.46655775904655455,0.6663123905658722,0.23075520156103643,0.35510289705037085,9.37906202620165,0.45041732490062714,0.6629979312419891,0.001434049575916756,0.0007099494384672331,0.0007795250440000514,0.12197389712143882
1781868483.508137,17.895617961883545,dog_in_grass,nonsocial_movie,non_social,502,1,0.25559173469275104,0.2658576881937077,0.2607247114432294,1,0,0.46844008266925813,0.6652819335460662,0.23282316337998135,0.361996342506361,9.269260483064286,0.45028169453144073,0.6629160940647125,0.00015840745130909418,0.0012756421246076619,0.0007757520031064313,0.12199617086022962
1781868483.543156,17.930636882781982,dog_in_grass,nonsocial_movie,non_social,503,1,0.25321155663313494,0.27202206389881084,0.2626168102659729,1,0,0.4684131592512131,0.6657209157943726,0.22903165328563044,0.3609771309098157,9.091546660289792,0.44985954463481903,0.6625953912734985,0.0005301516910377246,0.0003717442397286304,0.0006510744702710516,0.11827280594342413
1781868483.5777678,17.965248823165894,dog_in_grass,nonsocial_movie,non_social,504,1,0.29179197136492135,0.3112623588576841,0.30152716511130273,1,0,0.4685423284769058,0.6674093842506409,0.23606666408278726,0.35405805031824145,10.085159666932054,0.4495934247970581,0.6652979552745819,0.002715634722859773,0.0021854830318220487,0.0007565784750411074,0.11650054037633771
1781868483.611521,17.99900197982788,dog_in_grass,nonsocial_movie,non_social,505,1,0.2292102479454807,0.3202806831344242,0.27474546553995244,1,0,0.46876679360866547,0.6693617463111877,0.22426252571149202,0.3593366466409993,10.705465191500515,0.4508347660303116,0.6645183563232422,0.0014658453473355441,0.001249789375524229,0.0008856318571023715,0.12225363808129043
1781868483.646237,18.03371787071228,dog_in_grass,nonsocial_movie,non_social,506,1,0.21985996452125975,0.3203976425059894,0.27012880351362456,1,0,0.4681487172842026,0.668270719051361,0.22965712651878717,0.36329371723144765,9.723966010374655,0.45070314407348633,0.6641690135002136,0.0003733158816874478,0.0010925294656480963,0.0010868235963793407,0.12458545756137698
1781868483.681015,18.068495988845825,dog_in_grass,nonsocial_movie,non_social,507,1,0.19932882987825745,0.3172441568437672,0.25828649336101234,1,0,0.4684961915016174,0.6682559490203857,0.2152192409859025,0.371535956185004,9.176895378175567,0.45223450660705566,0.661590576171875,0.0029989015097848597,0.002625585628097412,0.0012517466181826305,0.11958686395010802
1781868483.715175,18.10265588760376,dog_in_grass,nonsocial_movie,non_social,508,1,0.24021995502098414,0.2963839312570093,0.2683019431389967,1,0,0.4672495126724243,0.6671326577663421,0.23769005774164978,0.3700925195479044,8.585926089064403,0.45084650814533234,0.6616722345352173,0.0013903984385959531,0.0016085030711889066,0.001648801103171389,0.11865765604292756
1781868483.750371,18.13785195350647,dog_in_grass,nonsocial_movie,non_social,509,1,0.28635854470485345,0.2764906181286094,0.28142458141673143,1,0,0.46820121109485624,0.6668401896953582,0.22781026168626164,0.36668798258337415,9.013348145469097,0.4515000283718109,0.6618832945823669,0.0006867568928808986,0.0007036415457150545,0.0017745106487974146,0.11516919772121767
1781868483.783316,18.170796871185303,dog_in_grass,nonsocial_movie,non_social,510,1,0.26483502540575826,0.2950531639786975,0.2799440946922279,1,0,0.469588902592659,0.6678160011768342,0.23638789456626486,0.3663212041547956,8.919284542512981,0.45128796994686127,0.6630709171295166,0.0012064062707439673,0.0005196493778630687,0.0016764958203711662,0.1200775261807354
1781868483.8188028,18.206283807754517,dog_in_grass,nonsocial_movie,non_social,511,1,0.27726288759539663,0.2956595490579072,0.28646121832665195,1,0,0.4696844607591629,0.6683810234069825,0.23246543321046,0.3626702549575132,10.013750849525836,0.45158496499061584,0.6634688973426819,0.0004965826276521035,0.0007098236430918638,0.001286911778272336,0.1203178264321017
1781868483.852633,18.240113973617554,dog_in_grass,nonsocial_movie,non_social,512,1,0.2596801971765238,0.3342576249896684,0.2969689110830961,1,0,0.4703067779541016,0.6683748364448547,0.2521401660840686,0.3660186394860766,9.212830147844953,0.45121748745441437,0.6633659601211548,0.00038162260308900346,0.00011496002456310009,0.0013846171290061659,0.1203507647728056
1781868483.8872309,18.274711847305298,dog_in_grass,nonsocial_movie,non_social,513,1,0.27468616428389264,0.27724161217064497,0.2759638882272688,1,0,0.4700536102056503,0.6674188673496246,0.24389172442482507,0.35940930110878294,10.492869530307448,0.4519043117761612,0.6624645590782166,0.0011332482028016285,0.000751625599712625,0.000936719200753025,0.11449536265667011
1781868483.921123,18.3086040019989,dog_in_grass,nonsocial_movie,non_social,514,1,0.27910696876231483,0.2544271449957289,0.26676705687902186,1,0,0.47124007940292356,0.6673108816146851,0.2582942796862909,0.3555506487312224,10.732511411695862,0.4514404237270355,0.6654558181762695,0.003027015545682965,0.0018937673428813366,0.0008599775537174232,0.11354408786329048
1781868483.957431,18.34491205215454,dog_in_grass,nonsocial_movie,non_social,515,1,0.2613029516508525,0.2940697928490995,0.277686372249976,1,0,0.4719205170869827,0.6702895998954772,0.258207021834368,0.3509728793431242,11.939435064901499,0.4518086910247803,0.6667678356170654,0.0013627217498597577,0.0016642937958232073,0.0009156027947018567,0.12065276908300406
1781868483.990366,18.37784695625305,dog_in_grass,nonsocial_movie,non_social,516,1,0.27257038470312417,0.32312386772234736,0.2978471262127358,1,0,0.47311587929725646,0.6681182503700256,0.24582337522038625,0.3622759503214638,11.094508971102764,0.4534529000520706,0.6633685231208801,0.0037760758430074753,0.0024133540931477173,0.0005976445826637043,0.10903462457124276
1781868484.026287,18.41376805305481,dog_in_grass,nonsocial_movie,non_social,517,1,0.31809725234181313,0.273955412104546,0.29602633222317953,1,0,0.4724867880344391,0.6683938741683959,0.2519396280304028,0.3678918612709272,11.27361411817956,0.4528278112411499,0.6642897725105286,0.0011132998066405528,0.0026627760363669224,0.0006802562846301147,0.11342289166929803
1781868484.059496,18.446976900100708,dog_in_grass,nonsocial_movie,non_social,518,1,0.2858062141605159,0.32431848765865123,0.30506235090958356,1,0,0.4744774788618088,0.6678471386432647,0.24970515803178595,0.364096673607964,10.2701063630194,0.45354561507701874,0.6629420816898346,0.0015269292370541602,0.0004136294304136073,0.00047831680482886464,0.11157484259578647
1781868484.094023,18.48150396347046,dog_in_grass,nonsocial_movie,non_social,519,1,0.24188610618823322,0.2922114071259086,0.2670487566570709,1,0,0.47396313548088076,0.66913560628891,0.2467241336219099,0.36786447471850103,10.98105233017935,0.4533065855503082,0.6630207300186157,0.00025163599555611064,0.0012752932414980495,0.0008141301263605424,0.11646015477960611
1781868484.128489,18.51596999168396,dog_in_grass,nonsocial_movie,non_social,520,1,0.285149372603445,0.3201620970034239,0.30265573480343444,1,0,0.4735027581453323,0.6686436176300048,0.26240344740300564,0.3745962275011049,11.312669503487996,0.45266735553741455,0.6614508628845215,0.0016950214830772227,0.001443385487521112,0.0010955460605679291,0.113942632629733
1781868484.161741,18.549221992492676,dog_in_grass,nonsocial_movie,non_social,521,1,0.3033110246167221,0.30306750557975437,0.30318926509823824,1,0,0.4747234731912613,0.6681702494621278,0.24941996171677996,0.37434252811954755,11.885191355039153,0.4537097215652466,0.6609200537204742,0.001169737280168012,0.0005252842029092107,0.0008532150923695595,0.11213561550973135
1781868484.198029,18.58551001548767,dog_in_grass,nonsocial_movie,non_social,522,1,0.2611424513617175,0.323188434767301,0.29216544306450926,1,0,0.47374359965324403,0.6688595473766327,0.2520232453742648,0.3696713214659648,12.168093841970268,0.45393069088459015,0.6617937088012695,0.000901166266729165,0.00026857101343884693,0.0015466394021507518,0.11978648243789056
1781868484.231373,18.61885404586792,dog_in_grass,nonsocial_movie,non_social,523,1,0.26955357985332096,0.3112154026814502,0.2903844912673856,1,0,0.47404904663562775,0.6660408020019531,0.25345978977114625,0.37366391291407275,11.01760267657715,0.45400509238243103,0.6604307591915131,0.0013649788355928013,0.0004638125688636363,0.00019492271273224604,0.11832527117768188
1781868484.266279,18.653759956359863,dog_in_grass,nonsocial_movie,non_social,524,1,0.2482695229294126,0.3524945240777251,0.30038202350356885,1,0,0.47477562725543976,0.6636868417263031,0.25552922896742186,0.3683777275878059,8.384532215400595,0.45410314202308655,0.6588620245456696,0.001571795826786172,0.00020681699119337073,0.0007293357743197602,0.11547711085576731
1781868484.299128,18.686609029769897,dog_in_grass,nonsocial_movie,non_social,525,1,0.25233567311994565,0.31109934475830203,0.28171750893912384,1,0,0.47407066226005556,0.6615656375885011,0.2404476640943446,0.3808059160603366,8.06541909007071,0.45406772196292877,0.6550286412239075,0.0038335469570914735,0.0022617511303053015,0.0008882433056570272,0.11585686167409472
1781868484.334356,18.721837043762207,dog_in_grass,nonsocial_movie,non_social,526,1,0.2734573233586112,0.3115141966510777,0.2924857600048445,1,0,0.4702725350856781,0.6604050457477569,0.2400791308757541,0.3627928560438286,3.58856216995642,0.4530295133590698,0.6572820842266083,0.002481105090790789,0.0013524418663006846,0.0016104092404888187,0.11638228061326826
1781868484.368812,18.756293058395386,dog_in_grass,nonsocial_movie,non_social,527,1,0.25234056177146774,0.320886500119514,0.28661353094549086,1,0,0.47056883275508876,0.6576749861240387,0.23684541652579708,0.3585344274474128,5.189342680928112,0.45165984332561493,0.6575367748737335,0.0013931487093190767,0.0010879563814717122,0.001566640343192746,0.11793952829173897
1781868484.402538,18.790019035339355,dog_in_grass,nonsocial_movie,non_social,528,1,0.30162690652633134,0.30052424928298377,0.30107557790465755,1,0,0.4648841738700866,0.6587254106998444,0.25603612618173777,0.3369205080123152,2.5223998438710113,0.4492701590061188,0.6608335077762604,0.004071736604625715,0.0026785878953066384,0.0009039709822476972,0.12324033027635158
1781868484.436954,18.824434995651245,dog_in_grass,nonsocial_movie,non_social,529,1,0.2894322165113917,0.3053891439608141,0.29741068023610295,1,0,0.4663197934627533,0.6584712624549867,0.2753669451430386,0.33643166092535765,0.570059752537583,0.4478565752506256,0.6608154773712158,0.0014136987406446354,0.0026580378639810796,0.0006558646113471602,0.11913679723290398
1781868484.4725592,18.860040187835693,dog_in_grass,nonsocial_movie,non_social,530,1,0.22464422990470093,0.28065421840489146,0.2526492241547962,1,0,0.4656875342130661,0.6591466724872589,0.2706478066249671,0.345650334545992,2.6482483098291656,0.4479186236858368,0.6607384085655212,9.894245359472922e-05,0.0013147562870499062,0.0009534086209930902,0.12143604181497382
1781868484.506452,18.893933057785034,dog_in_grass,nonsocial_movie,non_social,531,1,0.28209121666532466,0.29605353303156384,0.2890723748484443,1,0,0.46574492156505587,0.6581478834152221,0.2541619045688941,0.3607546630717166,1.734701893067327,0.44871263206005096,0.6579954624176025,0.002855556490196661,0.0027566140366019317,0.0013887429048837585,0.1129014877898876
1781868484.5407848,18.928265810012817,dog_in_grass,nonsocial_movie,non_social,532,1,0.27472947641318535,0.34615505771919775,0.31044226706619155,1,0,0.4659998953342438,0.6587927281856537,0.2613600065851867,0.35808177014237064,3.264144847315169,0.44863535463809967,0.6567932665348053,0.0012046770274883125,0.0016508794627083485,0.001465107715260852,0.11593638135103047
1781868484.575148,18.962629079818726,dog_in_grass,nonsocial_movie,non_social,533,1,0.22864765272508636,0.3082505328419052,0.26844909278349577,1,0,0.46768687665462494,0.6569581449031829,0.25485911343662887,0.36666652575455927,4.705615790690182,0.44971413910388947,0.6551410555839539,0.0019732148767285314,0.0007685378492402189,0.00100619500874446,0.12208365852410458
1781868484.61086,18.99834108352661,dog_in_grass,nonsocial_movie,non_social,534,1,0.24520477474405106,0.3224578845149652,0.28383132962950813,1,0,0.46698291003704073,0.6563770949840546,0.28039662815035726,0.34526667000157385,3.9568651772751564,0.44906245172023773,0.657819002866745,0.0027561019747859984,0.000782887098057467,0.0007142239147934578,0.12183953215346877
1781868484.6448798,19.032360792160034,dog_in_grass,nonsocial_movie,non_social,535,1,0.36366653557196454,0.2689750717472922,0.31632080365962834,1,0,0.4650680541992187,0.6546175718307495,0.2690824916336513,0.35055380582282375,3.9108011971212497,0.44878481328487396,0.6546557247638702,0.003175438781793495,0.0004193368070074966,0.0007824847393479488,0.11430757040388247
1781868484.680613,19.06809401512146,dog_in_grass,nonsocial_movie,non_social,536,1,0.28791547602131295,0.33652217056104833,0.31221882329118067,1,0,0.46348258554935456,0.6525031924247742,0.2606213893909174,0.35488157119858893,4.944797153301911,0.4488222897052765,0.6534260213375092,0.001230274359194069,0.001945164422599426,0.0006753312694949937,0.11047858081037593
1781868484.713279,19.100759983062744,dog_in_grass,nonsocial_movie,non_social,537,1,0.2537799416508616,0.36658116332321167,0.31018055248703663,1,0,0.4659563362598419,0.6521922767162323,0.2775490352936304,0.34445557255200987,2.0292620571567914,0.4481109529733658,0.653545081615448,0.0007212317907221488,0.0005090425684719202,0.0007518795025738391,0.12022834385702812
1781868484.7479308,19.135411739349365,dog_in_grass,nonsocial_movie,non_social,538,1,0.26557753524364625,0.34937239281221844,0.30747496402793234,1,0,0.4663828521966934,0.6522911965847016,0.28271531974108266,0.3471043340019854,1.8960400282589802,0.44701090455055237,0.6527175903320312,0.0013765349093520947,0.0006553031186299459,0.000667027509997682,0.11625846125370091
1781868484.782382,19.169862985610962,dog_in_grass,nonsocial_movie,non_social,539,1,0.2940824871589073,0.35709016397812776,0.3255863255685175,1,0,0.46675688922405245,0.6530047357082367,0.2654589288145212,0.34241277759825856,3.236884437061643,0.445993110537529,0.6550214886665344,0.002518700496024235,0.0011421655866721404,0.0014939154521125867,0.1151335683662312
1781868484.818634,19.206115007400513,dog_in_grass,nonsocial_movie,non_social,540,1,0.2851483460086536,0.3580993984461234,0.3216238722273885,1,0,0.4634197562932968,0.6535923779010773,0.27241020738299027,0.34635953969514194,1.433004924193398,0.4442032426595688,0.655320405960083,0.001814656598074737,0.0007040438979494981,0.0017868106277207228,0.11550143878643991
1781868484.851558,19.239038944244385,dog_in_grass,nonsocial_movie,non_social,541,1,0.22644844981488518,0.336384062425449,0.2814162561201671,1,0,0.4611751466989517,0.6547074139118194,0.2801688542141854,0.35376237434651026,-0.4564935977985787,0.4431208223104477,0.6546449065208435,0.0012759048963791588,0.0005387517016955782,0.0009041520848157932,0.11691607033014469
1781868484.8863392,19.273820161819458,dog_in_grass,nonsocial_movie,non_social,542,1,0.24225268967264327,0.33753173395506825,0.28989221181385577,1,0,0.4575581759214401,0.6528302609920502,0.2686410792535764,0.35306729479511445,1.0428649810100556,0.4419996738433838,0.6533109545707703,0.0017425273858117545,0.00046662248943259567,0.0002101190159004359,0.11343910904735219
1781868484.9220722,19.309553146362305,dog_in_grass,nonsocial_movie,non_social,543,1,0.261124955403462,0.35822854774202545,0.3096767515727437,1,0,0.4574567496776581,0.653266453742981,0.2686470977333758,0.35673187504147724,0.0005452047868560205,0.44132648408412933,0.653356283903122,0.0006747141619504672,0.0010678132238612873,0.0011516735819359447,0.11300687455065661
1781868484.9563332,19.34381413459778,dog_in_grass,nonsocial_movie,non_social,544,1,0.2604629146948865,0.37480527545092646,0.3176340950729065,1,0,0.45830834805965426,0.6548930525779724,0.26881186308659727,0.35344471957893436,0.8565382138785689,0.4411274343729019,0.6557617485523224,0.002413686178046498,0.0017389720160960308,0.0010724054348393822,0.11620452639585611
1781868484.987852,19.375333070755005,dog_in_grass,nonsocial_movie,non_social,545,1,0.2746175431146452,0.34220002086672746,0.30840878199068633,1,0,0.4592774659395218,0.6560384333133698,0.2753647790639717,0.3454768753683224,-1.9399864975921604,0.44060641527175903,0.6598454117774963,0.00411676647872986,0.0017030803006833615,0.0012600625021879218,0.11705045872236393
1781868485.022472,19.409952878952026,dog_in_grass,nonsocial_movie,non_social,546,1,0.25530917732373365,0.3354788982970424,0.29539403781038803,1,0,0.4607966780662537,0.6584089696407318,0.29934660734205654,0.34009985575379115,-2.4397715940243603,0.44006241858005524,0.6612370908260345,0.001494223201106477,0.0026225432776233824,0.0006752521115815864,0.11673876761072079
1781868485.058262,19.445743083953857,dog_in_grass,nonsocial_movie,non_social,547,1,0.32125056617191555,0.3437501797687386,0.3325003729703271,1,0,0.46116509735584255,0.6608986616134643,0.30070621547645465,0.3515999287898407,-1.4835944157779946,0.43935181200504303,0.6600116491317749,0.0014165694654624337,7.76537356440433e-05,0.0004367805094838706,0.11799889905963078
1781868485.092617,19.480098009109497,dog_in_grass,nonsocial_movie,non_social,548,1,0.26677177147180975,0.3681263548540386,0.3174490631629242,1,0,0.4602879583835602,0.6626975357532501,0.2815127392478145,0.3555933572574664,-0.08194086471986455,0.4397317171096802,0.6611413657665253,0.0011918840393935364,0.00022468542606889725,0.0009187428098373755,0.11430823769528851
1781868485.1271129,19.514593839645386,dog_in_grass,nonsocial_movie,non_social,549,1,0.28352722341604586,0.37645243950859103,0.3299898314623184,1,0,0.4591998815536499,0.664713054895401,0.2889456979215635,0.34861455735972263,-0.9935634650562115,0.4395170509815216,0.6653010845184326,0.004165254090874676,0.0029733700514811396,0.0007780002160799809,0.11917806802280573
1781868485.161597,19.5490779876709,dog_in_grass,nonsocial_movie,non_social,550,1,0.23636200970865945,0.38647748224427286,0.31141974597646616,1,0,0.45918239355087276,0.6654681026935577,0.2812228845584223,0.3481753548622321,-2.1134279008689294,0.44048330187797546,0.6647041440010071,0.0011357723258832075,0.0030294817649914683,0.00030638910797624563,0.11845682719364113
1781868485.194962,19.58244299888611,dog_in_grass,nonsocial_movie,non_social,551,1,0.27452268173354477,0.3246052459753328,0.2995639638544388,1,0,0.4589828312397003,0.6649516284465791,0.2830288654938789,0.35335704448296834,-2.5029911739891393,0.4402102679014206,0.6636256873607635,0.0011124820345689763,2.329029131423123e-05,0.0012544511508441251,0.11666205234453228
1781868485.230589,19.618069887161255,dog_in_grass,nonsocial_movie,non_social,552,1,0.266579035359887,0.2936779027886994,0.2801284690742932,1,0,0.45876760482788087,0.665951955318451,0.30634608687544346,0.35290213190454633,-4.226109752450566,0.44007429480552673,0.6641887724399567,0.0005792697896635708,0.0005332122449054054,0.0012960514035537077,0.12058583848392156
1781868485.264648,19.65212893486023,dog_in_grass,nonsocial_movie,non_social,553,1,0.25260109835624533,0.358028481126848,0.3053147897415467,1,0,0.46098897159099583,0.6665702104568481,0.2859321585207507,0.35219646500240886,-1.4474698849605043,0.4422261118888855,0.6632860898971558,0.0023334850617289424,0.0017542152720653715,0.001221486504958928,0.1169552516218227
1781868485.298187,19.685667991638184,dog_in_grass,nonsocial_movie,non_social,554,1,0.27003846897158473,0.38003663233116136,0.3250375506513731,1,0,0.4614748954772949,0.6658197999000549,0.2787114762922327,0.35756227353817654,-2.8807494362010666,0.44221949577331543,0.664072185754776,0.0,0.0,0.0013184226699141932,0.11412345637968814
