timestamp,elapsed_time,stimulus_id,stimulus_type,paper_category,frame_index,face_detected,left_ear,right_ear,avg_ear,eye_open,blink_state,gaze_x,gaze_y,yaw_proxy,pitch_proxy,roll_proxy_deg,head_center_x,head_center_y,head_movement,head_acceleration,mouth_open,eyebrow_signal
1781868525.3133068,59.70078778266907,make_me_laugh,social_movie,social,1714,1,0.42334891775817884,0.46476383085173906,0.4440563743049589,1,0,0.4718768268823624,0.6069293677806854,0.0801377193162843,0.25739534678913295,8.821028828080177,0.46422724425792694,0.6366251707077026,0.0,0.0,0.002205266197139176,0.1256347399298473
1781868525.347668,59.735148906707764,make_me_laugh,social_movie,social,1715,1,0.4266496143356628,0.46530502454926603,0.44597731944246444,1,0,0.4719193249940872,0.607611608505249,0.08564974429951855,0.2546831903198086,9.28286548266226,0.4643852859735489,0.6369448602199554,0.00035662104273467485,0.00035662104273467485,0.00247256585577232,0.1296012624801377
1781868525.3824692,59.76995015144348,make_me_laugh,social_movie,social,1716,1,0.4086436567645688,0.4513649949287836,0.43000432584667625,1,0,0.4719016879796982,0.6074444234371186,0.07748663639101912,0.253949841543247,9.415167064943757,0.46458250284194946,0.6366029679775238,0.0003946958305032686,3.807478776859377e-05,0.0021742255245718292,0.128831951395025
1781868525.4168692,59.80435013771057,make_me_laugh,social_movie,social,1717,1,0.40954293850446594,0.4757837360493081,0.442663337276887,1,0,0.47208636701107026,0.6076538145542145,0.07702107547266024,0.2517348326081591,8.670818425206075,0.46487168967723846,0.6361522376537323,0.0005355248364825501,0.0001408290059792815,0.0020453695179355963,0.12742788497437224
1781868525.4513721,59.83885312080383,make_me_laugh,social_movie,social,1718,1,0.41839272079854695,0.4656129230155324,0.44200282190703966,1,0,0.4719638377428055,0.6076589703559876,0.07517953244647936,0.25296395951301776,9.291849596532877,0.46496567130088806,0.6362870037555695,0.00016429987154041787,0.00037122496494213224,0.0019446803137805099,0.128180498715961
1781868525.486604,59.87408494949341,make_me_laugh,social_movie,social,1719,1,0.4146381735539873,0.44994907645651305,0.43229362500525015,1,0,0.4721475839614868,0.6076592206954956,0.07470407786734545,0.2532903107471753,9.264697103159428,0.46517491340637207,0.6358885169029236,0.00045008224852686156,0.0002857823769864437,0.002158598737690059,0.12798645699156966
1781868525.5204742,59.907955169677734,make_me_laugh,social_movie,social,1720,1,0.4267427038495001,0.44309155858907545,0.43491713121928777,1,0,0.47195941507816314,0.6074002444744111,0.07659410214782016,0.2532413825159894,8.882624532252018,0.46509481966495514,0.63578861951828,0.0001280409890339205,0.00032204125949294104,0.005951458442481611,0.12688137921987455
1781868525.5554738,59.942954778671265,make_me_laugh,social_movie,social,1721,1,0.4201604291921325,0.44299551818633387,0.4315779736892332,1,0,0.47182914316654206,0.6078337609767914,0.0738100067635881,0.25165788778752135,8.786906761486254,0.4652087688446045,0.6359277069568634,0.0001798047027039181,5.176371366999761e-05,0.002009089573613421,0.12835794621371177
1781868525.589273,59.97675395011902,make_me_laugh,social_movie,social,1722,1,0.43296138395500655,0.4351009881775284,0.43403118606626745,1,0,0.4721800833940506,0.6071949362754823,0.07749636547372503,0.2570614022674559,9.404341857550047,0.4651184380054474,0.635643482208252,0.0002982337476310633,0.0001184290449271452,0.009046548247361173,0.12612180821636018
1781868525.625982,60.01346302032471,make_me_laugh,social_movie,social,1723,1,0.4056399846277045,0.44868720167291504,0.4271635931503098,1,0,0.472123509645462,0.6074035286903381,0.08055341733222794,0.2583400804422958,8.707171216077729,0.465035617351532,0.6360532939434052,0.000418096781839146,0.00011986303420808271,0.00272770923258957,0.1279088768488727
1781868525.657553,60.04503393173218,make_me_laugh,social_movie,social,1724,1,0.427831878790557,0.4638985035001675,0.44586519114536227,1,0,0.4720837712287903,0.6074005007743836,0.07750065658120575,0.25930048315478255,8.88071081760165,0.4650404304265976,0.6356365382671356,0.0004167834682355594,1.3133136035865865e-06,0.002291654762692939,0.12668749647990005
1781868525.691894,60.07937502861023,make_me_laugh,social_movie,social,1725,1,0.4230746800770478,0.4545348552075712,0.43880476764230947,1,0,0.4721192330121994,0.6073179483413697,0.07724451239539624,0.26156892521161623,8.26870144562565,0.4650114178657532,0.6359533071517944,0.00031809472641768197,9.868874181787746e-05,0.0013150383189121703,0.12567929114339033
1781868525.7279449,60.11542582511902,make_me_laugh,social_movie,social,1726,1,0.43425551445931504,0.43664341210837804,0.43544946328384654,1,0,0.4719293683767319,0.6070315837860107,0.07431530338492458,0.26042537756211853,8.393849813676725,0.46525757014751434,0.6357668936252594,0.0003087732965971281,9.321429820553892e-06,0.0016790845181596447,0.12541387907210216
1781868525.761996,60.14947700500488,make_me_laugh,social_movie,social,1727,1,0.42522647861159907,0.44190015927506243,0.4335633189433308,1,0,0.4717132210731506,0.6074423372745514,0.06969823320316977,0.25466596623171656,8.394196794510858,0.4653265178203583,0.6364200711250305,0.0006568063853205472,0.0003480330887234191,0.003001683650174943,0.12574319230463143
1781868525.794587,60.18206787109375,make_me_laugh,social_movie,social,1728,1,0.4123869341840599,0.44761332257365716,0.43000012837885854,1,0,0.47163495421409607,0.6075138747692108,0.07849247778468302,0.25493150975365714,8.41251044023533,0.46482567489147186,0.6365896165370941,0.0005287620316998343,0.0001280443536207129,0.0018142680481569057,0.12662705699657195
1781868525.831928,60.21940898895264,make_me_laugh,social_movie,social,1729,1,0.4094869466158692,0.4475584615856689,0.4285227041007691,1,0,0.4716573506593704,0.6074691593647004,0.075655245681667,0.25762082336134023,8.446244242255345,0.4649530351161957,0.635958343744278,0.0006439922094184199,0.00011523017771858564,0.0018250222539039408,0.126588828027696
1781868525.864182,60.25166296958923,make_me_laugh,social_movie,social,1730,1,0.4049135874027801,0.4631996828293849,0.4340566351160825,1,0,0.4717322707176208,0.6071855306625367,0.08087572563535574,0.2598050222235486,9.298178144151732,0.4647991806268692,0.6350785493850708,0.0008931457430781588,0.0002491535336597389,0.001407853834097705,0.12666465527663098
1781868525.899841,60.28732204437256,make_me_laugh,social_movie,social,1731,1,0.40040920514846756,0.4603355862081752,0.4303723956783214,1,0,0.471638485789299,0.6069690823554992,0.0735421947488221,0.25911087768520275,8.807060843412724,0.46495725214481354,0.6353142559528351,0.00028380308467746557,0.0006093426584006933,0.0014353161193962627,0.12563573225001443
1781868525.933556,60.32103705406189,make_me_laugh,social_movie,social,1732,1,0.42618153667232245,0.46530580495456325,0.44574367081344285,1,0,0.4716998875141144,0.6073172688484192,0.0670345604782498,0.2575339981265946,8.566721876599386,0.465092733502388,0.6355206370353699,0.0002468771951364712,3.692588954099435e-05,0.0012703034830293587,0.12590356571212433
1781868525.968443,60.355923891067505,make_me_laugh,social_movie,social,1733,1,0.41579111196966856,0.44829207900994344,0.43204159548980603,1,0,0.4714910864830017,0.6074537336826324,0.07288255717358821,0.2547023226585046,9.086822630234224,0.4648735821247101,0.6354560256004333,0.0002284774909322269,1.8399704204244313e-05,0.0016432218924295977,0.12720247955310884
1781868526.0009348,60.388415813446045,make_me_laugh,social_movie,social,1734,1,0.42460288949101077,0.451634396755778,0.4381186431233944,1,0,0.47129634320735936,0.6076327979564666,0.07288417789964231,0.2500422558119687,9.016783140288288,0.46474261581897736,0.6362719237804413,0.0008263425520796676,0.0005978650611474407,0.0014938386295380802,0.1282719925098343
1781868526.037051,60.42453193664551,make_me_laugh,social_movie,social,1735,1,0.4466476449600535,0.46316566070721993,0.45490665283363674,1,0,0.4716537177562714,0.6073882043361665,0.07416834037391662,0.2554855335196413,8.227848638701259,0.46457435190677643,0.6358914971351624,0.0004159773750906927,0.00041036517698897485,0.0015389991160573797,0.12701635105974765
1781868526.072289,60.45976996421814,make_me_laugh,social_movie,social,1736,1,0.414061869785938,0.4565647967381671,0.43531333326205257,1,0,0.47163835167884827,0.6065059721469879,0.07492430029824027,0.25626605685520015,7.084032858398178,0.4646572023630142,0.6355264484882355,0.00037433235596453086,4.164501912616185e-05,0.002324219498362959,0.12469510747203912
1781868526.1062431,60.49372410774231,make_me_laugh,social_movie,social,1737,1,0.4184012020248655,0.46496941934899055,0.44168531068692807,1,0,0.47172643840312956,0.6064962327480317,0.07544017024302396,0.25865969535443756,7.30652804055809,0.4647582769393921,0.6346322298049927,0.0008999128421410869,0.000525580486176556,0.004712808246693268,0.12601360522188823
1781868526.140353,60.52783393859863,make_me_laugh,social_movie,social,1738,1,0.4243375947129775,0.45285177979767227,0.4385946872553249,1,0,0.47177790105342865,0.606721180677414,0.0793320873542193,0.2553850776906124,8.47292384798836,0.46460355818271637,0.6351628005504608,0.000552669168322151,0.0003472436738189359,0.0038800346189717637,0.12633545391359888
1781868526.1742022,60.561683177948,make_me_laugh,social_movie,social,1739,1,0.40692495094889186,0.463422683271591,0.4351738171102414,1,0,0.471807336807251,0.6073787152767182,0.07966130456752644,0.25598190765918816,8.554890867209133,0.46460777521133423,0.6356647610664368,0.0005019782295371065,5.069093878504454e-05,0.001810947531685024,0.12792349377310605
1781868526.208652,60.59613299369812,make_me_laugh,social_movie,social,1740,1,0.4216610441980847,0.47625362194159737,0.44895733306984104,1,0,0.47190467119216917,0.6068979442119599,0.0769557331644685,0.26018942351706975,8.64406428310249,0.4648597538471222,0.6359226703643799,0.00036056960334874866,0.00014140862618835782,0.003986672084897924,0.12468116834011325
1781868526.243232,60.63071298599243,make_me_laugh,social_movie,social,1741,1,0.42400128949419547,0.4773803546469053,0.4506908220705504,1,0,0.4719031512737274,0.6071759343147278,0.0715289462133103,0.25992043682103033,8.82854248793559,0.46493804454803467,0.6350089311599731,0.0009170871101041742,0.0005565175067554255,0.002406318271503344,0.12507987254340108
1781868526.27921,60.666691064834595,make_me_laugh,social_movie,social,1742,1,0.4084472674990582,0.49495938465422545,0.4517033260766418,1,0,0.47215248048305514,0.6073890507221222,0.07529793428319669,0.2572818259292552,9.485224335047205,0.4651317596435547,0.635070413351059,0.00020323778697142668,0.0007138493231327475,0.002605453516421263,0.12499476666505088
1781868526.311908,60.69938898086548,make_me_laugh,social_movie,social,1743,1,0.4275777785153818,0.45698057711508044,0.44227917781523113,1,0,0.47208831012249,0.6077302277088166,0.07785036347193046,0.2583736762708085,9.053380746674492,0.46500644087791443,0.6354476809501648,0.0003975369597366754,0.00019429917276524874,0.004857069136894584,0.12715882023097702
1781868526.34529,60.732770919799805,make_me_laugh,social_movie,social,1744,1,0.43967501091665157,0.4864165670864981,0.46304578900157484,1,0,0.47209252119064327,0.6076892733573913,0.07524518278523236,0.2557061488726251,9.936511285597952,0.46514086425304413,0.6368608772754669,0.0014195751116544298,0.0010220381519177543,0.004480357770840222,0.12494816728253764
1781868526.379643,60.76712393760681,make_me_laugh,social_movie,social,1745,1,0.4675047816459495,0.47818178008726236,0.47284328086660593,1,0,0.4721657633781433,0.6076852798461914,0.07357714803291361,0.25690152599171295,9.203174803243359,0.46519502997398376,0.6359606087207794,0.0009018965549795778,0.000517678556674852,0.005750418054799599,0.12413218067972226
1781868526.4160929,60.80357384681702,make_me_laugh,social_movie,social,1746,1,0.43273203553888867,0.4724039777800332,0.45256800665946095,1,0,0.4721083611249924,0.6082479596138,0.07378587609057011,0.2551089944864462,9.909525053966409,0.4653662145137787,0.6365662217140198,0.0006293419136259266,0.0002725546413536512,0.001528337749153196,0.12824004861602348
1781868526.450932,60.83841300010681,make_me_laugh,social_movie,social,1747,1,0.4201352576381891,0.4778118762993005,0.4489735669687448,1,0,0.4722147673368454,0.6082176864147186,0.07791346408315226,0.255595717546012,9.97033352633173,0.46533676981925964,0.6365455389022827,3.598289505682455e-05,0.0005933590185691021,0.0015326328230720564,0.12866802817569623
1781868526.484451,60.87193202972412,make_me_laugh,social_movie,social,1748,1,0.4169771881260516,0.4771562831019791,0.44706673561401533,1,0,0.47232458293437957,0.6081298589706421,0.07995397359835986,0.2565808699772843,9.239819674442854,0.4653128832578659,0.6365015804767609,5.002910142683846e-05,1.4046206370013906e-05,0.00020569381415744937,0.1268577665912187
1781868526.519478,60.90695905685425,make_me_laugh,social_movie,social,1749,1,0.43798612908010376,0.46374821260547905,0.4508671708427914,1,0,0.4728085666894912,0.6079923808574677,0.08460072215872345,0.25775689676428093,9.454679548845583,0.4653879255056381,0.6369931101799011,0.0004972250878825985,0.00044719598645576,0.0005211327387823069,0.12531489093853376
1781868526.552725,60.9402060508728,make_me_laugh,social_movie,social,1750,1,0.46361309849553733,0.46378432921398927,0.4636987138547633,1,0,0.47268786728382106,0.6080626904964447,0.08347403105047421,0.26221061560620945,8.679755555644006,0.4655674546957016,0.6364555060863495,0.0005667882245498083,6.95631366672098e-05,0.0005605211486963387,0.12458701288777031
1781868526.5882602,60.975741147994995,make_me_laugh,social_movie,social,1751,1,0.43173188982273975,0.4631550114719637,0.4474434506473517,1,0,0.47262166142463685,0.6080270707607269,0.07984158586392529,0.2594897563206843,8.696689305433281,0.46588537096977234,0.6362048983573914,0.00040481476150527564,0.0001619734630445326,0.0015297626421047707,0.12529437183088446
1781868526.623848,61.01132893562317,make_me_laugh,social_movie,social,1752,1,0.4322489079269791,0.47258561957733064,0.45241726375215485,1,0,0.47270140349864964,0.6083070874214171,0.07758632106415761,0.2616354303811146,8.557344030986805,0.4658389836549759,0.636399120092392,0.00019968441431587007,0.00020513034718940557,0.001576971752082309,0.12560481091947281
1781868526.656717,61.04419803619385,make_me_laugh,social_movie,social,1753,1,0.41984984800071745,0.47956694263451854,0.44970839531761797,1,0,0.4727777719497681,0.6084878027439118,0.07394484006565286,0.25888643318013427,8.713003993037212,0.46604035794734955,0.6374141871929169,0.001034849179444533,0.0008351647651286629,0.0011901184932416589,0.12587080120604266
1781868526.6901271,61.07760810852051,make_me_laugh,social_movie,social,1754,1,0.3975679897416211,0.4741574049117377,0.43586269732667937,1,0,0.4727802395820618,0.6087875843048096,0.07365745672103197,0.2554927137347196,8.291745681477948,0.4659685790538788,0.6374676525592804,8.950282089561927e-05,0.0009453463585489138,0.0015276685236599516,0.12770851486134746
1781868526.726858,61.114338874816895,make_me_laugh,social_movie,social,1755,1,0.39121651888314934,0.44751168843985994,0.4193641036615047,1,0,0.47298645675182344,0.6081750214099884,0.08074956023448789,0.2572257012578545,9.111885595407056,0.46592821180820465,0.6368626356124878,0.000606362119883456,0.0005168592989878367,0.0008049824663690956,0.1261959237058576
1781868526.7593632,61.146844148635864,make_me_laugh,social_movie,social,1756,1,0.4065291196760853,0.44761960998817185,0.4270743648321286,1,0,0.472897931933403,0.6084502518177033,0.085590238588935,0.25557538975498373,8.943143191042605,0.4656684696674347,0.6364425122737885,0.0004939327883544906,0.00011242933152896535,0.0007656222869726749,0.12827302411157002
1781868526.7936609,61.18114185333252,make_me_laugh,social_movie,social,1757,1,0.42600342078987435,0.46975766485839265,0.4478805428241335,1,0,0.4729912459850311,0.608236289024353,0.0869397803267225,0.2572631863640681,8.975305467713696,0.4657759964466095,0.6367092430591583,0.0002875888038567157,0.00020634398449777491,0.0012138369913314057,0.12568855964014705
1781868526.8324878,61.21996879577637,make_me_laugh,social_movie,social,1758,1,0.4322002224108764,0.4638028024476642,0.44800151242927033,1,0,0.4726453602313996,0.6086503565311432,0.08116573395521098,0.2566916479163721,9.278266819404761,0.465913861989975,0.6368587017059326,0.00020333419570515242,8.425460815156328e-05,0.0009248012150093193,0.12744808137404323
1781868526.8628778,61.25035881996155,make_me_laugh,social_movie,social,1759,1,0.42173464204204913,0.4623849291069287,0.4420597855744889,1,0,0.47286614775657654,0.6081099867820741,0.0864784436089036,0.257188997338657,9.361907596644201,0.46560177206993103,0.6372395753860474,0.0004924072282137886,0.00028907303250863623,0.0020729225586866846,0.1281029182588687
1781868526.897658,61.285139083862305,make_me_laugh,social_movie,social,1760,1,0.45844595325643955,0.45539845135442286,0.45692220230543124,1,0,0.47280052304267883,0.6073445498943328,0.07846888047680235,0.2561015362595678,9.031325936029333,0.4655444324016571,0.6357036828994751,0.0015369624484244569,0.0010445552202106682,0.002836579109122461,0.12536757116013136
1781868526.932239,61.31972002983093,make_me_laugh,social_movie,social,1761,1,0.45254972703909235,0.4247163277858444,0.43863302741246835,1,0,0.4721503734588623,0.606804609298706,0.08062963606387039,0.2571170771088763,7.941546487576057,0.4655854254961014,0.635504424571991,0.0002034313517231068,0.00133353109670135,0.0014948677709781032,0.12595763612995042
1781868526.9676569,61.35513782501221,make_me_laugh,social_movie,social,1762,1,0.4309066595691797,0.38951322959028645,0.41020994457973303,1,0,0.47203237414360044,0.6061686217784882,0.07891506972370212,0.25871279871148084,8.080571959353538,0.4652380645275116,0.6344410181045532,0.0011187014603941724,0.0009152701086710656,0.006653784467142645,0.13047393741890545
1781868527.000375,61.387856006622314,make_me_laugh,social_movie,social,1763,1,0.43341408765442396,0.3990601753298191,0.4162371314921215,1,0,0.47124615013599397,0.6052347838878631,0.075620794500735,0.25859867672059644,7.4464888157419304,0.4644678235054016,0.633244514465332,0.0014229870662836644,0.00030428560588949207,0.0068781268891519075,0.12961460265874689
1781868527.035649,61.42313003540039,make_me_laugh,social_movie,social,1764,1,0.40705557757436944,0.4278084865480203,0.41743203206119484,1,0,0.47071945369243623,0.6043671786785125,0.07433064711589045,0.2577600518531575,7.567157680578966,0.4643898904323578,0.6335745453834534,0.00033910760945467906,0.0010838794568289855,0.006428207867090637,0.13029033570664092
1781868527.072106,61.45958685874939,make_me_laugh,social_movie,social,1765,1,0.4451695766687216,0.43517731731819825,0.44017344699345995,1,0,0.4698906183242798,0.6031534433364868,0.07375218522837049,0.2586953584067113,7.369125960074688,0.46392977237701416,0.6319707632064819,0.0016684801155615967,0.0013293725061069178,0.0023954673199351236,0.12786911670455206
1781868527.104615,61.492095947265625,make_me_laugh,social_movie,social,1766,1,0.4294877108867967,0.47235898046808344,0.4509233456774401,1,0,0.46935886740684507,0.6029595017433167,0.06710653301446583,0.2588211474982511,7.043099626716437,0.4635235071182251,0.6312660574913025,0.0008134258451177431,0.0008550542704438536,0.002035636595462188,0.13048456468614306
1781868527.1391098,61.5265908241272,make_me_laugh,social_movie,social,1767,1,0.4142307231927814,0.45060527701426123,0.4324180001035213,1,0,0.46878454387187957,0.6024242520332337,0.0686807606320119,0.2578895526808258,7.230901708940123,0.4633341431617737,0.6309654116630554,0.0003553120066157358,0.00045811383850200737,0.0019343169590036618,0.12955596716220452
1781868527.174232,61.561712980270386,make_me_laugh,social_movie,social,1768,1,0.3954979819165833,0.48350838435145854,0.4395031831340209,1,0,0.4687347441911698,0.6019736647605896,0.07382976849304661,0.26009908743497484,7.2902026155667015,0.4627577066421509,0.6305162012577057,0.0007308002801240021,0.0003754882735082663,0.0005534535144947132,0.1308092446315334
1781868527.20891,61.59639096260071,make_me_laugh,social_movie,social,1769,1,0.41333122051229665,0.4723568909027821,0.4428440557075394,1,0,0.4683993488550186,0.6021373629570007,0.07242493943605442,0.24933637386392155,6.683138015630401,0.46232105791568756,0.631889134645462,0.0014406971220690902,0.0007098968419450881,0.0009428691104649266,0.12960354579164488
1781868527.241565,61.62904596328735,make_me_laugh,social_movie,social,1770,1,0.41782953605314466,0.4943748216419512,0.4561021788475479,1,0,0.4681777238845825,0.6022579193115234,0.07480203344518858,0.255264958922852,6.910402272485811,0.4619455933570862,0.6316695213317871,0.00043497545023714893,0.0010057216718319412,0.0015783698563571213,0.1293265759036313
1781868527.278412,61.66589307785034,make_me_laugh,social_movie,social,1771,1,0.42243260648723724,0.4852781426725258,0.4538553745798815,1,0,0.4680595427751541,0.6020361900329589,0.07556993235367265,0.2556869317496572,6.5250128059850425,0.46183326840400696,0.6316121518611908,0.0001261275197597696,0.00030884793047737934,0.0015637757316257059,0.12940753972604832
1781868527.310239,61.69772005081177,make_me_laugh,social_movie,social,1772,1,0.4499053116557202,0.5128663914319253,0.48138585154382274,1,0,0.46799697577953336,0.6016535878181457,0.08100326065723039,0.25517078669998133,7.200544365006298,0.46162059903144836,0.6312097311019897,0.0004551601140921898,0.00032903259433242024,0.0025225635910116682,0.12677584355163313
1781868527.3455439,61.73302483558655,make_me_laugh,social_movie,social,1773,1,0.463124470817286,0.49639940492091617,0.4797619378691011,1,0,0.4677193909883499,0.6017684757709503,0.07924719760941809,0.2570908846977729,6.626658987110827,0.46151986718177795,0.6307978630065918,0.0004240073508145305,3.115276327765934e-05,0.0018318902735798399,0.12721526280632484
1781868527.379328,61.76680898666382,make_me_laugh,social_movie,social,1774,1,0.43381437185971244,0.46601543915341664,0.44991490550656454,1,0,0.46777118742465973,0.6019383251667023,0.07928510392428816,0.25332235795698627,5.838188915507187,0.4611810892820358,0.6313515901565552,0.0006491411417867863,0.00022513379097225582,0.0013609322888856912,0.12917646260406554
1781868527.416364,61.803844928741455,make_me_laugh,social_movie,social,1775,1,0.42819345872140746,0.4388119239442465,0.433502691332827,1,0,0.46799941956996916,0.6014775156974792,0.08081538696476895,0.2552804918965814,6.059195386338976,0.4613645225763321,0.6305013298988342,0.0008698219813939354,0.0002206808396071491,0.0011377745022621447,0.127901407219453
1781868527.449114,61.83659505844116,make_me_laugh,social_movie,social,1776,1,0.4294969946222614,0.4689916973722026,0.44924434599723195,1,0,0.46758689880371096,0.6017857134342194,0.07899672395141868,0.25084583506368735,5.948021563564188,0.46115028858184814,0.6310746073722839,0.0006119994002917223,0.0002578225811022131,0.0011555643972862976,0.12738624884454489
1781868527.483132,61.87061285972595,make_me_laugh,social_movie,social,1777,1,0.41643654540327124,0.452451300075232,0.4344439227392516,1,0,0.46769897639751434,0.6014160871505738,0.07786252219046816,0.2517666967394175,5.555758746357674,0.4613734632730484,0.630914717912674,0.00027453885351021433,0.00033746054678150797,0.001184300914373184,0.12717535856401882
1781868527.518455,61.90593600273132,make_me_laugh,social_movie,social,1778,1,0.40965500131045596,0.4552580642340035,0.43245653277222973,1,0,0.4677223265171051,0.601778757572174,0.07827319777678118,0.2533784992504859,5.690624886538388,0.4616139382123947,0.6311075687408447,0.0003082525561609627,3.371370265074834e-05,0.0012331546069489917,0.12921081909380183
1781868527.552201,61.93968200683594,make_me_laugh,social_movie,social,1779,1,0.41890610050074956,0.44328838069739873,0.43109724059907417,1,0,0.46786091923713685,0.6018577933311462,0.07929793455101053,0.25024520284512036,5.276725194070551,0.4613965004682541,0.6320100724697113,0.0009283276109192487,0.0006200750547582861,0.0005438336328146962,0.1299385151705109
1781868527.5867672,61.97424817085266,make_me_laugh,social_movie,social,1780,1,0.41667997799898004,0.45139824657456845,0.4340391122867743,1,0,0.46823560893535615,0.6016314923763275,0.08306250939362879,0.25310831045835636,6.046700383681543,0.46170467138290405,0.6310701966285706,0.0009891086438790341,6.0781032959785386e-05,0.0004735423854517806,0.1286764869892914
1781868527.624197,62.011677980422974,make_me_laugh,social_movie,social,1781,1,0.4386255114467508,0.4463437769075699,0.4424846441771604,1,0,0.4680334240198135,0.6017779350280761,0.08696923250741719,0.25103253568479267,6.680974049545263,0.46149519085884094,0.631679117679596,0.0006439463769162939,0.0003451622669627402,0.0002317674941651267,0.12706298627573653
1781868527.6552,62.042680978775024,make_me_laugh,social_movie,social,1782,1,0.4327422280501169,0.4478403652012324,0.4402912966256747,1,0,0.46825475096702573,0.6017256200313568,0.07924892223126011,0.25516540226823636,6.179269790554314,0.4618312269449234,0.6311091780662537,0.0006616278515951176,1.7681474678823668e-05,0.0005054228256984139,0.1280756363744689
1781868527.689117,62.076597929000854,make_me_laugh,social_movie,social,1783,1,0.42236430931194685,0.4469384388980241,0.43465137410498544,1,0,0.4683353632688522,0.602065485715866,0.0784367229385746,0.25054639822649344,7.47465595085017,0.4618448317050934,0.6317646205425262,0.0006555836553801645,6.044196214953111e-06,0.00030707468732845203,0.12920682069737752
1781868527.7243469,62.1118278503418,make_me_laugh,social_movie,social,1784,1,0.4325029695158954,0.4795875113890065,0.456045240452451,1,0,0.46829440295696256,0.6023792684078217,0.08287754781191821,0.2552544730576536,6.783998620456325,0.4617328345775604,0.6316617727279663,0.0001520560078898199,0.0005035276474903446,0.0010147239740940462,0.12802159508649014
1781868527.7577379,62.14521884918213,make_me_laugh,social_movie,social,1785,1,0.4300190063613231,0.4779425693815387,0.4539807878714309,1,0,0.4682248592376709,0.6022498190402985,0.07557787922917893,0.25607050429451644,6.011821003629584,0.4620083421468735,0.6311985552310944,0.0005389572062391392,0.0003869011983493193,0.0017075626284024912,0.1278665574463269
1781868527.792728,62.180208921432495,make_me_laugh,social_movie,social,1786,1,0.4659266323920377,0.5001148455662386,0.48302073897913816,1,0,0.46823364198207856,0.6018735945224762,0.0785642004093433,0.2551736008762323,6.621235837372479,0.46185970306396484,0.6308630108833313,0.00036699262429053947,0.00017196458194859975,0.0012018760643192307,0.12604792370096782
1781868527.828172,62.21565294265747,make_me_laugh,social_movie,social,1787,1,0.42875098254150623,0.4823772738868077,0.4555641282141569,1,0,0.4679346114397049,0.6020693302154541,0.07986945240837161,0.25432957958401015,6.333751373919569,0.46155889332294464,0.6312798857688904,0.0005140731178563407,0.0001470804935658012,0.0012910921984602508,0.1278036271904999
1781868527.861592,62.24907302856445,make_me_laugh,social_movie,social,1788,1,0.42484393563653067,0.47781487344930906,0.45132940454291987,1,0,0.46803200244903564,0.6013123333454132,0.085919260950075,0.2576706617291852,5.895718547926207,0.46144673228263855,0.629635214805603,0.0016484910301372876,0.001134417912280947,0.0018794529092968657,0.12775783953345168
1781868527.895595,62.28307604789734,make_me_laugh,social_movie,social,1789,1,0.4499854745682469,0.4534548667474974,0.4517201706578722,1,0,0.4674909144639969,0.6012350618839264,0.07572253450237973,0.25213539231460974,6.109058566751755,0.46129997074604034,0.6301931440830231,0.0005769090285539989,0.0010715820015832888,0.002719431271340193,0.12839150529994026
1781868527.93216,62.31964087486267,make_me_laugh,social_movie,social,1790,1,0.44813219358051415,0.4751907222689897,0.4616614579247519,1,0,0.4668083965778351,0.5998545289039612,0.0781337337627133,0.25238650417755976,4.970296388492202,0.4610898196697235,0.6299473345279694,0.0003233972978131186,0.00025351173074088034,0.0018719818102583491,0.12910291450015796
1781868527.965703,62.35318398475647,make_me_laugh,social_movie,social,1791,1,0.4527222177063787,0.47652708982614084,0.4646246537662598,1,0,0.46662844717502594,0.5985795855522156,0.0772628949910974,0.2527679405161534,4.403553163036645,0.4607926905155182,0.6292827725410461,0.0007279617907157664,0.0004045644929026478,0.001971014461382851,0.12797348864391261
1781868528.000273,62.38775396347046,make_me_laugh,social_movie,social,1792,1,0.45184793764770187,0.487163135751091,0.46950553669939643,1,0,0.46613048017024994,0.5975562691688537,0.07190303965410136,0.24973652477722066,4.557926798544284,0.4604642689228058,0.6289316117763519,0.0004808062241905528,0.00024715556652521356,0.006752716542932379,0.12764117742754297
1781868528.034741,62.42222189903259,make_me_laugh,social_movie,social,1793,1,0.44635253596013724,0.47100113957172357,0.4586768377659304,1,0,0.4661399215459824,0.5975578844547271,0.0796001979908507,0.25349369274581035,4.870459921536416,0.4602343589067459,0.6282726526260376,0.0006979153080909154,0.00021710908390036262,0.005248113000176946,0.13003130475423907
1781868528.069128,62.45660901069641,make_me_laugh,social_movie,social,1794,1,0.4237842340066176,0.4481614845494864,0.43597285927805196,1,0,0.4655184060335159,0.5977722942829132,0.07852693373487785,0.2530438608533725,5.588695834713825,0.46006567776203156,0.6277712881565094,0.0005289798293767324,0.00016893547871418303,0.008445688517724325,0.13090287015319105
1781868528.1034229,62.49090385437012,make_me_laugh,social_movie,social,1795,1,0.40883664990970586,0.4554991773549924,0.43216791363234913,1,0,0.46523635983467104,0.5975594758987426,0.08121388986416926,0.24966254519009884,5.6482431680317156,0.45917367935180664,0.6287134885787964,0.001297460134108772,0.0007684803047320395,0.0026534718079715643,0.13200051765224383
1781868528.13696,62.52444100379944,make_me_laugh,social_movie,social,1796,1,0.4059904747524626,0.45848728018601487,0.4322388774692387,1,0,0.4648375064134598,0.5970548689365387,0.08207146630849009,0.2541923238614403,5.00472210707659,0.4586493968963623,0.6277515590190887,0.0010955275308845867,0.00020193260322418517,0.0020448477862510988,0.1304838725612841
1781868528.172471,62.55995202064514,make_me_laugh,social_movie,social,1797,1,0.4416551399181143,0.4836548442234725,0.4626549920707934,1,0,0.4646303236484528,0.5967486679553986,0.08005547186070845,0.2532009907462691,4.657646910650808,0.4583699554204941,0.6274484992027283,0.00041222905129048804,0.0006832984795940987,0.0019893410496881416,0.1282662836501619
1781868528.206568,62.59404897689819,make_me_laugh,social_movie,social,1798,1,0.4317737493127618,0.4746816334102975,0.4532276913615296,1,0,0.46430723965167997,0.5970627725124359,0.08281678297820501,0.25432955520846073,4.215388948392215,0.4579777419567108,0.6275615692138672,0.00040818651201603964,4.042539274448393e-06,0.0014205941381408758,0.1295160032388806
1781868528.241894,62.629374980926514,make_me_laugh,social_movie,social,1799,1,0.45156902510134045,0.4478965426875943,0.44973278389446736,1,0,0.4637148678302765,0.5967260062694549,0.07443511114844424,0.2528759655557771,4.204066593823436,0.45803308486938477,0.6278864145278931,0.0003295258958379574,7.866061617808223e-05,0.0026826429065238497,0.12811856731476576
1781868528.276777,62.66425800323486,make_me_laugh,social_movie,social,1800,1,0.4264675031915862,0.4489975630138905,0.43773253310273835,1,0,0.46332750618457796,0.596280837059021,0.07845212132385733,0.2517455156589169,4.01327030143811,0.45764945447444916,0.6275196373462677,0.0005307520898493923,0.00020122619401143483,0.004709233274132024,0.1288444477092103
1781868528.309817,62.69729804992676,make_me_laugh,social_movie,social,1801,1,0.42838797093612935,0.44913736607597843,0.4387626685060539,1,0,0.4628680378198624,0.5962757349014283,0.0810391334227635,0.2511380588453554,4.278831369507209,0.457015261054039,0.6276746988296509,0.0006528746879153189,0.00012212259806592665,0.00231589733733152,0.12910067361653488
1781868528.344967,62.73244786262512,make_me_laugh,social_movie,social,1802,1,0.4289604541879733,0.4754693633917693,0.4522149087898713,1,0,0.46262359917163853,0.5962412834167481,0.07869386269559064,0.2529778808327562,3.9352607229481396,0.456766813993454,0.6274199485778809,0.00035584214574755745,0.00029703254216776145,0.0013737048432808923,0.12960495177566259
1781868528.378989,62.766469955444336,make_me_laugh,social_movie,social,1803,1,0.41378676608281634,0.4622657618341062,0.4380262639584613,1,0,0.46243521571159363,0.5958843052387237,0.08028237841057616,0.2542583078664444,3.6952773494059477,0.4565800726413727,0.6270148456096649,0.0004460725809041825,9.023043515662504e-05,0.0016876920452816061,0.131692054969124
1781868528.4121861,62.79966711997986,make_me_laugh,social_movie,social,1804,1,0.40594101843378755,0.449916150003256,0.42792858421852176,1,0,0.4621688991785049,0.5958591878414154,0.07627658804285464,0.25400173426141975,3.751906872363648,0.45656099915504456,0.627283126115799,0.0002689576692571569,0.00017711491164702558,0.0013000974577008777,0.13056355238873235
1781868528.481666,62.869147062301636,make_me_laugh,social_movie,social,1805,1,0.43894390932890526,0.4568421735566253,0.4478930414427653,1,0,0.46187404096126555,0.5955841839313507,0.0738786190488241,0.2554022083844636,3.86803598068497,0.4564155489206314,0.6264900863170624,0.0008062678792256222,0.0005373102099684652,0.012265820213283296,0.12866061137175328
1781868528.5162728,62.90375375747681,make_me_laugh,social_movie,social,1806,1,0.43989567151709696,0.46761227339271527,0.4537539724549061,1,0,0.4615209102630615,0.5960108935832977,0.07269077703144215,0.2521463920141466,3.15264595062444,0.4564560651779175,0.6268700659275055,0.00038213357802864274,0.0004241343011969794,0.011323663900276788,0.127983343118741
1781868528.549799,62.93727993965149,make_me_laugh,social_movie,social,1807,1,0.4319372673445506,0.4451016358274123,0.4385194515859815,1,0,0.4614777624607086,0.5961715936660766,0.07135256166142824,0.24873103951289247,3.8043305039931865,0.4563775658607483,0.6274719536304474,0.0006069851314066098,0.00022485155337796702,0.01248174807270897,0.12886058913114745
1781868528.583858,62.971338987350464,make_me_laugh,social_movie,social,1808,1,0.41832196793002535,0.44005181344608774,0.42918689068805654,1,0,0.4614715307950974,0.5959306001663208,0.07441869817476048,0.25004293392355176,4.507035814449622,0.45632193982601166,0.6268950402736664,0.0005795888861709214,2.739624523568837e-05,0.0018121853868741868,0.12901836962797514
1781868528.619127,63.00660800933838,make_me_laugh,social_movie,social,1809,1,0.4101855883753292,0.44608249068057976,0.4281340395279545,1,0,0.46133614182472227,0.5960853874683381,0.07111198194833182,0.25016249660250434,3.8615090408683885,0.4563964158296585,0.6273837387561798,0.0004943408560195412,8.524803015138021e-05,0.0020261077898101757,0.12967681960560626
1781868528.6542609,63.04174184799194,make_me_laugh,social_movie,social,1810,1,0.4274118292470575,0.45592328454155356,0.44166755689430554,1,0,0.46140913367271424,0.5962513446807861,0.07262783612826253,0.25229663966092397,4.004066857095123,0.45623114705085754,0.6269081830978394,0.0005034550162884315,9.114160268890344e-06,0.001407001852203117,0.12889775177565035
1781868528.688183,63.075664043426514,make_me_laugh,social_movie,social,1811,1,0.43792796478356477,0.4453073660406705,0.44161766541211767,1,0,0.46142149269580846,0.5962491989135742,0.07760658947851745,0.2513387674820453,3.9366870013127278,0.45602743327617645,0.6269248425960541,0.00020439383766538745,0.0002990611786230441,0.0018030171305931416,0.12886002731334856
1781868528.722226,63.10970687866211,make_me_laugh,social_movie,social,1812,1,0.4356471753177653,0.43944317706720865,0.437545176192487,1,0,0.461339196562767,0.5961615443229675,0.06199274542544957,0.25120170652142837,4.2674497341107624,0.4567761719226837,0.6270393431186676,0.0007574430212579021,0.0005530491835925147,0.009021108033600629,0.12997348508385234
1781868528.757428,63.1449089050293,make_me_laugh,social_movie,social,1813,1,0.42270906582378887,0.45450453373091587,0.4386067997773524,1,0,0.46151511967182157,0.5961888492107392,0.06928601707420963,0.25194238118186224,3.6712632833959096,0.4564756751060486,0.6273341178894043,0.00042094002217741037,0.00033650299908049176,0.00951230010216136,0.12991117848902975
1781868528.790963,63.178443908691406,make_me_laugh,social_movie,social,1814,1,0.41558378903084325,0.45610634468810446,0.4358450668594739,1,0,0.4616879940032959,0.5963274598121643,0.07214203396186822,0.25295058041938595,3.6585926493165193,0.4564439356327057,0.6279112994670868,0.0005780536028640756,0.00015711358068666527,0.0016382022718520323,0.1299382650349164
1781868528.827253,63.21473407745361,make_me_laugh,social_movie,social,1815,1,0.4250076563360142,0.45527060748703446,0.4401391319115243,1,0,0.4614603728055954,0.5970949888229371,0.0705289090589838,0.25488130242337437,3.8867096103692003,0.45658449828624725,0.6273742020130157,0.0005551860361538681,2.28675667102075e-05,0.001446808737649989,0.13242014650523132
1781868528.860332,63.2478129863739,make_me_laugh,social_movie,social,1816,1,0.4394895625097923,0.44485318279565783,0.4421713726527251,1,0,0.46166721880435946,0.5968242883682251,0.06615078743080258,0.2532262614293561,3.576507048998225,0.4568679928779602,0.6272826790809631,0.0002979020487039326,0.00025728398744993554,0.0015651277831459382,0.13005792269478605
1781868528.8954,63.282881021499634,make_me_laugh,social_movie,social,1817,1,0.427026233152344,0.46488304773333733,0.44595464044284067,1,0,0.4616858631372452,0.596799349784851,0.0735527473063428,0.2513434290327828,3.3235667145910295,0.4565378427505493,0.6277969181537628,0.0006110981350186754,0.0003131960863147428,0.0012713283442284254,0.1282983542186231
1781868528.9312289,63.31870985031128,make_me_laugh,social_movie,social,1818,1,0.4138775015027378,0.46967850663061483,0.44177800406667633,1,0,0.4617006152868271,0.5970831573009492,0.07467791824749952,0.2522137900460898,2.9278862714386062,0.4563679099082947,0.6280450820922852,0.0003007698642810797,0.0003103282707375957,0.004991948884638014,0.12859468169054236
1781868528.9642181,63.351699113845825,make_me_laugh,social_movie,social,1819,1,0.4226989836896891,0.4770795024168939,0.4498892430532915,1,0,0.46200806796550753,0.5971265077590943,0.08046996984538259,0.25238264047289755,3.9194565547714535,0.4564814865589142,0.6281974911689758,0.00019007414927772062,0.00011069571500335907,0.006461525634464472,0.12967907749327123
1781868528.9988868,63.38636779785156,make_me_laugh,social_movie,social,1820,1,0.40604215647067543,0.4820087916005798,0.44402547403562764,1,0,0.46184192001819613,0.5970812201499939,0.07280446256539062,0.25241204033342324,3.383354430089391,0.4568527936935425,0.6283273100852966,0.00039334709768928326,0.00020327294841156264,0.008480437184072074,0.12901553591083406
1781868529.031801,63.41928195953369,make_me_laugh,social_movie,social,1821,1,0.44309639080731117,0.47263856487425054,0.45786747784078086,1,0,0.46174325346946715,0.5973777949810029,0.07301431003254466,0.25116422325470306,3.5293044709025585,0.45631930232048035,0.6285228729248047,0.0005682058335921718,0.0001748587359028885,0.016030914523132933,0.1289368832112139
1781868529.067534,63.45501494407654,make_me_laugh,social_movie,social,1822,1,0.450798712219128,0.45562491170026576,0.45321181195969684,1,0,0.4618208110332489,0.5971595048904419,0.07475013444677323,0.2517707663989314,3.0853069290859696,0.4564923495054245,0.6286995112895966,0.00024727806237804763,0.0003209277712141241,0.005699313951232558,0.12988417517364476
1781868529.1003609,63.487841844558716,make_me_laugh,social_movie,social,1823,1,0.4405625899697172,0.47486511603556963,0.45771385300264344,1,0,0.4616443634033203,0.5970097005367279,0.07358287890715236,0.25349864310050163,2.747778045721098,0.4565669894218445,0.6285723745822906,0.0001474274718896387,9.985059048840894e-05,0.00551202289158951,0.12905147919486798
1781868529.135788,63.523268938064575,make_me_laugh,social_movie,social,1824,1,0.42323574297967304,0.47292038374478806,0.44807806336223055,1,0,0.4612370014190674,0.5975492179393769,0.06917257535991508,0.2539257330561098,2.745522801849352,0.4564252197742462,0.6277009546756744,0.0008828767108872804,0.0007354492389976417,0.0016404981786604861,0.12954240151742594
1781868529.1702569,63.557737827301025,make_me_laugh,social_movie,social,1825,1,0.4287027860978136,0.47346410260745986,0.4510834443526367,1,0,0.46133534908294677,0.5973138630390167,0.06661909743823528,0.25473121115444386,2.9163526714971346,0.45655369758605957,0.6273877918720245,0.00033849296849154046,0.0005443837423957399,0.0018066351227957332,0.12885070183481545
1781868529.20683,63.594310998916626,make_me_laugh,social_movie,social,1826,1,0.43845608502802436,0.4702898980686749,0.45437299154834965,1,0,0.4614400267601013,0.5975293457508087,0.06909180598427574,0.25279908148908536,2.8040605133368457,0.4564969539642334,0.6281951665878296,0.0008093662769965419,0.0004708733085050014,0.0009053285591939357,0.12895295963874212
1781868529.239629,63.62711000442505,make_me_laugh,social_movie,social,1827,1,0.42441569664085477,0.4643001788337399,0.44435793773729737,1,0,0.46162201762199406,0.5971137404441833,0.07248740173806181,0.2559671386748114,3.407601794742829,0.4563581049442291,0.6280310451984406,0.00021497646571458728,0.0005943898112819546,0.0011534949856487754,0.13023147774376426
1781868529.274623,63.66210389137268,make_me_laugh,social_movie,social,1828,1,0.419123314068272,0.4885391725977488,0.4538312433330104,1,0,0.46173820495605467,0.5972235798835754,0.07517034796625864,0.25587250536798506,3.3426582670134026,0.4563824236392975,0.6285707354545593,0.0005402378841578737,0.0003252614184432864,0.0018524371916959924,0.13075770078652635
1781868529.308277,63.69575786590576,make_me_laugh,social_movie,social,1829,1,0.42410590435072926,0.47540134666851375,0.4497536255096215,1,0,0.4616724908351898,0.5971918463706971,0.07547581415952888,0.25404030939199523,3.09009329808112,0.4563870429992676,0.6282476782798767,0.0003230901988616311,0.0002171476852962426,0.0014124668693353602,0.12891262061783007
1781868529.343471,63.73095202445984,make_me_laugh,social_movie,social,1830,1,0.4465581115040474,0.48551427859644014,0.46603619505024374,1,0,0.4617556184530258,0.5970412850379945,0.07727458780342362,0.2529853818931706,3.6266123284783234,0.45645493268966675,0.6283487379550934,0.00012174591581402204,0.00020134428304760906,0.0026860539735066237,0.1285075570093286
1781868529.3770938,63.76457476615906,make_me_laugh,social_movie,social,1831,1,0.42746912613546434,0.48372965335685336,0.4555993897461589,1,0,0.4618712306022644,0.5970020830631256,0.07939554825402168,0.25522608551847414,3.5783261728738456,0.4562366008758545,0.627718061208725,0.0006673993851753169,0.000545653469361295,0.0028318863698488053,0.1290076122718513
1781868529.4119968,63.79947781562805,make_me_laugh,social_movie,social,1832,1,0.4389179104397542,0.48914685202355296,0.4640323812316536,1,0,0.4616803526878357,0.5973815023899078,0.07591823617445093,0.2523667015819995,2.97721064141236,0.4562743008136749,0.6283594071865082,0.0006424530710723995,2.4946314102917478e-05,0.0019285622767321153,0.12890056672580413
1781868529.446178,63.833658933639526,make_me_laugh,social_movie,social,1833,1,0.4554252171646836,0.4423341281171332,0.4488796726409084,1,0,0.4617331176996231,0.597618317604065,0.06893686619781936,0.2519088086715166,3.3502549565268036,0.4565694332122803,0.6285563111305237,0.00035478767717524455,0.0002876653938971549,0.001580834616740015,0.13068378547316084
1781868529.481198,63.86867904663086,make_me_laugh,social_movie,social,1834,1,0.43492530411100144,0.4633302743089311,0.44912778920996627,1,0,0.4619008094072342,0.5974105179309845,0.07198756842620796,0.2534309585812712,3.4209356870271206,0.4567255228757858,0.6284158229827881,0.00021000214929246724,0.00014478552788277732,0.0018157080732715397,0.12999923455601342
1781868529.51497,63.902451038360596,make_me_laugh,social_movie,social,1835,1,0.4255201944726445,0.47578368726564757,0.45065194086914606,1,0,0.46180896162986756,0.5972113370895386,0.07334562484358792,0.2547145487059853,3.718087414537142,0.45685143768787384,0.6280650794506073,0.0003726601203104696,0.00016265797101800239,0.0010903760132380267,0.1294326225666235
1781868529.549286,63.93676686286926,make_me_laugh,social_movie,social,1836,1,0.44346487005563,0.4933194559396191,0.46839216299762454,1,0,0.4617472976446152,0.5974048435688019,0.07025449273857522,0.2558259793926953,4.1169613547863255,0.45678436756134033,0.6275116205215454,0.0005575080161141673,0.00018484789580369763,0.005513594162490323,0.12797168847557716
1781868529.583167,63.97064805030823,make_me_laugh,social_movie,social,1837,1,0.43176881663834576,0.48834294525945,0.4600558809488979,1,0,0.4619783490896225,0.597478860616684,0.07601704072125937,0.254227308851632,4.158602833421617,0.4567095637321472,0.6276327669620514,0.00014238002988208024,0.00041512798623208704,0.0011368910582394256,0.12801498400682593
1781868529.6191201,64.00660109519958,make_me_laugh,social_movie,social,1838,1,0.45914515440455245,0.4785988754689087,0.4688720149367306,1,0,0.4619687408208847,0.5973823606967926,0.07194774244616005,0.2535811455334605,3.8231925177008836,0.4569300264120102,0.6279287338256836,0.00036905308233457096,0.00022667305245249072,0.0016103508755931338,0.12778268089242342
1781868529.652687,64.0401680469513,make_me_laugh,social_movie,social,1839,1,0.4325785645159354,0.4663750905358838,0.44947682752590956,1,0,0.461870002746582,0.5975513517856598,0.07235791776134502,0.2531890997741066,4.0786770724169195,0.45678406953811646,0.6281720101833344,0.0002837019478760261,8.535113445854483e-05,0.000987053835555044,0.12811892246114162
1781868529.687398,64.07487893104553,make_me_laugh,social_movie,social,1840,1,0.44288273902460523,0.45347401620902983,0.44817837761681756,1,0,0.4617397665977478,0.5976600885391236,0.07084611130159071,0.25359766946755463,3.3309717579041314,0.45682722330093384,0.6285445988178253,0.00037507937532893244,9.137742745290631e-05,0.0013394847623206909,0.12750417133203956
1781868529.7221482,64.10962915420532,make_me_laugh,social_movie,social,1841,1,0.4339615298032425,0.4697871697397778,0.45187434977151014,1,0,0.4619473457336426,0.5979799509048462,0.0727083029610583,0.2536557705833563,3.745456888669317,0.45695529878139496,0.6285484433174133,0.00012813316851006658,0.00024694620681886586,0.0017457684765125132,0.12849666813036514
1781868529.756337,64.14381790161133,make_me_laugh,social_movie,social,1842,1,0.42798658765692,0.45391373377734257,0.4409501607171313,1,0,0.46201581656932833,0.5983206987380981,0.07756024081373279,0.2541671915479484,3.5663200481713706,0.45669907331466675,0.6284996867179871,0.0002608231120658271,0.0001326899435557605,0.0008635483936673355,0.1291764757271262
1781868529.790664,64.17814493179321,make_me_laugh,social_movie,social,1843,1,0.4197021390677392,0.4695645036109463,0.44463332133934275,1,0,0.46194853186607365,0.5984382271766662,0.07595908338672182,0.2516168251451101,3.075274684169599,0.45658260583877563,0.6290242969989777,0.000537383122047468,0.00027656000998164097,0.0013500750188269826,0.12779265073772664
1781868529.827219,64.2146999835968,make_me_laugh,social_movie,social,1844,1,0.43866666479389427,0.45026354006473573,0.44446510242931503,1,0,0.4620331674814224,0.5984319150447845,0.07707021778739696,0.25168798137518045,3.070522267600058,0.4565661698579788,0.6284246444702148,0.0005998777348063477,6.249461275887962e-05,0.0013492625297437013,0.1283590245844757
1781868529.859682,64.24716305732727,make_me_laugh,social_movie,social,1845,1,0.4388037535796359,0.4290048835268777,0.43390431855325684,1,0,0.46235109865665436,0.5980075597763062,0.0741197042812528,0.2509598377654318,3.7953441272307855,0.4570689797401428,0.6289501488208771,0.0007273050255337925,0.00012742729072744477,0.0011513906215624649,0.1289468577574289
1781868529.894229,64.28170990943909,make_me_laugh,social_movie,social,1846,1,0.43253648023083835,0.4179871900628946,0.42526183514686644,1,0,0.4620841979980469,0.598414945602417,0.07815627304878472,0.24746132606750082,3.157945610387321,0.4566580057144165,0.6297721266746521,0.0009189925146149407,0.00019168748908114826,0.0005362080093868577,0.1301573941411456
1781868529.928989,64.31646990776062,make_me_laugh,social_movie,social,1847,1,0.4244047176657883,0.40393515141793557,0.4141699345418619,1,0,0.46205775141716005,0.5982478260993958,0.07307783210607981,0.24902047050387127,3.464978426912443,0.4569539874792099,0.6292330920696259,0.000614950006509483,0.0003040425081054577,0.001508767204830944,0.1305364890871616
1781868529.963116,64.35059690475464,make_me_laugh,social_movie,social,1848,1,0.4235521925260409,0.43536654173145956,0.4294593671287502,1,0,0.46190587878227235,0.5980698585510253,0.07324658395019451,0.25142110975857257,2.6028102831164768,0.45677655935287476,0.6288191378116608,0.0004503763622818435,0.0001645736442276395,0.002150832853164421,0.13019260325749293
1781868529.998286,64.38576698303223,make_me_laugh,social_movie,social,1849,1,0.4242160633747448,0.42427443017043787,0.42424524677259134,1,0,0.4620767831802368,0.5979721665382385,0.06957766086802561,0.2525092094404015,3.0121685518369463,0.456920862197876,0.6287053227424622,0.00018378569327379742,0.0002665906690080461,0.001220349547501059,0.12900333633990832
1781868530.03145,64.41893100738525,make_me_laugh,social_movie,social,1850,1,0.44044959845906034,0.43393572628282906,0.4371926623709447,1,0,0.46178320348262786,0.5980972409248353,0.07282136321778612,0.2535815825605397,2.4859779310613552,0.45675092935562134,0.6286624073982239,0.00017526807366953655,8.51761960426087e-06,0.0014992482033901,0.12874315362911176
1781868530.0661051,64.45358610153198,make_me_laugh,social_movie,social,1851,1,0.4364784832441324,0.42638786438843534,0.4314331738162839,1,0,0.4618292361497879,0.5985166609287262,0.06677135195275946,0.2521244087945391,3.5755333823219178,0.4569375216960907,0.6288907825946808,0.0002949100403149502,0.00011964196664541367,0.0017093488804450123,0.13101183099773442
1781868530.0994618,64.48694276809692,make_me_laugh,social_movie,social,1852,1,0.42628369108412617,0.42023004355910537,0.42325686732161577,1,0,0.4616677612066269,0.5988023579120636,0.06777756027218855,0.2502904766772165,2.880843739353409,0.45682117342948914,0.6291966736316681,0.0003272709055971167,3.23608652821665e-05,0.0015126502787964947,0.13010397410072502
1781868530.1339579,64.52143883705139,make_me_laugh,social_movie,social,1853,1,0.42650205347932396,0.431955510972635,0.4292287822259795,1,0,0.46172730922698973,0.5990036308765412,0.06871610369730305,0.2508006138816645,3.6315589242099544,0.45674049854278564,0.62933549284935,0.00016055906247369425,0.00016671184312342247,0.004355160210294727,0.1299579853763199
1781868530.169621,64.55710196495056,make_me_laugh,social_movie,social,1854,1,0.43774873041760254,0.4374303238211446,0.4375895271193736,1,0,0.46180321276187897,0.5984730243682861,0.0732198010365327,0.2504612463758297,4.582416534495178,0.4565890282392502,0.6293286383152008,0.0001516253194276172,8.933743046077037e-06,0.0009477999036123472,0.12873028144079238
1781868530.202901,64.59038186073303,make_me_laugh,social_movie,social,1855,1,0.42457363932028297,0.4397215313937794,0.4321475853570312,1,0,0.46154207587242124,0.5984259247779846,0.07042575532148768,0.25402088594109956,4.064962908545285,0.45687977969646454,0.6290527880191803,0.0004007864714369398,0.0002491611520093226,0.0013523772785433087,0.1285605671572877
1781868530.238911,64.6263918876648,make_me_laugh,social_movie,social,1856,1,0.4345547077280351,0.43808811124161845,0.4363214094848268,1,0,0.4616285920143127,0.5984560787677765,0.0695655785665469,0.2527206931463139,3.5763169668528936,0.4566873013973236,0.6289166510105133,0.00023575661341515344,0.00016502985802178637,0.003785072482284544,0.12894648160723302
1781868530.27312,64.66060090065002,make_me_laugh,social_movie,social,1857,1,0.4271362501976548,0.442862061201099,0.43499915569937686,1,0,0.4617781341075897,0.5983284950256348,0.07457427486334264,0.2560461456153853,3.681943963781142,0.4566415101289749,0.6287908554077148,0.00013387073593736044,0.000101885877477793,0.0015016970838699674,0.128509512258368
1781868530.306257,64.69373798370361,make_me_laugh,social_movie,social,1858,1,0.4193452835231645,0.43991990187366503,0.4296325926984148,1,0,0.46139479279518125,0.598693972826004,0.06774513739475752,0.2543109000296877,2.9959489994255426,0.45657357573509216,0.6296170651912689,0.0008289980025987348,0.0006951272666613743,0.001655159687661406,0.1293754896754215
1781868530.340575,64.72805595397949,make_me_laugh,social_movie,social,1859,1,0.4302969753756571,0.43935549099230026,0.43482623318397867,1,0,0.46154966652393337,0.5986568629741669,0.06592522282335173,0.2525503823020237,3.0009026821046096,0.45671623945236206,0.6295951902866364,0.00014433103504773046,0.0006846669675510043,0.0012999979709013034,0.12927074909512845
1781868530.375927,64.76340794563293,make_me_laugh,social_movie,social,1860,1,0.42407942647283703,0.460952195216505,0.442515810844671,1,0,0.46135757863521576,0.5987176358699798,0.0671937478451198,0.25080225586340793,3.2234277438735526,0.4563830643892288,0.6295294165611267,0.0003396053675389366,0.00019527433249120615,0.0021482933489944123,0.129856457193824
1781868530.410802,64.7982828617096,make_me_laugh,social_movie,social,1861,1,0.43670662746624345,0.4423904409981674,0.4395485342322054,1,0,0.46157475411891935,0.5981144070625306,0.07227875921489939,0.2527674545990113,4.050978115863448,0.4563053846359253,0.6284742951393127,0.0010579770124364799,0.0007183716448975433,0.0017067752210030444,0.12897292558886378
1781868530.444415,64.83189606666565,make_me_laugh,social_movie,social,1862,1,0.425163379602833,0.4721649820013202,0.4486641808020766,1,0,0.46146163940429685,0.597996288537979,0.07176230845413496,0.25330867710271426,4.0242278766901105,0.4562561362981796,0.6288219690322876,0.0003511446064330209,0.000706832406003459,0.0013484770632455866,0.12935206511242267
1781868530.480466,64.86794686317444,make_me_laugh,social_movie,social,1863,1,0.41911715920398,0.4708916923766607,0.44500442579032035,1,0,0.4615221470594406,0.5980449259281158,0.07174970037510761,0.25375087355821957,3.8840630286532143,0.45637694001197815,0.6293407380580902,0.0005326488894193875,0.00018150428298636657,0.001451742657949788,0.1300959647736664
1781868530.5142999,64.90178084373474,make_me_laugh,social_movie,social,1864,1,0.4250707520195924,0.45071789396719114,0.43789432299339176,1,0,0.4614385187625885,0.5978043615818024,0.07095829543789746,0.2504295458814854,3.835199843756143,0.45625922083854675,0.6294797658920288,0.0001821717387605162,0.00035047715065887126,0.007820046481468976,0.12902530681365124
1781868530.548407,64.9358880519867,make_me_laugh,social_movie,social,1865,1,0.3840123098373108,0.4484476971820179,0.4162300035096643,1,0,0.4611973464488983,0.5976259112358093,0.06921897466880665,0.25268972774642073,3.8548548724822878,0.4564422070980072,0.6285218298435211,0.0009752566042749237,0.0007930848655144074,0.007956546743318018,0.1301088394481684
1781868530.583661,64.97114205360413,make_me_laugh,social_movie,social,1866,1,0.39806261354472267,0.4574414623552575,0.42775203794999006,1,0,0.4612728774547577,0.5974296689033508,0.0711206572926008,0.2540714030071721,2.9361443639224065,0.4561920464038849,0.6283819377422333,0.0002866185145563454,0.0006886380897185784,0.003037050585829435,0.13076045858663002
1781868530.6177611,65.0052421092987,make_me_laugh,social_movie,social,1867,1,0.40617408548993883,0.4431638857416137,0.42466898561577626,1,0,0.4611884355545044,0.5974521338939667,0.0696819677485369,0.2501218837176269,3.314390697365967,0.45616888999938965,0.6286001801490784,0.00021946746276996538,6.715105178638e-05,0.0019303626563880146,0.12913376071035698
1781868530.6505642,65.03804516792297,make_me_laugh,social_movie,social,1868,1,0.40297718824206613,0.42894024499210565,0.4159587166170859,1,0,0.46134066283702846,0.5975782215595246,0.06918671238936823,0.25325570476573656,3.6248514878133142,0.4562486708164215,0.6284698843955994,0.00015278076495728294,6.668669781268244e-05,0.0018474688657894676,0.13145060326034944
1781868530.685697,65.07317805290222,make_me_laugh,social_movie,social,1869,1,0.42736820341690646,0.4127368400823281,0.42005252174961727,1,0,0.4614795416593552,0.5974523544311523,0.07429560810242473,0.25230772568275145,3.455234337835917,0.4561857283115387,0.6281870305538177,0.00028977241885925315,0.0001369916539019702,0.0035831874722336847,0.13054037788886128
1781868530.721401,65.10888195037842,make_me_laugh,social_movie,social,1870,1,0.41507788413362223,0.42275484228777793,0.4189163632107001,1,0,0.46144036054611204,0.5971951365470887,0.07640544651583463,0.2564115055729924,2.8857882677174036,0.45607754588127136,0.6271746456623077,0.0010181486172343803,0.0007283761983751272,0.0017741093842166824,0.12971277433433528
1781868530.754714,65.14219498634338,make_me_laugh,social_movie,social,1871,1,0.38407351496170955,0.4395277605830782,0.41180063777239384,1,0,0.4615898013114929,0.5971048533916473,0.0777925245197555,0.2555275651633689,2.9782958089054814,0.4563596695661545,0.628152459859848,0.00101770053477601,4.48082458370325e-07,0.0013073222660527596,0.1301106680414002
1781868530.789928,65.17740893363953,make_me_laugh,social_movie,social,1872,1,0.3670992015006825,0.42327757518956627,0.3951883883451244,1,0,0.4617947429418564,0.5969376564025879,0.07110602542350726,0.25467513993472557,2.614692453463068,0.45666977763175964,0.6281660795211792,0.0003104070030269169,0.0007072935317490931,0.001455739597346448,0.13037783608280218
1781868530.8240361,65.2115170955658,make_me_laugh,social_movie,social,1873,1,0.3657317755928338,0.39538118657136256,0.38055648108209816,1,0,0.46147094368934627,0.596744304895401,0.07543405068334182,0.2514351600105549,2.5654966999208058,0.4565174877643585,0.6285976767539978,0.0004576771515923943,0.00014727014856547743,0.002117659900299896,0.13030143204432101
1781868530.857294,65.24477505683899,make_me_laugh,social_movie,social,1874,1,0.38439311074355476,0.35655266558342047,0.3704728881634876,1,0,0.46170765459537505,0.5959804475307464,0.07442572744725214,0.25175813620780657,2.4648527726708562,0.4568209946155548,0.6280916929244995,0.0005900305453422238,0.0001323533937498295,0.0018849096425608276,0.13001016578776592
1781868530.891478,65.27895903587341,make_me_laugh,social_movie,social,1875,1,0.38752650829726737,0.3639712112878296,0.37574885979254846,1,0,0.4620419889688492,0.5958507597446442,0.07613909698917047,0.2530083352345863,2.8188276910730785,0.4566612094640732,0.6275453269481659,0.0005692513282628287,2.0779217079395108e-05,0.002023725672900883,0.12958097205241506
1781868530.928142,65.31562304496765,make_me_laugh,social_movie,social,1876,1,0.40579102189866006,0.33416434153463626,0.36997768171664813,1,0,0.46251201033592226,0.5961637556552888,0.07232078613625696,0.2541368581608256,2.010975237663991,0.45706942677497864,0.627218097448349,0.0005231830640161216,4.606826424670711e-05,0.001998770053005142,0.13340277782843787
1781868530.960653,65.34813404083252,make_me_laugh,social_movie,social,1877,1,0.4219439916389116,0.380349192885612,0.4011465922622618,1,0,0.4624741464853287,0.5964634537696838,0.07444872914553502,0.2505460532622785,3.2900487855639793,0.4569743871688843,0.6274476647377014,0.0002484626069797778,0.0002747204570363438,0.0013000429077835063,0.13253011139930948
1781868530.998264,65.38574504852295,make_me_laugh,social_movie,social,1878,1,0.41461289697800946,0.4089915337914565,0.41180221538473294,1,0,0.46234271824359896,0.5969974279403687,0.0726307765401787,0.2489646722768203,4.356321840337722,0.4570491760969162,0.627621203660965,0.00018896862608283987,5.9493980896937955e-05,0.0057540940644788905,0.1331321436003218
1781868531.030625,65.41810607910156,make_me_laugh,social_movie,social,1879,1,0.37796690376183684,0.39097638932845374,0.3844716465451453,1,0,0.46199476420879365,0.5964791417121886,0.08043197951947292,0.24581307116509538,3.8019791858592686,0.4564812183380127,0.6287269294261932,0.0012430629444192827,0.0010540943183364427,0.006141599278959598,0.13218146814712461
1781868531.064849,65.4523298740387,make_me_laugh,social_movie,social,1880,1,0.379514239404115,0.418288254706955,0.398901247055535,1,0,0.4621019572019577,0.5962452292442322,0.07908771088833458,0.2501611077319152,2.831542819239222,0.45693495869636536,0.6282314956188202,0.0006718146844823762,0.0005712482599369064,0.006927865777405621,0.13299154275512712
1781868531.098407,65.48588800430298,make_me_laugh,social_movie,social,1881,1,0.3920262666539988,0.41034216703717247,0.40118421684558564,1,0,0.4622765779495239,0.5958089113235474,0.07464124209911763,0.24978608986845535,2.7484520255159843,0.4571262001991272,0.6280171871185303,0.00028723064891323925,0.000384584035569137,0.006715200761802653,0.1317428780849712
1781868531.1333508,65.520831823349,make_me_laugh,social_movie,social,1882,1,0.388937908701861,0.41258080037940026,0.4007593545406306,1,0,0.4624552309513092,0.5956949591636658,0.0770128396927238,0.2490954450735738,2.711742254275721,0.456979364156723,0.6274373829364777,0.0005981084457476081,0.0003108777968343688,0.00435893188618158,0.13272402284322604
1781868531.168523,65.5560040473938,make_me_laugh,social_movie,social,1883,1,0.3943880663621046,0.4278580042254838,0.41112303529379424,1,0,0.4626907408237457,0.5954007089138031,0.07839989652706214,0.24943667035772696,3.8506178943385203,0.4567553550004959,0.6278487741947174,0.00046842594871512405,0.00012968249703248401,0.007997725075031716,0.13157656052188335
1781868531.202658,65.59013891220093,make_me_laugh,social_movie,social,1884,1,0.40544889272730456,0.44130289787592125,0.4233758953016129,1,0,0.4625652611255646,0.5953745663166046,0.08383030319757676,0.2508825341811797,4.048725139847391,0.4567299336194992,0.627424418926239,0.0004251160318044346,4.3309916910689466e-05,0.002109622732841479,0.1320943694307502
1781868531.23704,65.62452101707458,make_me_laugh,social_movie,social,1885,1,0.3936067851280856,0.43178094145804385,0.41269386329306473,1,0,0.46267117857933043,0.5945530891418457,0.0867990843955695,0.25147844149485143,3.3047980685805687,0.45654480159282684,0.6269207298755646,0.0005366344445422169,0.00011151841273778228,0.0033728475671825123,0.1322679722810124
1781868531.27118,65.65866088867188,make_me_laugh,social_movie,social,1886,1,0.4124903470023988,0.4134601151923559,0.4129752310973773,1,0,0.4631894826889038,0.5947295248508453,0.07962246397976658,0.2520639893191798,3.9565184798504736,0.45715491473674774,0.6267138123512268,0.000644246001355937,0.0001076115568137201,0.003198529590035176,0.13050023068524208
1781868531.305076,65.69255685806274,make_me_laugh,social_movie,social,1887,1,0.4019677235127486,0.4086281761142932,0.4052979498135209,1,0,0.4627619743347168,0.5944154679775238,0.07416159649765867,0.2546846856734177,3.103542381840905,0.4572271853685379,0.6258605420589447,0.0008563254264066536,0.00021207942505071663,0.006181837479408866,0.13016621836730513
1781868531.339434,65.72691488265991,make_me_laugh,social_movie,social,1888,1,0.4181156137109427,0.41780676833193414,0.4179611910214384,1,0,0.46337879896163936,0.5941519856452941,0.07784660986781819,0.25685492357639034,3.260288376431914,0.45767752826213837,0.625054806470871,0.0009230485142748235,6.672308786816986e-05,0.001352387952460355,0.13178960642976298
1781868531.376058,65.76353907585144,make_me_laugh,social_movie,social,1889,1,0.412866942513438,0.4227116314369738,0.4177892869752059,1,0,0.46317309439182286,0.594372832775116,0.071335951544439,0.25151778433018257,2.9464759783537735,0.45780257880687714,0.6258557736873627,0.0008106701675983418,0.00011237834667648168,0.0013534863573009697,0.13010745912664753
1781868531.409599,65.79708003997803,make_me_laugh,social_movie,social,1890,1,0.41762106006507155,0.4095946955854183,0.4136078778252449,1,0,0.4634054064750671,0.5941118896007538,0.07672835871275245,0.25047249445721265,3.23334685155031,0.4577436149120331,0.6261929273605347,0.00034227085798903565,0.0004683993096093061,0.0014159588015142386,0.12821870108434721
1781868531.443479,65.8309600353241,make_me_laugh,social_movie,social,1891,1,0.4105892358863674,0.409063350112681,0.4098262929995242,1,0,0.46366036534309385,0.5948350310325623,0.07413242159542525,0.2491909601280266,3.4147555436059354,0.4585600793361664,0.6265057623386383,0.000874345400514251,0.0005320745425252153,0.0009388452975339468,0.1326492455968612
1781868531.479425,65.86690592765808,make_me_laugh,social_movie,social,1892,1,0.40352871157299913,0.4208767429009579,0.4122027272369785,1,0,0.46383176147937777,0.5949213027954101,0.07170833225853074,0.2497537332329498,3.5325853432508274,0.45880237221717834,0.6272853910923004,0.0008164109465984709,5.793445391578012e-05,0.004978770997532263,0.1325620152154225
1781868531.5130281,65.90050911903381,make_me_laugh,social_movie,social,1893,1,0.39095278800255595,0.44109442589570796,0.416023606949132,1,0,0.464176207780838,0.5949677646160125,0.0719301677711422,0.24949624603808243,3.6628214585079033,0.45887672901153564,0.6274395287036896,0.00017113543207603014,0.0006452755145224408,0.003596812405977775,0.13224161639018397
1781868531.5463831,65.9338641166687,make_me_laugh,social_movie,social,1894,1,0.4112896596809745,0.43200369094208585,0.42164667531153016,1,0,0.46423764228820796,0.5948997139930725,0.07065811492232339,0.2502745359193367,4.281501741342926,0.45894503593444824,0.6272062659263611,0.0002430583448573384,7.192291278130825e-05,0.003570276815410738,0.12937977666392733
1781868531.5827641,65.97024512290955,make_me_laugh,social_movie,social,1895,1,0.41241553582669177,0.4558826730246223,0.434149104425657,1,0,0.4643601566553116,0.594927316904068,0.07626513438616012,0.2496393520554031,4.891258040220229,0.4586760252714157,0.6268200576305389,0.00047066292034432316,0.00022760457548698477,0.002788046419712691,0.130699971854161
1781868531.6160178,66.00349879264832,make_me_laugh,social_movie,social,1896,1,0.44010854122829896,0.46820573670889787,0.45415713896859844,1,0,0.4647341310977936,0.5950459361076355,0.07817525343064137,0.2520515825461751,4.219721774272516,0.4589744061231613,0.6264401078224182,0.0004831076374674806,1.2444717123157424e-05,0.0020285585223924706,0.13052760948421566
1781868531.6505558,66.0380368232727,make_me_laugh,social_movie,social,1897,1,0.4079820974806895,0.45163552890133685,0.42980881319101316,1,0,0.46481167078018193,0.5942599892616272,0.07733786070843264,0.2503739791947984,3.604215019339734,0.459139347076416,0.6267404854297638,0.00034268385584270686,0.00014042378162477373,0.0026231763727262063,0.12945823671522289
1781868531.683858,66.07133889198303,make_me_laugh,social_movie,social,1898,1,0.4139432628706805,0.4683693285945831,0.4411562957326318,1,0,0.4648271113634109,0.5942150115966798,0.07919241365498791,0.2510589718112249,4.3511666866984005,0.458871066570282,0.6267910003662109,0.0002729948511891607,6.968900465354616e-05,0.002238617571289682,0.12929026488070444
1781868531.71858,66.10606098175049,make_me_laugh,social_movie,social,1899,1,0.4212706636592311,0.46230357176985093,0.44178711771454104,1,0,0.4648295700550079,0.5946899473667144,0.07684056053535934,0.25012591241628396,3.9358159502326564,0.4591037333011627,0.6271390914916992,0.0004186899082882555,0.00014569505709909481,0.0014911195718342984,0.13062362549987358
1781868531.752938,66.14041900634766,make_me_laugh,social_movie,social,1900,1,0.38902020076919175,0.4621318392154212,0.4255760199923065,1,0,0.4646877348423004,0.5946995317935944,0.07255724271942617,0.25011987237777494,3.2426232571339697,0.4592948853969574,0.6270679831504822,0.00020394979754178916,0.00021474011074646635,0.0010915680137339404,0.13043529060012934
1781868531.787244,66.17472505569458,make_me_laugh,social_movie,social,1901,1,0.41584297680438764,0.45448189892387203,0.43516243786412984,1,0,0.4645116299390793,0.5944510698318481,0.07424098856923184,0.24764225041276025,4.1703728063909935,0.4590357542037964,0.6267580687999725,0.000403975098144506,0.00020002530060271687,0.0015199428737132832,0.12822816242901217
1781868531.823337,66.21081805229187,make_me_laugh,social_movie,social,1902,1,0.4167906651548996,0.47482822695453564,0.4458094460547176,1,0,0.46418956816196444,0.5946138083934784,0.07486291347285678,0.24816663455841487,4.408749875268936,0.45868563652038574,0.6266647577285767,0.000362338720373468,4.1636377771038036e-05,0.0028026106851314018,0.13015183375430922
1781868531.857179,66.24465990066528,make_me_laugh,social_movie,social,1903,1,0.4381944041887669,0.4553020456999237,0.4467482249443453,1,0,0.4642839640378952,0.5941334307193756,0.07580602756843705,0.24899672795316394,3.485620784237114,0.4586862325668335,0.6264604330062866,0.00020432559166748903,0.00015801312870597896,0.00452349534950842,0.13071025196329972
1781868531.890489,66.2779700756073,make_me_laugh,social_movie,social,1904,1,0.43322970445921366,0.4562166626537072,0.44472318355646046,1,0,0.4641123265028,0.594177359342575,0.07479886952593362,0.2453017340555195,3.39211347053467,0.4586541950702667,0.6269597411155701,0.0005003348770398451,0.0002960092853723561,0.007528519438521589,0.1294371712468182
1781868531.926535,66.31401586532593,make_me_laugh,social_movie,social,1905,1,0.4268565736914535,0.4492058235010221,0.43803119859623785,1,0,0.46399979591369633,0.5938450038433074,0.07351361255930279,0.2480054600992268,3.6238825572251803,0.45859067142009735,0.6261898279190063,0.0007725293420795143,0.0002721944650396692,0.0025435301603807816,0.13041110629162567
1781868531.959531,66.34701204299927,make_me_laugh,social_movie,social,1906,1,0.43035082000234537,0.4452914969303539,0.4378211584663496,1,0,0.4638857275247574,0.5933171689510346,0.07480416908632852,0.250244566073824,3.7998207788581033,0.4585581123828888,0.625544011592865,0.0006466365424368378,0.00012589279964267657,0.001757728253382842,0.12846488152728255
1781868531.9938428,66.38132381439209,make_me_laugh,social_movie,social,1907,1,0.4309030628916296,0.4360984757012366,0.4335007692964331,1,0,0.46359055638313296,0.5936573684215545,0.07752810593603225,0.24997944259398464,3.284551709970097,0.45821070671081543,0.6258976757526398,0.0004957509847675013,0.0001508855576693365,0.00323439923072543,0.12911905218805111
1781868532.0296059,66.4170868396759,make_me_laugh,social_movie,social,1908,1,0.43802286062558404,0.43194989914383874,0.4349863798847114,1,0,0.46360957324504853,0.5934860050678253,0.07397383509094445,0.25272457071936566,3.439449155538169,0.45831751823425293,0.6258339881896973,0.00012435757802641193,0.0003713934067410893,0.011315913388020026,0.13093585187048998
1781868532.0639338,66.4514148235321,make_me_laugh,social_movie,social,1909,1,0.4481188540138307,0.4440227721885147,0.4460708131011727,1,0,0.46356914639472957,0.5934552371501922,0.07506001731649997,0.25015799257650223,3.464868948194081,0.45809775590896606,0.6257136464118958,0.0002505546309688146,0.00012619705294240264,0.0014548948939261618,0.13038220138496306
1781868532.0974169,66.48489785194397,make_me_laugh,social_movie,social,1910,1,0.4345682339205471,0.45386385673883867,0.4442160453296929,1,0,0.4633927196264267,0.5932233989238739,0.07336358535698753,0.24921749940188773,3.2509366579315278,0.457878902554512,0.6253109872341156,0.0004582916148113267,0.0002077369838425121,0.0016388614836257297,0.12814174989028942
1781868532.1330009,66.52048182487488,make_me_laugh,social_movie,social,1911,1,0.434294408221035,0.44489471978849404,0.4395945640047645,1,0,0.46320574879646303,0.5929383993148803,0.06736040129459833,0.2506403682426748,3.8574482755129074,0.45797523856163025,0.6255673170089722,0.00027383494982470964,0.00018445666498661704,0.0012647318192210697,0.1301981802779868
1781868532.167645,66.55512595176697,make_me_laugh,social_movie,social,1912,1,0.4335152734059103,0.447303084599816,0.44040917900286314,1,0,0.463161313533783,0.5924295067787171,0.06781151878213529,0.24846846348397378,3.8447744185382735,0.45795348286628723,0.6261656284332275,0.0005987068319923774,0.00032487188216766776,0.0015147214971704703,0.13025618350810048
1781868532.2016242,66.58910512924194,make_me_laugh,social_movie,social,1913,1,0.42410118991169776,0.4318513844781527,0.4279762871949252,1,0,0.4631405174732208,0.5926863491535187,0.06152632581594162,0.24548865345641543,3.9403689014459085,0.4582473337650299,0.6260805130004883,0.0003059297101987145,0.0002927771217936629,0.0014772411007574547,0.13205112932582158
1781868532.234218,66.62169885635376,make_me_laugh,social_movie,social,1914,1,0.4190506637832128,0.4229209434184783,0.4209858036008456,1,0,0.46333009302616124,0.5922966063022614,0.06657718413565553,0.24665739743660803,4.2556702310615515,0.4581976681947708,0.6258120238780975,0.0002730440948112861,3.2885615387428374e-05,0.0024715707284596873,0.13125641646007508
1781868532.2690098,66.65649080276489,make_me_laugh,social_movie,social,1915,1,0.43867998513202944,0.4278792773680268,0.4332796312500281,1,0,0.4634044259786606,0.5923291325569153,0.06635783368362794,0.24485235696596408,4.39560778279684,0.45818303525447845,0.6259416937828064,0.00013049293899979858,0.00014255115581148753,0.004997206281794679,0.1298897448566023
1781868532.303649,66.69112992286682,make_me_laugh,social_movie,social,1916,1,0.4154892687119071,0.4131517287843586,0.4143204987481328,1,0,0.46351048946380613,0.5923777878284454,0.06441483184637205,0.24462108760557666,4.172293290823186,0.45855212211608887,0.6259878873825073,0.00037196634265314034,0.00024147340365334176,0.011685795868132653,0.13194710741358917
1781868532.339255,66.72673606872559,make_me_laugh,social_movie,social,1917,1,0.42872671600758927,0.4238233717685503,0.4262750438880698,1,0,0.4640639305114746,0.5920774638652802,0.06489935912987657,0.2477541004138305,4.741927772163477,0.45894356071949005,0.6258471608161926,0.00041596652112807633,4.400017847493599e-05,0.006460632464346236,0.12926815595135685
1781868532.3747358,66.76221680641174,make_me_laugh,social_movie,social,1918,1,0.4271933034009132,0.43357440592973223,0.4303838546653227,1,0,0.4643935650587082,0.5924306809902191,0.06610439076002311,0.24857156040168632,4.87593217515815,0.4591902941465378,0.6254198551177979,0.0004934243041271519,7.745778299907553e-05,0.0018754399523231735,0.12977494600947923
1781868532.408382,66.79586291313171,make_me_laugh,social_movie,social,1919,1,0.4396186423004037,0.4037651289721814,0.42169188563629256,1,0,0.4645650237798691,0.5925195455551148,0.06535063932385723,0.24556835572155847,4.233564147142831,0.4592762291431427,0.6254374086856842,8.770947147844583e-05,0.000405714832648706,0.006175138003945367,0.1291069722341888
1781868532.4416058,66.8290867805481,make_me_laugh,social_movie,social,1920,1,0.451151989254474,0.4012336116502943,0.42619280045238417,1,0,0.46476890444755553,0.5925097465515137,0.061560050229458735,0.24763949270407817,4.436390386100762,0.4595116674900055,0.6255154609680176,0.00024803905730939543,0.0001603295858309496,0.00570641969823036,0.12816762040281243
1781868532.477091,66.86457204818726,make_me_laugh,social_movie,social,1921,1,0.4418984246886131,0.41003334014246495,0.425965882415539,1,0,0.46503375470638275,0.5923021495342254,0.06784491173174224,0.2463201327985118,4.995492681610567,0.4594568461179733,0.6256402134895325,0.0001362665566300581,0.00011177250067933732,0.00831757883326031,0.1280680652409408
1781868532.511629,66.89911007881165,make_me_laugh,social_movie,social,1922,1,0.45230551536350005,0.4115815354745766,0.43194352541903835,1,0,0.4653865694999695,0.5924551784992218,0.06783231912384628,0.2455026782034207,4.680564039780768,0.4596904069185257,0.6261338889598846,0.0005461374530116958,0.00040987089638163765,0.007031320183363658,0.1291756723555714
1781868532.5459929,66.93347382545471,make_me_laugh,social_movie,social,1923,1,0.44565602650132574,0.3897176425838575,0.4176868345425916,1,0,0.4652469754219055,0.5922236502170564,0.06747533438451105,0.24497516574988606,3.9280791589736426,0.459741935133934,0.6258425116539001,0.00029589844782619253,0.00025023900518550326,0.004190301516079867,0.1283431379472378
1781868532.5821,66.96958088874817,make_me_laugh,social_movie,social,1924,1,0.4394896379195299,0.37444515301763553,0.40696739546858274,1,0,0.4653508275747299,0.5923607766628265,0.06671872461842787,0.2457476517875292,4.594079380669104,0.460114061832428,0.6249372363090515,0.0009787756278753696,0.0006828771800491771,0.0022496404910054297,0.1269727350944634
1781868532.614496,67.00197696685791,make_me_laugh,social_movie,social,1925,1,0.4355647380081323,0.38755755477867904,0.4115611463934057,1,0,0.4658015608787537,0.5931658864021301,0.06984094859236434,0.2414089337120278,4.137797937279773,0.45979824662208557,0.6262623071670532,0.0013621864871628275,0.00038341085928745786,0.0015980406510035998,0.13093699875617443
1781868532.648726,67.0362069606781,make_me_laugh,social_movie,social,1926,1,0.4331578921533011,0.4149658121239669,0.424061852138634,1,0,0.4659737557172775,0.5926916658878327,0.07512660704648451,0.24311057490807722,5.260321849355951,0.45972177386283875,0.6260002255439758,0.0002730107325027782,0.0010891757546600492,0.0034961825816931997,0.12859761409185394
1781868532.683486,67.07096695899963,make_me_laugh,social_movie,social,1927,1,0.41927876735358227,0.4280601690485009,0.42366946820104157,1,0,0.46599940955638885,0.5928312242031097,0.07697379559777841,0.24588053667271176,5.209224496166418,0.45949943363666534,0.6263284087181091,0.00039640808765595016,0.00012339735515317198,0.0068617347106477745,0.13043228832573078
1781868532.7180748,67.10555577278137,make_me_laugh,social_movie,social,1928,1,0.4298540866263583,0.4261201828436721,0.4279871347350152,1,0,0.4655972272157669,0.5927548944950103,0.07844798003290505,0.245367929840025,5.076779271932822,0.4591900706291199,0.6258014440536499,0.0006110623765428588,0.0002146542888869087,0.0012218442144994977,0.129723624875266
1781868532.7507799,67.13826084136963,make_me_laugh,social_movie,social,1929,1,0.42783671561573006,0.4096424374179474,0.41873957651683874,1,0,0.4649141311645508,0.5928862750530243,0.07313800177948653,0.2461903049825587,4.791604607152495,0.45972980558872223,0.6254065930843353,0.0006687459267805797,5.7683550237720834e-05,0.0032669613408387223,0.12926426331375143
1781868532.7866828,67.17416381835938,make_me_laugh,social_movie,social,1930,1,0.41428401184602204,0.42403922003278566,0.4191616159394038,1,0,0.4647147476673126,0.592707985639572,0.06647534158719925,0.2446299385895431,4.222221852192794,0.4596312940120697,0.6257168352603912,0.0003255068947633396,0.0003432390320172401,0.01190314294412765,0.12770651636353483
1781868532.821141,67.20862197875977,make_me_laugh,social_movie,social,1931,1,0.4238165435306945,0.43280570802003643,0.42831112577536545,1,0,0.46437111198902126,0.5931766748428344,0.07668827231732081,0.24458179923784334,4.469588270524571,0.4591755121946335,0.626775473356247,0.0011525847834768911,0.0008270778887135516,0.002592024652713496,0.13203160995069452
1781868532.855299,67.24277997016907,make_me_laugh,social_movie,social,1932,1,0.4180031905582421,0.4405525803789029,0.4292778854685725,1,0,0.4643855810165405,0.5926437497138977,0.07532635746730784,0.24462377618123798,4.560637603038323,0.459035724401474,0.6261380314826965,0.0006525892806902839,0.0004999955027866072,0.0017676217547277868,0.13005503213025496
1781868532.889599,67.27708005905151,make_me_laugh,social_movie,social,1933,1,0.4380334191092251,0.4492652267564733,0.4436493229328492,1,0,0.46446053385734554,0.5923654079437256,0.06928933413340176,0.2479041803089291,4.222956438543962,0.4592972993850708,0.6252216100692749,0.0009530213423745382,0.0003004320616842543,0.0015509755820906734,0.12920810397134735
1781868532.926668,67.31414890289307,make_me_laugh,social_movie,social,1934,1,0.4326709727667352,0.46539861041218705,0.44903479158946114,1,0,0.46446640491485597,0.5925602912902832,0.07379805292777572,0.24770309072475702,4.263776875162084,0.45880892872810364,0.6254270076751709,0.0005298056956039123,0.0004232156467706259,0.0016862797728237255,0.13101659557809572
1781868532.957796,67.34527707099915,make_me_laugh,social_movie,social,1935,1,0.43443062159827806,0.4429748979921204,0.43870275979519924,1,0,0.46458776891231535,0.5920609593391419,0.07700381662330046,0.24788988361056,4.638438741031121,0.4589191973209381,0.6244995892047882,0.0009339508454799235,0.0004041451498760112,0.0011304302372409027,0.12855080331656066
1781868532.993418,67.38089895248413,make_me_laugh,social_movie,social,1936,1,0.44879069423388107,0.4457629229772342,0.44727680860555763,1,0,0.4645089447498322,0.592011958360672,0.07730286727786315,0.24742362831472167,4.967586523334583,0.45879927277565,0.6247191429138184,0.00025017139666926464,0.0006837794488106588,0.0014480737692727362,0.12612787477286908
1781868533.028456,67.4159369468689,make_me_laugh,social_movie,social,1937,1,0.4489466249769143,0.43344283182239307,0.4411947283996537,1,0,0.4641847282648086,0.5920060217380524,0.07871741839442946,0.2484039369468389,5.459105876794791,0.45846401154994965,0.6241767406463623,0.0006376521851288441,0.0003874807884595794,0.0017594149856363444,0.12540560739449585
1781868533.0613172,67.44879817962646,make_me_laugh,social_movie,social,1938,1,0.4553027336826889,0.423400418226123,0.439351575954406,1,0,0.46410863697528837,0.592119175195694,0.08024473364368856,0.24793512136499113,4.866316933331865,0.4583260864019394,0.6246663630008698,0.0005086780872880862,0.00012897409784075786,0.0012028440866506996,0.12884429561645486
1781868533.0969758,67.48445677757263,make_me_laugh,social_movie,social,1939,1,0.44684365086330735,0.4434468609152613,0.44514525588928433,1,0,0.4639803856611252,0.5920458137989044,0.07308748897131624,0.24785653233767088,4.526677001175635,0.4585815966129303,0.6253813207149506,0.0007592430446466238,0.0002505649573585376,0.0015150012525876348,0.12897579533136977
1781868533.130347,67.5178279876709,make_me_laugh,social_movie,social,1940,1,0.4314532544761035,0.45864292907974785,0.4450480917779257,1,0,0.4640474855899811,0.5922563791275024,0.0761677184149809,0.2482395013854949,4.209977390465153,0.45868299901485443,0.6250170767307281,0.0003780953942567937,0.0003811476503898301,0.002349428149293568,0.12819112189098475
1781868533.167358,67.55483889579773,make_me_laugh,social_movie,social,1941,1,0.436055211129937,0.4464277013919694,0.44124145626095324,1,0,0.46397817730903623,0.5917389869689942,0.0771959962270405,0.2493289768478985,4.638907225124959,0.45867425203323364,0.625198096036911,0.00018123051315492906,0.00019686488110186466,0.001232658444938359,0.12707021016675132
1781868533.1988008,67.58628177642822,make_me_laugh,social_movie,social,1942,1,0.4232818408438682,0.43119222509781674,0.4272370329708425,1,0,0.4639759808778763,0.591635674238205,0.0797075815303294,0.24799078949956269,4.8625820314633605,0.45863671600818634,0.6245814263820648,0.0006178109875880103,0.00043658047443308125,0.0018249690789698821,0.12683390692138918
1781868533.234429,67.62190985679626,make_me_laugh,social_movie,social,1943,1,0.4058879271171823,0.429015289159666,0.4174516081384242,1,0,0.4642233163118362,0.5915872097015381,0.08076260306297359,0.24835042360804876,5.078245370332601,0.45854584872722626,0.6240766644477844,0.0005128756896632604,0.00010493529792474988,0.002323126392328695,0.12772018716772288
1781868533.267488,67.65496897697449,make_me_laugh,social_movie,social,1944,1,0.4281850485096716,0.4386237002135206,0.43340437436159607,1,0,0.4642133116722107,0.592175728082657,0.07896685083159538,0.24589633107288916,4.130055120998035,0.45856910943984985,0.6244989633560181,0.00042293903656092567,8.993665310233473e-05,0.006054154227492886,0.12851927038438626
1781868533.3026292,67.690110206604,make_me_laugh,social_movie,social,1945,1,0.40694944484954754,0.43502008587650387,0.4209847653630257,1,0,0.46432290971279144,0.5918850243091583,0.07623742277776595,0.24765599469134808,4.415355126353329,0.4588801711797714,0.6243852376937866,0.0003311992335332543,9.173980302767135e-05,0.006813840878753989,0.1279023439597078
1781868533.336565,67.72404599189758,make_me_laugh,social_movie,social,1946,1,0.4099771955696026,0.4317846139085439,0.42088090473907325,1,0,0.46413039565086367,0.5918469250202179,0.07648633204593883,0.2432235010817109,3.8688562182622586,0.458597794175148,0.6247982382774353,0.0005003061610996238,0.0001691069275663695,0.002010040736176389,0.12740199244333175
1781868533.37408,67.76156091690063,make_me_laugh,social_movie,social,1947,1,0.43021893719429755,0.4321758529987553,0.43119739509652644,1,0,0.4642175883054733,0.5917026281356812,0.07547641637635007,0.24672765784024853,4.492773845401643,0.4588039219379425,0.6240589618682861,0.0007674752528382621,0.0002671690917386383,0.0015342770136209916,0.12643922584158646
1781868533.405499,67.79297995567322,make_me_laugh,social_movie,social,1948,1,0.421229608977918,0.4379447910878755,0.42958720003289674,1,0,0.46395520865917206,0.5921930730342865,0.07137400430064,0.24246709514659312,4.096278316798108,0.4586428999900818,0.6245467364788055,0.0005136653953306773,0.0002538098575075848,0.0007439121346712632,0.12942904117872778
1781868533.441088,67.82856893539429,make_me_laugh,social_movie,social,1949,1,0.42968167292956655,0.4262311878603343,0.42795643039495046,1,0,0.46409800946712493,0.5922375202178956,0.07411215659943936,0.24326197552833967,3.668438877866368,0.45874665677547455,0.624962568283081,0.0004285808674708518,8.508452785982554e-05,0.0010882926792497956,0.13004240217503465
1781868533.476195,67.86367607116699,make_me_laugh,social_movie,social,1950,1,0.4386275779598857,0.4225952878565127,0.4306114329081992,1,0,0.4642902284860611,0.5917596876621246,0.074217150293295,0.24753004400135545,3.7517626560627875,0.4585827440023422,0.6245420873165131,0.00045129994509403895,2.271907762318716e-05,0.0027924597935288114,0.12800968630766582
1781868533.50795,67.89543104171753,make_me_laugh,social_movie,social,1951,1,0.4377870406158505,0.43281617170405057,0.4353016061599505,1,0,0.464301335811615,0.5911481440067292,0.07625978703103205,0.24652332181079917,4.875385296382385,0.4586850106716156,0.6240015625953674,0.0005501140298282086,9.881408473416962e-05,0.007676095341204605,0.12598432052975178
1781868533.543956,67.93143701553345,make_me_laugh,social_movie,social,1952,1,0.424463368617953,0.44672526089667197,0.4355943147573125,1,0,0.4639814794063568,0.5919981718063354,0.07585159774736383,0.24337599019946762,3.8476111526933603,0.45845091342926025,0.625359445810318,0.001377914490932892,0.0008278004611046835,0.009961135303779966,0.12930796376854647
1781868533.581581,67.96906208992004,make_me_laugh,social_movie,social,1953,1,0.405503205284434,0.4504575250956408,0.4279803651900374,1,0,0.46407506167888646,0.5914765775203705,0.07180690694333533,0.2461893620220364,3.8233518815363507,0.4584410786628723,0.6250052452087402,0.00035433711178474035,0.0010235773791481516,0.012581060501977201,0.12891343676588174
1781868533.613081,68.00056195259094,make_me_laugh,social_movie,social,1954,1,0.41488915930318654,0.4203751650160895,0.41763216215963805,1,0,0.4642095386981964,0.5916071653366088,0.07470059862363977,0.24771809573061773,3.590621783572868,0.45860449969768524,0.6251232922077179,0.00020159744191571455,0.0001527396698690258,0.008033409734150052,0.12875611420420421
1781868533.64725,68.03473091125488,make_me_laugh,social_movie,social,1955,1,0.38490307892012754,0.4414480262454262,0.41317555258277683,1,0,0.4641200482845307,0.5918745934963225,0.07550224448232092,0.24793145026828314,3.7225051045797155,0.45851418375968933,0.6244512796401978,0.0006780544665151127,0.0004764570245993981,0.0073855325317005414,0.12853423379549067
1781868533.681925,68.06940603256226,make_me_laugh,social_movie,social,1956,1,0.4233927776965743,0.43034079242063,0.42686678505860215,1,0,0.46429492235183717,0.5920375764369965,0.07309242319389568,0.24870793370521846,4.273727123056029,0.45883575081825256,0.6249270737171173,0.0005742694287394562,0.00010378503777565642,0.001685718106712178,0.13019383998606104
1781868533.717056,68.10453701019287,make_me_laugh,social_movie,social,1957,1,0.4389915821881525,0.4319118294705886,0.43545170582937054,1,0,0.46427867412567136,0.5922862827777862,0.07537042288302713,0.2472012975157378,3.796961076290823,0.45868276059627533,0.6253219544887543,0.00042348179633751266,0.00015078763240194357,0.004651195421423752,0.1299423189003817
1781868533.750415,68.1378960609436,make_me_laugh,social_movie,social,1958,1,0.4322792372517137,0.4133565573015485,0.4228178972766311,1,0,0.4640966892242432,0.5918005526065826,0.0718706100965375,0.24614362851433078,4.328149605773641,0.4589950442314148,0.6258857250213623,0.0006444829572712246,0.0002210011609337119,0.003904138353382979,0.12813738630440175
1781868533.785645,68.17312598228455,make_me_laugh,social_movie,social,1959,1,0.42495176751336555,0.446720081889806,0.4358359247015858,1,0,0.4640606164932251,0.5925197720527648,0.07240418228983006,0.24397987936443813,4.619013190169388,0.45875851809978485,0.6259177029132843,0.00023867801850107698,0.0004058049387701476,0.001898998618618731,0.12866596434868374
1781868533.819872,68.20735287666321,make_me_laugh,social_movie,social,1960,1,0.44180221679729126,0.4218361109485409,0.4318191638729161,1,0,0.46438537240028377,0.5919386208057403,0.06966030645574454,0.2483589290607367,4.847239708969692,0.4591124951839447,0.6254203021526337,0.0006104975780510029,0.00037181955954992594,0.013789726121750992,0.12753957020872997
1781868533.854514,68.24199485778809,make_me_laugh,social_movie,social,1961,1,0.40488387519455027,0.47686203010613315,0.4408729526503417,1,0,0.46419337093830104,0.5921718955039978,0.07147466857958866,0.24522697667268523,4.392385239333419,0.45911623537540436,0.6259100437164307,0.0004897558456440137,0.00012074173240698917,0.01117636273747847,0.1279421114311866
1781868533.888578,68.27605891227722,make_me_laugh,social_movie,social,1962,1,0.4244408834140268,0.4530094074908096,0.4387251454524182,1,0,0.464139637351036,0.5923340439796447,0.07033779610777251,0.24841685955484097,4.633568486879238,0.45906585454940796,0.6252494752407074,0.0006624869347748975,0.00017273108913088374,0.0035667232622188273,0.12884073973422014
1781868533.925178,68.31265902519226,make_me_laugh,social_movie,social,1963,1,0.4005949438844609,0.44182917528969895,0.4212120595870799,1,0,0.4644517064094543,0.5920942604541779,0.06765169902355847,0.24911805788474942,3.9634396094999027,0.4595807194709778,0.6253001391887665,0.0005173516435617409,0.00014513529121315657,0.0029403865386804957,0.12953424124805718
1781868533.957376,68.34485697746277,make_me_laugh,social_movie,social,1964,1,0.3894715120198064,0.45905340038546005,0.42426245620263325,1,0,0.46470566987991335,0.5926733434200286,0.07353677341199116,0.24568326093098847,5.0527835635002445,0.45938074588775635,0.6256529688835144,0.0004055591541098958,0.00011179248945184509,0.004466858587639075,0.13034188648672992
1781868533.992726,68.38020706176758,make_me_laugh,social_movie,social,1965,1,0.41103855260767774,0.45275756640139964,0.4318980595045387,1,0,0.4645770251750946,0.5927811741828919,0.07329515690979868,0.24503221401342148,4.655660656832153,0.459558829665184,0.6257906258106232,0.00022508500919416388,0.00018047414491573191,0.00378733057526002,0.1296261065508849
1781868534.0271978,68.41467881202698,make_me_laugh,social_movie,social,1966,1,0.4266442148286197,0.4750219151504683,0.450833064989544,1,0,0.4647966653108597,0.5928406476974488,0.07160634138978063,0.246322982219557,4.357183500063094,0.4595920294523239,0.6252932548522949,0.0004984777788974079,0.0002733927697032441,0.004309671952422493,0.12845204765811208
1781868534.0610912,68.44857215881348,make_me_laugh,social_movie,social,1967,1,0.4115756201507359,0.4570977943919912,0.43433670727136353,1,0,0.46502844691276546,0.5926997423171997,0.07971636725672242,0.2461142415365661,4.088699620953036,0.4592847228050232,0.625956118106842,0.0007306333346515255,0.0002321555557541176,0.0011902472549309418,0.12944035167897738
1781868534.0947042,68.48218512535095,make_me_laugh,social_movie,social,1968,1,0.42518763241444707,0.45443128769073304,0.43980946005259003,1,0,0.46548278331756593,0.5926454126834869,0.07566465428997389,0.24646110777290944,4.69280389208636,0.4596012979745865,0.625747412443161,0.00037918055334703986,0.00035145278130448566,0.0014439203758935008,0.12948383171414743
1781868534.1296692,68.51715016365051,make_me_laugh,social_movie,social,1969,1,0.3950851365520914,0.4358665710093656,0.4154758537807285,1,0,0.46499242782592776,0.5928863286972046,0.07137511718447492,0.24562661157901006,4.243135598253862,0.45952434837818146,0.6256881952285767,9.709747107945665e-05,0.0002820830822675832,0.006206523913079585,0.13023797038799984
1781868534.165023,68.55250406265259,make_me_laugh,social_movie,social,1970,1,0.42410895488642286,0.4363732659049368,0.4302411103956798,1,0,0.46521939635276793,0.5933639705181122,0.07178354413682791,0.2458424534116576,4.016348474027939,0.4596708416938782,0.6255529820919037,0.0001993561734001785,0.00010225870232072185,0.0031536281345640304,0.1302705101715065
1781868534.1989079,68.58638882637024,make_me_laugh,social_movie,social,1971,1,0.44092917877497356,0.4519964921044238,0.44646283543969867,1,0,0.46515808701515193,0.5932868361473083,0.07520308523196646,0.2454548367964556,3.6846446829692328,0.4593081921339035,0.6254973113536835,0.0003668977165966092,0.00016754154319643068,0.0031685856102015857,0.12816910462840148
1781868534.2322829,68.61976385116577,make_me_laugh,social_movie,social,1972,1,0.4248357798064235,0.4465452117820209,0.4356904957942222,1,0,0.465186670422554,0.5934684932231903,0.0783760288516202,0.24720626077199875,4.2947819126925175,0.4592484086751938,0.6264091730117798,0.0009138193177217553,0.0005469216011251461,0.0018243439810344346,0.12865557721548734
1781868534.26745,68.65493106842041,make_me_laugh,social_movie,social,1973,1,0.4240044025497659,0.4407300609243374,0.43236723173705166,1,0,0.4651744484901428,0.5938248872756958,0.07894093330305724,0.2469640236072939,3.6855267566678296,0.45932793617248535,0.6260272860527039,0.00039007982816049227,0.0005237394895612631,0.0075902838269170225,0.12828184466491024
1781868534.300972,68.68845295906067,make_me_laugh,social_movie,social,1974,1,0.45359764325655644,0.4430039862551999,0.44830081475587813,1,0,0.4650898456573486,0.5940495014190674,0.07956298897434458,0.24563518171742985,3.0704423634366607,0.4591058939695358,0.6259115636348724,0.00025038853384176267,0.0001396912943187296,0.0062994915235195246,0.1270944913832308
1781868534.3360052,68.72348618507385,make_me_laugh,social_movie,social,1975,1,0.4311516267614565,0.44425708411195586,0.43770435543670616,1,0,0.46501547992229464,0.5946441531181335,0.07255888851493064,0.247773475645556,3.4728978920435645,0.45961320400238037,0.6260945200920105,0.0005392926243082165,0.0002889040904664538,0.004178408172808873,0.13065319195338035
1781868534.373914,68.76139497756958,make_me_laugh,social_movie,social,1976,1,0.41770385434665097,0.48808853953463965,0.4528961969406453,1,0,0.4644507676362991,0.5949298381805419,0.07872598853709024,0.2449592899460399,3.237740106157107,0.45890310406684875,0.6268368363380432,0.0010272659478275854,0.0004879733235193689,0.0033588558493783563,0.1294581044258434
1781868534.403871,68.79135203361511,make_me_laugh,social_movie,social,1977,1,0.4325066342670351,0.4673947401435848,0.44995068720530995,1,0,0.46489359140396114,0.5947611927986145,0.07647247745932405,0.24720431730881773,2.8775095140376283,0.4591674506664276,0.6266689300537109,0.00031316392676548123,0.0007141020210621042,0.001457477286734353,0.13252342302217038
1781868534.4393861,68.82686710357666,make_me_laugh,social_movie,social,1978,1,0.43052400965763804,0.47906891501438165,0.45479646233600984,1,0,0.4644368261098861,0.5948312699794769,0.07670192163304572,0.24794604048646093,2.2654606954701144,0.4590374529361725,0.6272486746311188,0.0005941407113683392,0.00028097678460285795,0.0015562740565781858,0.13126340725540375
1781868534.473502,68.86098289489746,make_me_laugh,social_movie,social,1979,1,0.450227641570246,0.4558371214844088,0.4530323815273274,1,0,0.4643967568874359,0.5947361648082734,0.07439018910456316,0.24712096861720942,3.378857819916047,0.4590560793876648,0.6267060935497284,0.000542900704160485,5.1240007207854136e-05,0.0016923550118202106,0.13025589815548122
1781868534.508277,68.89575791358948,make_me_laugh,social_movie,social,1980,1,0.4337756260100597,0.480078895218041,0.4569272606140503,1,0,0.4642149776220321,0.5949248909950255,0.07525045668885848,0.2421802924880738,3.1654727423599853,0.4589431583881378,0.6277752816677094,0.0010751345886752192,0.0005322338845147341,0.0011443406916116963,0.13217887478388174
1781868534.541847,68.92932796478271,make_me_laugh,social_movie,social,1981,1,0.44636059896376196,0.46483279232854,0.455596695646151,1,0,0.46449390053749084,0.595182752609253,0.07631659797547664,0.24376824361661775,2.9956351907825463,0.4588348865509033,0.6279903948307037,0.0002408245494786239,0.0008343100391965953,0.0017492939903386749,0.13212529768666045
1781868534.581182,68.96866297721863,make_me_laugh,social_movie,social,1982,1,0.4180077071061202,0.4438868299670516,0.4309472685365859,1,0,0.46446351408958436,0.5947129011154175,0.07453718409987127,0.24603763410939616,3.5772617973341405,0.4590369164943695,0.62711501121521,0.0008983944413963739,0.00065756989191775,0.00376999686985592,0.13094921180127056
1781868534.610983,68.99846386909485,make_me_laugh,social_movie,social,1983,1,0.4256691737038423,0.4521883654887437,0.438928769596293,1,0,0.463773775100708,0.5948543727397919,0.07662074802422396,0.24412977644642542,3.6088677631026322,0.4588407576084137,0.6276691555976868,0.0005878386727411068,0.00031055576865526716,0.0016341173497302463,0.13103266012409034
1781868534.6461608,69.03364181518555,make_me_laugh,social_movie,social,1984,1,0.4153762619334199,0.4609202439191603,0.4381482529262901,1,0,0.4638652116060257,0.5949486494064331,0.07347924712552432,0.24710741700266883,2.8775961720201306,0.459095299243927,0.6271459460258484,0.0005818416453581578,5.99702738294898e-06,0.0018805644553225008,0.13079211981950767
1781868534.6815932,69.06907415390015,make_me_laugh,social_movie,social,1985,1,0.4294607046349945,0.45197165946147366,0.44071618204823404,1,0,0.46426800787448885,0.5951647460460663,0.07023147879269713,0.24871122588085431,2.589058630953068,0.45922915637493134,0.6269093453884125,0.00027184111748554835,0.00031000052787260945,0.0012598876864287657,0.1321193955327325
1781868534.715311,69.10279202461243,make_me_laugh,social_movie,social,1986,1,0.42521992881983645,0.46937107304998554,0.447295500934911,1,0,0.4645341694355011,0.5950159549713134,0.07793992232676823,0.25068206836403456,2.898074211731922,0.4590828865766525,0.6269197762012482,0.00014664124844305105,0.0001251998690424973,0.001810017205101044,0.13124073731452746
1781868534.750439,69.13791990280151,make_me_laugh,social_movie,social,1987,1,0.42141775636861034,0.45985859634924947,0.4406381763589299,1,0,0.4647088646888733,0.5947391629219054,0.07618613697599189,0.2508447724049547,2.3382382233727736,0.45918478071689606,0.626207709312439,0.0007193202832913775,0.0005726790348483265,0.001657584553624224,0.12934916894784326
1781868534.783793,69.17127394676208,make_me_laugh,social_movie,social,1988,1,0.4089358041732779,0.4403322949705084,0.42463404957189316,1,0,0.4647784262895584,0.594967520236969,0.07409670265273739,0.2510791128786618,2.1968714016832447,0.45957909524440765,0.625955194234848,0.00046823905328096396,0.00025108123001041355,0.0019017665846898675,0.13108531109708457
1781868534.8196511,69.20713210105896,make_me_laugh,social_movie,social,1989,1,0.41584571074671617,0.4444422301275024,0.4301439704371093,1,0,0.46472721993923183,0.5951525032520294,0.07619820659609963,0.2503134991305844,2.381669274287575,0.45949485898017883,0.6269672811031342,0.0010155863218695197,0.0005473472685885558,0.001709894259416951,0.1320464988083656
1781868534.851925,69.23940587043762,make_me_laugh,social_movie,social,1990,1,0.42358052227719767,0.4500170047216495,0.4367987634994236,1,0,0.4652053445577622,0.5951204359531402,0.07467376903655375,0.2509655329446628,1.9281643613968984,0.45997998118400574,0.6267275810241699,0.0005411096751134027,0.000474476646756117,0.000683757523275123,0.13160630881901766
1781868534.887573,69.27505397796631,make_me_laugh,social_movie,social,1991,1,0.4221729550029935,0.4361982910664584,0.42918562303472596,1,0,0.4651548475027084,0.5949551045894623,0.07096321493917385,0.2529889280508572,2.2706275828562883,0.46009962260723114,0.6269106566905975,0.0002187024686401924,0.0003224072064732103,0.0024362135412420876,0.13104603255120656
1781868534.920924,69.30840492248535,make_me_laugh,social_movie,social,1992,1,0.4207407715813897,0.44636109792573897,0.4335509347535643,1,0,0.4654799997806549,0.5952488839626312,0.0815800808488237,0.24869459619965156,3.455705447418563,0.4598720222711563,0.6274707019329071,0.000604526745822681,0.00038582427718248866,0.002271239803419664,0.13048277346008602
1781868534.9571168,69.34459781646729,make_me_laugh,social_movie,social,1993,1,0.4122704669378724,0.44346317756739545,0.42786682225263395,1,0,0.4657757103443146,0.5948318898677826,0.08474502286323037,0.2520742384240585,3.5927410297297384,0.45998653769493103,0.6262805461883545,0.0011956523234510467,0.0005911255776283657,0.0032467481853820424,0.13136862651647763
1781868534.989622,69.37710309028625,make_me_laugh,social_movie,social,1994,1,0.39087654596590016,0.4341230749812182,0.4124998104735592,1,0,0.4657571583986282,0.5948863327503204,0.08154454362755462,0.25150489608845567,2.9417738125636235,0.45990924537181854,0.6263753473758698,0.00012231667247938226,0.0010733356509716645,0.005769493568588088,0.13329580810627434
1781868535.0254772,69.4129581451416,make_me_laugh,social_movie,social,1995,1,0.41046716958024904,0.4453447749824746,0.42790597228136185,1,0,0.46605595350265505,0.5951027512550354,0.08110712379720975,0.254954152292611,3.349111360636585,0.46044647693634033,0.6254580914974213,0.0010630033398192284,0.0009406866673398462,0.0012810195329516236,0.13128204814433173
1781868535.0590022,69.44648313522339,make_me_laugh,social_movie,social,1996,1,0.4117222974266879,0.45423496202292707,0.4329786297248075,1,0,0.4658020198345184,0.5949051380157471,0.08466407301593486,0.24903395772902812,2.8620727594797417,0.46012768149375916,0.6261475086212158,0.0007595567818087639,0.0003034465580104645,0.0014759098191646342,0.13161446733263032
1781868535.0936651,69.48114609718323,make_me_laugh,social_movie,social,1997,1,0.41803800933609986,0.45056693750982835,0.43430247342296413,1,0,0.4661492705345154,0.5945309162139893,0.08725887880467964,0.2512284369122736,2.3962772043270864,0.4600236117839813,0.6259240210056305,0.00024653036083463866,0.0005130264209741252,0.0010551770711828125,0.13231419386752252
1781868535.127272,69.51475286483765,make_me_laugh,social_movie,social,1998,1,0.4342172537379099,0.46115430376076416,0.447685778749337,1,0,0.4664327293634415,0.5948928117752075,0.08179988169046844,0.24786730677994967,3.025769448162997,0.4604143798351288,0.6266702115535736,0.0008423182318086385,0.0005957878709739998,0.0015429075170726345,0.1317329988872272
1781868535.165055,69.55253601074219,make_me_laugh,social_movie,social,1999,1,0.4187135152837144,0.44460454352944767,0.4316590294065811,1,0,0.46607960462570186,0.5946968734264374,0.08072541891820459,0.24772977572655364,3.347971737162175,0.4606504589319229,0.6266988515853882,0.00023780999004556418,0.0006045082417630743,0.002389056487523659,0.1316640257121817
1781868535.197118,69.58459901809692,make_me_laugh,social_movie,social,2000,1,0.440347877760678,0.4438595467014359,0.44210371223105693,1,0,0.4662022054195404,0.5955881893634796,0.08244692273191552,0.24408021976494448,3.62194251303242,0.46067504584789276,0.6265029311180115,0.00019745720036001848,4.03527896855457e-05,0.0018844519983222821,0.1333635206634974
1781868535.232367,69.6198480129242,make_me_laugh,social_movie,social,2001,1,0.42295435772744977,0.4390998934047913,0.43102712556612055,1,0,0.4661879301071167,0.5953591823577881,0.07706445442213662,0.24431917253272487,3.1701485150542537,0.4604637920856476,0.6261642277240753,0.00039918434479149355,0.00020172714443147507,0.0018204375973176767,0.1335438301460933
1781868535.264477,69.65195798873901,make_me_laugh,social_movie,social,2002,1,0.4169309939566821,0.4374005766870377,0.4271657853218599,1,0,0.46601457297801974,0.594993245601654,0.07921061016741994,0.24626340625461499,3.0327684952025797,0.46043187379837036,0.6259374916553497,0.0002289716618357933,0.00017021268295570026,0.0035321605029478664,0.13375906423899933
1781868535.299362,69.686842918396,make_me_laugh,social_movie,social,2003,1,0.4153140038406266,0.4267670245243413,0.42104051418248395,1,0,0.465944242477417,0.5936127781867981,0.07717370458086566,0.24927332731594373,2.843711046906783,0.4606335610151291,0.6261630058288574,0.0,0.0,0.003305641731142408,0.12953784289606668
