timestamp,elapsed_time,stimulus_id,stimulus_type,paper_category,frame_index,face_detected,left_ear,right_ear,avg_ear,eye_open,blink_state,gaze_x,gaze_y,yaw_proxy,pitch_proxy,roll_proxy_deg,head_center_x,head_center_y,head_movement,head_acceleration,mouth_open,eyebrow_signal
1781868750.365011,39.711177110672,blowing_bubbles,mixed_social_nonsocial_movie,mixed,1136,1,0.35592940302290293,0.305199042498209,0.33056422276055597,1,0,0.582601362466812,0.8528855443000793,0.010783069015559173,0.24332837893116396,23.687295496598185,0.5794890522956848,0.8699038326740265,0.0,0.0,0.0002943485824059224,0.12031268303601701
1781868750.3999438,39.74610996246338,blowing_bubbles,mixed_social_nonsocial_movie,mixed,1137,1,0.36989445307885105,0.3262116737809265,0.3480530634298888,1,0,0.5826269745826722,0.8528715908527373,0.013037177263920131,0.2395493086611872,24.0031224471401,0.5793046653270721,0.8704788982868195,0.0006039031488667059,0.0006039031488667059,0.0011800675272128681,0.11919713802090882
1781868750.4346461,39.78081226348877,blowing_bubbles,mixed_social_nonsocial_movie,mixed,1138,1,0.37641830822171757,0.3483032423167139,0.36236077526921573,1,0,0.5828051447868348,0.8532256364822388,0.013390572709989728,0.23592243314706354,24.86876707052983,0.5792399048805237,0.8718625009059906,0.0013851173680285733,0.0007812142191618674,0.0009174365152662944,0.12045033212287276
1781868750.469505,39.81567120552063,blowing_bubbles,mixed_social_nonsocial_movie,mixed,1139,1,0.355627221821809,0.35095738944523464,0.3532923056335218,1,0,0.5824980556964874,0.8556429386138915,0.005302008830471676,0.233322773448732,23.99971028106633,0.5792685747146606,0.871616929769516,0.00024723903910764617,0.001137878328920927,0.0016857762361210257,0.13396488843580806
1781868750.5049942,39.851160287857056,blowing_bubbles,mixed_social_nonsocial_movie,mixed,1140,1,0.2806804861587293,0.2552939085335682,0.26798719734614873,1,0,0.5827641308307647,0.8569506525993347,0.01818928459431232,0.2317642920451702,23.43609356689635,0.5789816081523895,0.8722382187843323,0.0006843609046351877,0.0004371218655275415,0.0006868550558595086,0.1438944251259921
1781868750.5375412,39.88370728492737,blowing_bubbles,mixed_social_nonsocial_movie,mixed,1141,1,0.18936997666467453,0.11862503181348312,0.15399750423907882,0,1,0.5830779552459717,0.8572853744029998,0.02029964776452787,0.23251208349750782,25.004533108460798,0.5788522958755493,0.8724091649055481,0.0002143460783413894,0.0004700148262937983,0.00015133707748692178,0.15225413527414436
1781868750.573014,39.919180154800415,blowing_bubbles,mixed_social_nonsocial_movie,mixed,1142,1,0.11584397582635828,0.1160542733686288,0.11594912459749354,0,1,0.5833799540996552,0.8579109609127045,0.01670107075020695,0.22871685432791355,25.794326087264807,0.5788354277610779,0.8721492290496826,0.0002604825952925459,4.613651695115653e-05,0.00032074508122093833,0.15387083602167576
1781868750.607449,39.95361518859863,blowing_bubbles,mixed_social_nonsocial_movie,mixed,1143,1,0.206059025148972,0.10890896559025033,0.15748399536961116,0,1,0.5843479335308075,0.8587160229682922,0.008879991129350827,0.22016787533578164,24.848916796857495,0.5794779360294342,0.8722596764564514,0.0006519321318727844,0.0003914495365802385,0.0015467620431350577,0.15443067078834946
1781868750.6416929,39.98785901069641,blowing_bubbles,mixed_social_nonsocial_movie,mixed,1144,1,0.19735998531330892,0.04221061345844562,0.11978529938587727,0,1,0.583127361536026,0.8579423904418946,0.012681294431097802,0.22384360614115106,24.046435696056513,0.5790505111217499,0.8728809654712677,0.000754116762604004,0.0001021846307312196,0.002207836416041596,0.15835980236757743
1781868750.676607,40.022773027420044,blowing_bubbles,mixed_social_nonsocial_movie,mixed,1145,1,0.1629023836320523,0.04300980134633645,0.10295609248919438,0,1,0.582755732536316,0.8573774874210358,0.013604651611242195,0.22621330263569703,23.962383518745796,0.5790537595748901,0.8731745481491089,0.0002936006491413232,0.0004605161134626808,0.0012971402403544436,0.15812346740004168
1781868750.711703,40.05786919593811,blowing_bubbles,mixed_social_nonsocial_movie,mixed,1146,1,0.20753547213881043,0.055661570096355216,0.13159852111758283,0,1,0.582807856798172,0.8573897957801819,0.016172969344219044,0.2231987846745861,23.823659555978175,0.5791047215461731,0.8734197914600372,0.00025048234283506275,4.311830630626044e-05,0.0006543890431536865,0.15565749421080396
1781868750.745182,40.09134817123413,blowing_bubbles,mixed_social_nonsocial_movie,mixed,1147,1,0.1815518469319957,0.054961480046412325,0.11825666348920401,0,1,0.5825168728828429,0.8574232518672944,0.015413941562276962,0.21914117083890455,24.236899009700025,0.5789330303668976,0.8742072880268097,0.0008059954737586492,0.0005555131309235864,0.00034646658523926756,0.15516492976900728
1781868750.778332,40.12449812889099,blowing_bubbles,mixed_social_nonsocial_movie,mixed,1148,1,0.14970684042994548,0.07102899503102524,0.11036791773048535,0,1,0.5827950417995453,0.857706081867218,0.017476907919417726,0.2190278442616655,24.970530921431795,0.5787140130996704,0.8743564486503601,0.000264985763696104,0.0005410097100625452,0.0011047860985661775,0.1565228674827646
1781868750.81392,40.160086154937744,blowing_bubbles,mixed_social_nonsocial_movie,mixed,1149,1,0.1789371766775733,0.22372154789129362,0.20132936228443346,1,0,0.5831375062465667,0.8575117528438568,0.016401820475451166,0.2181846052990982,24.784703184686567,0.5789056420326233,0.8734165132045746,0.0009592707074588948,0.0006942849437627908,0.0006277367662015425,0.14794966575195162
1781868750.847497,40.193663120269775,blowing_bubbles,mixed_social_nonsocial_movie,mixed,1150,1,0.13914995970849006,0.11535023691170883,0.12725009831009945,0,1,0.5833142876625061,0.8575060307979583,0.013608556572226108,0.22196948565095087,25.307358277962607,0.5789960324764252,0.8731033205986023,0.0003259755217288791,0.0006332951857300157,0.0011452517510422916,0.1523456302026847
1781868750.8848598,40.23102593421936,blowing_bubbles,mixed_social_nonsocial_movie,mixed,1151,1,0.15798848424430653,0.13592376189370148,0.14695612306900402,0,1,0.583432137966156,0.8573879480361939,0.009228209650687304,0.23186650555917607,24.97028837784794,0.5794926583766937,0.8722767233848572,0.000964313350829876,0.0006383378291009968,0.0009575827024836513,0.15093198837411823
1781868750.915614,40.26178002357483,blowing_bubbles,mixed_social_nonsocial_movie,mixed,1152,1,0.16902660970380856,0.13885846472592922,0.1539425372148689,0,1,0.5832493245601654,0.8573777973651886,0.011226339714955479,0.22605203466436485,25.77532292361608,0.5796528160572052,0.8720626533031464,0.0002673508603137285,0.0006969624905161474,0.0011660628949246071,0.15222104911883788
1781868750.953038,40.29920411109924,blowing_bubbles,mixed_social_nonsocial_movie,mixed,1153,1,0.16554950251916498,0.14693186093673619,0.15624068172795058,0,1,0.5833062291145324,0.8576043486595153,0.014434888316803118,0.2274270620074636,24.91319747995629,0.5790578126907349,0.8723229467868805,0.0006494472294078129,0.0003820963690940844,0.0010295804263493757,0.1515252183080748
1781868750.984548,40.33071422576904,blowing_bubbles,mixed_social_nonsocial_movie,mixed,1154,1,0.30157930110419406,0.16456255796183528,0.23307092953301467,1,0,0.5838274776935577,0.857912129163742,0.01094965318581078,0.22947076198357966,23.801054495945976,0.5794090926647186,0.8718014359474182,0.0006287854767714396,2.0661752636373307e-05,0.0017938825636284645,0.1509555212223047
1781868751.019812,40.3659782409668,blowing_bubbles,mixed_social_nonsocial_movie,mixed,1155,1,0.208769580778106,0.1847880946690556,0.1967788377235808,1,0,0.583355313539505,0.8573101997375487,0.004639618666876279,0.22430946103219476,23.846412399606812,0.5793685913085938,0.872267872095108,0.0004681912426772559,0.00016059423409418367,0.0008226013046966531,0.15120200452127083
1781868751.053837,40.40000319480896,blowing_bubbles,mixed_social_nonsocial_movie,mixed,1156,1,0.20050211096497178,0.07013536393321901,0.1353187374490954,0,1,0.5831496179103851,0.8567640841007234,0.01124681033776232,0.22080884079837718,22.62164186853117,0.5791663229465485,0.871866762638092,0.0004492229811487242,1.89682615285317e-05,0.0013955289113749172,0.15612880729072123
1781868751.0892959,40.43546199798584,blowing_bubbles,mixed_social_nonsocial_movie,mixed,1157,1,0.14926765421398425,0.11352092224874559,0.13139428823136493,0,1,0.5818897843360901,0.8554911375045776,0.003093307785727026,0.22834147810683542,23.799087853207148,0.579610675573349,0.8700490593910217,0.0018712280329651154,0.001422005051816391,0.0015597791940970382,0.15594135335622447
1781868751.124002,40.470168113708496,blowing_bubbles,mixed_social_nonsocial_movie,mixed,1158,1,0.07537238576489085,0.14559994098898058,0.1104861633769357,0,1,0.5819425702095031,0.8531411647796631,0.021525041185923292,0.22281696512510607,24.76257355541885,0.5781492590904236,0.8693998456001282,0.0015991299768475576,0.0002720980561175578,0.00034371304856771376,0.15640461761846747
1781868751.159189,40.5053551197052,blowing_bubbles,mixed_social_nonsocial_movie,mixed,1159,1,0.2708852045626303,0.2766618468600794,0.2737735257113548,1,0,0.5801375806331635,0.8503252625465394,0.014629886453315193,0.21877483849430443,21.21932149279417,0.5772514343261719,0.8676900863647461,0.0019311566353555974,0.0003320266585080398,0.0009114050056265052,0.14599195562354964
1781868751.192265,40.53843116760254,blowing_bubbles,mixed_social_nonsocial_movie,mixed,1160,1,0.30949911388377527,0.2101700943833952,0.2598346041335852,1,0,0.5787336170673371,0.8454479694366455,0.046433692594908316,0.2252196890019471,19.225815218828583,0.5752624273300171,0.8643812537193298,0.003860637551768496,0.0019294809164128986,0.001276624077263949,0.1412003149803424
1781868751.22625,40.57241606712341,blowing_bubbles,mixed_social_nonsocial_movie,mixed,1161,1,0.3843594161633642,0.3147870811591149,0.34957324866123957,1,0,0.5771740078926086,0.8404956042766571,0.026658004483381063,0.21057869527093165,15.149116379077837,0.5742838978767395,0.8632371127605438,0.001505515999417976,0.0023551215523505203,0.0027518761954822145,0.1340017366587925
1781868751.2619479,40.60811400413513,blowing_bubbles,mixed_social_nonsocial_movie,mixed,1162,1,0.35014469256512165,0.2640042184393971,0.30707445550225937,1,0,0.5752288222312927,0.8375527024269104,0.010041709214147791,0.19536276433489622,12.95300484763193,0.5730357468128204,0.8612899482250214,0.002312862037986421,0.0008073460385684451,0.0006114136211956833,0.13503239919404933
1781868751.295677,40.64184308052063,blowing_bubbles,mixed_social_nonsocial_movie,mixed,1163,1,0.3830076827265269,0.2428264807423199,0.3129170817344234,1,0,0.571771091222763,0.8338703811168671,-0.0034195184850813578,0.19228977522232,8.888841697093772,0.5713524520397186,0.8582501709461212,0.0034747269243020295,0.0011618648863156084,0.0010911710611116595,0.1330617997471904
1781868751.329914,40.67608022689819,blowing_bubbles,mixed_social_nonsocial_movie,mixed,1164,1,0.3435075969880325,0.21892652637703033,0.2812170616825314,1,0,0.5702175080776215,0.831928938627243,0.025639046562907875,0.18987895143780925,8.033917912584183,0.5694161057472229,0.857832133769989,0.0019809573556971226,0.001493769568604907,0.0013994601336761582,0.13393864817474327
1781868751.3644009,40.710566997528076,blowing_bubbles,mixed_social_nonsocial_movie,mixed,1165,1,0.3771201201405862,0.2614956948546634,0.31930790749762483,1,0,0.5681706726551056,0.8299140810966492,0.01599517938144609,0.19337858966436888,5.107385417615911,0.5679813921451569,0.8562643826007843,0.0021251463122561828,0.00014418895655906021,0.0017549446177269569,0.12887636899335372
1781868751.3975081,40.74367427825928,blowing_bubbles,mixed_social_nonsocial_movie,mixed,1166,1,0.29675559172198074,0.2874620568564137,0.2921088242891972,1,0,0.5665994584560394,0.8282702505588532,0.013295920113134574,0.20284060027473347,4.031769891517717,0.5665490627288818,0.8542678654193878,0.0024571626751882167,0.0003320163629320339,0.002966826294656,0.12582527779645652
1781868751.432368,40.778534173965454,blowing_bubbles,mixed_social_nonsocial_movie,mixed,1167,1,0.33298554508772904,0.24517231932270772,0.2890789322052184,1,0,0.5658518135547639,0.8278080761432648,-0.0009937470579409738,0.19811066350591527,2.987734127245414,0.5657514929771423,0.853682667016983,0.0009892293359312207,0.001467933339256996,0.001992580891137744,0.1248715035620122
1781868751.4679139,40.814079999923706,blowing_bubbles,mixed_social_nonsocial_movie,mixed,1168,1,0.35755426497513754,0.2602644745324511,0.30890936975379435,1,0,0.5646576821804047,0.8280184149742127,-0.016382900534191894,0.19674722893846022,0.9021454656599391,0.5656084716320038,0.8547284603118896,0.0010555276978065885,6.629836187536779e-05,0.001861491046012529,0.1275394712177802
1781868751.504301,40.85046720504761,blowing_bubbles,mixed_social_nonsocial_movie,mixed,1169,1,0.37746914212667126,0.2977930624581981,0.33763110229243465,1,0,0.5645296275615692,0.8291375756263732,-0.019685776108920104,0.19325344094059219,0.6796183949239508,0.5653628706932068,0.8558553457260132,0.0011533388737497482,9.781117594315973e-05,0.0033994293023331236,0.12644891924784557
1781868751.5356312,40.881797313690186,blowing_bubbles,mixed_social_nonsocial_movie,mixed,1170,1,0.4139815906900402,0.272161472685469,0.3430715316877546,1,0,0.5644896984100343,0.830018049478531,-0.016868755728420923,0.1963125298662505,-0.3366935592693884,0.5653455555438995,0.856008768081665,0.0001543963523186245,0.0009989425214311236,0.0018185799298462016,0.12804869348230163
1781868751.569432,40.91559815406799,blowing_bubbles,mixed_social_nonsocial_movie,mixed,1171,1,0.441432686050932,0.23063345643107622,0.3360330712410041,1,0,0.5643812656402588,0.8305202782154083,-0.014202942837359785,0.2067946029931112,-1.9248144634149784,0.5656578242778778,0.8559507727622986,0.0003176085944819655,0.00016321224216334098,0.003398712013002577,0.1254911555965934
1781868751.6050618,40.95122790336609,blowing_bubbles,mixed_social_nonsocial_movie,mixed,1172,1,0.42480473578133543,0.41239460878002826,0.41859967228068184,1,0,0.5648145616054535,0.8330820322036743,-0.01861244834682877,0.1944987105091258,1.2544843446972338,0.5659976601600647,0.8590845763683319,0.0031521759893776893,0.002834567394895724,0.002415479576263823,0.12999157223917254
1781868751.6393301,40.985496282577515,blowing_bubbles,mixed_social_nonsocial_movie,mixed,1173,1,0.37590831262609353,0.4037461255629319,0.3898272190945127,1,0,0.5649386763572692,0.8331606984138489,-0.014984552042283524,0.2008864150173139,-1.4150844468804782,0.5662428438663483,0.8584902286529541,0.0006429340997347761,0.0025092418896429133,0.0017609689829934634,0.12825295388951585
1781868751.6726851,41.0188512802124,blowing_bubbles,mixed_social_nonsocial_movie,mixed,1174,1,0.39487995988390256,0.37701511422342865,0.3859475370536656,1,0,0.5649173974990844,0.8329399108886719,-0.01027923810597835,0.19612386266351875,-1.5829120119829083,0.5668832361698151,0.8593583703041077,0.0010787827532951883,0.00043584865356041224,0.0012238067286295836,0.1279976728042159
1781868751.710331,41.05649709701538,blowing_bubbles,mixed_social_nonsocial_movie,mixed,1175,1,0.3826841345142821,0.3414045498511062,0.36204434218269416,1,0,0.5648419916629791,0.8327858090400696,-0.0035048660574709964,0.19644831639925028,-1.9164422563114245,0.5666634738445282,0.8585018217563629,0.0008842911818282098,0.00019449157146697853,0.0004434936904377822,0.12874270159882406
1781868751.742241,41.088407039642334,blowing_bubbles,mixed_social_nonsocial_movie,mixed,1176,1,0.4292564767414403,0.3499017605228171,0.3895791186321287,1,0,0.5647390902042388,0.8322638690471649,-0.006307398303103635,0.19601029049764793,-1.4888956071491892,0.5665480196475983,0.8592140078544617,0.000721483686519567,0.0001628074953086428,0.0009336131744556635,0.12394267740436683
1781868751.777261,41.12342715263367,blowing_bubbles,mixed_social_nonsocial_movie,mixed,1177,1,0.3571671618823591,0.3634288896970442,0.3602980257897016,1,0,0.5646633386611939,0.832465136051178,-0.0018318432311049855,0.19667122866442643,-2.604078164804728,0.5659348964691162,0.8586131930351257,0.0008584279114320631,0.00013694422491249613,0.00037693782175623737,0.1263353686986776
1781868751.812056,41.15822219848633,blowing_bubbles,mixed_social_nonsocial_movie,mixed,1178,1,0.3164377580693349,0.2690287408960667,0.2927332494827008,1,0,0.563693517446518,0.8326513767242432,0.005174771402105392,0.18958386504488967,-2.451622438175356,0.5649503171443939,0.858754962682724,0.000994733672723879,0.00013630576129181591,0.0010923121093252596,0.13400421614332794
1781868751.84529,41.19145607948303,blowing_bubbles,mixed_social_nonsocial_movie,mixed,1179,1,0.1837042464818422,0.3784003861539926,0.2810523163179174,1,0,0.5622057735919952,0.8323586761951447,-0.008364648299590396,0.20340383787334038,-4.637760071076144,0.5633527338504791,0.8560976386070251,0.003100587625642018,0.002105853952918139,0.0026344480814325297,0.13111608969791305
1781868751.8808022,41.22696828842163,blowing_bubbles,mixed_social_nonsocial_movie,mixed,1180,1,0.29480178533274254,0.20813137627680733,0.2514665808047749,1,0,0.560278481245041,0.8326730549335479,0.004547878697517428,0.19608272435317675,-7.206600129051174,0.5615261495113373,0.857777863740921,0.0024818474668225807,0.0006187401588194372,0.0018803003569787204,0.13149429045065267
1781868751.914336,41.260502099990845,blowing_bubbles,mixed_social_nonsocial_movie,mixed,1181,1,0.34483553043748916,0.2935762023048175,0.31920586637115334,1,0,0.5592846930027008,0.8327779114246369,-0.034386389771052496,0.192480751519148,-5.701846916055279,0.5615154504776001,0.8572315871715546,0.0005463813316372483,0.0019354661351853324,0.0024950646566609296,0.13247498480923015
1781868751.950572,41.296738147735596,blowing_bubbles,mixed_social_nonsocial_movie,mixed,1182,1,0.3845774634092169,0.323098740348711,0.3538381018789639,1,0,0.5569344520568847,0.8311394929885865,-0.025106632310568023,0.19274058928164375,-6.311303148673675,0.5601021647453308,0.8565937578678131,0.00155054918714217,0.0010041678555049217,0.0020762647289720754,0.12561071528336754
1781868751.984491,41.33065724372864,blowing_bubbles,mixed_social_nonsocial_movie,mixed,1183,1,0.29688218673931743,0.39969744874659907,0.34828981774295825,1,0,0.5571923732757569,0.8312174558639527,-0.03954523617623254,0.20483515470775432,-7.683212872674919,0.5597759485244751,0.8554190993309021,0.001219114310098647,0.0003314348770435231,0.002050026674062982,0.1288793146503877
1781868752.018474,41.36464023590088,blowing_bubbles,mixed_social_nonsocial_movie,mixed,1184,1,0.3016866702392035,0.39454002362464,0.34811334693192175,1,0,0.5565000653266907,0.8325462698936462,-0.040407976496204624,0.19921161090356287,-10.54421573404936,0.5596423447132111,0.8573217391967773,0.0019073249428458812,0.0006882106327472342,0.00313094479096033,0.1329851613168014
1781868752.054294,41.4004602432251,blowing_bubbles,mixed_social_nonsocial_movie,mixed,1185,1,0.3264789580303559,0.35579614734305354,0.34113755268670476,1,0,0.5560829281806946,0.8329740405082702,-0.04430921852315385,0.2037767175382017,-9.748642300734554,0.5600763261318207,0.8578295409679413,0.0006679839148479943,0.001239341027997887,0.0009195431196933563,0.12952121597019622
1781868752.087765,41.43393111228943,blowing_bubbles,mixed_social_nonsocial_movie,mixed,1186,1,0.2790452673167591,0.38563975689734165,0.33234251210705035,1,0,0.556915920972824,0.8362360775470734,-0.05949625930867831,0.2125520875802006,-10.364705566043446,0.5612861216068268,0.8581649661064148,0.0012554342335882106,0.0005874503187402163,0.0013913752671148739,0.13422727835998716
1781868752.121866,41.468032121658325,blowing_bubbles,mixed_social_nonsocial_movie,mixed,1187,1,0.44867300276957617,0.39156609250144847,0.4201195476355123,1,0,0.5585963785648347,0.838602489233017,0.003381389269173067,0.20754466213246928,-9.636283978308867,0.5608626306056976,0.8605231046676636,0.002395863539955027,0.0011404293063668166,0.0009026531932101594,0.12799754409569544
1781868752.156255,41.502421140670776,blowing_bubbles,mixed_social_nonsocial_movie,mixed,1188,1,0.3734301008223982,0.37247343014783774,0.372951765485118,1,0,0.5595198929309846,0.8414974093437195,-0.01485312831058343,0.2035421427515124,-10.376061196417355,0.5620203018188477,0.8645220994949341,0.004163191355954291,0.0017673278159992642,0.0028584945670869144,0.12668872966920525
1781868752.189901,41.53606724739075,blowing_bubbles,mixed_social_nonsocial_movie,mixed,1189,1,0.3559976611138798,0.43459748708408913,0.39529757409898447,1,0,0.5599935054779053,0.8414798080921173,0.004286846732431955,0.2095557998023557,-6.980685148228482,0.5621597766876221,0.8650423288345337,0.0005386017125853628,0.0036245896433689286,0.0017547500323638842,0.12376165577284498
1781868752.224301,41.57046723365784,blowing_bubbles,mixed_social_nonsocial_movie,mixed,1190,1,0.3282083215037597,0.3051357719885877,0.3166720467461737,1,0,0.5610315382480622,0.8429052770137787,0.0034835382216633665,0.21046959001951762,-5.882782045061716,0.5629058182239532,0.8656867146492004,0.0009858047738143243,0.00044720306122896154,0.001842219246102235,0.12638882360750645
1781868752.260192,41.60635805130005,blowing_bubbles,mixed_social_nonsocial_movie,mixed,1191,1,0.3549114385503751,0.2588503394643445,0.30688088900735977,1,0,0.5612367630004883,0.8461829602718354,-0.00238779532472825,0.2049051130582311,-6.544627827084112,0.5634051859378815,0.8673205375671387,0.0017084336220333817,0.0007226288482190574,0.0018328048874001418,0.14648594127164669
1781868752.293685,41.639851093292236,blowing_bubbles,mixed_social_nonsocial_movie,mixed,1192,1,0.24735999249836124,0.14212970758229784,0.19474485004032954,1,0,0.5628629684448243,0.8471930980682373,0.021234301575643863,0.21083990971050795,-5.908919957345344,0.5636855363845825,0.8666416704654694,0.0007344773071336987,0.000973956314899683,0.003354587806299515,0.15407971883430502
1781868752.328567,41.67473316192627,blowing_bubbles,mixed_social_nonsocial_movie,mixed,1193,1,0.172600234445755,0.1160130012690688,0.1443066178574119,0,1,0.5633300364017486,0.848675686120987,0.004164970903300805,0.20321902264785296,-2.3633528443328378,0.5639744699001312,0.8677799999713898,0.0011744260898227438,0.0004399487826890451,0.0033052317956542335,0.15933245209620886
1781868752.362487,41.70865321159363,blowing_bubbles,mixed_social_nonsocial_movie,mixed,1194,1,0.14568538543651627,0.17731309069669163,0.16149923806660393,0,1,0.5659435808658599,0.8499291419982911,-0.0013602936417355946,0.22383569912692558,-1.5638717301551184,0.5657496154308319,0.8653996586799622,0.00296937136762007,0.0017949452777973262,0.002857472135007357,0.15908996414195065
1781868752.395926,41.74209213256836,blowing_bubbles,mixed_social_nonsocial_movie,mixed,1195,1,0.18943189375088243,0.12529915889844837,0.15736552632466538,0,1,0.5664778113365174,0.8504646956920623,-0.011534211958935486,0.21528579525439664,-0.34927775488383783,0.5666363835334778,0.8677387535572052,0.0025015440257198764,0.0004678273419001936,0.002442184026370017,0.16095689022988385
1781868752.431381,41.777547121047974,blowing_bubbles,mixed_social_nonsocial_movie,mixed,1196,1,0.09692733084355429,0.03630835028189135,0.06661784056272282,0,1,0.567723548412323,0.8513352572917938,-0.02478009429076553,0.21090665063796296,2.328887472096285,0.5674843490123749,0.8691299855709076,0.0016292857236689929,0.0008722583020508835,0.0029176171550611384,0.16860225148284266
1781868752.46886,41.81502604484558,blowing_bubbles,mixed_social_nonsocial_movie,mixed,1197,1,0.10156908239454397,0.17795940482987035,0.13976424361220716,0,1,0.5674711644649506,0.8524022936820984,-0.01112987616900606,0.21293363213334357,3.633383734578927,0.5671448409557343,0.869771420955658,0.0007257444959031685,0.0009035412277658243,0.001559457158215989,0.15800248927318533
1781868752.5014532,41.84761929512024,blowing_bubbles,mixed_social_nonsocial_movie,mixed,1198,1,0.22942434323048344,0.21328287914993188,0.22135361119020766,1,0,0.5671536266803741,0.8547437906265258,-0.018819800465998876,0.20745696714871326,3.544450760922885,0.5671341419219971,0.8727153539657593,0.0029439524516009286,0.0022182079556977603,0.003924336598941766,0.15489091311985814
1781868752.5346508,41.88081693649292,blowing_bubbles,mixed_social_nonsocial_movie,mixed,1199,1,0.15367005392542213,0.11258561563923182,0.13312783478232698,0,1,0.5663589239120483,0.8565766334533691,-0.0032552211349023818,0.20813158037169605,3.6455620608565087,0.5663002729415894,0.8742057383060455,0.0017078006201710716,0.001236151831429857,0.0016415920116799399,0.16807783073398336
1781868752.5685802,41.91474628448486,blowing_bubbles,mixed_social_nonsocial_movie,mixed,1200,1,0.17174919279571138,0.03398886956682807,0.10286903118126972,0,1,0.5655958712100984,0.856249064207077,0.004290292676114366,0.22475459823263558,4.98673858410307,0.5659404695034027,0.873932957649231,0.0004515172210039416,0.0012562833991671299,0.0014028689608591599,0.1689543924473917
1781868752.603851,41.95001721382141,blowing_bubbles,mixed_social_nonsocial_movie,mixed,1201,1,0.15536260645687047,0.07119625742609707,0.11327943194148377,0,1,0.5659229934215546,0.8570434749126434,-0.004130316095913652,0.22072116948857778,6.570214599582422,0.5660074949264526,0.8741931319236755,0.000268669053703223,0.00018284816730071863,0.0007140652779844684,0.16590113225484135
1781868752.637093,41.983259201049805,blowing_bubbles,mixed_social_nonsocial_movie,mixed,1202,1,0.22408379043746382,0.11031655211857787,0.16720017127802084,0,1,0.5666355907917022,0.8593056321144104,-0.00865810766566995,0.21517995686953043,7.955095869347613,0.5666214227676392,0.8756658732891083,0.0015955796826359486,0.0013269106289327255,0.0010848938827998176,0.1598360990950362
1781868752.672516,42.01868224143982,blowing_bubbles,mixed_social_nonsocial_movie,mixed,1203,1,0.152996068737761,0.08948202104480624,0.12123904489128362,0,1,0.5673918187618257,0.860791802406311,-0.003089785705121595,0.2197130408598599,10.195833750126027,0.5663899183273315,0.8775038123130798,0.0018524616491899812,0.0002568819665540326,0.0006250688310608858,0.16177705798564385
1781868752.707822,42.053988218307495,blowing_bubbles,mixed_social_nonsocial_movie,mixed,1204,1,0.1368710228676004,0.10787890179829955,0.12237496233294998,0,1,0.5669428348541259,0.8608180582523346,0.0027641858361439537,0.23305326728541406,11.110308598961563,0.5662738382816315,0.8770443797111511,0.0004738701222114731,0.0013785915269785081,0.0017155881010490163,0.15974060951000718
1781868752.740866,42.087032079696655,blowing_bubbles,mixed_social_nonsocial_movie,mixed,1205,1,0.18823864520931474,0.06972225247014938,0.12898044883973206,0,1,0.5680788576602935,0.8611010789871216,0.008733211594933198,0.2278682790424367,10.06412774141863,0.566230446100235,0.8777109086513519,0.0006679398996403453,0.0001940697774288722,0.0003797964502668775,0.15944511080965645
1781868752.775437,42.12160325050354,blowing_bubbles,mixed_social_nonsocial_movie,mixed,1206,1,0.20032600486877758,0.07398963912789192,0.13715782199833476,0,1,0.5679510414600373,0.8606979548931122,0.006886105483879679,0.22837319800068703,9.090681005004862,0.5669358372688293,0.8766941428184509,0.0012374932160160652,0.0005695533163757199,0.001608487941061361,0.15814185372329095
1781868752.8091002,42.15526628494263,blowing_bubbles,mixed_social_nonsocial_movie,mixed,1207,1,0.17806409113867694,0.037230025475302866,0.1076470583069899,0,1,0.5685793161392212,0.860836672782898,-0.006830250030747645,0.23118331039312406,10.594352667388254,0.5676215291023254,0.87685427069664,0.0007041407727838048,0.0005333524432322603,0.0001471761603474167,0.16195165350966123
1781868752.845227,42.19139313697815,blowing_bubbles,mixed_social_nonsocial_movie,mixed,1208,1,0.1107510379746366,0.04278979937008107,0.07677041867235884,0,1,0.5692677319049835,0.8624285280704498,-0.010083557761513241,0.22873308302289908,9.902071205416764,0.5679432153701782,0.8779753744602203,0.001166342875675509,0.00046220210289170415,0.0013585943181063985,0.1639211195864305
1781868752.877696,42.223862171173096,blowing_bubbles,mixed_social_nonsocial_movie,mixed,1209,1,0.2511348613160033,0.08307918548245156,0.16710702339922745,0,1,0.5692077577114105,0.8631588041782379,-0.0008581881686770056,0.22629175172884522,9.390530671942482,0.5680098533630371,0.8789514601230621,0.0009783577276730486,0.00018798514800246044,0.0012805736842760908,0.15659703724436208
1781868752.913131,42.259297132492065,blowing_bubbles,mixed_social_nonsocial_movie,mixed,1210,1,0.301776151097503,0.09132856452632744,0.1965523578119152,1,0,0.569241750240326,0.8638898372650146,0.005781475932585927,0.23133365788400978,8.462301373812892,0.5679106712341309,0.879171758890152,0.00024159602951141646,0.0007367616981616321,0.00097566089743725,0.1525844557497693
1781868752.9471989,42.29336500167847,blowing_bubbles,mixed_social_nonsocial_movie,mixed,1211,1,0.3370853795291589,0.1397124937888194,0.23839893665898915,1,0,0.5692879915237427,0.8639775156974793,0.009312768494719391,0.2277528702504969,10.101514643438202,0.5678822696208954,0.8798143267631531,0.0006431952448887767,0.00040159921537736025,0.0010309538924904767,0.1497392504824971
1781868752.981866,42.32803201675415,blowing_bubbles,mixed_social_nonsocial_movie,mixed,1212,1,0.17149265256099652,0.0582033027729306,0.11484797766696356,0,1,0.5693103253841401,0.8633326590061188,0.013746425431786962,0.22598796708410707,10.255443608909856,0.5678290128707886,0.8792122900485992,0.0006043876960219432,3.880754886683357e-05,0.0009425733234085688,0.15939540833399682
1781868753.016216,42.36238217353821,blowing_bubbles,mixed_social_nonsocial_movie,mixed,1213,1,0.16513430609693827,0.050297924581642846,0.10771611533929056,0,1,0.5699682891368867,0.862688273191452,0.02000793172396398,0.22427137499605557,12.190590409828243,0.5677108466625214,0.8789518773555756,0.00028596857076276116,0.000318419125259182,0.0004799005659596406,0.15695047801662065
1781868753.0518541,42.39802026748657,blowing_bubbles,mixed_social_nonsocial_movie,mixed,1214,1,0.1175866724407313,0.0834270394339272,0.10050685593732925,0,1,0.5702316284179687,0.8630724668502807,0.012295816122356557,0.22400203208439387,11.816865474124961,0.5679087042808533,0.8783929944038391,0.0005928724912437942,0.000306903920481033,0.000796556774188213,0.15862040150591222
1781868753.084883,42.43104910850525,blowing_bubbles,mixed_social_nonsocial_movie,mixed,1215,1,0.18978838788976174,0.14823457907622986,0.1690114834829958,0,1,0.5695777714252472,0.8635634839534759,0.013050849411007816,0.2290059539659153,10.284725650770442,0.5678604543209076,0.8789862096309662,0.0005951742302302637,2.3017389864695825e-06,0.002774286257722464,0.15565930000832082
1781868753.119073,42.46523904800415,blowing_bubbles,mixed_social_nonsocial_movie,mixed,1216,1,0.19746823219953283,0.1344242048398596,0.1659462185196962,0,1,0.5697970807552337,0.8643825948238373,0.013908010777935086,0.2295989704323232,10.788237589088903,0.5676870942115784,0.8791348338127136,0.00022834814408428068,0.00036682608614598303,0.00224775769001952,0.1555713736189336
1781868753.1538649,42.50003099441528,blowing_bubbles,mixed_social_nonsocial_movie,mixed,1217,1,0.1596701172320692,0.12157571414444494,0.14062291568825708,0,1,0.5682282745838165,0.8636932373046875,0.018807665809405422,0.23008616149253044,10.09298769646139,0.5677015483379364,0.8796042501926422,0.0004696388607366678,0.0002412907166523871,0.0016000360397865091,0.15502384470632743
1781868753.188302,42.53446817398071,blowing_bubbles,mixed_social_nonsocial_movie,mixed,1218,1,0.13888965079943344,0.1059106975911024,0.12240017419526791,0,1,0.5682331860065459,0.8623018264770508,0.012758444922894003,0.22577962119749112,10.495221806480771,0.5677844285964966,0.8785387873649597,0.0010686815121598112,0.0005990426514231434,0.0009758207358532406,0.1587359765480804
1781868753.22233,42.568496227264404,blowing_bubbles,mixed_social_nonsocial_movie,mixed,1219,1,0.11482377157316583,0.05839257077352421,0.08660817117334502,0,1,0.5692908346652985,0.8615540206432343,0.010376486590424646,0.234100256867199,11.076174707197552,0.5677486956119537,0.8772481977939606,0.0012910841517717185,0.0002224026396119073,0.0013798386815513583,0.15902866313730546
1781868753.259296,42.605462074279785,blowing_bubbles,mixed_social_nonsocial_movie,mixed,1220,1,0.29457465533648375,0.14208354957247143,0.2183291024544776,1,0,0.5688976049423218,0.8607951819896698,0.01418426974012038,0.21345661217869336,8.130902334900416,0.5676185488700867,0.878641664981842,0.0013995316995770062,0.00010844754780528769,0.00026297532313282175,0.15112853507071458
1781868753.292278,42.63844418525696,blowing_bubbles,mixed_social_nonsocial_movie,mixed,1221,1,0.19113822710078943,0.2795020241383506,0.23532012561957003,1,0,0.5679131269454956,0.8585241794586181,0.0021595769249321403,0.22648273806104308,9.160521690835735,0.5682481527328491,0.8760621547698975,0.0026552351981569866,0.0012557034985799804,0.0027906952832366157,0.14832132184681932
1781868753.325237,42.67140316963196,blowing_bubbles,mixed_social_nonsocial_movie,mixed,1222,1,0.17207448981634724,0.23175458210201658,0.2019145359591819,1,0,0.5697113871574402,0.8579151690006257,-0.0016101184480312716,0.22133701788369708,11.391121629375855,0.5685035884380341,0.8761818408966064,0.000282085392053408,0.0023731498061035786,0.0005657462133091603,0.15365852907383148
1781868753.3604732,42.70663928985596,blowing_bubbles,mixed_social_nonsocial_movie,mixed,1223,1,0.10582574494339073,0.19012838918900538,0.14797706706619806,0,1,0.5692574381828308,0.8577614665031433,-0.007332511034481284,0.21140818578891998,12.421093404506898,0.568516731262207,0.875880092382431,0.0003020346000615035,1.994920800809551e-05,0.0009566528676702091,0.15350409097196008
1781868753.395326,42.74149203300476,blowing_bubbles,mixed_social_nonsocial_movie,mixed,1224,1,0.191727377449562,0.1781864399542918,0.18495690870192688,1,0,0.5693728029727936,0.8585212171077728,-0.008440355571889848,0.2024792773560511,12.504225749542776,0.568329781293869,0.8771790266036987,0.0013123187119910738,0.0010102841119295704,0.0008857381283867558,0.15275172618823715
1781868753.429098,42.7752640247345,blowing_bubbles,mixed_social_nonsocial_movie,mixed,1225,1,0.1612664769772112,0.1693566096399099,0.16531154330856054,0,1,0.5697231411933898,0.8585994720458985,-0.014438078701916884,0.21475968117602143,13.502637040468056,0.568692147731781,0.876336395740509,0.0009172438099681221,0.0003950749020229517,0.0011800942000084957,0.1530672834122721
1781868753.463704,42.80987024307251,blowing_bubbles,mixed_social_nonsocial_movie,mixed,1226,1,0.18261106231727126,0.06054369896976644,0.12157738064351885,0,1,0.569704568386078,0.8590120732784272,-0.012476785734871902,0.21957223011931148,13.213653806863872,0.5688642263412476,0.8758250176906586,0.0005395540359452479,0.0003776897740228742,0.0008666390616653768,0.15490665913431903
1781868753.498154,42.84432005882263,blowing_bubbles,mixed_social_nonsocial_movie,mixed,1227,1,0.22003421477084714,0.08693486789503528,0.1534845413329412,0,1,0.5702674806118011,0.8597084164619446,-0.004124318058980269,0.23087849121551707,13.218207758600691,0.5691475570201874,0.8754788339138031,0.0004473471593588317,9.22068765864162e-05,0.0021921299480528364,0.15621353478502156
1781868753.532182,42.87834811210632,blowing_bubbles,mixed_social_nonsocial_movie,mixed,1228,1,0.20542042025825571,0.12056763732671631,0.162994028792486,0,1,0.5706530272960663,0.8598596692085266,-0.00018002050484950557,0.23163925928765225,14.939291053254745,0.5692816972732544,0.8753990232944489,0.00015608761147058381,0.0002912595478882479,0.0006988093243050723,0.15329428951611168
1781868753.5669591,42.91312527656555,blowing_bubbles,mixed_social_nonsocial_movie,mixed,1229,1,0.21026616321161165,0.1466768342186017,0.17847149871510667,0,1,0.5709154069423676,0.8602599978446961,0.007414491630753038,0.22802991526631305,15.047597246319722,0.5690899789333344,0.8766826689243317,0.0012978836715896152,0.0011417960601190313,0.008096884853230653,0.15511612027278648
1781868753.601728,42.94789409637451,blowing_bubbles,mixed_social_nonsocial_movie,mixed,1230,1,0.2123275166710137,0.04854867523813511,0.1304380959545744,0,1,0.5705575466156005,0.8607325673103332,9.104237505175577e-05,0.22593803964082063,13.686576112396368,0.5690606832504272,0.8767260611057281,5.235569160405599e-05,0.0012455279799855592,0.003953668116811603,0.1593010391090026
1781868753.63644,42.982606172561646,blowing_bubbles,mixed_social_nonsocial_movie,mixed,1231,1,0.2542998571555943,0.0656315477983541,0.1599657024769742,0,1,0.5706132769584655,0.8610538721084595,0.002943183539711999,0.22910574735802325,12.456946492602883,0.5690548121929169,0.876475602388382,0.0002505275202667155,0.0001981718286626595,0.0023114584044508627,0.15534389176211888
1781868753.670553,43.0167191028595,blowing_bubbles,mixed_social_nonsocial_movie,mixed,1232,1,0.2390047272830125,0.07716472446153946,0.15808472587227598,0,1,0.5712492942810059,0.8611721515655517,0.0014648705756732936,0.22818789683241297,13.24554920103066,0.5693269968032837,0.8761739730834961,0.0004062815522349839,0.0001557540319682684,0.0013125159187812002,0.15300716915279142
1781868753.7048042,43.05097031593323,blowing_bubbles,mixed_social_nonsocial_movie,mixed,1233,1,0.18028746025140996,0.21943557920815002,0.19986151972978,1,0,0.5713577270507812,0.8608835458755493,0.013614498348569594,0.2278229445087934,14.00211906841431,0.5692211389541626,0.8764248490333557,0.000272295109097667,0.00013398644313731688,0.001173710204089454,0.1480153765437422
1781868753.739616,43.085782051086426,blowing_bubbles,mixed_social_nonsocial_movie,mixed,1234,1,0.14189549284429526,0.26770887287230977,0.2048021828583025,1,0,0.5715081751346589,0.8607355892658234,0.004282332398407728,0.22845467294598007,15.196886044681547,0.5697437226772308,0.8769466876983643,0.0007385183409460868,0.00046622323184841973,0.002311882384141436,0.1486162807535661
1781868753.7737112,43.119877338409424,blowing_bubbles,mixed_social_nonsocial_movie,mixed,1235,1,0.18549671751617447,0.2021851930428546,0.19384095527951453,1,0,0.5717726886272431,0.86083123087883,0.0022398931725169345,0.22743460457914869,15.087559957998016,0.57016521692276,0.877447098493576,0.0006542693351966805,8.424900574940627e-05,0.0026442453589602594,0.1468488074696069
1781868753.808442,43.15460824966431,blowing_bubbles,mixed_social_nonsocial_movie,mixed,1236,1,0.1436554787377944,0.22928398477835507,0.18646973175807474,1,0,0.5714346826076508,0.8606674015522002,-0.00816634948948662,0.23064573354575016,15.906267004377156,0.5703293085098267,0.8770057260990143,0.00047088813918726044,0.00018338119600942005,0.001174138623465212,0.14844848335331307
1781868753.843651,43.18981719017029,blowing_bubbles,mixed_social_nonsocial_movie,mixed,1237,1,0.21000206058568416,0.16333702477939677,0.18666954268254046,1,0,0.5720668017864228,0.8616845488548279,0.01560727951164721,0.2208614802680256,14.50907002016862,0.5699888467788696,0.8785784244537354,0.001609128430296543,0.0011382402911092825,0.001119353077014749,0.1465912746147679
1781868753.876975,43.22314119338989,blowing_bubbles,mixed_social_nonsocial_movie,mixed,1238,1,0.25842198188387117,0.08120095071686743,0.1698114663003693,0,1,0.5718272745609283,0.8623074889183044,0.01593697789909006,0.2213923952331007,14.282108883058497,0.5698588788509369,0.8793149590492249,0.0007479136799417523,0.0008612147503547907,0.001228699873873602,0.15123613496849278
1781868753.911735,43.257901191711426,blowing_bubbles,mixed_social_nonsocial_movie,mixed,1239,1,0.1954544269083058,0.20006480662920395,0.19775961676875486,1,0,0.5719046831130981,0.8617709279060364,0.02117144154632028,0.22031868696973747,15.395231037417945,0.5697790086269379,0.8795417845249176,0.0002404767121883033,0.000507436967753449,0.0009659680219941739,0.14594233604704906
1781868753.9458282,43.29199433326721,blowing_bubbles,mixed_social_nonsocial_movie,mixed,1240,1,0.1807916631168515,0.21113627589310802,0.19596396950497974,1,0,0.5714161932468413,0.8611839294433594,0.013820707898752647,0.22059598288899596,13.873678828330196,0.5698425769805908,0.8781006038188934,0.0014425819779140705,0.0012021052657257673,0.0017072578142536313,0.1461433145795126
1781868753.979696,43.32586216926575,blowing_bubbles,mixed_social_nonsocial_movie,mixed,1241,1,0.204743489043536,0.1366572424177524,0.1707003657306442,0,1,0.5713227391242981,0.8608052015304566,0.01084670439390546,0.22471281210815638,13.757719213544117,0.5700547099113464,0.8778924643993378,0.0002971908448857996,0.001145391133028271,0.0024430170503137918,0.14771137251748853
1781868754.014202,43.36036825180054,blowing_bubbles,mixed_social_nonsocial_movie,mixed,1242,1,0.18628105596021202,0.19217073581077138,0.1892258958854917,1,0,0.5716364622116089,0.8610439956188202,0.009511778116542417,0.2247470787677508,13.800278544996194,0.5700278878211975,0.8777878880500793,0.00010796127705884522,0.00018922956782695436,0.0016428785398345633,0.1453597339505898
1781868754.0514848,43.397650957107544,blowing_bubbles,mixed_social_nonsocial_movie,mixed,1243,1,0.19257729236994595,0.1866610155119811,0.18961915394096351,1,0,0.5719226598739624,0.8614621222019195,0.010828501789420882,0.225648564542691,14.084833869538224,0.5703092813491821,0.87906813621521,0.0013108080263379293,0.0012028467492790841,0.0018726598538252861,0.14571957729447144
1781868754.0826812,43.428847312927246,blowing_bubbles,mixed_social_nonsocial_movie,mixed,1244,1,0.24043246460474582,0.1655361852136382,0.202984324909192,1,0,0.5723257958889008,0.8616854965686798,0.016556713722326925,0.22234639909252818,14.499130890059776,0.5701746940612793,0.879250705242157,0.00022681531620554653,0.0010839927101323828,0.00046418398967686597,0.14283252911730343
1781868754.116377,43.46254324913025,blowing_bubbles,mixed_social_nonsocial_movie,mixed,1245,1,0.25551821387816,0.17347022092752915,0.21449421740284458,1,0,0.5718905091285706,0.861706018447876,0.016464355669285096,0.22207617460236392,14.188723958855663,0.5698058009147644,0.8789302706718445,0.0004886312181973379,0.00026181590199179136,0.0014363125322627512,0.1426570419467265
1781868754.151655,43.49782109260559,blowing_bubbles,mixed_social_nonsocial_movie,mixed,1246,1,0.26879969693687555,0.11598037521821637,0.19239003607754596,1,0,0.571776521205902,0.861689156293869,0.006506413120802028,0.22436001354779556,12.706538727222096,0.5699770152568817,0.8786349892616272,0.00034132896473427473,0.00014730225346306318,0.000535582277757509,0.14372093703662528
1781868754.185547,43.531713247299194,blowing_bubbles,mixed_social_nonsocial_movie,mixed,1247,1,0.26711775434803425,0.22884408544278007,0.24798091989540716,1,0,0.5709053456783295,0.8618586122989655,0.016851808995913417,0.22598087647200785,13.63240687104331,0.5695145726203918,0.8792855143547058,0.000798145405780575,0.0004568164410463003,0.0005749512790605147,0.14396539289461005
1781868754.219759,43.56592512130737,blowing_bubbles,mixed_social_nonsocial_movie,mixed,1248,1,0.20385053576865186,0.2050290533789815,0.20443979457381667,1,0,0.5714943528175354,0.8618566274642945,0.012755239403210359,0.22352770463855884,14.460657257517608,0.5694997012615204,0.8785114586353302,0.0007741985623938973,2.394684338667772e-05,0.00017389552462435942,0.1473196295996253
1781868754.259056,43.60522222518921,blowing_bubbles,mixed_social_nonsocial_movie,mixed,1249,1,0.15717583613566735,0.060729503677677495,0.10895266990667242,0,1,0.5713669300079345,0.861935842037201,0.009223071296910591,0.22447259690969795,13.71642043543807,0.5696479976177216,0.8777764439582825,0.0007498255695414254,2.437299285247194e-05,0.0008601475504342358,0.155242132956622
1781868754.289448,43.63561415672302,blowing_bubbles,mixed_social_nonsocial_movie,mixed,1250,1,0.1974033400382975,0.0943886781622004,0.14589600910024894,0,1,0.5713848888874054,0.8621168076992034,0.01636173069327472,0.2280723506776784,14.10647496818923,0.5694185197353363,0.878402054309845,0.0006663695750003712,8.345599454105419e-05,0.0006460153178912118,0.15158863170116965
1781868754.323958,43.67012405395508,blowing_bubbles,mixed_social_nonsocial_movie,mixed,1251,1,0.1959911112858068,0.061203700970655514,0.12859740612823115,0,1,0.5710863590240478,0.8620694339275361,0.0076848551322459,0.22957768669808826,13.4273108814449,0.5697373449802399,0.8780664205551147,0.00046292499835516164,0.00020344457664520955,0.0012718219216045527,0.15308300971303385
1781868754.3586829,43.70484900474548,blowing_bubbles,mixed_social_nonsocial_movie,mixed,1252,1,0.15442384808408371,0.0349472823353942,0.09468556520973896,0,1,0.5725981414318084,0.8626968443393708,0.010462452561285607,0.22643231820621773,14.028391245838645,0.5698036849498749,0.877349853515625,0.0007196313734505141,0.00025670637509535245,0.0006245022193279273,0.15904055164519496
1781868754.393676,43.73984217643738,blowing_bubbles,mixed_social_nonsocial_movie,mixed,1253,1,0.17150397375728468,0.02498152505991726,0.09824274940860098,0,1,0.572402936220169,0.8621499001979829,0.014730392399567537,0.22379067407698797,14.208090707512179,0.5698621869087219,0.878120630979538,0.0007729944230491199,5.336304959860578e-05,0.001145379880448842,0.15662032746332616
1781868754.426952,43.773118019104004,blowing_bubbles,mixed_social_nonsocial_movie,mixed,1254,1,0.10878327721274395,0.050088619397874304,0.07943594830530912,0,1,0.5726553201675415,0.8619558393955231,0.02369213791906991,0.23016900580469263,14.83774358036784,0.5697504878044128,0.8779758512973785,0.00018286018229684387,0.0005901342407522759,0.0011277040045141863,0.15906499983043232
1781868754.462671,43.80883717536926,blowing_bubbles,mixed_social_nonsocial_movie,mixed,1255,1,0.21486598244298596,0.18830985980442777,0.20158792112370688,1,0,0.5721477687358856,0.861646544933319,0.01751777191955577,0.22969580711840581,14.034739549985144,0.5701159238815308,0.8779945075511932,0.0003659119870484332,0.0001830518047515893,0.0014175599989447877,0.1478841390987626
1781868754.495391,43.841557025909424,blowing_bubbles,mixed_social_nonsocial_movie,mixed,1256,1,0.15532726427222357,0.14988592192686895,0.15260659309954627,0,1,0.572396433353424,0.8610685765743256,0.012261616351327888,0.22886020100207405,14.922673646418565,0.5703617632389069,0.8773983418941498,0.0006448646991991033,0.00027895271215067015,0.001616121861429867,0.15145119521109654
1781868754.530797,43.87696313858032,blowing_bubbles,mixed_social_nonsocial_movie,mixed,1257,1,0.15293104113116596,0.08175149697845735,0.11734126905481165,0,1,0.5726064085960388,0.8608931720256805,0.014203964771644756,0.22805248170218245,15.148477799525018,0.570345014333725,0.8779614269733429,0.0005633341213123066,8.15305778867967e-05,0.0012550131608750545,0.15142498886681802
1781868754.566019,43.912185192108154,blowing_bubbles,mixed_social_nonsocial_movie,mixed,1258,1,0.17711732146104442,0.05606904626700246,0.11659318386402344,0,1,0.5725252628326416,0.8609480917453767,0.01177434107996735,0.2306403559334666,15.339260978369529,0.5703038573265076,0.8772034049034119,0.0007591385629419819,0.00019580444162967526,0.0017780062232021579,0.15350414305962817
1781868754.598639,43.94480514526367,blowing_bubbles,mixed_social_nonsocial_movie,mixed,1259,1,0.19456261066366443,0.11763550879641144,0.15609905973003793,0,1,0.5724073350429535,0.8600123405456543,0.011230536435762608,0.2280142302002639,15.589577313360522,0.5703528225421906,0.8773621022701263,0.00016607963917648197,0.0005930589237654999,0.0016026563639510672,0.14366188691055312
1781868754.634221,43.98038721084595,blowing_bubbles,mixed_social_nonsocial_movie,mixed,1260,1,0.19393608529326867,0.12403905451823379,0.15898756990575122,0,1,0.572971522808075,0.8605794787406922,0.01609463523537766,0.22606047555828002,15.156476710370828,0.570052295923233,0.8773525953292847,0.0003006769539326306,0.0001345973147561486,0.0007691385193706119,0.14751497163015875
1781868754.667399,44.01356506347656,blowing_bubbles,mixed_social_nonsocial_movie,mixed,1261,1,0.15076239661986487,0.19791788027364252,0.1743401384467537,0,1,0.5721175611019135,0.8600757598876954,0.02055817300757757,0.2255187775588896,17.055532191251473,0.5698827803134918,0.8770614564418793,0.0003368937424553714,3.62167885227408e-05,0.0016533435260668936,0.14499796583976365
1781868754.7045271,44.05069327354431,blowing_bubbles,mixed_social_nonsocial_movie,mixed,1262,1,0.1773791532154507,0.1521227556655049,0.1647509544404778,0,1,0.5718434631824494,0.8601285576820374,0.006500016944306043,0.2284663714929311,16.12282603664105,0.5701232850551605,0.8764352202415466,0.0006708310587414637,0.00033393731628609234,0.000781072610640466,0.14749186240535292
1781868754.73588,44.082046031951904,blowing_bubbles,mixed_social_nonsocial_movie,mixed,1263,1,0.21696234115568208,0.22908923346559681,0.22302578731063943,1,0,0.571804690361023,0.8600047767162322,0.006165592437740933,0.2246811581949193,16.752364697101935,0.570122092962265,0.8772203624248505,0.0007851430882893775,0.0001143120295479138,0.0008641617046846064,0.13982858353070832
1781868754.7718241,44.117990255355835,blowing_bubbles,mixed_social_nonsocial_movie,mixed,1264,1,0.20349438981172588,0.2297004219356552,0.21659740587369053,1,0,0.5717062532901764,0.8599220871925354,0.007421569778413401,0.22583229368716046,15.887291847858016,0.5701174736022949,0.8769610524177551,0.00025935114857335214,0.0005257919397160253,0.0019158907245542273,0.14104021030045535
1781868754.804781,44.15094709396362,blowing_bubbles,mixed_social_nonsocial_movie,mixed,1265,1,0.2528957634003684,0.26266484127535356,0.257780302337861,1,0,0.5717032730579377,0.8601984798908233,0.00821584217972514,0.22497024203199123,15.490524015748012,0.5700930058956146,0.8772323727607727,0.0002724213596716846,1.3070211098332454e-05,0.001514567921045505,0.13842406710539484
1781868754.8433971,44.189563274383545,blowing_bubbles,mixed_social_nonsocial_movie,mixed,1266,1,0.22738807217308366,0.24794007616318944,0.23766407416813656,1,0,0.5722751975059509,0.8598803579807281,0.021419326660729356,0.2301572022312608,15.612216999029577,0.5698207318782806,0.8770882189273834,0.00030808029504661894,3.5658935374934344e-05,0.0016675501964750067,0.1378591379854988
1781868754.8751512,44.221317291259766,blowing_bubbles,mixed_social_nonsocial_movie,mixed,1267,1,0.17028482698592498,0.12043233998229837,0.14535858348411168,0,1,0.572328758239746,0.8592079460620881,0.029477259804387215,0.22749296972186997,15.126668002689865,0.5696455538272858,0.8770179748535156,0.00018873679944278747,0.00011934349560383146,0.00193890178497078,0.14441096059775596
1781868754.909528,44.25569415092468,blowing_bubbles,mixed_social_nonsocial_movie,mixed,1268,1,0.18672806149455276,0.30261181823828054,0.24466993986641666,1,0,0.5720502376556396,0.8599483013153076,0.023553855891661767,0.23124913042474615,17.07390749762279,0.5698108673095703,0.8772548139095306,0.0002888274326983608,0.0001000906332555733,0.002019150198844398,0.14091189886305125
1781868754.94359,44.289756059646606,blowing_bubbles,mixed_social_nonsocial_movie,mixed,1269,1,0.13371711363216757,0.14850861607384494,0.14111286485300625,0,1,0.5725651621818543,0.8600884020328521,0.013634534301374917,0.23090230983515633,17.3484214369594,0.5704782009124756,0.8776241540908813,0.000762722955683587,0.00047389552298522625,0.0021355141364767724,0.15141877087223676
1781868754.978059,44.324225187301636,blowing_bubbles,mixed_social_nonsocial_movie,mixed,1270,1,0.24831543915443954,0.1499147044973196,0.19911507182587956,1,0,0.5723738193511962,0.8605149686336517,0.018864535128660587,0.22400770066283865,15.322262796738707,0.5705082416534424,0.8778277039527893,0.00020575468986291264,0.0005569682658206744,0.002287146457323814,0.14609590024468203
1781868755.011282,44.3574481010437,blowing_bubbles,mixed_social_nonsocial_movie,mixed,1271,1,0.21418760955364635,0.2148909005559078,0.21453925505477706,1,0,0.5734344661235808,0.8610397338867187,0.028313336964574835,0.22602157580513593,17.23815971872693,0.5703119337558746,0.8778977394104004,0.00020842686000192918,2.6721701390165407e-06,0.001280410590671472,0.14564428377475805
1781868755.046221,44.39238715171814,blowing_bubbles,mixed_social_nonsocial_movie,mixed,1272,1,0.2008241338206236,0.15455193325810193,0.17768803353936277,0,1,0.5726950526237488,0.8609944581985474,0.014842647215898805,0.23034786968484272,15.637195569576782,0.570696234703064,0.8775699138641357,0.0005051304849188298,0.0002967036249169006,0.0018179601706940322,0.14591754610610805
1781868755.080241,44.42640709877014,blowing_bubbles,mixed_social_nonsocial_movie,mixed,1273,1,0.2556634432787243,0.1814042404476845,0.2185338418632044,1,0,0.5732101082801819,0.8613079488277435,0.0236900526739569,0.22019004219799015,16.737068245221543,0.5704597532749176,0.878442794084549,0.0009043469163140624,0.00039921643139523256,0.0016947995070710278,0.14182097186778048
1781868755.114717,44.460883140563965,blowing_bubbles,mixed_social_nonsocial_movie,mixed,1274,1,0.19666807202753459,0.09416044519942213,0.14541425861347834,0,1,0.572817987203598,0.860892117023468,0.016920431894882283,0.22548830632745692,15.184884910049165,0.5706591904163361,0.8779074847698212,0.0005712540904111712,0.0003330928259028912,0.002330724554656737,0.147178589098533
1781868755.150552,44.49671816825867,blowing_bubbles,mixed_social_nonsocial_movie,mixed,1275,1,0.29706675420255735,0.1257466499495431,0.21140670207605022,1,0,0.5727419435977936,0.8614483058452607,0.012359662275088534,0.22341281692463003,14.538553435808797,0.5704669654369354,0.8784713745117188,0.0005957533749152389,2.449928450406775e-05,0.0011086053760967802,0.14455192084758905
1781868755.18292,44.529086112976074,blowing_bubbles,mixed_social_nonsocial_movie,mixed,1276,1,0.26426418333767726,0.11088631811001268,0.18757525072384496,1,0,0.5728711605072021,0.8616288363933564,0.014831160005643532,0.2267823921727016,15.39352689679568,0.5706493854522705,0.8779180645942688,0.0005826052924092981,1.3148082505940817e-05,0.0018271127130227416,0.14799600141744876
1781868755.218961,44.56512713432312,blowing_bubbles,mixed_social_nonsocial_movie,mixed,1277,1,0.23069277126483426,0.1690079816041874,0.1998503764345108,1,0,0.5731548547744751,0.8616749525070191,0.017956434968037574,0.23167034522592267,15.227083671722449,0.5703646540641785,0.8777147233486176,0.0003498851605138756,0.0002327201318954225,0.0001930407388447749,0.14636061113787507
1781868755.2551749,44.601341009140015,blowing_bubbles,mixed_social_nonsocial_movie,mixed,1278,1,0.25694899598467025,0.18036668675638756,0.2186578413705289,1,0,0.573267149925232,0.8621129631996155,0.013083065011106546,0.2251517131182129,14.151313263552511,0.570478081703186,0.8777544796466827,0.00012019314675421024,0.00022969201375966537,0.0006494443657617467,0.14647789336429815
1781868755.2878442,44.634010314941406,blowing_bubbles,mixed_social_nonsocial_movie,mixed,1279,1,0.20893356843925087,0.17996548839244378,0.19444952841584734,1,0,0.5732072949409485,0.8621410131454468,0.005231232939808166,0.22623791257176842,16.091702183258242,0.5706613957881927,0.8784104883670807,0.0006811398498105976,0.0005609467030563874,0.0009602603582397336,0.14817948475736883
1781868755.3222249,44.66839098930359,blowing_bubbles,mixed_social_nonsocial_movie,mixed,1280,1,0.22111428971039052,0.12521723198682375,0.17316576084860713,0,1,0.5732109427452088,0.8617959380149841,0.014956924826316503,0.2301157842650888,16.56933730869368,0.5705510079860687,0.8775632381439209,0.000854411146639653,0.00017327129682905538,0.0017936381711596238,0.15014296702993007
1781868755.3572218,44.70338797569275,blowing_bubbles,mixed_social_nonsocial_movie,mixed,1281,1,0.2536938201907198,0.08629276527347521,0.1699932927320975,0,1,0.5727860689163209,0.8613760769367218,0.019987495823076185,0.23034808888252123,14.884561553140532,0.5704246461391449,0.8770039975643158,0.0005733387674272969,0.0002810723792123561,0.0011654218184850762,0.15062986039251197
1781868755.39154,44.73770618438721,blowing_bubbles,mixed_social_nonsocial_movie,mixed,1282,1,0.20523521052544605,0.17612701167556988,0.19068111110050795,1,0,0.5731797039508819,0.8607646703720093,0.025438221578086652,0.22711575036314577,16.252237988751652,0.5701513290405273,0.8780825436115265,0.0011126382216832787,0.0005392994542559818,0.0019908899894384526,0.143101716224158
1781868755.4269388,44.77310490608215,blowing_bubbles,mixed_social_nonsocial_movie,mixed,1283,1,0.2206300094225243,0.20692134633246206,0.2137756778774932,1,0,0.5735695242881775,0.860748028755188,0.02262269868772695,0.23161567282440013,16.75402655482398,0.5704716145992279,0.877425342798233,0.0007310921611573415,0.0003815460605259372,0.0006473104492151387,0.1422428237218226
1781868755.4615848,44.807750940322876,blowing_bubbles,mixed_social_nonsocial_movie,mixed,1284,1,0.25239447306065094,0.22838534030489605,0.2403899066827735,1,0,0.5728073596954346,0.8609726130962372,0.0208515153384275,0.2292374408802437,16.444955455086543,0.5704971253871918,0.8780511915683746,0.0006263684885036065,0.00010472367265373505,0.0010641326536034966,0.14132681888307166
1781868755.494473,44.84063911437988,blowing_bubbles,mixed_social_nonsocial_movie,mixed,1285,1,0.23691523194876957,0.21620953590243863,0.2265623839256041,1,0,0.5732035279273987,0.8611345946788789,0.0200238476359997,0.22842709677938416,17.466677096147553,0.5704843997955322,0.8778797090053558,0.00017195409300909884,0.00045441439549450763,0.001156582816005633,0.14040692462470136
1781868755.5285518,44.87471795082092,blowing_bubbles,mixed_social_nonsocial_movie,mixed,1286,1,0.22603826918552408,0.16497528458489122,0.19550677688520765,1,0,0.5725651979446411,0.8611663639545442,0.01552300463682906,0.22688614298847942,15.029781092634702,0.5705887675285339,0.8784302473068237,0.0005603436847820019,0.00038838959177290303,0.0011338606643885997,0.1420088099722944
1781868755.562412,44.90857815742493,blowing_bubbles,mixed_social_nonsocial_movie,mixed,1287,1,0.25880849319020083,0.18628443653505797,0.2225464648626294,1,0,0.5723656356334687,0.8608653128147126,0.008189015627486118,0.2269817056403349,14.903997335733152,0.5707377791404724,0.8783434629440308,0.00017244125410668048,0.0003879024306753214,0.001479177513720927,0.13998061785314395
1781868755.597301,44.943467140197754,blowing_bubbles,mixed_social_nonsocial_movie,mixed,1288,1,0.18738113417600427,0.19322308945192468,0.19030211181396448,1,0,0.5723241329193116,0.860491007566452,0.0032208798566158788,0.22270066571574412,14.78109240182989,0.5706677734851837,0.8790541589260101,0.00071413554075821,0.0005416942866515295,0.0009698477060163807,0.14019022866762854
1781868755.631047,44.97721314430237,blowing_bubbles,mixed_social_nonsocial_movie,mixed,1289,1,0.22464201798373434,0.26190381043422567,0.24327291420898,1,0,0.5724931240081788,0.8605448603630066,0.008419098241181018,0.23597367723846147,15.86356210735366,0.5704987943172455,0.8775513768196106,0.0015122526305190295,0.0007981170897608195,0.0005246310890277883,0.1363827866249339
1781868755.666373,45.01253914833069,blowing_bubbles,mixed_social_nonsocial_movie,mixed,1290,1,0.2373310455621177,0.22329423255129224,0.23031263905670496,1,0,0.5728484451770782,0.8604919254779816,0.0009131875399402652,0.23728501579090802,16.138892798109165,0.5709022283554077,0.8770730197429657,0.0006257671419339123,0.0008864854885851173,0.0013797776144004025,0.13875538703019943
1781868755.701969,45.04813504219055,blowing_bubbles,mixed_social_nonsocial_movie,mixed,1291,1,0.17708494566654587,0.20191241222289805,0.18949867894472194,1,0,0.5728617131710052,0.8603767931461335,0.005835020646646063,0.23687421240692644,16.127170491163934,0.5706757307052612,0.8765543401241302,0.0005659767950341835,5.979034689972877e-05,0.0007909978150597998,0.13935161957424472
1781868755.7349608,45.08112692832947,blowing_bubbles,mixed_social_nonsocial_movie,mixed,1292,1,0.22415090124411804,0.23334713319249514,0.2287490172183066,1,0,0.5727631509304046,0.8603035092353821,0.021281468281593295,0.23419243912506282,15.698974573768488,0.5703137516975403,0.876679539680481,0.0003830192305107613,0.00018295756452342218,0.0009474485551908604,0.13570441740492342
1781868755.769121,45.11528706550598,blowing_bubbles,mixed_social_nonsocial_movie,mixed,1293,1,0.2391901140445183,0.2614282615775688,0.25030918781104355,1,0,0.5724542438983917,0.8604260146617889,0.02106871883167084,0.2329468438680554,16.366879136316996,0.5700863599777222,0.877249002456665,0.0006131841874193448,0.0002301649569085835,0.0010007614224946584,0.13443046953293378
1781868755.803993,45.15015912055969,blowing_bubbles,mixed_social_nonsocial_movie,mixed,1294,1,0.21025158349703887,0.16553062516248682,0.18789110432976286,1,0,0.5719042360782622,0.860093641281128,0.009997224042166328,0.23534446124696703,16.186680790444655,0.5704035758972168,0.8768350481987,0.0005215209173832334,9.166327003611138e-05,0.002459495320350962,0.13760194827021469
1781868755.838826,45.18499207496643,blowing_bubbles,mixed_social_nonsocial_movie,mixed,1295,1,0.23279369112995277,0.17196267833507978,0.2023781847325163,1,0,0.5721952617168427,0.8599490761756897,0.018941252820168283,0.23817317332793547,15.811655892971705,0.5705077052116394,0.8764237463474274,0.0004242783602570089,9.724255712622454e-05,0.0026947041552690993,0.13751030947774567
1781868755.873198,45.219364166259766,blowing_bubbles,mixed_social_nonsocial_movie,mixed,1296,1,0.30179565483008425,0.14457074274428916,0.2231831987871867,1,0,0.5720974147319794,0.859994113445282,0.02578125188652132,0.2362882561647128,14.532096432595825,0.5700313746929169,0.8766644895076752,0.0005337115628057703,0.00010943320254876138,0.0018285926526362963,0.13746836532312134
1781868755.90825,45.2544162273407,blowing_bubbles,mixed_social_nonsocial_movie,mixed,1297,1,0.2786941200405173,0.21078519450436448,0.2447396572724409,1,0,0.5721229612827301,0.8596977949142456,0.029773481543096534,0.23611375457721562,14.646325032946857,0.5700700581073761,0.8770602941513062,0.0003976904857726328,0.00013602107703313747,0.001114614051650589,0.13418415927155966
1781868755.940834,45.28700017929077,blowing_bubbles,mixed_social_nonsocial_movie,mixed,1298,1,0.33469534912756893,0.21916505673225614,0.27693020292991255,1,0,0.5720587790012359,0.8596914470195771,0.030877902469636728,0.22993659251462173,14.433901622115279,0.5700654685497284,0.8774402737617493,0.00038000732676081813,1.7683159011814675e-05,0.0019157495916038822,0.1307606930535179
1781868755.976608,45.322774171829224,blowing_bubbles,mixed_social_nonsocial_movie,mixed,1299,1,0.37062878954224693,0.27781116738596456,0.3242199784641058,1,0,0.5724380433559417,0.8599959671497346,0.02962549848619654,0.22842375841680884,14.09028510435771,0.5700384974479675,0.8780255317687988,0.0005858791472187915,0.00020587182045797337,0.002627741164396801,0.12924670835525476
1781868756.011206,45.35737204551697,blowing_bubbles,mixed_social_nonsocial_movie,mixed,1300,1,0.31538736204437173,0.2524246846617302,0.28390602335305093,1,0,0.5723431408405304,0.8603411197662354,0.024657737440541175,0.22582189653414722,14.356578703504193,0.570087343454361,0.878147155046463,0.0001310654569685186,0.00045481369025027294,0.0008180521401406123,0.13339417012990598
1781868756.044951,45.391117095947266,blowing_bubbles,mixed_social_nonsocial_movie,mixed,1301,1,0.32187009839433145,0.22031369716852228,0.27109189778142684,1,0,0.5724114537239074,0.860317873954773,0.021589547557140515,0.22733342253975983,14.481735476308517,0.5701845586299896,0.8779269754886627,0.0002406861608934842,0.00010962070392496562,0.0017323471749275678,0.135384627063411
1781868756.0784378,45.4246039390564,blowing_bubbles,mixed_social_nonsocial_movie,mixed,1302,1,0.26241253162132977,0.199062508976102,0.2307375202987159,1,0,0.5722886979579925,0.86017005443573,0.021251100277602242,0.22682096360000764,14.931312156960365,0.5703122317790985,0.8774470090866089,0.0004966570044848675,0.0002559708435913833,0.002049526091120251,0.13781011036902271
1781868756.114487,45.46065306663513,blowing_bubbles,mixed_social_nonsocial_movie,mixed,1303,1,0.2567490913307923,0.27810896751345715,0.26742902942212476,1,0,0.5720142841339111,0.8595860719680786,0.025263084910347528,0.2347118027331406,15.253878868661893,0.5701633393764496,0.8766025006771088,0.0008575333237157584,0.00036087631923089085,0.004741688235667214,0.13340838563712162
1781868756.1491,45.49526619911194,blowing_bubbles,mixed_social_nonsocial_movie,mixed,1304,1,0.24253352334268,0.2526184068648568,0.2475759651037684,1,0,0.5721301138401031,0.859608107805252,0.02103243603089257,0.23400825903530867,15.737650738554274,0.5700587630271912,0.8763869106769562,0.00023961481796836456,0.0006179185057473938,0.0022796951826697365,0.13292631866388163
1781868756.182848,45.529014110565186,blowing_bubbles,mixed_social_nonsocial_movie,mixed,1305,1,0.28617954490040026,0.25627411632699443,0.27122683061369735,1,0,0.5725704073905944,0.8597852230072022,0.018646566052049104,0.22859162268669347,15.022764373018667,0.5703724026679993,0.8768989145755768,0.0006004313586821866,0.00036081654071382205,0.0013785457907638772,0.1315327469194362
1781868756.217866,45.56403207778931,blowing_bubbles,mixed_social_nonsocial_movie,mixed,1306,1,0.2507515142564038,0.2302442447856559,0.24049787952102986,1,0,0.5728649318218231,0.8600961744785309,0.017296680344239205,0.23252202642881778,15.987146822190272,0.5703568160533905,0.8772891461849213,0.0003905427652467101,0.00020988859343547652,0.002234504768776343,0.13692889632947222
1781868756.253813,45.59997916221619,blowing_bubbles,mixed_social_nonsocial_movie,mixed,1307,1,0.24900082302702106,0.20920744996921362,0.22910413649811734,1,0,0.5728636682033539,0.8604485273361206,0.01033752242954102,0.23310343013796464,15.916850836745013,0.5707149505615234,0.8769755959510803,0.000475997977997101,8.545521275039089e-05,0.003462744759738096,0.13945802913146643
1781868756.285989,45.63215517997742,blowing_bubbles,mixed_social_nonsocial_movie,mixed,1308,1,0.21936362007614382,0.286531783511646,0.2529477017938949,1,0,0.5722045004367828,0.8603574812412262,0.012286946543822046,0.2261169962074282,14.788892458530073,0.5705489814281464,0.8779531419277191,0.000991535117722328,0.000515537139725227,0.0022327512446298978,0.13731926764163355
1781868756.319859,45.666025161743164,blowing_bubbles,mixed_social_nonsocial_movie,mixed,1309,1,0.23883772957440488,0.24813374352905784,0.24348573655173136,1,0,0.5723096013069153,0.8600663065910339,0.012162169477233737,0.2289863843317958,15.370225701348511,0.5706242918968201,0.8781712353229523,0.00023073013616816098,0.000760804981554167,0.0013774570792952701,0.13524824840937755
1781868756.354336,45.700502157211304,blowing_bubbles,mixed_social_nonsocial_movie,mixed,1310,1,0.20400490134975993,0.24280034529146383,0.2234026233206119,1,0,0.5728021800518036,0.8603429079055787,0.00347893517380355,0.23256011673722524,16.274545046821803,0.5709120333194733,0.8774338960647583,0.0007914949829180978,0.0005607648467499368,0.0021077182485904015,0.13717587133219222
1781868756.387798,45.73396420478821,blowing_bubbles,mixed_social_nonsocial_movie,mixed,1311,1,0.20569901886613096,0.1997949626136244,0.20274699073987767,1,0,0.5729983925819397,0.8605049431324006,0.005690154398598301,0.22829271283244962,16.27917817506361,0.570909321308136,0.8774228990077972,1.1326529358030442e-05,0.0007801684535600674,0.0010190121883938761,0.13864888469053988
1781868756.426023,45.772189140319824,blowing_bubbles,mixed_social_nonsocial_movie,mixed,1312,1,0.22343058866430326,0.2129678054575926,0.21819919706094792,1,0,0.5728798329830169,0.8604148387908935,0.016460046799189144,0.22505582805909566,17.059711604379558,0.5706019103527069,0.8780158758163452,0.0006679243901771804,0.0006565978608191499,0.0009735283230945696,0.13921791040699502
1781868756.4586408,45.80480694770813,blowing_bubbles,mixed_social_nonsocial_movie,mixed,1313,1,0.24856556564906845,0.16926924603005986,0.20891740583956414,1,0,0.5727269411087036,0.8604348421096801,0.02113899519980159,0.23142320901648114,16.75267743827065,0.570358157157898,0.8773697316646576,0.0006905924157849488,2.2668025607768395e-05,0.0010821781919872668,0.14201660386938275
1781868756.4929678,45.839133977890015,blowing_bubbles,mixed_social_nonsocial_movie,mixed,1314,1,0.21200232564967375,0.26576581310902986,0.2388840693793518,1,0,0.572404146194458,0.8601930856704711,0.02026380881545262,0.23647886239658591,17.810442162035383,0.5700535178184509,0.8770097196102142,0.0004716076828076976,0.00021898473297725114,0.0010185498964574871,0.13648262824411467
1781868756.526428,45.872594118118286,blowing_bubbles,mixed_social_nonsocial_movie,mixed,1315,1,0.28285092589554883,0.2314198774699096,0.2571354016827292,1,0,0.571775084733963,0.8600538074970245,0.0075309045512805175,0.23379677228312032,16.247709492798105,0.5703626275062561,0.8772470653057098,0.00038972012812440917,8.188755468328845e-05,0.001379647032284071,0.13302069798493313
1781868756.561271,45.90743708610535,blowing_bubbles,mixed_social_nonsocial_movie,mixed,1316,1,0.3219554370927163,0.2685890106361617,0.29527222386443897,1,0,0.5721718132495881,0.8602893590927124,0.022863394353450986,0.23173883138935378,15.519054264023215,0.5698761641979218,0.8780376315116882,0.0009282464523986468,0.0005385263242742377,0.000987175791671927,0.1316007067107281
1781868756.595511,45.94167709350586,blowing_bubbles,mixed_social_nonsocial_movie,mixed,1317,1,0.23807544181949752,0.15474551331870845,0.196410477569103,1,0,0.5718463897705077,0.8604187846183777,0.018993819959968735,0.2321518378360224,14.446093798243192,0.5700700581073761,0.8777936398983002,0.00031165165734710814,0.0006165947950515388,0.00123422162188832,0.13905935488027174
1781868756.630757,45.97692322731018,blowing_bubbles,mixed_social_nonsocial_movie,mixed,1318,1,0.2475558850382328,0.2721793908777049,0.25986763795796886,1,0,0.5721153378486633,0.860260683298111,0.02472502147975518,0.23590672168475266,14.93065439229583,0.5699180364608765,0.8778336048126221,0.00015718707129155495,0.0001544645860555532,0.0004363171183407787,0.1349832469906483
1781868756.664232,46.010398149490356,blowing_bubbles,mixed_social_nonsocial_movie,mixed,1319,1,0.23841290774770257,0.22259699770707894,0.23050495272739074,1,0,0.5719848275184631,0.860315877199173,0.017118624230645443,0.23835806051745384,14.308533730871881,0.5700435042381287,0.8775348663330078,0.0003240167315600312,0.00016682966026847624,0.001728569197183109,0.13699364358935137
1781868756.7002912,46.046457290649414,blowing_bubbles,mixed_social_nonsocial_movie,mixed,1320,1,0.21992717518477806,0.21535618859390987,0.21764168188934396,1,0,0.5722694337368011,0.8602797150611878,0.007847693351101985,0.23254974988737123,15.110739466064578,0.570550262928009,0.8780250549316406,0.0007050455531374342,0.00038102882157740306,0.0015010790718593598,0.1380863999427771
1781868756.732658,46.078824043273926,blowing_bubbles,mixed_social_nonsocial_movie,mixed,1321,1,0.18712273064903429,0.22185658349831797,0.2044896570736761,1,0,0.5727766931056977,0.8605664551258088,0.016487117783174913,0.22728310852879804,14.794563089232117,0.5703678727149963,0.8785486817359924,0.0005544828401659528,0.00015056271297148147,0.0018831548658130748,0.13992256757798335
1781868756.7672708,46.11343693733215,blowing_bubbles,mixed_social_nonsocial_movie,mixed,1322,1,0.25062214990382436,0.19984251903698258,0.22523233447040347,1,0,0.5727485954761504,0.8605411052703857,0.025741807377675657,0.23064109982573486,14.801065467407597,0.5700497031211853,0.8785352110862732,0.00031845462601403285,0.00023602821415191994,0.0005695218375210859,0.13585602725535553
1781868756.8040671,46.15023326873779,blowing_bubbles,mixed_social_nonsocial_movie,mixed,1323,1,0.23390908431974294,0.1511141423318914,0.19251161332581718,1,0,0.5722982645034791,0.860332590341568,0.017515081354362267,0.22806927181488112,14.240189890880663,0.5701493918895721,0.8778365850448608,0.0007057026259565573,0.00038724799994252447,0.0009715294773920213,0.13715590936498107
1781868756.83703,46.18319606781006,blowing_bubbles,mixed_social_nonsocial_movie,mixed,1324,1,0.28240638348998254,0.21898662054529272,0.2506965020176376,1,0,0.5725880861282349,0.8606809735298158,0.00945540639618747,0.22788582624758494,14.780835065307258,0.5707535743713379,0.8776024878025055,0.0006479490644726599,5.775356148389737e-05,0.0005181911143771198,0.13478322740940343
1781868756.87199,46.21815609931946,blowing_bubbles,mixed_social_nonsocial_movie,mixed,1325,1,0.25913468254172617,0.22538563315635463,0.2422601578490404,1,0,0.5722289383411407,0.8606331169605255,0.011226767577927585,0.22853439110134505,14.586772517781426,0.5706104636192322,0.8782369196414948,0.0006503725437713022,2.4234792986422117e-06,0.00039553985071095777,0.13660783662992898
1781868756.906173,46.252339124679565,blowing_bubbles,mixed_social_nonsocial_movie,mixed,1326,1,0.26611572240016024,0.26239588084905263,0.26425580162460643,1,0,0.5723331689834594,0.8603926956653595,0.01690636094011168,0.23851000662815347,15.46153997764134,0.5703247785568237,0.8774408996105194,0.0008457327264551742,0.00019536018268387204,0.001526660195201352,0.1344704670168111
1781868756.9406972,46.28686332702637,blowing_bubbles,mixed_social_nonsocial_movie,mixed,1327,1,0.2503856465901586,0.33562456613231295,0.2930051063612358,1,0,0.572094863653183,0.8601621568202973,0.01739976450872192,0.23753885010326686,15.8430279422416,0.5701589584350586,0.87724369764328,0.00025765272881397204,0.0005880799976412021,0.0008496977242615191,0.13063471742877336
1781868756.97498,46.32114624977112,blowing_bubbles,mixed_social_nonsocial_movie,mixed,1328,1,0.2210081277364467,0.3131171538741074,0.26706264080527703,1,0,0.5723708510398864,0.8599017679691314,0.02262528716283193,0.2354571455759906,14.648317657391914,0.5700383484363556,0.8777064979076385,0.0004782581483649336,0.00022060541955096154,0.0017345280742515183,0.12904198761559402
1781868757.010137,46.356303215026855,blowing_bubbles,mixed_social_nonsocial_movie,mixed,1329,1,0.20681973201603188,0.3577138392104911,0.28226678561326146,1,0,0.5724579930305481,0.8599661290645599,0.02001724717621469,0.23554196217857415,15.36302962314907,0.5702207386493683,0.8775983154773712,0.00021206043483253294,0.0002661977135324006,0.0011342892823572892,0.1298113148913543
1781868757.043585,46.38975119590759,blowing_bubbles,mixed_social_nonsocial_movie,mixed,1330,1,0.184949030383865,0.34437475492310365,0.26466189265348433,1,0,0.5719505250453949,0.8602284252643586,0.01894917473926405,0.2312177489765185,16.24783634680366,0.5701106786727905,0.8779659271240234,0.0003837336591943098,0.00017167322436177686,0.0007225091780721962,0.1301807640941323
1781868757.077912,46.42407822608948,blowing_bubbles,mixed_social_nonsocial_movie,mixed,1331,1,0.20852012608243814,0.3447940276303379,0.276657076856388,1,0,0.5725230872631073,0.8605739891529083,0.013696384799220713,0.22660785108785936,16.070707570858364,0.5704193115234375,0.8786748051643372,0.0007731508989437299,0.0003894172397494201,0.00022734523314398353,0.13122331596047726
1781868757.112185,46.458351135253906,blowing_bubbles,mixed_social_nonsocial_movie,mixed,1332,1,0.2230084069458812,0.30883242912060926,0.26592041803324523,1,0,0.5724687337875367,0.8606924057006836,0.02546805650766777,0.2296255646904622,15.637144939493849,0.570233017206192,0.878597766160965,0.0002015950909088351,0.0005715558080348948,0.0008429762976493427,0.1339245308055435
1781868757.148235,46.49440121650696,blowing_bubbles,mixed_social_nonsocial_movie,mixed,1333,1,0.2145169701801129,0.2743184695313978,0.24441771985575536,1,0,0.5728169739246368,0.860945999622345,0.025351682862577742,0.2272491075255803,16.143853986707654,0.5700133144855499,0.8785178065299988,0.00023380082985692096,3.2205738948085875e-05,0.0008955353178789529,0.13618863554911287
1781868757.179203,46.52536916732788,blowing_bubbles,mixed_social_nonsocial_movie,mixed,1334,1,0.26321039217421655,0.2244411992406691,0.24382579570744284,1,0,0.5724852800369262,0.860931783914566,0.017885123131796576,0.22944106790008953,15.294271311831753,0.5700778663158417,0.8779636919498444,0.0005578619065088802,0.00032406107665195925,0.001407326664636916,0.13520800533401064
1781868757.2178612,46.564027309417725,blowing_bubbles,mixed_social_nonsocial_movie,mixed,1335,1,0.21489487343501035,0.18043532168797388,0.19766509756149211,1,0,0.57297123670578,0.861389797925949,0.014408595114201646,0.23143691711044215,16.371804632772736,0.5701971054077148,0.8781655728816986,0.00023446507560205543,0.0003233968309068248,0.002101834577150137,0.1400677290828245
1781868757.250271,46.596437215805054,blowing_bubbles,mixed_social_nonsocial_movie,mixed,1336,1,0.20860745410700846,0.2408226847435779,0.22471506942529318,1,0,0.572824490070343,0.8611285805702209,0.008764837259888856,0.23012763797878236,16.158989834275367,0.570431113243103,0.8781825602054596,0.00023462360535893187,1.5852975687643536e-07,0.004116596695009352,0.1376697017047117
1781868757.2835698,46.62973594665527,blowing_bubbles,mixed_social_nonsocial_movie,mixed,1337,1,0.23523166579848526,0.27887108672376837,0.25705137626112684,1,0,0.5726426780223846,0.8611336052417755,0.014689191642729475,0.22965154371148597,16.106220739932976,0.5703206658363342,0.8783672749996185,0.00021521659983172867,1.9407005527203192e-05,0.0008189233176532778,0.13477570067356345
1781868757.318811,46.664977073669434,blowing_bubbles,mixed_social_nonsocial_movie,mixed,1338,1,0.2791239220009554,0.17414959626565285,0.22663675913330414,1,0,0.5724650859832764,0.8606705486774444,0.007769635717254759,0.23143518773440577,14.78521385219928,0.5704647600650787,0.8777064085006714,0.0006763931373011772,0.00046117653746944855,0.001255156504134275,0.13409262271186137
1781868757.352544,46.698710203170776,blowing_bubbles,mixed_social_nonsocial_movie,mixed,1339,1,0.27462097787271694,0.2336938945438462,0.2541574362082816,1,0,0.5723137557506561,0.8608566880226135,0.00796056011435733,0.22981278035758682,15.913981959727149,0.5705306231975555,0.8781745135784149,0.0004727158935649762,0.00020367724373620102,0.0010339953920207048,0.13237116299927146
1781868757.387528,46.733694076538086,blowing_bubbles,mixed_social_nonsocial_movie,mixed,1340,1,0.23638649859475103,0.22744201979186882,0.23191425919330994,1,0,0.5725176751613616,0.8609638929367065,0.01625418889288728,0.23079395474262432,16.276111180278875,0.5703495144844055,0.8778183460235596,0.00039956938460109057,7.314650896388564e-05,0.0009712388936082005,0.13489911987588338
1781868757.422178,46.76834416389465,blowing_bubbles,mixed_social_nonsocial_movie,mixed,1341,1,0.24772244176873484,0.2569617324878773,0.2523420871283061,1,0,0.5722043812274933,0.8609173417091369,0.012480989154373928,0.2336332980268146,15.700594136606453,0.5704504251480103,0.8781838417053223,0.000379170219579974,2.0399165021116555e-05,0.002632007994906527,0.1322265159046787
1781868757.45764,46.80380606651306,blowing_bubbles,mixed_social_nonsocial_movie,mixed,1342,1,0.22270854030527115,0.19484407584650557,0.20877630807588837,1,0,0.5723900675773621,0.86124587059021,0.015461398456668947,0.22802938519976904,15.3373354991275,0.5702789127826691,0.878327876329422,0.00022396978457925876,0.00015520043500071525,0.0007144375638903529,0.1374075478981532
1781868757.491151,46.83731722831726,blowing_bubbles,mixed_social_nonsocial_movie,mixed,1343,1,0.16404669529505844,0.2092226612602783,0.1866346782776684,1,0,0.5722244381904602,0.8610497772693635,0.01643932460387967,0.23130581159733488,17.254804843865973,0.570190817117691,0.8779845833778381,0.0003544162761430136,0.00013044649156375483,0.0014137095936276633,0.13968714533788024
1781868757.525634,46.87180018424988,blowing_bubbles,mixed_social_nonsocial_movie,mixed,1344,1,0.18771292868319409,0.16710559924984283,0.17740926396651846,0,1,0.5724580824375153,0.8614024102687836,0.0007502081845301928,0.22646694856652588,16.303897313025605,0.5707546770572662,0.8784955143928528,0.0007609129605688431,0.0004064966844258295,0.0011840500064722547,0.14113041767178736
1781868757.560203,46.90636920928955,blowing_bubbles,mixed_social_nonsocial_movie,mixed,1345,1,0.1747690655278002,0.2108854318388082,0.1928272486833042,1,0,0.5728243291378021,0.8611311376094818,0.015986051212646037,0.22967734397910655,16.28399611951592,0.5702458918094635,0.8778402507305145,0.0008295980325209523,6.868507195210917e-05,0.0005383261568650705,0.13619534442117412
1781868757.594669,46.94083523750305,blowing_bubbles,mixed_social_nonsocial_movie,mixed,1346,1,0.18572234016771771,0.19261748389217698,0.18916991202994735,1,0,0.5720135986804962,0.8608335673809051,0.0015135216531964397,0.233144956122834,15.350557853062746,0.5707009434700012,0.877565860748291,0.0005313773387177464,0.00029822069380320583,0.0008662040644022732,0.13763779413753724
1781868757.628418,46.974584102630615,blowing_bubbles,mixed_social_nonsocial_movie,mixed,1347,1,0.1920595250505513,0.18905675570920893,0.19055814037988011,1,0,0.5726979434490204,0.86102334856987,0.010147985962005692,0.23244872812036904,16.700359507575897,0.5709768235683441,0.8774177134037018,0.0003131412849985239,0.00021823605371922255,0.001007121180907488,0.14032261640326582
1781868757.663627,47.0097930431366,blowing_bubbles,mixed_social_nonsocial_movie,mixed,1348,1,0.16192439072122536,0.24193071194435894,0.20192755133279217,1,0,0.5722896516323089,0.8608523309230804,0.016751254123539717,0.23303959873615226,17.137706337509332,0.5704526901245117,0.877524733543396,0.0005349478266558133,0.0002218065416572894,0.0010915066126128874,0.13594104227073578
1781868757.698996,47.045162200927734,blowing_bubbles,mixed_social_nonsocial_movie,mixed,1349,1,0.17773543955898263,0.2555105173319041,0.21662297844544337,1,0,0.5723387598991394,0.8609496414661408,0.02591556304858499,0.23854142234701156,16.224161687226626,0.5700982213020325,0.8771328628063202,0.0005284040316709931,6.543794984820183e-06,0.00147113498971006,0.1363139239375052
1781868757.7324522,47.07861828804016,blowing_bubbles,mixed_social_nonsocial_movie,mixed,1350,1,0.2576537919333635,0.18644733376654077,0.22205056284995214,1,0,0.5726107716560364,0.8610748112201692,0.01994755445393994,0.24064680922991055,16.030972272365073,0.5700404345989227,0.8768612444400787,0.00027769738914143683,0.00025070664252955626,0.00142387521752609,0.13988853501295193
1781868757.766152,47.11231803894043,blowing_bubbles,mixed_social_nonsocial_movie,mixed,1351,1,0.20323891835794192,0.24236306730523505,0.2228009928315885,1,0,0.5724168717861176,0.8607744038105011,0.01937467562164031,0.2398691990198952,16.467365026944158,0.5702123045921326,0.8769805133342743,0.00020919933959881646,6.849804954262037e-05,0.00040806949836818076,0.13594823921467494
1781868757.8018749,47.148041009902954,blowing_bubbles,mixed_social_nonsocial_movie,mixed,1352,1,0.22998645274937105,0.283339968224702,0.2566632104870365,1,0,0.5725432276725768,0.8608606636524201,0.023329374074049444,0.23267043792958003,15.034416290651043,0.56993368268013,0.8774507939815521,0.0005466205786942355,0.000337421239095419,0.001194947542174626,0.1296836472790617
1781868757.8348758,47.181041955947876,blowing_bubbles,mixed_social_nonsocial_movie,mixed,1353,1,0.22190591983087934,0.2958314202195508,0.2588686700252151,1,0,0.5720567882061005,0.8613500952720642,0.023112081897770753,0.2357755306514307,15.882508530607778,0.5695739090442657,0.877992182970047,0.0006500300807858736,0.00010340950209163807,0.0009282976166358609,0.13407008802573775
1781868757.869834,47.21600008010864,blowing_bubbles,mixed_social_nonsocial_movie,mixed,1354,1,0.25633201444565873,0.1551823464958035,0.2057571804707311,1,0,0.5727179586887359,0.8625828981399536,0.025828210032890944,0.2328842220462163,15.96930262118958,0.5697802305221558,0.8790681064128876,0.001095527182270088,0.00044549710148421436,0.002258095362517366,0.14437347209997978
1781868757.904657,47.25082302093506,blowing_bubbles,mixed_social_nonsocial_movie,mixed,1355,1,0.1916613284953198,0.12837525875081682,0.1600182936230683,0,1,0.5727970600128174,0.8626347482204437,0.03379420942304653,0.22835947758534225,16.55150791968124,0.5695509016513824,0.8783901631832123,0.0007156806226472329,0.000379846559622855,0.0010086813173845895,0.14804481698285127
1781868757.938545,47.28471112251282,blowing_bubbles,mixed_social_nonsocial_movie,mixed,1356,1,0.22275259077694876,0.05551496543618713,0.13913377810656793,0,1,0.5724055886268615,0.8625683724880218,0.02698270716108183,0.23010262362343414,17.159442761418877,0.5697668492794037,0.8779153823852539,0.0005215843020624665,0.00019409632058476646,0.0010203188956173863,0.15173588811551134
1781868757.970736,47.31690216064453,blowing_bubbles,mixed_social_nonsocial_movie,mixed,1357,1,0.2566297264127773,0.12344940227129635,0.19003956434203684,1,0,0.5718963027000428,0.8622177481651306,0.014148991777345547,0.2320424809664623,16.376195672271688,0.5700175166130066,0.8776315748691559,0.0003786565968385068,0.00014292770522395968,0.000651907944384849,0.14346242818597474
1781868758.009302,47.35546803474426,blowing_bubbles,mixed_social_nonsocial_movie,mixed,1358,1,0.2321815706638495,0.17878638771156202,0.20548397918770578,1,0,0.5720949411392212,0.8627361118793488,0.012976027399752172,0.22611381484345394,15.668922369653663,0.5700540244579315,0.8784653842449188,0.0008346082301602622,0.0004559516333217554,0.000526267412039306,0.14592069544486969
1781868758.040139,47.38630509376526,blowing_bubbles,mixed_social_nonsocial_movie,mixed,1359,1,0.1502600858143426,0.2014750522121017,0.17586756901322215,0,1,0.5721837818622589,0.8621613025665283,0.020854214095991613,0.22190526790797954,15.768622681595968,0.5697398483753204,0.878752738237381,0.0004257686318516064,0.0004088395983086558,0.0018041343734282495,0.1436703658980844
1781868758.076416,47.422582149505615,blowing_bubbles,mixed_social_nonsocial_movie,mixed,1360,1,0.17087781961577136,0.2473456161174495,0.20911171786661042,1,0,0.5717877507209778,0.8619141101837158,0.021072150523046937,0.2260235421718502,15.908125330866431,0.5697456300258636,0.8786521255970001,0.00010077862316687984,0.00032499000868472654,0.0011202456457724908,0.13986644731221262
1781868758.1103182,47.45648431777954,blowing_bubbles,mixed_social_nonsocial_movie,mixed,1361,1,0.28456404913901956,0.22507892846058147,0.2548214887998005,1,0,0.5725173652172089,0.8615074038505555,0.016552969944767095,0.2281532558893348,15.67737411038295,0.5703163146972656,0.8782850503921509,0.0006785463876466346,0.0005777677644797548,0.001110897458244477,0.13910814070792601
1781868758.145591,47.49175715446472,blowing_bubbles,mixed_social_nonsocial_movie,mixed,1362,1,0.2578352267609831,0.21447185639091995,0.23615354157595153,1,0,0.5724337697029114,0.861822760105133,0.024367179915722913,0.2243807911702257,15.854027643561095,0.5699692666530609,0.8783899247646332,0.0003625478988904388,0.00031599848875619573,0.0006100327497658231,0.14046919878547695
1781868758.178813,47.52497911453247,blowing_bubbles,mixed_social_nonsocial_movie,mixed,1363,1,0.2967642312535029,0.21450340132586435,0.2556338162896836,1,0,0.5729231178760529,0.8619641304016114,0.026860290123680724,0.23106786027174606,14.282845841761892,0.5702888071537018,0.8779258728027344,0.000563427328847249,0.00020087942995681023,0.0014703839608224587,0.14038459626060387
1781868758.21408,47.56024622917175,blowing_bubbles,mixed_social_nonsocial_movie,mixed,1364,1,0.3307510527375962,0.2207293966623493,0.2757402246999727,1,0,0.5728957593441009,0.861903578042984,0.027192009705714653,0.22750962679325232,15.12135406771733,0.5700277984142303,0.8787313401699066,0.0008467013887196889,0.0002832740598724398,0.001857905640305826,0.1359834747283307
1781868758.24998,47.59614610671997,blowing_bubbles,mixed_social_nonsocial_movie,mixed,1365,1,0.3257054641932525,0.1357181332419686,0.23071179871761055,1,0,0.5724202156066895,0.8616857588291169,0.01569707873462537,0.22449668706620327,14.500437893850739,0.5700741708278656,0.8785378932952881,0.00019892735871678498,0.0006477740300029039,0.0012909616269969604,0.13566367142104047
1781868758.28249,47.62865614891052,blowing_bubbles,mixed_social_nonsocial_movie,mixed,1366,1,0.3390010143763463,0.2450941859875341,0.2920476001819402,1,0,0.5724668741226197,0.8615335464477538,0.021810325401793035,0.2276259019145984,15.178982693024206,0.5699549317359924,0.8788985311985016,0.00037983898992200436,0.00018091163120521938,0.001671944721514378,0.1312171633453271
1781868758.316777,47.66294312477112,blowing_bubbles,mixed_social_nonsocial_movie,mixed,1367,1,0.3635337605809776,0.19037576754488836,0.27695476406293296,1,0,0.5729810535907744,0.8620390951633454,0.01880641992488576,0.22192999115648898,14.539240919419111,0.5701872408390045,0.8795994520187378,0.0007384155439743095,0.0003585765540523051,0.0012481311585787291,0.13559648283843892
1781868758.3505878,47.69675397872925,blowing_bubbles,mixed_social_nonsocial_movie,mixed,1368,1,0.33125015059041363,0.2152309260047667,0.27324053829759015,1,0,0.5728960335254669,0.8620387971401214,0.0242129871816376,0.22282199171254524,14.617061588670808,0.5700171887874603,0.8792679905891418,0.0003725377558639886,0.0003658777881103209,0.0012143667858003989,0.1358762615046339
1781868758.385779,47.7319450378418,blowing_bubbles,mixed_social_nonsocial_movie,mixed,1369,1,0.2667189172049039,0.20256261454575375,0.23464076587532884,1,0,0.5729774832725525,0.8620450794696808,0.023171815926478424,0.2232898428676474,14.974023178629107,0.5701156258583069,0.8789626657962799,0.00032080069521906563,5.1737060644922945e-05,0.0026450905757403466,0.13870709288890554
1781868758.4190452,47.76521134376526,blowing_bubbles,mixed_social_nonsocial_movie,mixed,1370,1,0.24149256585310838,0.17702445022791513,0.20925850804051177,1,0,0.5728480160236359,0.8619166374206543,0.024748591085844224,0.2261683398754604,14.760169543700787,0.5700001120567322,0.8788163959980011,0.00018638211352692657,0.00013441858169213906,0.0009998444082924857,0.14068082049966146
1781868758.456185,47.802351236343384,blowing_bubbles,mixed_social_nonsocial_movie,mixed,1371,1,0.20861207500918255,0.1741725862826645,0.19139233064592354,1,0,0.5727126717567443,0.8618989765644074,0.01926950599023408,0.23065079946477982,15.051748623243693,0.5700912475585938,0.8779048919677734,0.0009160487305928815,0.0007296666170659549,0.004120950114016975,0.14523725333447388
1781868758.488225,47.83439111709595,blowing_bubbles,mixed_social_nonsocial_movie,mixed,1372,1,0.23756600050991192,0.20712801793718175,0.22234700922354683,1,0,0.5725809395313264,0.861869215965271,0.019970586541382805,0.2326255417625759,15.017940364167819,0.5700999200344086,0.8783583641052246,0.00045355505870984744,0.00046249367188303404,0.0028699216104693293,0.1420367781093259
1781868758.523332,47.86949825286865,blowing_bubbles,mixed_social_nonsocial_movie,mixed,1373,1,0.23974302935997668,0.2470174964964474,0.24338026292821202,1,0,0.5721097648143769,0.8612460732460022,0.01756315824671758,0.23251105540378858,14.96924396513397,0.5699915587902069,0.8782053291797638,0.00018751492648781098,0.00026604013222203643,0.0004377582843113214,0.13405417389148275
1781868758.558989,47.905155181884766,blowing_bubbles,mixed_social_nonsocial_movie,mixed,1374,1,0.22204874002357353,0.18431570839225728,0.2031822242079154,1,0,0.5728600025177002,0.862033599615097,0.015950796539676744,0.2362164302881171,15.2110262809668,0.5700092017650604,0.8777970671653748,0.0004086430556790081,0.00022112812919119712,0.001736882619882584,0.14175730923972535
1781868758.593039,47.939205169677734,blowing_bubbles,mixed_social_nonsocial_movie,mixed,1375,1,0.17437679676912532,0.2147775749829839,0.1945771858760546,1,0,0.5721498966217041,0.8618362903594972,0.022038906897600814,0.23708569406088234,15.823702358800965,0.5697842538356781,0.8776804804801941,0.00025336540035058143,0.00015527765532842667,0.0007777836607097996,0.1414906616790111
1781868758.6288729,47.97503900527954,blowing_bubbles,mixed_social_nonsocial_movie,mixed,1376,1,0.16651182550572943,0.31762137958593767,0.24206660254583356,1,0,0.5727634847164154,0.8619118154048919,0.019651275282213485,0.23590910897906725,16.577353498752828,0.5700063705444336,0.8779757618904114,0.0003694955257215995,0.00011613012537101808,0.0013337454680848113,0.13848937923851268
1781868758.661568,48.007734060287476,blowing_bubbles,mixed_social_nonsocial_movie,mixed,1377,1,0.1916721510290301,0.2629381257931911,0.2273051384111106,1,0,0.5725302875041962,0.8614369571208954,0.016560607546022704,0.23609028307420665,15.284174855643295,0.5700554847717285,0.8777305483818054,0.00025008373022973926,0.00011941179549186025,0.0030513351059074027,0.13753317328963194
1781868758.695296,48.04146218299866,blowing_bubbles,mixed_social_nonsocial_movie,mixed,1378,1,0.2186110979573454,0.24202264609465463,0.230316872026,1,0,0.5725944876670837,0.8614268243312836,0.01587269425764324,0.23625509361558547,14.906888122424702,0.5703665018081665,0.877648115158081,0.0003217558598196157,7.167212958987643e-05,0.0003906663644680415,0.13966423694125144
1781868758.728666,48.07483220100403,blowing_bubbles,mixed_social_nonsocial_movie,mixed,1379,1,0.31008615386776167,0.2826404184488081,0.2963632861582849,1,0,0.5719594836235047,0.8617887794971466,0.024846680898763265,0.23136894668133334,13.324018639077263,0.5698767900466919,0.8785685002803802,0.0010425576159984002,0.0007208017561787846,0.0008525012473103753,0.13640823046983547
1781868758.762998,48.109164237976074,blowing_bubbles,mixed_social_nonsocial_movie,mixed,1380,1,0.2756575729206468,0.23045013259391303,0.25305385275727993,1,0,0.5720452785491943,0.8616431891918181,0.023164408172553448,0.2349909347372837,14.466241484454173,0.5697227716445923,0.8782882988452911,0.00031974132108833605,0.0007228162949100642,0.0031488077279657536,0.1388790771799737
1781868758.8012319,48.14739799499512,blowing_bubbles,mixed_social_nonsocial_movie,mixed,1381,1,0.3270373370676761,0.27652493401628814,0.30178113554198216,1,0,0.5726144015789032,0.8619804382324219,0.028603047016621738,0.22640809670592826,14.856537170923586,0.5697181224822998,0.8787154853343964,0.00042721178727192206,0.00010747046618358601,0.002813947811200308,0.13589763075431693
1781868758.8336499,48.179816007614136,blowing_bubbles,mixed_social_nonsocial_movie,mixed,1382,1,0.2566383240396084,0.2843044696183142,0.27047139682896126,1,0,0.5724709272384644,0.8615485012531281,0.03208537746709718,0.22612756624593222,14.976378887256487,0.5698258280754089,0.8782466053962708,0.00048109135428072895,5.387956700880688e-05,0.001805541699708056,0.13752668923123557
1781868758.866773,48.21293902397156,blowing_bubbles,mixed_social_nonsocial_movie,mixed,1383,1,0.2614595511674131,0.2538551815860476,0.2576573663767303,1,0,0.5724662184715271,0.8615448296070098,0.023186050462527683,0.22830312934816285,15.01256860746612,0.5701651573181152,0.8783491849899292,0.000354495286274391,0.00012659606800633795,0.0032863559259797477,0.1405076492769769
1781868758.902998,48.24916410446167,blowing_bubbles,mixed_social_nonsocial_movie,mixed,1384,1,0.2843132363919832,0.2889521527372374,0.28663269456461027,1,0,0.572618967294693,0.8617628514766693,0.025816933645823572,0.22526805835942257,15.016039191175077,0.5702271461486816,0.8786739408969879,0.00033061913780741716,2.3876148466973836e-05,0.0013924921697649627,0.13724963884543476
1781868758.935934,48.282100200653076,blowing_bubbles,mixed_social_nonsocial_movie,mixed,1385,1,0.26532695460158784,0.24902502673710503,0.25717599066934643,1,0,0.5724581003189086,0.8614050984382629,0.03083799664084707,0.22879625887686025,14.549235022409475,0.5700607001781464,0.8785595297813416,0.00020197565321314356,0.0001286434845942736,0.0022970439296345654,0.13715590240930267
1781868758.970444,48.31661009788513,blowing_bubbles,mixed_social_nonsocial_movie,mixed,1386,1,0.2581705139743085,0.2746300614687071,0.2664002877215078,1,0,0.5726236820220947,0.8610537469387054,0.026109094301085704,0.22922215207984817,14.745330037020159,0.5702471137046814,0.8782024681568146,0.00040279400018504766,0.0002008183469719041,0.001443545764644439,0.1331001292451055
1781868759.0094268,48.35559296607971,blowing_bubbles,mixed_social_nonsocial_movie,mixed,1387,1,0.2377157960530155,0.24735864298504237,0.24253721951902893,1,0,0.5731270134449005,0.8611246466636657,0.02654930901805692,0.2297271484622173,14.785733881286513,0.5704151093959808,0.8780436813831329,0.00023116183030812157,0.0001716321698769261,0.0012988733409558474,0.13679365077916453
1781868759.040681,48.38684701919556,blowing_bubbles,mixed_social_nonsocial_movie,mixed,1388,1,0.27507816129903423,0.21989848460838052,0.24748832295370737,1,0,0.5728266894817352,0.8609573245048523,0.021100972035179837,0.23195294139132305,14.074164116244244,0.5705807209014893,0.8774056732654572,0.0006591521288571856,0.0004279902985490641,0.00175671888304634,0.1358621483907718
1781868759.0736709,48.41983699798584,blowing_bubbles,mixed_social_nonsocial_movie,mixed,1389,1,0.25169458229396674,0.24485009948707703,0.2482723408905219,1,0,0.5724307775497437,0.8611073315143585,0.02182856613547662,0.22835895728594185,14.113515994712847,0.5703300833702087,0.8783197700977325,0.0009478355294365664,0.00028868340057938073,0.0019059020180512674,0.1395402037586132
1781868759.1099362,48.45610237121582,blowing_bubbles,mixed_social_nonsocial_movie,mixed,1390,1,0.21701179343113078,0.2263224457025264,0.2216671195668286,1,0,0.5728218674659729,0.8611980617046355,0.021923982088531982,0.2262400341609698,14.559538018678593,0.5703491866588593,0.8783632218837738,4.746570706773706e-05,0.0009003698223688293,0.005870237349703803,0.13971610081678446
1781868759.142711,48.488877058029175,blowing_bubbles,mixed_social_nonsocial_movie,mixed,1391,1,0.2363166366125993,0.17137621063564837,0.20384642362412383,1,0,0.5726468026638031,0.8608618259429932,0.014490348816111397,0.22921133650412953,14.221214669816593,0.5704912543296814,0.8779186606407166,0.00046670967626720266,0.0004192439691994656,0.0012214839448635702,0.1380229351070437
1781868759.177448,48.523614168167114,blowing_bubbles,mixed_social_nonsocial_movie,mixed,1392,1,0.2725923164739325,0.2431489730179944,0.25787064474596344,1,0,0.5728448450565338,0.861036729812622,0.01881183471491396,0.22711297069307074,15.004227943581377,0.570480614900589,0.8782763481140137,0.00035784567344749284,0.00010886400281970982,0.001073207833446997,0.13480683511103042
1781868759.212178,48.55834412574768,blowing_bubbles,mixed_social_nonsocial_movie,mixed,1393,1,0.2488140279339597,0.13497487052788507,0.1918944492309224,1,0,0.5726941168308258,0.8609740674495696,0.021886743268834895,0.23219600947420296,14.137254836882411,0.5704699158668518,0.8778256773948669,0.00045079770010409196,9.295202665659912e-05,0.0015259069502022483,0.1376871890044844
1781868759.247575,48.59374117851257,blowing_bubbles,mixed_social_nonsocial_movie,mixed,1394,1,0.30112272662341605,0.10741750497918245,0.20427011580129925,1,0,0.5729295670986176,0.8614494264125825,0.018807371494557242,0.23228346986174914,13.687737681504053,0.5707376599311829,0.8781470060348511,0.0004182570726940109,3.254062741008104e-05,0.0009542828923119849,0.1410789141925004
1781868759.28112,48.627286195755005,blowing_bubbles,mixed_social_nonsocial_movie,mixed,1395,1,0.30696400715044314,0.14471609864097174,0.22584005289570744,1,0,0.5726512193679809,0.8612467825412751,0.02032492991058375,0.22713940210824857,14.55638853981824,0.5707959234714508,0.8784460723400116,0.0003046888494955487,0.00011356822319846224,0.0005716687308074551,0.1368772550755787
1781868759.314703,48.660869121551514,blowing_bubbles,mixed_social_nonsocial_movie,mixed,1396,1,0.3097163453262478,0.21084767246473757,0.2602820088954927,1,0,0.5735390186309814,0.8616979956626891,0.027280418073189247,0.22834729112595753,14.447560097448637,0.5705840885639191,0.8788261115550995,0.0004350906032697099,0.00013040175377416124,0.0003982370085571402,0.13391065545849515
1781868759.3501718,48.696337938308716,blowing_bubbles,mixed_social_nonsocial_movie,mixed,1397,1,0.34374082767620506,0.24609311027467567,0.2949169689754404,1,0,0.5733531355857849,0.8621205568313599,0.018666028009479578,0.2260272992267988,12.17204890633229,0.5707592666149139,0.878621369600296,0.0002694561515480899,0.00016563445172162002,0.0006712990890970094,0.13395019871983607
1781868759.3847349,48.73090100288391,blowing_bubbles,mixed_social_nonsocial_movie,mixed,1398,1,0.27518766522388055,0.16807207739801655,0.22162987131094855,1,0,0.5727705776691436,0.8617541551589966,0.014151421767296984,0.22879163093901442,14.437720084615115,0.5706922113895416,0.8788380026817322,0.00022677366518680385,4.268248636128604e-05,0.0010562998076006347,0.13900780940882682
1781868759.418668,48.76483416557312,blowing_bubbles,mixed_social_nonsocial_movie,mixed,1399,1,0.20953860818532347,0.1682994597171384,0.18891903395123094,1,0,0.5729609131813049,0.8615158855915069,0.014414840264830713,0.2303326794154252,15.978714344728346,0.5706417560577393,0.8782916367053986,0.0005486907331113537,0.0003219170679245499,0.0015073211280485599,0.1380456934541183
1781868759.4543512,48.800517320632935,blowing_bubbles,mixed_social_nonsocial_movie,mixed,1400,1,0.22945074149619432,0.2356092233686436,0.23252998243241896,1,0,0.5736267805099488,0.8619406878948211,0.026659812766081484,0.22873697507190316,16.88780217832402,0.5702387094497681,0.8787950873374939,0.000644910154327157,9.621942121580327e-05,0.0016208725917128152,0.1370460791727782
1781868759.487356,48.83352208137512,blowing_bubbles,mixed_social_nonsocial_movie,mixed,1401,1,0.20924022041236007,0.3452319085972583,0.2772360645048092,1,0,0.5720425724983216,0.8611666142940522,0.028504468643306285,0.2316998361024063,18.13863763625817,0.5699071884155273,0.8789482116699219,0.00036517565270093304,0.00027973450162622397,0.0015207530697496118,0.13070715063147959
1781868759.521343,48.86750912666321,blowing_bubbles,mixed_social_nonsocial_movie,mixed,1402,1,0.2887735549358746,0.2726006832881626,0.2806871191120186,1,0,0.5721879422664642,0.8615290880203247,0.021534961649642814,0.23145650153722375,15.932114650901978,0.5699789524078369,0.8784631192684174,0.0004903720104060051,0.0001251963577050721,0.0011549846083782874,0.1317321018876766
1781868759.556865,48.90303111076355,blowing_bubbles,mixed_social_nonsocial_movie,mixed,1403,1,0.29160237454300353,0.24950642915057905,0.2705544018467913,1,0,0.5716640293598174,0.8612646341323853,0.02134779993297609,0.24050057947682318,14.487723188018537,0.5699560940265656,0.877677321434021,0.0007861302323001958,0.00029575822189419065,0.0019836441283931816,0.13241895548227947
1781868759.589806,48.93597221374512,blowing_bubbles,mixed_social_nonsocial_movie,mixed,1404,1,0.27307649853238364,0.23917037285824502,0.2561234356953143,1,0,0.5719086349010467,0.8613845407962799,0.02842085875652626,0.23486069351557973,14.910079247910083,0.5700089633464813,0.8780824244022369,0.00040853834562464637,0.0003775918866755494,0.0029470579346302255,0.13550272194658727
1781868759.625133,48.971299171447754,blowing_bubbles,mixed_social_nonsocial_movie,mixed,1405,1,0.2476548392288162,0.24931355477630202,0.2484841970025591,1,0,0.5719438195228577,0.8614300549030305,0.02495103075279226,0.23421043270671013,14.5496234416087,0.5697947144508362,0.8781366050243378,0.0002209935046475252,0.00018754484097712119,0.004158907120395655,0.13459461863245242
1781868759.6602309,49.006397008895874,blowing_bubbles,mixed_social_nonsocial_movie,mixed,1406,1,0.21807207099149623,0.2661672479122836,0.2421196594518899,1,0,0.571810495853424,0.8615524470806122,0.027279217279398547,0.2364394012139621,15.42712361815578,0.5696642994880676,0.8778630495071411,0.00030305227849770916,8.205877385018397e-05,0.0016964203231307129,0.13433496192995664
1781868759.694788,49.04095411300659,blowing_bubbles,mixed_social_nonsocial_movie,mixed,1407,1,0.3215222179588439,0.12094701290741151,0.2212346154331277,1,0,0.571845543384552,0.8619495034217834,0.01962287416670292,0.23482210479909257,13.465943593251117,0.5697995722293854,0.8778652548789978,0.0001352907173779669,0.00016776156111974225,0.0006512528591339373,0.138493797994193
1781868759.728294,49.07446002960205,blowing_bubbles,mixed_social_nonsocial_movie,mixed,1408,1,0.2838003902020813,0.10156615696424771,0.1926832735831645,1,0,0.5715887486934662,0.8616585016250611,0.020030653475818234,0.23526870943420256,13.446617845612167,0.570173442363739,0.8786404430866241,0.0008606367611277995,0.0007253460437498325,0.0010208183200235172,0.14002185995873082
1781868759.762911,49.1090772151947,blowing_bubbles,mixed_social_nonsocial_movie,mixed,1409,1,0.2913717174763525,0.12975055051952106,0.21056113399793677,1,0,0.5716319799423217,0.861895477771759,0.021864980337743346,0.23235077988060734,13.168679148706929,0.5697991251945496,0.8788627684116364,0.0004353640927910674,0.00042527266833673207,0.002009886583539767,0.14078384076693282
1781868759.798292,49.144458055496216,blowing_bubbles,mixed_social_nonsocial_movie,mixed,1410,1,0.29166149052011947,0.0883356325764975,0.1899985615483085,1,0,0.5715047538280487,0.8618552923202514,0.019153517060669235,0.2323881757289356,12.761454209697838,0.5697275400161743,0.8779144883155823,0.0009509782217986621,0.0005156141290075947,0.001248817500849324,0.14109838260210117
1781868759.831122,49.17728805541992,blowing_bubbles,mixed_social_nonsocial_movie,mixed,1411,1,0.26838704893736826,0.06242413189810893,0.16540559041773858,0,1,0.5718638539314269,0.8619019985198975,0.015367278061896446,0.23406691428488138,13.123337813636951,0.5699402689933777,0.8778221607208252,0.00023190084625895427,0.0007190773755397079,0.0010784618622191908,0.14426264961993582
1781868759.866067,49.21223306655884,blowing_bubbles,mixed_social_nonsocial_movie,mixed,1412,1,0.31263703911384194,0.12388509256308616,0.21826106583846405,1,0,0.5718174636363983,0.8616083085536956,0.022141380815065215,0.23049740510054842,15.341399372844066,0.5695923864841461,0.8785386383533478,0.0007964687301673664,0.0005645678839084122,0.0015106548894058707,0.13803541570855424
1781868759.9007292,49.24689531326294,blowing_bubbles,mixed_social_nonsocial_movie,mixed,1413,1,0.24232614700664631,0.14853648699200642,0.19543131699932637,1,0,0.5718231081962586,0.8618372619152068,0.013996115333542667,0.23555803113882592,14.935995192105677,0.5699170231819153,0.8780525624752045,0.0005845158208733607,0.0002119529092940057,0.0011450935072424037,0.14091383318665024
1781868759.9344409,49.28060698509216,blowing_bubbles,mixed_social_nonsocial_movie,mixed,1414,1,0.2052281512302632,0.13670591244256844,0.17096703183641582,0,1,0.5714755237102509,0.8615297377109528,0.01105529451993687,0.23407553683741472,14.055888183440405,0.5697687268257141,0.8781710565090179,0.00018982266806663047,0.0003946931528067302,0.0030451843031535225,0.1406267187693226
1781868759.968957,49.315123081207275,blowing_bubbles,mixed_social_nonsocial_movie,mixed,1415,1,0.20113611050857125,0.11963681125445144,0.16038646088151134,0,1,0.5719081819057465,0.8617843270301819,0.015261408660099363,0.2295695946120051,14.31504061200132,0.5698253810405731,0.8786775171756744,0.0005096195707892616,0.0003197969027226311,0.002424492976024253,0.14322918850180363
1781868760.004834,49.3510000705719,blowing_bubbles,mixed_social_nonsocial_movie,mixed,1416,1,0.19388208895148745,0.143162096186199,0.1685220925688432,0,1,0.5714993059635163,0.8613375484943391,0.014490857303672427,0.23365529843256497,15.150580684537644,0.5700584948062897,0.8777140974998474,0.0009912212162465068,0.0004816016454572453,0.0016666668758316906,0.13998365481003963
1781868760.037206,49.38337206840515,blowing_bubbles,mixed_social_nonsocial_movie,mixed,1417,1,0.1927311875299042,0.21137097141784633,0.20205107947387527,1,0,0.5710986375808715,0.862005865573883,0.014512743446479027,0.23000617126747355,15.623589329963021,0.5698250532150269,0.8786287903785706,0.0009440116730836275,4.7209543162879354e-05,0.0014553213903219116,0.13964771867086867
1781868760.0724852,49.41865134239197,blowing_bubbles,mixed_social_nonsocial_movie,mixed,1418,1,0.20200829823452773,0.10900623947443859,0.15550726885448315,0,1,0.5722982466220856,0.862169474363327,0.012149886616191173,0.2254469719834526,15.989279825438695,0.5701310336589813,0.8793308734893799,0.0007658620806426401,0.00017814959244098739,0.002259146552322373,0.14522409821963606
1781868760.107564,49.45373010635376,blowing_bubbles,mixed_social_nonsocial_movie,mixed,1419,1,0.1999764586755057,0.11830633879696602,0.15914139873623587,0,1,0.5724029839038849,0.8620873689651489,0.01875999121586497,0.22828717233882956,15.96042052077678,0.5700779557228088,0.8784585893154144,0.0008738975611929153,0.00010803548055027517,0.0014674253911659341,0.14377978425830049
1781868760.1421819,49.48834800720215,blowing_bubbles,mixed_social_nonsocial_movie,mixed,1420,1,0.24623168867542358,0.14570504181735225,0.19596836524638792,1,0,0.5718667387962342,0.8622259259223938,0.015103211411288033,0.22776399264155978,14.990868355904755,0.569944828748703,0.8787136673927307,0.00028772837323063553,0.0005861691879622797,0.001641053988082803,0.14069821863894072
1781868760.17757,49.523736238479614,blowing_bubbles,mixed_social_nonsocial_movie,mixed,1421,1,0.2878516524023365,0.19901105584160278,0.24343135412196965,1,0,0.5718614459037781,0.8622691214084626,0.01891984914551969,0.22980230825289227,15.35255727878183,0.5695623159408569,0.8786855340003967,0.00038354600236542927,9.581762913479373e-05,0.00046625113052232514,0.13510497603986396
1781868760.2096908,49.55585694313049,blowing_bubbles,mixed_social_nonsocial_movie,mixed,1422,1,0.2929706424597193,0.19560380531485333,0.24428722388728633,1,0,0.5712098479270935,0.8622741818428039,0.021834948748794894,0.22811122848639942,14.62027841281407,0.5693499445915222,0.8782976269721985,0.0004422368737948478,5.869087142941856e-05,0.0005772478642141906,0.1367219094246844
1781868760.243822,49.589988231658936,blowing_bubbles,mixed_social_nonsocial_movie,mixed,1423,1,0.27503040481993163,0.21143059309179954,0.24323049895586557,1,0,0.570964014530182,0.86219801902771,0.017377452039029517,0.2334502613504245,14.352806247683796,0.5692076981067657,0.8783140778541565,0.00014319460165372464,0.0002990422721411232,0.0009010874704580488,0.13597452876004185
1781868760.27834,49.62450623512268,blowing_bubbles,mixed_social_nonsocial_movie,mixed,1424,1,0.23570901794573043,0.17235018544216843,0.20402960169394943,1,0,0.5712350249290467,0.8621887803077698,0.012024000906191821,0.23136428148399962,13.431571730661503,0.5695267021656036,0.8783415257930756,0.0003201827273697837,0.00017698812571605908,0.0011875663697488953,0.13917260976453838
1781868760.3140821,49.66024827957153,blowing_bubbles,mixed_social_nonsocial_movie,mixed,1425,1,0.3070821404113772,0.18323578221287498,0.2451589613121261,1,0,0.5713818669319153,0.8621801793575287,0.026979914381514924,0.22878339715562904,13.272683803807306,0.5690828859806061,0.8788466155529022,0.0006723752460847591,0.0003521925187149754,0.0016837977677573463,0.13890511216756302
1781868760.347714,49.69388008117676,blowing_bubbles,mixed_social_nonsocial_movie,mixed,1426,1,0.23516549900520514,0.2491405233190202,0.24215301116211269,1,0,0.5710676789283753,0.8617774188518524,0.014070794089143407,0.23385510701345066,13.501255799277962,0.5693236291408539,0.8782108128070831,0.0006798546909429954,7.4794448582363084e-06,0.0021628169232317165,0.13699553079349017
