timestamp,elapsed_time,stimulus_id,stimulus_type,paper_category,frame_index,face_detected,left_ear,right_ear,avg_ear,eye_open,blink_state,gaze_x,gaze_y,yaw_proxy,pitch_proxy,roll_proxy_deg,head_center_x,head_center_y,head_movement,head_acceleration,mouth_open,eyebrow_signal
1781868720.385967,9.732133150100708,dog_in_grass,nonsocial_movie,non_social,265,1,0.30208317123771633,0.40273574340579604,0.3524094573217562,1,0,0.5222164332866669,0.8634189128875733,-0.06864131035560833,0.4446607798318867,3.946882900884621,0.527026429772377,0.8353986442089081,0.0,0.0,0.009291176308241616,0.11081973798579701
1781868720.421576,9.767742156982422,dog_in_grass,nonsocial_movie,non_social,266,1,0.31842557006082195,0.3962765603343815,0.35735106519760174,1,0,0.5224931120872498,0.8628347039222717,-0.06739506590191946,0.44106684228519105,4.60603534905894,0.5265949666500092,0.8329387605190277,0.002497436324253912,0.002497436324253912,0.023452394347986728,0.11121232881900402
1781868720.453942,9.800108194351196,dog_in_grass,nonsocial_movie,non_social,267,1,0.2858312712496184,0.38461903011094684,0.3352251506802826,1,0,0.5229036927223205,0.8628616392612458,-0.07478837812990337,0.44693058168389826,4.150152285399699,0.5271382331848145,0.8319005072116852,0.0011717971061779664,0.0013256392180759455,0.0026087217015139308,0.11396059415033848
1781868720.489066,9.835232019424438,dog_in_grass,nonsocial_movie,non_social,268,1,0.27032768115239786,0.37009091317355697,0.3202092971629774,1,0,0.5215511649847031,0.8615938544273376,-0.05715031223543646,0.44588179411861845,2.887323736329988,0.5267193019390106,0.8336719870567322,0.0018203417893677232,0.0006485446831897568,0.017536526717204057,0.11540843542307068
1781868720.5235121,9.869678258895874,dog_in_grass,nonsocial_movie,non_social,269,1,0.2832550189520055,0.3703486499574406,0.32680183445472305,1,0,0.522730115056038,0.8630180358886719,-0.06753738576654147,0.4447669252042901,4.154669516879322,0.5266042053699493,0.8326276242733002,0.0010506858919903353,0.0007696558973773878,0.019834777490790538,0.11534411272229328
1781868720.557984,9.904150247573853,dog_in_grass,nonsocial_movie,non_social,270,1,0.3001662927505178,0.385171340154288,0.3426688164524029,1,0,0.5214191138744354,0.8615388572216034,-0.06915297524743132,0.44286943454713235,3.3308833083027216,0.5263584703207016,0.8340817093849182,0.0014747030976634055,0.0004240172056730702,0.009621375902278408,0.114935549532804
1781868720.593485,9.939651250839233,dog_in_grass,nonsocial_movie,non_social,271,1,0.3012434906085587,0.3716231470750069,0.3364333188417828,1,0,0.5217753648757935,0.8624598383903503,-0.06767100020449857,0.4407831654502958,3.2841143914393864,0.5263456404209137,0.83350670337677,0.0005751491247799025,0.000899553972883503,0.011326880600259284,0.11610393561762737
1781868720.6269288,9.973094940185547,dog_in_grass,nonsocial_movie,non_social,272,1,0.25814245559668525,0.3599705333857657,0.30905649449122546,1,0,0.5218456894159318,0.8636922538280487,-0.07444955157145368,0.4434608032447363,4.295904118787799,0.527070939540863,0.832053005695343,0.0016245909523278559,0.0010494418275479533,0.038205412010785623,0.11768608045443887
1781868720.6619132,10.008079290390015,dog_in_grass,nonsocial_movie,non_social,273,1,0.2511723211443178,0.3692843849753105,0.31022835305981417,1,0,0.521824163198471,0.8634028553962707,-0.08105270307349734,0.43978148275908346,5.148564238553938,0.527231976389885,0.8334216773509979,0.0013781128283765632,0.00024647812395129265,0.04154273778298117,0.11952579632250118
1781868720.695789,10.04195523262024,dog_in_grass,nonsocial_movie,non_social,274,1,0.2783579554665201,0.358920078980006,0.31863901722326304,1,0,0.5219382643699646,0.8625234901905059,-0.07120723383455711,0.4417005817100457,5.967362620181111,0.5265073329210281,0.8330172598361969,0.0008298564232652962,0.000548256405111267,0.059239416357049345,0.11798835873644854
1781868720.730839,10.07700514793396,dog_in_grass,nonsocial_movie,non_social,275,1,0.26027257031212214,0.3807834840825502,0.3205280271973362,1,0,0.5221447944641113,0.8627019941806793,-0.05951718167591348,0.4389036672600667,5.117469022841826,0.5262319892644882,0.8339418172836304,0.0009646867900004999,0.00013483036673520368,0.006128863893065173,0.12008747793835506
1781868720.764452,10.110618114471436,dog_in_grass,nonsocial_movie,non_social,276,1,0.2507671343663505,0.3653330599883251,0.3080500971773378,1,0,0.522480309009552,0.8651168823242188,-0.06891316830771106,0.4401398514570179,7.624714788225515,0.5271865427494049,0.8330961167812347,0.0012752967087383282,0.0003106099187378283,0.012974845681198997,0.12008593258611792
1781868720.8016949,10.147861003875732,dog_in_grass,nonsocial_movie,non_social,277,1,0.3168673687053549,0.39851816427219455,0.35769276648877474,1,0,0.5218262434005737,0.8631717622280122,-0.07244499176448896,0.4474559835990734,6.1350912336759,0.5274046510457993,0.8335486948490143,0.0005023924127523301,0.0007729042959859981,0.01975306290659792,0.11411456022694304
1781868720.834145,10.18031120300293,dog_in_grass,nonsocial_movie,non_social,278,1,0.2877055421166719,0.4037559553914468,0.34573074875405935,1,0,0.5220264315605163,0.8627815306186676,-0.06265417706616427,0.44304896259683973,5.454456425040215,0.5280114114284515,0.8353387713432312,0.0018901142867838124,0.0013877218740314824,0.055765571195862784,0.11721149009940397
1781868720.8697531,10.215919256210327,dog_in_grass,nonsocial_movie,non_social,279,1,0.3206260973412136,0.38404865544706296,0.3523373763941383,1,0,0.5221430122852325,0.8637059867382049,-0.06950677929812028,0.43783659311799183,5.886745186875703,0.5270974338054657,0.8351869881153107,0.0009264951395430103,0.0009636191472408021,0.023528183596481133,0.11648292680452213
1781868720.901781,10.247947216033936,dog_in_grass,nonsocial_movie,non_social,280,1,0.31630989816449073,0.3622508904305059,0.33928039429749834,1,0,0.5219535142183304,0.8642311215400695,-0.07455259025465229,0.44524521930265515,6.000269283613099,0.5275975167751312,0.8345125615596771,0.0008396035704385849,8.689156910442544e-05,0.007716532778350767,0.11539203516419334
1781868720.937047,10.283213138580322,dog_in_grass,nonsocial_movie,non_social,281,1,0.31374561403992784,0.3809836971217811,0.3473646555808545,1,0,0.5216423392295837,0.8642018973827362,-0.08582607231339831,0.4484368270903617,4.472326100340958,0.528099536895752,0.8329900503158569,0.0016031421300268273,0.0007635385595882424,0.016455237252659544,0.11283751478843501
1781868720.970449,10.316615104675293,dog_in_grass,nonsocial_movie,non_social,282,1,0.3017604044252474,0.3893844246471073,0.3455724145361774,1,0,0.5220155805349349,0.8629620909690856,-0.07781016847927638,0.4444895159717168,3.768972047041937,0.5280808210372925,0.8348313271999359,0.0018413720013081198,0.00023822987128129251,0.023968148099340583,0.11327294145313097
1781868721.0058382,10.352004289627075,dog_in_grass,nonsocial_movie,non_social,283,1,0.28855508594933005,0.398347125053439,0.3434511055013845,1,0,0.522306227684021,0.864097797870636,-0.07613396896342091,0.4326112470258686,3.8415590545072833,0.5281161814928055,0.8360975682735443,0.0012667347071534103,0.0005746372941547095,0.010104508834006503,0.11655240701419804
1781868721.039707,10.385873079299927,dog_in_grass,nonsocial_movie,non_social,284,1,0.29241970914521237,0.39540697711619927,0.3439133431307058,1,0,0.5223710030317307,0.8637057900428773,-0.08190453857134262,0.4382176048879486,4.370901072508502,0.5280452221632004,0.8354828357696533,0.0006188144130497391,0.0006479202941036712,0.004973640841707631,0.11670858366549722
1781868721.0751958,10.421361923217773,dog_in_grass,nonsocial_movie,non_social,285,1,0.29413669648374235,0.3884046974598973,0.34127069697181983,1,0,0.5227449685335159,0.8625364422798156,-0.09120036407897333,0.44481005331609447,4.9135102940148485,0.5288366228342056,0.8328366577625275,0.0027619871591779924,0.0021431727461282534,0.0300366634729348,0.1125534361426376
1781868721.1091032,10.45526933670044,dog_in_grass,nonsocial_movie,non_social,286,1,0.29923350955059164,0.3940222249875166,0.34662786726905415,1,0,0.5224597483873368,0.8624163389205932,-0.08144065797722597,0.44720308883592125,4.7220707495399665,0.5279336273670197,0.8316682279109955,0.001476695341534423,0.0012852918176435694,0.018101430454168878,0.11097523665742795
1781868721.142854,10.489020109176636,dog_in_grass,nonsocial_movie,non_social,287,1,0.2817027837931685,0.3803357158631429,0.33101924982815567,1,0,0.5237639397382736,0.8636463105678558,-0.06976514407861184,0.44310446092900707,5.245996704109772,0.5273301899433136,0.8334983885288239,0.0019270767009589727,0.0004503813594245497,0.03303844395846321,0.1143063339971966
1781868721.179007,10.52517318725586,dog_in_grass,nonsocial_movie,non_social,288,1,0.27741493577388737,0.41112690280225594,0.34427091928807163,1,0,0.5232103258371353,0.8636972963809967,-0.0714873711401508,0.4402799001885601,4.9611635247338075,0.5276815593242645,0.834557294845581,0.0011156805230612132,0.0008113961778977595,0.003041031919063963,0.1126027830246932
1781868721.2138171,10.559983253479004,dog_in_grass,nonsocial_movie,non_social,289,1,0.28066058004724537,0.40015356787239525,0.3404070739598203,1,0,0.5230444550514222,0.8631821990013122,-0.0786544484357624,0.4431743528085013,4.66235520832982,0.5280246436595917,0.8353654742240906,0.0008779867703985679,0.0002376937526626453,0.014804086604866196,0.11501282627303198
1781868721.24699,10.593156099319458,dog_in_grass,nonsocial_movie,non_social,290,1,0.3153155619610759,0.4069203916085893,0.3611179767848326,1,0,0.5228299558162689,0.8634223341941833,-0.07996246382851037,0.442675924082442,6.049864661098434,0.5272343307733536,0.8357087075710297,0.000861628451599064,1.6358318799503894e-05,0.008932172172001077,0.11102110952196587
1781868721.28097,10.62713623046875,dog_in_grass,nonsocial_movie,non_social,291,1,0.2839755110991119,0.4036973595722989,0.3438364353357054,1,0,0.5230241566896439,0.8642693936824799,-0.07311746670290942,0.44321084282106304,5.575485081480239,0.5276415944099426,0.8347848355770111,0.001009654956418062,0.0001480265048189979,0.041209625524680854,0.11587232065245469
1781868721.315708,10.661874055862427,dog_in_grass,nonsocial_movie,non_social,292,1,0.2797045043360543,0.39583149929929917,0.33776800181767674,1,0,0.5220507770776749,0.8625332713127136,-0.07037689968583921,0.43905684621922014,3.806000160751144,0.5269261002540588,0.835521936416626,0.0010272533936983607,1.759843728029874e-05,0.0056647924863496135,0.11460435810044937
1781868721.349607,10.695773124694824,dog_in_grass,nonsocial_movie,non_social,293,1,0.2796213918523316,0.3856230707681148,0.33262223131022317,1,0,0.5236578166484833,0.8634631097316742,-0.06361647328325175,0.4429770591160796,6.184800469561517,0.528089314699173,0.8348967730998993,0.001320566930489665,0.00029331353679130424,0.02371099486220883,0.11335517374150349
1781868721.38491,10.73107624053955,dog_in_grass,nonsocial_movie,non_social,294,1,0.2795521320670436,0.39976410352609015,0.33965811779656685,1,0,0.5216539174318313,0.8629296302795411,-0.07421242989925772,0.44365343060123696,4.354039086730356,0.5278406739234924,0.8348647058010101,0.00025070011365986323,0.0010698668168298018,0.009461593080978544,0.11430290606707588
1781868721.4208472,10.767013311386108,dog_in_grass,nonsocial_movie,non_social,295,1,0.28021532712409514,0.3791321849834074,0.32967375605375127,1,0,0.5227632999420166,0.8636963963508606,-0.06427650884959897,0.4390099234241196,5.791261781115839,0.5276131331920624,0.8361262679100037,0.0012819179924269445,0.0010312178787670813,0.019842388845735894,0.11683479461106869
1781868721.453204,10.799370050430298,dog_in_grass,nonsocial_movie,non_social,296,1,0.2848443449697388,0.3618749447830422,0.3233596448763905,1,0,0.5221558094024659,0.8636616587638855,-0.07290711493159288,0.43820976803586503,7.121980817781579,0.5272206962108612,0.8366384506225586,0.0006452425243692612,0.0006366754680576833,0.01517356032511677,0.11666525382320969
1781868721.487666,10.833832025527954,dog_in_grass,nonsocial_movie,non_social,297,1,0.278143101641459,0.36813268988207687,0.32313789576176793,1,0,0.5223886102437973,0.8643437027931213,-0.06338112486884316,0.4437374289831229,6.712404996067051,0.5271013975143433,0.8346890211105347,0.0019530764453396907,0.0013078339209704295,0.003305270417255358,0.11765413115958576
1781868721.523133,10.869299173355103,dog_in_grass,nonsocial_movie,non_social,298,1,0.2874310084922264,0.38495551803197453,0.3361932632621005,1,0,0.5227963089942932,0.864093691110611,-0.07185040183160452,0.44313670930867854,5.995340752182878,0.5274975597858429,0.8346298933029175,0.000400550425032061,0.0015525260203076297,0.017852777994768806,0.11583647391636283
1781868721.557303,10.90346908569336,dog_in_grass,nonsocial_movie,non_social,299,1,0.2578405555382855,0.4128985037552341,0.3353695296467598,1,0,0.521489256620407,0.863965368270874,-0.06842744875332925,0.44045987330531555,5.517154658135621,0.5274834930896759,0.8365411460399628,0.001911304501329958,0.001510754076297897,0.026572552489600165,0.11692353673354143
1781868721.593118,10.939284086227417,dog_in_grass,nonsocial_movie,non_social,300,1,0.27153924900133625,0.3761151413632752,0.32382719518230574,1,0,0.5218437045812607,0.8626769602298736,-0.06970934878446794,0.44262528533597334,4.890672878931115,0.5279726386070251,0.836696058511734,0.0005130898664494691,0.001398214634880489,0.019542653897052616,0.11666833405418094
1781868721.6261592,10.972325325012207,dog_in_grass,nonsocial_movie,non_social,301,1,0.25985365201340965,0.3825476071334909,0.3212006295734503,1,0,0.5226384073495864,0.8633181333541871,-0.08100363672431106,0.4476758263145347,5.355161586117759,0.5283624529838562,0.8343292474746704,0.0023986975077216906,0.0018856076412722216,0.02279342516362679,0.1137530450493436
1781868721.660726,11.006892204284668,dog_in_grass,nonsocial_movie,non_social,302,1,0.23124648778987875,0.37991145256665937,0.30557897017826907,1,0,0.5231713593006134,0.8640039682388305,-0.07590331407475744,0.4448525241848729,6.276201718272432,0.5282856374979019,0.8358491361141205,0.0015218285367319762,0.0008768689709897145,0.020056131644279454,0.11779662557853239
1781868721.695072,11.041238069534302,dog_in_grass,nonsocial_movie,non_social,303,1,0.2338337481248506,0.40501948111805736,0.319426614621454,1,0,0.5234338283538819,0.8646181762218476,-0.06841997225219697,0.44262744195632026,5.216472307964067,0.5279672145843506,0.8348048031330109,0.0010917987576965923,0.0004300297790353839,0.014879355752105146,0.11799211370246267
1781868721.728575,11.074741125106812,dog_in_grass,nonsocial_movie,non_social,304,1,0.25512816841668406,0.3910692682517631,0.32309871833422354,1,0,0.5244575768709183,0.8638650596141815,-0.06669070724723299,0.44337665782109625,7.611612655353278,0.5282962024211884,0.8359815776348114,0.0012218965688122283,0.00013009781111563605,0.03128433112957843,0.1175173537735505
1781868721.763542,11.109708070755005,dog_in_grass,nonsocial_movie,non_social,305,1,0.27314754233366323,0.40616446269149986,0.33965600251258155,1,0,0.5241255521774292,0.8640512704849244,-0.06186369032324042,0.44276950528311737,7.272855488341053,0.5277726054191589,0.8350682258605957,0.001052789287558132,0.00016910728125409634,0.03151892955091196,0.11582725992567991
1781868721.796669,11.142835140228271,dog_in_grass,nonsocial_movie,non_social,306,1,0.28984814501249795,0.3945649542622212,0.3422065496373596,1,0,0.5240289300680161,0.864389955997467,-0.07018063842870391,0.4447511251389504,5.828287819640844,0.5285704731941223,0.8333332538604736,0.0019096389259576246,0.0008568496383994926,0.013444089410796818,0.11482002764357915
1781868721.831918,11.178084135055542,dog_in_grass,nonsocial_movie,non_social,307,1,0.2949869829718994,0.3850692472208102,0.3400281150963548,1,0,0.5257068008184433,0.865680354833603,-0.06086744421468601,0.4406033574464251,6.059383080472273,0.5281015485525131,0.834772378206253,0.0015135947945613944,0.0003960441313962302,0.006330209227403614,0.11516910942133167
1781868721.866699,11.212865114212036,dog_in_grass,nonsocial_movie,non_social,308,1,0.29184124612734497,0.38577219433823334,0.3388067202327891,1,0,0.5242523819208145,0.8653863608837128,-0.0656076376742908,0.4350452208065456,5.596096257746792,0.5281189233064651,0.836126983165741,0.0013547163829909748,0.00015887841157041956,0.020200177651413583,0.11779953887427291
1781868721.900888,11.247054100036621,dog_in_grass,nonsocial_movie,non_social,309,1,0.28243070569051804,0.40335169046869607,0.34289119807960705,1,0,0.523946788907051,0.8653328239917755,-0.07410766048464555,0.43869008526268366,4.1424938245917575,0.5284893214702606,0.8343218564987183,0.0018427363033650683,0.00048801992037409347,0.025237437423350422,0.11539483926894349
1781868721.935105,11.28127121925354,dog_in_grass,nonsocial_movie,non_social,310,1,0.2847348685536675,0.37440611841691757,0.32957049348529255,1,0,0.5225573867559433,0.8651630282402039,-0.08113462234733965,0.4391515495870183,3.2925061837928644,0.5280379951000214,0.8350138068199158,0.0008261299773514338,0.0010166063260136345,0.013716641951892991,0.11707381430745402
1781868721.970858,11.317024230957031,dog_in_grass,nonsocial_movie,non_social,311,1,0.25438738924257703,0.3998703015299754,0.3271288453862762,1,0,0.5233900904655457,0.865613454580307,-0.06769316318334634,0.4379099322584943,3.3196326308119337,0.5277353525161743,0.8357694447040558,0.000813990875566314,1.2139101785119816e-05,0.015906964731827483,0.11852675859042372
1781868722.004747,11.350913047790527,dog_in_grass,nonsocial_movie,non_social,312,1,0.28501997205334406,0.39117984973679465,0.33809991089506936,1,0,0.523713368177414,0.8656524658203125,-0.06464557227520151,0.4377831914405641,3.2290573732927905,0.5273044854402542,0.8371423482894897,0.00143892692379056,0.000624936048224246,0.00781833329582528,0.11729718019793028
1781868722.0386,11.384766101837158,dog_in_grass,nonsocial_movie,non_social,313,1,0.27423495165010137,0.3894203927216139,0.3318276721858576,1,0,0.5233178436756134,0.8650083065032959,-0.07871651162432886,0.43036256735406886,4.069179525242711,0.5273552536964417,0.8373432457447052,0.00020721294203876074,0.0012317139817517992,0.0053953430802179654,0.11450400494903766
1781868722.072397,11.4185631275177,dog_in_grass,nonsocial_movie,non_social,314,1,0.2900266188927475,0.39316781500813414,0.3415972169504408,1,0,0.5228121399879455,0.8642687201499939,-0.07467137408818435,0.4321754808804524,4.606434485403145,0.5265264809131622,0.8390176296234131,0.0018682681016335902,0.0016610551595948294,0.0033695265093891934,0.11488545566861719
1781868722.107871,11.454037189483643,dog_in_grass,nonsocial_movie,non_social,315,1,0.2739177154078517,0.3699132451089642,0.32191548025840794,1,0,0.5230657637119294,0.8654822528362274,-0.0763050748270978,0.4287024087237101,5.151395593883643,0.5266882479190826,0.8387972414493561,0.00027338528027060193,0.0015948828213629882,0.0029785642509765026,0.11496453436663057
1781868722.142167,11.488333225250244,dog_in_grass,nonsocial_movie,non_social,316,1,0.24696874465690832,0.3933076628312758,0.3201382037440921,1,0,0.5234887540340424,0.864328819513321,-0.07480481972719835,0.43785758091590216,5.107743802813252,0.5276877582073212,0.8362267315387726,0.0027579960146277647,0.0024846107343571627,0.008711072302158264,0.11539932546066013
1781868722.1779861,11.524152278900146,dog_in_grass,nonsocial_movie,non_social,317,1,0.2422188801233058,0.4087076700646101,0.32546327509395795,1,0,0.5227892845869064,0.8639707326889039,-0.07031893993072189,0.4382196574678427,4.825679226528103,0.5277077853679657,0.8358968198299408,0.0003305190203116785,0.002427476994316086,0.017319412257290317,0.11758694975443466
1781868722.2115788,11.557744979858398,dog_in_grass,nonsocial_movie,non_social,318,1,0.2617607891407694,0.3902291220252414,0.3259949555830054,1,0,0.5227537095546723,0.8642868161201477,-0.05183877128333421,0.439879054620136,5.361743590065905,0.5272178053855896,0.8359247446060181,0.0004907750770447167,0.0001602560567330382,0.03216039516988592,0.11953978153379069
1781868722.2443311,11.590497255325317,dog_in_grass,nonsocial_movie,non_social,319,1,0.26699674433435955,0.3768164703887752,0.3219066073615674,1,0,0.5237076222896576,0.8647668600082397,-0.06374619815274399,0.4434368632845392,5.158340546789953,0.5279768109321594,0.8353757262229919,0.0009367553600724024,0.0004459802830276857,0.019854948161993707,0.11630945793186896
1781868722.2799098,11.626075983047485,dog_in_grass,nonsocial_movie,non_social,320,1,0.26664364708948246,0.3931211674808231,0.3298824072851528,1,0,0.5242159217596054,0.863866639137268,-0.06085351558217441,0.44795944677547295,5.597798311638064,0.5278208404779434,0.834534615278244,0.0008554498255088332,8.130553456356924e-05,0.011960156392438663,0.1152155453032168
1781868722.313778,11.6599440574646,dog_in_grass,nonsocial_movie,non_social,321,1,0.27756154321472026,0.40214398552332475,0.3398527643690225,1,0,0.5244733422994614,0.8636253654956818,-0.05644716444858353,0.4427656674349085,4.757836343963555,0.5278232097625732,0.838272750377655,0.0037381358502545387,0.0028826860247457057,0.017279988395478972,0.1152075512736128
1781868722.3487208,11.694886922836304,dog_in_grass,nonsocial_movie,non_social,322,1,0.2877256556826163,0.3967835169646014,0.34225458632360883,1,0,0.5241857945919037,0.8653694808483123,-0.06725820977626676,0.4425588095487903,6.404026921882307,0.5279901772737503,0.8377464115619659,0.0005521871953329354,0.003185948654921603,0.0027920197085164545,0.1154322024205428
1781868722.384183,11.730349063873291,dog_in_grass,nonsocial_movie,non_social,323,1,0.2923187211605003,0.4011756022727795,0.3467471617166399,1,0,0.5241739660501481,0.8654436409473418,-0.07235290055616482,0.445611977117807,6.462535649991724,0.5284788608551025,0.8356691002845764,0.0021340182252860334,0.001581831029953098,0.0019324295582678513,0.11181527226389786
1781868722.418762,11.764928102493286,dog_in_grass,nonsocial_movie,non_social,324,1,0.27957643894988843,0.4008795248955485,0.34022798192271847,1,0,0.5241258919239045,0.8640297412872314,-0.06878161278902231,0.4487016280893942,4.725262214855058,0.5279715359210968,0.8360160291194916,0.0006146041044115447,0.0015194141208744888,0.002027396692976152,0.11252750437660439
1781868722.452598,11.7987642288208,dog_in_grass,nonsocial_movie,non_social,325,1,0.26250087237431496,0.37961501525644054,0.3210579438153778,1,0,0.5239286333322525,0.8659749567508697,-0.07752504867427756,0.44275222109232226,7.383425005872357,0.528649777173996,0.8370493352413177,0.0012360148617786436,0.0006214107573670989,0.0043267320265139115,0.11557103870955766
1781868722.48625,11.83241605758667,dog_in_grass,nonsocial_movie,non_social,326,1,0.27716796987887854,0.38234291947241095,0.32975544467564477,1,0,0.5236751586198807,0.8657604575157165,-0.07236525140438234,0.44357502781785796,5.92746197876055,0.5284848809242249,0.8385200798511505,0.0014799596212534676,0.00024394475947482402,0.001432456191216181,0.11527900089894239
1781868722.522251,11.868417024612427,dog_in_grass,nonsocial_movie,non_social,327,1,0.2865851043968603,0.39344910896824964,0.34001710668255497,1,0,0.5247209042310714,0.864794248342514,-0.07075892418573523,0.4362021261202927,5.885722417198883,0.5285069644451141,0.8396187722682953,0.0010989143321416355,0.0003810452891118321,0.013143735349409345,0.1127370429469089
1781868722.5548449,11.901010990142822,dog_in_grass,nonsocial_movie,non_social,328,1,0.27296891692833414,0.39131202844019847,0.3321404726842663,1,0,0.5242471933364867,0.8660321354866027,-0.055699960594289076,0.43447863683435584,6.224240226479711,0.5267450511455536,0.8422282636165619,0.003148616135994761,0.0020497018038531257,0.0059209670230817,0.11585229751506661
1781868722.590504,11.936670064926147,dog_in_grass,nonsocial_movie,non_social,329,1,0.2534991706235766,0.3965772765815195,0.325038223602548,1,0,0.5236711591482163,0.8666390538215637,-0.06970753518617849,0.43331940625862353,5.638272932710006,0.5282879024744034,0.8386453986167908,0.003900937301408274,0.000752321165413513,0.0030985769722154965,0.11536890932652459
1781868722.625281,11.971447229385376,dog_in_grass,nonsocial_movie,non_social,330,1,0.28319973386351766,0.4048480620681491,0.3440238979658334,1,0,0.5237554103136063,0.8661951005458832,-0.05739578497106244,0.43576681510610465,6.397338005452908,0.5273104310035706,0.8407448530197144,0.00231584957763826,0.0015850877237700138,0.003170221954503917,0.11628817712308889
1781868722.659449,12.005615234375,dog_in_grass,nonsocial_movie,non_social,331,1,0.26388263598855943,0.3756585261476029,0.3197705810680812,1,0,0.5235610514879228,0.8663654625415802,-0.06996851699109348,0.441039001631166,5.856732924539637,0.5282051861286163,0.8363060355186462,0.004528099771602241,0.002212250193963981,0.002076651831873611,0.11409708922239786
1781868722.692631,12.03879714012146,dog_in_grass,nonsocial_movie,non_social,332,1,0.27505495184710904,0.3768862121661856,0.3259705820066473,1,0,0.5240932136774064,0.8654562175273894,-0.06376288209587073,0.4423317051671342,6.0125808597396,0.5277588218450546,0.8367861211299896,0.0006555328121905921,0.003872566959411649,0.005459690351503834,0.11556509381757736
1781868722.7278621,12.074028253555298,dog_in_grass,nonsocial_movie,non_social,333,1,0.2832580723989671,0.37748441294376905,0.3303712426713681,1,0,0.5238551884889603,0.8660175740718841,-0.07789927718688958,0.4365222234630284,5.951484627658892,0.5278038829565048,0.8387861847877502,0.002000571203146721,0.0013450383909561288,0.012697274375295735,0.11597010767352481
1781868722.761024,12.107190132141113,dog_in_grass,nonsocial_movie,non_social,334,1,0.28344557802088627,0.3997115942551417,0.34157858613801395,1,0,0.5243074059486389,0.8663311183452607,-0.07069399749137938,0.43533008560150077,4.9042364857006095,0.5278986394405365,0.8389194309711456,0.00016350332307168034,0.0018370678800750406,0.004899625944820602,0.11319154892969076
1781868722.796638,12.142804145812988,dog_in_grass,nonsocial_movie,non_social,335,1,0.3077614683551914,0.39939787679495964,0.3535796725750755,1,0,0.5238382607698441,0.867376697063446,-0.06671388672918592,0.43508441042032536,4.313983616247626,0.5269875079393387,0.8396449089050293,0.0011646797177881558,0.0010011763947164755,0.02275073908253986,0.1096200115661989
1781868722.829498,12.175664186477661,dog_in_grass,nonsocial_movie,non_social,336,1,0.27938899610786755,0.41094165908922414,0.34516532759854585,1,0,0.5240742087364196,0.8668715536594391,-0.07095966686588875,0.43813589444776707,3.861134667445571,0.5277993977069855,0.8391450941562653,0.0009534043097718913,0.00021127540801626446,0.013751803579569141,0.1102566742154907
1781868722.8662589,12.212424993515015,dog_in_grass,nonsocial_movie,non_social,337,1,0.2869540434129245,0.3889250877036554,0.33793956555828997,1,0,0.523061779141426,0.8662636578083038,-0.08194004873501244,0.4388057908338455,3.471812249016477,0.5286188274621964,0.8382412493228912,0.0012200002485827095,0.00026659593881081815,0.005430234069025093,0.11174401765758546
1781868722.89945,12.24561619758606,dog_in_grass,nonsocial_movie,non_social,338,1,0.2758933735725773,0.3824643794975558,0.32917887653506656,1,0,0.5238364636898041,0.8660818934440613,-0.06575961226751552,0.43285503629567895,4.053411052981826,0.5281825065612793,0.8383097946643829,0.0004416722681098312,0.0007783279804728783,0.002513014469807505,0.11215399626906507
1781868722.93399,12.280156135559082,dog_in_grass,nonsocial_movie,non_social,339,1,0.28799731328650435,0.39746550593480734,0.34273140961065585,1,0,0.5245424062013626,0.8660467982292175,-0.060966140973892274,0.43159376280422757,4.817530881802204,0.5280578583478928,0.8386108577251434,0.000325846810103973,0.00011582545800585818,0.0025278451996439055,0.11315543096513997
1781868722.968881,12.315047025680542,dog_in_grass,nonsocial_movie,non_social,340,1,0.2648220297000445,0.41803898993306443,0.34143050981655443,1,0,0.5252117872238159,0.8655338168144227,-0.06315810378798704,0.44025903915579134,4.11717355580061,0.5284014791250229,0.8381928503513336,0.000541114962863614,0.000215268152759641,0.002903740144460875,0.11383440548594277
1781868723.003136,12.349302053451538,dog_in_grass,nonsocial_movie,non_social,341,1,0.28227421653284873,0.41671492155877504,0.3494945690458119,1,0,0.5252752274274826,0.8660537719726562,-0.07438202369864834,0.4331642145670206,4.943362759371578,0.5284059047698975,0.8395751118659973,0.0013822685995322805,0.0008411536366686664,0.0021503401207373994,0.11287208651904179
1781868723.0372689,12.383435010910034,dog_in_grass,nonsocial_movie,non_social,342,1,0.29055056864462825,0.4124104385532826,0.35148050359895544,1,0,0.5249984383583068,0.8668763041496277,-0.06648698739635243,0.43884297987930865,4.490960247741222,0.5283594131469727,0.8397940695285797,0.00022383906943545232,0.001158429530096828,0.0021653368946712797,0.11250143212065002
1781868723.0720792,12.418245315551758,dog_in_grass,nonsocial_movie,non_social,343,1,0.2789783879847782,0.39090364130825794,0.33494101464651804,1,0,0.5250409096479416,0.8668054521083832,-0.05901114254177764,0.43034744054608387,7.098288999878195,0.5277785509824753,0.8426925837993622,0.0029561437434729412,0.002732304674037489,0.0012973749498920884,0.11496977236231415
1781868723.10625,12.452416181564331,dog_in_grass,nonsocial_movie,non_social,344,1,0.2833090585223875,0.38302084570822015,0.33316495211530384,1,0,0.5246090143918991,0.8675400495529175,-0.05298616733479338,0.436213178253129,5.295751735939016,0.5274893343448639,0.8415645062923431,0.001164562203282219,0.0017915815401907222,0.006766573511556158,0.11237202645637101
1781868723.141066,12.487232208251953,dog_in_grass,nonsocial_movie,non_social,345,1,0.2906120581951899,0.39179703386747167,0.34120454603133077,1,0,0.5252823889255525,0.8677499175071717,-0.0701644918404067,0.43797687365481985,7.312696636042735,0.5285210013389587,0.8388926982879639,0.002864069621878953,0.0016995074185967342,0.007690168439875507,0.11359644844089302
1781868723.1771252,12.52329134941101,dog_in_grass,nonsocial_movie,non_social,346,1,0.28110026748597855,0.3945670472737478,0.33783365737986315,1,0,0.5246532708406448,0.8676550686359406,-0.06652784840768827,0.44134900883462225,7.305513467337992,0.5279207676649094,0.838636189699173,0.0006527458307689984,0.0022113237911099547,0.005466375192472829,0.11314933567514737
1781868723.20903,12.555196046829224,dog_in_grass,nonsocial_movie,non_social,347,1,0.2750914667344771,0.38842994033922046,0.3317607035368488,1,0,0.5248192369937896,0.8675159394741059,-0.06809886333713104,0.4361490925233583,6.928885239474409,0.5288677215576172,0.8395188450813293,0.001294527789799861,0.0006417819590308627,0.019676527673236365,0.11695381404523458
1781868723.2438662,12.59003233909607,dog_in_grass,nonsocial_movie,non_social,348,1,0.27544755462639303,0.3981279346572478,0.3367877446418204,1,0,0.5241658538579941,0.8677024364471435,-0.066863577225981,0.4420958625101003,3.5363830563055867,0.5279886275529861,0.8399462997913361,0.0009775089759614319,0.00031701881383842923,0.004390872937219382,0.11131108909896455
1781868723.2783098,12.624475955963135,dog_in_grass,nonsocial_movie,non_social,349,1,0.2827486609058788,0.38727323945086184,0.33501095017837035,1,0,0.5245205074548721,0.8674219191074372,-0.07662356621218873,0.43327647737468533,4.348569857634297,0.5289214551448822,0.8403167426586151,0.0010036908060356649,2.6181830074232994e-05,0.0018024201724635024,0.11286201203685756
1781868723.31321,12.65937614440918,dog_in_grass,nonsocial_movie,non_social,350,1,0.2994586608963643,0.40023129236708255,0.3498449766317234,1,0,0.5235007703304291,0.8667830765247345,-0.0759400379729697,0.44486658104958626,3.1036536873085425,0.5289670825004578,0.8391834497451782,0.0011342110399846636,0.0001305202339489987,0.0039037056122308983,0.11150494520042444
1781868723.347359,12.693525075912476,dog_in_grass,nonsocial_movie,non_social,351,1,0.33476022771025754,0.3874238617432757,0.3610920447267666,1,0,0.5245292663574219,0.8679910659790039,-0.07179416646448478,0.44669150812421876,4.212661249932727,0.5290815979242325,0.8381038904190063,0.0010856160099256902,4.859503005897334e-05,0.004817793318534383,0.11353571504393137
1781868723.382085,12.728251218795776,dog_in_grass,nonsocial_movie,non_social,352,1,0.3221078102331857,0.41922565092558584,0.37066673057938576,1,0,0.5242083489894866,0.8675050437450409,-0.0680167646010985,0.44062253742669255,2.718249535801598,0.5283203423023224,0.8385431468486786,0.00087889494986496,0.00020672106006073025,0.004339082004454597,0.10887063525501657
1781868723.417637,12.763803243637085,dog_in_grass,nonsocial_movie,non_social,353,1,0.2865756675650384,0.36420698330221885,0.3253913254336286,1,0,0.5251830637454986,0.8682736098766327,-0.06857078823556821,0.43719894983376045,3.9135769420178197,0.5287392884492874,0.838407039642334,0.0004405009031497831,0.00043839404671517686,0.0030470246971335243,0.11716660886826463
1781868723.450853,12.797019243240356,dog_in_grass,nonsocial_movie,non_social,354,1,0.2849906751590047,0.4017188140481261,0.3433547446035654,1,0,0.5240588068962098,0.8678555727005005,-0.07682338719210943,0.44327876839218877,3.7408788051703112,0.5286391228437424,0.837621808052063,0.0007915944661843733,0.00035109356303459016,0.0031034940826608756,0.1122700587158079
1781868723.4849448,12.831110954284668,dog_in_grass,nonsocial_movie,non_social,355,1,0.28937327753740716,0.361488817387405,0.3254310474624061,1,0,0.5231192767620086,0.8672359943389892,-0.08916683751026258,0.4460666612613396,3.7390474848063033,0.5296580791473389,0.8358511328697205,0.002042929893560419,0.0012513354273760457,0.0034512749219729848,0.11538181979316685
1781868723.519936,12.86610221862793,dog_in_grass,nonsocial_movie,non_social,356,1,0.27072827946852235,0.3584854646746053,0.3146068720715638,1,0,0.5237741708755493,0.8668582558631897,-0.08025911739469478,0.44923893002943743,3.399082641897664,0.5295656025409698,0.8336343765258789,0.002218684432425508,0.00017575453886508902,0.004528757382569256,0.11452020350387782
1781868723.553666,12.899832248687744,dog_in_grass,nonsocial_movie,non_social,357,1,0.25065184850860606,0.34435827337272595,0.297505060940666,1,0,0.52406664788723,0.8683640658855438,-0.07208789499399275,0.4470819545717389,4.157405039552618,0.5290495455265045,0.8353752791881561,0.0018157799761267304,0.00040290445629877756,0.005030647212828941,0.11814294439126757
1781868723.588293,12.934459209442139,dog_in_grass,nonsocial_movie,non_social,358,1,0.2531693881244455,0.3918813909824059,0.3225253895534257,1,0,0.524864885210991,0.8687860667705536,-0.06648547521985837,0.44351998717813185,5.5357475241279674,0.5288150012493134,0.836879700422287,0.0015225945841447562,0.0002931853919819743,0.0055055122437298355,0.11589362009508569
1781868723.6244009,12.970566987991333,dog_in_grass,nonsocial_movie,non_social,359,1,0.260036429615614,0.4012826547410319,0.33065954217832294,1,0,0.5252182334661484,0.8670306384563446,-0.06378572149984786,0.44131993015303855,5.328071131639931,0.5287924706935883,0.8379678428173065,0.0010883756234775397,0.00043421896066721645,0.014520949584212314,0.11304978693080862
1781868723.655797,13.001963138580322,dog_in_grass,nonsocial_movie,non_social,360,1,0.28971574315541104,0.39747133303772963,0.34359353809657034,1,0,0.5255142658948898,0.8677014529705047,-0.07323831376537857,0.44728228621493876,4.738930299933537,0.5296267867088318,0.8381531834602356,0.0008546545309148055,0.00023372109256273416,0.0076448687771047226,0.1119346204386307
1781868723.692085,13.038251161575317,dog_in_grass,nonsocial_movie,non_social,361,1,0.30050032328677984,0.3926696154839747,0.3465849693853773,1,0,0.5245157748460769,0.867568451166153,-0.05994011722518444,0.4378516841335977,3.06118488869958,0.5293665379285812,0.8406419456005096,0.002502332195869157,0.0016476776649543517,0.0028273372799838725,0.11364696204788437
1781868723.725756,13.071922063827515,dog_in_grass,nonsocial_movie,non_social,362,1,0.27868328656625446,0.3692323422825484,0.3239578144244014,1,0,0.5244825392961502,0.8672841429710388,-0.07311245321329148,0.43764938876503534,3.1076922667686486,0.5297305583953857,0.8387677371501923,0.0019092323628866275,0.0005930998329825297,0.0035299401676532924,0.1138171743244288
1781868723.762012,13.10817813873291,dog_in_grass,nonsocial_movie,non_social,363,1,0.27258467443571105,0.3842054066654524,0.3283950405505817,1,0,0.5246886014938354,0.8678596794605256,-0.06826426132414683,0.4390320928737927,4.772600552150734,0.5295069217681885,0.8382366299629211,0.0005762709305484767,0.0013329614323381507,0.0021515897771259285,0.11514515598057264
1781868723.793689,13.139855146408081,dog_in_grass,nonsocial_movie,non_social,364,1,0.271515927687518,0.3964509223627968,0.3339834250251574,1,0,0.524385353922844,0.8673571527004242,-0.07232236331127598,0.4443183183064758,4.640109920946493,0.5295253694057465,0.8382750451564789,4.2615049308305294e-05,0.0005336558812401714,0.0022229557001004923,0.1159332406538826
1781868723.828187,13.174353122711182,dog_in_grass,nonsocial_movie,non_social,365,1,0.2645935770855264,0.38847716539926047,0.3265353712423934,1,0,0.5239969074726105,0.8653696596622467,-0.06930673656113354,0.4474946217755547,3.462164512273073,0.5291766822338104,0.8350698351860046,0.0032241206085846493,0.003181505559276344,0.0034213838906873564,0.11569179166223292
1781868723.86477,13.210936069488525,dog_in_grass,nonsocial_movie,non_social,366,1,0.2768706314523764,0.3661713735281328,0.3215210024902546,1,0,0.5245608001947403,0.8666590511798858,-0.06867875788987375,0.4376664751228693,4.629602297161917,0.5294581204652786,0.8371089994907379,0.002058494240902873,0.0011656263676817764,0.001996075651128313,0.11568694058586011
1781868723.8984902,13.244656324386597,dog_in_grass,nonsocial_movie,non_social,367,1,0.28707841208784646,0.37131517833450145,0.32919679521117395,1,0,0.5254434764385223,0.8672760546207428,-0.06419988882246533,0.43818162475510364,3.5244224485079907,0.529229924082756,0.8372381031513214,0.0002621857055074734,0.0017963085353953994,0.0026010839269911884,0.11260589422020824
1781868723.932797,13.278963088989258,dog_in_grass,nonsocial_movie,non_social,368,1,0.28735752825582056,0.39678737904079114,0.34207245364830585,1,0,0.5254745364189148,0.867369258403778,-0.06994433044515294,0.4329241371336935,2.40215048251388,0.5293321162462234,0.8402871191501617,0.003050728076944659,0.0027885423714371855,0.004413024017653244,0.11098811114085316
1781868723.968964,13.315130233764648,dog_in_grass,nonsocial_movie,non_social,369,1,0.2555371160494959,0.38765730472943777,0.32159721038946687,1,0,0.5253031462430955,0.8679406702518463,-0.059993860707957126,0.42619320444213976,3.510121531858476,0.5293609797954559,0.8401308953762054,0.00015886778157777844,0.0028918602953668807,0.003315985285447189,0.11623450047388796
1781868724.001527,13.34769320487976,dog_in_grass,nonsocial_movie,non_social,370,1,0.27314491237551797,0.36351891472499126,0.3183319135502546,1,0,0.5246688038110733,0.867326807975769,-0.0763531293102776,0.4396752477803869,2.8929801399231954,0.5297008752822876,0.8381804525852203,0.0019798373728350293,0.0018209695912572508,0.004018050641392061,0.11519161631282725
1781868724.0350752,13.38124132156372,dog_in_grass,nonsocial_movie,non_social,371,1,0.27884608510275216,0.3870252597394372,0.3329356724210947,1,0,0.5230387181043625,0.8662841558456421,-0.07351586718751654,0.4377433784531484,1.93230941514392,0.5294256806373596,0.8374633193016052,0.0007681225416986728,0.0012117148311363564,0.002439791974342126,0.11385487091118573
1781868724.071795,13.417961120605469,dog_in_grass,nonsocial_movie,non_social,372,1,0.3062202716169098,0.3862010843363294,0.3462106779766196,1,0,0.5236516296863556,0.8668669044971467,-0.07096264027953945,0.4357651986526688,4.059848606383909,0.5291559994220734,0.8409011363983154,0.0034483785100118077,0.002680255968313135,0.00710236389589374,0.11355663951255518
1781868724.1038249,13.44999098777771,dog_in_grass,nonsocial_movie,non_social,373,1,0.2816247006600572,0.37760633033548496,0.32961551549777107,1,0,0.5233003705739975,0.8656177282333375,-0.0715208058908814,0.43347428640591884,2.4551900071598842,0.5286597907543182,0.8400905132293701,0.0009504383009886852,0.0024979402090231223,0.0067927757565840975,0.11359669534727723
1781868724.139688,13.485854148864746,dog_in_grass,nonsocial_movie,non_social,374,1,0.2766671783583042,0.3957574819850142,0.3362123301716592,1,0,0.5230480670928954,0.8669697225093842,-0.07696704010479252,0.4360128622672927,4.022575219972506,0.5291677266359329,0.839015930891037,0.0011885815334629697,0.00023814323247428452,0.00229176582580988,0.11318422093639144
1781868724.175839,13.522005081176758,dog_in_grass,nonsocial_movie,non_social,375,1,0.2856107713987474,0.382246033049645,0.3339284022241962,1,0,0.5227156072854995,0.8678234159946441,-0.07430332112090707,0.4382619113564381,4.726774801022279,0.5277200937271118,0.839377224445343,0.0014920368866368355,0.0003034553531738658,0.001325312945162734,0.11041475430233531
1781868724.20863,13.55479621887207,dog_in_grass,nonsocial_movie,non_social,376,1,0.28654719047749716,0.38075391295189814,0.33365055171469765,1,0,0.5233533024787903,0.8678681671619415,-0.0666681467245052,0.4351820608533264,4.178869599034432,0.5274752229452133,0.8386674225330353,0.0007508531511176507,0.0007411837355191848,0.0020866083365555736,0.11340644608251363
1781868724.242529,13.588695049285889,dog_in_grass,nonsocial_movie,non_social,377,1,0.28573879076358033,0.40010792308743715,0.34292335692550874,1,0,0.5223318725824356,0.8672633171081543,-0.07180625265947796,0.42639646979884793,3.686341163384972,0.527024507522583,0.8374519348144531,0.001296362135447062,0.0005455089843294114,0.0017783543718375699,0.11192466604634264
1781868724.277387,13.623553037643433,dog_in_grass,nonsocial_movie,non_social,378,1,0.27143789973294724,0.40759305544561625,0.33951547758928174,1,0,0.5227822601795197,0.8666938722133637,-0.07408389217739815,0.4294974600646485,4.7374491915210655,0.527057096362114,0.8384761810302734,0.00102476453055529,0.00027159760489177203,0.0012877582900753077,0.11496756244717932
1781868724.310827,13.65699315071106,dog_in_grass,nonsocial_movie,non_social,379,1,0.276152252156516,0.3975497640901815,0.3368510081233488,1,0,0.5224713802337646,0.867003321647644,-0.07017760706451918,0.4335911327920005,4.351145647229418,0.5267060548067093,0.8393181562423706,0.0009122238932449621,0.00011254063731032794,0.008296942204337668,0.11597298007173913
1781868724.3463008,13.692466974258423,dog_in_grass,nonsocial_movie,non_social,380,1,0.28744159859484963,0.38528531340545563,0.3363634560001526,1,0,0.5226727902889252,0.8665399968624115,-0.07727432247234386,0.43494000603141414,4.85722486473658,0.5271080881357193,0.8391114473342896,0.0004520612461989334,0.00046016264704602875,0.0023081836958956554,0.11656730682843787
1781868724.38014,13.726306200027466,dog_in_grass,nonsocial_movie,non_social,381,1,0.28539540751590825,0.3912067622815578,0.338301084898733,1,0,0.5215653836727142,0.8653804302215576,-0.0735575935540607,0.4426275339184426,3.979159461500242,0.5269665718078613,0.8367930352687836,0.002322727142075478,0.0018706658958765445,0.0021202025946689923,0.11266024068108138
1781868724.41621,13.762376070022583,dog_in_grass,nonsocial_movie,non_social,382,1,0.29516406415863167,0.3711885013268959,0.3331762827427638,1,0,0.522728630900383,0.864641684293747,-0.07869390069972851,0.4405239604021537,3.6396530853634954,0.5278078764677048,0.8366042077541351,0.0008622350961092921,0.0014604920459661856,0.0022123498307935995,0.11246849123280084
1781868724.448999,13.795165061950684,dog_in_grass,nonsocial_movie,non_social,383,1,0.3184885996489615,0.3944261329002137,0.3564573662745876,1,0,0.5222665756940842,0.8659116744995117,-0.06725753467373372,0.432725400019703,3.4485000628548876,0.5274352729320526,0.8379911184310913,0.0014360900461445763,0.0005738549500352842,0.00242426145320946,0.11305286267358494
1781868724.483043,13.829209089279175,dog_in_grass,nonsocial_movie,non_social,384,1,0.28784051206498046,0.4038275360283996,0.34583402404669006,1,0,0.5224517822265625,0.8657938957214355,-0.08352067452479515,0.4370527796782097,4.927307667884385,0.5278511345386505,0.8359338343143463,0.0020988946645445123,0.000662804618399936,0.009556596432272137,0.11254871635792116
1781868724.518133,13.864299058914185,dog_in_grass,nonsocial_movie,non_social,385,1,0.30442730066220985,0.4004093804632308,0.35241834056272037,1,0,0.5235827505588532,0.8661675989627837,-0.06762914174074217,0.43458404734636485,5.138782091860505,0.5276497155427933,0.8371471762657166,0.0012299464634068747,0.0008689482011376376,0.0019308605106660762,0.10995189171610124
1781868724.5533388,13.899504899978638,dog_in_grass,nonsocial_movie,non_social,386,1,0.2927902333978557,0.39169695132832344,0.34224359236308954,1,0,0.5240486472845077,0.8662305653095246,-0.07252933425322483,0.44427487957896916,3.7190987142667433,0.5278493762016296,0.8364807367324829,0.0006957054190845767,0.000534241044322298,0.002741125444061505,0.11183708267613084
1781868724.586879,13.933045148849487,dog_in_grass,nonsocial_movie,non_social,387,1,0.28561954850333354,0.3828906377425721,0.3342550931229528,1,0,0.5230837285518646,0.8661338150501251,-0.08343638765912495,0.4396399823840104,4.326857963421834,0.5281932950019836,0.8382012844085693,0.0017545838386703947,0.001058878419585818,0.001444254813706203,0.11433010181923549
1781868724.622507,13.96867322921753,dog_in_grass,nonsocial_movie,non_social,388,1,0.28380988010649033,0.3866118845196115,0.3352108823130509,1,0,0.523766040802002,0.8666387081146241,-0.08795206433382896,0.43985711961711504,4.766435498337715,0.5280991792678833,0.8365945518016815,0.0016094867012317212,0.00014509713743867357,0.0017107406893624576,0.11152171226578207
1781868724.655294,14.001460075378418,dog_in_grass,nonsocial_movie,non_social,389,1,0.2951865454415618,0.39863656314680984,0.34691155429418585,1,0,0.5230931252241134,0.8658450067043304,-0.0871443128379231,0.43621475055255793,3.8847293800227742,0.5284837782382965,0.8354631960391998,0.0011949402618304501,0.000414546439401271,0.007591636734875224,0.10701256752889214
1781868724.690378,14.03654408454895,dog_in_grass,nonsocial_movie,non_social,390,1,0.28905427648229753,0.3884707268526697,0.3387625016674836,1,0,0.5233571797609329,0.8662632703781128,-0.08520073219780337,0.44380188522416253,4.781324354498932,0.528706818819046,0.8370977640151978,0.0016497149962399662,0.0004547747344095161,0.009446109155245772,0.11076855689199665
1781868724.724776,14.070942163467407,dog_in_grass,nonsocial_movie,non_social,391,1,0.260520124860041,0.3951858792541452,0.3278530020570931,1,0,0.5240375876426697,0.8672635436058045,-0.07788875696305456,0.43686415243569776,4.125680057869339,0.5291547179222107,0.8391115367412567,0.0020629818706994624,0.00041326687445949616,0.013676791369209011,0.11540677411265853
1781868724.760416,14.106582164764404,dog_in_grass,nonsocial_movie,non_social,392,1,0.2716672288639569,0.39652963077214465,0.33409842981805077,1,0,0.5241384387016297,0.8673277199268341,-0.08310967793676809,0.4378634931566929,5.061267434849171,0.52876877784729,0.8395544588565826,0.000587477439289846,0.0014755044314096162,0.0017154395715119144,0.11125191406334262
1781868724.793097,14.139263153076172,dog_in_grass,nonsocial_movie,non_social,393,1,0.2645196088278992,0.4236501238163475,0.3440848663221233,1,0,0.5242352724075318,0.8672984659671783,-0.0725994564970745,0.4377978504456292,4.938572811978881,0.528655469417572,0.8389474153518677,0.0006175278267914667,3.0050387501620634e-05,0.002222555359850895,0.10895805296623981
1781868724.828804,14.174970149993896,dog_in_grass,nonsocial_movie,non_social,394,1,0.265613364309003,0.4001323126149352,0.33287283846196913,1,0,0.5240260809659958,0.866997742652893,-0.072486537802373,0.43629521257036535,4.375074513317481,0.5290171951055527,0.839468389749527,0.0006342395417833456,1.6711714991878945e-05,0.0026895357602721415,0.11347767690080594
1781868724.863677,14.209843158721924,dog_in_grass,nonsocial_movie,non_social,395,1,0.27054997802470926,0.39879691911046644,0.33467344856758785,1,0,0.5237567722797394,0.8661865293979645,-0.07892230058445837,0.4380848638680569,3.260103949630718,0.5291931927204132,0.8404547274112701,0.001001916734768698,0.00036767719298535237,0.003311730306078833,0.11146560958355795
1781868724.897671,14.243837118148804,dog_in_grass,nonsocial_movie,non_social,396,1,0.26433489436395213,0.39750877115384914,0.33092183275890064,1,0,0.5235663980245591,0.8661326169967651,-0.07985022356593421,0.43506939048540044,4.496820150260384,0.5291512310504913,0.8402435183525085,0.00021533705729760494,0.000786579677471093,0.002529047594120988,0.11131437927270425
1781868724.930918,14.277084112167358,dog_in_grass,nonsocial_movie,non_social,397,1,0.2737479421892765,0.39954572465458316,0.3366468334219298,1,0,0.5236829400062561,0.8670643627643585,-0.07977889175250284,0.432477811825701,4.192425114065003,0.5285264551639557,0.8405574560165405,0.0006992151065975752,0.0004838780492999702,0.0014300509396384803,0.11107890417922539
1781868724.968645,14.31481122970581,dog_in_grass,nonsocial_movie,non_social,398,1,0.27550730267760226,0.3999550277529176,0.3377311652152599,1,0,0.5230450689792633,0.8675325036048889,-0.0775455010541588,0.4270597370539498,5.743820996312206,0.5284804403781891,0.8427095413208008,0.0021525771803403695,0.0014533620737427943,0.002412663284679548,0.1145954636706622
1781868724.999826,14.345992088317871,dog_in_grass,nonsocial_movie,non_social,399,1,0.2768916880465086,0.3797318569896843,0.32831177251809646,1,0,0.5244586378335953,0.8670351386070252,-0.0618112598032338,0.4245967363856919,4.737775780637332,0.5283840596675873,0.8426203727722168,0.00013130221411950213,0.002021274966220867,0.0026674817722800322,0.11129010467616822
1781868725.034781,14.38094711303711,dog_in_grass,nonsocial_movie,non_social,400,1,0.2553967996240009,0.3779750770664971,0.316685938345249,1,0,0.524277126789093,0.8673452079296112,-0.051771191219121215,0.4264194565204265,5.291256778726623,0.5275502502918243,0.8404155075550079,0.002357258725971264,0.002225956511851762,0.0021811936828703147,0.11593007924160065
1781868725.06877,14.414936065673828,dog_in_grass,nonsocial_movie,non_social,401,1,0.25899393820830957,0.3805794717452453,0.3197867049767774,1,0,0.5241276502609253,0.8665304243564605,-0.06027383688806644,0.4331877262566538,5.083796697303212,0.5277743339538574,0.8381334841251373,0.002292999001759172,6.425972421209231e-05,0.0019948262159747644,0.11645825442884586
1781868725.103306,14.449472188949585,dog_in_grass,nonsocial_movie,non_social,402,1,0.3007151492804013,0.3929484745726642,0.34683181192653273,1,0,0.5244058609008789,0.8661807239055633,-0.051832015878928585,0.43166699312869644,4.486668332865815,0.5280288308858871,0.8395721018314362,0.0014609550278119594,0.0008320439739472124,0.004429076260746342,0.11259668976914952
1781868725.136687,14.482853174209595,dog_in_grass,nonsocial_movie,non_social,403,1,0.28973102348626434,0.39564124533682876,0.34268613441154655,1,0,0.5232838898897171,0.8663085281848908,-0.07863840568872996,0.4311136154971244,4.53803778340788,0.5282628089189529,0.8387762904167175,0.000829494742450971,0.0006314602853609884,0.008122658234950715,0.11204649310175688
1781868725.176567,14.522733211517334,dog_in_grass,nonsocial_movie,non_social,404,1,0.2724408931901711,0.39932084213310026,0.3358808676616357,1,0,0.524509710073471,0.867403930425644,-0.06389815570846114,0.43880507413773295,6.105192922122317,0.5284434407949448,0.8381680250167847,0.0006345192442942991,0.00019497549815667185,0.003997459166061192,0.11378589548570714
1781868725.205577,14.551743030548096,dog_in_grass,nonsocial_movie,non_social,405,1,0.28751657657643775,0.3803388595248919,0.3339277180506648,1,0,0.5244190275669098,0.8671817421913147,-0.07107064534789516,0.43543078293445103,7.145837966689132,0.5279870629310608,0.8389555215835571,0.0009101821780949737,0.00027566293380067457,0.013677514594655223,0.11434681318521747
1781868725.241111,14.587277173995972,dog_in_grass,nonsocial_movie,non_social,406,1,0.264676050647262,0.3872647373936332,0.3259703940204476,1,0,0.5238407254219055,0.8664071023464203,-0.09041581701165279,0.4397366736998742,7.194907404017557,0.5291524231433868,0.8371779024600983,0.0021255573792676756,0.0012153752011727019,0.006741988084663215,0.11236403025044449
1781868725.276723,14.622889041900635,dog_in_grass,nonsocial_movie,non_social,407,1,0.28506258503793513,0.38207403957029307,0.3335683123041141,1,0,0.5247250705957412,0.8659930765628815,-0.07081345021339046,0.4467772272224949,6.275837699702736,0.5286063104867935,0.8384946286678314,0.0014254848086958872,0.0007000725705717883,0.014044155187696849,0.11400724968482238
1781868725.310056,14.656222105026245,dog_in_grass,nonsocial_movie,non_social,408,1,0.2444847013276302,0.3828955325302898,0.31369011692896,1,0,0.5245166122913361,0.867622023820877,-0.08223343062676126,0.4340639970650108,7.608097201234076,0.5292742252349854,0.8407045304775238,0.002308630788873316,0.0008831459801774287,0.004477715520578876,0.11825730773294525
1781868725.3442051,14.69037127494812,dog_in_grass,nonsocial_movie,non_social,409,1,0.2627191680414584,0.39619086125139685,0.3294550146464276,1,0,0.5239232778549194,0.8678793013095856,-0.08171981447968316,0.44158310293599345,6.326487112107263,0.5297972112894058,0.8406868278980255,0.0005232855763721998,0.0017853452125011161,0.0021771194983270046,0.11714537412490827
1781868725.379701,14.72586703300476,dog_in_grass,nonsocial_movie,non_social,410,1,0.25139974081690425,0.3945643233852109,0.3229820321010576,1,0,0.5250725001096725,0.8672466516494751,-0.06982403878966208,0.438815065997447,5.451003034134676,0.5287011861801147,0.8396349549293518,0.0015191141439743598,0.00099582856760216,0.0031811520903679362,0.11564716664537372
1781868725.413238,14.759404182434082,dog_in_grass,nonsocial_movie,non_social,411,1,0.257369681529038,0.40387933115262536,0.3306245063408317,1,0,0.5253606528043747,0.8662445724010468,-0.08182597917996849,0.44319966382974046,5.361874505627927,0.529620960354805,0.8390063941478729,0.001114034644183235,0.00040507949979112475,0.004279683263382015,0.11328566772271241
1781868725.447545,14.793711185455322,dog_in_grass,nonsocial_movie,non_social,412,1,0.24762254419424148,0.3978851260764165,0.322753835135329,1,0,0.527109581232071,0.8652308523654938,-0.07006045570989787,0.4449519816540734,5.700907733283192,0.5300624966621399,0.8382153511047363,0.0009059268219838437,0.00020810782219939138,0.005079308793919673,0.11400713022872262
1781868725.481861,14.828027248382568,dog_in_grass,nonsocial_movie,non_social,413,1,0.2667904077455791,0.39840767119609005,0.3325990394708346,1,0,0.5260259002447129,0.8669264495372773,-0.07365186531307236,0.4382383637402954,5.147478081335677,0.5298630744218826,0.8402987420558929,0.002092913539845948,0.0011869867178621043,0.0031707789980399245,0.11171032487349936
1781868725.516593,14.862759113311768,dog_in_grass,nonsocial_movie,non_social,414,1,0.27845555998131005,0.38765677256787934,0.33305616627459467,1,0,0.526396644115448,0.867428332567215,-0.051071018790414445,0.434305381511016,5.835178022453898,0.5288170874118805,0.8416514992713928,0.001709982721895222,0.0003829308179507259,0.0027068280673221293,0.11628078827402945
1781868725.551031,14.897197246551514,dog_in_grass,nonsocial_movie,non_social,415,1,0.26564884467905153,0.39863808307704823,0.3321434638780499,1,0,0.5255088537931443,0.8677521109580995,-0.07594254922351354,0.4330538320308354,7.481464491608997,0.5295597910881042,0.8405922651290894,0.0012936714107135712,0.0004163113111816509,0.004925814655366556,0.11597966271823679
1781868725.585345,14.931511163711548,dog_in_grass,nonsocial_movie,non_social,416,1,0.2992449580744679,0.393926707938862,0.3465858330066649,1,0,0.5245084315538406,0.8669818222522736,-0.07141400391713036,0.4265257912069607,6.733649150934634,0.5287198424339294,0.8412871360778809,0.0010901189738393101,0.00020355243687426102,0.0019875409520122124,0.11132508251588993
1781868725.6210592,14.967225313186646,dog_in_grass,nonsocial_movie,non_social,417,1,0.2581709938293311,0.3808602519553904,0.3195156228923608,1,0,0.5252422273159028,0.8670359015464782,-0.07655861490000743,0.4291388618586228,7.129760710163978,0.5298259407281876,0.8413905799388885,0.0011109248709705332,2.0805897131223085e-05,0.002071561566810089,0.11305959295458341
1781868725.6542149,15.000380992889404,dog_in_grass,nonsocial_movie,non_social,418,1,0.2949775492733324,0.37047867585862776,0.3327281125659801,1,0,0.5243374288082123,0.8669955849647522,-0.07430994735531758,0.4251358114734751,5.977931586425558,0.5294785052537918,0.8419795632362366,0.0006838221504335395,0.00042710272053699374,0.0022309321115648673,0.11143881182301704
1781868725.6885629,15.03472900390625,dog_in_grass,nonsocial_movie,non_social,419,1,0.2858191253496738,0.38888976307597906,0.33735444421282645,1,0,0.5255698084831237,0.8671251535415649,-0.0799741758993344,0.4307632731080469,6.78675360188081,0.5298494398593903,0.8391522169113159,0.0028515749547702246,0.002167752804336685,0.0010233004259766366,0.10943942997225975
1781868725.7238028,15.069968938827515,dog_in_grass,nonsocial_movie,non_social,420,1,0.28974781963043555,0.38728223595759104,0.3385150277940133,1,0,0.525295028090477,0.8669113755226135,-0.06402973624343339,0.43385970671511376,5.211245885080346,0.5303893685340881,0.8398847281932831,0.0009099976659146888,0.0019415772888555357,0.0025890432927103283,0.11283044233009988
1781868725.759182,15.105348110198975,dog_in_grass,nonsocial_movie,non_social,421,1,0.2825369312775944,0.3883095380599572,0.33542323466877577,1,0,0.5250068992376328,0.8672736763954163,-0.0734895169372179,0.43588084370311125,4.755055126265677,0.530312180519104,0.83905890583992,0.0008294218160690345,8.057584984565429e-05,0.00227552796449615,0.11242125120481085
1781868725.7924428,15.138608932495117,dog_in_grass,nonsocial_movie,non_social,422,1,0.2719477250397136,0.38900165298794126,0.3304746890138274,1,0,0.5255039781332016,0.8663419127464295,-0.07198702920969337,0.4373784866438584,5.363861723261098,0.5297659933567047,0.8410660326480865,0.0020801150065394096,0.0012506931904703751,0.003886438766607671,0.11365833795337667
1781868725.826874,15.17304015159607,dog_in_grass,nonsocial_movie,non_social,423,1,0.2877174835164535,0.3922884293168827,0.3400029564166681,1,0,0.524775767326355,0.8671317994594574,-0.07710648641462796,0.4375419244392524,6.300387748084643,0.529526486992836,0.8417564034461975,0.0007307360243056168,0.0013493789822337928,0.0055095857594352465,0.11255369716999176
1781868725.861228,15.207394123077393,dog_in_grass,nonsocial_movie,non_social,424,1,0.3041893462522286,0.4047047661135596,0.35444705618289407,1,0,0.5247743338346481,0.8666780948638916,-0.06747008962229564,0.4402493808168983,6.540512646457526,0.5290655791759491,0.8401907682418823,0.001632069118836118,0.0009013330945305011,0.0069303305941129205,0.11012853653432984
1781868725.894541,15.240707159042358,dog_in_grass,nonsocial_movie,non_social,425,1,0.2917518227670896,0.40209182845071656,0.34692182560890306,1,0,0.5243092119693756,0.8665907144546509,-0.06801930492815564,0.4410343737204543,5.555574781257795,0.5294189006090164,0.8409470617771149,0.0008347550218472993,0.0007973140969888186,0.0018941124450834374,0.10973693346613854
1781868725.929794,15.275960206985474,dog_in_grass,nonsocial_movie,non_social,426,1,0.2998125552143871,0.3875478924022653,0.3436802238083262,1,0,0.5254408597946167,0.8673459529876708,-0.07726880253177647,0.4390686353564633,5.144496089795101,0.530865490436554,0.8408370614051819,0.0014507660772710652,0.0006160110554237659,0.002508217254950799,0.11155888831495427
1781868725.968268,15.314434051513672,dog_in_grass,nonsocial_movie,non_social,427,1,0.2907142270946958,0.39608226698383286,0.34339824703926436,1,0,0.5249659031629562,0.8678380429744721,-0.07596819919000918,0.44114935175140013,5.13420104332133,0.5298661887645721,0.8420121073722839,0.0015425099210145904,9.174384374352517e-05,0.0026099109647076324,0.11130439189261254
1781868725.999016,15.345182180404663,dog_in_grass,nonsocial_movie,non_social,428,1,0.28398890176136327,0.39703477180959357,0.3405118367854784,1,0,0.5248258590698243,0.868928724527359,-0.07686669521719942,0.43527389307569847,6.436945160466319,0.5293513685464859,0.8428188562393188,0.0009570180726676382,0.0005854918483469522,0.0024760994463380306,0.11285510527588559
1781868726.032567,15.378733158111572,dog_in_grass,nonsocial_movie,non_social,429,1,0.2893323231534564,0.39451224050893635,0.3419222818311964,1,0,0.5249899297952652,0.8691322684288025,-0.06623906457389359,0.43312690430506084,7.057802692616592,0.5290136933326721,0.8455957472324371,0.002797346624515032,0.001840328551847394,0.0018046614712221958,0.11267128000582738
1781868726.0679538,15.414119958877563,dog_in_grass,nonsocial_movie,non_social,430,1,0.28231107049857646,0.3838225765984979,0.33306682354853717,1,0,0.5254242122173309,0.8678308963775635,-0.07348629177785145,0.43512424060447896,8.170200772099829,0.5293348431587219,0.842151939868927,0.003458749249040529,0.000661402624525497,0.0034964418351057696,0.11349176280347474
1781868726.102051,15.448217153549194,dog_in_grass,nonsocial_movie,non_social,431,1,0.2639331902606296,0.35260594626448044,0.308269568262555,1,0,0.5261768251657486,0.867011433839798,-0.0677853250723042,0.43518737793782103,6.731589713343532,0.5297928750514984,0.8421595990657806,0.00045809592674117517,0.003000653322299354,0.0018244163325107827,0.11436538340798803
1781868726.136128,15.482294082641602,dog_in_grass,nonsocial_movie,non_social,432,1,0.2851928042454854,0.3675486216378363,0.32637071294166087,1,0,0.525809183716774,0.8677843391895295,-0.05807114821814756,0.43698688340175473,6.796569880972301,0.5287925899028778,0.8396129608154297,0.0027360439975814546,0.0022779480708402795,0.0026450667674490823,0.11264632469330683
1781868726.172808,15.51897406578064,dog_in_grass,nonsocial_movie,non_social,433,1,0.26928124840343065,0.3728970861097953,0.32108916725661296,1,0,0.525956654548645,0.8670477569103241,-0.07581378416599904,0.44997223327338587,6.296741406824142,0.5299473851919174,0.8371403217315674,0.0027290101133252507,7.033884256203889e-06,0.0023156353978422773,0.11156677475941976
1781868726.205018,15.551184177398682,dog_in_grass,nonsocial_movie,non_social,434,1,0.26808010472584776,0.3870067779559222,0.327543441340885,1,0,0.5252421081066132,0.8666956543922424,-0.07291989973010685,0.4448569096653082,5.186819528761509,0.5293486565351486,0.8381865918636322,0.0012054696983695213,0.0015235404149557294,0.002559899940672469,0.11208219971424724
1781868726.240694,15.586860179901123,dog_in_grass,nonsocial_movie,non_social,435,1,0.27620454304964476,0.3924155390312341,0.33431004104043943,1,0,0.5253345936536788,0.8666143596172333,-0.07189124824322103,0.4392566275653229,5.687718764967261,0.5292419344186783,0.8391385078430176,0.0009578797638290141,0.00024758993454050725,0.008614169029858225,0.11146599499090808
1781868726.2749078,15.621073961257935,dog_in_grass,nonsocial_movie,non_social,436,1,0.29229827070039593,0.3908863297289848,0.34159230021469034,1,0,0.5246593683958054,0.8672389507293701,-0.06886927777760415,0.4401162707231294,4.646792976900791,0.5292755216360092,0.8401015996932983,0.0009636773387629577,5.797574933943646e-06,0.007307392357001974,0.11154930204515374
1781868726.309401,15.655567169189453,dog_in_grass,nonsocial_movie,non_social,437,1,0.27165339068034955,0.39610366752214154,0.33387852910124555,1,0,0.524935033917427,0.8681622564792633,-0.07763272120433284,0.4418601430811086,4.999243776535954,0.5297133773565292,0.8389692902565002,0.0012140190660175508,0.0002503417272545931,0.023162201494177616,0.1153943979232155
1781868726.343356,15.68952202796936,dog_in_grass,nonsocial_movie,non_social,438,1,0.27619005661724755,0.3894050518272789,0.3327975542222632,1,0,0.5244778662919998,0.8666322112083436,-0.07681106921680121,0.4466186923216845,4.682659841236109,0.5302096456289291,0.8373102843761444,0.0017316416226361684,0.0005176225566186177,0.003971158299626767,0.11309430990540068
1781868726.37825,15.724416017532349,dog_in_grass,nonsocial_movie,non_social,439,1,0.27425762746700644,0.38690869851883103,0.33058316299291873,1,0,0.5241610199213028,0.8672308385372162,-0.0689028388472067,0.4356337194134181,4.169671069551895,0.5294122397899628,0.839863121509552,0.002674478173723307,0.0009428365510871387,0.004741099650300251,0.11268171201295413
1781868726.411326,15.757492065429688,dog_in_grass,nonsocial_movie,non_social,440,1,0.27768882788920163,0.3914506292376074,0.3345697285634045,1,0,0.5239498287439346,0.8676199257373809,-0.07014517049592091,0.437843051683327,4.4662079037086855,0.529528334736824,0.8397341668605804,0.00017351466271787544,0.0025009635110054317,0.0029470218463408153,0.11092640630395906
1781868726.446327,15.792493104934692,dog_in_grass,nonsocial_movie,non_social,441,1,0.29679081548824615,0.3867413132294999,0.341766064358873,1,0,0.5239007592201232,0.8673449873924255,-0.07270402830285741,0.43882934543265684,3.222224427833617,0.5297830551862717,0.838959276676178,0.000815682110414401,0.0006421674476965256,0.00776742077718669,0.11325657542547596
1781868726.480347,15.826513051986694,dog_in_grass,nonsocial_movie,non_social,442,1,0.27740394442326793,0.3924505322363115,0.3349272383297897,1,0,0.5236886650323868,0.8675377786159515,-0.08635500840462232,0.43696036524017307,5.227146396213391,0.5300865173339844,0.8394778072834015,0.0006008021851841019,0.00021487992523029913,0.002935595904899309,0.11102773401487415
1781868726.5154712,15.861637353897095,dog_in_grass,nonsocial_movie,non_social,443,1,0.29340872798451956,0.403768647542118,0.34858868776331875,1,0,0.5239717304706574,0.8666509330272675,-0.07808592011917666,0.4418085231249798,3.957571301986821,0.529862567782402,0.8406215906143188,0.0011655014842282857,0.0005646992990441838,0.0036238420075350814,0.10983168616911532
1781868726.551829,15.897995233535767,dog_in_grass,nonsocial_movie,non_social,444,1,0.31081640901026053,0.394808876027071,0.35281264251866573,1,0,0.5250855922698975,0.8674525618553162,-0.06606613978601436,0.4331437387342385,5.140379951132155,0.5297573357820511,0.8412910103797913,0.0006776404624157283,0.0004878610218125574,0.002029297690542224,0.11136271834067563
1781868726.58402,15.930186033248901,dog_in_grass,nonsocial_movie,non_social,445,1,0.30867174947700926,0.39175458246690387,0.35021316597195656,1,0,0.5249218136072159,0.8682487547397614,-0.06867061098960676,0.4347868252042615,3.8908794144656023,0.5297616422176361,0.8410347402095795,0.00025630635093151473,0.00042133411148421356,0.009259846898327744,0.11270341481430741
1781868726.620617,15.966783046722412,dog_in_grass,nonsocial_movie,non_social,446,1,0.2762538128479173,0.38466407644582923,0.33045894464687325,1,0,0.525590842962265,0.8681844532489776,-0.06879637553927317,0.43753757085827344,5.04943637615632,0.5302076041698456,0.8400277495384216,0.001101322965626975,0.0008450166146954602,0.0020708579927047996,0.11587893301317952
1781868726.653451,15.999617099761963,dog_in_grass,nonsocial_movie,non_social,447,1,0.27352168523280057,0.39842395888524856,0.33597282205902457,1,0,0.5254193693399429,0.867361581325531,-0.06296708150128479,0.4350203482255606,3.467687261132399,0.5295705795288086,0.8403862118721008,0.0007309552913516941,0.0003703676742752808,0.002112782227077799,0.11670665324660869
1781868726.687594,16.03376007080078,dog_in_grass,nonsocial_movie,non_social,448,1,0.28265278208783834,0.3752443121212166,0.3289485471045275,1,0,0.5255866944789886,0.8693280577659608,-0.06845805326603817,0.4409850411506129,5.449836070435222,0.5297161787748337,0.8400140106678009,0.0003996659566755582,0.0003312893346761359,0.0016230583353565129,0.11601562680836222
1781868726.722476,16.068642139434814,dog_in_grass,nonsocial_movie,non_social,449,1,0.26345254908437266,0.38589294484788944,0.324672746966131,1,0,0.5246572583913803,0.8688715040683745,-0.07340181479808335,0.4319228908025297,4.136345051065402,0.52925044298172,0.8423346877098083,0.0023669498858842966,0.0019672839292087384,0.0022401359095358298,0.11605837545718649
1781868726.7562082,16.10237431526184,dog_in_grass,nonsocial_movie,non_social,450,1,0.2929948228443006,0.39002338748100546,0.34150910516265304,1,0,0.5258086144924163,0.8694309651851654,-0.0671964658203612,0.4322510306190987,3.994644942620568,0.5303818583488464,0.8427632451057434,0.0012098603946656622,0.0011570894912186344,0.002635905347908459,0.11272246338183765
1781868726.7912478,16.13741397857666,dog_in_grass,nonsocial_movie,non_social,451,1,0.2728599266921524,0.3937330510571336,0.333296488874643,1,0,0.5270743489265441,0.8699377179145813,-0.06185180425107251,0.43353178094567807,5.8062157280430835,0.5308613181114197,0.8410841822624207,0.0017461768798589336,0.0005363164851932714,0.0030989494987556827,0.11229436460976612
1781868726.826189,16.17235517501831,dog_in_grass,nonsocial_movie,non_social,452,1,0.29341635933826216,0.3897372177504951,0.3415767885443786,1,0,0.5263371378183366,0.8686393022537231,-0.06027330791299017,0.4291920908363246,4.311599395429196,0.5311070382595062,0.8447731733322144,0.0036971656041071992,0.0019509887242482656,0.0016588964826006918,0.11450507915027275
1781868726.8604422,16.206608295440674,dog_in_grass,nonsocial_movie,non_social,453,1,0.28223576316601323,0.3762508013086469,0.32924328223733007,1,0,0.5261281430721283,0.8690511167049408,-0.07076480399478695,0.4305241875096811,6.9117890837982205,0.530256450176239,0.8424587249755859,0.0024658003331365203,0.001231365270970679,0.0021491988100575837,0.11433240229024814
1781868726.894021,16.240187168121338,dog_in_grass,nonsocial_movie,non_social,454,1,0.28808434328803567,0.4040904791010871,0.3460874111945614,1,0,0.5259540677070618,0.8685019552707672,-0.07372054845667016,0.43755269815506037,7.524363733810005,0.5304299592971802,0.8421407043933868,0.0003622740754622489,0.0021035262576742713,0.0024717510799911824,0.11029741668325194
1781868726.9287648,16.274930953979492,dog_in_grass,nonsocial_movie,non_social,455,1,0.29656908690429745,0.3776025050777171,0.3370857959910073,1,0,0.5266523033380508,0.8687798142433166,-0.07890512013561155,0.4416097368654825,7.272832692747588,0.5301201045513153,0.8396671414375305,0.002492894634780951,0.002130620559318702,0.0012565613826177953,0.11034314125634548
1781868726.96397,16.310136079788208,dog_in_grass,nonsocial_movie,non_social,456,1,0.2843294632508413,0.3987625239199132,0.34154599358537724,1,0,0.52642063498497,0.867874675989151,-0.08242493182203918,0.44864327939606535,7.6262332344325126,0.53095343708992,0.8395496010780334,0.0008415811642427098,0.0016513134705382414,0.0022332000877160934,0.11104305840993849
1781868726.997488,16.3436541557312,dog_in_grass,nonsocial_movie,non_social,457,1,0.27375553457283053,0.39452108247480494,0.33413830852381776,1,0,0.5254659414291383,0.8696735620498657,-0.07682855719963767,0.44733091674995845,6.109647755723247,0.530960887670517,0.8410277962684631,0.0014782139669752452,0.0006366328027325354,0.0024611058315630653,0.11363550709620329
1781868727.031394,16.377560138702393,dog_in_grass,nonsocial_movie,non_social,458,1,0.2823748613070053,0.39329394296145315,0.3378344021342292,1,0,0.526527464389801,0.8700165271759033,-0.0720566598965176,0.43782475821131117,8.267303463118743,0.5302864015102386,0.8421040177345276,0.0012701118944506082,0.00020810207252463706,0.0027048564304641017,0.11283502926885239
1781868727.066941,16.41310715675354,dog_in_grass,nonsocial_movie,non_social,459,1,0.28279217338242557,0.36378619671180895,0.32328918504711723,1,0,0.526362070441246,0.8709584951400757,-0.07433705166045168,0.4357773701808605,8.191406594277401,0.5296285152435303,0.8427085876464844,0.0008934870555116728,0.00037662483893893535,0.0017713667347522134,0.11531983865639137
1781868727.1005282,16.446694374084473,dog_in_grass,nonsocial_movie,non_social,460,1,0.25595528804101353,0.36638826775777755,0.31117177789939554,1,0,0.5256610423326492,0.8687461316585541,-0.0784940347875137,0.43765265897016553,6.304871005199672,0.5296358168125153,0.8405934274196625,0.002115172829354356,0.001221685773842683,0.0018362873241601957,0.1103625230759715
1781868727.135783,16.48194909095764,dog_in_grass,nonsocial_movie,non_social,461,1,0.27467000448930584,0.3750513905038543,0.3248606974965801,1,0,0.5260280787944793,0.869987952709198,-0.07318708821902997,0.43270225932880807,5.953056824296999,0.5298644602298737,0.8411182761192322,0.0005724892747827982,0.0015426835545715575,0.0018025721397018223,0.11238955186312755
1781868727.1702468,16.51641297340393,dog_in_grass,nonsocial_movie,non_social,462,1,0.28687849069438887,0.3844821897713141,0.3356803402328515,1,0,0.5263797312974929,0.8694024622440337,-0.07630100044763935,0.44277062273022405,4.578061664147334,0.5302270352840424,0.8406811058521271,0.0005679599566397118,4.529318143086389e-06,0.002870802570133179,0.11139963314871587
1781868727.2047381,16.550904273986816,dog_in_grass,nonsocial_movie,non_social,463,1,0.3086067822338346,0.3862981520325625,0.34745246713319855,1,0,0.5269395738840104,0.8696132004261017,-0.0681256518796324,0.4377244396218894,5.092716742176297,0.5300838798284531,0.8409112691879272,0.00027105100186429986,0.00029690895477541197,0.002830044166617822,0.11064373640299364
1781868727.237752,16.58391809463501,dog_in_grass,nonsocial_movie,non_social,464,1,0.28068793440097944,0.4033709609180917,0.3420294476595356,1,0,0.5266121536493301,0.8687285244464875,-0.07501615595639097,0.44577922818427296,6.069407199413525,0.5309843122959137,0.839595228433609,0.0015945977221493068,0.001323546720285007,0.0023369525689653265,0.11006072194778857
1781868727.273485,16.619651079177856,dog_in_grass,nonsocial_movie,non_social,465,1,0.274987562584982,0.4094245686775325,0.3422060656312573,1,0,0.525507441163063,0.8685308158397675,-0.07581249286154845,0.44707206415270107,5.120300426739647,0.5308288335800171,0.8400744199752808,0.0005037838472069236,0.0010908138749423832,0.002501343832042762,0.11096133019232308
1781868727.3063948,16.65256094932556,dog_in_grass,nonsocial_movie,non_social,466,1,0.26402321416275953,0.40155778288357324,0.3327904985231664,1,0,0.5259071946144105,0.8687164187431335,-0.05773263942913541,0.4405657908920938,4.448235987621341,0.5299634337425232,0.8416374921798706,0.001786648145409671,0.0012828642982027473,0.0019320100523818236,0.11290610886924789
1781868727.343256,16.689422130584717,dog_in_grass,nonsocial_movie,non_social,467,1,0.25134248600311326,0.4024619132025311,0.3269021996028222,1,0,0.5266966998577118,0.8699442028999329,-0.06852499902574469,0.43919141712482757,5.820977381830865,0.5305505394935608,0.8399086594581604,0.0018258027666090708,3.9154621199399874e-05,0.0024260712524448564,0.11496084234756979
1781868727.376959,16.723125219345093,dog_in_grass,nonsocial_movie,non_social,468,1,0.2548390238274555,0.40783818739246797,0.33133860560996176,1,0,0.5269622534513474,0.8685894906520844,-0.06805594565903067,0.452282507223176,5.6570796005719055,0.5313497632741928,0.8365224301815033,0.003479268222718311,0.0016534654561092402,0.0025620089939870153,0.1114537880422709
1781868727.411788,16.757954120635986,dog_in_grass,nonsocial_movie,non_social,469,1,0.26101864547625925,0.4090685440156185,0.33504359474593887,1,0,0.5270041078329086,0.8683474600315093,-0.06717735990164167,0.4452037533943119,4.22081044544798,0.53164441883564,0.8388857841491699,0.0023816515018737134,0.0010976167208445976,0.0020924258821772164,0.11315502299712116
1781868727.445128,16.79129409790039,dog_in_grass,nonsocial_movie,non_social,470,1,0.27207076802092184,0.4054880687183328,0.3387794183696273,1,0,0.527135106921196,0.8694432139396667,-0.05674506680389193,0.43662774228409523,6.697373722542688,0.53075011074543,0.84112948179245,0.002415360444048744,3.370894217503062e-05,0.0025026223528084846,0.11498481316878238
1781868727.479852,16.82601809501648,dog_in_grass,nonsocial_movie,non_social,471,1,0.27818630533906535,0.41353660984433566,0.3458614575917005,1,0,0.5263848900794983,0.8682958066463471,-0.05256603419359631,0.438327080039034,4.828751517142778,0.5297652184963226,0.8420104682445526,0.0013214196423317576,0.0010939408017169865,0.002390455147565443,0.11337453951079778
1781868727.514427,16.86059308052063,dog_in_grass,nonsocial_movie,non_social,472,1,0.2816195402440844,0.4075658113110212,0.3445926757775528,1,0,0.5265222281217574,0.869509792327881,-0.06627479199423848,0.43078224116444136,5.237123614426976,0.5297933965921402,0.8431801795959473,0.0011700507043138815,0.00015136893801787608,0.0025113799966209787,0.11394471554921498
1781868727.5514638,16.897629976272583,dog_in_grass,nonsocial_movie,non_social,473,1,0.31296388169332107,0.3988739222246629,0.355918901958992,1,0,0.5273689895868301,0.8707642257213593,-0.06708540123661888,0.43120101736777244,6.893616152040217,0.5301921516656876,0.8431679308414459,0.0003989431546807104,0.000771107549633171,0.0023501030036707404,0.11362660339317433
1781868727.583115,16.92928123474121,dog_in_grass,nonsocial_movie,non_social,474,1,0.28972660945592466,0.3883995415428548,0.33906307549938974,1,0,0.5273382097482682,0.8695206582546233,-0.05964522316270566,0.4347527067750098,6.317385665572247,0.5303981304168701,0.8425008058547974,0.0006981998236533479,0.0002992566689726375,0.00195898256300907,0.11462850324971523
1781868727.618346,16.96451210975647,dog_in_grass,nonsocial_movie,non_social,475,1,0.25591097171446436,0.4024411041764179,0.32917603794544115,1,0,0.5270094901323319,0.8713569581508636,-0.07028620457200736,0.43647618489059287,7.341539158684561,0.5302978157997131,0.8412066996097565,0.0012979884421169523,0.0005997886184636044,0.0015119529705550675,0.11703810006902234
1781868727.651716,16.99788212776184,dog_in_grass,nonsocial_movie,non_social,476,1,0.2933988609346407,0.38380054408952435,0.3385997025120825,1,0,0.5272855639457703,0.8696766257286072,-0.07556547531371517,0.42824902024872263,7.069104514960639,0.5306386649608612,0.8407494127750397,0.0005703414765389687,0.0007276469655779837,0.0027279478269336263,0.11437780504027109
1781868727.6855612,17.03172731399536,dog_in_grass,nonsocial_movie,non_social,477,1,0.29705689825366527,0.359979842807724,0.32851837053069466,1,0,0.5262973457574844,0.8698610484600067,-0.0747300907148402,0.43208961206884966,5.911888704357219,0.5299893766641617,0.8405718803405762,0.0006731218741933041,0.00010278039765433537,0.002762718488243746,0.11649684357271757
1781868727.720334,17.066500186920166,dog_in_grass,nonsocial_movie,non_social,478,1,0.28763649604437513,0.37624778145924276,0.33194213875180895,1,0,0.5263857662677764,0.8695052206516266,-0.07869542924072673,0.4347418421895426,6.919856375179014,0.530155673623085,0.8404867649078369,0.000186813584724297,0.00048630828946900705,0.0023897732973430686,0.11289142807736965
1781868727.7553349,17.101500988006592,dog_in_grass,nonsocial_movie,non_social,479,1,0.2649493249916872,0.395789819687038,0.3303695723393626,1,0,0.5262526750564576,0.8694073796272278,-0.07139373043670214,0.4393676700152227,6.333981552134137,0.5299719572067261,0.8413885533809662,0.0009203119970469791,0.000733498412322682,0.004314850915013489,0.11403259707514278
1781868727.789242,17.13540816307068,dog_in_grass,nonsocial_movie,non_social,480,1,0.2638714915100148,0.3914500937295377,0.32766079261977626,1,0,0.5272537380456925,0.8702076554298401,-0.07478479256579657,0.43725953539228235,7.50839539444479,0.5304963141679764,0.8425354659557343,0.0012610942379428945,0.0003407822408959154,0.00138688258587551,0.11712987825199855
1781868727.8245919,17.17075800895691,dog_in_grass,nonsocial_movie,non_social,481,1,0.3003959136121199,0.37907208823195837,0.33973400092203915,1,0,0.5258664637804031,0.869827675819397,-0.06877514209925953,0.4381200395403674,7.24664754030271,0.529363363981247,0.8417382538318634,0.0013853242566478521,0.00012423001870495764,0.002122151299435478,0.11307838232453163
1781868727.8582232,17.204389333724976,dog_in_grass,nonsocial_movie,non_social,482,1,0.3036762953761595,0.39212073379814055,0.34789851458715004,1,0,0.5269617944955826,0.8701197445392608,-0.06314615767957167,0.43941461488264094,5.988349668014957,0.5304578691720963,0.8426184356212616,0.0014045147187496034,1.919046210175127e-05,0.002751306036441848,0.11096400348840794
1781868727.892129,17.238295078277588,dog_in_grass,nonsocial_movie,non_social,483,1,0.2984100353849232,0.380801674804919,0.33960585509492114,1,0,0.5264688104391098,0.8701535701751708,-0.057763426611112924,0.4429288037771093,6.153234666874841,0.5294144600629807,0.8409484922885895,0.0019691148527502087,0.0005646001340006053,0.0023122618288913175,0.11148632724369019
1781868727.92731,17.273476123809814,dog_in_grass,nonsocial_movie,non_social,484,1,0.2951159510978822,0.4006933351749136,0.3479046431363979,1,0,0.5268301099538804,0.8702059149742127,-0.05161402801560739,0.43378106221627505,6.664542312758265,0.5291930884122849,0.841732382774353,0.0008145487716536056,0.001154566081096603,0.002665666921967602,0.11176916198250518
1781868727.9636679,17.309834003448486,dog_in_grass,nonsocial_movie,non_social,485,1,0.31485650022834355,0.36618295379285415,0.34051972701059885,1,0,0.527025219798088,0.8707273304462433,-0.05635831781679707,0.43264764971420344,6.339284173757478,0.5302008390426636,0.8436979055404663,0.0022088098779972708,0.0013942611063436651,0.0031209842179465903,0.11043666980768131
1781868727.995292,17.341458082199097,dog_in_grass,nonsocial_movie,non_social,486,1,0.32012443342510855,0.3733962354992657,0.3467603344621871,1,0,0.5267119199037551,0.869582611322403,-0.06416599636668333,0.42312723328382795,4.491731848493981,0.5306509733200073,0.8455752730369568,0.001930577526161202,0.00027823235183606874,0.005177834108446383,0.11133332994751524
1781868728.030428,17.376594066619873,dog_in_grass,nonsocial_movie,non_social,487,1,0.2990479280380544,0.373721116537385,0.3363845222877197,1,0,0.5260991454124451,0.8712700963020326,-0.06782486101979351,0.4215704232601511,6.0581101194157325,0.530848503112793,0.8464251756668091,0.0008725551554301807,0.0010580223707310214,0.003343555262357234,0.11592530425494738
1781868728.066367,17.412533044815063,dog_in_grass,nonsocial_movie,non_social,488,1,0.3041821829019678,0.39601511793340727,0.3500986504176875,1,0,0.5265518397092819,0.8690907061100006,-0.0578346289533518,0.43131784745862156,4.584379109350542,0.5308019071817398,0.8432700335979462,0.003155486120314787,0.0022829309648846065,0.0034155567718540236,0.11149992325971998
1781868728.098869,17.445035219192505,dog_in_grass,nonsocial_movie,non_social,489,1,0.27710971290757735,0.37080519622201935,0.32395745456479835,1,0,0.5269373118877411,0.8689666748046875,-0.058236239664967326,0.4330137050993073,3.9713464455312613,0.5301817357540131,0.8416059017181396,0.0017759356725841754,0.0013795504477306117,0.0032295432645098247,0.11462533634766359
1781868728.135006,17.48117208480835,dog_in_grass,nonsocial_movie,non_social,490,1,0.281737649939866,0.38750312558708255,0.33462038776347425,1,0,0.5265730828046798,0.8694515764713288,-0.04691216329877734,0.43367530506853946,4.960504251657466,0.5295000523328781,0.8430080413818359,0.0015590663626544542,0.00021686930992972117,0.002294129440625881,0.11261943710601587
1781868728.169355,17.51552104949951,dog_in_grass,nonsocial_movie,non_social,491,1,0.25686139693974025,0.35157127073377814,0.30421633383675917,1,0,0.526246291399002,0.8682073056697845,-0.05964911030060437,0.43010169299961554,4.619517500744601,0.5294316411018372,0.8435130715370178,0.0005096425749244047,0.0010494237877300494,0.002644742025396293,0.11619232482936794
1781868728.2018821,17.54804825782776,dog_in_grass,nonsocial_movie,non_social,492,1,0.2557918234456113,0.3655926113346532,0.31069221739013225,1,0,0.5261366784572601,0.869522750377655,-0.06854945356832427,0.42975253023357807,2.2998605044396636,0.5295894145965576,0.8422598242759705,0.0012631394115294734,0.0007534968366050687,0.002497718974379654,0.1140954805063982
1781868728.237291,17.583457231521606,dog_in_grass,nonsocial_movie,non_social,493,1,0.25432652014575113,0.36337833341829195,0.3088524267820215,1,0,0.5279441982507707,0.8688467502593994,-0.06276191006798211,0.43767686465534844,3.9197728926021447,0.5302817523479462,0.839072197675705,0.0032619464901677895,0.0019988070786383164,0.0029329245954259203,0.11642511049282833
1781868728.271104,17.61727023124695,dog_in_grass,nonsocial_movie,non_social,494,1,0.27510557259834506,0.3964793953320856,0.3357924839652153,1,0,0.5281064957380295,0.8668347537517548,-0.0676945644834344,0.44232773046950413,4.100084941101134,0.5304520726203918,0.8388892710208893,0.0002499423058388133,0.003012004184328976,0.0013251332714646481,0.11039780500781737
1781868728.3064241,17.65259027481079,dog_in_grass,nonsocial_movie,non_social,495,1,0.2827954979559831,0.4039272390795536,0.34336136851776833,1,0,0.5278209179639817,0.8674748003482818,-0.06471864883596358,0.4456406492209231,4.160341967631685,0.5304778814315796,0.8387893736362457,0.00010317743064036312,0.0001467648751984502,0.0021030753378064376,0.111726300077792
1781868728.342709,17.688875198364258,dog_in_grass,nonsocial_movie,non_social,496,1,0.28588692882678596,0.39023783351394475,0.33806238117036536,1,0,0.5271763354539871,0.8679754972457886,-0.07883326646078954,0.4488267604920996,4.646870629667175,0.531085878610611,0.8371716439723969,0.0017282100089418262,0.0016250325783014631,0.0020284175840416157,0.11064960694821578
1781868728.374752,17.72091817855835,dog_in_grass,nonsocial_movie,non_social,497,1,0.27314146312921755,0.3908459830924874,0.3319937231108525,1,0,0.5266115099191666,0.8677595138549805,-0.06774309958427681,0.4465830702395218,3.9783216715025844,0.5301288962364197,0.838372141122818,0.0015352552467528227,0.0001929547621890035,0.005149057395138422,0.112284702112809
1781868728.4085581,17.754724264144897,dog_in_grass,nonsocial_movie,non_social,498,1,0.27211041366280964,0.3877960355268979,0.32995322459485377,1,0,0.5263732820749283,0.868692821264267,-0.06558057342059727,0.4437166991358127,3.085913227529293,0.5305946618318558,0.8393157422542572,0.0010522930604851943,0.00048296218626762847,0.007425842349916319,0.1147545034368054
1781868728.444214,17.790380239486694,dog_in_grass,nonsocial_movie,non_social,499,1,0.2799104392098415,0.3812010627859474,0.33055575099789447,1,0,0.5263448774814605,0.8681293487548829,-0.05750742410139887,0.43685372327344346,3.1220027633516945,0.5298123061656952,0.8417549431324005,0.0025615974141751214,0.0015093043536899271,0.004617448990438276,0.11491082284121173
1781868728.477876,17.824042081832886,dog_in_grass,nonsocial_movie,non_social,500,1,0.2776286848224695,0.3938835455913036,0.33575611520688653,1,0,0.5268585383892059,0.8671339750289917,-0.05874262782063646,0.44040615969608726,4.295612242749466,0.529404491186142,0.8407637774944305,0.0010717846702768307,0.0014898127438982907,0.0033805715501920757,0.11222869213185782
1781868728.512481,17.858647108078003,dog_in_grass,nonsocial_movie,non_social,501,1,0.2827264955130703,0.38223493472321257,0.3324807151181414,1,0,0.5256298810243607,0.8680208504199982,-0.0642428976369285,0.4333463997031634,4.314852666628027,0.5297306180000305,0.8422406911849976,0.001512492230763974,0.0004407075604871433,0.003913109596731646,0.11243169727567168
1781868728.5472791,17.893445253372192,dog_in_grass,nonsocial_movie,non_social,502,1,0.2812753216154505,0.38375415036992516,0.3325147359926878,1,0,0.5260717511177062,0.8680004179477692,-0.053499313376959144,0.4291231650724733,4.2585059598626085,0.5292362868785858,0.8432988524436951,0.0011679334343347976,0.0003445587964291763,0.002851704294279042,0.11363435251337338
1781868728.580961,17.92712712287903,dog_in_grass,nonsocial_movie,non_social,503,1,0.2880654480301784,0.37700981763022257,0.3325376328302005,1,0,0.5260581552982331,0.8689582467079162,-0.0610349316162045,0.4285089008597188,4.862841533539156,0.5295983552932739,0.8423022329807281,0.001060350833865486,0.00010758260046931159,0.005229999462469716,0.11361680168050772
1781868728.618151,17.964317083358765,dog_in_grass,nonsocial_movie,non_social,504,1,0.28056912843796455,0.3545844664665387,0.31757679745225165,1,0,0.5265168488025664,0.8673219740390777,-0.051449273229087066,0.4305065985614431,5.526226660545856,0.5287508517503738,0.8418392837047577,0.00096570403714066,9.464679672482608e-05,0.00753093821338413,0.11670737659692851
1781868728.6496918,17.99585795402527,dog_in_grass,nonsocial_movie,non_social,505,1,0.28466413360653137,0.33446734046626386,0.3095657370363976,1,0,0.5254328668117523,0.8673834085464478,-0.05345276926197716,0.42892280510162134,3.709696634321107,0.5281926393508911,0.8410495519638062,0.0009670973609738633,1.3933238332033407e-06,0.009283854850838128,0.11648969006178389
1781868728.684802,18.030968189239502,dog_in_grass,nonsocial_movie,non_social,506,1,0.27154027720155544,0.3426287550256692,0.3070845161136123,1,0,0.526262167096138,0.8674111723899841,-0.05688919760398303,0.4368761784457806,4.137399410318037,0.5292322337627411,0.8398769497871399,0.0015670840455674824,0.000599986684593619,0.011475556513243506,0.11655935108804316
1781868728.719569,18.06573510169983,dog_in_grass,nonsocial_movie,non_social,507,1,0.3038830542762368,0.3543669236285126,0.3291249889523747,1,0,0.5255618155002595,0.8681713044643402,-0.054807090717117764,0.43024916642319727,4.949364519671531,0.5283240675926208,0.8413368463516235,0.0017193207296900732,0.00015223668412259086,0.006359772353627735,0.11525533711709962
1781868728.754144,18.10031008720398,dog_in_grass,nonsocial_movie,non_social,508,1,0.2791136389844481,0.3804295736793508,0.32977160633189945,1,0,0.5258856296539307,0.867785108089447,-0.06105418940145222,0.42410714675345523,5.565684034982911,0.5281311571598053,0.8426900804042816,0.0013669150801576876,0.00035240564953238564,0.004519231145805108,0.11538918615009812
1781868728.787719,18.133885145187378,dog_in_grass,nonsocial_movie,non_social,509,1,0.28275845714027,0.36665875163643996,0.32470860438835497,1,0,0.524906975030899,0.8671887934207916,-0.0743094820286469,0.4340193879554849,4.5935052010079325,0.5287753343582153,0.8408341705799103,0.0019645267977682185,0.000597611717610531,0.012046963850972484,0.11418165370062941
1781868728.8219159,18.168081998825073,dog_in_grass,nonsocial_movie,non_social,510,1,0.2981309325629951,0.37974017998486537,0.33893555627393024,1,0,0.5252124011516571,0.8666084825992584,-0.07096752043266866,0.43270175855136556,4.041789876013,0.5287643522024155,0.8388312458992004,0.002002954788392045,3.8427990623826624e-05,0.0027654348817070778,0.11093249520908302
1781868728.856301,18.20246720314026,dog_in_grass,nonsocial_movie,non_social,511,1,0.2866554942583581,0.3955602603205104,0.34110787728943426,1,0,0.5260519236326218,0.8661554098129273,-0.06276708572349429,0.4294080785631529,5.004504434508793,0.5296522378921509,0.8400047421455383,0.0014715415176630418,0.0005314132707290033,0.002428223498977512,0.11287703918774745
1781868728.890429,18.236595153808594,dog_in_grass,nonsocial_movie,non_social,512,1,0.30931938110008933,0.3733994405083657,0.3413594108042275,1,0,0.5251218110322953,0.8666512370109558,-0.061459822124066164,0.43461844517981296,5.059232722879542,0.5297826528549194,0.8387193083763123,0.0012920325218742272,0.00017950899578881457,0.0077296238715775616,0.11255098310046717
1781868728.9264379,18.27260398864746,dog_in_grass,nonsocial_movie,non_social,513,1,0.2924822807986735,0.3749123299889269,0.33369730539380016,1,0,0.5242075234651565,0.867303603887558,-0.06552510809192437,0.4280141931461123,4.037347135913856,0.5290851444005966,0.8394996821880341,0.0010466619940902682,0.0002453705277839591,0.011058974126040398,0.11405821143025939
1781868728.960005,18.30617117881775,dog_in_grass,nonsocial_movie,non_social,514,1,0.2691766889926288,0.3397392700447575,0.30445797951869313,1,0,0.5250261515378952,0.8679257094860078,-0.05816095071913855,0.4292072349264733,4.416582581841421,0.5293397456407547,0.8415866494178772,0.0021024400133961446,0.0010557780193058764,0.008024728367340597,0.12097068918216289
1781868728.994433,18.340599060058594,dog_in_grass,nonsocial_movie,non_social,515,1,0.24281391377710906,0.33485292696467306,0.28883342037089105,1,0,0.5249996423721314,0.8680295407772064,-0.06688173589497604,0.42511065856839175,5.185303206374227,0.5295412093400955,0.8407429754734039,0.0008673945738446655,0.0012350454395514791,0.010252799474537418,0.12196136120664243
1781868729.028935,18.37510108947754,dog_in_grass,nonsocial_movie,non_social,516,1,0.2793671250239343,0.37328964333633824,0.32632838418013627,1,0,0.5250772029161452,0.8673765003681182,-0.06436997633408828,0.43026393522192485,4.826858073268513,0.5291397869586945,0.8392807841300964,0.0015162926672424018,0.0006488980933977362,0.008434801735829335,0.11556677788120787
1781868729.0650601,18.411226272583008,dog_in_grass,nonsocial_movie,non_social,517,1,0.2739435381206678,0.35396201148954504,0.3139527748051064,1,0,0.5264985680580139,0.8678817391395569,-0.06955052862808582,0.43375749885932774,4.979387274391971,0.5300903022289276,0.8396604061126709,0.0010235194812997807,0.0004927731859426211,0.0050766670448024395,0.1192836854413052
1781868729.096965,18.4431312084198,dog_in_grass,nonsocial_movie,non_social,518,1,0.2613432877086749,0.3891091019282147,0.3252261948184448,1,0,0.5267219215631485,0.8669846534729004,-0.05901800469521718,0.4408880374491886,3.960511854580876,0.5294092744588852,0.8394643366336823,0.0007086903866709567,0.00031482909462882396,0.0027910089433033484,0.11504601770133147
1781868729.134082,18.48024821281433,dog_in_grass,nonsocial_movie,non_social,519,1,0.27961702338636285,0.36728657088123823,0.32345179713380057,1,0,0.5268561780452728,0.8685117185115814,-0.0692557096481308,0.44413036406550427,4.9030069771582845,0.5310750156641006,0.8387331366539001,0.0018191611179843262,0.0011104707313133694,0.0031440359945128487,0.11649169963511373
1781868729.166506,18.512672185897827,dog_in_grass,nonsocial_movie,non_social,520,1,0.2634530259054389,0.36327067509527583,0.31336185050035736,1,0,0.5255622386932373,0.8672828197479248,-0.07183845077387938,0.4473892808918526,3.9916322447854884,0.5302755534648895,0.8388959169387817,0.0008158659381991711,0.001003295179785155,0.005797272574049074,0.11426169101464755
1781868729.201167,18.547333240509033,dog_in_grass,nonsocial_movie,non_social,521,1,0.27545264844324524,0.38407628475906536,0.3297644666011553,1,0,0.5248671144247055,0.8660842776298523,-0.06965547106566862,0.4433298391936886,3.5064538565298133,0.5294662714004517,0.8372580409049988,0.0018269032163367087,0.0010110372781375375,0.005133133319325618,0.11312172594750747
1781868729.236255,18.58242106437683,dog_in_grass,nonsocial_movie,non_social,522,1,0.27891584473854625,0.3815626366171846,0.3302392406778654,1,0,0.5260238587856293,0.8660285651683808,-0.06260439862646788,0.44340709685221213,4.386020692681013,0.529188796877861,0.8372648656368256,0.00027755844006516813,0.0015493447762715406,0.006401407986486291,0.11672216192575291
1781868729.269675,18.615841150283813,dog_in_grass,nonsocial_movie,non_social,523,1,0.26045683419177507,0.40412226290343384,0.33228954854760445,1,0,0.5250492632389069,0.8672262549400329,-0.06295224546198658,0.4423024002879912,4.784929902185888,0.5283473432064056,0.8383212983608246,0.0013505903825889406,0.0010730319425237725,0.0035452282134342695,0.11556811397086245
1781868729.3050082,18.651174306869507,dog_in_grass,nonsocial_movie,non_social,524,1,0.2824571196307031,0.3875611889136276,0.3350091542721654,1,0,0.5258640140295029,0.8673423469066619,-0.07038903460194423,0.4387288543264951,4.8189993639658155,0.5291549861431122,0.8376820683479309,0.0010300010303859017,0.0003205893522030389,0.00484140056988697,0.11405488549644285
1781868729.3386319,18.684798002243042,dog_in_grass,nonsocial_movie,non_social,525,1,0.2790010531122809,0.37787583358910803,0.3284384433506945,1,0,0.5250305742025375,0.8663944900035858,-0.060529760343587466,0.4358939751554217,3.64190737936236,0.5287169814109802,0.8386597037315369,0.0010712698486601566,4.12688182742549e-05,0.0028494800220673173,0.1168208133189972
1781868729.374539,18.720705032348633,dog_in_grass,nonsocial_movie,non_social,526,1,0.24518399716100434,0.38687417842876043,0.31602908779488237,1,0,0.5247693359851837,0.8667894005775452,-0.06924231141390566,0.43088711109734856,2.2588236036888683,0.5284958034753799,0.8402070701122284,0.0015630938536411695,0.0004918240049810129,0.0010223987809756796,0.1141248248820785
1781868729.408038,18.754204034805298,dog_in_grass,nonsocial_movie,non_social,527,1,0.2556245694838213,0.3928904723973651,0.3242575209405932,1,0,0.5253528982400895,0.8670139372348786,-0.08482424166716303,0.43976063224354417,3.9875751407219786,0.5295458734035492,0.8382300734519958,0.002238562630040984,0.0006754687763998147,0.0035208056716427415,0.11470640166229795
1781868729.4425302,18.7886962890625,dog_in_grass,nonsocial_movie,non_social,528,1,0.3114053989441181,0.37578215713362106,0.3435937780388696,1,0,0.5242610812187195,0.8661161959171295,-0.08042496973027298,0.4420958719976567,2.3308533170652184,0.5287904143333435,0.8367443978786469,0.0016667184273301595,0.0005718442027108246,0.001616091753414499,0.11044403071989019
1781868729.477101,18.823267221450806,dog_in_grass,nonsocial_movie,non_social,529,1,0.26499461930253615,0.38732295706956354,0.3261587881860498,1,0,0.5249462455511094,0.8666552364826203,-0.07623915105465266,0.4337108303972739,3.4007448506199536,0.5295982956886292,0.8380747735500336,0.0015564612784248223,0.00011025714890533717,0.0017947377974186943,0.11317823189577803
1781868729.511298,18.8574640750885,dog_in_grass,nonsocial_movie,non_social,530,1,0.2794823156847774,0.3920085061240843,0.33574541090443083,1,0,0.5249053299427032,0.8673873662948608,-0.08037257636391432,0.4420092355443849,1.68848578731605,0.5296503901481628,0.8377418220043182,0.00033700232122099136,0.001219458957203831,0.002844653792881509,0.11328145606894276
1781868729.5454469,18.891613006591797,dog_in_grass,nonsocial_movie,non_social,531,1,0.25867198502807653,0.38047873253020315,0.31957535877913984,1,0,0.5253892570734024,0.8675310552120208,-0.08699306667772896,0.44059124370115993,3.064218414154871,0.5303380936384201,0.8382206857204437,0.0008380015209613488,0.0005009991997403575,0.002283127323745165,0.11131839005474597
1781868729.580634,18.92680025100708,dog_in_grass,nonsocial_movie,non_social,532,1,0.28412318168459144,0.3878721044060158,0.33599764304530366,1,0,0.5247166484594346,0.8655133903026581,-0.07221464457870955,0.43755997550558534,2.748972175074039,0.5295318216085434,0.8360931575298309,0.0022751814846323037,0.001437179963670955,0.0018038834709916667,0.11167702715809508
1781868729.616749,18.962915182113647,dog_in_grass,nonsocial_movie,non_social,533,1,0.2987671305277435,0.3909808975995947,0.34487401406366913,1,0,0.5249331414699554,0.8673601090908051,-0.06959067241094928,0.44121779037975967,4.3702217022555,0.5297588109970093,0.8368822932243347,0.0008211329531909461,0.0014540485314413576,0.002218335992840128,0.11180592747956215
1781868729.648129,18.994295120239258,dog_in_grass,nonsocial_movie,non_social,534,1,0.2952552475011291,0.3998594044318105,0.3475573259664698,1,0,0.5259550869464874,0.867381364107132,-0.062320683479118864,0.4399032824267089,3.3236793026763922,0.5297506749629974,0.8365771770477295,0.0003052246324850477,0.0005159083207058984,0.0023642477589325044,0.11261904591111879
1781868729.6825879,19.028753995895386,dog_in_grass,nonsocial_movie,non_social,535,1,0.2810923145521132,0.37881441133442406,0.3299533629432686,1,0,0.5265596866607666,0.8678557634353637,-0.06765129395276459,0.443855184512414,4.348047315482596,0.5301248133182526,0.8366952538490295,0.00039232848466337844,8.710385217833072e-05,0.009983268095096233,0.1140036099406838
1781868729.718812,19.06497812271118,dog_in_grass,nonsocial_movie,non_social,536,1,0.2788535257700089,0.4081169073353857,0.34348521655269726,1,0,0.5262981057167053,0.8665142059326172,-0.0711755144406038,0.4410946026233856,5.080456103076168,0.5299245715141296,0.836540549993515,0.0002530416231165601,0.00013928686154681834,0.0024366029443204083,0.11032612582981881
1781868729.752618,19.09878420829773,dog_in_grass,nonsocial_movie,non_social,537,1,0.2816218227153392,0.38738349167804487,0.33450265719669203,1,0,0.5256067663431168,0.8671952843666076,-0.07935458877865079,0.43872346169734466,5.015737170140046,0.5305832177400589,0.8379845917224884,0.0015871582674539147,0.0013341166443373545,0.007494894045639574,0.1149299704938732
1781868729.786325,19.13249111175537,dog_in_grass,nonsocial_movie,non_social,538,1,0.27609250512473815,0.41625999104369166,0.3461762480842149,1,0,0.5254688680171966,0.8668539464473723,-0.049174149713995065,0.4305925893702962,3.0738188733791616,0.5293096154928207,0.8425608277320862,0.004750157755244502,0.003162999487790587,0.0020466124536148967,0.11609512338867485
1781868729.82171,19.16787624359131,dog_in_grass,nonsocial_movie,non_social,539,1,0.2759496820658966,0.4054607948749647,0.34070523847043066,1,0,0.5270129680633545,0.8684603810310364,-0.05500491256597657,0.42197718219386454,3.2665706752347363,0.5302937775850296,0.843267172574997,0.00121140334358444,0.003538754411660062,0.0017185720292280566,0.11342595054922375
1781868729.85481,19.200976133346558,dog_in_grass,nonsocial_movie,non_social,540,1,0.28662957491752833,0.40448198193916635,0.34555577842834734,1,0,0.5264717042446136,0.8678344011306762,-0.06306705937484534,0.42673144670881424,3.5770041311540886,0.530501663684845,0.842869222164154,0.00044897790590013977,0.0007624254376843002,0.0026751548677421363,0.11310076632812494
1781868729.889484,19.235650062561035,dog_in_grass,nonsocial_movie,non_social,541,1,0.26215522868557867,0.382128687963286,0.3221419583244323,1,0,0.5266455680131912,0.8674290835857391,-0.06032382865431372,0.43153603075400687,4.270687603452604,0.5305116772651672,0.8400397896766663,0.002829450206849774,0.0023804723009496344,0.004473148906513657,0.11151556050163489
1781868729.9264781,19.27264428138733,dog_in_grass,nonsocial_movie,non_social,542,1,0.27392387676970514,0.36517340198960363,0.3195486393796544,1,0,0.5263751059770585,0.8670765697956085,-0.05943900719544066,0.4323987754986702,4.689769086651452,0.5298872143030167,0.8424287140369415,0.002469192902592762,0.00036025730425701206,0.003913057343817813,0.11320114462040907
1781868729.959378,19.305544137954712,dog_in_grass,nonsocial_movie,non_social,543,1,0.2777070716549245,0.34500429364537233,0.3113556826501484,1,0,0.5261889696121216,0.8687310218811035,-0.06561561357831207,0.4295548702405898,5.145333054740609,0.5296789258718491,0.8425408899784088,0.00023657453878710803,0.002232618363805654,0.002612284422091293,0.11736626546857999
1781868729.993939,19.340105056762695,dog_in_grass,nonsocial_movie,non_social,544,1,0.2940422067294579,0.39304219771063115,0.3435422022200445,1,0,0.5266173750162124,0.8675024807453156,-0.060200820541449755,0.4216038152513007,4.60835335064808,0.5297454595565796,0.8422545790672302,0.0002939399072323038,5.7365368445195744e-05,0.0026918095841774177,0.11203539509009976
1781868730.0277572,19.373923301696777,dog_in_grass,nonsocial_movie,non_social,545,1,0.27051903808922223,0.34717207130460775,0.308845554696915,1,0,0.5272641777992249,0.8675196766853333,-0.05757775277986292,0.4278613651828837,5.550802643524858,0.5292447060346603,0.8417531549930573,0.0007086467327764639,0.00041470682554416014,0.0020709474825778597,0.11585942827123533
1781868730.063183,19.40934920310974,dog_in_grass,nonsocial_movie,non_social,546,1,0.3046623139724653,0.4039940325149553,0.3543281732437103,1,0,0.5254772722721099,0.866800731420517,-0.04579765432485757,0.4261325036862381,4.918978570156466,0.5283497869968414,0.8426186442375183,0.0012449705685390708,0.0005363238357626069,0.0018941047399962253,0.11336830824056744
1781868730.0966961,19.442862272262573,dog_in_grass,nonsocial_movie,non_social,547,1,0.2652630291540824,0.39381828438869615,0.3295406567713893,1,0,0.526049816608429,0.8668122828006745,-0.059605229567572623,0.4284271544338721,5.242025111447269,0.5291905254125595,0.839423805475235,0.003303609510921682,0.002058638942382611,0.0023041889987125055,0.110308594320466
1781868730.1342442,19.48041033744812,dog_in_grass,nonsocial_movie,non_social,548,1,0.2693711062676413,0.3895002628728072,0.32943568457022426,1,0,0.526430732011795,0.8683048129081726,-0.06436392143383605,0.4341834614253357,7.519935984244823,0.5295880138874054,0.8410407304763794,0.0016650656284246444,0.0016385438824970376,0.00816532744317496,0.11177840908024336
1781868730.165695,19.511861085891724,dog_in_grass,nonsocial_movie,non_social,549,1,0.2993705289005518,0.4043195742145227,0.35184505155753726,1,0,0.5251985490322113,0.8676474869251252,-0.061737922446949846,0.4345944379435726,5.978355715132623,0.5284600108861923,0.8396362960338593,0.001801340299355611,0.00013627467093096663,0.005230521265078686,0.11097515767872652
1781868730.200747,19.546913146972656,dog_in_grass,nonsocial_movie,non_social,550,1,0.31079252167748816,0.38497499173489375,0.347883756706191,1,0,0.5268029004335404,0.8684053659439087,-0.05993661474684482,0.43550306076937556,6.827711789484787,0.5292326360940933,0.8381665945053101,0.0016604132903900472,0.00014092700896556386,0.013826668927620436,0.11102413440702241
1781868730.233991,19.580157041549683,dog_in_grass,nonsocial_movie,non_social,551,1,0.2877315167170743,0.39830618210681457,0.34301884941194444,1,0,0.5262487620115279,0.8691316783428191,-0.06171809973403673,0.43569812846996936,5.3381971736212535,0.5296905785799026,0.838360071182251,0.0004971363443053879,0.0011632769460846594,0.020844779782238296,0.11192227072117464
1781868730.268579,19.614745140075684,dog_in_grass,nonsocial_movie,non_social,552,1,0.23976174950918946,0.3719253696774906,0.30584355959334003,1,0,0.5264359921216964,0.8676446437835693,-0.06300007812873465,0.4419948398717862,6.381388406410448,0.5300484746694565,0.838793158531189,0.0005618311692386425,6.469482493325453e-05,0.014320503210744226,0.11336028514313994
1781868730.3026822,19.648848295211792,dog_in_grass,nonsocial_movie,non_social,553,1,0.3065817397661665,0.3889101292236889,0.3477459344949277,1,0,0.5255796492099762,0.8665170431137085,-0.06427042095970688,0.445710882876416,5.143791056273594,0.5299468487501144,0.8373000919818878,0.0014965211485722984,0.0009346899793336559,0.010764363195081651,0.10780337951259053
1781868730.3383958,19.68456196784973,dog_in_grass,nonsocial_movie,non_social,554,1,0.27531503879602925,0.37141507026894494,0.3233650545324871,1,0,0.526139572262764,0.8671706199645997,-0.06339777528528086,0.4470928796028948,4.301170387848131,0.5309423208236694,0.8360959589481354,0.0015623383155391585,6.581716696686018e-05,0.005437397961267556,0.11234178896471388
