timestamp,elapsed_time,stimulus_id,stimulus_type,paper_category,frame_index,face_detected,left_ear,right_ear,avg_ear,eye_open,blink_state,gaze_x,gaze_y,yaw_proxy,pitch_proxy,roll_proxy_deg,head_center_x,head_center_y,head_movement,head_acceleration,mouth_open,eyebrow_signal
1781868780.3856041,69.73177027702332,playing_with_blocks,mixed_social_nonsocial_movie,mixed,2005,1,0.20255020458753192,0.23302225865291956,0.21778623162022576,1,0,0.570648318529129,0.8629228353500367,0.014399202890017122,0.23621411796862196,15.589336040485016,0.5690322816371918,0.8794354498386383,0.0,0.0,0.0013498850997918643,0.13552076548212408
1781868780.420195,69.76636123657227,playing_with_blocks,mixed_social_nonsocial_movie,mixed,2006,1,0.2152583934367715,0.21852094074028544,0.21688966708852847,1,0,0.5708594739437103,0.8630401909351348,0.016908959123060594,0.23424866556294213,15.203174436855768,0.5686870813369751,0.8796642422676086,0.00041413671996555566,0.00041413671996555566,0.0006772054724509078,0.1361395447287819
1781868780.455677,69.80184316635132,playing_with_blocks,mixed_social_nonsocial_movie,mixed,2007,1,0.22344690807610224,0.15924823085495976,0.191347569465531,1,0,0.5707432210445404,0.862277752161026,0.00610368981112066,0.23851965542010142,14.700785351705413,0.5692770183086395,0.878568172454834,0.0012447468276772073,0.0008306101077116516,0.0017809329048136954,0.13341325410720495
1781868780.490195,69.83636116981506,playing_with_blocks,mixed_social_nonsocial_movie,mixed,2008,1,0.28328135750205946,0.3032358470409712,0.29325860227151535,1,0,0.5700056076049804,0.8609208583831787,0.008391199887987442,0.2421230637740574,15.620596126306946,0.5691963732242584,0.8790243566036224,0.0004632576035432985,0.0007814892241339087,0.0004693939484748713,0.11993440811925035
1781868780.524365,69.87053108215332,playing_with_blocks,mixed_social_nonsocial_movie,mixed,2009,1,0.3687413415318725,0.3030018309124378,0.3358715862221552,1,0,0.5700000405311585,0.8606185734272003,0.004973105522816779,0.24121997406697426,14.429834756039906,0.5693504810333252,0.8791068494319916,0.00017479783622145124,0.00028845976732184725,0.00113745784869748,0.11680723665228603
1781868780.5575922,69.90375828742981,playing_with_blocks,mixed_social_nonsocial_movie,mixed,2010,1,0.3635608774914512,0.3347530386581495,0.34915695807480035,1,0,0.5703818500041962,0.8602869033813476,0.0033795753924799558,0.24439761964706352,14.222082208457467,0.5693650841712952,0.8789969980716705,0.00011081774678702884,6.39800894344224e-05,0.0017062539243356664,0.11331195960662362
1781868780.5933042,69.9394702911377,playing_with_blocks,mixed_social_nonsocial_movie,mixed,2011,1,0.3881629767242082,0.33580538241743235,0.3619841795708203,1,0,0.570144671201706,0.8602684736251831,0.0025452593299911067,0.24512603704938105,14.189060533463914,0.5691409111022949,0.8786019384860992,0.00045423082349918407,0.0003434130767121552,0.00033345194079840036,0.1133088704734386
1781868780.626946,69.97311210632324,playing_with_blocks,mixed_social_nonsocial_movie,mixed,2012,1,0.41192717765217035,0.3623452441696794,0.38713621091092487,1,0,0.570439088344574,0.8601410508155822,0.009762351056133068,0.24068734846619305,14.244762365798932,0.569049596786499,0.8788277804851532,0.00024360400818943786,0.0002106268153097462,0.00013533221599512413,0.10987632007716236
1781868780.6615949,70.00776100158691,playing_with_blocks,mixed_social_nonsocial_movie,mixed,2013,1,0.3724012533716188,0.3592949124939694,0.3658480829327941,1,0,0.5700569093227386,0.8599197804927825,0.0051602606424184455,0.24037090969388208,15.179957428908455,0.5693777501583099,0.8785174489021301,0.00045165288314420927,0.0002080488749547714,0.0004829582673934056,0.11196820737112126
1781868780.696374,70.04254007339478,playing_with_blocks,mixed_social_nonsocial_movie,mixed,2014,1,0.39689513604174753,0.34721184240075276,0.37205348922125014,1,0,0.5706609666347504,0.8605211555957795,0.0029395701927476007,0.23752663697101076,14.930942888892673,0.5693988800048828,0.8786127269268036,9.759289114413045e-05,0.0003540599920000788,0.00033486882985256627,0.11456261022013316
1781868780.729563,70.07572913169861,playing_with_blocks,mixed_social_nonsocial_movie,mixed,2015,1,0.4257621695512279,0.3252032654855468,0.37548271751838735,1,0,0.5702296793460846,0.8606296539306642,0.00023580399461864868,0.2415604753625279,13.699911580869049,0.5694083869457245,0.8788459002971649,0.00023336709830185616,0.00013577420715772572,0.00034711304748828936,0.11672559586377816
1781868780.7625659,70.10873198509216,playing_with_blocks,mixed_social_nonsocial_movie,mixed,2016,1,0.44226754818869995,0.355761183918918,0.39901436605380897,1,0,0.5702809035778045,0.8605042934417725,0.00045092872379167445,0.24171059269782147,13.669936535949457,0.569260448217392,0.8791637420654297,0.0003505841653502324,0.00011721706704837624,0.0005743782447231265,0.11409818412418425
1781868780.8014421,70.14760828018188,playing_with_blocks,mixed_social_nonsocial_movie,mixed,2017,1,0.4583336844879213,0.36177928416667726,0.41005648432729924,1,0,0.5703435182571411,0.8606945097446441,0.0015344638668239531,0.23863292587997226,13.899330312634197,0.5692237317562103,0.8799877762794495,0.0008248517954135106,0.0004742676300632782,0.0017320090974281895,0.11407756483782698
1781868780.833026,70.17919206619263,playing_with_blocks,mixed_social_nonsocial_movie,mixed,2018,1,0.39590260616291845,0.37755428629230764,0.38672844622761304,1,0,0.5705023527145385,0.8606761753559112,-0.002674276756358486,0.24096473636580454,15.448986706855147,0.5696485936641693,0.8794252574443817,0.00070493622452001,0.00011991557089350061,0.000437484022291577,0.11843771817709203
1781868780.867168,70.21333408355713,playing_with_blocks,mixed_social_nonsocial_movie,mixed,2019,1,0.4040475311273795,0.36425901526896665,0.38415327319817305,1,0,0.5705209314823151,0.8608190059661865,-0.012337462252553586,0.24196386058777516,15.689988901246549,0.5699413120746613,0.8785765767097473,0.000897743313637319,0.00019280708911730904,0.001116076096706915,0.11705737713450687
1781868780.90163,70.24779605865479,playing_with_blocks,mixed_social_nonsocial_movie,mixed,2020,1,0.3385579273418212,0.3760366721032181,0.35729729972251967,1,0,0.5703079104423523,0.8604081869125366,0.0021967766652294806,0.24690094975255325,14.549265527152695,0.5691842436790466,0.8781088590621948,0.0008898945743572867,7.848739280032343e-06,0.000131030715607277,0.11626941897782025
1781868780.937769,70.28393507003784,playing_with_blocks,mixed_social_nonsocial_movie,mixed,2021,1,0.3608491781344569,0.402864546099061,0.38185686211675895,1,0,0.5705931425094605,0.8605748832225799,-0.003924803710961663,0.24058925313709742,15.079873501912115,0.5690868496894836,0.8784635066986084,0.00036777783404758123,0.0005221167403097055,0.0011634541844455493,0.11719970043906108
1781868780.970315,70.31648111343384,playing_with_blocks,mixed_social_nonsocial_movie,mixed,2022,1,0.3852645893746359,0.4056924712102436,0.39547853029243973,1,0,0.5701195299625397,0.8603556632995606,0.013238056059782724,0.24133736664247274,14.290926563964367,0.5686611533164978,0.877740889787674,0.0008386850433516408,0.00047090720930405955,0.0005949132229448017,0.11745862442726468
1781868781.006156,70.35232210159302,playing_with_blocks,mixed_social_nonsocial_movie,mixed,2023,1,0.3976207004392433,0.4125330851754789,0.4050768928073611,1,0,0.5701718628406525,0.860026890039444,0.0032022966420292005,0.2427177111522507,14.258401546239218,0.5690745711326599,0.8781239688396454,0.0005636167587816934,0.0002750682845699474,0.0017481782719036816,0.1163627124022393
1781868781.0412931,70.38745927810669,playing_with_blocks,mixed_social_nonsocial_movie,mixed,2024,1,0.3944475666130764,0.3833188997418224,0.38888323317744944,1,0,0.5703023076057434,0.8599357664585113,0.0069076434384613295,0.24100967905144505,15.184246786127012,0.5688920021057129,0.8782785832881927,0.0002392427162945353,0.0003243740424871581,0.0015658248044725872,0.11800537167376712
1781868781.074471,70.4206371307373,playing_with_blocks,mixed_social_nonsocial_movie,mixed,2025,1,0.43107105638386006,0.3987373417662899,0.414904199075075,1,0,0.570348471403122,0.8596885442733764,0.005499690933168858,0.24597875052989282,14.054326124606458,0.5689586699008942,0.8782604038715363,6.910199783148656e-05,0.00017014071846304873,0.00043652348490946097,0.11619179340805771
1781868781.108924,70.45509004592896,playing_with_blocks,mixed_social_nonsocial_movie,mixed,2026,1,0.4126683859222887,0.3767759666696418,0.3947221762959653,1,0,0.5703136086463928,0.8598093032836914,0.001295882389412193,0.24294959814886566,14.732000497967778,0.5690958499908447,0.8782041370868683,0.00014827113048640223,7.916913265491567e-05,0.00126301448628071,0.11654234013963834
1781868781.1443992,70.4905652999878,playing_with_blocks,mixed_social_nonsocial_movie,mixed,2027,1,0.4149509117175152,0.3737104946941092,0.3943307032058122,1,0,0.5703087031841279,0.8599432110786438,0.001797395225392785,0.24650947636853254,14.477646402734461,0.5691953897476196,0.8776785135269165,0.000534965690446772,0.0003866945599603698,0.0012479096219919917,0.11644036837783908
1781868781.178504,70.52467012405396,playing_with_blocks,mixed_social_nonsocial_movie,mixed,2028,1,0.4084032192111941,0.35827257909949245,0.3833378991553433,1,0,0.5699198067188262,0.8605232059955596,-8.757696114503187e-05,0.25086400715679374,14.913357114434977,0.5692986249923706,0.8776064217090607,0.00012591563032663148,0.0004090500601201405,0.0007684258187761931,0.11972774283533881
1781868781.2125282,70.55869436264038,playing_with_blocks,mixed_social_nonsocial_movie,mixed,2029,1,0.26190611943046566,0.21012957826751144,0.23601784884898855,1,0,0.5703088402748109,0.863323414325714,0.0031507244822682073,0.24481693420135892,16.312992997051538,0.5690378546714783,0.8785828351974487,0.0010106356715277934,0.0008847200412011619,0.00038200952353699744,0.1428593592784525
1781868781.247435,70.59360122680664,playing_with_blocks,mixed_social_nonsocial_movie,mixed,2030,1,0.15513668981818818,0.18501181145016687,0.17007425063417753,0,1,0.5708656191825867,0.8636862695217132,0.009105917831348858,0.2370507835570201,14.053543495428343,0.5689851343631744,0.8790020644664764,0.00042253119520002213,0.0005881044763277713,0.0006277931651011129,0.14916506793718437
1781868781.280556,70.62672209739685,playing_with_blocks,mixed_social_nonsocial_movie,mixed,2031,1,0.13037030828601218,0.239921719209759,0.18514601374788558,1,0,0.5712934076786041,0.8645031750202179,0.012620846201309606,0.23334406605564006,15.206698502801729,0.569194108247757,0.8797428607940674,0.0007697072712465012,0.00034717607604647905,0.0005237674181627697,0.15008832450168436
1781868781.314066,70.66023206710815,playing_with_blocks,mixed_social_nonsocial_movie,mixed,2032,1,0.3143821574693987,0.17004434585654057,0.24221325166296964,1,0,0.5716709911823272,0.8647240221500396,0.006747150310974835,0.22926678487091398,13.691476803625935,0.5693730413913727,0.8799837827682495,0.000300100762291633,0.0004696065089548682,0.0008549607212058895,0.14846217007638082
1781868781.349535,70.69570112228394,playing_with_blocks,mixed_social_nonsocial_movie,mixed,2033,1,0.24169786433171198,0.13270602164625586,0.1872019429889839,1,0,0.571172684431076,0.8647230267524719,0.0026850375010526607,0.22993931207183121,13.208130791137018,0.5692357122898102,0.8802874982357025,0.00033332021736786314,3.321945507623014e-05,0.0007946593938692996,0.15045105690147165
1781868781.384081,70.73024702072144,playing_with_blocks,mixed_social_nonsocial_movie,mixed,2034,1,0.26370152671767677,0.16334660462050327,0.21352406566909002,1,0,0.5706678032875061,0.8642622053623199,0.007270106437098702,0.22731675391003114,15.219941267735512,0.5691260099411011,0.8805113732814789,0.00024930832604160035,8.401189132626279e-05,0.002734075280850031,0.14792400035999237
1781868781.41794,70.76410603523254,playing_with_blocks,mixed_social_nonsocial_movie,mixed,2035,1,0.2499948910210386,0.14134984333552356,0.19567236717828107,1,0,0.5705254077911377,0.8640398859977723,0.008453637409929923,0.22955367061123716,15.641964134876233,0.568903386592865,0.8803819715976715,0.0002574994193236716,8.191093282071253e-06,0.0007396775053776502,0.14659148709003783
1781868781.452995,70.799161195755,playing_with_blocks,mixed_social_nonsocial_movie,mixed,2036,1,0.22557929488838602,0.11868878494194339,0.1721340399151647,0,1,0.5704657554626464,0.8641956508159638,0.0058063359525384,0.24005655207325327,14.319560373771225,0.5688762068748474,0.879449337720871,0.0009330298415525167,0.0006755304222288451,0.00042156553965538564,0.14835294046071495
1781868781.487496,70.83366203308105,playing_with_blocks,mixed_social_nonsocial_movie,mixed,2037,1,0.2439346658045858,0.17487864579811058,0.2094066558013482,1,0,0.5706906974315643,0.8641171097755432,0.008628944368657224,0.236921149071015,15.444285856407458,0.5691497623920441,0.8795426189899445,0.0002890225184110915,0.0006440073231414252,0.00026095883149261363,0.14588134718884224
1781868781.522648,70.86881422996521,playing_with_blocks,mixed_social_nonsocial_movie,mixed,2038,1,0.25398953659455786,0.13606346143212586,0.19502649901334185,1,0,0.5708261549472808,0.8643054902553559,0.008399874369925092,0.23083004021157746,15.535865280533098,0.5690407156944275,0.8801029622554779,0.0005708552859436169,0.00028183276753252536,0.0010890615511245903,0.1465461761725165
1781868781.556489,70.9026551246643,playing_with_blocks,mixed_social_nonsocial_movie,mixed,2039,1,0.23494253156251463,0.15314827339730977,0.1940454024799122,1,0,0.5706667959690094,0.8639289140701294,0.0036329639278611047,0.2330699875535653,15.46124196502287,0.569260448217392,0.8787811994552612,0.0013399027135150372,0.0007690474275714204,0.004801502378631571,0.14536169297410542
1781868781.592865,70.93903112411499,playing_with_blocks,mixed_social_nonsocial_movie,mixed,2040,1,0.2934166010556639,0.16868518190822235,0.23105089148194313,1,0,0.5709079861640931,0.8642340242862702,0.0035265635190720596,0.233749397522418,15.286164703773732,0.5689563453197479,0.8796542584896088,0.000924505624542843,0.00041539708897219427,0.0005148947008697303,0.14431724828351317
1781868781.624623,70.97078919410706,playing_with_blocks,mixed_social_nonsocial_movie,mixed,2041,1,0.24799253862672033,0.24180359105109728,0.2448980648389088,1,0,0.5710707187652588,0.8641994059085847,0.010764262280257742,0.23456250625279007,15.891454850493915,0.5687965154647827,0.8796295821666718,0.00016172354019094358,0.0007627820843518994,0.0003507890544523888,0.14064914606404977
1781868781.660009,71.00617504119873,playing_with_blocks,mixed_social_nonsocial_movie,mixed,2042,1,0.2671338310983364,0.2469319045629902,0.25703286783066326,1,0,0.5708799183368682,0.8641475141048431,0.01575846145158026,0.23801040529716253,15.951690222491848,0.5687481164932251,0.8795627355575562,8.252835632731899e-05,7.919518386362459e-05,0.0008036601372558788,0.1398885319790072
1781868781.6956658,71.04183197021484,playing_with_blocks,mixed_social_nonsocial_movie,mixed,2043,1,0.26350483320921614,0.21849585360449028,0.24100034340685322,1,0,0.5707364737987519,0.8640081524848937,0.007402746056109591,0.24290352517474673,15.315445183079728,0.5688952803611755,0.8790624737739563,0.000521458585278487,0.00043893022895116795,0.0017273501459753294,0.1409075106188431
1781868781.728766,71.07493209838867,playing_with_blocks,mixed_social_nonsocial_movie,mixed,2044,1,0.28239808679736844,0.14797920422880612,0.21518864551308728,1,0,0.5709191858768463,0.8639414548873902,-0.0022972482963437104,0.23905850887204727,14.537720275615156,0.5693021714687347,0.878894180059433,0.00044032164125649216,8.113694402199479e-05,0.0016011740906239078,0.14292406668034205
1781868781.761647,71.1078131198883,playing_with_blocks,mixed_social_nonsocial_movie,mixed,2045,1,0.3228022912985722,0.17568878343273514,0.24924553736565366,1,0,0.5709536969661713,0.8639644384384155,0.0035919710194877914,0.2385908983398632,15.22632263424306,0.5692498683929443,0.879352480173111,0.00046127497865631616,2.0953337399823996e-05,0.00019004113511645275,0.14020816920006815
1781868781.798125,71.14429116249084,playing_with_blocks,mixed_social_nonsocial_movie,mixed,2046,1,0.28631671315488305,0.17368805330133474,0.2300023832281089,1,0,0.5711066484451294,0.8640999615192413,-0.003343347326446387,0.23506249181785435,15.06188250589828,0.5695428848266602,0.8789094388484955,0.0005311725197566,6.98975411002838e-05,0.0012496240434153824,0.14213699951771971
1781868781.8321018,71.17826795578003,playing_with_blocks,mixed_social_nonsocial_movie,mixed,2047,1,0.2060944287659469,0.1927157491376656,0.19940508895180625,1,0,0.5709446549415589,0.8639260888099671,-0.007026849595488525,0.22606994293483182,14.463552356909572,0.5695306658744812,0.8807096481323242,0.001800250751527553,0.001269078231770953,0.0012422841097951688,0.14144642359113505
1781868781.866051,71.21221709251404,playing_with_blocks,mixed_social_nonsocial_movie,mixed,2048,1,0.2388209267929233,0.128502999455507,0.18366196312421515,1,0,0.5708054900169373,0.8637847661972046,-0.013689953430439942,0.2337278561330061,14.112352134180536,0.5699834227561951,0.8799664378166199,0.0008702587932957747,0.0009299919582317783,0.0016303803298361532,0.14220563438308162
1781868781.90097,71.24713611602783,playing_with_blocks,mixed_social_nonsocial_movie,mixed,2049,1,0.34516347430713945,0.19154487535833342,0.26835417483273644,1,0,0.570991325378418,0.8640285074710846,0.0016443942839383817,0.22905076912888214,14.546246640693846,0.5693185925483704,0.8801363110542297,0.0006861895671695251,0.0001840692261262496,0.00033302240451825313,0.136085033460548
1781868781.9358358,71.28200197219849,playing_with_blocks,mixed_social_nonsocial_movie,mixed,2050,1,0.25306406545819093,0.13616873212954564,0.19461639879386827,1,0,0.5710469245910645,0.8638874590396881,0.007939787527144427,0.23438625717666367,14.682542976645337,0.5692295134067535,0.8799212276935577,0.000232800226608889,0.0004533893405606361,0.0014239877781007423,0.14092285564502874
1781868781.9698648,71.3160309791565,playing_with_blocks,mixed_social_nonsocial_movie,mixed,2051,1,0.21496319080432705,0.30984753557386163,0.26240536318909435,1,0,0.5707703948020935,0.8637343227863312,0.009724842797191935,0.2280884428306152,14.869098397408898,0.5690373182296753,0.8805302083492279,0.0006385894025683514,0.00040578917595946243,0.002131817915141851,0.13551073926094787
1781868782.0057511,71.3519172668457,playing_with_blocks,mixed_social_nonsocial_movie,mixed,2052,1,0.24243954076196875,0.2511084247444343,0.2467739827532015,1,0,0.5710663318634033,0.863911610841751,0.008023462351833002,0.2306209585982423,14.491077980136156,0.5692521035671234,0.8805409371852875,0.00021505313089070796,0.00042353627167764345,0.0008946257800822728,0.13736417082390534
1781868782.039181,71.38534712791443,playing_with_blocks,mixed_social_nonsocial_movie,mixed,2053,1,0.2764843923455194,0.28164096902217683,0.2790626806838481,1,0,0.5708737730979919,0.863874077796936,0.008984253224824984,0.23005625834484236,14.475901796194675,0.5689777731895447,0.8809360265731812,0.00048099145573356254,0.0002659383248428546,0.0007679407400423885,0.1354889158170113
1781868782.073538,71.41970419883728,playing_with_blocks,mixed_social_nonsocial_movie,mixed,2054,1,0.20696193613928393,0.26074213798971163,0.23385203706449778,1,0,0.5709648072719574,0.8636002957820892,0.001943351098742844,0.23691659717750474,15.76861649149913,0.5691445767879486,0.8798305690288544,0.0011179712978200734,0.000636979842086511,0.002731461447014033,0.1394035934282843
1781868782.107392,71.45355820655823,playing_with_blocks,mixed_social_nonsocial_movie,mixed,2055,1,0.23197264849719082,0.29174482409605557,0.2618587362966232,1,0,0.5711831331253052,0.8634252786636352,0.015119227540913252,0.23697284813876415,15.647529519090519,0.5688566267490387,0.8792975544929504,0.000605821525197894,0.0005121497726221795,0.005434321433934599,0.13588671234046834
1781868782.14303,71.48919606208801,playing_with_blocks,mixed_social_nonsocial_movie,mixed,2056,1,0.23049549666480088,0.2549677985240727,0.24273164759443677,1,0,0.5711491882801056,0.8634944975376129,0.011433950135276672,0.234030385110662,15.796791204134296,0.5690029263496399,0.8798007369041443,0.0005240191905559604,8.180233464193359e-05,0.012553699099154601,0.13980193295696342
1781868782.177474,71.52364015579224,playing_with_blocks,mixed_social_nonsocial_movie,mixed,2057,1,0.22320828459567257,0.30135768773620586,0.2622829861659392,1,0,0.5711939692497253,0.8635761439800262,0.0064572888702725175,0.23649719006378528,16.857400550745304,0.5692646503448486,0.8793454766273499,0.0005251298594585619,1.1106689026015156e-06,0.003984340783283411,0.13754910765881087
1781868782.21161,71.55777621269226,playing_with_blocks,mixed_social_nonsocial_movie,mixed,2058,1,0.23392182587810897,0.2638317977014761,0.24887681178979254,1,0,0.5708378612995149,0.8636719524860382,0.003579272943922792,0.23313851506624145,16.642100855819464,0.569281816482544,0.88020259141922,0.0008572866747628407,0.00033215681530427885,0.005233352702860783,0.13940739795746449
1781868782.2459562,71.59212231636047,playing_with_blocks,mixed_social_nonsocial_movie,mixed,2059,1,0.24144786463351361,0.23962090307845182,0.24053438385598272,1,0,0.5709164023399353,0.8636483609676362,0.0018103262719479716,0.23229456375164148,16.05271773139419,0.5695935189723969,0.8808513283729553,0.0007197347270504073,0.00013755194771243346,0.008846673646804751,0.1390721191946278
1781868782.2786078,71.62477397918701,playing_with_blocks,mixed_social_nonsocial_movie,mixed,2060,1,0.26768581845113243,0.13608660235711595,0.2018862104041242,1,0,0.571588110923767,0.8639028668403625,0.015034822712669503,0.2267897256664847,15.215697945105207,0.5692807137966156,0.8808163404464722,0.00031475583075636475,0.0004049788962940425,0.00413666856639472,0.14234659756589427
1781868782.313405,71.65957117080688,playing_with_blocks,mixed_social_nonsocial_movie,mixed,2061,1,0.26205922964169637,0.10913917030688591,0.18559919997429114,1,0,0.5711131751537324,0.8637580335140228,0.010016925249673729,0.2295305006069089,15.452845588446475,0.5693918764591217,0.8805904388427734,0.0002517710707946887,6.298475996167603e-05,0.005493512687059391,0.14288337308998666
1781868782.347969,71.6941351890564,playing_with_blocks,mixed_social_nonsocial_movie,mixed,2062,1,0.2605103518115969,0.1284033384011059,0.1944568451063514,1,0,0.5711223542690278,0.8638844311237335,0.007048413853893004,0.22854580126353913,14.896891909642743,0.5696300864219666,0.8808495998382568,0.0003520062612773958,0.00010023519048270709,0.0019043875642738564,0.1436053573266126
1781868782.384913,71.7310791015625,playing_with_blocks,mixed_social_nonsocial_movie,mixed,2063,1,0.2852246363567327,0.161533337499491,0.22337898692811184,1,0,0.570571517944336,0.8635948419570922,0.004790269860620999,0.22779904047652733,15.027291939245295,0.5694302320480347,0.8804961740970612,0.0004060191194013165,5.40128581239207e-05,0.001460097258962483,0.13942156179537538
1781868782.416461,71.76262712478638,playing_with_blocks,mixed_social_nonsocial_movie,mixed,2064,1,0.2751204453520808,0.24470484590642985,0.2599126456292553,1,0,0.5711070537567139,0.864036762714386,0.009211381128458236,0.22679871381507982,15.808896622773988,0.569291889667511,0.8807419240474701,0.00028201356771430944,0.00012400555168700706,0.0006903596566707613,0.1378967550716964
1781868782.452749,71.79891514778137,playing_with_blocks,mixed_social_nonsocial_movie,mixed,2065,1,0.23566745691031385,0.16676286004137655,0.2012151584758452,1,0,0.5714470505714416,0.8640419721603394,0.01181988029120587,0.22735231648752013,15.063229790640674,0.5694644153118134,0.8801823556423187,0.0005855611821027687,0.00030354761438845926,0.0012638286825918754,0.14248296464562718
1781868782.4856782,71.83184432983398,playing_with_blocks,mixed_social_nonsocial_movie,mixed,2066,1,0.20237039151510874,0.1379726705348503,0.1701715310249795,0,1,0.5711071431636809,0.8641325294971466,0.01210589588115685,0.22659309769278488,15.468955332668328,0.5694224834442139,0.8806023895740509,0.0004221217659950416,0.00016343941610772708,0.0007131513593666902,0.14418205144974736
1781868782.521312,71.86747813224792,playing_with_blocks,mixed_social_nonsocial_movie,mixed,2067,1,0.2943391658099439,0.12572992368318472,0.2100345447465643,1,0,0.5708410799503327,0.8641762912273407,0.007769291835346358,0.23115416267964914,13.811739230476611,0.569577157497406,0.8807930052280426,0.00024547584459080234,0.00017664592140423927,0.002167677280007749,0.14174834474667733
1781868782.555521,71.90168714523315,playing_with_blocks,mixed_social_nonsocial_movie,mixed,2068,1,0.24774905994105198,0.12723382746094974,0.18749144370100085,1,0,0.5709776222705841,0.8642149865627289,0.002835259851626851,0.23277522157962968,14.913377133560596,0.569571852684021,0.88099604845047,0.00020311250876974435,4.236333582105799e-05,0.0024420103421059756,0.1436480254270633
1781868782.5932548,71.93942093849182,playing_with_blocks,mixed_social_nonsocial_movie,mixed,2069,1,0.278212944626934,0.2370369019866177,0.2576249233067759,1,0,0.5708269298076629,0.8638638556003571,0.01011160304467843,0.23460844385664734,15.037409549387085,0.5694154798984528,0.8800833225250244,0.0009260243317790401,0.0007229118230092958,0.002211369750633332,0.13820287418476618
1781868782.624685,71.97085118293762,playing_with_blocks,mixed_social_nonsocial_movie,mixed,2070,1,0.3385450269231824,0.1601022977387233,0.24932366233095285,1,0,0.5706128120422364,0.863694006204605,0.01635683002535912,0.23140568626491786,14.322946207337061,0.5690242648124695,0.8800164759159088,0.000396885011875173,0.0005291393199038672,0.003961280133944097,0.14151782335167706
1781868782.6584132,72.0045793056488,playing_with_blocks,mixed_social_nonsocial_movie,mixed,2071,1,0.3100381049096535,0.11949786102510764,0.21476798296738056,1,0,0.570898061990738,0.8638062953948975,0.013680363166069846,0.2278962071148864,14.790503760905473,0.5691859722137451,0.8801012933254242,0.00018260141451866956,0.00021428359735650346,0.0025257557395664855,0.1419972882193251
1781868782.69448,72.04064607620239,playing_with_blocks,mixed_social_nonsocial_movie,mixed,2072,1,0.22258774316380797,0.15089338712320302,0.1867405651435055,1,0,0.5706245183944703,0.8637762725353241,0.010026981665444558,0.23064181374353784,15.198851800271562,0.5691350400447845,0.880403071641922,0.00030604613727880343,0.00012344472276013387,0.004274396133372961,0.1423776724833842
1781868782.726352,72.07251811027527,playing_with_blocks,mixed_social_nonsocial_movie,mixed,2073,1,0.33027183713722713,0.1685388425788647,0.24940533985804592,1,0,0.570722472667694,0.8637479901313782,0.00794688376222477,0.23139072000772898,14.014492848009178,0.5689728260040283,0.8807496130466461,0.00038262820100801447,7.658206372921104e-05,0.0010324724006565348,0.13596201768642507
1781868782.7613351,72.10750126838684,playing_with_blocks,mixed_social_nonsocial_movie,mixed,2074,1,0.2800373277203422,0.2142624621707742,0.24714989494555817,1,0,0.5705745816230774,0.863616806268692,0.015281946024119196,0.23719241964831117,14.84333432171728,0.5688692033290863,0.8805350065231323,0.0002383141177035373,0.00014431408330447718,0.001157246481449661,0.13514466683800047
1781868782.797205,72.14337110519409,playing_with_blocks,mixed_social_nonsocial_movie,mixed,2075,1,0.20806086391261466,0.2795344635365201,0.2437976637245674,1,0,0.5707018733024598,0.8638028740882873,0.013331562942684155,0.23359956551295985,15.543134425608864,0.5692077279090881,0.8804189562797546,0.0003578638711206206,0.00011954975341708332,0.0024382511961479475,0.1379236100951832
1781868782.830626,72.17679214477539,playing_with_blocks,mixed_social_nonsocial_movie,mixed,2076,1,0.20992482035593607,0.22143058689122536,0.2156777036235807,1,0,0.5713093698024749,0.864150470495224,0.010228466982728066,0.2290087466248684,15.345215403235208,0.5691678822040558,0.880378782749176,5.6582618962678896e-05,0.0003012812521579417,0.0027094274184193295,0.13973436938013822
1781868782.864332,72.21049809455872,playing_with_blocks,mixed_social_nonsocial_movie,mixed,2077,1,0.22179047512763164,0.23364210031090568,0.22771628771926866,1,0,0.5719918489456177,0.8642070710659027,0.021307478530734357,0.22921516410041973,14.739723070220563,0.5690072178840637,0.8804500699043274,0.00017576940065918155,0.00011918678169650266,0.005372862327747656,0.14072777983335613
1781868782.900394,72.24656009674072,playing_with_blocks,mixed_social_nonsocial_movie,mixed,2078,1,0.22065302788696087,0.15297350622694034,0.18681326705695062,1,0,0.5719870328903198,0.8644062757492066,0.020776743704261694,0.2296607537977459,15.317199353610123,0.5690872073173523,0.8810290694236755,0.0005844987192827796,0.0004087293186235981,0.005237937884648107,0.14495267598740422
1781868782.934218,72.2803840637207,playing_with_blocks,mixed_social_nonsocial_movie,mixed,2079,1,0.2591104998312439,0.23015890467646175,0.2446347022538528,1,0,0.5710690915584564,0.864761483669281,0.01816012034407332,0.2307816638468598,17.372579255084357,0.5689791440963745,0.8807375133037567,0.0003109383070485405,0.00027356041223423915,0.002560892888514484,0.14574473693088083
1781868782.9688551,72.315021276474,playing_with_blocks,mixed_social_nonsocial_movie,mixed,2080,1,0.3617701209769525,0.20277575314849128,0.2822729370627219,1,0,0.571061760187149,0.8642854392528534,0.02292923565818263,0.229910680560122,14.122396434251774,0.568994551897049,0.880338728427887,0.000399082419487599,8.814411243905851e-05,0.0025435848514524287,0.1388293573343636
1781868783.004276,72.3504421710968,playing_with_blocks,mixed_social_nonsocial_movie,mixed,2081,1,0.31080516591692486,0.1930704578688073,0.25193781189286607,1,0,0.5711604416370392,0.8644356310367585,0.016141555212901247,0.2255326599473413,14.712715458460265,0.5690552592277527,0.8810927271842957,0.0007564386985519883,0.0003573562790643893,0.005418592086441121,0.14041116658080088
1781868783.03716,72.38332605361938,playing_with_blocks,mixed_social_nonsocial_movie,mixed,2082,1,0.2709807607800053,0.2671252718670476,0.26905301632352646,1,0,0.5707666039466858,0.8643959939479828,0.01588018319878667,0.22838846871620708,15.195163327289475,0.5688681304454803,0.8806888461112976,0.000445125939797696,0.0003113127587542923,0.019587722160230425,0.1391991123282127
1781868783.071329,72.4174952507019,playing_with_blocks,mixed_social_nonsocial_movie,mixed,2083,1,0.2062542588533882,0.04784353105669922,0.1270488949550437,0,1,0.5709520518779755,0.8651192963123322,0.010779396416706492,0.22824550358914864,15.192314190228478,0.5691687166690826,0.8804579973220825,0.0003790029568506833,6.612298294701269e-05,0.002727193322259477,0.15297123369100968
1781868783.1067939,72.45296001434326,playing_with_blocks,mixed_social_nonsocial_movie,mixed,2084,1,0.23486259150382985,0.03807833059495078,0.1364704610493903,0,1,0.5713811278343202,0.8654353022575378,0.010684522689844838,0.22465780942984137,15.177820327013952,0.5692623257637024,0.8806361556053162,0.00020125366202951016,0.00017774929482117314,0.007018335278707987,0.15554643168491655
1781868783.140394,72.48656010627747,playing_with_blocks,mixed_social_nonsocial_movie,mixed,2085,1,0.29374103053189526,0.04804306296403145,0.17089204674796335,0,1,0.5710773289203643,0.8655241668224335,0.009425992475668847,0.2270342912747661,14.288879741638826,0.5693195164203644,0.8811114728450775,0.0004787454956694427,0.0002774918336399325,0.001839146275889017,0.15312866764388242
1781868783.176287,72.52245306968689,playing_with_blocks,mixed_social_nonsocial_movie,mixed,2086,1,0.28427872748731947,0.04770430952687259,0.16599151850709604,0,1,0.5708571016788483,0.8651508688926697,0.008660161389781759,0.22810187597506143,14.100431813776195,0.5691153407096863,0.8810065984725952,0.00022953508410363676,0.00024921041156580594,0.0015851806373002593,0.15137146318530373
1781868783.2094562,72.55562233924866,playing_with_blocks,mixed_social_nonsocial_movie,mixed,2087,1,0.20641294798850573,0.07810252191503832,0.14225773495177202,0,1,0.5710681319236754,0.8645564436912536,0.011348340557106606,0.2313048984061348,15.07016071540767,0.5692321360111237,0.8809909820556641,0.00011783469317486916,0.0001117003909287676,0.001424428146206821,0.14724697227470004
1781868783.244902,72.59106802940369,playing_with_blocks,mixed_social_nonsocial_movie,mixed,2088,1,0.24656163784225396,0.047994626272523315,0.14727813205738863,0,1,0.5711062908172607,0.86460639834404,0.007565126090646379,0.23083579779916297,14.435155915318447,0.5691912174224854,0.8804983794689178,0.0004942991395554052,0.00037646444638053607,0.0009192516484098579,0.1477921629198606
1781868783.277478,72.62364411354065,playing_with_blocks,mixed_social_nonsocial_movie,mixed,2089,1,0.19919547354788245,0.04061365050046921,0.11990456202417582,0,1,0.5707310736179352,0.8644164025783538,0.004771741730849233,0.23026970804879027,14.248945061097185,0.5691830515861511,0.8807527422904968,0.0002544938621748217,0.0002398052773805835,0.0017455455238638276,0.1479016184437626
1781868783.311876,72.6580421924591,playing_with_blocks,mixed_social_nonsocial_movie,mixed,2090,1,0.2247406967355172,0.10394605633269623,0.16434337653410672,0,1,0.57059765458107,0.8642845749855042,0.008047298353716063,0.23108338976446277,14.091554889582627,0.5692248642444611,0.8808039128780365,6.608121839145239e-05,0.00018841264378336933,0.0007430923758879306,0.14372602870241158
1781868783.347305,72.6934711933136,playing_with_blocks,mixed_social_nonsocial_movie,mixed,2091,1,0.24453495003780604,0.0766355848071077,0.16058526742245688,0,1,0.5704798519611358,0.8641003549098969,0.012945436469649971,0.23077179219320604,14.360870385743853,0.5690366923809052,0.8800318241119385,0.0007946884376715633,0.0007286072192801108,0.0020250227735802762,0.14528362234305012
1781868783.3809102,72.72707629203796,playing_with_blocks,mixed_social_nonsocial_movie,mixed,2092,1,0.21060664212711352,0.06932721746238853,0.13996692979475103,0,1,0.5710252702236176,0.8648355901241302,0.017579705579329908,0.23301469080543796,13.828718424669463,0.5689813196659088,0.8798113465309143,0.00022732466056355407,0.0005673637771080092,0.0002643547711522545,0.1486204176535419
1781868783.416304,72.76247024536133,playing_with_blocks,mixed_social_nonsocial_movie,mixed,2093,1,0.24022910698066782,0.14247377917697027,0.19135144307881904,1,0,0.570604932308197,0.8645516037940979,0.0138134300166381,0.23384931837463135,14.988599303821122,0.5691981613636017,0.8792138695716858,0.0006356091870538687,0.00040828452649031464,0.0005410467821243452,0.14513045666608002
1781868783.450109,72.79627513885498,playing_with_blocks,mixed_social_nonsocial_movie,mixed,2094,1,0.2165011536379485,0.11471196401151695,0.16560655882473274,0,1,0.5710346639156342,0.8644665241241456,0.005203787559576974,0.23573236166972056,15.588763289071156,0.5695420503616333,0.8787652254104614,0.0005652797770731792,7.032940998068953e-05,0.0010336370840797,0.14534270859760232
1781868783.485047,72.8312132358551,playing_with_blocks,mixed_social_nonsocial_movie,mixed,2095,1,0.2478080369486529,0.1334059967930491,0.190607016870851,1,0,0.5710357308387757,0.864501166343689,0.007029856234747144,0.23420042624994125,15.67200435905346,0.5695353746414185,0.8786396682262421,0.0001257345288672975,0.0004395452482058817,0.00031207773102772643,0.14372481401083786
1781868783.519231,72.86539721488953,playing_with_blocks,mixed_social_nonsocial_movie,mixed,2096,1,0.2803854846967065,0.14869608283834865,0.21454078376752755,1,0,0.5711649954319,0.8645313620567322,0.007277480965782361,0.23541726959160772,14.899013008603863,0.5695168375968933,0.8797909617424011,0.0011514427395097047,0.0010257082106424071,0.00024105213775258693,0.1424945703944369
1781868783.5537941,72.89996027946472,playing_with_blocks,mixed_social_nonsocial_movie,mixed,2097,1,0.3133173301113841,0.11839480628988044,0.21585606820063225,1,0,0.5706957101821899,0.8647132992744446,0.005357683071039951,0.22876111982889058,13.192329131093828,0.5695158243179321,0.8802605867385864,0.00046962608932670977,0.0006818166501829949,0.0009437481748703256,0.14332056022338402
1781868783.587817,72.93398308753967,playing_with_blocks,mixed_social_nonsocial_movie,mixed,2098,1,0.2701880955654781,0.09686935471571824,0.18352872514059818,1,0,0.5709613919258119,0.8647139191627502,0.01619565098976132,0.22734858700244548,13.28652123320231,0.5691550076007843,0.8809551298618317,0.0007826741681061071,0.0003130480787793973,0.0012721071354462594,0.14858050256081126
1781868783.622028,72.96819424629211,playing_with_blocks,mixed_social_nonsocial_movie,mixed,2099,1,0.2662005321351245,0.22822911548254926,0.2472148238088369,1,0,0.5709352135658264,0.8643590033054351,0.012781638208226875,0.23150081165597755,14.102120394274678,0.5693341493606567,0.8806143403053284,0.0003850055739231665,0.0003976685941829406,0.00042719661458544067,0.13882429418640518
1781868783.656418,73.00258421897888,playing_with_blocks,mixed_social_nonsocial_movie,mixed,2100,1,0.33156126783954765,0.18554820709174213,0.2585547374656449,1,0,0.57092125415802,0.8643320679664612,0.004754667035749205,0.23678037827139475,14.004220838304693,0.5694697201251984,0.8800109624862671,0.0006184207505683706,0.00023341517664520416,0.00033133805251745586,0.13899229582583486
1781868783.692439,73.03860521316528,playing_with_blocks,mixed_social_nonsocial_movie,mixed,2101,1,0.30714594374952964,0.15741176601398804,0.23227885488175884,1,0,0.5710910677909851,0.8646596193313598,0.009077408420476945,0.23037765769968313,13.61711903292392,0.5695104598999023,0.8810805082321167,0.0010703213684253568,0.00045190061785698615,0.0004460732350829309,0.141869989416011
1781868783.725117,73.07128310203552,playing_with_blocks,mixed_social_nonsocial_movie,mixed,2102,1,0.32702850024462776,0.32684480094547336,0.32693665059505056,1,0,0.5712658345699311,0.8651237845420838,0.004372430469776886,0.2282927404449606,15.228649745635895,0.5694276690483093,0.8810296356678009,9.717171866115085e-05,0.000973149649764206,0.0020142868394500495,0.13710083933829634
1781868783.76002,73.10618615150452,playing_with_blocks,mixed_social_nonsocial_movie,mixed,2103,1,0.2666542469361754,0.21815825973837666,0.24240625333727603,1,0,0.5715490877628326,0.8647019147872925,0.009928813865838024,0.23297580155412154,14.83567613266815,0.5694354772567749,0.8800636827945709,0.0009659844312517136,0.0008688127125905628,0.0025410731745752553,0.14143932424634537
1781868783.796596,73.14276218414307,playing_with_blocks,mixed_social_nonsocial_movie,mixed,2104,1,0.28391638688093446,0.12089884066846444,0.20240761377469946,1,0,0.5715435564517974,0.8644391059875488,0.013314866605652512,0.23306887977795554,14.905191025881866,0.5692726671695709,0.8803616166114807,0.0003395168386896351,0.0006264675925620785,0.0031829070571560963,0.14419001786409644
1781868783.8287349,73.17490100860596,playing_with_blocks,mixed_social_nonsocial_movie,mixed,2105,1,0.24644140629673386,0.06333458307136484,0.15488799468404935,0,1,0.5710270881652832,0.8642395734786987,0.0025012023709900413,0.23486001953928673,14.975254664964263,0.5693741142749786,0.8798432350158691,0.0005282149125729068,0.00018869807388327174,0.001108271953527931,0.14704555365656757
1781868783.8635452,73.20971131324768,playing_with_blocks,mixed_social_nonsocial_movie,mixed,2106,1,0.2977898679164029,0.15641463493236127,0.22710225142438206,1,0,0.5711477756500244,0.8648224353790284,0.009484241371966504,0.22892457908814354,15.028402144955212,0.5692078471183777,0.8804845213890076,0.0006624899846316202,0.00013427507205871338,0.0005099574104837541,0.14245899223373162
1781868783.898401,73.24456715583801,playing_with_blocks,mixed_social_nonsocial_movie,mixed,2107,1,0.23806195985095216,0.11434612703636293,0.17620404344365753,0,1,0.5712905287742616,0.8645998656749725,0.010377214485543573,0.23038290892178379,15.5152855435254,0.5694316625595093,0.8802328705787659,0.0003367810594202601,0.00032570892521136013,0.0005601706066264034,0.14401216066135464
1781868783.9318452,73.27801132202148,playing_with_blocks,mixed_social_nonsocial_movie,mixed,2108,1,0.308919045776751,0.2105783117581216,0.2597486787674363,1,0,0.5714648962020874,0.8649474322795868,0.016584465817662097,0.22509742913665653,14.762975516727689,0.5694011151790619,0.8815485239028931,0.0013160079071719674,0.0009792268477517073,0.0009912859697286268,0.1389761339635925
1781868783.968239,73.3144052028656,playing_with_blocks,mixed_social_nonsocial_movie,mixed,2109,1,0.2511457093486235,0.18651216338790313,0.21882893636826334,1,0,0.5715043544769287,0.8645488440990448,0.017088595608433708,0.2300705567697242,14.769643535095684,0.5692741870880127,0.8811760246753693,0.00039353070376175613,0.0009224772034102113,0.0007455955271057519,0.13970699715801682
1781868784.0030599,73.3492259979248,playing_with_blocks,mixed_social_nonsocial_movie,mixed,2110,1,0.2340115481805901,0.2769489580087533,0.2554802530946717,1,0,0.5714120984077453,0.8641841828823089,0.011934745292217856,0.2330960828572628,14.997970194411806,0.569304883480072,0.8806059956550598,0.0005708549312044254,0.00017732422744266927,0.001771328851270863,0.13671700835665718
1781868784.035202,73.3813681602478,playing_with_blocks,mixed_social_nonsocial_movie,mixed,2111,1,0.25759384262767476,0.18193254804681255,0.21976319533724364,1,0,0.5715543866157532,0.86412672996521,0.012687636078568418,0.23314260513997748,15.163938195674369,0.5693706274032593,0.8803709745407104,0.00024404341340439657,0.00032681151780002886,0.0010528374026297063,0.13960442245887228
1781868784.070156,73.41632223129272,playing_with_blocks,mixed_social_nonsocial_movie,mixed,2112,1,0.22216336284768792,0.16366203435166554,0.19291269859967675,1,0,0.5712588608264924,0.8638815224170685,0.015023099999185763,0.23674674793037506,14.750565442110071,0.5693255364894867,0.8803031146526337,8.147487290349047e-05,0.0001625685405009061,0.0008870978506382493,0.14084456069845952
1781868784.10451,73.45067620277405,playing_with_blocks,mixed_social_nonsocial_movie,mixed,2113,1,0.1908563539684887,0.1469282764401042,0.16889231520429646,0,1,0.570711225271225,0.8638550341129303,0.004036309112226025,0.23454219235241325,15.135920498394043,0.5695803463459015,0.8807468116283417,0.0005116591337781052,0.0004301842608746147,0.0005317977843984885,0.13954441047226962
1781868784.13874,73.48490619659424,playing_with_blocks,mixed_social_nonsocial_movie,mixed,2114,1,0.20050436566899882,0.16259748626499237,0.1815509259669956,1,0,0.5710328996181488,0.8639768183231353,0.01623607123942423,0.23517063569518645,15.345408017994004,0.5692229270935059,0.8804495930671692,0.000464852014181388,4.6807119596717134e-05,0.0010767811646557788,0.13840064020056572
1781868784.1765141,73.52268028259277,playing_with_blocks,mixed_social_nonsocial_movie,mixed,2115,1,0.2288727712097634,0.14184556842119536,0.1853591698154794,1,0,0.5711924791336059,0.8642686009407043,0.022114914476737215,0.22850260585995985,14.532505045379493,0.5691023170948029,0.8804486691951752,0.00012061353707855392,0.0003442384771028341,0.0015338007023971987,0.141872914493794
1781868784.2070248,73.55319094657898,playing_with_blocks,mixed_social_nonsocial_movie,mixed,2116,1,0.2635895142840825,0.2525363834757841,0.2580629488799333,1,0,0.5714054644107819,0.8642312407493591,0.032029168603200306,0.22297392160104873,16.187008619838537,0.5690233111381531,0.8811375498771667,0.0006933963766903656,0.0005727828396118117,0.008969914249433771,0.13691028487805706
1781868784.242199,73.58836507797241,playing_with_blocks,mixed_social_nonsocial_movie,mixed,2117,1,0.3414471577971132,0.20732691663423475,0.274387037215674,1,0,0.5711057901382446,0.8644949913024902,0.01872522632016033,0.2289859621494086,13.93557924006013,0.5690260827541351,0.8811855316162109,4.8061722158664695e-05,0.000645334654531701,0.0007443871582506469,0.13848191537436752
1781868784.276321,73.62248706817627,playing_with_blocks,mixed_social_nonsocial_movie,mixed,2118,1,0.3434528621080452,0.20365957058580478,0.273556216346925,1,0,0.5710070967674256,0.864216011762619,0.020772405701793836,0.22818914249156427,14.204440507088956,0.5691716969013214,0.8805452883243561,0.0006565934454637305,0.0006085317233050658,0.0008216916466497171,0.13604279062760655
1781868784.311451,73.65761709213257,playing_with_blocks,mixed_social_nonsocial_movie,mixed,2119,1,0.33386927433089675,0.18200748770720132,0.25793838101904903,1,0,0.5712010502815246,0.863960736989975,0.015381623428963027,0.2288703817905091,13.556052264899837,0.5691626965999603,0.8808849155902863,0.0003397465013621136,0.0003168469441016169,0.000645320194384046,0.13433183309591978
1781868784.344348,73.690514087677,playing_with_blocks,mixed_social_nonsocial_movie,mixed,2120,1,0.2666223621925233,0.27879851566071656,0.27271043892661995,1,0,0.5706936359405517,0.8636854708194732,0.015417339500850861,0.24081664056441018,14.382255066744147,0.5692587792873383,0.879635363817215,0.0012532404064661206,0.000913493905104007,0.0005346431844160289,0.13309283764976348
1781868784.379658,73.72582411766052,playing_with_blocks,mixed_social_nonsocial_movie,mixed,2121,1,0.23804264789668758,0.16324819081411623,0.20064541935540192,1,0,0.5709944903850555,0.8635047197341919,0.011149721772409605,0.23776895878401608,14.729302644095313,0.5690335631370544,0.8796924352645874,0.00023233481111070302,0.0010209055953554176,0.0006616126192866377,0.13868654158402616
1781868784.414716,73.76088213920593,playing_with_blocks,mixed_social_nonsocial_movie,mixed,2122,1,0.29739622924210735,0.21435884777222144,0.2558775385071644,1,0,0.5710862755775452,0.8635085463523864,0.014912465425223849,0.2364984792414953,14.517059358721353,0.5691679120063782,0.8799859881401062,0.00032283573131535517,9.050092020465215e-05,0.0013415762102590783,0.1370622510246096
1781868784.449756,73.79592204093933,playing_with_blocks,mixed_social_nonsocial_movie,mixed,2123,1,0.2586316930565781,0.17810758720751402,0.21836964013204607,1,0,0.5710328578948974,0.8635271191596985,0.022609521736588603,0.23070708468366316,15.35077663276317,0.5690343379974365,0.8803661465644836,0.0004029422334403319,8.010650212497672e-05,0.012605859053167336,0.13439479101184595
1781868784.483722,73.82988810539246,playing_with_blocks,mixed_social_nonsocial_movie,mixed,2124,1,0.23146679644974819,0.1420505784711041,0.18675868746042615,1,0,0.5707411229610444,0.8638885736465454,0.02221946092855099,0.23100736012811668,15.392299880885696,0.5688075423240662,0.88022780418396,0.0002656593527592709,0.00013728288068106097,0.0023278043222656366,0.13891056091195117
1781868784.517833,73.86399912834167,playing_with_blocks,mixed_social_nonsocial_movie,mixed,2125,1,0.2171021126820522,0.12313966968860038,0.1701208911853263,0,1,0.5710835754871368,0.8638408303260803,0.003154290452557893,0.23347232522681668,15.80638522349006,0.5695237219333649,0.8802765011787415,0.0007178332884980997,0.0004521739357388288,0.0015350417656201233,0.14086115186913953
1781868784.552491,73.89865708351135,playing_with_blocks,mixed_social_nonsocial_movie,mixed,2126,1,0.3006220928352673,0.1311346845683157,0.2158783887017915,1,0,0.571149218082428,0.8641258597373962,0.013311119114051594,0.2301569474603435,14.168631077022154,0.5690820813179016,0.881014347076416,0.0008599203462774575,0.00014208705777935774,0.006153886690331655,0.13877266541907474
1781868784.5866618,73.93282794952393,playing_with_blocks,mixed_social_nonsocial_movie,mixed,2127,1,0.3166454514148882,0.17672191133152912,0.24668368137320867,1,0,0.5713230192661285,0.8644209027290344,0.01520426477549268,0.2313295881964909,14.049784849816703,0.5690938234329224,0.88072270154953,0.0002918818093300183,0.0005680385369474392,0.004921721967471124,0.1367686607249864
1781868784.621116,73.96728205680847,playing_with_blocks,mixed_social_nonsocial_movie,mixed,2128,1,0.31781914336628003,0.19019201651557735,0.2540055799409287,1,0,0.5711835741996765,0.8639317274093627,0.017918147845072934,0.23376588017979116,14.186602636613634,0.569148987531662,0.8805393874645233,0.00019143440534972732,0.00010044740398029096,0.0009572980265324867,0.13456131012459419
1781868784.655402,74.00156807899475,playing_with_blocks,mixed_social_nonsocial_movie,mixed,2129,1,0.26166447241606405,0.13614425371949293,0.19890436306777848,1,0,0.5708578169345856,0.8635129451751709,0.01511841265442739,0.23263154497278996,13.893643353339511,0.5690049827098846,0.880455493927002,0.00016665987619392006,2.4774529155807256e-05,0.0035147186169907033,0.13789459123806383
1781868784.689352,74.03551816940308,playing_with_blocks,mixed_social_nonsocial_movie,mixed,2130,1,0.25896760578823647,0.22313745647417124,0.24105253113120384,1,0,0.5707095980644226,0.8636670351028443,0.0067581081532003245,0.23444471883566975,14.48032981137231,0.5694010257720947,0.880269318819046,0.00043762001547820325,0.0002709601392842832,0.0016013481411783865,0.1374936317663694
1781868784.723707,74.06987309455872,playing_with_blocks,mixed_social_nonsocial_movie,mixed,2131,1,0.27053261426345443,0.12383889526881624,0.19718575476613534,1,0,0.5710972487926483,0.8642913758754731,0.01251061025119505,0.2352390705675517,13.426237370444502,0.5691676735877991,0.8805885314941406,0.0003954111453368589,4.2208870141344354e-05,0.001124937774448196,0.14488199316216305
1781868784.760014,74.10618019104004,playing_with_blocks,mixed_social_nonsocial_movie,mixed,2132,1,0.20020907443397046,0.13408118839071922,0.16714513141234483,0,1,0.5709383010864257,0.8637953460216523,0.013670864972381005,0.2433085982299173,14.524914766079641,0.5692433714866638,0.8802730143070221,0.0003244707494670775,7.094039586978137e-05,0.0012942563645497143,0.14333260112846133
1781868784.795454,74.14162015914917,playing_with_blocks,mixed_social_nonsocial_movie,mixed,2133,1,0.29016785329577444,0.17762751919135755,0.233897686243566,1,0,0.5711766839027405,0.8644700527191163,0.012273796404493845,0.23936910892805952,14.321241642296895,0.5693662464618683,0.8809415400028229,0.0006797241098250211,0.00035525336035794355,0.001250812043426943,0.14184554755569395
1781868784.827199,74.17336511611938,playing_with_blocks,mixed_social_nonsocial_movie,mixed,2134,1,0.22061453673429884,0.17587390461987706,0.19824422067708797,1,0,0.5713667869567871,0.864379060268402,0.01719160030339863,0.22979521983726187,14.357062961753451,0.5692658424377441,0.8816587626934052,0.0007242163737077479,4.449226388272679e-05,0.0011501208927898103,0.14233349947178217
1781868784.862151,74.2083170413971,playing_with_blocks,mixed_social_nonsocial_movie,mixed,2135,1,0.24559925801595872,0.08290485108514045,0.1642520545505496,0,1,0.5709355056285859,0.8641360938549041,0.010396783538845657,0.23003703413325177,14.09159105784436,0.569432258605957,0.881643146276474,0.0001671472809244251,0.0005570690927833228,0.0017952353285092038,0.14293879376106475
1781868784.896694,74.24286007881165,playing_with_blocks,mixed_social_nonsocial_movie,mixed,2136,1,0.24990334426569652,0.13600835412144632,0.19295584919357142,1,0,0.5706005811691284,0.8634886264801025,0.010325859005653488,0.23360752071426885,14.013618863361904,0.5692606270313263,0.8808252215385437,0.0008357381613451505,0.0006685908804207254,0.001742266013687496,0.13739271264160183
1781868784.931286,74.27745223045349,playing_with_blocks,mixed_social_nonsocial_movie,mixed,2137,1,0.24591891415461153,0.09620926194144022,0.17106408804802586,0,1,0.5705849468708039,0.8639343500137329,0.013045166526819741,0.23465485417896267,13.658103428784198,0.5692072808742523,0.8806084990501404,0.00022319150847263091,0.0006125466528725196,0.001057230930958635,0.1418901076620985
1781868784.967607,74.3137731552124,playing_with_blocks,mixed_social_nonsocial_movie,mixed,2138,1,0.26764547404215,0.11131642097985792,0.18948094751100397,1,0,0.5707179605960846,0.8639998137950897,0.010004342626993993,0.2419621393363995,14.24933474718547,0.569400817155838,0.8800592720508575,0.0005823285919747082,0.00035913708350207726,0.0018540857833916338,0.14218675539639045
1781868784.998416,74.34458208084106,playing_with_blocks,mixed_social_nonsocial_movie,mixed,2139,1,0.3074846844790767,0.09457675411864302,0.20103071929885985,1,0,0.570628398656845,0.8641389966011048,0.006556922899831129,0.23709789818772933,14.007048197377367,0.5694253742694855,0.8806377351284027,0.0005789840964255574,3.3444955491508275e-06,0.00045436913582873805,0.1419788057985104
1781868785.031897,74.3780632019043,playing_with_blocks,mixed_social_nonsocial_movie,mixed,2140,1,0.3120916599895079,0.20788367654784576,0.2599876682686768,1,0,0.5702391982078552,0.8639173746109008,0.005138677608136236,0.2317776786197961,14.70815488260571,0.5693607926368713,0.880714625120163,0.00010041343587388649,0.00047857066055167086,0.0011966865002602395,0.13669056574454744
1781868785.068686,74.41485214233398,playing_with_blocks,mixed_social_nonsocial_movie,mixed,2141,1,0.2727009721793243,0.25695025082399686,0.2648256115016606,1,0,0.570378053188324,0.8638163089752198,0.00815779040443529,0.2336803709775594,14.548288287090603,0.5692282319068909,0.8813320994377136,0.0006315432526498933,0.0005311298167760068,0.001599769287257272,0.13260023684752836
1781868785.1022458,74.44841194152832,playing_with_blocks,mixed_social_nonsocial_movie,mixed,2142,1,0.2812607196551736,0.30275111788629455,0.29200591877073406,1,0,0.5701372265815734,0.8637632906436921,0.00878687309488076,0.23248342426371732,15.374848562210753,0.5691952705383301,0.8813282251358032,3.318828155679704e-05,0.0005983549710930963,0.000914072718170384,0.12943155954178526
1781868785.137089,74.48325514793396,playing_with_blocks,mixed_social_nonsocial_movie,mixed,2143,1,0.2281183339054152,0.1513754685151662,0.1897469012102907,1,0,0.5699562847614288,0.8637833178043366,0.012281498573623047,0.23256221706080685,15.220132435190331,0.5689929723739624,0.8808078765869141,0.000558289494471807,0.00052510121291501,0.00020567074852316188,0.14030630949300066
1781868785.171319,74.51748514175415,playing_with_blocks,mixed_social_nonsocial_movie,mixed,2144,1,0.2121753668065403,0.1501825619658664,0.18117896438620334,1,0,0.5698169350624085,0.8638074398040771,0.011795680909959588,0.23331107730013048,15.52850964858807,0.5691542029380798,0.8807065486907959,0.0001904275120284847,0.00036786198244332237,0.0006101595250920793,0.1391121434087444
1781868785.2064261,74.55259227752686,playing_with_blocks,mixed_social_nonsocial_movie,mixed,2145,1,0.22144246791638422,0.2398359756151801,0.23063922176578217,1,0,0.5703675270080566,0.863812118768692,0.009248335034745708,0.23401573108433893,16.441380331105268,0.569165974855423,0.8803418278694153,0.00036491075016568687,0.00017448323813720217,0.0008281536529030271,0.13924474526671382
1781868785.2418208,74.58798694610596,playing_with_blocks,mixed_social_nonsocial_movie,mixed,2146,1,0.2807273853177257,0.15068993427357347,0.21570865979564957,1,0,0.5707076251506805,0.8638351798057555,-0.0009354505954739986,0.23516128146945933,15.162749453838188,0.5694110989570618,0.8807255625724792,0.00045534398814502325,9.043323797933638e-05,0.0007355628855955141,0.13912698254438566
1781868785.275441,74.6216070652008,playing_with_blocks,mixed_social_nonsocial_movie,mixed,2147,1,0.26347939652477215,0.2009234783818423,0.23220143745330724,1,0,0.5708050906658173,0.8638111591339112,-0.003191410760687415,0.23088697903175928,15.077718872583171,0.5693456828594208,0.8808717429637909,0.00016014984431650723,0.000295194143828516,0.0026588471758986947,0.13609450619441166
1781868785.309782,74.65594816207886,playing_with_blocks,mixed_social_nonsocial_movie,mixed,2148,1,0.23865198769634294,0.16411609657237178,0.20138404213435734,1,0,0.5709440767765045,0.8642105042934418,0.00562946377039041,0.23463887593517108,15.729616221348708,0.5693363547325134,0.8804329037666321,0.00043893832700573276,0.00027878848268922553,0.0006318200537584345,0.13998127561016757
1781868785.3454862,74.69165229797363,playing_with_blocks,mixed_social_nonsocial_movie,mixed,2149,1,0.2011153264890355,0.14437983704805105,0.17274758176854327,0,1,0.5708272933959961,0.8641774892807006,0.011309494320138195,0.23264895393258386,15.667785815993598,0.5691384077072144,0.8805706202983856,0.00024114076375216065,0.0001977975632535721,0.000706395292128343,0.14433056871700006
1781868785.378004,74.7241702079773,playing_with_blocks,mixed_social_nonsocial_movie,mixed,2150,1,0.2231501712172265,0.13586892387683375,0.17950954754703013,0,1,0.5709409952163697,0.8644338011741639,0.0012338570608365583,0.23404420806923043,15.225349045841703,0.5695975720882416,0.8799166679382324,0.0007990529507823933,0.0005579121870302327,0.0004213654760666257,0.14512914531591103
1781868785.4126458,74.7588119506836,playing_with_blocks,mixed_social_nonsocial_movie,mixed,2151,1,0.22692537661854786,0.10411814783873466,0.16552176222864126,0,1,0.5708800256252289,0.8644331395626068,0.008184211851889672,0.23061520444234998,14.957441172050205,0.5691820979118347,0.8807537853717804,0.0009345503671878285,0.00013549741640543514,0.001232702060490993,0.1453403507264852
1781868785.447922,74.79408812522888,playing_with_blocks,mixed_social_nonsocial_movie,mixed,2152,1,0.2556702001748978,0.09865186722338593,0.17716103369914185,0,1,0.5705534279346466,0.8642662703990935,0.002013384157401131,0.23133246185986056,13.861400539407315,0.5692780911922455,0.8807739913463593,9.8096846497232e-05,0.0008364535206905965,0.0008866275907072812,0.14298792336336
1781868785.481774,74.8279402256012,playing_with_blocks,mixed_social_nonsocial_movie,mixed,2153,1,0.33886940005259386,0.13612029210022736,0.2374948460764106,1,0,0.5707861483097076,0.864265501499176,0.006112213154501221,0.23217918226791157,14.029716553659126,0.569399505853653,0.8802960515022278,0.0004931206897029411,0.00039502384320570913,0.00018243473164102016,0.13903568293766355
1781868785.5165749,74.86274099349976,playing_with_blocks,mixed_social_nonsocial_movie,mixed,2154,1,0.2652583727431566,0.1549358103817846,0.2100970915624706,1,0,0.5708296656608581,0.864171177148819,0.004800279687973024,0.23981079677794653,14.668809041594049,0.569329559803009,0.8804565668106079,0.00017509315870430005,0.0003180275309986411,0.0006617455244799467,0.13872793198574113
1781868785.5514162,74.89758229255676,playing_with_blocks,mixed_social_nonsocial_movie,mixed,2155,1,0.30095449814468866,0.18136321421685728,0.24115885618077298,1,0,0.5713971853256226,0.8644644737243652,0.008286465295591301,0.23729353891734484,14.952808330306025,0.5693419575691223,0.8807230293750763,0.0002667508254301516,9.165766672585154e-05,0.0007123687850686938,0.13613888124662926
1781868785.58582,74.93198609352112,playing_with_blocks,mixed_social_nonsocial_movie,mixed,2156,1,0.2526405967490739,0.11945195127949387,0.1860462740142839,1,0,0.571138995885849,0.8647675454616547,0.008164978749183588,0.23140954038556288,15.100480880337878,0.5692908465862274,0.8812758028507233,0.0005551313790007883,0.0002883805535706367,0.0009517865453298085,0.1422123928133369
1781868785.619066,74.96523213386536,playing_with_blocks,mixed_social_nonsocial_movie,mixed,2157,1,0.3435487821751835,0.18813665572905566,0.2658427189521196,1,0,0.5705433070659638,0.8640168964862823,0.013143910734922604,0.22848301285355319,14.85381146488243,0.569211333990097,0.8815146386623383,0.00025172365374192114,0.0003034077252588671,0.001374266980084256,0.13326928125743803
1781868785.6543,75.00046610832214,playing_with_blocks,mixed_social_nonsocial_movie,mixed,2158,1,0.2885886826470073,0.2223852976241984,0.25548699013560283,1,0,0.5703965067863463,0.863665771484375,0.016547615101120114,0.22512948563577365,15.96515311705265,0.5689243972301483,0.8816143870353699,0.00030378025303223684,5.20565992903157e-05,0.00033938874280473556,0.13354684139904935
1781868785.688044,75.03421020507812,playing_with_blocks,mixed_social_nonsocial_movie,mixed,2159,1,0.28054165141244514,0.2083684393988866,0.24445504540566587,1,0,0.5707904458045959,0.8641318559646607,0.009817216122088865,0.22384330609484396,15.46055257233587,0.5690426826477051,0.8812006711959839,0.0004302931974426611,0.00012651294441042428,0.0008807430507518871,0.13672877819495985
1781868785.7220201,75.06818628311157,playing_with_blocks,mixed_social_nonsocial_movie,mixed,2160,1,0.22598867571970355,0.23291986707806306,0.2294542713988833,1,0,0.5710511922836303,0.8641767442226409,0.015816121998930826,0.22456267498781968,14.936485880729766,0.5690044462680817,0.8813679218292236,0.00017156571640570216,0.00025872748103695896,0.0017688611701509591,0.1369549891088526
1781868785.759211,75.10537719726562,playing_with_blocks,mixed_social_nonsocial_movie,mixed,2161,1,0.24359475453373228,0.1254620608705838,0.18452840770215806,1,0,0.5714854180812836,0.8641807734966278,0.016489820663405333,0.2211779117599004,14.59311796064603,0.5690207183361053,0.8817119300365448,0.00034439283805284094,0.00017282712164713878,0.0016260779655347325,0.13862981799240587
1781868785.792068,75.13823413848877,playing_with_blocks,mixed_social_nonsocial_movie,mixed,2162,1,0.1828182622409933,0.19670487745394688,0.18976156984747009,1,0,0.5718901574611663,0.8646115601062775,0.012695954434917939,0.22254366460116187,16.972907559065483,0.5694441497325897,0.8812964260578156,0.0005932433765905384,0.00024885053853769746,0.0013434902332611607,0.14012368118184232
1781868785.826112,75.17227816581726,playing_with_blocks,mixed_social_nonsocial_movie,mixed,2163,1,0.2817759017293521,0.17304407278700817,0.22740998725818012,1,0,0.5710429012775422,0.8642756938934326,0.010637970656248098,0.2266896111736081,15.321392803409932,0.5692550837993622,0.8812792003154755,0.0001898490276676901,0.0004033943489228483,0.001228234158773789,0.13602933452756516
1781868785.860498,75.20666408538818,playing_with_blocks,mixed_social_nonsocial_movie,mixed,2164,1,0.22155985161831415,0.16514741333027824,0.1933536324742962,1,0,0.5710961401462555,0.8643443644046783,0.013224775392156865,0.23123532085765125,15.825138916897467,0.5693443417549133,0.8805821537971497,0.000702738095836065,0.0005128890681683749,0.0009113354642068608,0.14004917237375614
1781868785.896397,75.24256324768066,playing_with_blocks,mixed_social_nonsocial_movie,mixed,2165,1,0.22125809283938355,0.09803751218134761,0.1596478025103656,0,1,0.5713243901729583,0.8645040571689606,0.01280013458856174,0.2340482808686874,15.289997003695055,0.5694316029548645,0.8799901604652405,0.000598390025018675,0.00010434807081738991,0.0006536185124233142,0.14597725327739786
1781868785.929,75.27516603469849,playing_with_blocks,mixed_social_nonsocial_movie,mixed,2166,1,0.2217912532289482,0.14864191215682815,0.18521658269288815,1,0,0.571138894557953,0.8644550740718842,0.011256170976827106,0.22730166492057577,15.519637050233525,0.5694871246814728,0.8810411989688873,0.001052503965918312,0.00045411394089963687,0.0012067429595539179,0.1420150155939761
1781868785.963624,75.30979013442993,playing_with_blocks,mixed_social_nonsocial_movie,mixed,2167,1,0.23777809375243597,0.21369877648141802,0.22573843511692698,1,0,0.571436470746994,0.8645209014415741,0.01227696722456829,0.23466438349229035,15.858981379176127,0.5694785714149475,0.8802098631858826,0.0008313797823331951,0.0002211241835851168,0.0006729161989003335,0.14043983569010987
1781868785.999271,75.34543704986572,playing_with_blocks,mixed_social_nonsocial_movie,mixed,2168,1,0.2798249816127414,0.30538192971575007,0.2926034556642457,1,0,0.5714479863643647,0.8647704541683197,0.014094680004055187,0.23517736081994534,16.64686995476707,0.5693302750587463,0.880158394575119,0.00015697396967801586,0.0006744058126551793,0.0003434656589634593,0.13464561980405515
1781868786.03223,75.37839603424072,playing_with_blocks,mixed_social_nonsocial_movie,mixed,2169,1,0.32258299496106785,0.2039969126264353,0.2632899537937516,1,0,0.5712752163410186,0.8641070425510406,0.009258738716301897,0.23915174896709018,15.915647219444965,0.5694135129451752,0.8793606758117676,0.0008020497310890957,0.0006450757614110799,0.0013340092353354206,0.13339944602515297
1781868786.066578,75.41274404525757,playing_with_blocks,mixed_social_nonsocial_movie,mixed,2170,1,0.29032638443023273,0.0861613871482738,0.18824388578925327,1,0,0.5709199070930482,0.8642883956432343,0.0121955362177697,0.2398123758163172,14.825344917639498,0.5693345665931702,0.8794081509113312,9.212172150731739e-05,0.0007099280095817784,0.0011859959099350702,0.14386445083532637
1781868786.1033669,75.44953298568726,playing_with_blocks,mixed_social_nonsocial_movie,mixed,2171,1,0.22100770787655885,0.15407889229689922,0.18754330008672904,1,0,0.5714170992374421,0.8642381131649017,0.010455835908646386,0.24100570726739667,14.971398779942133,0.569330245256424,0.8793499767780304,5.833441297014363e-05,3.3787308537173756e-05,0.0005719065335949236,0.14314930339402576
1781868786.136371,75.4825370311737,playing_with_blocks,mixed_social_nonsocial_movie,mixed,2172,1,0.2769216525137636,0.1796442912166748,0.2282829718652192,1,0,0.5710488438606263,0.8646538853645325,0.011078751842781278,0.2343315150872511,16.104453572655252,0.569208949804306,0.8803486824035645,0.0010060444886673073,0.0009477100756971638,0.000677266773821645,0.13954950596022886
1781868786.170231,75.51639723777771,playing_with_blocks,mixed_social_nonsocial_movie,mixed,2173,1,0.24219564530402313,0.09341968533795603,0.16780766532098956,0,1,0.5710752367973327,0.8645771980285644,0.011324933244234267,0.23371441752765393,15.600129757787398,0.5694427192211151,0.8800672888755798,0.0003658284540968471,0.0006402160345704603,0.00039583815038628337,0.14459264474048758
1781868786.205205,75.5513710975647,playing_with_blocks,mixed_social_nonsocial_movie,mixed,2174,1,0.2549454892546968,0.16423268871088342,0.2095890889827901,1,0,0.5714730858802796,0.8646200835704804,0.016710189063733172,0.23142687861874253,16.171475398180643,0.56926229596138,0.8799397647380829,0.00022094107426592864,0.00014488737983091846,0.004340408567942225,0.14394590628871856
1781868786.24049,75.58665609359741,playing_with_blocks,mixed_social_nonsocial_movie,mixed,2175,1,0.17261388543840167,0.1712100410313847,0.1719119632348932,0,1,0.5710533261299133,0.8650039196014405,0.021925751558499802,0.22868338567582208,17.09528897705494,0.5688871443271637,0.8805909156799316,0.0007514893863027525,0.0005305483120368239,0.007308447329741636,0.14675815015433058
1781868786.273151,75.61931705474854,playing_with_blocks,mixed_social_nonsocial_movie,mixed,2176,1,0.1095954015997417,0.055985787327273086,0.0827905944635074,0,1,0.5716365039348603,0.8654840230941772,0.018097408542207174,0.22956061936564265,16.664176368516056,0.5691302120685577,0.8805709183216095,0.00024388895269418325,0.0005076004336085693,0.0011188863007234738,0.15583341252381008
1781868786.3091059,75.65527200698853,playing_with_blocks,mixed_social_nonsocial_movie,mixed,2177,1,0.15982532668187638,0.03513484109453726,0.09748008388820682,0,1,0.5712525188922882,0.8655544281005859,0.013165168846456155,0.23095462928703972,16.02495269929039,0.5692421495914459,0.8803995251655579,0.0002047086294509418,3.918032324324146e-05,0.0012722020531648409,0.15740652612783212
1781868786.3426812,75.6888473033905,playing_with_blocks,mixed_social_nonsocial_movie,mixed,2178,1,0.16131838450208896,0.03940713951812019,0.10036276201010458,0,1,0.57164266705513,0.8652318358421326,0.010138263274248627,0.2345928520621866,15.891393690918562,0.5693630278110504,0.8802444040775299,0.0001966573058030851,8.051323647856692e-06,0.0019259368819268489,0.1549717155374048
1781868786.377015,75.72318124771118,playing_with_blocks,mixed_social_nonsocial_movie,mixed,2179,1,0.1690425914670403,0.0535860991821417,0.111314345324591,0,1,0.5712169587612153,0.8648524463176728,0.012456275971859975,0.2301686388353663,15.31641761197561,0.5695312321186066,0.8803883194923401,0.00022136922934416845,2.471192354108336e-05,0.0009717310906935735,0.1527278513050722
1781868786.412365,75.75853109359741,playing_with_blocks,mixed_social_nonsocial_movie,mixed,2180,1,0.21012159688635754,0.05540475682377478,0.13276317685506617,0,1,0.5714424610137939,0.8649047315120697,0.012377407871910924,0.22683221269691783,14.714726184217243,0.5691779851913452,0.8809750378131866,0.0006848516479038299,0.0004634824185596614,0.0030409698302961007,0.14840010355631536
1781868786.446226,75.79239201545715,playing_with_blocks,mixed_social_nonsocial_movie,mixed,2181,1,0.17211869919056785,0.11993335072107768,0.14602602495582276,0,1,0.5714582979679108,0.8650568068027497,0.0024596536608466105,0.22597842153597997,15.799422200317608,0.5697011351585388,0.8808484375476837,0.0005382504207151915,0.00014660122718863835,0.0016039257213525423,0.14840906375666343
1781868786.4805608,75.82672691345215,playing_with_blocks,mixed_social_nonsocial_movie,mixed,2182,1,0.2023355777804978,0.08299014688393501,0.1426628623322164,0,1,0.5710849225521089,0.8649636566638947,0.0115723893702189,0.23051506519107384,14.466428391173139,0.56937175989151,0.8811032772064209,0.0004164508592806391,0.0001217995614345524,0.0010041746782829357,0.14744463326881482
1781868786.5153768,75.86154294013977,playing_with_blocks,mixed_social_nonsocial_movie,mixed,2183,1,0.19101264144425648,0.04482213498346089,0.11791738821385868,0,1,0.5709869980812072,0.8648237407207489,0.00954085202477554,0.23213630507042107,14.637993318117951,0.5696791112422943,0.8805110156536102,0.0006672620173265069,0.0002508111580458678,0.0012316124311638383,0.14988026984964659
1781868786.5517812,75.89794731140137,playing_with_blocks,mixed_social_nonsocial_movie,mixed,2184,1,0.2231385589762796,0.10473417742258784,0.16393636819943372,0,1,0.571403580904007,0.864691436290741,0.011822387685325677,0.23271241553686142,14.901380922537411,0.5696859955787659,0.8808826804161072,0.0003717285162192518,0.00029553350110725514,0.0013358501410677217,0.14534733635164526
1781868786.583648,75.9298141002655,playing_with_blocks,mixed_social_nonsocial_movie,mixed,2185,1,0.23675776500273255,0.13528329593199392,0.18602053046736322,1,0,0.5709954679012299,0.8648071646690368,0.01597592150006927,0.23214193202456157,14.316158495387983,0.5691289901733398,0.880958765745163,0.0005621779068687582,0.00019044939064950643,0.0007606345469545137,0.14453273992302662
1781868786.618531,75.96469712257385,playing_with_blocks,mixed_social_nonsocial_movie,mixed,2186,1,0.32029400168346966,0.16675717259088332,0.24352558713717648,1,0,0.5712284743785858,0.8650789260864258,0.014519984032389457,0.2311937452574903,14.576002706250037,0.5693094730377197,0.8807384669780731,0.0002847904687942916,0.0002773874380744666,0.0008106440494952411,0.14066120272460073
1781868786.6540952,76.0002613067627,playing_with_blocks,mixed_social_nonsocial_movie,mixed,2187,1,0.26881184929771906,0.13847290180470365,0.20364237555121134,1,0,0.5715897798538208,0.8650940597057342,0.011602224514294166,0.23134571382942742,14.569872475180219,0.5692631602287292,0.880646288394928,0.0001031589427399987,0.00018163152605429292,0.003980646534107731,0.14089403241132417
1781868786.68788,76.0340461730957,playing_with_blocks,mixed_social_nonsocial_movie,mixed,2188,1,0.26553120312936346,0.192773340549753,0.22915227183955822,1,0,0.5710717976093292,0.8646053552627564,0.011542139052875202,0.23062945088737916,14.526029448181607,0.569230318069458,0.8810421228408813,0.0003971945568972569,0.0002940356141572582,0.001175031632041685,0.13835341836930187
1781868786.722073,76.06823921203613,playing_with_blocks,mixed_social_nonsocial_movie,mixed,2189,1,0.2683133786899164,0.1368279228931195,0.20257065079151795,1,0,0.5711289346218109,0.8642931997776031,0.009162144644318183,0.2309533037465103,15.417720951389125,0.5694163739681244,0.8808309733867645,0.0002814265257618524,0.00011576803113540451,0.0011711471438669281,0.1400051994399206
1781868786.75909,76.10525608062744,playing_with_blocks,mixed_social_nonsocial_movie,mixed,2190,1,0.2702445637994294,0.16702573279074961,0.2186351482950895,1,0,0.5713904678821564,0.8643630743026733,0.01145181814330923,0.22994715274120198,14.590051117117492,0.5694438517093658,0.8806376755237579,0.0001952411076250273,8.61854181368251e-05,0.0017524998923556926,0.1387515596088531
1781868786.791352,76.13751816749573,playing_with_blocks,mixed_social_nonsocial_movie,mixed,2191,1,0.2538503960916666,0.10434319616230807,0.17909679612698734,0,1,0.5713056147098541,0.8642753005027771,0.004681503070703361,0.2307930920205889,14.484610532783954,0.5694848299026489,0.8805621862411499,8.5894377658965e-05,0.0001093467299660623,0.0012307868908332973,0.14142521643307607
1781868786.824438,76.17060422897339,playing_with_blocks,mixed_social_nonsocial_movie,mixed,2192,1,0.21859071962471818,0.1285996178380738,0.173595168731396,0,1,0.5709627330303193,0.8640288352966308,0.006006082500093336,0.23558618520958635,14.825467625505294,0.5694330334663391,0.8803801834583282,0.0001892297116449298,0.00010333533398596479,0.0017070633708012987,0.139142429127122
1781868786.859092,76.20525813102722,playing_with_blocks,mixed_social_nonsocial_movie,mixed,2193,1,0.290718949304061,0.11792060805974124,0.20431977868190113,1,0,0.5714773952960968,0.864393436908722,0.00034401275268134004,0.23679850879472814,15.334278213625714,0.5696606934070587,0.879907876253128,0.0005243120680400874,0.00033508235639515764,0.0013625849852659077,0.13935157435535647
1781868786.894167,76.24033308029175,playing_with_blocks,mixed_social_nonsocial_movie,mixed,2194,1,0.2918674052135022,0.1456658108411573,0.21876660802732972,1,0,0.5712076544761657,0.8643621444702148,0.010343540562038595,0.23233794158597396,14.704555274076453,0.5692418217658997,0.8806004524230957,0.0008093918723179419,0.0002850798042778544,0.0019504092951401562,0.1385326455673278
1781868786.927701,76.27386713027954,playing_with_blocks,mixed_social_nonsocial_movie,mixed,2195,1,0.19407305448191964,0.12011736855040112,0.15709521151616038,0,1,0.5711488664150238,0.8637968838214874,0.006837438424416935,0.23214421311462569,15.490541183621595,0.5693279504776001,0.8804740309715271,0.0001529723451996804,0.0006564195271182615,0.005468340549052248,0.14006076942837045
1781868786.961975,76.30814123153687,playing_with_blocks,mixed_social_nonsocial_movie,mixed,2196,1,0.20116783199436925,0.12214678921825263,0.16165731060631094,0,1,0.5706706404685974,0.8638575494289398,0.012313888486138553,0.23613606777304494,15.44059757162644,0.5690163373947144,0.8803582787513733,0.00033241734295324035,0.00017944499775355996,0.0009509289615148079,0.14111158792186998
1781868786.9986272,76.34479331970215,playing_with_blocks,mixed_social_nonsocial_movie,mixed,2197,1,0.25500779242620636,0.11967777035939536,0.18734278139280086,1,0,0.5710044503211975,0.8639740347862244,0.020513038394193123,0.24021074791958116,14.471021064490325,0.5689342319965363,0.8801152408123016,0.00025653213490356734,7.588520804967301e-05,0.0017795497493664871,0.1393529242588733
1781868787.030566,76.37673211097717,playing_with_blocks,mixed_social_nonsocial_movie,mixed,2198,1,0.24118385954271976,0.11254580052652227,0.176864830034621,0,1,0.57115598320961,0.8639837622642517,0.023396235652308448,0.23764452793873828,14.790721787271307,0.5687810778617859,0.8799504637718201,0.0002249614679472852,3.157066695628214e-05,0.005093065915883839,0.140762959065506
1781868787.0662882,76.41245436668396,playing_with_blocks,mixed_social_nonsocial_movie,mixed,2199,1,0.22753198540532638,0.12547854090397687,0.17650526315465162,0,1,0.571227753162384,0.8637573421001434,0.02176870425863874,0.24001198159701775,15.138637769252245,0.5690771341323853,0.8799248337745667,0.00029716361170307304,7.220214375578784e-05,0.00143995496827251,0.13937514713089566
1781868787.100458,76.44662404060364,playing_with_blocks,mixed_social_nonsocial_movie,mixed,2200,1,0.20148579475059314,0.08105591203637112,0.14127085339348214,0,1,0.5714014828205108,0.8637871086597442,0.022873309219371498,0.24180067162980629,15.22801239579072,0.5690948069095612,0.879440188407898,0.00048496748188569193,0.0001878038701826189,0.0012811355557291605,0.14277777852513146
1781868787.135958,76.4821240901947,playing_with_blocks,mixed_social_nonsocial_movie,mixed,2201,1,0.2978885095816241,0.13971270968237715,0.21880060963200063,1,0,0.5710178434848785,0.8644477665424347,0.0199628111859337,0.2325817253630019,13.591358038973551,0.569124698638916,0.8800291419029236,0.000589711569147778,0.00010474408726208605,0.002250333014586466,0.14096564200756279
1781868787.1691608,76.51532697677612,playing_with_blocks,mixed_social_nonsocial_movie,mixed,2202,1,0.21021773917367773,0.12666647237782044,0.16844210577574908,0,1,0.5711865127086639,0.8640609979629517,0.015124712098267558,0.236888973892887,13.547334296421717,0.5694723129272461,0.8799076676368713,0.00036822777022402664,0.00022148379892375134,0.0008263460246045979,0.1409042241879142
1781868787.203191,76.54935717582703,playing_with_blocks,mixed_social_nonsocial_movie,mixed,2203,1,0.20792343375506342,0.11554944182831951,0.16173643779169147,0,1,0.5711177110671997,0.8640242874622346,0.011710462422060447,0.23492187114665786,14.096610179021699,0.5695021450519562,0.8805294632911682,0.0006225108765051394,0.0002542831062811127,0.000261915336929661,0.14023692010332364
1781868787.236892,76.58305811882019,playing_with_blocks,mixed_social_nonsocial_movie,mixed,2204,1,0.26552871713048276,0.16138293291232747,0.21345582502140512,1,0,0.5716550707817077,0.8643296480178833,0.008551608707196573,0.2357933435746299,13.280889578685928,0.5697385370731354,0.8810454905033112,0.0005675960459245697,5.491483058056969e-05,0.0006034068759882595,0.1385770356291149
1781868787.27268,76.61884617805481,playing_with_blocks,mixed_social_nonsocial_movie,mixed,2205,1,0.2283554445500938,0.14422763012866863,0.1862915373393812,1,0,0.5712406575679779,0.864229041337967,0.0063871244098422045,0.2335671333932918,14.588511869871715,0.5696389377117157,0.8810442090034485,9.960760531759417e-05,0.0004679884406069755,0.0011613123681671073,0.13873968352055574
1781868787.306887,76.65305304527283,playing_with_blocks,mixed_social_nonsocial_movie,mixed,2206,1,0.2553418364044953,0.1774043378151758,0.21637308710983555,1,0,0.571077024936676,0.8641884267330169,0.01618753511655803,0.23507886250820723,14.848191193236218,0.569344162940979,0.8806157112121582,0.0005200985700840964,0.0004204909647665023,0.0009499165399462563,0.13629933730157834
1781868787.3426182,76.68878436088562,playing_with_blocks,mixed_social_nonsocial_movie,mixed,2207,1,0.2716103692814483,0.1684282289898475,0.2200192991356479,1,0,0.5709447145462037,0.8642967402935028,0.021640414736000275,0.22993130985408283,14.723751129988937,0.5691313445568085,0.8810322880744934,0.00046779049463835907,5.230807544573737e-05,0.0005149346671015204,0.1364355199463763
1781868787.375963,76.7221291065216,playing_with_blocks,mixed_social_nonsocial_movie,mixed,2208,1,0.2527641324099723,0.21895568140735788,0.2358599069086651,1,0,0.5710943937301636,0.8636846363544464,0.013813355412278476,0.22953186602256048,15.201623288786978,0.569125771522522,0.8807118535041809,0.00032048303006947966,0.0001473074645688794,0.0010092641122884127,0.13422374150558303
1781868787.409947,76.75611305236816,playing_with_blocks,mixed_social_nonsocial_movie,mixed,2209,1,0.2984175666658224,0.24573249993525623,0.27207503330053934,1,0,0.5711159765720367,0.8640246748924255,0.013448606601485022,0.22918576887566858,13.410731015546833,0.5691575109958649,0.8808536529541016,0.00014530821781951812,0.00017517481224996155,1.1528488010910276e-05,0.13264804532610286
1781868787.445626,76.79179215431213,playing_with_blocks,mixed_social_nonsocial_movie,mixed,2210,1,0.3430611446825527,0.3028726520353999,0.3229668983589763,1,0,0.5713741898536682,0.8639537692070007,0.009288556914319866,0.23621207474643277,14.365571740465775,0.5694165825843811,0.8810130655765533,0.00030418821833410974,0.00015888000051459162,0.0006544766898573668,0.12681578866043938
1781868787.479106,76.82527208328247,playing_with_blocks,mixed_social_nonsocial_movie,mixed,2211,1,0.28592193956520656,0.26528271861542835,0.27560232909031745,1,0,0.571439802646637,0.8638363659381867,0.011762410599225412,0.23766412493004763,14.17304301199599,0.5692531764507294,0.8804173767566681,0.0006176946937211737,0.000313506475387064,0.0024717243556452687,0.13157679160267968
1781868787.513632,76.8597981929779,playing_with_blocks,mixed_social_nonsocial_movie,mixed,2212,1,0.28473013385794776,0.27816481662643344,0.2814474752421906,1,0,0.5709907352924347,0.8635944902896882,0.00040629092936743714,0.2370270238555608,13.84920926956117,0.5696977078914642,0.8804343342781067,0.0004448547620686484,0.0001728399316525253,0.0020519951433384913,0.13100578853935785
1781868787.551736,76.89790225028992,playing_with_blocks,mixed_social_nonsocial_movie,mixed,2213,1,0.26060138935588695,0.3237525076647542,0.2921769485103206,1,0,0.5704721689224244,0.8637967109680176,0.006790527498907015,0.2327445769583458,14.636975279503313,0.569506049156189,0.881260484457016,0.0008480903188453378,0.0004032355567766894,0.0008512703488469875,0.12910630753680025
1781868787.58269,76.92885613441467,playing_with_blocks,mixed_social_nonsocial_movie,mixed,2214,1,0.19942195372925683,0.31541419129421244,0.25741807251173465,1,0,0.5706364393234253,0.8639015913009643,0.013582328078028403,0.23632352659085867,14.572843334869447,0.5693376660346985,0.8804650604724884,0.0008130511612221101,3.5039157623227785e-05,0.0007504748754223983,0.13456664823261522
1781868787.616819,76.96298503875732,playing_with_blocks,mixed_social_nonsocial_movie,mixed,2215,1,0.2929645150315902,0.1601809398210537,0.22657272742632195,1,0,0.5707815825939178,0.8634394764900208,0.015159947879937926,0.23805777916140394,13.973035172650535,0.5693515837192535,0.8801300525665283,0.0003352968818810187,0.0004777542793410914,0.001214699110438583,0.13354839848571262
1781868787.652035,76.99820113182068,playing_with_blocks,mixed_social_nonsocial_movie,mixed,2216,1,0.27188783445842235,0.31425206855052895,0.2930699515044757,1,0,0.5711920201778412,0.8636739909648895,0.008624170413828756,0.23601874320677665,15.302380080078118,0.5693050026893616,0.880134642124176,4.680658484869414e-05,0.00028849029703232454,0.0015146576888839243,0.12821732848420697
1781868787.68673,77.03289604187012,playing_with_blocks,mixed_social_nonsocial_movie,mixed,2217,1,0.26591455048658347,0.22346741309674806,0.24469098179166576,1,0,0.5709090411663056,0.8632809281349182,0.015500784756093313,0.2385989344738183,14.164363473366722,0.569037914276123,0.8800685703754425,0.00027513941278373545,0.0002283328279350413,0.0010124625609484739,0.12905994191141062
1781868787.720319,77.06648516654968,playing_with_blocks,mixed_social_nonsocial_movie,mixed,2218,1,0.262902978995128,0.24977419282887564,0.2563385859120018,1,0,0.5711153626441956,0.863080632686615,0.011976479844737353,0.243293686940762,14.679348105830833,0.5692005157470703,0.8794360458850861,0.0006530899396368737,0.0003779505268531382,0.0015847925479545372,0.13112261852996124
1781868787.7549708,77.1011369228363,playing_with_blocks,mixed_social_nonsocial_movie,mixed,2219,1,0.26049410365041276,0.2712608753641136,0.2658774895072632,1,0,0.5711916744709015,0.8638111174106597,0.016617549507592977,0.2404327978690385,14.85945926922266,0.5689108669757843,0.8795610666275024,0.0003154783617648587,0.000337611577872015,0.0008747312596184962,0.13027273168357367
1781868787.789639,77.13580513000488,playing_with_blocks,mixed_social_nonsocial_movie,mixed,2220,1,0.3482559767756887,0.21000986929202337,0.27913292303385606,1,0,0.5709332466125487,0.8641428232192994,0.013399201765670768,0.23559135632313233,13.034713759312647,0.568776547908783,0.8801411688327789,0.0005954495615304098,0.0002799711997655511,0.0020931612713362344,0.13291102052008621
1781868787.823837,77.17000317573547,playing_with_blocks,mixed_social_nonsocial_movie,mixed,2221,1,0.3140092503479093,0.2725035143295793,0.2932563823387443,1,0,0.5703179121017456,0.8641075432300568,0.008524658296106862,0.23789166829078923,13.055854453672543,0.5689503252506256,0.8801085948944092,0.00017680391963645502,0.0004186456418939548,0.0011707748902116412,0.13469264114584364
1781868787.857236,77.20340204238892,playing_with_blocks,mixed_social_nonsocial_movie,mixed,2222,1,0.25151830792673757,0.1187876782829454,0.18515299310484148,1,0,0.5702718377113343,0.8644783556461335,0.011604638335583044,0.23802563718591546,13.309079517301411,0.5690711736679077,0.8808872699737549,0.0007879969664621981,0.0006111930468257432,0.0011188922320973808,0.14463820277689718
1781868787.894947,77.24111318588257,playing_with_blocks,mixed_social_nonsocial_movie,mixed,2223,1,0.28534542509107996,0.20726943081989063,0.2463074279554853,1,0,0.5697658658027649,0.8643887579441071,0.007372902016383038,0.22726633477354694,13.58258379205195,0.5690418183803558,0.8815929889678955,0.0007063292657097744,8.166770075242376e-05,0.0015378347635502845,0.14007584054982503
1781868787.9266748,77.27284097671509,playing_with_blocks,mixed_social_nonsocial_movie,mixed,2224,1,0.2657576479314533,0.22491768701585454,0.24533766747365393,1,0,0.5703742444515227,0.864266175031662,0.020775190667775223,0.23195055468330358,14.176960486997856,0.5688100755214691,0.8811543583869934,0.0004960862214852404,0.00021024304422453401,0.0047323590983929745,0.13905437398967832
1781868787.961382,77.30754804611206,playing_with_blocks,mixed_social_nonsocial_movie,mixed,2225,1,0.27334191983420564,0.2113710665347106,0.24235649318445812,1,0,0.5705433428287506,0.8641350984573364,0.015003570160186292,0.23314727714877523,14.543469377573045,0.5691442787647247,0.8807238042354584,0.0005450400766976912,4.895385521245079e-05,0.015266897371084248,0.13723918752339695
1781868787.9978392,77.34400534629822,playing_with_blocks,mixed_social_nonsocial_movie,mixed,2226,1,0.23644531682228118,0.1604614252940437,0.19845337105816244,1,0,0.57047900557518,0.8638180792331696,0.012899645359148006,0.2355439920788933,15.145772154552304,0.569220095872879,0.8810032904148102,0.00028958722060469207,0.0002554528560929991,0.003541388071278346,0.1364389466270309
1781868788.030559,77.37672519683838,playing_with_blocks,mixed_social_nonsocial_movie,mixed,2227,1,0.2794347114232257,0.17186215434179725,0.22564843288251146,1,0,0.570442909002304,0.864424502849579,0.008982917946477228,0.23491259789552454,14.459249403364002,0.5692514181137085,0.880738765001297,0.00026637337923467495,2.3213841370017124e-05,0.00927005926694295,0.1389739646611771
1781868788.064832,77.41099810600281,playing_with_blocks,mixed_social_nonsocial_movie,mixed,2228,1,0.22599824420503004,0.15279723232993486,0.18939773826748246,1,0,0.5706529021263123,0.863942986726761,0.009072808679818533,0.2455301414024248,15.88128224878358,0.5693517327308655,0.8797292411327362,0.0010144956695862714,0.0007481222903515964,0.0016161076094129865,0.1387298474000493
1781868788.099547,77.44571304321289,playing_with_blocks,mixed_social_nonsocial_movie,mixed,2229,1,0.24795215835570425,0.11644836488024768,0.18220026161797598,1,0,0.5711021065711974,0.8643929183483123,0.011863615696953263,0.24828169782899995,14.779650570005577,0.5694721341133118,0.8790038824081421,0.0007352834638693982,0.00027921220571687326,0.0013650008486632084,0.13909685034127137
1781868788.134314,77.4804801940918,playing_with_blocks,mixed_social_nonsocial_movie,mixed,2230,1,0.24315824271169573,0.05014428947857267,0.1466512660951342,0,1,0.5714555978775024,0.8647696077823639,0.004425232286502236,0.23952060570471484,14.59044698155183,0.569437563419342,0.8801540434360504,0.0011506804608581323,0.00041539699698873414,0.0013429637557733833,0.14546568165380064
1781868788.167404,77.51357007026672,playing_with_blocks,mixed_social_nonsocial_movie,mixed,2231,1,0.19945377242424825,0.13115671964010012,0.16530524603217417,0,1,0.570993709564209,0.8644948720932006,0.003422851563971268,0.23999685046178915,14.97188716208537,0.569267749786377,0.8798783719539642,0.0003237768305119956,0.0008269036303461368,0.0020733401968444035,0.14267857823420343
1781868788.2014132,77.54757928848267,playing_with_blocks,mixed_social_nonsocial_movie,mixed,2232,1,0.20746648008159915,0.15139675368820643,0.17943161688490278,0,1,0.5710175454616546,0.8643181681632995,0.009503855257586557,0.2320738500473913,15.01074562975529,0.5692904889583588,0.8805393874645233,0.0006614065127756925,0.00033762968226369686,0.0015877544252585394,0.14085351277965533
1781868788.236384,77.58255004882812,playing_with_blocks,mixed_social_nonsocial_movie,mixed,2233,1,0.2515821131980412,0.13557597104025737,0.19357904211914928,1,0,0.5712887465953826,0.8643268823623658,0.002696162911871675,0.2285553725323008,14.319275311465084,0.5695406794548035,0.8804929852485657,0.0002544571676275324,0.0004069493451481601,0.007044181847335551,0.14025166348345355
1781868788.271361,77.61752724647522,playing_with_blocks,mixed_social_nonsocial_movie,mixed,2234,1,0.2627345421582753,0.13517643841570523,0.19895549028699028,1,0,0.5716166436672211,0.8644469738006592,0.00418100926250257,0.22757720395266626,14.58626817830656,0.5695085823535919,0.8813244998455048,0.0008321338527117837,0.0005776766850842513,0.002165279246869607,0.13837906571197273
1781868788.304561,77.65072703361511,playing_with_blocks,mixed_social_nonsocial_movie,mixed,2235,1,0.2827734572950108,0.15543858632947047,0.21910602181224065,1,0,0.5714656174182893,0.8644870579242707,0.016365777974641577,0.2278670031105582,14.886676439993,0.5692581534385681,0.8811048865318298,0.000333083546611479,0.0004990503061003046,0.005286459159313687,0.13798278400859484
1781868788.339917,77.6860830783844,playing_with_blocks,mixed_social_nonsocial_movie,mixed,2236,1,0.2612390541346506,0.1161403955481245,0.18868972484138755,1,0,0.5715019047260285,0.8644663631916045,0.013320778714013897,0.23346776337088637,14.10695327946172,0.5694074630737305,0.8808819651603699,0.0002683045005323336,6.477904607914538e-05,0.004048541786996646,0.14022390163878531
1781868788.374509,77.72067523002625,playing_with_blocks,mixed_social_nonsocial_movie,mixed,2237,1,0.1206517426321658,0.14973833517029372,0.13519503890122975,0,1,0.5716038823127747,0.8646013081073761,0.007430930741692828,0.2346067431610749,17.734120640505502,0.5694197714328766,0.8799708783626556,0.0009111699340266042,0.0006428654334942706,0.004889517737875418,0.14494547362867227
1781868788.4087412,77.75490736961365,playing_with_blocks,mixed_social_nonsocial_movie,mixed,2238,1,0.15188560633584505,0.2064168824239941,0.17915124437991958,0,1,0.5712115705013275,0.8651589334011078,0.00801522065121191,0.23240253570513386,17.361546055093037,0.569484293460846,0.8796886503696442,0.00028950946812248454,0.0006216604659041197,0.0037433799477299408,0.1453680657922803
1781868788.445545,77.79171109199524,playing_with_blocks,mixed_social_nonsocial_movie,mixed,2239,1,0.17646982936269304,0.07150239427692084,0.12398611181980694,0,1,0.5704027712345123,0.8650282323360443,0.015946460934872474,0.2357260964001669,16.968598830994864,0.5693396031856537,0.8796724379062653,0.00014559574067954227,0.00014391372744294227,0.0009512099699039175,0.14993764806685556
1781868788.478057,77.82422304153442,playing_with_blocks,mixed_social_nonsocial_movie,mixed,2240,1,0.1985182133783225,0.047935794422786705,0.1232270039005546,0,1,0.5711403906345367,0.8651652395725251,0.015061538353308607,0.23514459498719167,16.963713110718246,0.5694795846939087,0.8794099390506744,0.0002974902886479428,0.00015189454796840055,0.0008057999263133371,0.15010929614612809
1781868788.511509,77.857675075531,playing_with_blocks,mixed_social_nonsocial_movie,mixed,2241,1,0.24650946244666186,0.09920899095878051,0.1728592267027212,0,1,0.5718837082386017,0.8660405457019806,0.017691167832543507,0.22932366293872272,15.773370020871733,0.5693906843662262,0.8808776438236237,0.001470394698303817,0.0011729044096558741,0.0008893509894460479,0.14988767896953284
1781868788.547384,77.893550157547,playing_with_blocks,mixed_social_nonsocial_movie,mixed,2242,1,0.16460285387663884,0.11494725318711575,0.1397750535318773,0,1,0.57137730717659,0.865365743637085,0.00613312079142049,0.23418445941213312,16.56787036197387,0.5696017742156982,0.8804634213447571,0.00046490771831461664,0.0010054869799892003,0.0008523474153287119,0.14896798688038143
1781868788.580603,77.92676901817322,playing_with_blocks,mixed_social_nonsocial_movie,mixed,2243,1,0.18750478557228262,0.18492629634231822,0.18621554095730042,1,0,0.5717023432254791,0.8656445324420929,0.009360423643789853,0.22160591749118633,16.02003277938902,0.5694722533226013,0.8821269869804382,0.0016686000976770502,0.0012036923793624335,0.0016652869413459526,0.14665459289864474
1781868788.6160069,77.9621729850769,playing_with_blocks,mixed_social_nonsocial_movie,mixed,2244,1,0.20312196623829615,0.08959632500926995,0.14635914562378305,0,1,0.5715744197368622,0.8652257680892944,0.015397743193438796,0.22940376683183836,15.559516370640212,0.5694123804569244,0.8807836771011353,0.0013446435185123767,0.0003239565791646735,0.0020862939678108748,0.146559205352407
1781868788.6517792,77.9979453086853,playing_with_blocks,mixed_social_nonsocial_movie,mixed,2245,1,0.22265928731819076,0.11648710470916672,0.16957319601367873,0,1,0.5710188627243042,0.8652318060398101,0.010567773008915373,0.23067047447601358,14.926575982010819,0.569523274898529,0.8812220692634583,0.0004522004701070456,0.0008924430484053311,0.0031995897502260103,0.14629863490145475
1781868788.683605,78.02977108955383,playing_with_blocks,mixed_social_nonsocial_movie,mixed,2246,1,0.2655077047802534,0.08723330843499685,0.1763705066076251,0,1,0.5711948037147522,0.8651636004447937,0.011087578631734098,0.23394152103881027,14.47175900053294,0.5694137513637543,0.8811956346035004,0.000112668522297275,0.0003395319478097706,0.001098112120064704,0.14643130567348286
1781868788.718283,78.06444907188416,playing_with_blocks,mixed_social_nonsocial_movie,mixed,2247,1,0.24251466648228262,0.26443201620602325,0.25347334134415295,1,0,0.571334958076477,0.8651224672794342,0.025071333967089226,0.23056005786050832,14.81859301600525,0.5686891078948975,0.8819190263748169,0.0010239159202616675,0.0009112473979643925,0.0012804190856630588,0.1397199858164339
1781868788.753761,78.09992718696594,playing_with_blocks,mixed_social_nonsocial_movie,mixed,2248,1,0.18824691873936183,0.08308490929255215,0.13566591401595698,0,1,0.5710944831371307,0.8650828838348388,0.0167761245716063,0.22415640414701268,14.20605437356907,0.5691173672676086,0.8817000091075897,0.00048101419278295067,0.0005429017274787167,0.001305966439464948,0.14864923643671182
1781868788.787971,78.13413715362549,playing_with_blocks,mixed_social_nonsocial_movie,mixed,2249,1,0.2169581413038132,0.25711307866439115,0.23703560998410217,1,0,0.5711793005466461,0.8649831593036652,0.018968831566661945,0.22079852132154523,14.507068147427788,0.5688537955284119,0.8821837902069092,0.0005509212409791052,6.99070481961545e-05,0.0026970225714861113,0.14024593484609219
1781868788.821536,78.16770219802856,playing_with_blocks,mixed_social_nonsocial_movie,mixed,2250,1,0.21876206609960308,0.14820773679389537,0.18348490144674923,1,0,0.5707788228988648,0.8647639572620391,0.009767641909647113,0.22437488444087245,14.610923921125774,0.5694102346897125,0.8815036416053772,0.0008787642803362529,0.0003278430393571477,0.0011880084803942968,0.14348695837559441
1781868788.856898,78.20306420326233,playing_with_blocks,mixed_social_nonsocial_movie,mixed,2251,1,0.2363465657493306,0.18656631184211578,0.21145643879572318,1,0,0.5714086949825287,0.8649635672569275,0.014401716307952311,0.23659405463147054,14.90623776801271,0.5692878067493439,0.880828320980072,0.0006863283088620809,0.00019243597147417196,0.0012130282740008861,0.1423622358590472
1781868788.8901608,78.2363269329071,playing_with_blocks,mixed_social_nonsocial_movie,mixed,2252,1,0.258902511306732,0.13241602186939713,0.19565926658806454,1,0,0.5714688897132874,0.864969938993454,0.009844210921128294,0.2357481221006899,13.656414361455882,0.5692688822746277,0.8804570734500885,0.0003717295579613606,0.0003145987509007203,0.00030244929906655173,0.14234354821566375
1781868788.9268742,78.27304029464722,playing_with_blocks,mixed_social_nonsocial_movie,mixed,2253,1,0.2138249986596675,0.09231965870489749,0.1530723286822825,0,1,0.5715094208717346,0.8651004552841186,0.004686681671469356,0.24359394942317825,13.960252970849243,0.5697150230407715,0.8796791136264801,0.0008968071533859362,0.0005250775954245756,0.001760141340818773,0.14705303071090986
1781868788.9606242,78.30679035186768,playing_with_blocks,mixed_social_nonsocial_movie,mixed,2254,1,0.24352089762695467,0.14728135175627247,0.19540112469161358,1,0,0.5717104434967042,0.8651706218719483,0.012133485316443489,0.23362310500139985,12.990914566649497,0.5693287253379822,0.8811082541942596,0.0014804285452711065,0.0005836213918851702,0.0019530081507748496,0.14319573866357424
1781868788.996403,78.34256911277771,playing_with_blocks,mixed_social_nonsocial_movie,mixed,2255,1,0.2649355977228145,0.11483531944321035,0.18988545858301242,1,0,0.571731162071228,0.8652424335479736,0.01753285409660711,0.23660187955948514,13.800067839106783,0.5692667663097382,0.8808404505252838,0.0002748776569637101,0.0012055508883073965,0.003412992932163548,0.147171451763932
1781868789.0291939,78.37536001205444,playing_with_blocks,mixed_social_nonsocial_movie,mixed,2256,1,0.28689502727554894,0.0867635172945715,0.18682927228506022,1,0,0.571702116727829,0.865347933769226,0.01944091661534371,0.22894077181345865,14.693642800423987,0.5691599249839783,0.8814487159252167,0.000617577416722482,0.00034269975975877187,0.0018464446950603383,0.14657678259291815
1781868789.063188,78.4093542098999,playing_with_blocks,mixed_social_nonsocial_movie,mixed,2257,1,0.27881400780803967,0.09065364857156094,0.1847338281898003,1,0,0.5709281802177429,0.8648866772651672,-0.0008818461330295718,0.227450189433228,14.542815677328639,0.5698899328708649,0.8812358677387238,0.0007604050666651025,0.00014282764994262055,0.0020679631080349234,0.1412992364798175
1781868789.0974772,78.44364333152771,playing_with_blocks,mixed_social_nonsocial_movie,mixed,2258,1,0.23447198061072663,0.10023614678775677,0.16735406369924172,0,1,0.5710934698581696,0.8650539934635162,0.012385082517756663,0.22447455186442838,15.431233416516736,0.5694811940193176,0.8815244436264038,0.000500343373808916,0.0002600616928561865,0.0015411851040008887,0.14453768076767853
1781868789.1345658,78.48073196411133,playing_with_blocks,mixed_social_nonsocial_movie,mixed,2259,1,0.2603296173774722,0.13683496575143875,0.19858229156445545,1,0,0.57074453830719,0.8653224825859069,0.022940569060946166,0.2249623745874775,13.751818830573253,0.5692608654499054,0.8820722699165344,0.0005904729652215363,9.012959141262026e-05,0.002246966200257493,0.14485026783148505
1781868789.166326,78.5124921798706,playing_with_blocks,mixed_social_nonsocial_movie,mixed,2260,1,0.23297795279159075,0.12684538188210204,0.17991166733684638,0,1,0.571154671907425,0.8650171756744385,0.02260788855154245,0.22165103122115315,14.260019718392115,0.5691142380237579,0.8824056386947632,0.00036418998393196526,0.000226282981289571,0.0012979571188442673,0.14385016663951722
1781868789.200406,78.54657220840454,playing_with_blocks,mixed_social_nonsocial_movie,mixed,2261,1,0.18040811399760473,0.09388557868558446,0.1371468463415946,0,1,0.5713089644908905,0.8649485945701599,0.01246522108200236,0.23011757940355002,14.706659563543731,0.5694070756435394,0.8810774385929108,0.0013600990339383606,0.0009959090500063954,0.001513910496572273,0.14558302837823398
1781868789.235295,78.58146119117737,playing_with_blocks,mixed_social_nonsocial_movie,mixed,2262,1,0.19684827304161479,0.09503325814193579,0.1459407655917753,0,1,0.5714287221431732,0.8643329560756683,0.017832859063252576,0.23087667781680524,15.78197590120387,0.5691216588020325,0.8813404738903046,0.00038813701329666074,0.0009719620206416999,0.0015803946725249404,0.14284614060588677
1781868789.268883,78.61504912376404,playing_with_blocks,mixed_social_nonsocial_movie,mixed,2263,1,0.15931299789362377,0.10517727358501903,0.1322451357393214,0,1,0.5713648557662964,0.8649032771587373,0.014632139392340197,0.23225241420934079,15.965357926518493,0.5692321062088013,0.8806903064250946,0.0006594818894249472,0.0002713448761282864,0.0015407941106025072,0.1455189606178138
1781868789.303788,78.64995408058167,playing_with_blocks,mixed_social_nonsocial_movie,mixed,2264,1,0.154439013493315,0.12430276479986217,0.1393708891465886,0,1,0.5712028324604035,0.864992767572403,0.019676382933246993,0.2368368070524529,15.333789684837528,0.5691460371017456,0.8811180293560028,0.00043629668439499155,0.00022318520502995562,0.0003594696956185384,0.14448829192472953
1781868789.338712,78.68487811088562,playing_with_blocks,mixed_social_nonsocial_movie,mixed,2265,1,0.16184000501994963,0.1626068821285886,0.1622234435742691,0,1,0.5715164482593535,0.8649352550506593,0.020376353910047953,0.23670568924005303,16.900556185567154,0.5691817700862885,0.8808199167251587,0.0003002465434491122,0.00013605014094587934,0.0010534136010841822,0.14323217393494952
1781868789.372982,78.7191481590271,playing_with_blocks,mixed_social_nonsocial_movie,mixed,2266,1,0.19782815594168685,0.08812028383187152,0.1429742198867792,0,1,0.5706949710845948,0.8650145292282104,0.019181549266634585,0.2361365943401917,15.692526607646949,0.5691917240619659,0.8807691931724548,5.169100918621215e-05,0.00024855553426290006,0.0006503921150307353,0.1479756840064291
1781868789.407937,78.75410318374634,playing_with_blocks,mixed_social_nonsocial_movie,mixed,2267,1,0.1327416122485986,0.12102518792486655,0.12688340008673257,0,1,0.5715565145015717,0.8654204964637756,0.020254316257037386,0.23240565704334112,15.694846195259403,0.5690165758132935,0.880589097738266,0.0002512195741352703,0.00019952856494905816,0.0008243701552952231,0.15073902358866068
1781868789.4419122,78.78807830810547,playing_with_blocks,mixed_social_nonsocial_movie,mixed,2268,1,0.1526814444959026,0.1849396122008469,0.16881052834837473,0,1,0.5710983633995056,0.8649721920490265,0.021506877667492225,0.23440688193011422,15.841765408285895,0.5690682232379913,0.8804364800453186,0.00016111988293971007,9.009969119556024e-05,0.0010424058847643273,0.14444092124895394
1781868789.476147,78.82231307029724,playing_with_blocks,mixed_social_nonsocial_movie,mixed,2269,1,0.1512662223495836,0.1754890824262498,0.16337765238791668,0,1,0.571038693189621,0.8652929186820983,0.022081650354502626,0.23351647603824177,16.345816168757924,0.5688231289386749,0.8807649314403534,0.00040981890446598464,0.0002486990215262746,0.003218281416964176,0.14473649012380968
1781868789.5110059,78.8571720123291,playing_with_blocks,mixed_social_nonsocial_movie,mixed,2270,1,0.16901905570001505,0.09441279462093342,0.13171592516047423,0,1,0.5711628735065459,0.8650102555751801,0.022348146021511955,0.23234314050508492,15.98428765089383,0.5688336491584778,0.88113072514534,0.0003659449543749768,4.387395009100781e-05,0.0011529883901582403,0.14746589098982696
1781868789.546632,78.89279818534851,playing_with_blocks,mixed_social_nonsocial_movie,mixed,2271,1,0.21379560842080783,0.12439692305041049,0.16909626573560915,0,1,0.5711720526218413,0.8650855839252471,0.018901276481283178,0.22878552598284507,15.565887170757156,0.5690360069274902,0.881399393081665,0.00033634970891747496,2.9595245457501862e-05,0.0014876875393369739,0.1463724159706552
1781868789.5795012,78.92566728591919,playing_with_blocks,mixed_social_nonsocial_movie,mixed,2272,1,0.25161903149333,0.08102971863858299,0.1663243750659565,0,1,0.5704676747322083,0.8650431275367737,0.008841132157986696,0.23262156533956652,14.686347310927866,0.5691373944282532,0.8802089989185333,0.0011947040172900602,0.0008583543083725853,0.0013455938585801707,0.1465490724199026
1781868789.614079,78.96024513244629,playing_with_blocks,mixed_social_nonsocial_movie,mixed,2273,1,0.25732134178866745,0.05296895939493925,0.15514515059180334,0,1,0.5709305822849273,0.8651030600070954,0.012158514347596664,0.2297949535187337,15.138714009437578,0.5689966678619385,0.8807215988636017,0.0005315662424861176,0.0006631377748039426,0.0004843599669537441,0.14541708464645892
1781868789.648163,78.99432921409607,playing_with_blocks,mixed_social_nonsocial_movie,mixed,2274,1,0.273641999837024,0.06336244031291396,0.16850222007496896,0,1,0.5709117233753205,0.8651090800762176,0.01885670250431932,0.22700599591650542,14.39421700415042,0.5686860978603363,0.8809223175048828,0.00036978601765469144,0.00016178022483142614,0.0009749275859403323,0.14416986379902172
1781868789.683454,79.02962017059326,playing_with_blocks,mixed_social_nonsocial_movie,mixed,2275,1,0.20874453054048175,0.04546584596778571,0.12710518825413372,0,1,0.570762676000595,0.8649039447307587,0.011103803027691908,0.2290848261163345,14.450509677435337,0.568800300359726,0.880223959684372,0.0007076339847234071,0.0003378479670687157,0.0013489818724303484,0.14890142379493512
1781868789.718559,79.06472516059875,playing_with_blocks,mixed_social_nonsocial_movie,mixed,2276,1,0.340259182508987,0.12388407385156261,0.23207162818027482,1,0,0.57038756608963,0.8650006711483003,0.009389639731355226,0.233798685821774,13.732132941484409,0.5687592029571533,0.880576103925705,0.0003545342905872669,0.0003530996941361402,0.0005905327887397691,0.1422319974950151
1781868789.753791,79.09995722770691,playing_with_blocks,mixed_social_nonsocial_movie,mixed,2277,1,0.28042241875987556,0.10659146168801233,0.19350694022394394,1,0,0.5706127107143402,0.8652406096458436,0.007886908713449808,0.23413690353258837,13.715700287914647,0.5688865780830383,0.880842387676239,0.00029518038297404915,5.935390761321776e-05,0.0008738699560201502,0.1452210891712052
1781868789.78615,79.13231611251831,playing_with_blocks,mixed_social_nonsocial_movie,mixed,2278,1,0.20736074005059987,0.23456425918312696,0.22096249961686343,1,0,0.5712317824363708,0.8654465317726134,0.013193795786593408,0.228929072187438,15.579004313909358,0.5687752366065979,0.8810334205627441,0.00022111193568510832,7.406844728894083e-05,0.00038353749988290247,0.14333966099484752
1781868789.821026,79.16719222068787,playing_with_blocks,mixed_social_nonsocial_movie,mixed,2279,1,0.2022823101945502,0.1271083166232567,0.16469531340890345,0,1,0.5707701206207275,0.8647545754909516,0.013581737674133346,0.23496945959488091,14.414242298771946,0.5687812566757202,0.8797318637371063,0.001301570747826114,0.0010804588121410056,0.0006123615321624558,0.14531048700609958
1781868789.855721,79.2018871307373,playing_with_blocks,mixed_social_nonsocial_movie,mixed,2280,1,0.2148907969329776,0.2559612528455485,0.23542602488926306,1,0,0.5709415137767792,0.8649565994739532,0.01173232603078107,0.2291997513754234,15.0695953295966,0.569055825471878,0.8803177177906036,0.0006470030879546078,0.0006545676598715061,0.00024177814705586488,0.13867357975196667
1781868789.890205,79.23637104034424,playing_with_blocks,mixed_social_nonsocial_movie,mixed,2281,1,0.21928153800293296,0.19393011289687526,0.2066058254499041,1,0,0.5711163818836212,0.8650799751281738,0.0034144655578322537,0.23067846602058642,15.369814426203702,0.5693666636943817,0.8799385130405426,0.0004903229986836109,0.00015668008927099692,0.0009359044005376954,0.14341611589778633
1781868789.92658,79.2727460861206,playing_with_blocks,mixed_social_nonsocial_movie,mixed,2282,1,0.20063397147882317,0.15382789679279268,0.17723093413580793,0,1,0.5708529710769654,0.8646507263183594,-0.0035971845536572353,0.23769765659945707,14.680652750645551,0.5696206390857697,0.8797911703586578,0.0002936211254927892,0.0001967018731908217,0.0018708050238093886,0.1430732290787535
1781868789.959092,79.30525803565979,playing_with_blocks,mixed_social_nonsocial_movie,mixed,2283,1,0.28364085137939826,0.14079015411941534,0.21221550274940681,1,0,0.5707436203956604,0.8646428048610687,0.012820883178024923,0.23310068828847055,14.100869256196237,0.5690746009349823,0.8810048997402191,0.001330900700195322,0.0010372795747025329,0.004572962919075673,0.1419963054632553
1781868789.994096,79.34026217460632,playing_with_blocks,mixed_social_nonsocial_movie,mixed,2284,1,0.24387298503488195,0.19726006760343381,0.22056652631915788,1,0,0.570252925157547,0.8646901607513428,0.005373826682777909,0.2350250726801736,14.40108495597169,0.5693744719028473,0.8807916641235352,0.00036795655394472143,0.0009629441462506005,0.0014830790260107038,0.13926798482901692
1781868790.027004,79.3731701374054,playing_with_blocks,mixed_social_nonsocial_movie,mixed,2285,1,0.2571154518245192,0.20691088448786013,0.23201316815618966,1,0,0.5706403434276581,0.8647831201553344,0.010329165867330375,0.232222981614624,13.751756287634398,0.569168210029602,0.8807274103164673,0.00021603821902003902,0.0001519183349246824,0.002615306577151389,0.1369875515123018
1781868790.062145,79.40831112861633,playing_with_blocks,mixed_social_nonsocial_movie,mixed,2286,1,0.26817606099678576,0.12448814684228048,0.19633210391953312,1,0,0.5705723464488983,0.8646121799945832,0.012950110526748574,0.236593495536377,13.695586090250835,0.5689696669578552,0.8804490864276886,0.0003418823458494984,0.00012584412682945938,0.001418779384122883,0.1383759860665391
1781868790.095061,79.4412271976471,playing_with_blocks,mixed_social_nonsocial_movie,mixed,2287,1,0.32972101418923816,0.18527707552640074,0.25749904485781944,1,0,0.5705445230007171,0.8645171344280242,0.01082711921531989,0.2355217750432545,14.975050974737186,0.5690167248249054,0.8805980682373047,0.00015623707129806328,0.00018564527455143512,0.0017290613300300637,0.13436968010871533
1781868790.13052,79.47668623924255,playing_with_blocks,mixed_social_nonsocial_movie,mixed,2288,1,0.26958938058617105,0.20186188525598908,0.23572563292108006,1,0,0.5709538757801056,0.8649628281593322,0.006369890571849752,0.23312338463279608,15.031672674083348,0.56920126080513,0.8804636001586914,0.00022833132103021917,7.209424973215588e-05,0.0017639938240291812,0.13679064919372144
1781868790.164379,79.51054501533508,playing_with_blocks,mixed_social_nonsocial_movie,mixed,2289,1,0.22647598026112772,0.23522696145458935,0.23085147085785854,1,0,0.5709023296833038,0.8644988238811493,0.012120162804369044,0.23043527567314054,15.750194836316421,0.569005936384201,0.8811093866825104,0.0006746790820511781,0.00044634776102095897,0.002063519682549628,0.13443539686816447
1781868790.199875,79.54604125022888,playing_with_blocks,mixed_social_nonsocial_movie,mixed,2290,1,0.2535238044284871,0.15256537370834233,0.20304458906841472,1,0,0.5708981573581695,0.8651000082492828,0.008416771391270216,0.22928978693418722,14.892980336652125,0.5690019726753235,0.8814115524291992,0.0003021917428721241,0.000372487339179054,0.0014467259831674568,0.14036051405497793
1781868790.234091,79.5802571773529,playing_with_blocks,mixed_social_nonsocial_movie,mixed,2291,1,0.2161414896706273,0.15452431002476233,0.1853328998476948,1,0,0.5709807574748993,0.864938497543335,0.009467571861813875,0.23293812507733233,15.797427984272128,0.5691474378108978,0.8807236552238464,0.000703109287948773,0.00040091754507664884,0.0012181484226263613,0.14232628108057743
1781868790.268609,79.61477518081665,playing_with_blocks,mixed_social_nonsocial_movie,mixed,2292,1,0.18963644251080694,0.11191735140449134,0.15077689695764915,0,1,0.5709438562393189,0.8649896085262299,0.005105193712792143,0.22860830309120525,15.967547491531391,0.5692594349384308,0.8807975351810455,0.00013417005869930233,0.0005689392292494706,0.0015534370778908966,0.14594795135646857
1781868790.3036401,79.64980626106262,playing_with_blocks,mixed_social_nonsocial_movie,mixed,2293,1,0.13289423134872916,0.08371568635642301,0.10830495885257609,0,1,0.5714481174945831,0.8649169325828552,0.014822810763993569,0.23265385984025988,15.979069757896577,0.5693297684192657,0.879539966583252,0.001259533872781066,0.0011253638140817637,0.0017981244990999225,0.14859039063529816
1781868790.338057,79.68422317504883,playing_with_blocks,mixed_social_nonsocial_movie,mixed,2294,1,0.1534015799967801,0.09529706133339494,0.12434932066508753,0,1,0.5709092319011688,0.864567369222641,0.007686984452362525,0.2291638731738108,15.028373345591401,0.5692453980445862,0.8813262581825256,0.0017882829859279257,0.0005287491131468597,0.001407776310289649,0.144590238991868
