timestamp,elapsed_time,stimulus_id,stimulus_type,paper_category,frame_index,face_detected,left_ear,right_ear,avg_ear,eye_open,blink_state,gaze_x,gaze_y,yaw_proxy,pitch_proxy,roll_proxy_deg,head_center_x,head_center_y,head_movement,head_acceleration,mouth_open,eyebrow_signal
1781867481.045064,39.70113682746887,blowing_bubbles,mixed_social_nonsocial_movie,mixed,1135,1,0.44161559801271516,0.4217803757788573,0.4316979868957862,1,0,0.5552133589982986,0.6274388670921326,0.006507166504058097,0.2830921121828712,6.568835410548302,0.5506179183721542,0.6692720353603363,0.0,0.0,0.0003314410906991352,0.1331119788188383
1781867481.078829,39.734901905059814,blowing_bubbles,mixed_social_nonsocial_movie,mixed,1136,1,0.4126357126893756,0.4195717707760142,0.41610374173269493,1,0,0.555279529094696,0.626705652475357,-0.001560754913365982,0.2824301609360426,6.9590683432333575,0.5514984428882599,0.667807936668396,0.001708481314853754,0.001708481314853754,0.0002533201486665374,0.13431417781790808
1781867481.11311,39.76918292045593,blowing_bubbles,mixed_social_nonsocial_movie,mixed,1137,1,0.4172553544230255,0.4056049190927555,0.41143013675789053,1,0,0.5554344028234481,0.6266059577465057,0.0020359172919931045,0.27977580022838716,7.211421589905623,0.5515457987785339,0.6682129800319672,0.000407802288758526,0.0013006790260952279,0.0003529754865657931,0.13379510096405778
1781867481.146404,39.80247688293457,blowing_bubbles,mixed_social_nonsocial_movie,mixed,1138,1,0.4198900019200072,0.41259910675261124,0.41624455433630925,1,0,0.5538526117801666,0.6274375081062317,0.0050624618554131785,0.27728649515775017,6.459280432520998,0.5511926263570786,0.6702152490615845,0.002033177814713042,0.001625375525954516,0.00024848992182763323,0.13285943781593612
1781867481.182255,39.83832788467407,blowing_bubbles,mixed_social_nonsocial_movie,mixed,1139,1,0.4357312177634852,0.4216143546198517,0.4286727861916685,1,0,0.5536174744367599,0.6296636939048768,0.004293069202441594,0.27649668939042316,7.15025007910883,0.5513702630996704,0.6703774631023407,0.00024055811634012353,0.0017926196983729184,0.00019627139592214807,0.13684284761736257
1781867481.217847,39.87391996383667,blowing_bubbles,mixed_social_nonsocial_movie,mixed,1140,1,0.4600713998727617,0.3966864639428566,0.4283789319078092,1,0,0.5535152524709701,0.6300257325172425,0.0069271957572938705,0.2781201179888811,7.682459175462954,0.5511087328195572,0.6705519258975983,0.00031438090645772947,7.382279011760594e-05,0.00019872018604518885,0.13593408007701685
1781867481.251405,39.90747785568237,blowing_bubbles,mixed_social_nonsocial_movie,mixed,1141,1,0.4335577903658191,0.4163030898518114,0.42493044010881525,1,0,0.5534049451351166,0.6302209436893463,0.008657081516871409,0.27719264207275407,7.892203585954341,0.5512392669916153,0.6718441545963287,0.0012988049044785502,0.0009844239980208208,0.00012890700689872784,0.13616415134850557
1781867481.284817,39.940889835357666,blowing_bubbles,mixed_social_nonsocial_movie,mixed,1142,1,0.4157868856466644,0.4038618385394301,0.40982436209304723,1,0,0.5533918827772141,0.6309025526046753,0.004579218248305086,0.27788226890383644,7.153243306909913,0.5515484362840652,0.6718108952045441,0.0003109531130828078,0.0009878517913957424,0.0005524707071192977,0.13716682353303192
1781867481.322208,39.978280782699585,blowing_bubbles,mixed_social_nonsocial_movie,mixed,1143,1,0.4305915851472552,0.41099213910938065,0.42079186212831793,1,0,0.5532692611217499,0.6308198034763337,0.004379698503543782,0.2784490149929875,6.676951447988395,0.5517600476741791,0.6711215376853943,0.0007211055190707165,0.0004101524059879087,0.0004612770760861525,0.1358083430730807
1781867481.355049,40.01112174987793,blowing_bubbles,mixed_social_nonsocial_movie,mixed,1144,1,0.3943659765667476,0.3855859243220696,0.3899759504444086,1,0,0.5526942163705826,0.6306080460548401,0.0016904210876211314,0.28247869436984807,7.021510402509213,0.5516956150531769,0.6687791049480438,0.002343318734543041,0.0016222132154723244,0.00018703914805070902,0.13844284156407605
1781867481.3889558,40.04502868652344,blowing_bubbles,mixed_social_nonsocial_movie,mixed,1145,1,0.4238361370756311,0.3910164789959238,0.40742630803577745,1,0,0.5527958393096923,0.6295344293117523,0.011722679461593583,0.2833841421614196,6.074586581922355,0.5509315729141235,0.6669644713401794,0.0019689224263642552,0.0003743963081787858,0.0006064325368159138,0.13599164344401923
1781867481.425749,40.08182191848755,blowing_bubbles,mixed_social_nonsocial_movie,mixed,1146,1,0.4239307861655279,0.401715951869249,0.4128233690173885,1,0,0.5524321436882019,0.6277545034885406,0.008206830913839027,0.2858767189040651,5.434418229942993,0.5507115721702576,0.6635743677616119,0.003397234551913921,0.0014283121255496659,0.0004601569779180919,0.13824226784101157
1781867481.4585018,40.114574670791626,blowing_bubbles,mixed_social_nonsocial_movie,mixed,1147,1,0.440040581818951,0.4183801173614622,0.4292103495902066,1,0,0.5517578780651092,0.6273184895515442,0.011159967827144271,0.2862598741843255,4.643778907105388,0.550097718834877,0.6623240113258362,0.0013929131824502508,0.0020043213694636705,0.00025241438431755343,0.13709240482783627
1781867481.491885,40.14795780181885,blowing_bubbles,mixed_social_nonsocial_movie,mixed,1148,1,0.4244602846489249,0.43010780045440417,0.4272840425516645,1,0,0.549890148639679,0.6267584800720215,0.021483349061946665,0.2804354968943485,4.415211281783925,0.5478388369083405,0.6638232469558716,0.0027111353769963546,0.0013182221945461038,8.833323319814575e-05,0.13792950400251938
1781867481.5272808,40.183353662490845,blowing_bubbles,mixed_social_nonsocial_movie,mixed,1149,1,0.4484170626016308,0.4246832929242213,0.43655017776292604,1,0,0.5486430138349533,0.6274152040481566,0.026981182587104562,0.2804638456478419,4.318788170736845,0.545811727643013,0.6647787392139435,0.002241012590060963,0.00047012278693539175,0.0005882922662983945,0.1365436882441233
1781867481.561322,40.21739482879639,blowing_bubbles,mixed_social_nonsocial_movie,mixed,1150,1,0.41403778063162483,0.431329364367346,0.4226835724994854,1,0,0.5474367827177047,0.6299019992351532,0.01816742048252932,0.279289381985658,4.214437035354747,0.5453038811683655,0.6670443117618561,0.0023217939210160524,8.078133095508954e-05,0.001078463056306942,0.13863538999783756
1781867481.594944,40.25101685523987,blowing_bubbles,mixed_social_nonsocial_movie,mixed,1151,1,0.431876887318763,0.4345459341232729,0.433211410721018,1,0,0.5465058267116547,0.6323650598526,0.01005099858037654,0.28501763015773673,4.11257504992872,0.5453196465969086,0.6689191460609436,0.0018749005834369343,0.00044689333757911816,0.0002535561623828146,0.13492944305565469
1781867481.6301172,40.286190032958984,blowing_bubbles,mixed_social_nonsocial_movie,mixed,1152,1,0.40575360124324844,0.4189178495871262,0.4123357254151873,1,0,0.5459517151117326,0.6350668013095856,0.01231120525842005,0.2820104116203801,4.5124624669736235,0.5449455380439758,0.6729732751846313,0.004071353603030641,0.0021964530195937066,0.0007102072889039288,0.1371678091268692
1781867481.6651862,40.32125902175903,blowing_bubbles,mixed_social_nonsocial_movie,mixed,1153,1,0.33075465196371656,0.4361561794286459,0.38345541569618125,1,0,0.5452122062444686,0.6378345251083374,0.016053151603699668,0.28528216004890067,5.4133715931099955,0.5437320619821548,0.6746756136417389,0.0020905693901805454,0.0019807842128500954,0.00041035144895510865,0.13794175057227534
1781867481.698138,40.35421085357666,blowing_bubbles,mixed_social_nonsocial_movie,mixed,1154,1,0.3695393366918002,0.43364540017634057,0.4015923684340704,1,0,0.5454809933900833,0.640246319770813,0.005858943232891445,0.28919567565150944,6.181129528689459,0.5448582172393799,0.6765618026256561,0.002196800980158723,0.00010623158997817746,0.0004826445346144208,0.13583696688846916
1781867481.7324429,40.38851571083069,blowing_bubbles,mixed_social_nonsocial_movie,mixed,1155,1,0.42988162646701755,0.4167633337190278,0.42332248009302265,1,0,0.5448153764009476,0.6435931265354156,0.007375736844882066,0.28637607433793405,5.109908205099324,0.5443893074989319,0.6790027916431427,0.002485619385219119,0.00028881840506039596,0.0005799640341505774,0.1379627906421994
1781867481.7683918,40.4244647026062,blowing_bubbles,mixed_social_nonsocial_movie,mixed,1156,1,0.412718219038961,0.435714356764675,0.424216287901818,1,0,0.5440676063299179,0.6451840758323669,0.0015757600844619791,0.28429423154687833,5.200363327860785,0.5438041090965271,0.6829254925251007,0.0039661113675099,0.0014804919822907808,0.00047740313434521637,0.13722270793579092
1781867481.8028328,40.4589056968689,blowing_bubbles,mixed_social_nonsocial_movie,mixed,1157,1,0.44128804332646265,0.4153339007586129,0.42831097204253776,1,0,0.5439033180475235,0.6466075956821442,-0.002384320269325661,0.2826903453961607,6.070156577542513,0.5433749109506607,0.6848705410957336,0.0019918395996004227,0.001974271767909477,0.0005732749671213014,0.1368862498644791
1781867481.8368452,40.49291801452637,blowing_bubbles,mixed_social_nonsocial_movie,mixed,1158,1,0.4221147653425394,0.4120505708706923,0.4170826681066159,1,0,0.5436583161354065,0.6470830738544464,0.002159171417410884,0.28502136159257996,6.428772424759134,0.5433804094791412,0.6840174198150635,0.0008531390000156805,0.0011387005995847422,0.0001804771641681827,0.1376291398834931
1781867481.872052,40.52812480926514,blowing_bubbles,mixed_social_nonsocial_movie,mixed,1159,1,0.4372601713615987,0.4124077331760474,0.42483395226882303,1,0,0.5441539824008942,0.6473532617092133,0.003183297549376953,0.2866790233346039,6.172824785018238,0.5430436730384827,0.6844082474708557,0.0005158853428810097,0.0003372536571346708,0.00016637637968796486,0.13813685953442856
1781867481.9051409,40.56121373176575,blowing_bubbles,mixed_social_nonsocial_movie,mixed,1160,1,0.43702212762686177,0.4042269618308211,0.4206245447288414,1,0,0.5447051584720611,0.6470452010631561,0.0007883408160410936,0.28449148106570016,6.147883278377334,0.5435652583837509,0.6841171085834503,0.0005973383665547113,8.145302367370156e-05,0.0005739620712717635,0.13823768231720776
1781867481.939339,40.59541177749634,blowing_bubbles,mixed_social_nonsocial_movie,mixed,1161,1,0.43588118876704357,0.40537720752578704,0.4206291981464153,1,0,0.5449424266815186,0.6465409398078918,5.567297903531324e-05,0.28517816643848853,5.895042929858094,0.5445953011512756,0.6843641996383667,0.00105926488299654,0.00046192651644182863,0.0005057895421513551,0.13671547361965738
1781867481.9747782,40.63085103034973,blowing_bubbles,mixed_social_nonsocial_movie,mixed,1162,1,0.4317925524681479,0.3917761466149459,0.4117843495415469,1,0,0.5456630736589432,0.6470848917961121,-0.0005408181696351979,0.2805935551529093,5.9895587653329,0.5453533828258514,0.6863164007663727,0.0020942246941327678,0.0010349598111362279,0.0006709918457727098,0.13829837258678437
1781867482.0087821,40.664855003356934,blowing_bubbles,mixed_social_nonsocial_movie,mixed,1163,1,0.41599814719307293,0.4010971951275762,0.40854767116032453,1,0,0.5464216023683548,0.6472051918506623,0.004131782833689843,0.2799716881752158,6.28368515554027,0.5458980351686478,0.6870155036449432,0.0008862228891984029,0.0012080018049343648,0.0004999580650598178,0.13806757618942858
1781867482.042741,40.698813915252686,blowing_bubbles,mixed_social_nonsocial_movie,mixed,1164,1,0.44744448736690695,0.40215902061116,0.42480175398903347,1,0,0.5472984492778779,0.6477114856243134,0.0037119517238395805,0.2832664323836252,6.048911969589758,0.5471907258033752,0.6859059035778046,0.0017036024730277528,0.0008173795838293499,0.00013158744531267902,0.13751253453098689
1781867482.075103,40.731175899505615,blowing_bubbles,mixed_social_nonsocial_movie,mixed,1165,1,0.4386315386790007,0.4218760690288806,0.43025380385394063,1,0,0.5477670013904572,0.6468145608901977,0.005269214634213422,0.2836451963368788,5.469183701688352,0.5478534251451492,0.6857522130012512,0.0006802875942636136,0.0010233148787641391,0.0011993946160661034,0.13616337576897117
1781867482.10964,40.76571273803711,blowing_bubbles,mixed_social_nonsocial_movie,mixed,1166,1,0.43364472220420414,0.43936806255619254,0.43650639238019834,1,0,0.5493554085493088,0.6461537957191468,0.010259486260871514,0.28709754996522346,5.720224273132812,0.5482462048530579,0.685545802116394,0.00044371314194230495,0.00023657445232130864,0.007875491534730529,0.13547729247692272
1781867482.1450791,40.8011519908905,blowing_bubbles,mixed_social_nonsocial_movie,mixed,1167,1,0.42557921958136014,0.44300420068172597,0.43429171013154305,1,0,0.54998839199543,0.6466629028320312,0.008964119253423476,0.2864215978362757,5.5930031916114284,0.5488099902868271,0.6861742436885834,0.0008442705875406016,0.00040055744559829666,0.0071421800012233414,0.13637564591084286
1781867482.1789272,40.83500003814697,blowing_bubbles,mixed_social_nonsocial_movie,mixed,1168,1,0.4244629943377549,0.4214541211742968,0.42295855775602587,1,0,0.5512554526329041,0.6464871346950531,0.006966771894293216,0.2913218546407101,5.96110981301226,0.5500492304563522,0.6851420700550079,0.0016127921774404287,0.0007685215898998271,0.008847416974871854,0.13750655524102448
1781867482.217715,40.87378787994385,blowing_bubbles,mixed_social_nonsocial_movie,mixed,1169,1,0.4257019709829289,0.42666394668244795,0.4261829588326884,1,0,0.5525965094566345,0.6473558604717254,0.00397110299451158,0.2880400268092516,6.45191259697945,0.5517929047346115,0.6851001381874084,0.0017441783940249326,0.00013138621658450385,0.0022506155506798386,0.13750857977341066
1781867482.2500658,40.90613865852356,blowing_bubbles,mixed_social_nonsocial_movie,mixed,1170,1,0.42036146690340037,0.423781631725809,0.42207154931460467,1,0,0.5540568768978119,0.6482216119766235,0.010465893037898714,0.28600244294979804,6.705953023405445,0.5521318316459656,0.6862615644931793,0.0012098688007286518,0.0005343095932962808,0.00037958256603884443,0.13557535862567588
1781867482.2844942,40.94056701660156,blowing_bubbles,mixed_social_nonsocial_movie,mixed,1171,1,0.4406700165774709,0.4164746449614087,0.4285723307694398,1,0,0.5555544704198837,0.6499863624572755,0.010776551571046435,0.28717295354744954,5.964168620808703,0.5535392463207245,0.6882426142692566,0.0024300975869340174,0.0012202287862053656,0.0005700049506602555,0.1358686278582382
1781867482.320178,40.976250886917114,blowing_bubbles,mixed_social_nonsocial_movie,mixed,1172,1,0.4468588027294185,0.4313023755709763,0.43908058915019743,1,0,0.5563729047775269,0.6516011416912079,0.015775135562715828,0.28659303359146027,7.215207722201679,0.5533742606639862,0.6907603442668915,0.002523129922917156,9.303233598313872e-05,0.0002642235193497231,0.1350911477925261
1781867482.353024,41.00909686088562,blowing_bubbles,mixed_social_nonsocial_movie,mixed,1173,1,0.42537960295795235,0.42112121954263226,0.4232504112502923,1,0,0.5578441023826599,0.6533847033977509,0.010169493235956966,0.2865345746966941,7.177937837588082,0.5547052174806595,0.6919894814491272,0.0018116909947900686,0.0007114389281270876,0.0003087444781588057,0.1371292136976265
1781867482.386681,41.04275393486023,blowing_bubbles,mixed_social_nonsocial_movie,mixed,1174,1,0.41686144604350317,0.41476658782063186,0.41581401693206754,1,0,0.5581829369068145,0.6544201850891114,0.018760212054442567,0.28516865567355365,7.856415013017705,0.5545420199632645,0.6936092674732208,0.0016279865458697564,0.0001837044489203122,0.00017772860848047162,0.1357036756334645
1781867482.4227939,41.078866720199585,blowing_bubbles,mixed_social_nonsocial_movie,mixed,1175,1,0.44772233711163495,0.41375998448365775,0.43074116079764635,1,0,0.5591438591480256,0.6553827762603759,0.011522959614488727,0.28839061538948246,7.4052813100481725,0.55604687333107,0.6922280788421631,0.0020426124676890256,0.0004146259218192692,0.000522705607712517,0.13656377653233204
1781867482.456643,41.11271595954895,blowing_bubbles,mixed_social_nonsocial_movie,mixed,1176,1,0.43085993622806495,0.425444463914289,0.42815220007117694,1,0,0.559565058350563,0.6566176295280457,0.007920263407496792,0.29104809989259334,8.63625230347574,0.556708425283432,0.6929722428321838,0.000995706296915742,0.0010469061707732835,0.0003368072083436615,0.13696195607696526
1781867482.4899762,41.14604902267456,blowing_bubbles,mixed_social_nonsocial_movie,mixed,1177,1,0.4452702804563308,0.4423106491203094,0.44379046478832007,1,0,0.5599530220031739,0.6560453772544861,0.007664554007535766,0.28917345284453866,7.341333315379702,0.55759197473526,0.694200187921524,0.0015127818006111459,0.0005170755036954038,0.0005745942384540776,0.13415940820759437
1781867482.5252411,41.18131399154663,blowing_bubbles,mixed_social_nonsocial_movie,mixed,1178,1,0.4350786447274787,0.4201836359817922,0.42763114035463545,1,0,0.5600278913974762,0.6573273956775665,0.00949729590147349,0.2911188389178638,7.820115944548757,0.5571794807910919,0.6949007213115692,0.0008129565083960646,0.0006998252922150813,0.0006743382210492682,0.13602499865808657
1781867482.559107,41.21517992019653,blowing_bubbles,mixed_social_nonsocial_movie,mixed,1179,1,0.4144652611393836,0.42612880059711566,0.42029703086824965,1,0,0.56116481423378,0.6573506355285644,0.01275836695609225,0.2948208275813691,7.948672162102911,0.5571689903736115,0.6929832994937897,0.0019174505146563531,0.0011044940062602884,0.0009887736151798457,0.1365010331018577
1781867482.594403,41.25047588348389,blowing_bubbles,mixed_social_nonsocial_movie,mixed,1180,1,0.42858431681831005,0.4096981104765706,0.41914121364744034,1,0,0.5629951059818268,0.6562700688838958,0.017437318870190798,0.29167642308393876,8.686300523555603,0.5569035112857819,0.6937525868415833,0.0008138072066221276,0.0011036433080342256,0.0005726069617009109,0.13569391506075745
1781867482.629358,41.285430908203125,blowing_bubbles,mixed_social_nonsocial_movie,mixed,1181,1,0.436108683447859,0.4188209318176417,0.42746480763275035,1,0,0.5628185451030732,0.6555093228816986,0.0056410438613336954,0.2902965753328632,8.088788039583948,0.5583274364471436,0.6932021081447601,0.0015266268898506301,0.0007128196832285026,0.00017093036989517267,0.13258503354368056
1781867482.663315,41.319387912750244,blowing_bubbles,mixed_social_nonsocial_movie,mixed,1182,1,0.42716376788131016,0.4166033263774055,0.4218835471293578,1,0,0.5634917676448823,0.6539683520793915,0.0118075055087486,0.2957061329990933,7.654311116207791,0.5581523478031158,0.6913651823997498,0.001845251263635765,0.0003186243737851348,0.0004464585167699978,0.13386347909850818
1781867482.697504,41.35357689857483,blowing_bubbles,mixed_social_nonsocial_movie,mixed,1183,1,0.44634017632548656,0.4114377693754804,0.42888897285048344,1,0,0.5642005264759065,0.6528404414653779,0.016070271818636,0.29443032098922833,7.29500675260262,0.5581431984901428,0.690314531326294,0.00105069090986918,0.000794560353766585,0.000387620316629514,0.13372835044127807
1781867482.731503,41.38757586479187,blowing_bubbles,mixed_social_nonsocial_movie,mixed,1184,1,0.44243007303468407,0.4147896737241098,0.42860987337939693,1,0,0.5645057111978531,0.6520840585231781,0.014835330982497456,0.2918774791936754,6.93795862525513,0.5585248470306396,0.691392332315445,0.0011433768323165525,9.268592244737251e-05,0.0013435662064257706,0.13393629123034517
1781867482.766701,41.42277383804321,blowing_bubbles,mixed_social_nonsocial_movie,mixed,1185,1,0.4503601403208971,0.4326643565441742,0.44151224843253567,1,0,0.5645908623933792,0.6521066069602967,0.008647303989283704,0.2922912915820963,7.045389311264589,0.5592173933982849,0.690631628036499,0.0010287329446193921,0.00011464388769716035,0.0014106833889837964,0.13452907486366183
1781867482.8008058,41.456878662109375,blowing_bubbles,mixed_social_nonsocial_movie,mixed,1186,1,0.4285240026966838,0.4171734242027611,0.4228487134497224,1,0,0.5647097289562225,0.6508881747722626,0.015972767904303603,0.2906233881690616,7.555091262131678,0.558984100818634,0.6902963221073151,0.0004084794901412805,0.0006202534544781117,0.000815470820258854,0.13255022349450962
1781867482.835509,41.49158191680908,blowing_bubbles,mixed_social_nonsocial_movie,mixed,1187,1,0.4698911230681429,0.43506728679056667,0.4524792049293548,1,0,0.5645814955234527,0.6506505072116853,0.013258398713914987,0.29247807432400313,7.195235427291819,0.5594924539327621,0.6892018616199493,0.001206758736056452,0.0007982792459151715,0.0004834713388747264,0.13137500816158088
1781867482.8711512,41.52722406387329,blowing_bubbles,mixed_social_nonsocial_movie,mixed,1188,1,0.4701439848156707,0.42594984465918345,0.4480469147374271,1,0,0.5649920105934143,0.6504930675029754,0.01615693817858386,0.2913916522974511,7.223536687826823,0.5598320364952087,0.6901624500751495,0.001018845668873207,0.00018791306718324492,0.0003949855292730879,0.13159718370583223
1781867482.904507,41.560579776763916,blowing_bubbles,mixed_social_nonsocial_movie,mixed,1189,1,0.4512071133848813,0.411066985277256,0.43113704933106867,1,0,0.565709525346756,0.6510780632495881,0.018061065721628744,0.28904320062615574,6.632629599757735,0.5601036846637726,0.6908862292766571,0.0007730776545852449,0.00024576801428796214,0.000378442630415494,0.13383937052436454
1781867482.937284,41.59335684776306,blowing_bubbles,mixed_social_nonsocial_movie,mixed,1190,1,0.46078719024951653,0.4011525884029226,0.4309698893262196,1,0,0.5669483751058578,0.6509593844413757,0.023665854977689766,0.29058982500316005,7.2304597313154675,0.5604817569255829,0.6898816227912903,0.0010733931365494356,0.00030031548196419067,0.0008021469093837553,0.13374629223465836
1781867482.972544,41.62861680984497,blowing_bubbles,mixed_social_nonsocial_movie,mixed,1191,1,0.4457419010647391,0.41970955530487536,0.43272572818480726,1,0,0.5674915730953216,0.6507734417915345,0.025719247728192323,0.2897590746963338,7.369170004516148,0.5603180676698685,0.6899228096008301,0.0001687913674226469,0.0009046017691267886,0.0006199766302701567,0.1334814155457946
1781867483.009071,41.665143966674805,blowing_bubbles,mixed_social_nonsocial_movie,mixed,1192,1,0.4246219529665181,0.4147893185204776,0.41970563574349784,1,0,0.5679577022790909,0.650715810060501,0.0319290197904131,0.2927408781371472,7.775641687798408,0.5603352785110474,0.6890941858291626,0.0008288024903597515,0.0006600111229371046,0.0004671143662103621,0.1330465872204957
1781867483.041867,41.6979398727417,blowing_bubbles,mixed_social_nonsocial_movie,mixed,1193,1,0.42328427237373406,0.4301894004575513,0.42673683641564264,1,0,0.5684008091688156,0.6499287843704225,0.026851637150757467,0.29546257813491794,7.9694928800298985,0.5614745020866394,0.687322735786438,0.002106149474527802,0.0012773469841680504,0.0009064065352704441,0.13373253354878467
1781867483.076083,41.73215579986572,blowing_bubbles,mixed_social_nonsocial_movie,mixed,1194,1,0.4618865941420873,0.43353909894961806,0.4477128465458527,1,0,0.5685246378183364,0.6486651062965393,0.02950544516355716,0.28950902591628064,6.328066972919843,0.5611589103937149,0.6884731650352478,0.001192931503968298,0.0009132179705595039,0.0005879884325922136,0.13026846919496188
1781867483.110821,41.76689386367798,blowing_bubbles,mixed_social_nonsocial_movie,mixed,1195,1,0.45458677481706883,0.4121016291268465,0.43334420197195767,1,0,0.5683182060718537,0.6484422028064727,0.027447585839649458,0.288348094863076,6.802727814171505,0.5611886084079742,0.6887045204639435,0.00023325373831497136,0.0009596777656533267,0.0007395814657814627,0.13385502065941615
1781867483.144833,41.80090594291687,blowing_bubbles,mixed_social_nonsocial_movie,mixed,1196,1,0.423900058660654,0.4383539179997089,0.4311269883301815,1,0,0.5686921656131745,0.6486020743846893,0.033004646570183406,0.2833527770209941,6.749568203779667,0.5607913285493851,0.689859926700592,0.0012217998435615468,0.0009885461052465754,7.057400623770379e-05,0.13392109522632054
1781867483.1792052,41.835278034210205,blowing_bubbles,mixed_social_nonsocial_movie,mixed,1197,1,0.42867840976028926,0.45016960060116884,0.43942400518072905,1,0,0.5683083772659302,0.6485849738121032,0.02356774876918099,0.28549529251288136,6.6302802987529565,0.561464786529541,0.6877029240131378,0.002259691626023442,0.0010378917824618954,0.0011847102085559612,0.13335333962000645
1781867483.218119,41.874191761016846,blowing_bubbles,mixed_social_nonsocial_movie,mixed,1198,1,0.4439389175325667,0.4156981325352323,0.4298185250338995,1,0,0.5679261982440948,0.6480450212955475,0.023861210119448792,0.29044965888467184,6.348253450789429,0.5611857920885086,0.6857336759567261,0.0019889132222921176,0.0002707784037313246,0.000918675427975987,0.13383886689408836
1781867483.2486432,41.90471601486206,blowing_bubbles,mixed_social_nonsocial_movie,mixed,1199,1,0.43738882795744516,0.40794229265154736,0.42266556030449626,1,0,0.5680612117052077,0.6475029349327087,0.028197470137112678,0.2855119163402506,6.78128686248964,0.5604857355356216,0.6880593001842499,0.0024287048451562955,0.0004397916228641779,0.0009750525772580579,0.13325543075398497
1781867483.2826052,41.93867802619934,blowing_bubbles,mixed_social_nonsocial_movie,mixed,1200,1,0.4465360741121989,0.39820225923039887,0.42236916667129887,1,0,0.5685023367404938,0.6479045510292053,0.024704008240543644,0.28765567697736055,6.5835619022221366,0.5613109022378922,0.6872362494468689,0.001165466688858743,0.0012632381562975525,0.0008478595176122775,0.1357077050870122
1781867483.318539,41.97461175918579,blowing_bubbles,mixed_social_nonsocial_movie,mixed,1201,1,0.4631613110153451,0.4110675763163463,0.4371144436658457,1,0,0.5681698858737945,0.6462525248527526,0.029872238944035366,0.28714756200348635,6.195266235434065,0.5609351545572281,0.685529351234436,0.0017477665253491153,0.0005822998364903723,0.001105472643256686,0.13312786386332195
1781867483.3518898,42.007962703704834,blowing_bubbles,mixed_social_nonsocial_movie,mixed,1202,1,0.4472089024326657,0.4210702135187557,0.4341395579757107,1,0,0.5692464947700501,0.6457885324954986,0.02577851205795941,0.28784544338958734,6.200978980821738,0.5612703263759613,0.6850082576274872,0.00061957945033377,0.0011281870750153452,0.0009887066749201066,0.13327708564889604
1781867483.384895,42.04096794128418,blowing_bubbles,mixed_social_nonsocial_movie,mixed,1203,1,0.42711881420064474,0.4276359207030246,0.42737736745183463,1,0,0.5695591807365417,0.6453876972198487,0.031072499089136695,0.284405670733842,6.91736228582761,0.5616291612386703,0.685895174741745,0.0009567572452084306,0.0003371777948746606,0.0005740331255853442,0.13345337953381795
1781867483.421588,42.07766079902649,blowing_bubbles,mixed_social_nonsocial_movie,mixed,1204,1,0.45089480991543107,0.409667000335393,0.43028090512541206,1,0,0.56997429728508,0.6459528982639313,0.027414082927505648,0.2843030127117758,6.526620942586049,0.5625591278076172,0.6861300766468048,0.0009591750227979692,2.4177775895385493e-06,0.0011062152214075637,0.13355386249789675
1781867483.4540958,42.11016869544983,blowing_bubbles,mixed_social_nonsocial_movie,mixed,1205,1,0.4567297386330322,0.39805934060316245,0.4273945396180973,1,0,0.5705939888954162,0.6468823671340942,0.027708422770738015,0.28690768210552897,6.655118025199183,0.5629747211933136,0.6860593557357788,0.00042156768079509307,0.0005376073420028762,0.0006020874451188214,0.13490212732101498
1781867483.4896011,42.145673990249634,blowing_bubbles,mixed_social_nonsocial_movie,mixed,1206,1,0.4554701268195297,0.4226948372071978,0.43908248201336375,1,0,0.5704485595226287,0.6464619576930999,0.026550795374386683,0.2859407886045903,6.108424190167257,0.563614621758461,0.6860147714614868,0.0006414518616311792,0.00021988418083608612,0.0010224226774329314,0.13314295989568614
1781867483.523537,42.17960977554321,blowing_bubbles,mixed_social_nonsocial_movie,mixed,1207,1,0.4393597722601145,0.43167432390154276,0.43551704808082864,1,0,0.5706317186355591,0.6472177743911742,0.0264249213621191,0.28554548787213474,6.867059725516767,0.5631644129753113,0.6871434152126312,0.0012151233128462617,0.0005736714512150825,0.0006401385687020543,0.13536886678669446
1781867483.557618,42.213690757751465,blowing_bubbles,mixed_social_nonsocial_movie,mixed,1208,1,0.43435783540810896,0.4351964560156839,0.4347771457118964,1,0,0.5708398461341858,0.6472231864929199,0.03405253338821932,0.2841741472284778,6.899846698009066,0.5628008991479874,0.687984436750412,0.0009162202408082881,0.00029890307203797367,0.00011780574154343134,0.1349506342349472
1781867483.593076,42.24914884567261,blowing_bubbles,mixed_social_nonsocial_movie,mixed,1209,1,0.4329905265587495,0.43245202140640165,0.43272127398257554,1,0,0.5711489260196686,0.6468971073627472,0.03378744281016052,0.2867200137190955,7.521536591532039,0.5624401569366455,0.6866270303726196,0.0014045237689392033,0.0004883035281309152,0.0002853812282241015,0.13447165801730881
1781867483.627815,42.28388786315918,blowing_bubbles,mixed_social_nonsocial_movie,mixed,1210,1,0.4514453425895577,0.4605492382985608,0.45599729044405923,1,0,0.5709000170230866,0.6471689820289612,0.027200876922643648,0.2854816799612316,6.419222113932901,0.5632786303758621,0.6857398152351379,0.001220732734241361,0.00018379103469784224,7.34007419735602e-05,0.13216394861551728
1781867483.6608698,42.31694269180298,blowing_bubbles,mixed_social_nonsocial_movie,mixed,1211,1,0.4489155816876405,0.4460232577903914,0.447469419739016,1,0,0.5708580613136292,0.6456353843212128,0.03155641244891219,0.29003879960091666,6.642867815232226,0.5624900311231613,0.6850404441356659,0.0010540439820695374,0.00016668875217182365,0.0005127301024206098,0.13166798410141453
1781867483.6963542,42.35242700576782,blowing_bubbles,mixed_social_nonsocial_movie,mixed,1212,1,0.4594279005586388,0.44046151893357366,0.44994470974610623,1,0,0.5707698106765747,0.6460276186466216,0.03499531481705029,0.2883895334169826,6.663461875842949,0.5620019286870956,0.6850197911262512,0.00048853918460153,0.0005655047974680074,0.0009844286412297315,0.13169975172477258
1781867483.730964,42.38703680038452,blowing_bubbles,mixed_social_nonsocial_movie,mixed,1213,1,0.4473519811175746,0.4254162721225266,0.4363841266200506,1,0,0.5706553995609283,0.6457350432872773,0.034656737166283265,0.2894396155757744,7.03262388356974,0.5622189044952393,0.684058278799057,0.0009856898379642595,0.0004971506533627295,0.0010776853150159524,0.13482825697237702
1781867483.7656178,42.421690702438354,blowing_bubbles,mixed_social_nonsocial_movie,mixed,1214,1,0.45467819842753326,0.4437397866720598,0.4492089925497965,1,0,0.5701600551605225,0.6450212597846985,0.03953308794358964,0.28862741099249645,7.046698111443491,0.5616346299648285,0.6846695244312286,0.0008455755139167752,0.00014011432404748426,0.0006468404931649889,0.13271159875171634
1781867483.800404,42.45647692680359,blowing_bubbles,mixed_social_nonsocial_movie,mixed,1215,1,0.4611554690468289,0.42565244043844463,0.4434039547426368,1,0,0.5701272726058959,0.6444795072078705,0.037933420185663425,0.2917272250809028,7.054924110349616,0.5614372342824936,0.6824109852313995,0.002267148952444267,0.0014215734385274919,0.0008658613945952152,0.13387300891718037
1781867483.83345,42.48952293395996,blowing_bubbles,mixed_social_nonsocial_movie,mixed,1216,1,0.46306508036919813,0.4251309504088651,0.4440980153890316,1,0,0.5699394166469574,0.6442192733287812,0.038061532173002635,0.2914141876478887,7.15291102552657,0.5612265765666962,0.681135356426239,0.001292905844127967,0.0009742431083163002,0.0008516927152992804,0.13415285787239686
1781867483.868913,42.524985790252686,blowing_bubbles,mixed_social_nonsocial_movie,mixed,1217,1,0.459977273341215,0.42603158991908086,0.4430044316301479,1,0,0.5696698904037476,0.6436346113681793,0.03185588561227919,0.28701294790296317,7.060871930717806,0.5618505775928497,0.6827806234359741,0.0017596251913300752,0.0004667193472021082,0.0007310208422300157,0.13440664023703514
1781867483.9017138,42.55778670310974,blowing_bubbles,mixed_social_nonsocial_movie,mixed,1218,1,0.4562938539889299,0.42194219150925855,0.43911802274909423,1,0,0.5692412078380584,0.64354767203331,0.03959565540774388,0.2849273714096363,6.430930328881709,0.5605898350477219,0.6828500032424927,0.001262650118856387,0.0004969750724736883,0.0006373145748308495,0.13328021681774202
1781867483.9366279,42.592700719833374,blowing_bubbles,mixed_social_nonsocial_movie,mixed,1219,1,0.4538380966428156,0.4067273229453803,0.43028270979409794,1,0,0.5691434562206268,0.6428571164608001,0.03783703132937825,0.28991611976708415,7.1670223900226935,0.5604299008846283,0.6821866035461426,0.0006824061060994702,0.0005802440127569167,0.0008335233925789049,0.1347333791568223
1781867483.9708202,42.626893043518066,blowing_bubbles,mixed_social_nonsocial_movie,mixed,1220,1,0.46482935709073636,0.40397507642298314,0.43440221675685975,1,0,0.5693016409873962,0.6426356196403503,0.03539351791462457,0.2867631557201803,6.844424839193176,0.5608279407024384,0.6823784112930298,0.00044184376008744484,0.0002405623460120254,0.0006522853730119457,0.13520429267068637
1781867484.0059378,42.66201066970825,blowing_bubbles,mixed_social_nonsocial_movie,mixed,1221,1,0.4716731817907089,0.41871192241206456,0.44519255210138675,1,0,0.5689858376979828,0.642636662721634,0.03656318161768979,0.2851785818090227,6.331128808671637,0.5604075640439987,0.6822031736373901,0.0004554390968230051,1.359533673556026e-05,0.0007466670243048605,0.1345645063250322
1781867484.041125,42.697197914123535,blowing_bubbles,mixed_social_nonsocial_movie,mixed,1222,1,0.4543647454418937,0.4341506194205044,0.44425768243119906,1,0,0.5686500310897826,0.641887503862381,0.04165035858594501,0.2861086575516188,6.416869842081245,0.5593249201774597,0.6824329793453217,0.00110676483733105,0.000651325740508045,0.0010187612697691183,0.13285947983651605
1781867484.07585,42.73192286491394,blowing_bubbles,mixed_social_nonsocial_movie,mixed,1223,1,0.4873316177917564,0.41567571152938154,0.45150366466056896,1,0,0.5679830133914947,0.64179927110672,0.03321621705085785,0.2863089395035876,6.793814030723159,0.5597521811723709,0.6812438070774078,0.0012635990822043983,0.00015683424487334817,0.0013102987719348792,0.1318920213190689
1781867484.108491,42.76456379890442,blowing_bubbles,mixed_social_nonsocial_movie,mixed,1224,1,0.4410903472753905,0.42359409294973693,0.43234222011256374,1,0,0.5667944073677063,0.6418795764446259,0.03475932336150564,0.28602806239373935,6.607829995134775,0.5601255297660828,0.6807563006877899,0.0006140453178267199,0.0006495537643776783,0.0010009549034793862,0.13458785143157692
1781867484.1433768,42.79944968223572,blowing_bubbles,mixed_social_nonsocial_movie,mixed,1225,1,0.4532771801537078,0.4104213638177474,0.43184927198572765,1,0,0.565967208147049,0.6422026991844176,0.035951857029251987,0.28351150522900925,6.237477351503979,0.5594006180763245,0.6815063953399658,0.0010431389865071309,0.0004290936686804109,0.0004718339770420021,0.13548970980816932
1781867484.177648,42.83372092247009,blowing_bubbles,mixed_social_nonsocial_movie,mixed,1226,1,0.43572795009657944,0.4224050499053044,0.42906650000094193,1,0,0.5666221320629119,0.6417096972465515,0.040684623004212626,0.28368699587856827,6.599288410066651,0.5590898096561432,0.6804560720920563,0.0010953450594012998,5.220607289416895e-05,0.0008293104925779847,0.13474806440306117
1781867484.212971,42.869043827056885,blowing_bubbles,mixed_social_nonsocial_movie,mixed,1227,1,0.4184484866797951,0.41205115002335396,0.41524981835157454,1,0,0.5660801827907562,0.6404261410236358,0.03854091702144568,0.2869908920266215,6.526399278518225,0.5594363361597061,0.6794269382953644,0.001085908370519825,9.436688881474904e-06,0.0002627051045288418,0.13573605009357634
1781867484.247232,42.90330481529236,blowing_bubbles,mixed_social_nonsocial_movie,mixed,1228,1,0.43045734235657146,0.4037462073789731,0.4171017748677723,1,0,0.5660462737083435,0.6399728953838348,0.04250209261962679,0.28614152095936024,6.842444814339001,0.5587849318981171,0.6791954636573792,0.0006913089179569209,0.00039459945256290396,0.00015033688483862651,0.13530531872096876
1781867484.281285,42.937357902526855,blowing_bubbles,mixed_social_nonsocial_movie,mixed,1229,1,0.4280023248821892,0.4182532085400897,0.42312776671113944,1,0,0.5660459876060486,0.6394066631793975,0.036118653609814415,0.281358110850135,6.7179409696661985,0.5594294667243958,0.6787777245044708,0.0007680697508421105,7.676083288518957e-05,0.0009822963650724338,0.13505018273717595
1781867484.317565,42.97363781929016,blowing_bubbles,mixed_social_nonsocial_movie,mixed,1230,1,0.44199853485767737,0.4353851314777613,0.4386918331677193,1,0,0.5660772204399109,0.6378813266754151,0.04349629463104442,0.282330418259555,6.585833304699476,0.5588730573654175,0.6788012981414795,0.0005569085123432999,0.00021116123849881062,0.0006867796388367075,0.1336379614352518
1781867484.349647,43.005719900131226,blowing_bubbles,mixed_social_nonsocial_movie,mixed,1231,1,0.41835534376860684,0.4323192303969033,0.4253372870827551,1,0,0.56591876745224,0.6368982493877411,0.04130572039721118,0.2789755392099846,6.794647213216244,0.5595290958881378,0.6779643297195435,0.0010634390826987595,0.0005065305703554596,0.001435475948746367,0.13434329296034145
1781867484.384784,43.04085683822632,blowing_bubbles,mixed_social_nonsocial_movie,mixed,1232,1,0.4114706980306191,0.4057516335059459,0.4086111657682825,1,0,0.566086009144783,0.6366086006164551,0.04266280962106069,0.282248435273921,6.523177404963823,0.5595444440841675,0.6761754155158997,0.0017889800432424874,0.0007255409605437279,0.0013034690407310492,0.1348315203291847
1781867484.420595,43.07666778564453,blowing_bubbles,mixed_social_nonsocial_movie,mixed,1233,1,0.4356117193524497,0.4070606698587665,0.4213361946056081,1,0,0.566066351532936,0.6360584259033204,0.03906099085251735,0.2810535214388587,6.682574986590497,0.559319943189621,0.6766903400421143,0.0005617365212886844,0.001227243521953803,0.0033925382492008076,0.13377713184212722
1781867484.4540071,43.1100800037384,blowing_bubbles,mixed_social_nonsocial_movie,mixed,1234,1,0.4304181635475624,0.4240207215123853,0.42721944252997385,1,0,0.5661916553974151,0.6358902037143708,0.04150864607972882,0.2797705636334605,6.711212074101574,0.5590716153383255,0.6763313412666321,0.000436516715059949,0.0001252198062287354,0.000906102656668088,0.13413679893011388
1781867484.487586,43.14365887641907,blowing_bubbles,mixed_social_nonsocial_movie,mixed,1235,1,0.4376301610466763,0.40548048701914224,0.4215553240329093,1,0,0.5657012283802032,0.6358332097530366,0.036929221637531054,0.2808235368655472,6.937790020842577,0.5597165673971176,0.6757341027259827,0.0008790091197349596,0.00044249240467501063,0.002981468007994476,0.13490046601524971
1781867484.523017,43.17908978462219,blowing_bubbles,mixed_social_nonsocial_movie,mixed,1236,1,0.4685533311125679,0.447545508531798,0.45804941982218295,1,0,0.5660799801349641,0.6352282583713531,0.03375699683664566,0.280435970958044,6.146182510651494,0.5594876706600189,0.6765905618667603,0.000886519021835354,7.509902100394329e-06,0.001284449693261154,0.13149709283204253
1781867484.556565,43.21263790130615,blowing_bubbles,mixed_social_nonsocial_movie,mixed,1237,1,0.44298304678914596,0.4414183732872019,0.44220071003817396,1,0,0.5659028977155685,0.6352454781532287,0.036149735436349896,0.2810491601425486,6.844121820945434,0.5592338144779205,0.6752763092517853,0.001338545067286915,0.00045202604545156104,0.0010849242948457202,0.13316390354566474
1781867484.591887,43.24795985221863,blowing_bubbles,mixed_social_nonsocial_movie,mixed,1238,1,0.459086349518703,0.4475151915541805,0.45330077053644174,1,0,0.5657996773719788,0.6349969744682312,0.03805270936511558,0.2802520362146589,6.862601852861669,0.5588063299655914,0.6762853562831879,0.0010958644623600242,0.0002426806049268908,0.0009756439213976747,0.13144273011196916
1781867484.625535,43.28160786628723,blowing_bubbles,mixed_social_nonsocial_movie,mixed,1239,1,0.43853323090718965,0.433348569618468,0.43594090026282883,1,0,0.5655130207538605,0.6357831478118896,0.03390028688931023,0.27899691026904294,7.496369753993485,0.5596644282341003,0.6759333908557892,0.0009274763072455965,0.0001683881551144277,0.0010348106945825574,0.1341038942757362
1781867484.660501,43.31657385826111,blowing_bubbles,mixed_social_nonsocial_movie,mixed,1240,1,0.4931744254336845,0.42645518488646045,0.45981480516007245,1,0,0.5655964285135269,0.6355434834957123,0.030081099390070355,0.28368161226830185,6.588678574119978,0.5598503351211548,0.6742217540740967,0.0017217031808929636,0.0007942268736473671,0.0009287811917993317,0.13184491141572532
1781867484.694475,43.350547790527344,blowing_bubbles,mixed_social_nonsocial_movie,mixed,1241,1,0.4696096468125031,0.430362757795354,0.44998620230392855,1,0,0.5661240369081497,0.6358160376548767,0.033940304655437716,0.2801965116864617,6.839734467410158,0.5601179897785187,0.675160139799118,0.0009758108344000132,0.0007458923464929504,0.0008742388502075333,0.1325865146593538
1781867484.728549,43.3846218585968,blowing_bubbles,mixed_social_nonsocial_movie,mixed,1242,1,0.452135497136676,0.421249208272406,0.436692352704541,1,0,0.5664616227149963,0.6352939248085022,0.032731087819971735,0.28250477005537117,5.948535851052843,0.5605141222476959,0.6752555668354034,0.0004074644185578379,0.0005683464158421753,0.0003899125646181749,0.13268123086562372
1781867484.7623,43.41837286949158,blowing_bubbles,mixed_social_nonsocial_movie,mixed,1243,1,0.4215319566293833,0.4126498504053028,0.417090903517343,1,0,0.5665608495473862,0.6361419975757598,0.03491434911054952,0.28271894457185465,6.618720778439971,0.560057133436203,0.6757629215717316,0.0006828232584675867,0.00027535883990974875,0.00048299541562833135,0.13381797727417316
1781867484.796967,43.45303988456726,blowing_bubbles,mixed_social_nonsocial_movie,mixed,1244,1,0.44728088244057607,0.41500239265090455,0.4311416375457403,1,0,0.5666229486465454,0.6368425369262696,0.039284579530990266,0.28311819563618085,6.336172845821924,0.5596376359462738,0.676755428314209,0.0010775192703242167,0.00039469601185663,0.0011641456271603433,0.13391489318268424
1781867484.8314738,43.48754668235779,blowing_bubbles,mixed_social_nonsocial_movie,mixed,1245,1,0.4228085314597416,0.4115922445208168,0.4172003879902792,1,0,0.5668059527873993,0.6364217519760131,0.03123057685428963,0.28501744779812094,6.902852013898843,0.5603389889001846,0.6761126816272736,0.0009513250073060776,0.0001261942630181391,0.0016751034998339128,0.13317712651165642
1781867484.86783,43.523902893066406,blowing_bubbles,mixed_social_nonsocial_movie,mixed,1246,1,0.46400428002060756,0.4315309310868699,0.44776760555373873,1,0,0.5668500006198883,0.6372699737548828,0.03483897214176644,0.28074600704846053,6.596692725255737,0.5601360201835632,0.676411509513855,0.0003612400942941637,0.0005900849130119138,0.0013939804018317365,0.13196287816498864
1781867484.900666,43.55673885345459,blowing_bubbles,mixed_social_nonsocial_movie,mixed,1247,1,0.4433065131104927,0.4066755928773794,0.424991052993936,1,0,0.5670689314603805,0.6368081867694855,0.039639985550253345,0.28009548498388404,7.0346451929733345,0.5597362667322159,0.6772130131721497,0.0008956622891044763,0.0005344221948103126,0.001172056010428896,0.13265574709553932
1781867484.9351628,43.591235637664795,blowing_bubbles,mixed_social_nonsocial_movie,mixed,1248,1,0.43526995494876697,0.43045395876720444,0.4328619568579857,1,0,0.5669378012418747,0.6371014177799226,0.04041554644286715,0.2766905982981974,7.028031735211621,0.5596613436937332,0.6784950792789459,0.001284253465594392,0.00038859117648991565,0.0004849318666325756,0.1330240987457942
1781867484.9694889,43.62556171417236,blowing_bubbles,mixed_social_nonsocial_movie,mixed,1249,1,0.44511115371397464,0.43645574248306435,0.4407834480985195,1,0,0.5669797927141189,0.6366772353649139,0.04113444300447867,0.2789194885457236,6.9204239810415205,0.5593646168708801,0.677488774061203,0.001049141076622736,0.0002351123889716561,0.0001760109416906791,0.13195577774650363
1781867485.004086,43.66015887260437,blowing_bubbles,mixed_social_nonsocial_movie,mixed,1250,1,0.41708063361983416,0.42235192475545424,0.4197162791876442,1,0,0.5664535850286484,0.636197680234909,0.03455890766385082,0.2796922760177354,6.795142304823178,0.5603601783514023,0.6765530109405518,0.0013663071687839538,0.0003171660921612179,8.893954740832398e-05,0.13348311173062802
1781867485.038542,43.69461488723755,blowing_bubbles,mixed_social_nonsocial_movie,mixed,1251,1,0.4658627707682604,0.42068169352290924,0.4432722321455848,1,0,0.5661763161420822,0.6356744468212128,0.036198477429573,0.28389480163601716,7.002209497948766,0.5598217397928238,0.6745602488517761,0.0020642230557344123,0.0006979158869504585,0.0007121452382195625,0.13125890144922783
1781867485.07407,43.73014283180237,blowing_bubbles,mixed_social_nonsocial_movie,mixed,1252,1,0.44806720363440555,0.4356313483903567,0.4418492760123811,1,0,0.5663520246744156,0.6360364556312561,0.03449382088308951,0.2797962921780269,6.346459242849805,0.5601062774658203,0.676296591758728,0.001759502309710466,0.00030472074602394626,0.0006477363858927262,0.13304713280971125
1781867485.108149,43.76422190666199,blowing_bubbles,mixed_social_nonsocial_movie,mixed,1253,1,0.4474972704266711,0.43682740479538207,0.4421623376110266,1,0,0.5663778781890869,0.6359728336334228,0.033043806003353,0.2803106710608465,5.94003707516477,0.5600116699934006,0.6762805581092834,9.595650969143946e-05,0.0016635458000190265,0.0007152538397436015,0.13148193909433756
1781867485.1425622,43.79863500595093,blowing_bubbles,mixed_social_nonsocial_movie,mixed,1254,1,0.4310115971396389,0.4329178816507727,0.4319647393952058,1,0,0.5663804352283477,0.63574059009552,0.03455280423832673,0.2829443629552767,6.640176486576036,0.5596605986356735,0.6760822236537933,0.0004032215947228945,0.00030726508503145506,0.001205744441850334,0.13335788158851056
1781867485.177077,43.833149909973145,blowing_bubbles,mixed_social_nonsocial_movie,mixed,1255,1,0.44132969339673356,0.42561194956189985,0.4334708214793167,1,0,0.5663245141506195,0.6366099834442138,0.03725450912640594,0.2812071713466278,6.929725891767268,0.5595263093709946,0.677107185125351,0.0010337212510080126,0.0006304996562851181,0.0009989131411514305,0.13467950267376627
1781867485.211756,43.86782884597778,blowing_bubbles,mixed_social_nonsocial_movie,mixed,1256,1,0.4650862990862963,0.4291783060661235,0.4471323025762099,1,0,0.565712508559227,0.6362496674060821,0.03298455833385018,0.27853330560985107,6.458099775348778,0.55908203125,0.6766126155853271,0.0006648173273267031,0.00036890392368130946,0.0005799902942606259,0.13347460147805928
1781867485.244642,43.90071487426758,blowing_bubbles,mixed_social_nonsocial_movie,mixed,1257,1,0.44984122598501514,0.42540215303200535,0.4376216895085102,1,0,0.5659439206123352,0.6359901785850525,0.03372710313508444,0.2772037817527145,6.996317096698768,0.5594511330127716,0.6756165623664856,0.0010622420279981985,0.0003974247006714954,0.0005761812825395201,0.1333645807856565
1781867485.2798238,43.93589663505554,blowing_bubbles,mixed_social_nonsocial_movie,mixed,1258,1,0.4487333062233311,0.42219662410983766,0.4354649651665844,1,0,0.5662842243909836,0.6356365084648132,0.03547549830329245,0.2764547069713357,7.141185714528175,0.5594407469034195,0.6760521531105042,0.00043571454823325797,0.0006265274797649405,0.0010086419006895058,0.13471630648667235
1781867485.314904,43.97097682952881,blowing_bubbles,mixed_social_nonsocial_movie,mixed,1259,1,0.4452449222501679,0.41184397113588966,0.42854444669302877,1,0,0.5664055287837981,0.6351836442947387,0.03290778055124684,0.2775813991286509,6.729035279068515,0.5600464046001434,0.6764330267906189,0.0007154620925004312,0.0002797475442671732,0.0010194497889552707,0.1348218982038245
1781867485.349495,44.00556778907776,blowing_bubbles,mixed_social_nonsocial_movie,mixed,1260,1,0.4563266954852581,0.41845077721332474,0.43738873634929143,1,0,0.5666552186012268,0.6347170114517212,0.03365038004791677,0.2809668412848154,6.324002978878814,0.560109406709671,0.6745769679546356,0.0018571278007817665,0.0011416657082813353,0.0005996560312290572,0.13325418102947387
1781867485.383708,44.03978085517883,blowing_bubbles,mixed_social_nonsocial_movie,mixed,1261,1,0.47740495890618756,0.4235146981696481,0.45045982853791783,1,0,0.567011794447899,0.6343566238880158,0.03421943552926981,0.2820825734703586,6.696369054945508,0.5599027574062347,0.6736360788345337,0.0009633152500281935,0.000893812550753573,0.0009439770897807733,0.13259182951042006
1781867485.4200919,44.07616472244263,blowing_bubbles,mixed_social_nonsocial_movie,mixed,1262,1,0.4719550304584132,0.43518470147303273,0.45356986596572296,1,0,0.5668477416038513,0.6346265077590942,0.029219093402253465,0.2799089948464885,6.644595431836404,0.5606215000152588,0.6735982596874237,0.000719736914375539,0.00024357833565265448,0.000796332984712918,0.13308688488037176
1781867485.4525518,44.10862469673157,blowing_bubbles,mixed_social_nonsocial_movie,mixed,1263,1,0.46106763984920623,0.43365213759032617,0.4473598887197662,1,0,0.566857886314392,0.6341631472110749,0.035552339949863905,0.27952106390979603,7.442207595519132,0.5601391047239304,0.6737366318702698,0.000501848660535651,0.00021788825383988809,0.0013132836075979305,0.1320399038134154
1781867485.486654,44.14272689819336,blowing_bubbles,mixed_social_nonsocial_movie,mixed,1264,1,0.46560317434453813,0.43718903297490436,0.45139610365972127,1,0,0.5667964756488799,0.6347838163375854,0.03437604131493945,0.2785621980924025,7.164170057713694,0.5598737597465515,0.6747711300849915,0.0010679861952677676,0.0005661375347321166,0.0015229071510452072,0.1319709550249173
1781867485.5231712,44.17924404144287,blowing_bubbles,mixed_social_nonsocial_movie,mixed,1265,1,0.45080752348460223,0.414831949667512,0.4328197365760571,1,0,0.566940301656723,0.6344712316989899,0.031541781890336795,0.2793345684494588,7.099819595256597,0.5605478286743164,0.6743076145648956,0.0008180559618680223,0.00024993023339974526,0.0011376146480549646,0.13329720289920347
1781867485.555331,44.21140384674072,blowing_bubbles,mixed_social_nonsocial_movie,mixed,1266,1,0.47458672319139955,0.42780682100696926,0.4511967720991844,1,0,0.5670577704906463,0.6341330230236053,0.03740746116746277,0.279983063668956,6.899312172431724,0.5603276193141937,0.674597978591919,0.00036442204992952486,0.0004536339119384975,0.0006900199439462003,0.13161535439589162
1781867485.589325,44.2453978061676,blowing_bubbles,mixed_social_nonsocial_movie,mixed,1267,1,0.47185741004975207,0.4378797880982536,0.45486859907400284,1,0,0.5668560862541199,0.6340141773223877,0.03433610490643603,0.28012502213282,6.773082609482841,0.5602307766675949,0.6746163666248322,9.857290679837119e-05,0.00026584914313115365,0.0010093773742156878,0.13225170566658848
1781867485.625579,44.281651973724365,blowing_bubbles,mixed_social_nonsocial_movie,mixed,1268,1,0.45777439278055093,0.4304051248396756,0.44408975881011326,1,0,0.5668763220310211,0.634609580039978,0.03381317473228235,0.2783057191930999,6.617453990366673,0.5601365715265274,0.6750092208385468,0.0004039913883201779,0.0003054184815218067,0.0010154638873923613,0.13268034296184225
1781867485.659174,44.31524682044983,blowing_bubbles,mixed_social_nonsocial_movie,mixed,1269,1,0.4645924268364,0.44042408122915294,0.4525082540327765,1,0,0.5667853742837905,0.6338981926441192,0.03249651137716549,0.2796677000443607,6.696941684668327,0.5599612444639206,0.6737024486064911,0.001318481416385561,0.0009144900280653831,0.0008910583321667877,0.13032714138648077
1781867485.6924229,44.34849572181702,blowing_bubbles,mixed_social_nonsocial_movie,mixed,1270,1,0.4638940095559814,0.44697005000998413,0.4554320297829828,1,0,0.5664268523454665,0.6335959196090699,0.028061982371097815,0.278823348755138,6.673482451558467,0.5599879920482635,0.6744032800197601,0.0007013416450581468,0.0006171397713274142,0.000981866494363692,0.13016932069116005
1781867485.727499,44.38357186317444,blowing_bubbles,mixed_social_nonsocial_movie,mixed,1271,1,0.4484526251779919,0.448441251746465,0.44844693846222844,1,0,0.5656372785568238,0.6337770640850067,0.029222386091973727,0.28138787010017535,6.456892860342998,0.5596335828304291,0.6748645603656769,0.0005817090778173549,0.00011963256724079193,0.001219609112938724,0.13006899920745113
1781867485.7622778,44.41835069656372,blowing_bubbles,mixed_social_nonsocial_movie,mixed,1272,1,0.44035928190127793,0.4465675047533222,0.44346339332730006,1,0,0.5658977419137955,0.6333198010921478,0.03414718417522517,0.28025159294314994,6.537889719192552,0.5588175803422928,0.6758793592453003,0.0013021815644254657,0.0007204724866081108,0.000507181338884832,0.1310669575565772
1781867485.7966158,44.452688694000244,blowing_bubbles,mixed_social_nonsocial_movie,mixed,1273,1,0.4331119152080311,0.4161777131964348,0.424644814202233,1,0,0.5657713323831559,0.6344411015510558,0.030453700832016584,0.2780188981850383,7.26143857738358,0.5592485964298248,0.6744742393493652,0.0014697403817218809,0.00016755881729641517,0.0004993443005242287,0.13288338083478163
1781867485.831247,44.48731994628906,blowing_bubbles,mixed_social_nonsocial_movie,mixed,1274,1,0.4212820244984989,0.44699198555484526,0.4341370050266721,1,0,0.5651507586240768,0.6338191092014313,0.030964364916651367,0.280687853911292,7.572574982597858,0.5588281452655792,0.6760435700416565,0.00162467781522456,0.00015493743350267924,0.0004804172347527802,0.13347379274980883
1781867485.8660421,44.522114992141724,blowing_bubbles,mixed_social_nonsocial_movie,mixed,1275,1,0.43156093097921616,0.42959567494550827,0.4305783029623622,1,0,0.5650890916585922,0.6341569960117339,0.035583572162874264,0.2780510957560604,6.914593638120639,0.5581139177083969,0.6765638589859009,0.0008836410973588481,0.000741036717865712,0.0001858814048253118,0.13274424086820683
1781867485.899807,44.55587983131409,blowing_bubbles,mixed_social_nonsocial_movie,mixed,1276,1,0.44289327340822315,0.42257833069230133,0.43273580205026224,1,0,0.5650813341140748,0.6336405098438262,0.03068037634490442,0.2784604433113535,6.994157720595212,0.5586899518966675,0.6744059324264526,0.002233486606637403,0.0013498455092785548,0.0002938201450371601,0.13179372943585618
1781867485.9338071,44.58987998962402,blowing_bubbles,mixed_social_nonsocial_movie,mixed,1277,1,0.41949794920126354,0.43470595443178234,0.42710195181652294,1,0,0.5651068150997162,0.6333436727523805,0.03293912940839241,0.27991351660471353,6.865380979089822,0.5585099309682846,0.676683634519577,0.0022848051032153833,5.131849657798041e-05,0.0007902322639498894,0.1328866730911858
1781867485.9697878,44.62586069107056,blowing_bubbles,mixed_social_nonsocial_movie,mixed,1278,1,0.4372540355975082,0.40037147148597535,0.41881275354174174,1,0,0.5655416667461395,0.6336709439754487,0.030662112412088036,0.28171723520777675,6.85002337747504,0.5584604740142822,0.6756411194801331,0.0010436875000526045,0.0012411176031627788,0.0005282739773740712,0.13336700830380105
1781867486.0028002,44.658873081207275,blowing_bubbles,mixed_social_nonsocial_movie,mixed,1279,1,0.4273267284406957,0.4059092219118658,0.41661797517628074,1,0,0.5677530109882354,0.6335503458976746,0.031468842721254386,0.28068999752913487,7.294985177955893,0.5587377697229385,0.674195796251297,0.0014716834394163368,0.0004279959393637322,0.0010653758526750032,0.13318192385629593
1781867486.0374231,44.693495988845825,blowing_bubbles,mixed_social_nonsocial_movie,mixed,1280,1,0.4435784016118919,0.43282427185422995,0.43820133673306094,1,0,0.5680647909641265,0.633488529920578,0.03141714923172274,0.27919524800024764,6.908139175542994,0.5586930364370346,0.6743631660938263,0.00017324471436682977,0.001298438725049507,0.0006962581667978235,0.13218422019293774
1781867486.0711648,44.727237701416016,blowing_bubbles,mixed_social_nonsocial_movie,mixed,1281,1,0.4293034561504241,0.41441918522156446,0.42186132068599425,1,0,0.5679930746555328,0.633381974697113,0.031587220190865295,0.2778975777762075,6.880387346421812,0.5585355013608932,0.6754043698310852,0.0010530539030347815,0.0008798091886679518,0.0005907967322093963,0.13231408389501595
1781867486.1059499,44.762022733688354,blowing_bubbles,mixed_social_nonsocial_movie,mixed,1282,1,0.4509590754594745,0.4384303994699529,0.44469473746471366,1,0,0.5682942807674408,0.6339505314826965,0.028352270755737635,0.2749815250085349,6.931193657388704,0.5594897866249084,0.6762852072715759,0.0012986666091367727,0.0002456127061019912,0.0007875910881359365,0.13322003153311643
1781867486.1399412,44.796014070510864,blowing_bubbles,mixed_social_nonsocial_movie,mixed,1283,1,0.458535187355086,0.43503426374696164,0.44678472555102383,1,0,0.5686701536178589,0.6341943442821503,0.02855589796758903,0.2808839502900212,7.00743049339913,0.5596731007099152,0.6759938299655914,0.00034424524427307916,0.0009544213648636935,0.001235514789326446,0.13254338801925436
1781867486.1764219,44.83249473571777,blowing_bubbles,mixed_social_nonsocial_movie,mixed,1284,1,0.44563637803550143,0.41032338034970994,0.4279798791926057,1,0,0.5688344359397888,0.6344530701637268,0.02997425476558471,0.2799138387830807,7.277029181352333,0.5600379109382629,0.6760381460189819,0.0003674920615404747,2.3246817267395564e-05,0.0008985478746406034,0.1328125073606285
1781867486.209162,44.86523485183716,blowing_bubbles,mixed_social_nonsocial_movie,mixed,1285,1,0.4528996618965724,0.4078406657112763,0.43037016380392434,1,0,0.5691102385520935,0.6348146021366119,0.03303259830795734,0.27878518242898337,6.870433082796424,0.5598108768463135,0.6759531199932098,0.0002424332979726879,0.00012505876356778682,0.004798874796770656,0.13357809872230314
1781867486.244138,44.90021085739136,blowing_bubbles,mixed_social_nonsocial_movie,mixed,1286,1,0.45844987420948674,0.42270024806304435,0.44057506113626554,1,0,0.569329023361206,0.6344691038131713,0.02984654894471706,0.2777504457112671,6.150498672235428,0.5603474080562592,0.6753670275211334,0.0007945880222293931,0.0005521547242567052,0.001145889502777219,0.1327881984597562
1781867486.278752,44.93482494354248,blowing_bubbles,mixed_social_nonsocial_movie,mixed,1287,1,0.4472423499995578,0.4167693307405384,0.4320058403700481,1,0,0.5692352890968322,0.6346904337406158,0.03654996471581426,0.27848792699034913,6.919932097620766,0.5595448464155197,0.6756958365440369,0.0008673064975711297,7.271847534173661e-05,0.0021749579506481556,0.13277548655939614
1781867486.3131032,44.969176054000854,blowing_bubbles,mixed_social_nonsocial_movie,mixed,1288,1,0.46332235680728523,0.42809764639660697,0.44571000160194607,1,0,0.5695824563503264,0.6348814845085144,0.03603327783498037,0.28024180522962616,6.985795002304622,0.5597983598709106,0.6749022006988525,0.0008331428009805336,3.416369659059611e-05,0.0007224472011301824,0.13449803578392455
1781867486.347523,45.00359582901001,blowing_bubbles,mixed_social_nonsocial_movie,mixed,1289,1,0.4463006682298605,0.4153379403567305,0.4308193042932955,1,0,0.569271057844162,0.6346960902214049,0.03595116477579078,0.2781598372824669,7.341222241851931,0.5596156120300293,0.6757068634033203,0.0008251538288756744,7.98897210485918e-06,0.0009525648260326295,0.13411301282892765
1781867486.38371,45.039782762527466,blowing_bubbles,mixed_social_nonsocial_movie,mixed,1290,1,0.4449255550184629,0.4184850611331892,0.4317053080758261,1,0,0.5691211581230163,0.6342244446277618,0.034448207869251166,0.28030204427583505,7.154337833090348,0.5595649778842926,0.6752609014511108,0.00044882722681781323,0.00037632660205786115,0.000668571505762801,0.132793151569978
1781867486.417349,45.07342195510864,blowing_bubbles,mixed_social_nonsocial_movie,mixed,1291,1,0.4507120909999551,0.44789539755980473,0.4493037442798799,1,0,0.5686981678009033,0.6340793669223785,0.03371668927263803,0.2788833588387358,6.931149470473026,0.5593927949666977,0.6753224432468414,0.00018285062136411028,0.0002659766054537029,0.0006805921128813525,0.13135388718040872
1781867486.450884,45.10695695877075,blowing_bubbles,mixed_social_nonsocial_movie,mixed,1292,1,0.4401252119458775,0.4468133563279051,0.4434692841368913,1,0,0.5688686609268189,0.6340806663036347,0.03454319841047854,0.27916455373267635,6.913980671947535,0.5595622956752777,0.6748988032341003,0.0004562908618462546,0.0002734402404821443,0.0006011369263903359,0.1306080402102093
1781867486.4849129,45.14098572731018,blowing_bubbles,mixed_social_nonsocial_movie,mixed,1293,1,0.45220401665978255,0.4266146024273648,0.4394093095435737,1,0,0.5689242780208588,0.6348129391670227,0.03394620160398709,0.28003313720786116,6.756694121259912,0.5594209283590317,0.6764062941074371,0.0015141048349755473,0.0010578139731292928,0.0009872220221325981,0.13211565964301053
1781867486.5221272,45.178200006484985,blowing_bubbles,mixed_social_nonsocial_movie,mixed,1294,1,0.446070094661635,0.4269781422094679,0.43652411843555144,1,0,0.5690631330013276,0.6348641395568848,0.03455542392889754,0.2808303590114587,7.510941510280121,0.5595073699951172,0.6745705902576447,0.0018377379521009173,0.00032363311712537,0.0006223590350885867,0.13375685173430654
1781867486.553717,45.209789752960205,blowing_bubbles,mixed_social_nonsocial_movie,mixed,1295,1,0.44576521742263486,0.40965722328235776,0.4277112203524963,1,0,0.5690634608268738,0.6349244952201842,0.035786299072461863,0.2806310245035082,7.222426206089518,0.5594562590122223,0.6752217411994934,0.0006531537963167657,0.0011845841557841514,0.0008037079069510565,0.13349755289177415
1781867486.5886059,45.24467873573303,blowing_bubbles,mixed_social_nonsocial_movie,mixed,1296,1,0.4516891885570007,0.3736857534590151,0.4126874710080079,1,0,0.5689481258392335,0.6378389239311218,0.03596891289165996,0.27911451894546946,6.585206402930728,0.5593911558389664,0.6777414083480835,0.0025205080763314553,0.0018673542800146897,0.0007638338709185603,0.13944409791208467
1781867486.624723,45.28079581260681,blowing_bubbles,mixed_social_nonsocial_movie,mixed,1297,1,0.24729347531496038,0.24612756821851137,0.24671052176673586,1,0,0.5688799142837524,0.6391066551208495,0.03739807192666659,0.2764391087417705,6.992051283135618,0.559280127286911,0.6798072755336761,0.0020688486092220503,0.00045165946710940506,0.0016530994363313741,0.15344296769822946
1781867486.657567,45.313639879226685,blowing_bubbles,mixed_social_nonsocial_movie,mixed,1298,1,0.21730563469924413,0.2420054896311302,0.22965556216518718,1,0,0.5689488291740417,0.6397324919700622,0.04202395251020411,0.27646443428571765,7.630713625459442,0.5589484572410583,0.6791932582855225,0.0006978697588706164,0.001370978850351434,0.002585640024113283,0.15536590561966246
1781867486.691126,45.34719896316528,blowing_bubbles,mixed_social_nonsocial_movie,mixed,1299,1,0.30548067656174616,0.26479242832383176,0.28513655244278896,1,0,0.5693332731723786,0.6378591477870941,0.03879710036673761,0.27748909698395163,6.248201511941849,0.5593233704566956,0.6778886318206787,0.0013574277630983283,0.0006595580042277119,0.0030119281046309984,0.14894271016017993
1781867486.724681,45.38075375556946,blowing_bubbles,mixed_social_nonsocial_movie,mixed,1300,1,0.32750118771314607,0.3288925484693326,0.3281968680912393,1,0,0.56955646276474,0.6364923775196075,0.0404135746610075,0.28047344035250893,7.285306870516692,0.5594744682312012,0.6765862703323364,0.0013110972442110012,4.633051888732701e-05,0.0009011933842131151,0.14232936363796012
1781867486.759101,45.41517376899719,blowing_bubbles,mixed_social_nonsocial_movie,mixed,1301,1,0.3931629054440029,0.34947786018058363,0.3713203828122933,1,0,0.5696383893489838,0.6361280441284181,0.0381904547320795,0.27660661910061946,7.2973378252522405,0.5598172396421432,0.6784076392650604,0.0018533421241776658,0.0005422448799666645,0.001042648232158171,0.1387470548422471
1781867486.7950988,45.45117163658142,blowing_bubbles,mixed_social_nonsocial_movie,mixed,1302,1,0.4301075377373836,0.38582183151616917,0.4079646846267764,1,0,0.5701285064220429,0.6359723031520843,0.04211777034901411,0.2773410001816322,6.869650853887031,0.559599757194519,0.6769775748252869,0.001446507143753352,0.0004068349804243138,0.0012647207905604897,0.136947393710145
1781867486.827327,45.483399868011475,blowing_bubbles,mixed_social_nonsocial_movie,mixed,1303,1,0.43008451718895696,0.37718983193611105,0.403637174562534,1,0,0.5704071342945098,0.6365744709968567,0.044629129514009235,0.27412257009772456,7.2353368826614055,0.5598438680171967,0.6776940226554871,0.0007568933789820787,0.0006896137647712733,0.0005240235927692025,0.1368781148432765
1781867486.86428,45.520352840423584,blowing_bubbles,mixed_social_nonsocial_movie,mixed,1304,1,0.4332905112927811,0.4036705410499682,0.41848052617137466,1,0,0.5707009017467499,0.6374510228633881,0.04292076945996309,0.2768848963395378,6.908063861762652,0.559616357088089,0.6789882481098175,0.0013140702985382016,0.0005571769195561229,0.0006629510476896849,0.13601814756333191
1781867486.89725,45.55332279205322,blowing_bubbles,mixed_social_nonsocial_movie,mixed,1305,1,0.44775147884496197,0.40588752050677357,0.42681949967586774,1,0,0.5704707860946655,0.636917918920517,0.04197356715857331,0.27838499420953455,6.3559379833497625,0.5596125423908234,0.6783959865570068,0.0005922738377245217,0.0007217964608136799,0.000558319921049259,0.13217521022681514
1781867486.933444,45.58951687812805,blowing_bubbles,mixed_social_nonsocial_movie,mixed,1306,1,0.43930104039262896,0.4091275813915765,0.4242143108921027,1,0,0.5705512464046478,0.6379095315933228,0.03971038764122629,0.2759056969936327,6.777808132048383,0.5599193274974823,0.679339587688446,0.0009922198329609673,0.0003999459952364455,0.0013270717716217602,0.13460275542079522
1781867486.9683561,45.62442898750305,blowing_bubbles,mixed_social_nonsocial_movie,mixed,1307,1,0.4352818156489103,0.414148057032916,0.4247149363409132,1,0,0.5710140466690063,0.6377131462097168,0.04655135249139345,0.2771964839798043,7.581267533069386,0.5596214234828949,0.6795221567153931,0.00034939698268255477,0.0006428228502784125,0.0008106436921097605,0.13300458501327855
1781867487.001361,45.65743374824524,blowing_bubbles,mixed_social_nonsocial_movie,mixed,1308,1,0.43763848558063867,0.40555242256008606,0.42159545407036236,1,0,0.5710374534130096,0.6377486765384675,0.0411681350473556,0.27870302404181513,7.3134260233074615,0.5605415850877762,0.6787081062793732,0.0012285664375530898,0.0008791694548705351,0.00034357576539195304,0.13311502155856048
1781867487.036235,45.69230794906616,blowing_bubbles,mixed_social_nonsocial_movie,mixed,1309,1,0.4385137839774715,0.404794936281025,0.42165436012924823,1,0,0.5710758686065673,0.6377650976181031,0.04384098428583121,0.27950822594112446,7.374866628977298,0.5601247400045395,0.6794215738773346,0.0008263146112464994,0.0004022518263065905,0.000318459230059532,0.13549563161841208
1781867487.072053,45.72812581062317,blowing_bubbles,mixed_social_nonsocial_movie,mixed,1310,1,0.453257501008999,0.43667090437103323,0.44496420269001613,1,0,0.571029931306839,0.6366049170494079,0.043727351248888505,0.2778877031264827,6.991365084871805,0.5602322518825531,0.6777336597442627,0.0016913346577593317,0.0008650200465128323,0.0011897094755332744,0.13355098703948703
1781867487.104949,45.761021852493286,blowing_bubbles,mixed_social_nonsocial_movie,mixed,1311,1,0.4132165754968286,0.39976545586239093,0.40649101567960977,1,0,0.5709786236286163,0.6368358135223389,0.04666413000053807,0.27819160139231713,7.219752941251594,0.5602969229221344,0.6785316169261932,0.0008005735491227886,0.000890761108636543,0.0013270904944181737,0.13465643842879627
1781867487.1389608,45.7950336933136,blowing_bubbles,mixed_social_nonsocial_movie,mixed,1312,1,0.42645285992663373,0.4143509252602356,0.42040189259343463,1,0,0.5715844869613647,0.6370863556861877,0.05170414569583777,0.27940093542034217,6.62281365876683,0.5600138157606125,0.6780841052532196,0.0005295435415078286,0.00027103000761496,0.000720558984562369,0.13248316897550394
1781867487.176151,45.832223892211914,blowing_bubbles,mixed_social_nonsocial_movie,mixed,1313,1,0.4165025829197585,0.4077888088604575,0.41214569589010797,1,0,0.5716605365276337,0.6376295208930969,0.051903673658036435,0.27841083275727446,6.691062679119618,0.5601058006286621,0.6793833673000336,0.0013025141389794276,0.000772970597471599,0.0049557097970518,0.13377597499552094
1781867487.2081778,45.86425065994263,blowing_bubbles,mixed_social_nonsocial_movie,mixed,1314,1,0.44375576313567644,0.4005910515235301,0.4221734073296033,1,0,0.5721218109130859,0.6382836163043976,0.05111071465335897,0.2746491610137193,6.699443419687991,0.5610972493886948,0.6798703670501709,0.001104599203514156,0.00019791493546527164,0.003248621637408778,0.13324138205041897
1781867487.2426538,45.89872670173645,blowing_bubbles,mixed_social_nonsocial_movie,mixed,1315,1,0.43553939761881055,0.4185073998758401,0.4270233987473253,1,0,0.5726542532444,0.6383732855319977,0.055691871642313207,0.27905343806138844,6.553612423266156,0.5608586817979813,0.6799692213535309,0.00025823762048089065,0.0008463615830332653,0.0030941560200675004,0.13233839395962518
1781867487.276843,45.932915925979614,blowing_bubbles,mixed_social_nonsocial_movie,mixed,1316,1,0.4182477562933687,0.41707836418483,0.4176630602390994,1,0,0.5717166185379028,0.6377714931964874,0.05561269172792228,0.27759470516520535,6.520359995541094,0.5613505393266678,0.6812081634998322,0.00133300467756389,0.0010747670570829993,0.0007137114572051829,0.1318960583734589
1781867487.311753,45.9678258895874,blowing_bubbles,mixed_social_nonsocial_movie,mixed,1317,1,0.3954419791326671,0.44087277480729525,0.4181573769699812,1,0,0.5702686250209809,0.6357460379600526,0.05071383300576553,0.2851239476061084,7.320654381451157,0.5620596408843994,0.6786121726036072,0.0026910952700453347,0.0013580905924814447,0.0006002902077176214,0.1291704572863857
1781867487.344706,46.000778913497925,blowing_bubbles,mixed_social_nonsocial_movie,mixed,1318,1,0.41250355121127436,0.4038726150614235,0.4081880831363489,1,0,0.57024285197258,0.6352490603923797,0.05351727469107735,0.2815845188671847,7.330758057853719,0.5613275766372681,0.6791301965713501,0.000896809284677687,0.0017942859853676478,0.0007325934726481112,0.12815335427404695
1781867487.3803148,46.03638768196106,blowing_bubbles,mixed_social_nonsocial_movie,mixed,1319,1,0.4100575173347558,0.4242154611101004,0.4171364892224281,1,0,0.5697467625141144,0.6348660647869111,0.05505544041940351,0.2805389779193491,7.250398066031343,0.5615851581096649,0.6786649823188782,0.0005317635899769185,0.0003650456947007684,0.0005444361190710878,0.12732330947664017
1781867487.414999,46.07107186317444,blowing_bubbles,mixed_social_nonsocial_movie,mixed,1320,1,0.41191411594636995,0.4350954809023414,0.4235047984243557,1,0,0.5695533156394958,0.6341710150241852,0.06002051531281159,0.27896074932272386,7.054060404954464,0.5612531006336212,0.6783841550350189,0.0004348863423427765,9.687724763414202e-05,0.0005645584803456103,0.1267262082938185
1781867487.449271,46.10534381866455,blowing_bubbles,mixed_social_nonsocial_movie,mixed,1321,1,0.40632044824193037,0.4426249346680647,0.42447269145499755,1,0,0.5694810509681701,0.634056007862091,0.057894071713662794,0.27748259090298555,7.60323437482781,0.5616260915994644,0.6786079406738281,0.00043497387592577013,8.753358299361334e-08,0.0009764607261777646,0.1282676135670355
1781867487.484331,46.140403747558594,blowing_bubbles,mixed_social_nonsocial_movie,mixed,1322,1,0.39330298733592156,0.4406740777260581,0.41698853253098983,1,0,0.5696660876274109,0.6328597486019134,0.05331717113367757,0.27986269755710275,6.797986507078828,0.561761200428009,0.6769655048847198,0.001647983530528878,0.001213009654603108,0.0011006255823229273,0.12784578632003218
1781867487.519823,46.17589592933655,blowing_bubbles,mixed_social_nonsocial_movie,mixed,1323,1,0.3917186571917657,0.4030431302974725,0.3973808937446191,1,0,0.5697922766208648,0.6325445652008057,0.050073654561560293,0.28145828572704307,7.156786534098699,0.5619087815284729,0.676395833492279,0.0005884774223192946,0.0010595061082095834,0.0009003827156483634,0.12831528654123064
1781867487.551892,46.20796489715576,blowing_bubbles,mixed_social_nonsocial_movie,mixed,1324,1,0.4058714410864558,0.44738965515105916,0.42663054811875745,1,0,0.5698030829429627,0.6316763579845428,0.051015822125536694,0.28293563282996287,6.904448990173013,0.5615620613098145,0.6767260134220123,0.0004787835586413059,0.00010969386367798867,0.0009671683743169591,0.12639609779960967
1781867487.587465,46.24353790283203,blowing_bubbles,mixed_social_nonsocial_movie,mixed,1325,1,0.4231968307064408,0.4199673067244558,0.42158206871544834,1,0,0.5692252933979034,0.6316425681114197,0.05216613813482675,0.2850656316477118,7.100878365779731,0.5612186044454575,0.6754374802112579,0.0013335218231776216,0.0008547382645363157,0.0006025717632461323,0.12614815215088737
1781867487.623487,46.27955985069275,blowing_bubbles,mixed_social_nonsocial_movie,mixed,1326,1,0.42293719194421125,0.4277477051013715,0.42534244852279135,1,0,0.5689989626407623,0.6312103152275086,0.04374467363148509,0.28191783756328814,7.079662247890287,0.5617786198854446,0.6757963597774506,0.000665140463402014,0.0006683813597756076,0.0005963061739096433,0.1270745179115301
1781867487.655322,46.311394929885864,blowing_bubbles,mixed_social_nonsocial_movie,mixed,1327,1,0.4140705982806296,0.44597095574498935,0.4300207770128095,1,0,0.5687076508998872,0.6308163225650787,0.04472667123456138,0.28160534095803746,7.4233822994733885,0.5606922507286072,0.6775080859661102,0.002027363926351432,0.001362223462949418,0.0010213545137903262,0.12645095571091725
1781867487.690599,46.34667181968689,blowing_bubbles,mixed_social_nonsocial_movie,mixed,1328,1,0.42711575745304275,0.42002213910520153,0.42356894827912217,1,0,0.5679816544055939,0.6301089227199554,0.04244295933407385,0.28045820456052606,7.810990812079467,0.5608073472976685,0.6760415434837341,0.001471052029271408,0.0005563118970800241,0.0008085919979634862,0.12731966761422261
1781867487.7237701,46.37984299659729,blowing_bubbles,mixed_social_nonsocial_movie,mixed,1329,1,0.4573303733592468,0.43512083147128344,0.4462256024152651,1,0,0.5673001646995545,0.6297323882579804,0.037384949615000065,0.28303143867086367,6.9542469534300295,0.5604758858680725,0.6760711073875427,0.0003327772584149838,0.0011382747708564241,0.0007493403024267877,0.12484047614470252
1781867487.761012,46.41708493232727,blowing_bubbles,mixed_social_nonsocial_movie,mixed,1330,1,0.4615344501149035,0.41015190049066225,0.4358431753027829,1,0,0.5674647629261017,0.6290677666664124,0.03473683696903342,0.28359637973358054,7.691625189106587,0.5604472458362579,0.6747387647628784,0.0013326504121185395,0.0009998731537035556,0.0010580313267991056,0.12629929711078647
1781867487.7934148,46.44948768615723,blowing_bubbles,mixed_social_nonsocial_movie,mixed,1331,1,0.4722250007910246,0.4236726794382045,0.44794884011461455,1,0,0.5688937246799469,0.631324404478073,0.03036899482677192,0.2764894330453488,7.321554536162954,0.5599349737167358,0.6745422184467316,0.000548683131534547,0.0007839672805839925,0.001907382238747669,0.13134466748136334
1781867487.8287401,46.48481297492981,blowing_bubbles,mixed_social_nonsocial_movie,mixed,1332,1,0.4626604897068305,0.43126527377480484,0.44696288174081766,1,0,0.569216400384903,0.6312721490859985,0.026465361309119122,0.27586214265641334,7.046641788401189,0.5603065192699432,0.6747086346149445,0.00040711231761131,0.00014157081392323706,0.0003945030809880509,0.1316926295865947
1781867487.861988,46.51806092262268,blowing_bubbles,mixed_social_nonsocial_movie,mixed,1333,1,0.453673010807956,0.4265026983373749,0.44008785457266547,1,0,0.5691210865974426,0.630910325050354,0.027341477061517874,0.2780318582266664,7.045800016286872,0.5604015290737152,0.6744427382946014,0.000282360967530474,0.000124751350080836,0.0008859047966397899,0.13145577934525454
1781867487.897761,46.553833961486816,blowing_bubbles,mixed_social_nonsocial_movie,mixed,1334,1,0.4435459560782637,0.4206962141917192,0.4321210851349915,1,0,0.5692891061306,0.6309241890907288,0.025920288214790515,0.27589721542644635,6.575212342763502,0.5602329522371292,0.674136221408844,0.00034981530996768255,6.745434243720858e-05,0.0006930867315098954,0.13020958616393832
1781867487.930872,46.586944818496704,blowing_bubbles,mixed_social_nonsocial_movie,mixed,1335,1,0.44255015042739504,0.4448898045326978,0.44371997748004643,1,0,0.5694075107574463,0.6304392695426941,0.0321755573565574,0.2787152797624884,6.859367701058232,0.5601238012313843,0.6731359660625458,0.0010061931722354798,0.0006563778622677973,0.0006208095330645238,0.12956697764791472
1781867487.967458,46.623530864715576,blowing_bubbles,mixed_social_nonsocial_movie,mixed,1336,1,0.4372863542304213,0.4261797598199495,0.4317330570251854,1,0,0.5694381475448609,0.6301409423351287,0.030651105593536194,0.2776303783723239,6.968946893330434,0.5600346475839615,0.6740697622299194,0.0009380424590872839,6.815071314819599e-05,0.0011121765317604075,0.13012165155336838
1781867488.0001369,46.65620970726013,blowing_bubbles,mixed_social_nonsocial_movie,mixed,1337,1,0.43302544462518533,0.42418575227086713,0.42860559844802626,1,0,0.569957560300827,0.6307143330574037,0.033736547116382756,0.27824356852406984,6.683860214714689,0.5602100640535355,0.6740576922893524,0.00017583122948750736,0.0007622112295997765,0.0008715468137293442,0.13115914182343721
1781867488.034817,46.690889835357666,blowing_bubbles,mixed_social_nonsocial_movie,mixed,1338,1,0.30138961256703495,0.25455240654138617,0.27797100955421056,1,0,0.5670317202806473,0.6342870116233825,0.03265443495681082,0.279091176518356,7.367255653178128,0.5600976645946503,0.6745975315570831,0.000551416424620918,0.0003755851951334106,0.0009335653349862327,0.14764041202495445
1781867488.070785,46.72685790061951,blowing_bubbles,mixed_social_nonsocial_movie,mixed,1339,1,0.12885114766442357,0.08535562150639645,0.10710338458541001,0,1,0.5646139413118363,0.6401197731494903,0.03988538387278323,0.2730302369374136,7.986395075512556,0.5592945963144302,0.6783961951732635,0.003882623331149761,0.003331206906528843,0.000753883681091641,0.16980979973737073
1781867488.102968,46.75904083251953,blowing_bubbles,mixed_social_nonsocial_movie,mixed,1340,1,0.15511007384446726,0.10512408063292508,0.13011707723869617,0,1,0.5650171995162965,0.6395454943180084,0.04126528497540796,0.27074272586676845,8.508366685763074,0.559762567281723,0.6776418685913086,0.0008876966928364622,0.0029949266383132987,0.0015521494944153596,0.16847375286867175
1781867488.1379929,46.794065713882446,blowing_bubbles,mixed_social_nonsocial_movie,mixed,1341,1,0.15172616800103195,0.17870576046702125,0.1652159642340266,0,1,0.5645817935466766,0.6378928482532502,0.04146911230948614,0.27907529236091966,8.15707032903351,0.5595394968986511,0.6761430501937866,0.0015153273522754672,0.0006276306594390049,0.0015742366996180563,0.16175441067836582
1781867488.1717792,46.82785201072693,blowing_bubbles,mixed_social_nonsocial_movie,mixed,1342,1,0.20724339057627963,0.28002104765881114,0.2436322191175454,1,0,0.5650622338056563,0.6359920442104339,0.039292427216714554,0.27722782946556873,7.723601015433234,0.5600161403417587,0.677346795797348,0.001294678512199409,0.00022064884007605813,0.0017690586808326908,0.15325328394790866
1781867488.206635,46.86270785331726,blowing_bubbles,mixed_social_nonsocial_movie,mixed,1343,1,0.31312711362407447,0.3442557725638382,0.32869144309395637,1,0,0.5667889297008515,0.6355823695659637,0.041612946022128346,0.27554397559834476,7.52162761578696,0.5597165375947952,0.6769780218601227,0.00047513789868285176,0.0008195406135165573,0.0008764694718787667,0.14568757386562534
1781867488.2406359,46.896708726882935,blowing_bubbles,mixed_social_nonsocial_movie,mixed,1344,1,0.35566326382376817,0.37036590054518453,0.36301458218447635,1,0,0.5673552840948104,0.6352939605712891,0.04267495402003333,0.273007040913175,7.457004564445861,0.5596649050712585,0.6776857078075409,0.0007095669930739307,0.00023442909439107897,0.0009134084476812695,0.1424399513444803
1781867488.276382,46.93245482444763,blowing_bubbles,mixed_social_nonsocial_movie,mixed,1345,1,0.3785055207173541,0.34981413673110595,0.36415982872423003,1,0,0.5662596017122268,0.635219544172287,0.03894443400672855,0.27551642731407455,6.785121115693063,0.559998407959938,0.6762967109680176,0.0014284734498629412,0.0007189064567890104,0.0007272027934227905,0.14196708584528644
1781867488.309771,46.96584391593933,blowing_bubbles,mixed_social_nonsocial_movie,mixed,1346,1,0.38888406720795404,0.3753642416495028,0.3821241544287284,1,0,0.5660908848047257,0.6348544657230377,0.03569249859427075,0.27839763356306807,7.050897563165594,0.5602411776781082,0.6763339936733246,0.0002456158304658536,0.0011828576193970875,0.0010394651227251127,0.13888860996262803
1781867488.344485,47.0005578994751,blowing_bubbles,mixed_social_nonsocial_movie,mixed,1347,1,0.3924297568929407,0.39990830244846265,0.39616902967070167,1,0,0.5662484467029572,0.634435361623764,0.03412141378979578,0.27689463753414745,7.2660454007850275,0.5595406740903854,0.6765351593494415,0.0007288160986559443,0.00048320026819009067,0.0005863879100293417,0.13840003087310265
1781867488.3790479,47.035120725631714,blowing_bubbles,mixed_social_nonsocial_movie,mixed,1348,1,0.4012671990713,0.39311853279661013,0.3971928659339551,1,0,0.5654026657342911,0.6340410947799682,0.03204142741330945,0.2760480557724002,7.775462653913148,0.559636726975441,0.6761795282363892,0.00036837432768633513,0.00036044177096960915,0.0007205987578754566,0.13725903371713416
1781867488.4143438,47.07041668891907,blowing_bubbles,mixed_social_nonsocial_movie,mixed,1349,1,0.3938177356769147,0.40246554122376815,0.39814163845034145,1,0,0.5657743573188783,0.6342687070369721,0.03727232031430131,0.2738793864798812,7.4144344911061735,0.5593576729297638,0.6760281920433044,0.00031744889942505577,5.092542826127936e-05,0.0009965875786108636,0.1381172214418832
1781867488.447247,47.10331988334656,blowing_bubbles,mixed_social_nonsocial_movie,mixed,1350,1,0.40573043373761436,0.3710864320029102,0.3884084328702623,1,0,0.5655263036489486,0.634174245595932,0.03668099929414277,0.2747323367743367,7.438380810418006,0.559492290019989,0.6759925186634064,0.0001392636026176871,0.00017818529680736867,0.000543975434797905,0.1395235262523139
1781867488.482516,47.13858890533447,blowing_bubbles,mixed_social_nonsocial_movie,mixed,1351,1,0.410030947234581,0.3926840749552095,0.40135751109489526,1,0,0.5655835896730423,0.634062796831131,0.04075702781121737,0.27954213926278054,6.975550791580255,0.5591845363378525,0.6753703951835632,0.0006940820938770378,0.0005548184912593507,0.0009962073992363866,0.13628475837223722
1781867488.518264,47.1743369102478,blowing_bubbles,mixed_social_nonsocial_movie,mixed,1352,1,0.4122664793431254,0.385714199058776,0.3989903392009507,1,0,0.5659064888954163,0.6347011983394624,0.03989451725883319,0.2740735149973766,7.087841909418888,0.5594430565834045,0.6754040420055389,0.0002607006443976768,0.000433381449479361,0.0008026337405376762,0.1376462766643459
1781867488.5510368,47.207109689712524,blowing_bubbles,mixed_social_nonsocial_movie,mixed,1353,1,0.4393994184728308,0.38270274350494565,0.4110510809888882,1,0,0.5658038973808288,0.6350433886051178,0.03317405971694825,0.2729619605978977,7.063235124339976,0.5602911561727524,0.6763468384742737,0.0012681238484117676,0.0010074232040140907,0.001012007064644143,0.1372841181605025
1781867488.5871391,47.2432119846344,blowing_bubbles,mixed_social_nonsocial_movie,mixed,1354,1,0.4394236428389586,0.4049980956541653,0.4222108692465619,1,0,0.5658671736717225,0.6350965976715088,0.03622050362206351,0.27456517216590126,6.789717988820619,0.5598149001598358,0.6771832406520844,0.0009624907235322391,0.0003056331248795285,0.000768033306668378,0.13587011270682164
1781867488.619982,47.27605485916138,blowing_bubbles,mixed_social_nonsocial_movie,mixed,1355,1,0.4230506778864881,0.37653270253451754,0.3997916902105028,1,0,0.5660929322242736,0.6346409320831299,0.04496812935943061,0.2724552225113579,6.9139225012198615,0.5591465085744858,0.6759603023529053,0.0013936733458618448,0.0004311826223296057,0.0005727756472572444,0.1356791760619508
1781867488.654999,47.31107187271118,blowing_bubbles,mixed_social_nonsocial_movie,mixed,1356,1,0.4038007058054545,0.3707064409840238,0.38725357339473915,1,0,0.5659792184829713,0.6347221970558166,0.044355908573963855,0.2738653711778564,7.186461661516833,0.5590823590755463,0.6760130226612091,8.303366258236434e-05,0.0013106396832794805,0.0007163969889518681,0.1376511512448923
1781867488.689334,47.34540677070618,blowing_bubbles,mixed_social_nonsocial_movie,mixed,1357,1,0.4172057293649835,0.3745426449065159,0.39587418713574973,1,0,0.5661333858966827,0.6346355080604553,0.03808451242746104,0.2768601346234323,6.992589020197228,0.5599750876426697,0.6748379170894623,0.0014757497753036107,0.0013927161127212464,0.0009850529924403273,0.13772373005331254
1781867488.7229922,47.37906503677368,blowing_bubbles,mixed_social_nonsocial_movie,mixed,1358,1,0.4387206118319046,0.392082270196931,0.4154014410144178,1,0,0.566071617603302,0.6349831938743591,0.027683284944796462,0.2752026960960706,6.956536214804745,0.560836911201477,0.677026629447937,0.002352275841532074,0.0008765260662284633,0.0005966857746737737,0.135329530539917
1781867488.7593899,47.41546273231506,blowing_bubbles,mixed_social_nonsocial_movie,mixed,1359,1,0.42932138752523036,0.4004500502677861,0.4148857188965082,1,0,0.5661455750465393,0.635647976398468,0.03495803898261557,0.2759301397478709,7.020488291003375,0.560016542673111,0.6775951385498047,0.0009981017589604448,0.0013541740825716293,0.001203683808301188,0.1358397745562669
1781867488.792394,47.448466777801514,blowing_bubbles,mixed_social_nonsocial_movie,mixed,1360,1,0.4154866833388966,0.39705737283141257,0.4062720280851546,1,0,0.5660114407539367,0.634901475906372,0.034615522229369866,0.2743911032199971,7.142742083097444,0.5603609532117844,0.676701158285141,0.0009580288788744704,4.007288008597441e-05,0.0006283106088351121,0.1357589781760241
1781867488.827317,47.48338985443115,blowing_bubbles,mixed_social_nonsocial_movie,mixed,1361,1,0.4094468260577646,0.41776094286971105,0.41360388446373786,1,0,0.5662022233009338,0.635581785440445,0.035591649366509326,0.2744438071150566,6.739128829441676,0.5596559792757034,0.6783823668956757,0.0018230333630214648,0.0008650044841469945,0.0007410057784003773,0.1350451730238306
1781867488.8616161,47.51768898963928,blowing_bubbles,mixed_social_nonsocial_movie,mixed,1362,1,0.4055971998600534,0.3978256399000092,0.4017114198800313,1,0,0.5656612932682037,0.6356177926063538,0.039404139541876944,0.27695074510683526,6.362846353012958,0.5591869950294495,0.6761040985584259,0.002326038013392982,0.0005030046503715171,0.0007236016004313339,0.13556686998425893
1781867488.89653,47.552602767944336,blowing_bubbles,mixed_social_nonsocial_movie,mixed,1363,1,0.3968866747768196,0.39656791062123126,0.3967272926990254,1,0,0.5660955369472505,0.6356227755546571,0.036386040276087744,0.27576679505497415,6.787393627531422,0.5597258657217026,0.677108496427536,0.0011398231013812071,0.0011862149120117748,0.0012147367117950148,0.13698663355444643
1781867488.929798,47.58587074279785,blowing_bubbles,mixed_social_nonsocial_movie,mixed,1364,1,0.41251603228415235,0.4086516619009354,0.41058384709254386,1,0,0.56622474193573,0.6355860769748688,0.037134430807980116,0.2785178140727646,6.775473562974997,0.5597066581249237,0.6776032745838165,0.0004951508413669191,0.000644672260014288,0.0009398197539583968,0.13572322691131952
1781867488.9678872,47.62396001815796,blowing_bubbles,mixed_social_nonsocial_movie,mixed,1365,1,0.4324376054419457,0.41848335780446616,0.42546048162320593,1,0,0.5661678433418273,0.6357809484004975,0.03410398745760753,0.27997765864900687,6.548698236785986,0.5597697049379349,0.6768494546413422,0.0007564518532616075,0.0002613010118946884,0.0004339212068995268,0.13542416918163164
1781867488.997937,47.65400981903076,blowing_bubbles,mixed_social_nonsocial_movie,mixed,1366,1,0.4176039571566831,0.40724107926908176,0.41242251821288245,1,0,0.5662206709384918,0.6352297365665436,0.036267787272108325,0.28357934467308604,7.080518225100587,0.5597115457057953,0.6761117875576019,0.0007399562302710129,1.6495622990594602e-05,0.00042129639999642025,0.13433172187879874
1781867489.03181,47.68788290023804,blowing_bubbles,mixed_social_nonsocial_movie,mixed,1367,1,0.42040550484031597,0.4081679377126539,0.4142867212764849,1,0,0.5660799533128739,0.6359391152858734,0.04103594141794056,0.2782392050281653,7.345823258643227,0.559068888425827,0.6776513159275055,0.0016682793474817493,0.0009283231172107363,0.004197808522469114,0.13484227792399764
1781867489.069551,47.72562384605408,blowing_bubbles,mixed_social_nonsocial_movie,mixed,1368,1,0.41858227456842517,0.38988356631175725,0.4042329204400912,1,0,0.5660050123929978,0.635918140411377,0.039400189422321555,0.2790543287261047,7.216489793545042,0.5590640157461166,0.6759756505489349,0.00167567246320621,7.393115724460683e-06,0.0007782869569621617,0.13483708111850462
1781867489.1007712,47.75684404373169,blowing_bubbles,mixed_social_nonsocial_movie,mixed,1369,1,0.43113331786134407,0.39381325109049,0.412473284475917,1,0,0.565811464190483,0.6363787829875946,0.0378923483685499,0.2797717903790907,7.161979710029036,0.5595129430294037,0.6769229173660278,0.0010482605250818114,0.0006274119381243985,0.000506154452905412,0.13541156877240496
1781867489.1358259,47.79189872741699,blowing_bubbles,mixed_social_nonsocial_movie,mixed,1370,1,0.43729633218282143,0.4178140042237754,0.4275551682032984,1,0,0.5662964880466461,0.6354907631874085,0.030918109389988662,0.2785514652074388,6.2561801612080075,0.5601620674133301,0.6762407720088959,0.0009416393970435306,0.00010662112803828082,0.0006444435764859423,0.1340411235537684
1781867489.171146,47.827218770980835,blowing_bubbles,mixed_social_nonsocial_movie,mixed,1371,1,0.43753272386519926,0.406529396355601,0.42203106011040015,1,0,0.5663428783416748,0.6355239570140838,0.029699653199621468,0.27713232193003945,6.68064555413396,0.5604216158390045,0.6775201261043549,0.0013054165185249326,0.000363777121481402,0.0012033895282385254,0.13568357873121747
1781867489.205077,47.86114978790283,blowing_bubbles,mixed_social_nonsocial_movie,mixed,1372,1,0.42946051239439414,0.41575067264268945,0.4226055925185418,1,0,0.5666544497013092,0.6350528180599213,0.034540638727261555,0.278960582283768,6.9167064273128664,0.5600771307945251,0.6769490540027618,0.0006669282503296883,0.0006384882681952443,0.0007900408812112167,0.13501554058188087
1781867489.24024,47.896312952041626,blowing_bubbles,mixed_social_nonsocial_movie,mixed,1373,1,0.4100820057801674,0.37693549014201333,0.39350874796109037,1,0,0.5667248606681824,0.6353006541728974,0.035946129588754,0.27688411000951657,7.03132135112998,0.5603340119123459,0.6777567863464355,0.0008475962763659659,0.00018066802603627756,0.001095745674381925,0.1380745407922963
1781867489.2740211,47.93009400367737,blowing_bubbles,mixed_social_nonsocial_movie,mixed,1374,1,0.43727350369263,0.41113892310720046,0.42420621339991527,1,0,0.5667570143938065,0.6352751791477202,0.034773128479338486,0.27560070490545374,6.4643956483484235,0.5602427273988724,0.6778592169284821,0.00013720381386274266,0.0007103924625032232,0.0006485292822496445,0.13404407488209702
1781867489.309438,47.965510845184326,blowing_bubbles,mixed_social_nonsocial_movie,mixed,1375,1,0.41984491529672374,0.3808966910289326,0.40037080316282814,1,0,0.5672197729349135,0.6349433600902558,0.040686757064333536,0.27343155644913963,6.535778884173274,0.5601308345794678,0.6778808236122131,0.00011395986932322171,2.3243944539520946e-05,0.0010817949160764838,0.1349865005759878
1781867489.342666,47.99873876571655,blowing_bubbles,mixed_social_nonsocial_movie,mixed,1376,1,0.4436840138505068,0.42091396458012037,0.4322989892153136,1,0,0.5672177523374557,0.6355460107326507,0.03808231717929014,0.27604105332591855,5.5178204511048525,0.5602279752492905,0.6774307191371918,0.00046046753215385076,0.00034650766283062906,0.0007504666199183923,0.13483913396867098
1781867489.3779972,48.03407001495361,blowing_bubbles,mixed_social_nonsocial_movie,mixed,1377,1,0.432601861466543,0.3923877995616815,0.4124948305141123,1,0,0.5669212758541107,0.6353296220302582,0.028846133351838454,0.2776500636145886,6.413851858319714,0.5611053705215454,0.6778107583522797,0.0009561653982339808,0.0004956978660801299,0.0003520981648781525,0.1369179374706539
1781867489.412849,48.0689218044281,blowing_bubbles,mixed_social_nonsocial_movie,mixed,1378,1,0.43664313295174145,0.4188306140613998,0.42773687350657064,1,0,0.5664556652307511,0.6355888307094575,0.0341520649724907,0.27775912033117167,6.806570434918949,0.5599330812692642,0.6766065061092377,0.0016806205865351224,0.0007244551883011416,0.0003354254483806269,0.1353151322931014
1781867489.4455628,48.101635694503784,blowing_bubbles,mixed_social_nonsocial_movie,mixed,1379,1,0.43830300177913945,0.40756276741567915,0.4229328845974093,1,0,0.5666270017623901,0.6355421364307403,0.03610028411434665,0.2755964974938573,6.714278594223426,0.5598684698343277,0.676225870847702,0.000386080095121291,0.0012945404914138313,0.00028789563964443744,0.13529486321007703
1781867489.481395,48.13746786117554,blowing_bubbles,mixed_social_nonsocial_movie,mixed,1380,1,0.4240162100323925,0.3950643234275149,0.4095402667299537,1,0,0.5659399479627609,0.6353385388851166,0.03987372352141278,0.2770302669445804,6.67686234973958,0.5593515783548355,0.6768271327018738,0.0007929013928942721,0.00040682129777298105,0.00022819946244458426,0.13520408967484812
1781867489.5156522,48.171725034713745,blowing_bubbles,mixed_social_nonsocial_movie,mixed,1381,1,0.423390391545805,0.3852100838778873,0.40430023771184614,1,0,0.5655642807483674,0.634676206111908,0.03550945951942741,0.2775607092510317,6.7639349123145145,0.5593266636133194,0.6755422055721283,0.0012851686555082104,0.0004922672626139383,0.0007157852276602122,0.1365516107670803
1781867489.551157,48.20722985267639,blowing_bubbles,mixed_social_nonsocial_movie,mixed,1382,1,0.421548737528657,0.4109081400597881,0.41622843879422255,1,0,0.565552818775177,0.635565960407257,0.03340004889969881,0.27841111950897773,7.302271327029777,0.5594272613525391,0.6762574911117554,0.0007223249326554525,0.0005628437228527578,0.006376959504865102,0.13570101246375635
1781867489.584938,48.241010904312134,blowing_bubbles,mixed_social_nonsocial_movie,mixed,1383,1,0.42229646567701773,0.39661268270304567,0.40945457419003173,1,0,0.5650168001651764,0.635805743932724,0.028256807727519123,0.27802442780733894,7.333867039502225,0.5600509941577911,0.6760170459747314,0.0006684732427450463,5.38516899104062e-05,0.001270939925213391,0.13510862196564977
1781867489.619342,48.27541494369507,blowing_bubbles,mixed_social_nonsocial_movie,mixed,1384,1,0.4182491559630724,0.4148207005432426,0.4165349282531575,1,0,0.5647560775279998,0.6368121325969696,0.029956488242208906,0.2774066068230592,7.589802517742101,0.5597793757915497,0.6778156161308289,0.001818964305115399,0.0011504910623703528,0.0007899721403432813,0.1353468212740296
1781867489.6537259,48.30979871749878,blowing_bubbles,mixed_social_nonsocial_movie,mixed,1385,1,0.42640293150202385,0.41572341267686813,0.421063172089446,1,0,0.564385175704956,0.6373460531234741,0.02766335876813793,0.27869231123616184,6.8606688157463624,0.559865728020668,0.6775912940502167,0.0002403686820779406,0.0015785956230374583,0.0006034717232331465,0.13424217266945412
1781867489.68876,48.34483289718628,blowing_bubbles,mixed_social_nonsocial_movie,mixed,1386,1,0.41701177248543303,0.4016285947140084,0.4093201835997207,1,0,0.5647563934326172,0.6378467798233032,0.03111222945686873,0.2791148961812938,6.618386916799726,0.5593471974134445,0.6782973110675812,0.0008759760381630597,0.0006356073560851191,0.0003661651272421067,0.13609000590911727
1781867489.7222111,48.378283977508545,blowing_bubbles,mixed_social_nonsocial_movie,mixed,1387,1,0.42927740186983465,0.3709950377685577,0.40013621981919617,1,0,0.5653611183166504,0.6373911499977112,0.027964165981644088,0.2795701255143495,6.793889496769321,0.5598755180835724,0.6788052320480347,0.0007328754688684811,0.00014310056929457866,0.001090049274580728,0.13779097028803222
1781867489.759983,48.41605591773987,blowing_bubbles,mixed_social_nonsocial_movie,mixed,1388,1,0.42749648345619135,0.40898478910221847,0.41824063627920494,1,0,0.5650906026363373,0.6377142608165741,0.026304996464028656,0.28116537326915064,6.828686533766038,0.559832751750946,0.6785380244255066,0.0002706083382739967,0.0004622671305944844,0.0008967858982846093,0.13540331673951184
1781867489.7913558,48.447428703308105,blowing_bubbles,mixed_social_nonsocial_movie,mixed,1389,1,0.42160301935681027,0.38669990253699366,0.40415146094690196,1,0,0.5653061747550965,0.6375328004360199,0.030116355554570345,0.28334017703989844,6.461833684373603,0.5595528483390808,0.6773004829883575,0.0012688005078162327,0.000998192169542236,0.0008646764427888941,0.1376884530154886
1781867489.827285,48.48335790634155,blowing_bubbles,mixed_social_nonsocial_movie,mixed,1390,1,0.4175720756447016,0.4087361413718431,0.4131541085082724,1,0,0.5653779625892639,0.6373169958591461,0.02922169243617927,0.28136603285841066,6.754136983234592,0.5598428249359131,0.6777288913726807,0.0005173201817721537,0.000751480326044079,0.0008604494825773186,0.13629073619591142
1781867489.86025,48.51632285118103,blowing_bubbles,mixed_social_nonsocial_movie,mixed,1391,1,0.42533572659872243,0.40912039745538364,0.41722806202705304,1,0,0.5652714550495148,0.637453418970108,0.036214161360646535,0.27676630913395445,6.793232078713319,0.5588213354349136,0.6788283884525299,0.0015007780079842321,0.0009834578262120784,0.00025976324085183,0.13633647686082057
1781867489.894159,48.55023193359375,blowing_bubbles,mixed_social_nonsocial_movie,mixed,1392,1,0.41639125211140016,0.40780576099984206,0.4120985065556211,1,0,0.5667704731225967,0.6378089189529419,0.02902422057465181,0.2775059450250933,7.340859773804198,0.5595386326313019,0.6792685091495514,0.000841558967567403,0.0006592190404168291,0.0004599304396217753,0.13661493299746444
1781867489.928376,48.58444881439209,blowing_bubbles,mixed_social_nonsocial_movie,mixed,1393,1,0.38410573372775336,0.38890126574596523,0.38650349973685927,1,0,0.5680258989334106,0.6383808434009552,0.02687728220292137,0.27975037607957975,6.304115374145329,0.5599521696567535,0.6795327067375183,0.0004907272530713419,0.0003508317144960611,0.001217131363152364,0.1373080527562035
1781867489.9634151,48.61948800086975,blowing_bubbles,mixed_social_nonsocial_movie,mixed,1394,1,0.39886962554037014,0.4371711019014765,0.4180203637209233,1,0,0.5676515698432922,0.638440990447998,0.030032937445532946,0.28298957175056205,6.268377814169464,0.5587131679058075,0.6809456646442413,0.0018792486224601763,0.0013885213693888344,0.0004506850282325868,0.13234356307919082
1781867489.998125,48.65419793128967,blowing_bubbles,mixed_social_nonsocial_movie,mixed,1395,1,0.43660656831354283,0.4217718956552817,0.4291892319844123,1,0,0.567207008600235,0.6405649363994599,0.021908186671771666,0.27927379710428785,6.099543254339912,0.5586646944284439,0.6828967332839966,0.0019516706984130585,7.242207595288216e-05,0.0001729385651796436,0.13154278484555662
1781867490.03132,48.68739295005798,blowing_bubbles,mixed_social_nonsocial_movie,mixed,1396,1,0.41988839634600733,0.440657761275124,0.43027307881056565,1,0,0.5658585041761398,0.6407538652420044,0.01598498846883269,0.28114436012328126,5.824512073815485,0.5590670853853226,0.6833320260047913,0.0005927885246481738,0.0013588821737648847,0.00055951988991957,0.12914710068641388
1781867490.067168,48.72324085235596,blowing_bubbles,mixed_social_nonsocial_movie,mixed,1397,1,0.4344951401156433,0.4393205990358332,0.43690786957573824,1,0,0.5654077857732773,0.6415498316287994,0.01586992039002267,0.28336481369773936,6.569845969350349,0.5583859086036682,0.6845999956130981,0.001439357056277178,0.0008465685316290043,0.00014357714760575814,0.1294294369453711
1781867490.099946,48.75601887702942,blowing_bubbles,mixed_social_nonsocial_movie,mixed,1398,1,0.44422398267731084,0.4254029146308463,0.43481344865407856,1,0,0.5644258648157119,0.6425041019916534,0.013292310833499958,0.2836224106393949,6.197874894664077,0.5585558712482452,0.6849355101585388,0.00037610811046011566,0.0010632489458170624,0.00017983689144409482,0.1305072519013839
1781867490.136044,48.79211688041687,blowing_bubbles,mixed_social_nonsocial_movie,mixed,1399,1,0.47630489325334313,0.4435678376955907,0.4599363654744669,1,0,0.5642072200775147,0.6428825855255127,0.012022079000341865,0.28444432932009006,5.585490862416763,0.5587531477212906,0.6838718950748444,0.0010817555421996142,0.0007056474317394985,0.00036147571133941813,0.12879756591023925
1781867490.170846,48.826918840408325,blowing_bubbles,mixed_social_nonsocial_movie,mixed,1400,1,0.46392868281849203,0.44751587466932774,0.4557222787439099,1,0,0.564419722557068,0.6426912069320678,0.010670570414761889,0.28557392109225993,5.778583816316928,0.558664083480835,0.6828156113624573,0.0010600319429065238,2.172359929309038e-05,0.0006022317516673144,0.12907660576140667
1781867490.204777,48.86084985733032,blowing_bubbles,mixed_social_nonsocial_movie,mixed,1401,1,0.46259545528717483,0.4540521484670852,0.45832380187713,1,0,0.5645113915205002,0.6422154784202576,0.01183459298062976,0.2850230471832249,5.9761054447534,0.5585370808839798,0.6837314665317535,0.0009246190300521858,0.00013541291285433803,0.0003791981511157758,0.1292006315474881
1781867490.239216,48.895288944244385,blowing_bubbles,mixed_social_nonsocial_movie,mixed,1402,1,0.4603064399123458,0.4606812406453641,0.460493840278855,1,0,0.5648826062679291,0.6415723919868469,0.011464723201211363,0.28333873287646333,5.951737282537242,0.5588143765926361,0.6816399991512299,0.0021097698248467287,0.001185150794794543,0.00019714766431607887,0.12978782348883267
1781867490.273831,48.929903745651245,blowing_bubbles,mixed_social_nonsocial_movie,mixed,1403,1,0.4567378082241355,0.46357968272900413,0.4601587454765698,1,0,0.5651933521032333,0.6409303367137908,0.016424066269269778,0.28394803214181,6.04013035066794,0.5583509653806686,0.6824019253253937,0.0008917855382619025,0.0012179842865848263,0.0003032781713479371,0.13054676238705729
1781867490.307382,48.96345496177673,blowing_bubbles,mixed_social_nonsocial_movie,mixed,1404,1,0.48034510163946553,0.44004610923639914,0.46019560543793236,1,0,0.5650689393281937,0.6401439487934113,0.019187479574562842,0.2856801960218278,6.239863004171704,0.5580932646989822,0.6819350123405457,0.0005333079567766879,0.00035847758148521453,0.00077447386257253,0.1305292913714182
1781867490.341836,48.9979088306427,blowing_bubbles,mixed_social_nonsocial_movie,mixed,1405,1,0.46318269673169915,0.4244517667247117,0.4438172317282054,1,0,0.5650871098041534,0.6400920748710632,0.014973370814091641,0.2837826742641781,5.964131865692991,0.5586661249399185,0.6814975440502167,0.0007207963378714769,0.00018748838109478895,0.0019453228830369979,0.1309540014285325
1781867490.377929,49.03400182723999,blowing_bubbles,mixed_social_nonsocial_movie,mixed,1406,1,0.469422066688879,0.4423048897054948,0.45586347819718687,1,0,0.565153968334198,0.6402572333812714,0.015000250779145538,0.28171877772597687,5.902249984289284,0.5588539093732834,0.6818956732749939,0.0004401929952144583,0.0002806033426570186,0.0010947151084062605,0.12992412452244997
1781867490.4110022,49.06707501411438,blowing_bubbles,mixed_social_nonsocial_movie,mixed,1407,1,0.4516401764681719,0.43091987201639625,0.4412800242422841,1,0,0.5656109124422073,0.640519106388092,0.018491946679845755,0.2805728415098636,5.873235192690742,0.5586303621530533,0.6811766624450684,0.0007529607780109238,0.0003127677827964655,0.0008920214051572579,0.1316366237519122
1781867490.446367,49.102439880371094,blowing_bubbles,mixed_social_nonsocial_movie,mixed,1408,1,0.462328701612867,0.4436883247869926,0.4530085131999298,1,0,0.5664040982723235,0.6406390726566314,0.018165829944107197,0.28393983373300574,6.07841755787848,0.5592340230941772,0.6800523102283478,0.0012761561186168222,0.0005231953406058984,0.0007633195121584892,0.1319684777054258
1781867490.478774,49.134846925735474,blowing_bubbles,mixed_social_nonsocial_movie,mixed,1409,1,0.4556824547939879,0.44417863843318434,0.4499305466135861,1,0,0.5661463916301728,0.6396027386188508,0.017764499931462542,0.2812918246644032,6.132464986299666,0.5593704879283905,0.6817929148674011,0.0017459459214050348,0.0004697898027882126,0.00022332754888432764,0.1296800998129749
1781867490.5146701,49.170742988586426,blowing_bubbles,mixed_social_nonsocial_movie,mixed,1410,1,0.465155324322831,0.4389807593883057,0.45206804185556837,1,0,0.5666477352380752,0.6399054050445556,0.01981890573424526,0.2787582277739286,5.827846204662303,0.5595472455024719,0.6818220615386963,0.00017914454622660844,0.0015668013751784263,0.00034342087461333774,0.13091441724755404
1781867490.5476139,49.20368671417236,blowing_bubbles,mixed_social_nonsocial_movie,mixed,1411,1,0.4646008461093872,0.44093548516692277,0.452768165638155,1,0,0.5668518573045731,0.6396385312080384,0.021211831080851045,0.2810319593755715,5.696445880379692,0.559662789106369,0.6804013848304749,0.0014253675433671213,0.001246222997140513,0.0009269037238107497,0.13061370819346976
1781867490.5837288,49.23980164527893,blowing_bubbles,mixed_social_nonsocial_movie,mixed,1412,1,0.4615458681716455,0.42198680078199546,0.44176633447682045,1,0,0.5668654918670655,0.6392496943473815,0.023686439112445654,0.28256541955225206,5.974029210034015,0.5596795529127121,0.6813648641109467,0.0009636251081730743,0.00046174243519404704,0.0005713288290374373,0.13209730441771497
1781867490.619499,49.27557182312012,blowing_bubbles,mixed_social_nonsocial_movie,mixed,1413,1,0.4441690959574913,0.43198160725641627,0.43807535160695377,1,0,0.5669475138187408,0.6389876067638397,0.024579410846550364,0.28041144995206896,5.748544765510597,0.5591613948345184,0.681059718132019,0.0006013334037395916,0.00036229170443348273,0.0003136024247313882,0.13162076301914222
1781867490.6521442,49.30821704864502,blowing_bubbles,mixed_social_nonsocial_movie,mixed,1414,1,0.435009990693061,0.4278053601644309,0.4314076754287459,1,0,0.5665491908788681,0.6388882875442505,0.0214003108237091,0.27912223968841965,5.777205586474906,0.5589664131402969,0.680237740278244,0.0008447872236120055,0.0002434538198724139,0.0006731324774823083,0.13252914901490553
1781867490.685357,49.34142994880676,blowing_bubbles,mixed_social_nonsocial_movie,mixed,1415,1,0.4331640540918984,0.44958444999876385,0.4413742520453311,1,0,0.5662204384803773,0.6378636837005616,0.020433571339310418,0.2805969728555146,5.757600137943734,0.5591161400079727,0.6801481246948242,0.00017449666958332472,0.0006702905540286808,0.000410265866461828,0.13072155245774658
1781867490.721175,49.37724781036377,blowing_bubbles,mixed_social_nonsocial_movie,mixed,1416,1,0.4409749923128972,0.4290651392494425,0.43502006578116986,1,0,0.5657542556524277,0.6379800021648407,0.017527020097843713,0.28155296931143203,5.794536940742893,0.5588255226612091,0.6796731054782867,0.0005568677565812173,0.0003823710869978926,0.0006513439488994459,0.12967846397231825
1781867490.755192,49.41126489639282,blowing_bubbles,mixed_social_nonsocial_movie,mixed,1417,1,0.4608137812809913,0.4635946855997836,0.46220423344038747,1,0,0.5652369260787964,0.6386940896511077,0.015670704169607697,0.28124894625724534,6.79740919139551,0.5585095137357712,0.6813373267650604,0.001693958125901311,0.0011370903693200937,0.0005975238978591915,0.13015218587929395
1781867490.789804,49.44587683677673,blowing_bubbles,mixed_social_nonsocial_movie,mixed,1418,1,0.43614181390812773,0.44502034049827566,0.4405810772032017,1,0,0.5616050362586975,0.6422860383987427,0.017050977404035644,0.27825356068364776,7.423547501689951,0.5580935478210449,0.6821057200431824,0.0008737596191613834,0.0008201985067399276,0.0005049029023858728,0.1351150004312806
1781867490.824657,49.480729818344116,blowing_bubbles,mixed_social_nonsocial_movie,mixed,1419,1,0.4731142120349634,0.41367590322019265,0.443395057627578,1,0,0.5607588768005372,0.6430484712123872,0.01575743993151294,0.2807559609414638,7.2019254925931016,0.558250904083252,0.6822666823863983,0.00022509968722620385,0.0006486599319351795,0.0004477385705451162,0.1366198522393928
1781867490.857952,49.51402497291565,blowing_bubbles,mixed_social_nonsocial_movie,mixed,1420,1,0.4460070231970722,0.4100337011223102,0.4280203621596912,1,0,0.5606935411691665,0.643620890378952,0.016272164323707154,0.2793158070311426,6.496197689809235,0.5581473410129547,0.6835341155529022,0.0012716572419813092,0.0010465575547551054,0.00038771114284394175,0.1374893947691782
1781867490.8932521,49.54932498931885,blowing_bubbles,mixed_social_nonsocial_movie,mixed,1421,1,0.439980772478416,0.4164649837118614,0.4282228780951387,1,0,0.5605074882507324,0.6435054063796997,0.010257282623945768,0.28188194414815504,6.900312615970782,0.5585340261459351,0.6826809942722321,0.0009366649943284592,0.00033499224765284994,0.0004561983661576543,0.13630400825247863
1781867490.9267972,49.58287000656128,blowing_bubbles,mixed_social_nonsocial_movie,mixed,1422,1,0.45555574511827324,0.42420893344046656,0.4398823392793699,1,0,0.5598535090684891,0.6441179394721985,0.010982873013837682,0.28253918798609207,6.145517281261913,0.5586293339729309,0.6841857433319092,0.0015077643431537502,0.000571099348825291,0.0009395327057181787,0.13648869723270488
1781867490.9622989,49.6183717250824,blowing_bubbles,mixed_social_nonsocial_movie,mixed,1423,1,0.435658077252452,0.41839985429410775,0.42702896577327987,1,0,0.560272678732872,0.6450687706470489,0.010632895350457612,0.28205695727465263,6.339894474750867,0.5588839203119278,0.6843038201332092,0.0002806355911303646,0.0012271287520233855,0.0008931712880109203,0.13686638214871827
1781867490.995272,49.651344776153564,blowing_bubbles,mixed_social_nonsocial_movie,mixed,1424,1,0.4330035957559933,0.4280662654543801,0.43053493060518666,1,0,0.5613796681165695,0.6440827071666717,0.009692350826795674,0.2859709256816947,6.273308896994307,0.5592305809259415,0.6837859153747559,0.0006232165916733753,0.00034258100054301074,0.0008455696614105796,0.1344077042946952
1781867491.030823,49.68689584732056,blowing_bubbles,mixed_social_nonsocial_movie,mixed,1425,1,0.40575583731669734,0.40477068007524236,0.40526325869596985,1,0,0.5618747293949127,0.6445377469062805,0.008981551011362235,0.28691549711389347,5.7314424903598145,0.5587213188409805,0.6829802095890045,0.0009531577436982557,0.00032994115202488036,0.0003662721643625969,0.13452922428538455
