timestamp,elapsed_time,stimulus_id,stimulus_type,paper_category,frame_index,face_detected,left_ear,right_ear,avg_ear,eye_open,blink_state,gaze_x,gaze_y,yaw_proxy,pitch_proxy,roll_proxy_deg,head_center_x,head_center_y,head_movement,head_acceleration,mouth_open,eyebrow_signal
1781867511.0740008,69.73007369041443,playing_with_blocks,mixed_social_nonsocial_movie,mixed,2006,1,0.4246712920418174,0.3879004401511711,0.40628586609649425,1,0,0.5460559099912643,0.6272113919258118,-0.00048347294995284526,0.2754684955839324,2.820107489159927,0.5446555763483047,0.6680600345134735,0.00019438505835167803,0.00019438505835167803,0.001001573627704734,0.13559343300023044
1781867511.106781,69.7628538608551,playing_with_blocks,mixed_social_nonsocial_movie,mixed,2007,1,0.3825327490940948,0.40664400933648276,0.3945883792152888,1,0,0.5457514256238938,0.6269478559494018,1.0722051542585477e-05,0.27424747018386436,2.5837265223934405,0.5444555580615997,0.6684759259223938,0.00046148995550294775,0.0002671048971512697,0.000739120952278489,0.1364269582183145
1781867511.141071,69.79714393615723,playing_with_blocks,mixed_social_nonsocial_movie,mixed,2008,1,0.40917115732526493,0.41068425208524156,0.40992770470525325,1,0,0.5449953675270081,0.6264409124851227,0.002442664707480202,0.2765770422723742,1.9671215534551538,0.5442552715539932,0.6683407425880432,0.00024163861242639477,0.00021985134307655297,0.0007467856950590012,0.13263207992413123
1781867511.176637,69.83270978927612,playing_with_blocks,mixed_social_nonsocial_movie,mixed,2009,1,0.3987954000118271,0.386115122184388,0.3924552610981076,1,0,0.5442729741334915,0.6254115343093872,0.0005879709226236832,0.2807129520624338,2.528903158036981,0.5446569919586182,0.6667531430721283,0.0016376359505168735,0.0013959973380904787,0.00037023145629699547,0.13100714425588686
1781867511.210879,69.86695194244385,playing_with_blocks,mixed_social_nonsocial_movie,mixed,2010,1,0.3762471997558927,0.38936628451480326,0.382806742135348,1,0,0.5438838362693786,0.626128613948822,-0.00213783340960516,0.2746863052866428,2.655966694689932,0.5444745421409607,0.6676334142684937,0.0008989801527918957,0.0007386557977249777,0.0011327786939364047,0.13351076174476578
1781867511.2446358,69.90070867538452,playing_with_blocks,mixed_social_nonsocial_movie,mixed,2011,1,0.3996290804909859,0.383253542861303,0.39144131167614443,1,0,0.5444385498762131,0.6252836227416992,0.001824813288287936,0.27595251415622835,1.9861054615324563,0.544572502374649,0.6680202484130859,0.0003990449383299104,0.0004999352144619854,0.0008933526504770176,0.13348837183973708
1781867511.2787,69.93477296829224,playing_with_blocks,mixed_social_nonsocial_movie,mixed,2012,1,0.4194598576070352,0.38559950354431466,0.40252968057567495,1,0,0.544038712978363,0.6251588106155396,-4.729478714332925e-05,0.2758729566665004,1.7171791010572344,0.5446652770042419,0.6676162481307983,0.00041451581391372457,1.547087558381418e-05,0.0012295004614892515,0.13129250630653663
1781867511.3145652,69.9706380367279,playing_with_blocks,mixed_social_nonsocial_movie,mixed,2013,1,0.4054801971022677,0.38548115846754344,0.3954806777849056,1,0,0.5440624624490737,0.6250330209732056,0.005393572450906819,0.27443363632838097,2.0822193069886468,0.5443087518215179,0.6673416793346405,0.0004499980330400842,3.548221912635962e-05,0.0010565130771742484,0.132435052321551
1781867511.348086,70.00415897369385,playing_with_blocks,mixed_social_nonsocial_movie,mixed,2014,1,0.4051521596311262,0.396650812922307,0.4009014862767166,1,0,0.5441428810358047,0.6250912368297576,0.0013262835864170086,0.2744045942468607,2.115454421819755,0.5445542931556702,0.6675201654434204,0.00030355862334093865,0.00014643940969914554,0.0008459092326692115,0.13147168473650056
1781867511.383689,70.0397617816925,playing_with_blocks,mixed_social_nonsocial_movie,mixed,2015,1,0.4309126974831085,0.3881553954024205,0.4095340464427645,1,0,0.5441293329000473,0.6244342446327209,0.006255454791899729,0.27627388792864255,2.07613542978493,0.5444276034832001,0.6659890413284302,0.001536356510909889,0.0012327978875689505,0.0006197308674435334,0.1302041596719959
1781867511.4190972,70.07517004013062,playing_with_blocks,mixed_social_nonsocial_movie,mixed,2016,1,0.4375432848222661,0.39622638831694923,0.4168848365696077,1,0,0.5443400204181672,0.6248196840286255,0.004112179667386764,0.2740194532191445,2.4956664022447965,0.5443423390388489,0.6676253080368042,0.001638486730615686,0.00010213021970579693,0.0011407265733115253,0.1299122081605697
1781867511.451522,70.10759496688843,playing_with_blocks,mixed_social_nonsocial_movie,mixed,2017,1,0.3950074373855539,0.3865335421248857,0.3907704897552198,1,0,0.5443191260099411,0.6243298411369325,0.004975612063530494,0.274847872811728,2.750370436870994,0.5444180369377136,0.6667965054512024,0.0008322523041678992,0.0008062344264477868,0.0004898480038626338,0.13135239186551909
1781867511.486131,70.14220380783081,playing_with_blocks,mixed_social_nonsocial_movie,mixed,2018,1,0.4158701831192168,0.35812453841869785,0.3869973607689573,1,0,0.5438023686408997,0.6239251017570495,0.006076580081727405,0.2737625070300622,2.8169565954455633,0.5440895408391953,0.6663734912872314,0.0005355844188004643,0.0002966678853674349,0.00024068826266851687,0.13270698439129078
1781867511.5215518,70.17762470245361,playing_with_blocks,mixed_social_nonsocial_movie,mixed,2019,1,0.4075246141878847,0.3665523407451986,0.38703847746654163,1,0,0.5442696511745453,0.6237197875976562,-0.002171053135859616,0.27444406964483264,2.358532516197968,0.5446689426898956,0.6657299101352692,0.0008659695166436976,0.0003303850978432333,0.0009149249901986555,0.13224736573553264
1781867511.554843,70.2109158039093,playing_with_blocks,mixed_social_nonsocial_movie,mixed,2020,1,0.3719272808852537,0.35756696874863203,0.3647471248169428,1,0,0.5436208009719848,0.6231977880001067,0.005464421841086329,0.2756620950202674,2.839869899109008,0.5437526404857635,0.6660111844539642,0.0009585014197457837,9.253190310208603e-05,0.0003219197980619223,0.133867257395724
1781867511.5920389,70.24811172485352,playing_with_blocks,mixed_social_nonsocial_movie,mixed,2021,1,0.3827705437284815,0.3715934851534303,0.3771820144409559,1,0,0.5438818961381913,0.6240211427211761,-0.0010240127712804533,0.2750427434471032,3.0281885339001624,0.5445173680782318,0.6655588746070862,0.0008884776239529898,7.002379579279386e-05,0.0011780848481526972,0.13313302184769105
1781867511.6252532,70.28132605552673,playing_with_blocks,mixed_social_nonsocial_movie,mixed,2022,1,0.3706535921636214,0.3731671775740527,0.3719103848688371,1,0,0.5424322307109832,0.6240434348583221,0.0008734136391897083,0.2763223355822589,2.4949545207878314,0.5441150516271591,0.6656749844551086,0.00041873622199605024,0.00046974140195693955,0.0007666651698160391,0.13288811774675188
1781867511.656522,70.31259489059448,playing_with_blocks,mixed_social_nonsocial_movie,mixed,2023,1,0.3991290070629487,0.4121049666103818,0.40561698683666525,1,0,0.5419739365577698,0.6241465389728547,0.003390786358350645,0.2753774642000742,3.566747287792538,0.5443153977394104,0.6658806502819061,0.0002871184372458453,0.00013161778475020492,0.0008807524357781074,0.13175619658563342
1781867511.692385,70.34845781326294,playing_with_blocks,mixed_social_nonsocial_movie,mixed,2024,1,0.3862010268247327,0.4127465858905808,0.3994738063576567,1,0,0.5418303608894348,0.6232945799827576,0.0038817460438574014,0.27657267103382416,2.9869038068585865,0.5437800586223602,0.665542721748352,0.0006330747697026518,0.0003459563324568065,0.0010259375266971629,0.13060802932245869
1781867511.725863,70.38193583488464,playing_with_blocks,mixed_social_nonsocial_movie,mixed,2025,1,0.3855819260171683,0.3934478958936281,0.3895149109553982,1,0,0.5415082067251206,0.6231978118419648,-0.00012669595594162536,0.27840969822163214,3.240743094098084,0.5443795919418335,0.6653865873813629,0.000619530581742122,1.3544187960529835e-05,0.0007344277395997576,0.13127525838399434
1781867511.761743,70.4178159236908,playing_with_blocks,mixed_social_nonsocial_movie,mixed,2026,1,0.3838778576401328,0.39119870765655246,0.38753828264834267,1,0,0.5414607107639313,0.623118633031845,0.005628736262885949,0.2752556844191337,2.912054068270381,0.5436386913061142,0.6642095744609833,0.0013907886851530925,0.0007712581034109705,0.0011465427033711527,0.13215600348373635
1781867511.795559,70.45163178443909,playing_with_blocks,mixed_social_nonsocial_movie,mixed,2027,1,0.42193232237258005,0.41114480464634506,0.41653856350946256,1,0,0.5415714174509049,0.622631162405014,0.011105153894480356,0.27470960586195076,2.246730889250728,0.5431390553712845,0.6644657552242279,0.000561484328213852,0.0008293043569392404,0.0006368370044977489,0.13096503435061793
1781867511.830396,70.48646879196167,playing_with_blocks,mixed_social_nonsocial_movie,mixed,2028,1,0.4117990505468806,0.4144048092305722,0.4131019298887264,1,0,0.5419016987085343,0.621565043926239,0.01164598961405369,0.2776463330644423,2.2165650279960762,0.542756512761116,0.6641833186149597,0.00047550950237551244,8.597482583833961e-05,0.0012956736203948882,0.13173426203169522
1781867511.8648279,70.52090072631836,playing_with_blocks,mixed_social_nonsocial_movie,mixed,2029,1,0.4111639648288877,0.40767599127885207,0.40941997805386987,1,0,0.5412276089191437,0.6215983629226685,0.0076118018968756845,0.27826720458698373,2.5847199928907982,0.542751133441925,0.6636737287044525,0.0005096183022279486,3.410879985243616e-05,0.0008472824543415169,0.1302442578204489
1781867511.899213,70.55528593063354,playing_with_blocks,mixed_social_nonsocial_movie,mixed,2030,1,0.3980433991875119,0.38986480118156003,0.39395410018453597,1,0,0.5402995854616165,0.6219926476478577,0.006208578208797129,0.2731181767806726,2.4639074200669833,0.5419162660837173,0.6652069389820099,0.0017457769791723872,0.0012361586769444387,0.0006889805721122472,0.1330375517294724
1781867511.933405,70.58947777748108,playing_with_blocks,mixed_social_nonsocial_movie,mixed,2031,1,0.402669226516902,0.390320476155087,0.3964948513359945,1,0,0.5397172778844833,0.6226052463054657,0.004544661625559456,0.27141278931177704,2.6713313698184264,0.5415441244840622,0.6662724018096924,0.001128583363056125,0.0006171936161162622,0.001132136566635354,0.1317264786217229
1781867511.969588,70.62566089630127,playing_with_blocks,mixed_social_nonsocial_movie,mixed,2032,1,0.4142113091663439,0.3795352301004745,0.3968732696334092,1,0,0.53859441280365,0.6231078207492828,0.0008796629323157135,0.27179469795740124,2.9992104544310068,0.5415931642055511,0.6659011542797089,0.0003744724593379051,0.0007541109037182198,0.0007517032996194219,0.13246299230260364
1781867512.0031219,70.65919470787048,playing_with_blocks,mixed_social_nonsocial_movie,mixed,2033,1,0.3757595407383449,0.388696626456688,0.3822280835975165,1,0,0.5384546101093293,0.6233425438404083,0.004888680937018988,0.27194722980388164,2.5365512958225387,0.5406569391489029,0.6656262576580048,0.0009757486916826254,0.0006012762323447203,0.0005908514250445928,0.13341059302790523
1781867512.036886,70.69295883178711,playing_with_blocks,mixed_social_nonsocial_movie,mixed,2034,1,0.38740715744261073,0.40375785053384955,0.39558250398823014,1,0,0.5383327335119248,0.623216587305069,-4.512894785825012e-05,0.27131177518624716,2.7504612894362905,0.5413079857826233,0.6660767495632172,0.0007917099695851772,0.00018403872209744822,0.0004604401975181461,0.13192171299327443
1781867512.070244,70.72631692886353,playing_with_blocks,mixed_social_nonsocial_movie,mixed,2035,1,0.3741621190490667,0.4062947513281767,0.3902284351886217,1,0,0.5381246745586395,0.6225436091423034,0.002779652065507906,0.2723193887666288,1.8936500513994408,0.5406776964664459,0.6663680374622345,0.0006943437637087749,9.736620587640229e-05,0.0005625472611242298,0.1308360210148718
1781867512.103952,70.76002478599548,playing_with_blocks,mixed_social_nonsocial_movie,mixed,2036,1,0.39256021097648824,0.4152452088034075,0.40390270988994786,1,0,0.538311579823494,0.6224604547023773,0.0040634205377118645,0.2732073199841841,2.3241439355822,0.5407111495733261,0.6656273305416107,0.000741461969773163,4.7118206064388174e-05,0.0003136413340783978,0.1307418442027531
1781867512.1393569,70.79542970657349,playing_with_blocks,mixed_social_nonsocial_movie,mixed,2037,1,0.4110139380900455,0.40746481450698085,0.40923937629851315,1,0,0.5380384922027588,0.6229653596878052,0.0004809792420481517,0.27255401410094837,1.9340218839582106,0.5409505814313889,0.6652533411979675,0.0004440671613776918,0.00029739480839547126,0.0008950738743747475,0.12974747138203493
1781867512.176266,70.83233880996704,playing_with_blocks,mixed_social_nonsocial_movie,mixed,2038,1,0.4193961832839996,0.400085584898987,0.4097408840914933,1,0,0.5375030100345611,0.6230291426181793,-0.004144349290813508,0.27632156183777845,2.124795651800032,0.5416805446147919,0.6644277572631836,0.0011020141026761815,0.0006579469412984896,0.0007284798561992883,0.13084225506007335
1781867512.2087831,70.86485600471497,playing_with_blocks,mixed_social_nonsocial_movie,mixed,2039,1,0.40109793470761557,0.3976029013271089,0.39935041801736226,1,0,0.5381345063447953,0.6231203079223633,0.0016186455896191364,0.27530338330101056,3.0823581778424782,0.5410607904195786,0.6648609042167664,0.0007561160928604391,0.0003458980098157424,0.0005302241121390727,0.1325671714987439
1781867512.242653,70.89872574806213,playing_with_blocks,mixed_social_nonsocial_movie,mixed,2040,1,0.3993298942934707,0.4181244762223263,0.40872718525789853,1,0,0.538831302523613,0.6224728465080261,0.00608445621884453,0.2743963806885248,2.2447088611679242,0.5415021181106567,0.6645347774028778,0.0005487520657359748,0.00020736402712446427,0.001028239797677668,0.13104665072519767
1781867512.277898,70.93397092819214,playing_with_blocks,mixed_social_nonsocial_movie,mixed,2041,1,0.42196597192102814,0.39201314228087725,0.4069895571009527,1,0,0.53937047123909,0.6222058057785034,0.0045068860007108184,0.27643243815653473,2.201536034037187,0.5422236323356628,0.664810985326767,0.0007725759471439156,0.00022382388140794072,0.0007761826767226387,0.13035583580908086
1781867512.312023,70.96809577941895,playing_with_blocks,mixed_social_nonsocial_movie,mixed,2042,1,0.4310252991859929,0.39192455189385417,0.41147492553992354,1,0,0.538990956544876,0.6227899551391602,0.006560861525256597,0.27618277793461116,2.4069323235008278,0.5417995452880859,0.6635454893112183,0.001334664747901939,0.0005620888007580233,0.0006827162166393417,0.1308979975984844
1781867512.346754,71.00282692909241,playing_with_blocks,mixed_social_nonsocial_movie,mixed,2043,1,0.4346100924837567,0.3797042718251939,0.4071571821544753,1,0,0.5391413897275925,0.6228984832763671,0.0028903130428143257,0.27218700128000517,2.6012068080669692,0.542247399687767,0.6641836762428284,0.000779651282941056,0.0005550134649608829,0.0008117483442965237,0.12999445861261127
1781867512.381036,71.03710889816284,playing_with_blocks,mixed_social_nonsocial_movie,mixed,2044,1,0.42303374259660365,0.38157914586180797,0.4023064442292058,1,0,0.5392401367425919,0.622171950340271,0.0037513521659100343,0.27652882439876325,2.7393013292870534,0.5419928878545761,0.6632088124752045,0.0010075393980684179,0.00022788811512736184,0.001603566076330121,0.1306148319711775
1781867512.416013,71.07208585739136,playing_with_blocks,mixed_social_nonsocial_movie,mixed,2045,1,0.42790853548389285,0.38598516787908704,0.4069468516814899,1,0,0.5397234469652177,0.6225533068180085,0.005582193269245822,0.27632023286688695,2.532733518135509,0.5421680808067322,0.6642350256443024,0.0010410600553835084,3.3520657315090586e-05,0.0013551659741350842,0.13009630703581956
1781867512.450176,71.10624885559082,playing_with_blocks,mixed_social_nonsocial_movie,mixed,2046,1,0.4282345345179846,0.4025833332808239,0.41540893389940425,1,0,0.5395731270313263,0.6226150810718536,0.0025426812402957657,0.2769757680053319,1.8419940376170079,0.542079359292984,0.6642988622188568,0.0001093005729747632,0.0009317594824087452,0.0007385409494870159,0.1288276138748391
1781867512.484885,71.14095783233643,playing_with_blocks,mixed_social_nonsocial_movie,mixed,2047,1,0.39731730743193683,0.39970635188141274,0.39851182965667475,1,0,0.5400688976049424,0.6227920413017274,0.004054313597585094,0.27788170191482614,2.2010149972997914,0.5419577360153198,0.6646387279033661,0.0003609721667618419,0.0002516715937870787,0.0007457115275180585,0.12927728662565158
1781867512.520653,71.1767258644104,playing_with_blocks,mixed_social_nonsocial_movie,mixed,2048,1,0.40001696093532096,0.4066086067187942,0.4033127838270576,1,0,0.5400816261768341,0.6229006707668305,0.007709732038053682,0.2783450612294083,2.5749399912068305,0.5416883826255798,0.6642203330993652,0.0004975996991350945,0.00013662753237325258,0.00019294342387930538,0.13059712558168407
1781867512.552364,71.20843696594238,playing_with_blocks,mixed_social_nonsocial_movie,mixed,2049,1,0.404181869058534,0.41014380659174704,0.4071628378251405,1,0,0.5398275673389434,0.6227225601673125,0.004947589924926412,0.27589782560472936,2.526853362824247,0.5419375449419022,0.6642394363880157,0.00024989356836935993,0.00024770613076573455,0.0007358059716578905,0.13054398457379598
1781867512.587918,71.24399089813232,playing_with_blocks,mixed_social_nonsocial_movie,mixed,2050,1,0.4066560944932766,0.39802595899885895,0.40234102674606775,1,0,0.5399111092090607,0.6224745810031891,0.006215417404240694,0.2757261800653523,1.9644143368856828,0.5417440980672836,0.6641063988208771,0.000234777953755999,1.5115614613360945e-05,0.0009349767719918192,0.13122141600632983
1781867512.621987,71.27805995941162,playing_with_blocks,mixed_social_nonsocial_movie,mixed,2051,1,0.3985836962150057,0.3817032755719392,0.3901434858934725,1,0,0.5392678499221801,0.6229173064231872,0.005848320447451925,0.27523825636609284,2.117028120137431,0.541283056139946,0.6657440364360809,0.0017012985092257587,0.0014665205554697598,0.0006608482326190962,0.13218619641078655
1781867512.656609,71.31268191337585,playing_with_blocks,mixed_social_nonsocial_movie,mixed,2052,1,0.4063743995599801,0.40357944274446583,0.40497692115222295,1,0,0.5394885063171386,0.6229524195194245,0.00543603901288783,0.27433743418060696,2.129631304733928,0.5413314253091812,0.6649336218833923,0.0008118567137998969,0.0008894417954258618,0.0004130658137905697,0.13115402950929722
1781867512.68977,71.34584283828735,playing_with_blocks,mixed_social_nonsocial_movie,mixed,2053,1,0.4053104866771866,0.4065260402044051,0.40591826344079585,1,0,0.5395245224237442,0.622678416967392,-2.2865497940011898e-05,0.2781545302057052,2.292297257082003,0.5414617508649826,0.6632100939750671,0.0017284482061290596,0.0009165914923291627,0.0007111643101535179,0.13180110354137375
1781867512.726515,71.38258790969849,playing_with_blocks,mixed_social_nonsocial_movie,mixed,2054,1,0.4106913457041398,0.39677564387326547,0.40373349478870263,1,0,0.5394128113985062,0.6228661477565766,-0.0013952572923255863,0.274646938220419,2.148261033709479,0.5413748621940613,0.6650664508342743,0.001858389203008864,0.00012994099687980445,0.0005768252309620726,0.13145503870255393
1781867512.760127,71.41619992256165,playing_with_blocks,mixed_social_nonsocial_movie,mixed,2055,1,0.3993289821389027,0.38904455977590213,0.3941867709574024,1,0,0.5390080064535141,0.6231341898441314,-0.0016304759560999004,0.27539039605658855,2.570941815651579,0.5414330065250397,0.6653690040111542,0.0003080895779883419,0.001550299625020522,0.0007751375470629183,0.13263758726204133
1781867512.7946272,71.45070004463196,playing_with_blocks,mixed_social_nonsocial_movie,mixed,2056,1,0.4202893609459991,0.3830810265949732,0.40168519377048617,1,0,0.5393978297710418,0.6231073558330535,2.4103244429052803e-05,0.2733443947995578,2.068176522742508,0.5408210009336472,0.6645408868789673,0.001029722694960708,0.000721633116972366,0.0005896299712754601,0.1318504092905918
1781867512.829291,71.48536396026611,playing_with_blocks,mixed_social_nonsocial_movie,mixed,2057,1,0.40623828293993386,0.3995029263019563,0.40287060462094504,1,0,0.5386585325002671,0.6231345951557159,-0.000532626990075538,0.27357474772305085,2.5019149982321274,0.5404952317476273,0.6647770404815674,0.00040236064243545416,0.0006273620525252538,0.00048533796741911684,0.1307257439992996
1781867512.8640199,71.52009272575378,playing_with_blocks,mixed_social_nonsocial_movie,mixed,2058,1,0.4111380939501366,0.38623645936654516,0.3986872766583409,1,0,0.5388772338628769,0.6228896498680114,0.002333897941034339,0.2743842193088952,1.5408333566942416,0.5403206646442413,0.6644397377967834,0.0003797983343130974,2.2562308122356736e-05,0.0006827059443264942,0.13108970061731962
1781867512.897435,71.5535078048706,playing_with_blocks,mixed_social_nonsocial_movie,mixed,2059,1,0.403199008887888,0.37499590935784016,0.3890974591228641,1,0,0.53940389752388,0.6225558638572692,-0.003062268735064575,0.27803392047938474,1.831226675162111,0.541183590888977,0.6632663309574127,0.0014565456788359534,0.001076747344522856,0.004453009263213517,0.13239820285747161
1781867512.9323132,71.58838605880737,playing_with_blocks,mixed_social_nonsocial_movie,mixed,2060,1,0.3935904421113112,0.3709033405668319,0.3822468913390715,1,0,0.5393567025661468,0.6227497041225434,0.002053325934262262,0.2731784092982861,2.1771548298794343,0.5400874316692352,0.6657950580120087,0.002756088814184059,0.0012995431353481056,0.0017977338741363097,0.13300310333637985
1781867512.9674308,71.62350368499756,playing_with_blocks,mixed_social_nonsocial_movie,mixed,2061,1,0.4096521130451691,0.3814746600403307,0.3955633865427499,1,0,0.5397925734519958,0.6227707505226134,-0.0012560254967158707,0.27409684056301165,2.6548284761902425,0.540449321269989,0.666759192943573,0.001029815638547158,0.001726273175636901,0.0008910204232781473,0.1325355146705767
1781867513.0005682,71.65664100646973,playing_with_blocks,mixed_social_nonsocial_movie,mixed,2062,1,0.3916864263767935,0.4015409449931039,0.3966136856849487,1,0,0.5398321866989135,0.6226232528686524,0.0021153056791892873,0.27707430453397514,1.7600125415627992,0.5402006804943085,0.6647784411907196,0.00199629650647463,0.0009664808679274719,0.0005771353888480569,0.13137660403842108
1781867513.0355551,71.69162797927856,playing_with_blocks,mixed_social_nonsocial_movie,mixed,2063,1,0.3830420108414171,0.3963614154438237,0.38970171314262037,1,0,0.5401115566492081,0.6233456134796143,0.0021785923292827218,0.2746126419208078,2.0135479310865274,0.539841815829277,0.6659080982208252,0.0011852885106484017,0.0008110079958262282,0.0008348507689374216,0.13212282426223204
1781867513.070915,71.72698783874512,playing_with_blocks,mixed_social_nonsocial_movie,mixed,2064,1,0.3828683912809862,0.4043283378899078,0.393598364585447,1,0,0.5402071833610534,0.6229463040828704,0.00158098991551713,0.2776076806065834,1.9137057266722592,0.5401376932859421,0.6642236113548279,0.0017102746770855336,0.0005249861664371319,0.0037051007905347993,0.13139743388004213
1781867513.102968,71.75904083251953,playing_with_blocks,mixed_social_nonsocial_movie,mixed,2065,1,0.4075161547185252,0.401824877597347,0.4046705161579361,1,0,0.540732741355896,0.6229596197605134,0.0006530382909632602,0.2757573921908987,1.668336513472725,0.5407429188489914,0.6656807959079742,0.0015778735070013457,0.00013240117008418793,0.0008855178309784025,0.12993495469967725
1781867513.138873,71.79494595527649,playing_with_blocks,mixed_social_nonsocial_movie,mixed,2066,1,0.42997542171409525,0.38569198882491784,0.4078337052695066,1,0,0.5411439120769501,0.6229941189289092,-0.0021146693318491974,0.27514453259748567,1.8790146770693537,0.5412880331277847,0.6647663414478302,0.0010646015858628572,0.0005132719211384884,0.0006900265105688472,0.12964775475510887
1781867513.1755898,71.83166265487671,playing_with_blocks,mixed_social_nonsocial_movie,mixed,2067,1,0.4081117118225183,0.3793614595080579,0.39373658566528813,1,0,0.5410187065601348,0.6230695426464081,0.0007611530935679366,0.2723352982992603,1.6655227447154244,0.5407978892326355,0.665052205324173,0.0005674144814417207,0.0004971871044211365,0.000644508546772084,0.13132179455971205
1781867513.207556,71.86362886428833,playing_with_blocks,mixed_social_nonsocial_movie,mixed,2068,1,0.436379497644622,0.3661717430912544,0.4012756203679382,1,0,0.5418788731098174,0.622875839471817,0.004869447691792193,0.27419358756139073,1.3514264370330944,0.5412062704563141,0.6647873222827911,0.00048676303214697093,8.065144929474979e-05,0.0004971710112771186,0.13201767386072713
1781867513.2421288,71.89820170402527,playing_with_blocks,mixed_social_nonsocial_movie,mixed,2069,1,0.4317591320429677,0.3973880692280505,0.4145736006355091,1,0,0.5420048058032989,0.6225780606269837,0.0032097666403756026,0.27578579209646953,0.9237664066890864,0.5415312945842743,0.6642964482307434,0.000588725758507345,0.00010196272636037412,0.0006970898180561507,0.1316537523598183
1781867513.2761679,71.9322407245636,playing_with_blocks,mixed_social_nonsocial_movie,mixed,2070,1,0.4071360146872864,0.3833674888382581,0.3952517517627723,1,0,0.5421075224876404,0.6223365128040315,0.006432349725675185,0.2749723123156226,1.2021181652106074,0.5410139262676239,0.6646924912929535,0.0006515520563994857,6.282629789214063e-05,0.0010574148649315723,0.1322342540329146
1781867513.3118238,71.9678966999054,playing_with_blocks,mixed_social_nonsocial_movie,mixed,2071,1,0.4240474009340926,0.3807309845626217,0.40238919274835716,1,0,0.5424580693244934,0.6220069944858551,0.011349840758952554,0.27586943359042343,1.5348536048007433,0.540907233953476,0.6644278466701508,0.0002853419462270597,0.000366210110172426,0.0006773340575647894,0.13150515709937702
1781867513.345216,72.00128889083862,playing_with_blocks,mixed_social_nonsocial_movie,mixed,2072,1,0.4144338780008743,0.3913354665039897,0.40288467225243196,1,0,0.5422619104385376,0.6222300052642822,0.00692516419685749,0.274615344601345,1.5357963568165496,0.540989488363266,0.6644071638584137,8.48148962815988e-05,0.0002005270499454609,0.0058184379656776985,0.13214086859053745
1781867513.3796868,72.0357596874237,playing_with_blocks,mixed_social_nonsocial_movie,mixed,2073,1,0.4212632940838014,0.40617841229745283,0.4137208531906271,1,0,0.5425666719675064,0.6216829240322113,0.008178034814252673,0.2726058992180896,1.6981544287263184,0.5413734018802643,0.6639768481254578,0.00057668121051704,0.0004918663142354411,0.0011730666630642465,0.13104784936522532
1781867513.4147708,72.07084369659424,playing_with_blocks,mixed_social_nonsocial_movie,mixed,2074,1,0.4069337699998323,0.3924933011293768,0.39971353556460454,1,0,0.542514881491661,0.6224120140075684,0.009844498648144559,0.2756894806811535,1.8199767589580518,0.5408852696418762,0.6633733212947845,0.0007762201475716784,0.0001995389370546384,0.0006354289517140336,0.13227399245495852
1781867513.448102,72.10417485237122,playing_with_blocks,mixed_social_nonsocial_movie,mixed,2075,1,0.4213709870689741,0.4109022838883498,0.416136635478662,1,0,0.5424843490123749,0.6225947976112365,0.007592860036299926,0.2747923235180552,1.7848825076377732,0.5413344204425812,0.6629163026809692,0.0006407826894880732,0.0001354374580836052,0.0012113019129635708,0.1317225089448948
1781867513.4817102,72.13778305053711,playing_with_blocks,mixed_social_nonsocial_movie,mixed,2076,1,0.4426741494971696,0.42106392819478217,0.4318690388459759,1,0,0.5425449848175049,0.6218901574611664,0.00812592283155316,0.27480878356930255,1.861259455245433,0.5411134958267212,0.663507342338562,0.0006309798433708204,9.802846117252812e-06,0.0012449688627670257,0.13077705892091568
1781867513.519372,72.17544484138489,playing_with_blocks,mixed_social_nonsocial_movie,mixed,2077,1,0.41439337974106016,0.40585363286718246,0.4101235063041213,1,0,0.5428289532661438,0.6221281528472901,0.010003693620782354,0.2762345390972492,1.739590059191963,0.5412567853927612,0.6634442210197449,0.0001565765008714832,0.0004744033424993372,0.0010927381951555345,0.13123756896312933
1781867513.55266,72.20873284339905,playing_with_blocks,mixed_social_nonsocial_movie,mixed,2078,1,0.42287109804369827,0.3993216228992519,0.4110963604714751,1,0,0.5426534444093705,0.6210781633853912,0.014463820194624345,0.2786757530347049,1.7062365165649487,0.5408991128206253,0.6627725958824158,0.0007609270621752542,0.0006043505613037711,0.0008464864928115434,0.13067848233018833
1781867513.587052,72.24312496185303,playing_with_blocks,mixed_social_nonsocial_movie,mixed,2079,1,0.4087862323901151,0.3876684563816984,0.39822734438590673,1,0,0.5424998611211777,0.6216940820217132,0.010466231032946943,0.27220616533872194,2.261923493557236,0.5408153533935547,0.6644132435321808,0.001642784329211435,0.0008818572670361808,0.0007813891692475412,0.13178678112602285
1781867513.622101,72.27817392349243,playing_with_blocks,mixed_social_nonsocial_movie,mixed,2080,1,0.43464929876551267,0.4004220907318316,0.41753569474867214,1,0,0.5424590110778809,0.6220132946968079,0.0070790963049994285,0.2747224188221445,1.5210413473151159,0.5412172377109528,0.6630535423755646,0.001417849865068222,0.000224934464143213,0.0008253808132251738,0.13222829293125052
1781867513.6545439,72.31061673164368,playing_with_blocks,mixed_social_nonsocial_movie,mixed,2081,1,0.42420062194693703,0.3737264488500133,0.3989635353984752,1,0,0.5424062967300415,0.6213655054569245,0.01069277246915951,0.28112522291289027,1.6329523980533072,0.5408732295036316,0.6620133817195892,0.0010955710095394895,0.00032227885552873255,0.0010453448214492052,0.13215147286341006
1781867513.690148,72.34622097015381,playing_with_blocks,mixed_social_nonsocial_movie,mixed,2082,1,0.34717966435042547,0.3478118356141352,0.34749574998228033,1,0,0.542019498348236,0.6236367583274842,0.011841562445110648,0.2775382741581139,2.2517061175481574,0.5407031029462814,0.6638016104698181,0.0017963031783808003,0.0007007321688413109,0.0009332044677934754,0.13875413190208416
1781867513.72459,72.38066291809082,playing_with_blocks,mixed_social_nonsocial_movie,mixed,2083,1,0.2359229738563914,0.2057379117470463,0.22083044280171887,1,0,0.5430905014276504,0.6258995175361634,0.01231992005522746,0.2756175529984598,1.8424275487239845,0.5407031327486038,0.6646631956100464,0.0008615851407437042,0.0009347180376370961,0.0009117929320488496,0.1528997983884682
1781867513.759064,72.41513681411743,playing_with_blocks,mixed_social_nonsocial_movie,mixed,2084,1,0.25763551454756095,0.32972769237473426,0.2936816034611476,1,0,0.5451169073581695,0.6239334106445312,0.010637693381621434,0.2800885960071042,2.167995563118212,0.5405872464179993,0.6633217334747314,0.0013464584294008894,0.0004848732886571852,0.0010520163470890192,0.1427753975465781
1781867513.793333,72.4494059085846,playing_with_blocks,mixed_social_nonsocial_movie,mixed,2085,1,0.3493308727650487,0.35608735129713853,0.3527091120310936,1,0,0.5455761432647706,0.6214182555675507,0.008563593359851032,0.2831283175777669,1.5614049488621926,0.541331559419632,0.662698358297348,0.0009708750981342962,0.00037558333126659323,0.004528809832466867,0.13491978633200646
1781867513.8290071,72.4850800037384,playing_with_blocks,mixed_social_nonsocial_movie,mixed,2086,1,0.4023850536647614,0.3755752573570122,0.3889801555108868,1,0,0.5457985937595368,0.6204980850219726,0.010768193956599404,0.281300023625636,1.4714167848059578,0.5411130487918854,0.662781149148941,0.00023366903848328388,0.0007372060596510123,0.00031812812082452377,0.13166679399555506
1781867513.8621829,72.5182557106018,playing_with_blocks,mixed_social_nonsocial_movie,mixed,2087,1,0.4304010646422832,0.3843364860519676,0.4073687753471254,1,0,0.5456867903470993,0.6207468807697296,0.009145306044399405,0.27896100260118606,0.533490795767704,0.541187971830368,0.6630702614784241,0.0002986626872486425,6.499364876535861e-05,0.0008576764189409559,0.1294710038094343
1781867513.8953102,72.55138301849365,playing_with_blocks,mixed_social_nonsocial_movie,mixed,2088,1,0.43091724978514884,0.39587896024312674,0.41339810501413776,1,0,0.5459946274757386,0.6210366427898406,0.016742904229099742,0.2801695492383335,1.0897272054378702,0.5408442914485931,0.662482351064682,0.0006809954914706184,0.00038233280422197595,0.0009054448436137608,0.12995555910072498
1781867513.930423,72.58649587631226,playing_with_blocks,mixed_social_nonsocial_movie,mixed,2089,1,0.4236748972639135,0.3901454510910412,0.4069101741774773,1,0,0.5455889075994491,0.620570820569992,0.010752053084719168,0.2771575878133609,1.0212529932224848,0.5411831587553024,0.6637194752693176,0.0012826953454549226,0.0006016998539843042,0.0007374912438029055,0.12757126776596098
1781867513.966866,72.62293887138367,playing_with_blocks,mixed_social_nonsocial_movie,mixed,2090,1,0.42653390401863456,0.37432550737035364,0.4004297056944941,1,0,0.5457332819700241,0.6208224236965179,0.014100431365308601,0.2779683933460228,1.5265768262436648,0.5410391241312027,0.6633358299732208,0.00040979224755570187,0.0008729030978992208,0.0009798684013724052,0.1294969600963988
1781867513.999611,72.65568375587463,playing_with_blocks,mixed_social_nonsocial_movie,mixed,2091,1,0.43335483068021435,0.39650093551153814,0.41492788309587625,1,0,0.545902955532074,0.6218924522399902,0.009900661063160112,0.2794792235682856,1.6635854251197313,0.5413024425506592,0.6624822616577148,0.0008932611372161998,0.0004834688896604979,0.0010808233535279724,0.1301072233268556
1781867514.0343559,72.69042873382568,playing_with_blocks,mixed_social_nonsocial_movie,mixed,2092,1,0.4258883284136691,0.42184170215797245,0.42386501528582077,1,0,0.5456061780452728,0.6220317602157592,0.012818154112066056,0.2758509759515114,1.6060975477565322,0.5408270508050919,0.6644981503486633,0.0020711843293264717,0.001177923192110272,0.0014629910070749089,0.12957948403085862
1781867514.0700521,72.72612500190735,playing_with_blocks,mixed_social_nonsocial_movie,mixed,2093,1,0.4419969477676474,0.388798267487638,0.4153976076276427,1,0,0.5459472715854645,0.621947169303894,0.016536089801116573,0.28078383144345276,1.0362663723658492,0.5408794432878494,0.6655011475086212,0.0010043646126447739,0.0010668197166816978,0.004726548185038025,0.12847920437129973
1781867514.103324,72.75939679145813,playing_with_blocks,mixed_social_nonsocial_movie,mixed,2094,1,0.47040641686413653,0.41511396874724116,0.44276019280568885,1,0,0.5459509879350662,0.6216731250286103,0.011472924851219627,0.27795074929312463,1.3396930350674017,0.5413374304771423,0.6638825237751007,0.0016821697465690807,0.0006778051339243068,0.004412131203117356,0.12668344333207612
1781867514.136981,72.79305386543274,playing_with_blocks,mixed_social_nonsocial_movie,mixed,2095,1,0.4417436787973583,0.3946372114675492,0.41819044513245374,1,0,0.5460468769073487,0.6218249082565308,0.018163762427070157,0.27754398645453815,1.3708367673722688,0.5409596115350723,0.66480952501297,0.0010010386845662085,0.0006811310620028722,0.000761213211609423,0.1278471404689936
1781867514.1760042,72.83207702636719,playing_with_blocks,mixed_social_nonsocial_movie,mixed,2096,1,0.43933319639415297,0.4091163629314831,0.424224779662818,1,0,0.5460713267326356,0.6214553952217102,0.017288874810157565,0.2757843994515619,1.1041187681478286,0.5414571166038513,0.663323163986206,0.0015674120056141819,0.0005663733210479734,0.0008804784483679407,0.12710068393666038
1781867514.206783,72.86285591125488,playing_with_blocks,mixed_social_nonsocial_movie,mixed,2097,1,0.43222886590007653,0.4040410194740924,0.41813494268708445,1,0,0.5459233105182648,0.6215442776679992,0.01646942567011672,0.2785673629499077,0.8480957726514016,0.5413236916065216,0.6628518104553223,0.0004898738419114137,0.0010775381637027682,0.0008139772549463902,0.12756145355871604
1781867514.24103,72.89710283279419,playing_with_blocks,mixed_social_nonsocial_movie,mixed,2098,1,0.44668206945520605,0.40733263235352746,0.42700735090436676,1,0,0.5465431958436966,0.6213975369930267,0.015528854603122057,0.27824935149217545,0.5968030074664497,0.5415175557136536,0.6637080907821655,0.0008779517584542298,0.00038807791654281616,0.002850388872379006,0.12713913083110728
1781867514.275543,72.93161582946777,playing_with_blocks,mixed_social_nonsocial_movie,mixed,2099,1,0.4288449149572448,0.39798001519591536,0.4134124650765801,1,0,0.5466082364320755,0.6211380124092102,0.018480445926415283,0.2784392808310821,1.3580746716150436,0.5406540334224701,0.6641971468925476,0.0009923943905891456,0.00011444263213491578,0.0019148089843071846,0.12804475640168336
1781867514.309178,72.9652509689331,playing_with_blocks,mixed_social_nonsocial_movie,mixed,2100,1,0.42794156960638535,0.4041657012615047,0.416053635433945,1,0,0.5463938266038895,0.6234258413314819,0.021510178503044056,0.2767595418361418,1.477209836501461,0.5411704033613205,0.6654202938079834,0.0013276770279282756,0.00033528263733912994,0.001084444611384135,0.13041586685630827
1781867514.344416,73.00048875808716,playing_with_blocks,mixed_social_nonsocial_movie,mixed,2101,1,0.43437576295320146,0.40685543110000433,0.4206155970266029,1,0,0.5464830249547958,0.6237550258636475,0.015356070802717094,0.2783692328670769,1.1541670471635117,0.5416885614395142,0.6651177406311035,0.0006000218486334156,0.00072765517929486,0.0009029672228875792,0.13050758520140981
1781867514.3786979,73.03477072715759,playing_with_blocks,mixed_social_nonsocial_movie,mixed,2102,1,0.4473848836476332,0.4358094895470633,0.44159718659734826,1,0,0.5463631063699722,0.6240563154220581,0.012320901804998573,0.28101275186838287,1.4554044026447859,0.541902631521225,0.6643851399421692,0.0007632363783984124,0.0001632145297649968,0.00040780114486334485,0.12985413949385646
1781867514.412271,73.06834387779236,playing_with_blocks,mixed_social_nonsocial_movie,mixed,2103,1,0.4413683674817085,0.4381677518545591,0.4397680596681338,1,0,0.5463860213756562,0.6241471469402313,0.017547512302116302,0.27736259003613073,1.4235210701228458,0.5415566861629486,0.6651582419872284,0.0008469740037260221,8.373762532760975e-05,0.003141078695889931,0.13088510369056142
1781867514.447371,73.10344386100769,playing_with_blocks,mixed_social_nonsocial_movie,mixed,2104,1,0.4466607618919757,0.41712151731757,0.4318911396047729,1,0,0.5466444581747055,0.6241508960723876,0.020918943370817452,0.2783568578844651,1.504146609162201,0.5413152575492859,0.6646288931369781,0.0005818057929896867,0.00026516821073633537,0.0010206231981051124,0.13062584929131513
1781867514.480899,73.136971950531,playing_with_blocks,mixed_social_nonsocial_movie,mixed,2105,1,0.4328876539390158,0.4190001553536985,0.4259439046463571,1,0,0.5465641468763351,0.6237437665462494,0.023602552034014637,0.2773152259431843,0.34933183397190937,0.5410414040088654,0.6660021841526031,0.0014003299522602536,0.0008185241592705668,0.0007423471070316359,0.12887877757661914
1781867514.516886,73.1729588508606,playing_with_blocks,mixed_social_nonsocial_movie,mixed,2106,1,0.4422332182619529,0.3991914579457486,0.4207123381038508,1,0,0.5463055074214935,0.6243161499500275,0.023193194233686976,0.27881891232314154,1.3472134402705562,0.5411272346973419,0.6642560660839081,0.001748226305976362,0.00034789635371610837,0.0008409547716611662,0.13071060713513513
1781867514.5509849,73.20705771446228,playing_with_blocks,mixed_social_nonsocial_movie,mixed,2107,1,0.40059584124069847,0.38667236295232643,0.39363410209651245,1,0,0.5433869808912277,0.6241236329078674,0.020099066387620053,0.2778001205890116,2.1225450187727244,0.5412566959857941,0.6651077568531036,0.0008614739645169837,0.0008867523414593782,0.0010833711578504628,0.12985310578474552
1781867514.585141,73.24121379852295,playing_with_blocks,mixed_social_nonsocial_movie,mixed,2108,1,0.4051444874651401,0.3962926908192177,0.4007185891421789,1,0,0.5427455425262451,0.6247831642627716,0.020304282976512135,0.2769918703939839,1.5738263403055823,0.5413371473550797,0.6658961474895477,0.0007924848379954316,6.898912652155212e-05,0.0002764584130484245,0.12967124102818134
1781867514.619712,73.27578496932983,playing_with_blocks,mixed_social_nonsocial_movie,mixed,2109,1,0.40207034229766525,0.3960870552725114,0.39907869878508834,1,0,0.5428315937519074,0.6254444241523742,0.02198693891584055,0.27771425702369995,3.2292797528042456,0.541759192943573,0.6651541590690613,0.0008536212830656655,6.113644507023386e-05,0.001106634913993586,0.13008912397701422
1781867514.6526148,73.30868768692017,playing_with_blocks,mixed_social_nonsocial_movie,mixed,2110,1,0.3937400585073786,0.39829445103650984,0.3960172547719442,1,0,0.5433014392852783,0.6246314465999603,0.015526465572058168,0.278380910130007,1.4873044323571742,0.5426318347454071,0.6662581562995911,0.0014072361562032548,0.0005536148731375894,0.0008901388980058204,0.129435207810019
1781867514.688231,73.34430384635925,playing_with_blocks,mixed_social_nonsocial_movie,mixed,2111,1,0.4245683926822072,0.4065709678157828,0.415569680248995,1,0,0.5425264775753021,0.6251197993755341,0.015464864000649517,0.2784327468718305,1.8778063042628685,0.542379841208458,0.6673471331596375,0.0011177528100526674,0.00028948334615058746,0.0011761484672792781,0.1291376522551632
1781867514.7234519,73.37952470779419,playing_with_blocks,mixed_social_nonsocial_movie,mixed,2112,1,0.4365300973174919,0.41614512456116876,0.4263376109393303,1,0,0.5425302058458328,0.6260246276855469,0.014622427303411088,0.2792485215912913,1.401695248751567,0.5421862602233887,0.667500913143158,0.0002472283986761199,0.0008705244113765475,0.000946243247730341,0.12863906310550688
1781867514.758952,73.41502475738525,playing_with_blocks,mixed_social_nonsocial_movie,mixed,2113,1,0.41589006642271176,0.4003007391474676,0.4080954027850897,1,0,0.5427388459444046,0.6255103826522828,0.018636491005457688,0.28207598064977635,2.0312196446856237,0.5424171537160873,0.6670743525028229,0.0004850420444184881,0.00023781364574236818,0.0007631924969533551,0.1290627134835778
1781867514.790694,73.44676685333252,playing_with_blocks,mixed_social_nonsocial_movie,mixed,2114,1,0.4132262508729034,0.41351709670470566,0.4133716737888045,1,0,0.5424916684627533,0.6255011081695556,0.016653600245511286,0.27968745782221455,1.8996944756592045,0.5424811094999313,0.6672936677932739,0.00022845029856125826,0.00025659174585722984,0.0003998410609170268,0.1285335914533622
1781867514.826609,73.48268175125122,playing_with_blocks,mixed_social_nonsocial_movie,mixed,2115,1,0.43094359259360737,0.40748316837319615,0.41921338048340173,1,0,0.5428031712770462,0.6257639765739441,0.018578927594639635,0.2829755590391466,1.6341202072886514,0.5421621352434158,0.6664326786994934,0.0009181757979431906,0.0006897254993819324,0.0004885963708675104,0.12927226302291703
1781867514.8591712,73.5152440071106,playing_with_blocks,mixed_social_nonsocial_movie,mixed,2116,1,0.4131604436308571,0.39778576465827736,0.4054731041445672,1,0,0.542947056889534,0.6255651652812958,0.01903440834421583,0.2835716896259716,2.5328129388501406,0.5424568355083466,0.6667754054069519,0.0004520064625152843,0.0004661693354279063,0.0012457487580116626,0.13053786167969308
1781867514.895197,73.55126976966858,playing_with_blocks,mixed_social_nonsocial_movie,mixed,2117,1,0.42096567922473754,0.41621324783937963,0.4185894635320586,1,0,0.5429185688495636,0.6261304438114166,0.013342004420307932,0.27983844481529924,1.312039161453491,0.5425603538751602,0.6677074134349823,0.0009377393116324355,0.0004857328491171512,0.0007107463819967057,0.12907518272596877
1781867514.9287522,73.58482503890991,playing_with_blocks,mixed_social_nonsocial_movie,mixed,2118,1,0.4258583737335485,0.4193891755987088,0.42262377466612866,1,0,0.5430478304624557,0.6257088840007782,0.017494261470190398,0.28290044138216713,1.5925720133961745,0.5425002127885818,0.6678637862205505,0.00016753924424204862,0.0007702000673903869,0.0009734667223395051,0.1278868159774246
1781867514.9671118,73.62318468093872,playing_with_blocks,mixed_social_nonsocial_movie,mixed,2119,1,0.38832654778055026,0.4404515048610851,0.41438902632081764,1,0,0.5426004111766816,0.6252483427524567,0.014875658339761266,0.28323609512665526,2.2674297013972997,0.5426322519779205,0.6677363216876984,0.00018352535153607393,1.5986107294025314e-05,0.0006738249233411552,0.12697287742475957
1781867514.997733,73.65380597114563,playing_with_blocks,mixed_social_nonsocial_movie,mixed,2120,1,0.41954959239775175,0.4250303699037554,0.42228998115075356,1,0,0.5423759579658508,0.6264618158340454,0.017114207509021095,0.28268585804722646,2.213802430536019,0.542637825012207,0.6669118106365204,0.0008245298855867953,0.0006410045340507213,0.0013954746223385135,0.12791952643168197
1781867515.032486,73.68855881690979,playing_with_blocks,mixed_social_nonsocial_movie,mixed,2121,1,0.4272407316922248,0.4256519958452107,0.42644636376871775,1,0,0.5422430217266083,0.6265782415866852,0.012029501467635003,0.2781268282127179,2.3756374430321867,0.5428196936845779,0.6683095097541809,0.001409481832979397,0.0005849519473926018,0.001041608415118173,0.1282243110434999
1781867515.0683782,73.72445106506348,playing_with_blocks,mixed_social_nonsocial_movie,mixed,2122,1,0.40305333249061515,0.4192904515897288,0.41117189204017196,1,0,0.5415012627840042,0.6280727863311768,0.009605918627444096,0.2769240301310138,2.4051628751568046,0.5429730415344238,0.6692216396331787,0.0009249305266953311,0.0004845513062840659,0.000725667360944489,0.13026661413389784
1781867515.1009102,73.7569830417633,playing_with_blocks,mixed_social_nonsocial_movie,mixed,2123,1,0.2360001759090231,0.21105028305848375,0.22352522948375342,1,0,0.5397509932518005,0.6321977615356444,0.010994409397529627,0.27771904685847515,1.748954996371863,0.5429370254278183,0.6703353822231293,0.001114324780575576,0.0001893942538802449,0.0008544488685612276,0.15161682856643238
1781867515.135733,73.79180574417114,playing_with_blocks,mixed_social_nonsocial_movie,mixed,2124,1,0.2602361332878575,0.27105048558411055,0.265643309435984,1,0,0.5399744778871536,0.6323931753635406,0.014661510550411433,0.2752281054913783,2.0338740277055094,0.5423882901668549,0.6709780395030975,0.000845055481090336,0.00026926929948524003,0.0007481188141198629,0.14674489696692852
1781867515.172251,73.82832384109497,playing_with_blocks,mixed_social_nonsocial_movie,mixed,2125,1,0.2518955693664957,0.3363024223201975,0.29409899584334664,1,0,0.5395074754953384,0.6306143462657929,0.013522546679279069,0.279310614268002,3.2666530817878283,0.5425167977809906,0.6692903935909271,0.0016925315157350414,0.0008474760346447054,0.0008514079881353073,0.14318258754015253
1781867515.205833,73.86190581321716,playing_with_blocks,mixed_social_nonsocial_movie,mixed,2126,1,0.40014681378419914,0.3766141503703934,0.38838048207729625,1,0,0.5399735420942307,0.6289770364761352,0.012442256913354691,0.27824501411205965,2.366355533028549,0.5427497029304504,0.6703201532363892,0.0010557697362905457,0.0006367617794444957,0.0007592191802536962,0.13375354500831682
1781867515.2385018,73.8945746421814,playing_with_blocks,mixed_social_nonsocial_movie,mixed,2127,1,0.40303151372632134,0.40161292843567,0.4023222210809957,1,0,0.5404012084007264,0.6281858444213867,0.011198999631997272,0.27651340224320015,3.1755668581516208,0.5421953350305557,0.6694514453411102,0.001030522768187887,2.524696810265862e-05,0.00042928252943128577,0.13149843147064955
1781867515.274221,73.93029379844666,playing_with_blocks,mixed_social_nonsocial_movie,mixed,2128,1,0.3963558837214735,0.3871414929074146,0.3917486883144441,1,0,0.5402970463037491,0.6278497993946075,0.008390598138958285,0.2759650187951191,2.7553206963558465,0.542081668972969,0.6686723232269287,0.0007873698250847409,0.0002431529431031462,0.000980313625575952,0.13244979354699388
1781867515.307837,73.96390986442566,playing_with_blocks,mixed_social_nonsocial_movie,mixed,2129,1,0.3898632859329352,0.4133358531523394,0.4015995695426373,1,0,0.5404850721359253,0.6271273493766785,0.01125240839642423,0.27717103152170014,3.128577449144772,0.5417090207338333,0.6686107814311981,0.0003776957806922326,0.0004096740443925083,0.0007662039633510918,0.13109014872552308
1781867515.3442838,74.00035667419434,playing_with_blocks,mixed_social_nonsocial_movie,mixed,2130,1,0.396175785155187,0.4115728562906802,0.4038743207229336,1,0,0.5407611340284347,0.6267567157745362,0.012291135404958404,0.27604403363537433,3.637004639167187,0.5417058169841766,0.6689110994338989,0.00030033509078704703,7.736068990518556e-05,0.0009001422973746337,0.1304049129889636
1781867515.3779159,74.03398871421814,playing_with_blocks,mixed_social_nonsocial_movie,mixed,2131,1,0.37300504573049553,0.42114371417478325,0.3970743799526394,1,0,0.5402269989252091,0.6265131294727325,0.008088136096577965,0.2770899319178719,3.201875223114492,0.5418698936700821,0.6684195101261139,0.0005182482092456151,0.00021791311845856807,0.0005222842093439097,0.1300479965450658
1781867515.413037,74.06910991668701,playing_with_blocks,mixed_social_nonsocial_movie,mixed,2132,1,0.4117600004389474,0.3999830175701171,0.4058715090045323,1,0,0.5408380717039108,0.6268991887569428,0.005445402048516563,0.278370774089615,3.153487130788866,0.5423375368118286,0.6683844029903412,0.000468959080309487,4.92891289361281e-05,0.0009762474109809996,0.13000410706748314
1781867515.444948,74.10102081298828,playing_with_blocks,mixed_social_nonsocial_movie,mixed,2133,1,0.3983053336649434,0.4084517961981244,0.4033785649315339,1,0,0.5410918682813645,0.6260467648506165,0.006013944768155316,0.2796941143983018,2.403968911891827,0.54229936003685,0.668335497379303,6.204212229437377e-05,0.0004069169580151132,0.0020137387780435746,0.12916671472175525
1781867515.480879,74.13695192337036,playing_with_blocks,mixed_social_nonsocial_movie,mixed,2134,1,0.41616115239877083,0.38129709328582784,0.39872912284229933,1,0,0.5448272377252579,0.6279213786125183,0.012465646022973427,0.27731487440472147,2.082210181450518,0.5421367138624191,0.669433206319809,0.0011096930639252253,0.0010476509416308514,0.0010049794015555393,0.13255115833923975
1781867515.5141308,74.1702036857605,playing_with_blocks,mixed_social_nonsocial_movie,mixed,2135,1,0.44854820541364376,0.40465762102732405,0.42660291322048394,1,0,0.5463256239891052,0.6269971072673798,0.005513394594660017,0.28289502649811793,1.3419807024935615,0.5433313399553299,0.6660329699516296,0.0036039892981739757,0.0024942962342487506,0.001140788713581047,0.1297298507721781
1781867515.55115,74.2072229385376,playing_with_blocks,mixed_social_nonsocial_movie,mixed,2136,1,0.42610581062294456,0.39968166605513283,0.4128937383390387,1,0,0.5466449081897735,0.6275217473506928,0.009022222722268504,0.2801707699897999,2.0992038009010585,0.5433050692081451,0.6675410866737366,0.0015083455173322217,0.002095643780841754,0.0006923997483852538,0.13006715996896023
1781867515.5830688,74.23914170265198,playing_with_blocks,mixed_social_nonsocial_movie,mixed,2137,1,0.46268817561672726,0.3936024945612264,0.42814533508897684,1,0,0.5466726273298264,0.6276131868362427,0.00708954910036001,0.2780993336100173,2.1762154980839257,0.5435252487659454,0.6679608225822449,0.00047398024279965634,0.0010343652745325653,0.0014309296789143673,0.13064502671068182
1781867515.619364,74.27543687820435,playing_with_blocks,mixed_social_nonsocial_movie,mixed,2138,1,0.4479132826611301,0.3996390331706364,0.4237761579158833,1,0,0.546999391913414,0.6271632134914398,0.011596485010040755,0.2777380226338732,2.577217781307676,0.5433673858642578,0.66799196600914,0.00016090558961083005,0.00031307465318882626,0.000943370742293634,0.13106699647342768
1781867515.651815,74.30788779258728,playing_with_blocks,mixed_social_nonsocial_movie,mixed,2139,1,0.45915495258232314,0.4017523679069491,0.43045366024463616,1,0,0.5471706539392471,0.627080112695694,0.008099054305837622,0.2777672109009715,2.4570000067856927,0.5437650680541992,0.6677339971065521,0.0004740243442050137,0.0003131187545941836,0.0008840266794511517,0.13077080195523352
1781867515.686398,74.34247088432312,playing_with_blocks,mixed_social_nonsocial_movie,mixed,2140,1,0.4621329047078462,0.41310078239208764,0.4376168435499669,1,0,0.546850112080574,0.6276117861270905,0.0040677264308592136,0.27807329522821883,2.70646485667783,0.5439334362745285,0.6675766706466675,0.00023043322806549603,0.00024359111613951766,0.0006042516767389924,0.13129374873018912
1781867515.720942,74.37701487541199,playing_with_blocks,mixed_social_nonsocial_movie,mixed,2141,1,0.43642083602917214,0.43694880318872054,0.43668481960894634,1,0,0.5468019098043442,0.6271712362766266,0.0036480428932575176,0.28189430225594675,2.7485090220257504,0.5439013242721558,0.6663429141044617,0.0012341743742810515,0.0010037411462155553,0.0008792153497369003,0.13055424992357248
1781867515.755575,74.41164779663086,playing_with_blocks,mixed_social_nonsocial_movie,mixed,2142,1,0.4147281313458071,0.3944108747454654,0.4045695030456362,1,0,0.547061836719513,0.6280189514160157,0.00717188181868832,0.2799922126085301,2.500350621067639,0.5439891964197159,0.6680135726928711,0.0016729679116298064,0.00043879353734875494,0.000944096925878505,0.13359733480587982
1781867515.789928,74.44600081443787,playing_with_blocks,mixed_social_nonsocial_movie,mixed,2143,1,0.4295158701995274,0.4329927989595514,0.43125433457953943,1,0,0.5471060097217559,0.6278911530971527,0.008877905962226129,0.2772696839613811,2.5511551105340393,0.5433722138404846,0.6689789891242981,0.001145729631782345,0.0005272382798474614,0.0010462354219848932,0.13086706132956086
1781867515.824426,74.48049879074097,playing_with_blocks,mixed_social_nonsocial_movie,mixed,2144,1,0.4619421196183761,0.42957820365480703,0.4457601616365916,1,0,0.5470733791589737,0.6274847865104676,0.0110404218691648,0.2787326621559323,2.5255760753855534,0.5434257984161377,0.6673769652843475,0.0016029197392626565,0.00045719010748031144,0.00589370088638975,0.12982996393795898
1781867515.858868,74.51494073867798,playing_with_blocks,mixed_social_nonsocial_movie,mixed,2145,1,0.43857837214550505,0.4036525048944644,0.42111543851998473,1,0,0.5467929482460022,0.6276411056518555,0.010119262017023688,0.2788249746279185,2.5760255954912243,0.5434132367372513,0.6689207851886749,0.0015438710091111513,5.904873015150514e-05,0.0010846795139311837,0.13119704911464594
1781867515.8925161,74.54858899116516,playing_with_blocks,mixed_social_nonsocial_movie,mixed,2146,1,0.44556769742931374,0.4009641248106909,0.42326591112000234,1,0,0.546777331829071,0.6278437614440918,0.006755880002747014,0.27979577447163423,2.3170726356916793,0.5436055362224579,0.6683462262153625,0.0006058853900074656,0.0009379856191036858,0.0009424278000424536,0.1314956092090289
1781867515.927992,74.58406496047974,playing_with_blocks,mixed_social_nonsocial_movie,mixed,2147,1,0.45112563860081606,0.4220407324063542,0.4365831855035851,1,0,0.5469161391258239,0.6277540326118469,0.011597470018506075,0.2765798881641144,2.083398433722929,0.5431251227855682,0.6687054336071014,0.0005998558331999296,6.029556807536011e-06,0.004863703480825,0.13129058147503347
1781867515.962365,74.61843776702881,playing_with_blocks,mixed_social_nonsocial_movie,mixed,2148,1,0.44896144966568297,0.4005442108841801,0.4247528302749315,1,0,0.5469983339309692,0.6285839200019836,0.007634916897330779,0.27394116307840044,2.390126131513242,0.5434757173061371,0.6701995730400085,0.0015347212003555774,0.0009348653671556478,0.0008689821791373267,0.13382282180934402
1781867515.997709,74.65378189086914,playing_with_blocks,mixed_social_nonsocial_movie,mixed,2149,1,0.40286695468310846,0.3678204087900056,0.38534368173655703,1,0,0.5470584958791733,0.6296187043190002,0.00880372230925838,0.27357959282784355,2.4748859926107465,0.5430060625076294,0.6700437366962433,0.0004948339072854882,0.0010398872930700892,0.0009077435524934573,0.13690352509182468
1781867516.032029,74.68810176849365,playing_with_blocks,mixed_social_nonsocial_movie,mixed,2150,1,0.19715462071019949,0.3115642436097017,0.2543594321599506,1,0,0.5469447404146195,0.6320765912532806,0.01501276247490784,0.2780828045494549,2.6751204035021625,0.5428107231855392,0.6695966124534607,0.0004879319002059057,6.902007079582562e-06,0.0009746286147501312,0.1485252024424514
1781867516.065664,74.72173690795898,playing_with_blocks,mixed_social_nonsocial_movie,mixed,2151,1,0.14491357964349358,0.19256373564060136,0.16873865764204748,0,1,0.5445268243551254,0.6323214173316956,0.012926039790448917,0.27894458007669065,2.6862742430585214,0.5427382588386536,0.6704425513744354,0.0008490369483064098,0.0003611050481005041,0.0011938684387500737,0.15677620760171512
1781867516.1004212,74.75649404525757,playing_with_blocks,mixed_social_nonsocial_movie,mixed,2152,1,0.24145159603795616,0.2856345575926823,0.26354307681531924,1,0,0.5418027430772782,0.6300989091396332,0.013196802086720095,0.28108511848032675,2.2525136150873424,0.5436077862977982,0.6691746413707733,0.0015374243980088584,0.0006883874497024486,0.0019588109484458653,0.14523228243353814
1781867516.134767,74.7908399105072,playing_with_blocks,mixed_social_nonsocial_movie,mixed,2153,1,0.33232088631655265,0.32790492424051115,0.3301129052785319,1,0,0.5426013827323913,0.6289170265197754,0.014642237859899295,0.2809456661225466,2.4614002662318395,0.5438419729471207,0.6695068776607513,0.0004064779687747763,0.0011309464292340822,0.0008447281249872169,0.13860522413417703
1781867516.170891,74.82696390151978,playing_with_blocks,mixed_social_nonsocial_movie,mixed,2154,1,0.3283986079206753,0.36246030766062,0.34542945779064765,1,0,0.5437955915927887,0.6275804162025451,0.013715597627284028,0.28103786721859275,3.040966854830956,0.5443851947784424,0.6689044535160065,0.0008111749553555699,0.00040469698658079364,0.0007739915632292778,0.13568497941018168
1781867516.202831,74.8589038848877,playing_with_blocks,mixed_social_nonsocial_movie,mixed,2155,1,0.39862809836552837,0.3965536410079701,0.3975908696867492,1,0,0.5431801944971084,0.6270480930805207,0.012711941574238638,0.2814736813054825,2.8250569024398913,0.5443741828203201,0.6681982576847076,0.0007062816827339706,0.00010489327262159934,0.0009036952494955995,0.12983238551493906
1781867516.237922,74.89399480819702,playing_with_blocks,mixed_social_nonsocial_movie,mixed,2156,1,0.39549714057253693,0.3896467132406691,0.39257192690660303,1,0,0.5438760429620743,0.6268656313419342,0.013327161453423947,0.27933392099716287,2.8834312596196674,0.5450237691402435,0.6674193441867828,0.0010142330226733311,0.0003079513399393605,0.000855359031266755,0.12897974126602446
1781867516.272802,74.92887496948242,playing_with_blocks,mixed_social_nonsocial_movie,mixed,2157,1,0.4118631958097707,0.3886927525639703,0.4002779741868705,1,0,0.5438739001750946,0.6263859748840332,0.013231773415004608,0.28005657495765035,3.144978554093708,0.5450316965579987,0.6672403216362,0.00017919798427846833,0.0008350350383948628,0.0009754336315931727,0.13056474033479618
1781867516.306727,74.96279978752136,playing_with_blocks,mixed_social_nonsocial_movie,mixed,2158,1,0.42296495342469137,0.3885048264573489,0.40573488994102014,1,0,0.5440161347389221,0.6263095438480377,0.015603081236701141,0.2780011368758625,3.7501211204366904,0.5449804365634918,0.6678357720375061,0.0005976527147537261,0.00041845473047525777,0.0010455559257711675,0.12988296432376314
1781867516.341887,74.99795985221863,playing_with_blocks,mixed_social_nonsocial_movie,mixed,2159,1,0.3999143781332044,0.4025397975555016,0.401227087844353,1,0,0.5441200464963913,0.6269070506095886,0.014679034309478905,0.2765914224318461,3.5020490996530023,0.5449761599302292,0.6673703193664551,0.0004654723177382272,0.0001321803970154989,0.0005346334720648479,0.1320867741276639
1781867516.377352,75.03342485427856,playing_with_blocks,mixed_social_nonsocial_movie,mixed,2160,1,0.4030872837939904,0.40876444874807366,0.405925866271032,1,0,0.544178768992424,0.6266509234905242,0.016774700317820357,0.2759340993157063,3.668229973871672,0.5446943044662476,0.6685700416564941,0.001232386333822666,0.0007669140160844387,0.00038782663930709784,0.1301161632844632
1781867516.41016,75.066232919693,playing_with_blocks,mixed_social_nonsocial_movie,mixed,2161,1,0.38767426948834305,0.40517612652426954,0.39642519800630627,1,0,0.544251662492752,0.6267213523387909,0.017355601686481502,0.27575253694156526,3.4894104143332463,0.5445345938205719,0.667451411485672,0.0011299738711207945,0.00010241246270187147,0.0006240404935180887,0.13004808907918702
1781867516.4449081,75.10098099708557,playing_with_blocks,mixed_social_nonsocial_movie,mixed,2162,1,0.4056512922532255,0.41498928865297907,0.41032029045310225,1,0,0.544718724489212,0.6273637235164642,0.014639228266624229,0.2762479752660766,3.23736006983432,0.5448524653911591,0.6693278253078461,0.0019031476998471394,0.000773173828726345,0.0010812991743013407,0.1277468821900094
1781867516.478903,75.13497591018677,playing_with_blocks,mixed_social_nonsocial_movie,mixed,2163,1,0.41358045846845587,0.4202708770784324,0.41692566777344414,1,0,0.5446144610643386,0.6274740397930145,0.013136046174460812,0.2787185169346847,2.8372806189025286,0.5450615286827087,0.668391615152359,0.0009592689482677387,0.0009438787515794007,0.0011200012956130133,0.12827053024254453
1781867516.514436,75.17050886154175,playing_with_blocks,mixed_social_nonsocial_movie,mixed,2164,1,0.37949369556835394,0.4300671174412021,0.404780406504778,1,0,0.5447153478860856,0.6270615518093109,0.01653630476101,0.2797296202706034,2.665944906095969,0.544927790760994,0.6696964502334595,0.001311670850699612,0.00035240190243187317,0.0004754524730246269,0.12802303525474587
1781867516.550499,75.20657181739807,playing_with_blocks,mixed_social_nonsocial_movie,mixed,2165,1,0.3949878837936849,0.3975192651173046,0.39625357445549475,1,0,0.5448454737663269,0.6277677953243256,0.015045980032509714,0.2798063827239416,2.8998763382021755,0.545117124915123,0.6686854958534241,0.0010285310789823103,0.00028313977171730157,0.000488352624769055,0.12860247453899853
1781867516.581675,75.23774790763855,playing_with_blocks,mixed_social_nonsocial_movie,mixed,2166,1,0.3633878165311936,0.4128967162310471,0.38814226638112037,1,0,0.5456382840871811,0.6275115251541138,0.02044479973848933,0.2787042743435359,3.2189982528090213,0.5448461472988129,0.668963223695755,0.0003880227093185524,0.000640508369663758,0.0007574376702639313,0.12893459385000727
1781867516.617373,75.27344584465027,playing_with_blocks,mixed_social_nonsocial_movie,mixed,2167,1,0.3939400045145301,0.4191753133782956,0.4065576589464128,1,0,0.5459544003009795,0.6270607233047485,0.019758624430053107,0.27785479622370607,2.9024705841869096,0.5447855442762375,0.6694981157779694,0.0005383142817730927,0.00015029157245454036,0.0006941036549968674,0.12808235001224194
1781867516.650801,75.30687379837036,playing_with_blocks,mixed_social_nonsocial_movie,mixed,2168,1,0.4052429653181372,0.4134442963162717,0.4093436308172045,1,0,0.5458532661199569,0.6280356287956238,0.01534988386697862,0.27616930574225074,2.872341223751995,0.5452193021774292,0.6697973906993866,0.0005269832971124715,1.1330984660621202e-05,0.0009152314551654531,0.1290115477462048
1781867516.686125,75.34219789505005,playing_with_blocks,mixed_social_nonsocial_movie,mixed,2169,1,0.40184387185469495,0.4132607662040023,0.40755231902934863,1,0,0.5455471038818359,0.6274144172668457,0.015004031757088074,0.2800690974228228,3.622872323080049,0.5452293157577515,0.668573260307312,0.0012241713477252878,0.0006971880506128163,0.0014627033527829982,0.12878787953801174
1781867516.7195861,75.37565898895264,playing_with_blocks,mixed_social_nonsocial_movie,mixed,2170,1,0.38753080191864364,0.4161744912265339,0.4018526465725888,1,0,0.5458533674478531,0.6272531509399415,0.013995309604608097,0.27688776012128424,3.457080272381913,0.5455575883388519,0.6688353419303894,0.0004200591204309711,0.0008041122272943167,0.0008880846863709356,0.12876229205423417
1781867516.754487,75.41055989265442,playing_with_blocks,mixed_social_nonsocial_movie,mixed,2171,1,0.3725155358453985,0.39043976477572473,0.3814776503105616,1,0,0.5472406446933746,0.628070205450058,0.012060203184383493,0.27726556980361317,3.954112544345822,0.5457668751478195,0.6694547832012177,0.0006538413082798841,0.000233782187848913,0.0009714939915837963,0.13083518841542296
1781867516.788884,75.44495677947998,playing_with_blocks,mixed_social_nonsocial_movie,mixed,2172,1,0.3814853285818144,0.3555534501885955,0.36851938938520495,1,0,0.5487593382596969,0.6284429371356963,0.012285318096794517,0.2786145595760828,3.7156295658367795,0.5458196848630905,0.6689002513885498,0.000557040750114111,9.680055816577312e-05,0.0006510119155978504,0.1342260444762657
1781867516.8244212,75.48049402236938,playing_with_blocks,mixed_social_nonsocial_movie,mixed,2173,1,0.3774801934581709,0.3718207423371726,0.37465046789767176,1,0,0.5484905540943146,0.6292751431465149,0.004888643920427549,0.2743448991865313,3.6842231855165064,0.5459709465503693,0.668962687253952,0.00016364087303280303,0.000393399877081308,0.00045144992780589665,0.13315776429293746
1781867516.857075,75.51314783096313,playing_with_blocks,mixed_social_nonsocial_movie,mixed,2174,1,0.4006675783766915,0.4052136046437516,0.40294059151022155,1,0,0.5494666635990143,0.6298171043395996,0.005891788164624411,0.2826726691721211,3.311485859245585,0.546439915895462,0.6676395833492279,0.0014037578813075142,0.0012401170082747112,0.0005298721239273298,0.13321147102870354
1781867516.8919969,75.54806971549988,playing_with_blocks,mixed_social_nonsocial_movie,mixed,2175,1,0.42478001208460453,0.4102529882936313,0.4175165001891179,1,0,0.5492246627807618,0.6294176161289216,0.011762578162247699,0.27690067150085323,3.2048900938324496,0.5456409454345703,0.6708525121212006,0.0033107801333140886,0.0019070222520065744,0.0013135305087126046,0.1323218586759122
1781867516.926274,75.58234691619873,playing_with_blocks,mixed_social_nonsocial_movie,mixed,2176,1,0.4334724147921396,0.415899750495895,0.4246860826440173,1,0,0.5494787395000458,0.629979419708252,0.013078896150736466,0.27853553888852456,2.47734437950691,0.5455146878957748,0.6695494055747986,0.0013092087829595321,0.0020015713503545567,0.001207001008821856,0.1308883709540234
1781867516.962357,75.6184298992157,playing_with_blocks,mixed_social_nonsocial_movie,mixed,2177,1,0.4405730289311074,0.4074118687041327,0.42399244881762005,1,0,0.5497907221317291,0.629871928691864,0.012299285697598545,0.27790580876561627,2.0977405521171573,0.5458911806344986,0.6711097061634064,0.0016050809042292926,0.0002958721212697605,0.0010445915589241874,0.12995069022606437
1781867516.994965,75.65103793144226,playing_with_blocks,mixed_social_nonsocial_movie,mixed,2178,1,0.4428044454200766,0.4102906869286442,0.4265475661743604,1,0,0.5503452569246292,0.6303143262863159,0.007256980291817924,0.2777266370412362,2.5030082731266337,0.5465259552001953,0.6698705554008484,0.0013922763237243843,0.00021280458050490828,0.0010109735149035064,0.1315264333827064
1781867517.029737,75.68580985069275,playing_with_blocks,mixed_social_nonsocial_movie,mixed,2179,1,0.4274611389348446,0.4123247044270346,0.4198929216809396,1,0,0.5501275300979613,0.629791134595871,0.005448405484821045,0.2712585784504076,3.4955062489495883,0.5469067841768265,0.6704393029212952,0.0006844738500894665,0.0007078024736349178,0.0006241494270602857,0.13106793517170373
1781867517.064256,75.72032880783081,playing_with_blocks,mixed_social_nonsocial_movie,mixed,2180,1,0.43453731886705327,0.4195275965981651,0.42703245773260917,1,0,0.550150778889656,0.630383414030075,0.00790547559832886,0.2764684059289259,3.850401117376948,0.5466835647821426,0.6694502830505371,0.0010138970376311898,0.0003294231875417233,0.0009136133264258258,0.13237090224232323
1781867517.0980039,75.75407671928406,playing_with_blocks,mixed_social_nonsocial_movie,mixed,2181,1,0.44443555122440914,0.40933484738888853,0.4268851993066488,1,0,0.5504747658967972,0.6297174572944642,0.016302553803289554,0.2779052911339573,3.389971803368142,0.5464271754026413,0.6696506142616272,0.00032537379743597197,0.0006885232401952178,0.0005810930425144606,0.1306959766802588
1781867517.1347342,75.79080700874329,playing_with_blocks,mixed_social_nonsocial_movie,mixed,2182,1,0.4457515309759073,0.39391423275422527,0.4198328818650663,1,0,0.55084188580513,0.6297639906406403,0.011731905459856733,0.27673134088751056,3.1893905284306165,0.5466848611831665,0.6694113612174988,0.0003516304602983082,2.6256662862336256e-05,0.0012476118560711441,0.13188972811014463
1781867517.167516,75.82358884811401,playing_with_blocks,mixed_social_nonsocial_movie,mixed,2183,1,0.4547864917522795,0.39791870917769934,0.4263526004649894,1,0,0.5504370152950286,0.629595673084259,0.012168534469261175,0.2759091721083311,2.0994502152253203,0.5466407835483551,0.6696954369544983,0.00028747497672385855,6.415548357444967e-05,0.0010080082783934475,0.13102371906463456
1781867517.202399,75.85847187042236,playing_with_blocks,mixed_social_nonsocial_movie,mixed,2184,1,0.4246501722952516,0.39552060467432304,0.4100853884847873,1,0,0.5510568082332611,0.6291077017784119,0.01564884183683278,0.2753562577256903,2.362083711064503,0.5465842336416245,0.671342670917511,0.0016482043625878906,0.001360729385864032,0.0011670722895358733,0.13072944180329366
1781867517.2361221,75.89219498634338,playing_with_blocks,mixed_social_nonsocial_movie,mixed,2185,1,0.4247582166002923,0.3977139437273359,0.4112360801638141,1,0,0.5493098735809326,0.627858579158783,0.021150604204653606,0.2810030623371709,2.6337041638911667,0.5463359653949738,0.6686411201953888,0.002712934467784644,0.0010647301051967535,0.0012805429601581242,0.12966722026657831
1781867517.27248,75.92855286598206,playing_with_blocks,mixed_social_nonsocial_movie,mixed,2186,1,0.3787517337665648,0.3945386478939935,0.38664519083027915,1,0,0.548350664973259,0.6263310074806213,0.013137648463432485,0.2791907954167725,2.6682243248478668,0.54670849442482,0.6679627001285553,0.0007739713593929105,0.0019389631083917337,0.001273613195790534,0.1283372459844036
1781867517.3061829,75.96225571632385,playing_with_blocks,mixed_social_nonsocial_movie,mixed,2187,1,0.37618281342283083,0.42196463749755975,0.39907372546019526,1,0,0.5483821630477905,0.625290471315384,0.017651417734195506,0.27999737473726855,3.8217556457385107,0.5466246753931046,0.6676391959190369,0.00033418648035767696,0.0004397848790352336,0.0009368093341118865,0.12622913957682677
1781867517.3418791,75.99795198440552,playing_with_blocks,mixed_social_nonsocial_movie,mixed,2188,1,0.39856093942970944,0.41173567419933654,0.40514830681452296,1,0,0.5482595086097717,0.6244526326656341,0.019667388126617263,0.28412159123022346,4.062121175060902,0.5463387072086334,0.6671678721904755,0.000551292898226284,0.00021710641786860707,0.0013242313643180993,0.12636475247553958
1781867517.3760152,76.03208804130554,playing_with_blocks,mixed_social_nonsocial_movie,mixed,2189,1,0.3911169915718982,0.39940341134192703,0.39526020145691265,1,0,0.5478108137845994,0.6238881170749664,0.017435339037038557,0.28336932545953913,3.358606442271654,0.5466214120388031,0.6662110090255737,0.0009977520420159651,0.0004464591437896811,0.0029551776380017116,0.12712050600048722
1781867517.409636,76.06570887565613,playing_with_blocks,mixed_social_nonsocial_movie,mixed,2190,1,0.4038490103968693,0.41692016703738605,0.4103845887171277,1,0,0.5475321710109711,0.6243778944015503,0.014888455511018719,0.2802674276850348,3.4077013397661986,0.5464449226856232,0.6668869853019714,0.0006986361127499617,0.0002991159292660034,0.0031633455497822546,0.1257270772909297
1781867517.442771,76.0988438129425,playing_with_blocks,mixed_social_nonsocial_movie,mixed,2191,1,0.43378806323655117,0.4013885965490733,0.41758832989281225,1,0,0.547608244419098,0.6241200387477874,0.014655615610038673,0.28006354595991384,2.874578290711243,0.5462616682052612,0.6671036183834076,0.0002837465357414057,0.000414889577008556,0.0009667004291257812,0.12553139524696047
1781867517.477136,76.13320875167847,playing_with_blocks,mixed_social_nonsocial_movie,mixed,2192,1,0.4181994330226163,0.397166891061819,0.40768316204221766,1,0,0.547765201330185,0.6237405061721801,0.01747764195937693,0.28160211056770124,3.420115013053585,0.5460892021656036,0.6659517586231232,0.0011646997219016,0.0008809531861601943,0.0009481981227330858,0.12635368519116663
1781867517.512356,76.16842889785767,playing_with_blocks,mixed_social_nonsocial_movie,mixed,2193,1,0.4362741440701146,0.40686951242672564,0.4215718282484201,1,0,0.5475543677806854,0.6226399958133697,0.017077971614942424,0.28036408391217715,3.7698936722631577,0.5461183339357376,0.665903240442276,5.659217175420192e-05,0.0011081075501473982,0.001093767255505956,0.124327481785327
1781867517.5460181,76.20209097862244,playing_with_blocks,mixed_social_nonsocial_movie,mixed,2194,1,0.45172149826378366,0.43071466252704876,0.4412180803954162,1,0,0.5475372135639192,0.6218850791454316,0.016565855325256743,0.28406951640912603,3.3681221775142536,0.5460110902786255,0.6639032363891602,0.002002877283926948,0.0019462851121727462,0.0018613916255619362,0.12317038645646673
1781867517.580945,76.23701786994934,playing_with_blocks,mixed_social_nonsocial_movie,mixed,2195,1,0.4517609435694613,0.3962208912556128,0.423990917412537,1,0,0.5475353598594666,0.6212174117565155,0.012878170789939669,0.2813553554598061,3.0106315877136813,0.5458905398845673,0.6652125418186188,0.0013148433766488731,0.0006880339072780749,0.0009162367774680994,0.12373809350359635
1781867517.617253,76.27332592010498,playing_with_blocks,mixed_social_nonsocial_movie,mixed,2196,1,0.4417614330648078,0.3921017024237644,0.4169315677442861,1,0,0.547180849313736,0.6208891630172729,0.014580609428251729,0.28191299696345,2.666511143372395,0.5457492172718048,0.6644802391529083,0.0007458145044745614,0.0005690288721743117,0.0007526702945707081,0.12380017617544575
1781867517.649678,76.3057508468628,playing_with_blocks,mixed_social_nonsocial_movie,mixed,2197,1,0.4326344703671743,0.4061019840470552,0.41936822720711475,1,0,0.547462883591652,0.6207212448120117,0.010670245427759722,0.28184795131581764,3.339922343124343,0.5454439222812653,0.6655645072460175,0.0011264290163978622,0.00038061451192330077,0.0011063971290693208,0.12496931506378688
1781867517.68352,76.33959293365479,playing_with_blocks,mixed_social_nonsocial_movie,mixed,2198,1,0.43288010165888435,0.39668212688742277,0.41478111427315356,1,0,0.5473824471235276,0.6206930339336395,0.012818505217567586,0.2829252177004177,3.0990110008852345,0.5455705225467682,0.6657584309577942,0.0002315902269412029,0.0008948387894566593,0.001393917611692145,0.1260336529461244
1781867517.7197282,76.37580108642578,playing_with_blocks,mixed_social_nonsocial_movie,mixed,2199,1,0.45110186799714347,0.43259619844259967,0.44184903321987157,1,0,0.5460575312376023,0.6223715662956237,0.013997915755760919,0.2756793784213852,3.124748316521693,0.5452754199504852,0.666423112154007,0.0007272459246580761,0.0004956556977168732,0.0012589734416769002,0.12651687378400148
1781867517.752637,76.40870976448059,playing_with_blocks,mixed_social_nonsocial_movie,mixed,2200,1,0.4419642472480936,0.41683050267373056,0.42939737496091207,1,0,0.545100063085556,0.6236023545265198,0.015367667741252276,0.2767426148704184,4.296314686224881,0.5444752722978592,0.6676045060157776,0.0014268593913319841,0.000699613466673908,0.0011135238929898727,0.12610466911696017
1781867517.7876532,76.44372606277466,playing_with_blocks,mixed_social_nonsocial_movie,mixed,2201,1,0.4305857112482215,0.4030583108327696,0.41682201104049554,1,0,0.5454266160726547,0.6239292740821838,0.011129113543765171,0.27773873507032304,3.9694441704707613,0.5450113117694855,0.6657563149929047,0.0019243566125251971,0.000497497221193213,0.0006968537859235425,0.12715156083862791
1781867517.822208,76.47828078269958,playing_with_blocks,mixed_social_nonsocial_movie,mixed,2202,1,0.4304881078262955,0.40470476555025264,0.41759643668827406,1,0,0.545518335700035,0.6243883192539215,0.006170555721052625,0.27407638153394825,3.4016440140276005,0.5455687493085861,0.6675658524036407,0.0018934524686012155,3.0904143923981674e-05,0.0003536103478964053,0.12861013291484447
1781867517.855551,76.51162385940552,playing_with_blocks,mixed_social_nonsocial_movie,mixed,2203,1,0.42123159033467567,0.422192067234744,0.4217118287847098,1,0,0.5455177962779999,0.6241029024124145,0.00883948680727322,0.28112873391028637,3.9929691536935548,0.5457926094532013,0.6665133535861969,0.0010760423435292052,0.0008174101250720102,0.00044230885475655686,0.12802568531878405
1781867517.891213,76.54728579521179,playing_with_blocks,mixed_social_nonsocial_movie,mixed,2204,1,0.4403044967926432,0.4462053850402013,0.44325494091642226,1,0,0.5450936108827591,0.6245710790157318,0.009560635204513687,0.2796213709194235,4.074808617845034,0.5456317067146301,0.6672569513320923,0.0007608070050810521,0.00031523533844815316,0.0008551994262389445,0.12631836591034606
1781867517.926498,76.5825707912445,playing_with_blocks,mixed_social_nonsocial_movie,mixed,2205,1,0.4383610747066055,0.4429900771196734,0.44067557591313944,1,0,0.545347386598587,0.6246591329574585,0.01034474098978458,0.28018732402720564,3.3581837829392605,0.5458034574985504,0.6669837534427643,0.00032270019911755435,0.0004381068059634977,0.0009569604755348843,0.12650940613632863
1781867517.960612,76.61668491363525,playing_with_blocks,mixed_social_nonsocial_movie,mixed,2206,1,0.4157020546514885,0.418946562551336,0.41732430860141223,1,0,0.5451111733913422,0.6256616234779357,0.004881206936933565,0.28019503914711996,3.826424215372301,0.5459776669740677,0.6678206324577332,0.0008548189440198859,0.0005321187449023316,0.0007231278323748017,0.13030490191248853
1781867517.993197,76.64926981925964,playing_with_blocks,mixed_social_nonsocial_movie,mixed,2207,1,0.23154080703741445,0.37262962337073385,0.30208521520407416,1,0,0.5449184685945511,0.6291707515716554,0.011235430325680697,0.27971817421368067,4.426185878672817,0.5456385314464569,0.669277012348175,0.0014953445393525154,0.0006405255953326294,0.004205732724951099,0.14239356089305943
1781867518.0287528,76.68482565879822,playing_with_blocks,mixed_social_nonsocial_movie,mixed,2208,1,0.1874404664694444,0.16638102226273782,0.1769107443660911,0,1,0.5447355955839157,0.6334210932254791,0.012642536733046446,0.27456487452321426,2.9848239459736017,0.5453495681285858,0.6715733408927917,0.00231443828690603,0.0008190937475535147,0.0008933119561980972,0.1587692518208482
1781867518.062195,76.71826791763306,playing_with_blocks,mixed_social_nonsocial_movie,mixed,2209,1,0.1283129256528925,0.1624469050845605,0.14537991536872652,0,1,0.5483550280332565,0.6356034815311431,0.015862604433446986,0.2750705875735546,2.307359329943244,0.5447730273008347,0.6726340353488922,0.0012072580731832987,0.0011071802137227313,0.001779330861306706,0.16152731217848165
1781867518.097499,76.75357174873352,playing_with_blocks,mixed_social_nonsocial_movie,mixed,2210,1,0.17563374310054322,0.2538882775803603,0.21476101034045175,1,0,0.5486541569232941,0.6353345692157746,0.01776980433417203,0.27734572391531864,2.697331909215752,0.5453582108020782,0.6725644767284393,0.0005893030899350657,0.000617954983248233,0.0008789152470274999,0.1555000108766426
1781867518.130825,76.78689789772034,playing_with_blocks,mixed_social_nonsocial_movie,mixed,2211,1,0.23290003141980967,0.33760127746360147,0.28525065444170555,1,0,0.5500570714473725,0.6341457843780518,0.016463387045462817,0.2792637549406981,2.3543386683802283,0.5453615784645081,0.6718679070472717,0.0006965778218348446,0.00010727473189977893,0.0018956934891588898,0.14690375383907303
1781867518.1680052,76.82407808303833,playing_with_blocks,mixed_social_nonsocial_movie,mixed,2212,1,0.3292056013602025,0.3298446104884216,0.32952510592431206,1,0,0.5509979486465454,0.6340744614601135,0.017946581066773378,0.2748541576075644,2.6716189777084156,0.5456197261810303,0.673782467842102,0.0019318859388294512,0.0012353081169946066,0.0008357079519801397,0.14277705167764185
1781867518.2005079,76.85658073425293,playing_with_blocks,mixed_social_nonsocial_movie,mixed,2213,1,0.37070922345819485,0.3482217453600967,0.3594654844091458,1,0,0.5512762397527695,0.6340423822402954,0.008672592028442552,0.2764491412336924,3.0387342199199256,0.5466202050447464,0.6725412011146545,0.0015942713211404638,0.0003376146176889874,0.0009505466165494304,0.13878313398589115
1781867518.23509,76.89116287231445,playing_with_blocks,mixed_social_nonsocial_movie,mixed,2214,1,0.4063544077803613,0.38317986281329436,0.39476713529682783,1,0,0.551246491074562,0.6338092684745789,0.014930573260303906,0.27398531084883615,2.5152148745509777,0.5463360548019409,0.6730713844299316,0.0006015278117299566,0.0009927435094105072,0.0008833113225539284,0.13758793253670676
1781867518.2713768,76.92744970321655,playing_with_blocks,mixed_social_nonsocial_movie,mixed,2215,1,0.4283517581388965,0.38758777788283627,0.4079697680108664,1,0,0.5512792348861695,0.6329429149627686,0.009424809638873983,0.27277377493437777,2.6687774054347106,0.5468960553407669,0.6734535992145538,0.0006780034993045292,7.647568757457258e-05,0.003254438989456457,0.13601047669967353
1781867518.303895,76.9599678516388,playing_with_blocks,mixed_social_nonsocial_movie,mixed,2216,1,0.4478872628167342,0.4038683411894031,0.4258778020030687,1,0,0.5514383763074875,0.6322423279285431,0.01369964529506253,0.27496149482969606,2.4252538973014834,0.5466316640377045,0.672799676656723,0.0007053491849963706,2.734568569184143e-05,0.0006985713232709318,0.13528858429172844
1781867518.337823,76.99389576911926,playing_with_blocks,mixed_social_nonsocial_movie,mixed,2217,1,0.42417297964714035,0.38773274823623505,0.4059528639416877,1,0,0.5515373617410659,0.6319021940231323,0.012979727069191808,0.27760573895777263,1.9220837187527253,0.5468064695596695,0.6708956360816956,0.0019120479810560164,0.0012066987960596457,0.0011456840875706616,0.1348352506459533
1781867518.3735812,77.0296540260315,playing_with_blocks,mixed_social_nonsocial_movie,mixed,2218,1,0.43454679795517015,0.3889185760556223,0.4117326870053962,1,0,0.5509910106658935,0.630979984998703,0.01171388238382328,0.2777829278957623,2.749829330305458,0.546801745891571,0.6714637875556946,0.0005681711101838665,0.00134387687087215,0.0009354071011461088,0.1337645189876152
1781867518.407338,77.06341075897217,playing_with_blocks,mixed_social_nonsocial_movie,mixed,2219,1,0.4245732016423787,0.39491150803565295,0.40974235483901583,1,0,0.5509674221277236,0.6323407053947449,0.008168160457968417,0.2768655236843801,2.867972402731084,0.5469892472028732,0.6722062528133392,0.0007657750325972899,0.0001976039224134234,0.0009681979855498791,0.13662550810199353
1781867518.442372,77.09844493865967,playing_with_blocks,mixed_social_nonsocial_movie,mixed,2220,1,0.4156076468999759,0.4322188743425394,0.42391326062125767,1,0,0.5512009620666504,0.6320767164230348,0.013618341417763538,0.2795056764304775,2.9127208625521464,0.5466522723436356,0.671461820602417,0.0008171483172697747,5.137328467248476e-05,0.0014088985443303146,0.13525272181679424
1781867518.476397,77.13246989250183,playing_with_blocks,mixed_social_nonsocial_movie,mixed,2221,1,0.4270732847384553,0.4064669379382439,0.4167701113383496,1,0,0.5512693434953689,0.6322352409362793,0.009971174006807233,0.27860110659403864,2.2002486563908596,0.5466311573982239,0.6713809967041016,8.353647980757409e-05,0.0007336118374622006,0.0008074566966929372,0.13495885228229562
1781867518.50999,77.16606283187866,playing_with_blocks,mixed_social_nonsocial_movie,mixed,2222,1,0.46262777446661857,0.40652438509064176,0.43457607977863016,1,0,0.551048356294632,0.6320322096347808,0.008478208786842604,0.279247591725466,2.353066860488001,0.546632245182991,0.6717308461666107,0.0003498511536262879,0.0002663146738187138,0.000922207147784506,0.1332919042749569
1781867518.545241,77.20131397247314,playing_with_blocks,mixed_social_nonsocial_movie,mixed,2223,1,0.4375510652206353,0.4168620676528783,0.4272065664367568,1,0,0.5505691796541214,0.632219648361206,0.010717389464195872,0.2762426064799586,3.4136075353608404,0.5463341176509857,0.6720077991485596,0.0004069188857130357,5.706773208674783e-05,0.0011360678225524653,0.13449715031071519
1781867518.579419,77.23549175262451,playing_with_blocks,mixed_social_nonsocial_movie,mixed,2224,1,0.43917640519551177,0.4066851344639218,0.4229307698297168,1,0,0.5504536867141724,0.6314231097698212,0.011671880881766067,0.2756383642580965,2.0099429807659193,0.5463302880525589,0.6726206541061401,0.0006128669226309971,0.00020594803691796138,0.002165310614262411,0.13332162539342382
1781867518.612488,77.26856088638306,playing_with_blocks,mixed_social_nonsocial_movie,mixed,2225,1,0.4501022337261682,0.4028650705945255,0.42648365216034684,1,0,0.5505653381347656,0.631243109703064,0.011560209730955198,0.2769580352668995,2.5234739069753864,0.5462212860584259,0.6717976331710815,0.0008302077416344006,0.0002173408190034035,0.001340930499420207,0.13388699117570638
1781867518.6488168,77.30488967895508,playing_with_blocks,mixed_social_nonsocial_movie,mixed,2226,1,0.4356332668612429,0.4150799649355425,0.4253566158983927,1,0,0.5505150467157364,0.6307650268077851,0.010713340841693455,0.27718847158788623,2.752727473769642,0.5462632030248642,0.6719867289066315,0.00019368590366507536,0.0006365218379693252,0.00132649184369904,0.13453335639712166
1781867518.682983,77.33905577659607,playing_with_blocks,mixed_social_nonsocial_movie,mixed,2227,1,0.4420762554090939,0.36774835610087386,0.4049123057549839,1,0,0.5510606527328491,0.629116952419281,0.006654954997478867,0.2766792610618619,2.6502087791436293,0.5463121831417084,0.6719030439853668,9.696503438425454e-05,9.672086928082082e-05,0.0010440408941939706,0.13240941668939965
1781867518.718387,77.37445974349976,playing_with_blocks,mixed_social_nonsocial_movie,mixed,2228,1,0.4186005895100177,0.38466317995783617,0.40163188473392697,1,0,0.5507601290941239,0.6293948769569397,0.00883274940337749,0.27650603681195385,2.269458555376789,0.5460571944713593,0.6711999177932739,0.0007479342645002087,0.0006509692301159542,0.001287604064778376,0.13191943002032555
1781867518.7519438,77.40801668167114,playing_with_blocks,mixed_social_nonsocial_movie,mixed,2229,1,0.4402562739200092,0.39954632200328855,0.4199012979616489,1,0,0.5513311147689819,0.6294026434421539,0.009137412614612758,0.276997611618174,3.2114222033768605,0.5462368130683899,0.6708171665668488,0.0004228017759296048,0.00032513248857060395,0.0011956141596537958,0.1323835054693959
1781867518.786231,77.44230389595032,playing_with_blocks,mixed_social_nonsocial_movie,mixed,2230,1,0.4522915361546978,0.389181180533852,0.4207363583442749,1,0,0.5510360807180406,0.6290790736675262,0.010553186344484206,0.2773949968115824,3.325413924733987,0.546268492937088,0.669829934835434,0.0009877398977428135,0.0005649381218132087,0.0013262888908278532,0.13194281079356596
1781867518.821972,77.47804474830627,playing_with_blocks,mixed_social_nonsocial_movie,mixed,2231,1,0.44477933407977666,0.4062301660452948,0.42550475006253574,1,0,0.5513659626245498,0.6295524299144746,0.011169867310878885,0.27993842853089895,2.935728067625858,0.5463261902332306,0.6685700714588165,0.0012611838508814013,0.00027344395313858775,0.0011061466599162956,0.13211548826283706
1781867518.855546,77.51161885261536,playing_with_blocks,mixed_social_nonsocial_movie,mixed,2232,1,0.42933990774920255,0.4129281027923752,0.42113400527078887,1,0,0.5511382699012757,0.629380714893341,0.01209168818473793,0.27986667955275396,3.198758449765706,0.5459670722484589,0.6706196069717407,0.0020807598481621917,0.0008195759972807904,0.0004185957965000002,0.13182052978774406
1781867518.89016,77.54623293876648,playing_with_blocks,mixed_social_nonsocial_movie,mixed,2233,1,0.4549555498274907,0.3951771244533244,0.42506633714040754,1,0,0.5508570939302444,0.629641979932785,0.008950278747548836,0.2823241623718433,2.8665287383839186,0.5461086928844452,0.6705531179904938,0.00015645187491503286,0.0019243079732471587,0.0016300350402665743,0.13221908936457866
1781867518.9261708,77.58224368095398,playing_with_blocks,mixed_social_nonsocial_movie,mixed,2234,1,0.45844293004058895,0.3974143984520709,0.4279286642463299,1,0,0.5507036536931992,0.6306608498096467,0.007798776077234612,0.2827856927624964,3.0824415999559633,0.5461303889751434,0.6699114441871643,0.0006420404895572325,0.00048558861464219967,0.0013166840524211575,0.13254537822003754
1781867518.958687,77.61475992202759,playing_with_blocks,mixed_social_nonsocial_movie,mixed,2235,1,0.44435333953888023,0.4251820383318378,0.434767688935359,1,0,0.5503258049488067,0.6313450813293457,0.007675354456369637,0.27968086122356406,2.7193699034642513,0.5459285825490952,0.6706927716732025,0.0008069686945806297,0.0001649282050233972,0.00125390344212238,0.13172709732927027
1781867518.99189,77.64796280860901,playing_with_blocks,mixed_social_nonsocial_movie,mixed,2236,1,0.41707451672945084,0.40494171780193994,0.4110081172656954,1,0,0.5498802930116653,0.6319853961467743,0.000612410617792526,0.27570935627042537,3.5911108164531353,0.5460193902254105,0.6722037196159363,0.0015136742449183647,0.000706705550337735,0.000735525320907825,0.13312784012626824
1781867519.026686,77.68275880813599,playing_with_blocks,mixed_social_nonsocial_movie,mixed,2237,1,0.42199195029368697,0.39528047735915905,0.408636213826423,1,0,0.5495542496442795,0.6321703732013702,-0.0009509459153837008,0.27610212268588635,3.6735648118444404,0.5462723672389984,0.6725946366786957,0.0004656323865028236,0.0010480418584155411,0.0006013365322551754,0.1317653283079607
1781867519.061475,77.71754789352417,playing_with_blocks,mixed_social_nonsocial_movie,mixed,2238,1,0.4092591734405437,0.3873714922845446,0.39831533286254417,1,0,0.5493685990571976,0.6319714188575745,0.00201848528168588,0.28027792605098073,3.6251109715121235,0.545623779296875,0.6730863451957703,0.0008139063732589709,0.0003482739867561473,0.0007500398468216696,0.1316095725372873
1781867519.095037,77.75110983848572,playing_with_blocks,mixed_social_nonsocial_movie,mixed,2239,1,0.45214456655417495,0.3911698846804263,0.4216572256173006,1,0,0.5494535505771637,0.6318900048732757,0.010012217757463743,0.28218516424866696,4.085525968864725,0.5448379665613174,0.6721394658088684,0.001230480486925365,0.0004165741136663941,0.000983653184595821,0.1308621451866867
1781867519.130628,77.786700963974,playing_with_blocks,mixed_social_nonsocial_movie,mixed,2240,1,0.4531332304216111,0.40810147558138593,0.4306173530014985,1,0,0.5492759227752686,0.631601768732071,0.01122449789525405,0.2812960680945708,2.2977999562104285,0.5444502234458923,0.6724024415016174,0.00046850927262584555,0.0007619712142995195,0.0008117793854546587,0.12997709506801497
1781867519.1657522,77.82182502746582,playing_with_blocks,mixed_social_nonsocial_movie,mixed,2241,1,0.4320240305689538,0.399191065102011,0.41560754783548237,1,0,0.5501916617155075,0.631973284482956,0.009379056019159926,0.28013407054642686,1.4232472632827817,0.5447058081626892,0.6724813580513,0.0002674908769919972,0.00020101839563384835,0.0007053570825185529,0.13066605886126134
1781867519.198763,77.85483574867249,playing_with_blocks,mixed_social_nonsocial_movie,mixed,2242,1,0.449611882625127,0.43323323881611625,0.44142256072062164,1,0,0.5500115931034089,0.6309640944004059,0.006512531809264093,0.2799434679395859,2.99791857633729,0.5450994968414307,0.6735244393348694,0.0011149032872414745,0.0008474124102494773,0.0009176630717898437,0.12924804471622328
1781867519.234346,77.89041876792908,playing_with_blocks,mixed_social_nonsocial_movie,mixed,2243,1,0.44285565934182824,0.4319953658054128,0.4374255125736205,1,0,0.5495522141456604,0.6312515616416932,0.0066073019624260055,0.27932753897360485,3.049365347930097,0.545304536819458,0.6734362542629242,0.00022319946125255773,0.0008917038259889168,0.0012022385559441395,0.12846401271743552
1781867519.2692008,77.92527365684509,playing_with_blocks,mixed_social_nonsocial_movie,mixed,2244,1,0.4433790131999262,0.42163013779461916,0.43250457549727267,1,0,0.5500040888786316,0.632130765914917,0.0015186609071716898,0.2808225497007539,3.2701925250424213,0.5460061430931091,0.6727511286735535,0.0009806367505030603,0.0007574372892505026,0.0005431473916942174,0.1297164898098594
1781867519.302529,77.95860195159912,playing_with_blocks,mixed_social_nonsocial_movie,mixed,2245,1,0.4425250076891007,0.4025488657600395,0.4225369367245701,1,0,0.549508273601532,0.6337786555290222,0.007345290192291756,0.2804691640381609,3.217960769551977,0.5456811487674713,0.6738343834877014,0.0011309563670060343,0.000150319616502974,0.000564965682535918,0.13138865524404825
1781867519.3378592,77.99393200874329,playing_with_blocks,mixed_social_nonsocial_movie,mixed,2246,1,0.4661497859898877,0.41627926038278806,0.4412145231863379,1,0,0.5497544437646866,0.6340007603168487,0.0025893895999825733,0.2832157343387738,3.2104601801269097,0.5459007024765015,0.6745148599147797,0.0007150188801409885,0.0004159374868650458,0.0010049782389937498,0.13111416360830316
1781867519.3734531,78.02952599525452,playing_with_blocks,mixed_social_nonsocial_movie,mixed,2247,1,0.4406851863657823,0.4089891643952604,0.42483717538052135,1,0,0.5502624630928039,0.6342033386230468,0.005305093803081316,0.2842410286344688,2.712883769074905,0.5458817631006241,0.6741480231285095,0.0003673253703729573,0.0003476935097680312,0.0005834193508640086,0.12975273161588216
1781867519.406222,78.06229496002197,playing_with_blocks,mixed_social_nonsocial_movie,mixed,2248,1,0.468460103334751,0.41620819082545363,0.4423341470801023,1,0,0.5513804227113723,0.6355016112327576,0.0089239327638076,0.27971288261550487,2.2859681560477125,0.5464236736297607,0.6754606664180756,0.0014201054282101477,0.0010527800578371905,0.0009349369683534845,0.13203878922360798
1781867519.440413,78.09648585319519,playing_with_blocks,mixed_social_nonsocial_movie,mixed,2249,1,0.4839766083832642,0.41420909232111347,0.4490928503521888,1,0,0.550564581155777,0.6353121817111969,0.009309842107423662,0.28237607092660905,3.530781950437171,0.5460066050291061,0.6759263277053833,0.000625129308342753,0.0007949761198673947,0.0013693063010811232,0.13115624298976017
1781867519.475144,78.13121676445007,playing_with_blocks,mixed_social_nonsocial_movie,mixed,2250,1,0.46357884761063173,0.38913365732686905,0.4263562524687504,1,0,0.5505150943994522,0.635897159576416,0.011043977913553528,0.2766672035174631,3.3615784560977273,0.5463286340236664,0.6756050288677216,0.000454901765681633,0.00017022754266112,0.0004299497101107009,0.13214707503842632
1781867519.509182,78.16525483131409,playing_with_blocks,mixed_social_nonsocial_movie,mixed,2251,1,0.48486423610611523,0.40681180784367477,0.44583802197489497,1,0,0.5505574643611908,0.6361406683921814,0.009621110867011493,0.27700706059548436,3.4739819466209108,0.5467595905065536,0.6749708652496338,0.0007667378852311481,0.0003118361195495151,0.00038939498845155763,0.13458115489746958
1781867519.54396,78.20003294944763,playing_with_blocks,mixed_social_nonsocial_movie,mixed,2252,1,0.4759255176080692,0.41558207512795237,0.4457537963680108,1,0,0.5506441682577132,0.6361585080623626,0.011902454128493582,0.2788417332828643,3.124777861370309,0.5468759834766388,0.6751585304737091,0.00022082925488367777,0.0005459086303474703,0.0005719510430448845,0.133434119900041
1781867519.578397,78.23446989059448,playing_with_blocks,mixed_social_nonsocial_movie,mixed,2253,1,0.46712679151342246,0.41184596383837996,0.4394863776759012,1,0,0.5506238520145417,0.6351425468921661,0.006215623515192123,0.2804240075236426,3.1454269829425403,0.5475015342235565,0.6748647689819336,0.0006910930118439179,0.00047026375696024016,0.0013386491078731934,0.13191282282511552
1781867519.612885,78.26895785331726,playing_with_blocks,mixed_social_nonsocial_movie,mixed,2254,1,0.4623702244346551,0.41072568341727017,0.43654795392596263,1,0,0.5499772936105728,0.6350177109241486,0.0045745156772364634,0.2783980745693386,2.2759620976254693,0.5474418699741364,0.6751236915588379,0.0002657079665528177,0.0004253850452911002,0.0010765230171281912,0.13189592605718706
1781867519.646948,78.30302095413208,playing_with_blocks,mixed_social_nonsocial_movie,mixed,2255,1,0.4603577262919803,0.4070267988091446,0.4336922625505625,1,0,0.5503524810075759,0.6354174137115478,0.00890733995389298,0.2784152532587571,3.6183701641791823,0.5468646734952927,0.674905002117157,0.0006172364596265036,0.00035152849307368587,0.0009031654567167412,0.13319808258453128
1781867519.6818602,78.33793306350708,playing_with_blocks,mixed_social_nonsocial_movie,mixed,2256,1,0.4471622200485365,0.4053857924421463,0.4262740062453414,1,0,0.5505677491426468,0.6370912432670593,0.011423963754209093,0.277655428860299,2.7547888841695367,0.5469378232955933,0.6754941940307617,0.0005937154237016489,2.352103592485465e-05,0.001346762979252798,0.13563867495855547
1781867519.718931,78.37500381469727,playing_with_blocks,mixed_social_nonsocial_movie,mixed,2257,1,0.2896887349218851,0.25145135183290335,0.2705700433773942,1,0,0.5508608758449555,0.6389512479305268,0.018729227393997492,0.27699385572372187,2.5248616970775646,0.546629399061203,0.675621747970581,0.0003337596679088893,0.0002599557557927596,0.0015614242285772423,0.14988690466404758
1781867519.7502878,78.4063606262207,playing_with_blocks,mixed_social_nonsocial_movie,mixed,2258,1,0.22549184191122107,0.22705595127317643,0.22627389659219876,1,0,0.5517826527357101,0.6386110007762908,0.017460107106145532,0.28186933495527666,2.046247348235347,0.5467028021812439,0.6751904487609863,0.00043750088711769913,0.00010374121920880982,0.001216471943611376,0.15196829295599606
1781867519.7852979,78.44137072563171,playing_with_blocks,mixed_social_nonsocial_movie,mixed,2259,1,0.2193719740616924,0.31487786238547477,0.2671249182235836,1,0,0.5510151147842407,0.6374672889709473,0.016115793593544907,0.2795267143683934,2.1866914678608906,0.5465512871742249,0.6751598417758942,0.0001545754989913102,0.00028292538812638894,0.0009716710119019046,0.1461277195105656
1781867519.820502,78.47657489776611,playing_with_blocks,mixed_social_nonsocial_movie,mixed,2260,1,0.336501736535982,0.35570648485060785,0.34610411069329494,1,0,0.5520097047090531,0.636413300037384,0.022778297533243928,0.28195902255979155,2.692196486449403,0.5465310513973236,0.6754917204380035,0.00033249501203823443,0.00017791951304692424,0.0012170954932358912,0.14074290988732902
1781867519.853225,78.5092978477478,playing_with_blocks,mixed_social_nonsocial_movie,mixed,2261,1,0.38694883919431683,0.39331359300515223,0.39013121609973456,1,0,0.5516609340906143,0.6352605700492859,0.01815131777620965,0.27989818217964507,2.7337393852633385,0.5466860234737396,0.6752966344356537,0.00024914833489617875,8.334667714205568e-05,0.0011350429485002048,0.13519340083177844
1781867519.88798,78.54405283927917,playing_with_blocks,mixed_social_nonsocial_movie,mixed,2262,1,0.37248520320203776,0.3963069356640829,0.38439606943306037,1,0,0.5522519558668137,0.634264987707138,0.022140133107077586,0.2780374785590281,2.013743933716505,0.5463686436414719,0.6745883822441101,0.0007761128299136633,0.0005269644950174846,0.0011839422074089766,0.13490766632855258
1781867519.925497,78.58156991004944,playing_with_blocks,mixed_social_nonsocial_movie,mixed,2263,1,0.3746389432988937,0.40862554736437756,0.39163224533163565,1,0,0.5516298800706864,0.6340834498405457,0.02032754992551103,0.27861945029732765,2.597054898108228,0.5466028451919556,0.6737158596515656,0.0009034080145480465,0.00012729518463438323,0.001250584208414068,0.13522267321863535
1781867519.9564312,78.61250400543213,playing_with_blocks,mixed_social_nonsocial_movie,mixed,2264,1,0.42642872643506274,0.37624556943071286,0.40133714793288777,1,0,0.5520126640796661,0.6336077988147735,0.01626912203467536,0.2802291688598501,1.8731860740008,0.5471177697181702,0.67253378033638,0.0012893637093880305,0.00038595569483998394,0.001307537010327218,0.13288658470914327
1781867519.991884,78.64795684814453,playing_with_blocks,mixed_social_nonsocial_movie,mixed,2265,1,0.42258315754857423,0.39094344400551406,0.40676330077704415,1,0,0.5511910349130631,0.6334211885929109,0.0175625218294892,0.2741658305874558,2.1271621061039676,0.5467867404222488,0.6746539771556854,0.002145883255759965,0.0008565195463719347,0.0014664512969736858,0.13277289027913006
1781867520.026183,78.68225574493408,playing_with_blocks,mixed_social_nonsocial_movie,mixed,2266,1,0.4410377220147976,0.3909794193033222,0.4160085706590599,1,0,0.551610267162323,0.6338220179080963,0.015442121119310571,0.2775843648862712,1.9371073520373083,0.5468136966228485,0.6731414198875427,0.0015127974504744771,0.0006330858052854881,0.0014013331226258045,0.1321546139125091
1781867520.060719,78.71679186820984,playing_with_blocks,mixed_social_nonsocial_movie,mixed,2267,1,0.4563174324374186,0.4052134369655194,0.430765434701469,1,0,0.5509536653757094,0.6341672480106354,0.0175882706275015,0.2759715244217684,2.0017579916188297,0.5461185872554779,0.6739501059055328,0.0010663724060097708,0.0004464250444647063,0.00104040984764809,0.13127633871996072
1781867520.09464,78.75071287155151,playing_with_blocks,mixed_social_nonsocial_movie,mixed,2268,1,0.43753551436319577,0.39117655288169945,0.4143560336224476,1,0,0.5516676306724548,0.6351336777210235,0.020412490996745122,0.27683733255882015,0.6636910906163506,0.5464297235012054,0.6739492416381836,0.00031113744609654193,0.0007552349599132289,0.0011644466475107503,0.13162290087428402
1781867520.129971,78.78604388237,playing_with_blocks,mixed_social_nonsocial_movie,mixed,2269,1,0.45032135724799566,0.40427526161664357,0.4272983094323196,1,0,0.5517900168895722,0.6358801543712616,0.020384326910309575,0.28050074228006855,1.153094797520828,0.5459975600242615,0.6744434535503387,0.00065651404015478,0.00034537659405823803,0.0010194922293834923,0.13277498406375024
1781867520.164397,78.8204698562622,playing_with_blocks,mixed_social_nonsocial_movie,mixed,2270,1,0.4216946788533808,0.39903504425899916,0.41036486155619,1,0,0.5521671324968338,0.6372807919979095,0.021600177675128514,0.2775600033959068,2.3105577723423467,0.5462086796760559,0.6756024062633514,0.0011780249990442858,0.0005215109588895059,0.0014359608963082425,0.1322812311099987
1781867520.198165,78.8542377948761,playing_with_blocks,mixed_social_nonsocial_movie,mixed,2271,1,0.428892990779107,0.396878917913097,0.412885954346102,1,0,0.552428701519966,0.6371594488620758,0.021904679573328856,0.2785391258220766,2.574017988689546,0.5466521829366684,0.6767479181289673,0.001228369885840825,5.0344886796539106e-05,0.000804596315444596,0.13200400606890667
1781867520.232675,78.88874793052673,playing_with_blocks,mixed_social_nonsocial_movie,mixed,2272,1,0.4318012797054236,0.4152516473347279,0.4235264635200757,1,0,0.553230682015419,0.6361629426479339,0.02717712517311055,0.2814541997492091,2.163239788504958,0.5459763556718826,0.6754725873470306,0.0014433333278154933,0.00021496344197466833,0.0010269215802349815,0.12946493123248726
1781867520.2676969,78.92376971244812,playing_with_blocks,mixed_social_nonsocial_movie,mixed,2273,1,0.4139931404249224,0.38887372725455394,0.4014334338397382,1,0,0.5533719509840012,0.6366380631923676,0.022434793147791163,0.28292007589394397,2.4354410382945395,0.5464862287044525,0.6758356392383575,0.0006259210694153486,0.0008174122584001447,0.001130906017680371,0.13171993027734863
1781867520.302581,78.95865392684937,playing_with_blocks,mixed_social_nonsocial_movie,mixed,2274,1,0.4436946784816325,0.4224134231063335,0.433054050793983,1,0,0.5537276357412338,0.6357324421405792,0.024868236553136042,0.28283801135985265,2.0416068883094693,0.5468129068613052,0.6739287674427032,0.0019346520780818793,0.0013087310086665306,0.000974334233567031,0.12914590443952045
1781867520.3360288,78.99210166931152,playing_with_blocks,mixed_social_nonsocial_movie,mixed,2275,1,0.43197658105952375,0.4087353169292587,0.4203559489943912,1,0,0.5536959677934646,0.635090982913971,0.02143680476756474,0.28290055981078777,1.9756164107921343,0.5473451167345047,0.6736912727355957,0.0005827959205717611,0.0013518561575101183,0.0005556537204632366,0.12835841648132942
1781867520.371923,79.02799582481384,playing_with_blocks,mixed_social_nonsocial_movie,mixed,2276,1,0.41628650400433825,0.4507512324582097,0.43351886823127395,1,0,0.5545034170150758,0.6345456123352051,0.024176039109942694,0.28675183628435713,2.3546161704032085,0.5475055575370789,0.6734825372695923,0.0002632712401655447,0.00031952468040621635,0.001615316471416685,0.1284791108912895
1781867520.404657,79.06072974205017,playing_with_blocks,mixed_social_nonsocial_movie,mixed,2277,1,0.4385839215468856,0.41994320880041325,0.4292635651736494,1,0,0.5544739335775375,0.6356360256671906,0.023952039546471203,0.28186893878130453,1.8828708579233542,0.5479360818862915,0.6744185090065002,0.001030239927179817,0.0007669686870142722,0.0014363952875546403,0.12961750381770656
1781867520.439229,79.09530186653137,playing_with_blocks,mixed_social_nonsocial_movie,mixed,2278,1,0.4293782402199272,0.4046602362621157,0.4170192382410215,1,0,0.5545619517564774,0.6350123763084412,0.027764940389973954,0.2796515790085492,1.9860491859169402,0.5475580245256424,0.6759220957756042,0.0015503872226529693,0.0005201472954731523,0.0006169977983686249,0.12978482300250774
1781867520.4731991,79.12927198410034,playing_with_blocks,mixed_social_nonsocial_movie,mixed,2279,1,0.42892619335835724,0.3888074884424266,0.40886684090039194,1,0,0.5548484295606613,0.6353899180889129,0.025365970556245288,0.27860581469472856,2.4280452451163095,0.548268586397171,0.6752326190471649,0.000990089052726908,0.0005602981699260614,0.00037690018187289196,0.12987149602906833
1781867520.50876,79.16483283042908,playing_with_blocks,mixed_social_nonsocial_movie,mixed,2280,1,0.4365806492008689,0.38877027052887025,0.4126754598648696,1,0,0.5548487275838851,0.6358884751796723,0.027334472800859117,0.27796031814111033,2.1621336383496685,0.5478951632976532,0.6758735477924347,0.0007417779100017646,0.0002483111427251433,0.0006985078396596669,0.1313795259287822
1781867520.54278,79.19885277748108,playing_with_blocks,mixed_social_nonsocial_movie,mixed,2281,1,0.42998395470975476,0.40102027230293275,0.41550211350634375,1,0,0.5549704104661941,0.635789555311203,0.026032794067031538,0.27819591111547043,2.5418165947752724,0.5479152351617813,0.6744884550571442,0.0013852381618639346,0.00064346025186217,0.0007516639095132456,0.12893564871805385
1781867520.577536,79.23360896110535,playing_with_blocks,mixed_social_nonsocial_movie,mixed,2282,1,0.42608954631588436,0.42357273424996134,0.42483114028292285,1,0,0.5548347413539887,0.6361749053001404,0.030151741697607523,0.2780097487544239,2.5539368846647124,0.54757359623909,0.6753230690956116,0.0009018302205540562,0.0004834079413098784,0.00029201483333101324,0.1306212473218227
1781867520.6119301,79.26800298690796,playing_with_blocks,mixed_social_nonsocial_movie,mixed,2283,1,0.44294388102339455,0.41378361647791506,0.4283637487506548,1,0,0.554541003704071,0.6361581265926362,0.030948778350045763,0.27850001016969533,2.3678725803667855,0.5472531914710999,0.6757933497428894,0.0005690545690483948,0.0003327756515056614,0.001002026359329089,0.12900563061413628
1781867520.645741,79.30181384086609,playing_with_blocks,mixed_social_nonsocial_movie,mixed,2284,1,0.4292936056071028,0.41652044249040887,0.4229070240487558,1,0,0.5540647864341736,0.636086231470108,0.03293830098977261,0.27681006157322063,2.009355826875628,0.5473021119832993,0.6748160719871521,0.000978501419709136,0.0004094468506607412,0.0006341660273825486,0.12910679271824796
1781867520.681115,79.33718776702881,playing_with_blocks,mixed_social_nonsocial_movie,mixed,2285,1,0.4477902433518564,0.444748786947445,0.44626951514965074,1,0,0.554007950425148,0.6352926909923553,0.028088558076093513,0.2769701644002863,2.357357354925676,0.5474464297294617,0.6760800182819366,0.0012721587353616613,0.0002936573156525253,0.0010547857938585945,0.12897058273310655
1781867520.718515,79.37458777427673,playing_with_blocks,mixed_social_nonsocial_movie,mixed,2286,1,0.47131002245708853,0.41281599883118986,0.4420630106441392,1,0,0.5539103269577026,0.6356381237506866,0.02718812997722462,0.27872089300472475,1.6412689704890278,0.5472642034292221,0.6752029955387115,0.0008957540491859777,0.00037640468617568365,0.0006776397207936327,0.13015047082836786
1781867520.749183,79.40525579452515,playing_with_blocks,mixed_social_nonsocial_movie,mixed,2287,1,0.4602135815816086,0.3942764414202213,0.42724501150091493,1,0,0.5541629910469055,0.6350521445274353,0.025045133685686748,0.28070898241655373,2.096887431110366,0.5474662184715271,0.6743847727775574,0.0008427921239476849,5.29619252382928e-05,0.0008405091597359082,0.12959327113284244
1781867520.7827442,79.43881702423096,playing_with_blocks,mixed_social_nonsocial_movie,mixed,2288,1,0.4524866164525006,0.41097597358487764,0.4317312950186891,1,0,0.5540056526660919,0.6341776490211487,0.022924899329105877,0.28363742988138807,1.0462959701016523,0.5472118258476257,0.6734369695186615,0.0009813493897022924,0.00013855726575460754,0.0007232379622748537,0.1299275939971759
1781867520.820096,79.4761688709259,playing_with_blocks,mixed_social_nonsocial_movie,mixed,2289,1,0.46391416116265183,0.4006195430979244,0.43226685213028815,1,0,0.55375736951828,0.6342969417572022,0.026083305168075707,0.28199946040557844,1.6561104507978646,0.5469868183135986,0.6733770966529846,0.00023283717575447028,0.0007485122139478221,0.0005265284889472457,0.12769361737310825
1781867520.852364,79.50843691825867,playing_with_blocks,mixed_social_nonsocial_movie,mixed,2290,1,0.4537344425436993,0.42202237990613634,0.43787841122491783,1,0,0.5534860283136367,0.6344830989837646,0.023776631104850076,0.28190579307701036,1.5040546263470702,0.5470558851957321,0.6737724244594574,0.00040131572206707656,0.00016847854631260627,0.0007562219529030567,0.12609537142505456
1781867520.886425,79.54249787330627,playing_with_blocks,mixed_social_nonsocial_movie,mixed,2291,1,0.38296706349482373,0.42956070919617373,0.4062638863454987,1,0,0.5494219094514847,0.6352439522743225,0.022651640737260427,0.28087156337309915,2.3841266713548617,0.5470227599143982,0.6744238436222076,0.000652260844955207,0.0002509451228881305,0.0008237899645694469,0.12716044603858231
1781867520.9231071,79.57918000221252,playing_with_blocks,mixed_social_nonsocial_movie,mixed,2292,1,0.41136930345188283,0.4306017725593462,0.4209855380056145,1,0,0.5486422300338745,0.6354650676250457,0.019109276645997132,0.28289468774069076,2.0221919607804817,0.5475461333990097,0.6736582517623901,0.0009273891848696651,0.00027512833991445804,0.0010744471218074347,0.12921014156944127
1781867520.9563289,79.6124017238617,playing_with_blocks,mixed_social_nonsocial_movie,mixed,2293,1,0.4225766345292217,0.4252578152800914,0.42391722490465655,1,0,0.5482930272817612,0.6356774985790252,0.02175498936514227,0.2800566452664065,1.8152229706933172,0.547364130616188,0.6749215722084045,0.001276363413089258,0.000348974228219593,0.0003928600386295506,0.12986919507407121
1781867520.989442,79.64551496505737,playing_with_blocks,mixed_social_nonsocial_movie,mixed,2294,1,0.4354890562986497,0.42038765575499065,0.4279383560268202,1,0,0.5487664490938187,0.6354633748531342,0.017727570805820936,0.2830177521107052,1.3727933229632026,0.5476792454719543,0.6744617819786072,0.0005574086721084683,0.0007189547409807898,0.0009517941416809869,0.13086760954872362
1781867521.0262709,79.68234372138977,playing_with_blocks,mixed_social_nonsocial_movie,mixed,2295,1,0.4430136308071154,0.42249072665611487,0.43275217873161514,1,0,0.5485525012016297,0.6361497461795806,0.020887121491968447,0.2789424915569725,2.627466429841126,0.5470529794692993,0.6757021248340607,0.0013894817397706346,0.0008320730676621664,0.0007214762952367233,0.13012435436034936
