timestamp,elapsed_time,stimulus_id,stimulus_type,paper_category,frame_index,face_detected,left_ear,right_ear,avg_ear,eye_open,blink_state,gaze_x,gaze_y,yaw_proxy,pitch_proxy,roll_proxy_deg,head_center_x,head_center_y,head_movement,head_acceleration,mouth_open,eyebrow_signal
1781867491.064896,49.7209689617157,rhymes_and_toys,speech_attention_movie,speech_social,1426,1,0.4360819978044573,0.4037772081709158,0.41992960298768656,1,0,0.5621716201305389,0.6448146462440492,0.007209484071060299,0.28607221766535873,6.08802528311122,0.5591554939746857,0.6837510466575623,0.0,0.0,0.0005236987415038057,0.13390475617713443
1781867491.099679,49.755751848220825,rhymes_and_toys,speech_attention_movie,speech_social,1427,1,0.4251965707685813,0.4117337438137458,0.4184651572911635,1,0,0.5624129116535186,0.6442253470420838,0.008890590808463723,0.2841927599437741,6.216842518442464,0.559520035982132,0.6848872303962708,0.0011932327364343415,0.0011932327364343415,0.0006154844542672343,0.13295608095924458
1781867491.135045,49.791117906570435,rhymes_and_toys,speech_attention_movie,speech_social,1428,1,0.4316964125682394,0.4182623791871239,0.42497939587768163,1,0,0.562716257572174,0.6438572764396668,0.005723891300537282,0.28570845206919543,6.1670832297485445,0.560160368680954,0.6831889450550079,0.00181499285550353,0.0006217601190691886,0.0006942676056219791,0.13475810704176208
1781867491.169294,49.82536697387695,rhymes_and_toys,speech_attention_movie,speech_social,1429,1,0.4260003022050562,0.410299914288953,0.4181501082470046,1,0,0.5619490206241609,0.6429434776306152,0.010099603278768254,0.28424818880478725,5.699321591174602,0.5589945316314697,0.6841709911823273,0.0015243328449302187,0.0002906600105733114,0.0006016253875868,0.13388738698426977
1781867491.201838,49.85791087150574,rhymes_and_toys,speech_attention_movie,speech_social,1430,1,0.43734694390058493,0.40703276467698074,0.42218985428878286,1,0,0.5621871620416641,0.6418022215366364,0.004812577229392471,0.28483322070573286,6.145859825539436,0.5598482936620712,0.6825584769248962,0.0018245853872360005,0.00030025254230578186,0.00016526725247362426,0.13080874231090708
1781867491.237001,49.89307379722595,rhymes_and_toys,speech_attention_movie,speech_social,1431,1,0.44871631166212017,0.41866503621156576,0.43369067393684296,1,0,0.5615007162094117,0.6409359037876129,0.010326851829801023,0.2881763806657098,5.399306285541363,0.5586564391851425,0.6815041303634644,0.0015912774006370638,0.00023330798659893675,0.000765571619184228,0.1315292794946441
1781867491.273576,49.929648876190186,rhymes_and_toys,speech_attention_movie,speech_social,1432,1,0.42544299560250587,0.4108332430118471,0.4181381193071765,1,0,0.5614995211362839,0.6406440198421478,0.007728793652502448,0.2820222306040333,6.2841532584241175,0.5588082075119019,0.6814714074134827,0.00015525597077997824,0.0014360214298570855,0.0027865817422151693,0.13281952396002503
1781867491.306588,49.962660789489746,rhymes_and_toys,speech_attention_movie,speech_social,1433,1,0.42087986636459024,0.40420073364895637,0.41254030000677333,1,0,0.5613255262374878,0.6409441709518433,0.008662769124048503,0.2824324242696558,6.175106774785977,0.5582860857248306,0.6817992329597473,0.000616506893163546,0.00046125092238356776,0.005195868561003642,0.13580943070965915
1781867491.341929,49.99800181388855,rhymes_and_toys,speech_attention_movie,speech_social,1434,1,0.4451697029036284,0.42932646958307014,0.43724808624334927,1,0,0.5609860748052597,0.6408480763435364,0.009918154414502466,0.28240827439387606,6.227504993277821,0.5576539933681488,0.6829366087913513,0.001301216557569293,0.000684709664405747,0.0010838091411814986,0.13375971897457545
1781867491.375544,50.03161692619324,rhymes_and_toys,speech_attention_movie,speech_social,1435,1,0.43296969205411284,0.4344929267302382,0.4337313093921755,1,0,0.5609098881483079,0.6405985176563262,0.0018038630548088618,0.2817951141199441,6.8597778428285014,0.5583779364824295,0.6824412047863007,0.000877222184474762,0.0004239943730945311,0.0003922151779756693,0.13229872730598374
1781867491.4099782,50.06605100631714,rhymes_and_toys,speech_attention_movie,speech_social,1436,1,0.4216346425597039,0.3977943496340168,0.40971449609686034,1,0,0.560075306892395,0.6404166042804718,0.0025361749537213788,0.2794985083823578,6.001369152656047,0.5580524504184723,0.6841197907924652,0.0017098515017163968,0.0008326293172416349,0.005688704922845606,0.13379612286836134
1781867491.44473,50.10080289840698,rhymes_and_toys,speech_attention_movie,speech_social,1437,1,0.4441245331290837,0.41801520581759954,0.4310698694733416,1,0,0.5598067760467529,0.6408899247646331,-0.00022424406910116315,0.2822959822227893,6.535122528543582,0.5579395890235901,0.68223837018013,0.0018848026992166938,0.00017495119750029695,0.0007655994603027195,0.13362549884096867
1781867491.47823,50.134302854537964,rhymes_and_toys,speech_attention_movie,speech_social,1438,1,0.4362122992490153,0.3966684235328006,0.4164403613909079,1,0,0.5595421433448791,0.6405246019363403,0.0010632617420448052,0.28322411227500927,6.7239738145695815,0.5575460493564606,0.6812686324119568,0.001046548999629728,0.0008382536995869658,0.0003422354378178972,0.13429138831250698
1781867491.5125482,50.16862106323242,rhymes_and_toys,speech_attention_movie,speech_social,1439,1,0.43065448732335593,0.3957072398859992,0.41318086360467754,1,0,0.5595116794109345,0.6412946879863739,0.00016823706756827764,0.2808714369212097,6.2035560240149,0.5572204887866974,0.683176189661026,0.001935139360113642,0.0008885903604839141,0.0003243144610866737,0.13546303991286487
1781867491.5465012,50.202574014663696,rhymes_and_toys,speech_attention_movie,speech_social,1440,1,0.436688092221578,0.38609169486883893,0.4113898935452085,1,0,0.559291923046112,0.6407521426677705,0.0018188176001651339,0.2818153123686672,6.376926094568107,0.556545227766037,0.6824586093425751,0.0009853420520060333,0.0009497973081076087,0.0001935245885869789,0.13482205674966388
1781867491.581803,50.23787593841553,rhymes_and_toys,speech_attention_movie,speech_social,1441,1,0.4320246123533745,0.4188231974156292,0.4254239048845019,1,0,0.5594184815883636,0.6407149851322174,0.004496474534427087,0.2842163873941531,6.7035632347196366,0.5560791045427322,0.6812710464000702,0.0012757651044431589,0.00029042305243712555,0.0003497340882225441,0.1323004116858826
1781867491.6174002,50.273473024368286,rhymes_and_toys,speech_attention_movie,speech_social,1442,1,0.4664003583895532,0.44029032877626284,0.453345343582908,1,0,0.5596933722496032,0.6408477067947388,0.005884377895535887,0.2862701936123624,6.496861644746386,0.5562818050384521,0.6791687607765198,0.002112035116647414,0.000836270012204255,0.0007148131940667464,0.1316112199462421
1781867491.649811,50.30588388442993,rhymes_and_toys,speech_attention_movie,speech_social,1443,1,0.4666173852243768,0.42209851046973845,0.4443579478470576,1,0,0.5595280647277832,0.6408429980278015,0.004420069385656119,0.2852646243680672,6.884723468513671,0.5563673973083496,0.6785002648830414,0.0006739531113242786,0.0014380820053231354,0.0002338604880529337,0.13360828341250858
1781867491.6845708,50.340643644332886,rhymes_and_toys,speech_attention_movie,speech_social,1444,1,0.4249175815818289,0.42449806961018627,0.4247078255960076,1,0,0.5594755977392196,0.6409817576408385,0.007679047129638095,0.2802822699376566,7.21908952619397,0.5560038685798645,0.6811094582080841,0.0026343961250885387,0.00196044301376426,0.0007907292264284832,0.13456177496406654
1781867491.720083,50.376155853271484,rhymes_and_toys,speech_attention_movie,speech_social,1445,1,0.45173506337267944,0.4110662173742887,0.4314006403734841,1,0,0.5594133138656616,0.6396632730960845,0.010485041381571395,0.28360643275701924,6.951321541555546,0.5555485188961029,0.6803474128246307,0.0008877254648506928,0.0017466706602378458,0.0007125485545256079,0.1328120455227073
1781867491.753952,50.410024881362915,rhymes_and_toys,speech_attention_movie,speech_social,1446,1,0.4636535464566973,0.4295539317165359,0.4466037390866166,1,0,0.5597679376602173,0.6391599118709563,0.010396804905287665,0.28425700664779735,6.830064947838734,0.5555486381053925,0.679893434047699,0.00045397879258321516,0.0004337466722674776,0.0008391165393569108,0.13107267245838353
1781867491.788723,50.44479584693909,rhymes_and_toys,speech_attention_movie,speech_social,1447,1,0.4416649646597441,0.41323291849242777,0.42744894157608593,1,0,0.5589301884174347,0.6389896392822265,0.01333740747410287,0.28443194362487095,6.087742462106914,0.554817795753479,0.6792474985122681,0.0009753785210280162,0.0005213997284448011,0.0008055092712310621,0.1337070731271884
1781867491.823352,50.47942495346069,rhymes_and_toys,speech_attention_movie,speech_social,1448,1,0.4602122457011224,0.42953472923004804,0.4448734874655852,1,0,0.5585870653390884,0.6388048589229585,0.00831990056403106,0.2804029350585725,6.937021943245959,0.554703488945961,0.6791785955429077,0.00013346784418590072,0.0008419106768421155,0.00047892158686281094,0.1304850178783788
1781867491.856677,50.512749910354614,rhymes_and_toys,speech_attention_movie,speech_social,1449,1,0.4465488908205923,0.436630367913834,0.44158962936721313,1,0,0.5579991728067398,0.6385233044624329,0.005917938196855286,0.2806553442799471,7.077796303708929,0.5546675026416779,0.6795651316642761,0.000388207659917333,0.0002547398157314323,0.00014727447734849756,0.13083485662783495
1781867491.890451,50.54652380943298,rhymes_and_toys,speech_attention_movie,speech_social,1450,1,0.43658972790328476,0.4033713190685337,0.4199805234859092,1,0,0.5575235694646835,0.6390898704528809,0.006395098810070473,0.28081720429906876,7.13216152547159,0.5541162192821503,0.6795207262039185,0.0005530688812450037,0.0001648612213276707,0.00020377369288391927,0.1327994203206769
1781867491.928144,50.584216833114624,rhymes_and_toys,speech_attention_movie,speech_social,1451,1,0.44681759726186787,0.4305017034656121,0.43865965036374,1,0,0.5573557198047638,0.6385183215141297,0.009868921834688148,0.28182308957472374,6.720371490097987,0.5537909418344498,0.6790794432163239,0.0005482117228981625,4.8571583468412114e-06,0.00042214888803433667,0.13164259589667604
1781867491.959761,50.61583375930786,rhymes_and_toys,speech_attention_movie,speech_social,1452,1,0.4473065576724975,0.43931282616090434,0.4433096919167009,1,0,0.5573357254266739,0.6384316980838776,0.00791570648417909,0.28005452882492726,6.447394847360782,0.5539549440145493,0.6796980500221252,0.0006399774177743971,9.176569487623462e-05,0.00030961644460756097,0.12993095584483566
1781867491.995183,50.65125584602356,rhymes_and_toys,speech_attention_movie,speech_social,1453,1,0.4426898082834414,0.4449842636746484,0.4438370359790449,1,0,0.5576235324144363,0.6383506953716278,0.008509556240749071,0.2810666723834254,6.485789165805449,0.5538811683654785,0.6795687973499298,0.00014882573589762428,0.0004911516818767728,0.00016363830683862538,0.13104709506272175
1781867492.029073,50.68514585494995,rhymes_and_toys,speech_attention_movie,speech_social,1454,1,0.44876856909989576,0.4458266417416907,0.4472976054207932,1,0,0.5573363870382309,0.6382567822933196,0.010814681114517884,0.28073078654964195,5.817041698646515,0.5534108877182007,0.6796438694000244,0.0004762349209260735,0.00032740918502844924,0.0002472561526923149,0.13113740677655025
1781867492.063339,50.719411849975586,rhymes_and_toys,speech_attention_movie,speech_social,1455,1,0.4788055396666435,0.44532451829316594,0.46206502897990476,1,0,0.5571297019720078,0.6384857356548309,0.004058059475675802,0.2812995590614558,6.0500583558909575,0.5539358854293823,0.6785759627819061,0.001189977790451064,0.0007137428695249905,0.0003245108367777632,0.13018421092933727
1781867492.0974588,50.75353169441223,rhymes_and_toys,speech_attention_movie,speech_social,1456,1,0.4746741584070589,0.44285496481065517,0.45876456160885704,1,0,0.5574863225221633,0.6382365822792053,0.006569474127802115,0.2833555227035515,6.576656593742538,0.5540691614151001,0.6781659722328186,0.00043110873188806315,0.0007588690585630009,0.0005762118979009508,0.1312751148179046
1781867492.131197,50.787269830703735,rhymes_and_toys,speech_attention_movie,speech_social,1457,1,0.431529001426698,0.43000675121440585,0.4307678763205519,1,0,0.5575500011444092,0.6371428489685058,0.008194018835369467,0.280769092959805,6.735218418504748,0.5540115833282471,0.6781572997570038,5.8227552948869374e-05,0.0003728811789391938,0.00042092033948605816,0.1321925879927024
1781867492.169219,50.825291872024536,rhymes_and_toys,speech_attention_movie,speech_social,1458,1,0.4634310250072443,0.4228923488803887,0.4431616869438165,1,0,0.5575629144906997,0.6375867545604705,0.006376518530599109,0.28432562577703463,6.552952842662387,0.5543013215065002,0.6766148507595062,0.001569425729946687,0.0015111981769978177,0.0007829564811505352,0.13319809461459312
1781867492.202571,50.858643770217896,rhymes_and_toys,speech_attention_movie,speech_social,1459,1,0.4541778033571104,0.4185019823448184,0.4363398928509644,1,0,0.5576780319213868,0.637391173839569,0.006350857129002223,0.2794232818607966,6.734510467508087,0.554449588060379,0.678411453962326,0.001802710747563663,0.00023328501761697598,0.00022906408868150283,0.13286445094726043
1781867492.235717,50.89178991317749,rhymes_and_toys,speech_attention_movie,speech_social,1460,1,0.45671818381097673,0.41571706364324734,0.43621762372711204,1,0,0.5573377341032029,0.6369645833969116,0.005781236713075031,0.2844094049986363,6.213399418835158,0.5545122921466827,0.6779187917709351,0.0004966365242965492,0.001306074223267114,0.00029538082362588405,0.13193849333028357
1781867492.272187,50.92825984954834,rhymes_and_toys,speech_attention_movie,speech_social,1461,1,0.4633091635047746,0.40346192226231753,0.433385542883546,1,0,0.5575897842645645,0.636596965789795,0.0023271295023095558,0.2815779117974246,5.884643958787299,0.554884135723114,0.6774142980575562,0.0006267228671207386,0.00013008634282418946,0.0004232386451422649,0.13314897591974414
1781867492.304993,50.96106576919556,rhymes_and_toys,speech_attention_movie,speech_social,1462,1,0.44278007897007166,0.4198278157002445,0.4313039473351581,1,0,0.5575596570968628,0.6374941825866699,0.007742190026454856,0.2773660002240153,6.465316176806219,0.5541758835315704,0.6790581345558167,0.0017899216742191875,0.0011631988070984489,0.0004430619544586393,0.133212883427094
1781867492.3393762,50.99544906616211,rhymes_and_toys,speech_attention_movie,speech_social,1463,1,0.4348251631477406,0.43960655514998,0.4372158591488603,1,0,0.5579696595668793,0.6368789434432983,0.01024314888981283,0.2816410727072236,6.507404878153887,0.5540683567523956,0.6772085726261139,0.0018526849003663575,6.276322614716997e-05,0.0005740370851559697,0.13346415056203617
1781867492.374669,51.030741930007935,rhymes_and_toys,speech_attention_movie,speech_social,1464,1,0.43152571228509184,0.42717083842475095,0.42934827535492137,1,0,0.5574534714221955,0.636535781621933,0.01016239109061795,0.2819810902937267,6.397060856917306,0.553960457444191,0.6769296526908875,0.0002990628545603147,0.0015536220458060427,0.0019950197307047296,0.13346853769437902
1781867492.4088361,51.06490898132324,rhymes_and_toys,speech_attention_movie,speech_social,1465,1,0.46339352368215,0.39872630320182223,0.43105991344198613,1,0,0.5573528468608857,0.6357335269451141,0.005926680113536642,0.2829759740722144,6.55510707222895,0.5541296601295471,0.6752766072750092,0.0016616824894329172,0.0013626196348726024,0.0005535159142323775,0.13356381335862402
1781867492.4427679,51.09884071350098,rhymes_and_toys,speech_attention_movie,speech_social,1466,1,0.45397879488368886,0.40157629335946077,0.4277775441215748,1,0,0.5568971812725068,0.635213303565979,0.003168661933372519,0.2804525123921326,5.731752914358187,0.5541898161172867,0.6765271127223969,0.0012519515233455417,0.00040973096608737554,0.00035842861291331726,0.1339989913974568
1781867492.476875,51.13294792175293,rhymes_and_toys,speech_attention_movie,speech_social,1467,1,0.4566118466237055,0.41324752117645214,0.4349296839000788,1,0,0.5571639478206635,0.6346898794174194,0.007678311208042295,0.2824864276100306,6.482969970372872,0.5541878342628479,0.675584226846695,0.0009428879585322762,0.00030906356481326543,0.0005777726718238564,0.13313638276073728
1781867492.5119,51.167972803115845,rhymes_and_toys,speech_attention_movie,speech_social,1468,1,0.43629579885495684,0.39899465410251167,0.41764522647873425,1,0,0.5566702663898468,0.6347695291042328,0.008046893729813265,0.2781467285610905,5.715454431207227,0.5538800060749054,0.6760942041873932,0.0005956803516296447,0.00034720760690263154,0.0004823112505518882,0.1345212709463575
1781867492.5463302,51.20240306854248,rhymes_and_toys,speech_attention_movie,speech_social,1469,1,0.44576181448508534,0.4041177283912883,0.42493977143818684,1,0,0.5568951725959779,0.6344781219959259,0.0026014652268363295,0.28400332948652257,5.8752016152317195,0.5542784184217453,0.6748533844947815,0.0013032136845841744,0.0007075333329545297,0.0004287052330450646,0.13436923737356202
1781867492.58098,51.23705291748047,rhymes_and_toys,speech_attention_movie,speech_social,1470,1,0.4398087722951317,0.41812769340815,0.4289682328516409,1,0,0.5565214991569519,0.6341983675956726,0.007303461318695434,0.2834000217483085,5.293680414950852,0.5538879334926605,0.6746145784854889,0.0004577191168354262,0.0008454945677487482,0.0019101944258594179,0.13516003857924713
1781867492.615343,51.2714159488678,rhymes_and_toys,speech_attention_movie,speech_social,1471,1,0.4563458717054893,0.4123008534189287,0.434323362562209,1,0,0.5565351039171219,0.6349839210510254,0.006168898571538238,0.2826298392571213,5.612591141414245,0.5540147125720978,0.6745377480983734,0.00014824251538365205,0.00030947660145177417,0.0014385124942095477,0.13460023419164258
1781867492.648418,51.30449080467224,rhymes_and_toys,speech_attention_movie,speech_social,1472,1,0.4511593187421965,0.4173817427476113,0.4342705307449039,1,0,0.5561121225357055,0.6342892408370971,0.006590801789044202,0.28590020083437995,6.052201914413725,0.5535736083984375,0.6735933721065521,0.0010423142069208116,0.0008940716915371595,0.0012621472358453339,0.13247940657218096
1781867492.6839402,51.34001302719116,rhymes_and_toys,speech_attention_movie,speech_social,1473,1,0.43654195461926676,0.40632667298092784,0.4214343138000973,1,0,0.5560062766075134,0.6339071452617646,0.006014737851190506,0.28416561032511395,6.526473042016131,0.5535130202770233,0.6745149791240692,0.0009235964568972997,0.0001187177500235119,0.0011665486788425118,0.13336451791189352
1781867492.7203782,51.37645101547241,rhymes_and_toys,speech_attention_movie,speech_social,1474,1,0.4536494129714116,0.412967314901271,0.4333083639363413,1,0,0.5557909965515136,0.6342241585254669,0.001929652294313001,0.28149908935085266,6.333488876981446,0.5537234544754028,0.6751032471656799,0.0006247734314358597,0.00029882302546143996,0.0010112113447517173,0.13319042687181862
1781867492.753155,51.40922784805298,rhymes_and_toys,speech_attention_movie,speech_social,1475,1,0.4327569258588735,0.41339747672800914,0.4230772012934413,1,0,0.5550799906253815,0.6329364001750946,0.006363643941627716,0.2819158580956715,5.611972653600834,0.5529887080192566,0.6745054721832275,0.0009471997067490135,0.0003224262753131538,0.001047132865412206,0.13087766241833748
1781867492.787313,51.44338583946228,rhymes_and_toys,speech_attention_movie,speech_social,1476,1,0.4644940730129632,0.3961667911272806,0.4303304320701219,1,0,0.5551487237215043,0.6327605485916138,0.004512130234015332,0.28377213273825785,5.459019029420883,0.5531138777732849,0.6723765134811401,0.0021326351358160606,0.001185435429067047,0.0011133899594790516,0.1340819336361152
1781867492.8220868,51.4781596660614,rhymes_and_toys,speech_attention_movie,speech_social,1477,1,0.4394880828053899,0.4085106714589802,0.42399937713218505,1,0,0.555381602048874,0.6328780055046082,0.0013616250035183533,0.2844436050698324,5.74203494428298,0.5534138083457947,0.6723489761352539,0.0003011920545839376,0.001831443081232123,0.002533209217389755,0.13390214160302985
1781867492.855988,51.51206088066101,rhymes_and_toys,speech_attention_movie,speech_social,1478,1,0.4063582800053245,0.4198793124426981,0.41311879622401126,1,0,0.5548639416694641,0.6320567786693573,0.002447946646308857,0.28461610900461504,5.88657678281795,0.5532505661249161,0.6729204654693604,0.0005943467688772323,0.0002931547142932947,0.001269857726682234,0.13464809130638047
1781867492.8899891,51.546061992645264,rhymes_and_toys,speech_attention_movie,speech_social,1479,1,0.4325543862030776,0.4112921783598607,0.42192328228146914,1,0,0.5543227344751358,0.6320584952831269,0.006254097682475406,0.28411300808130835,5.720969055928481,0.5525617897510529,0.6731953620910645,0.0007416070696915546,0.00014726030081432231,0.000960841287311199,0.13444962551059633
1781867492.926854,51.582926750183105,rhymes_and_toys,speech_attention_movie,speech_social,1480,1,0.4223050572214978,0.40029692150452983,0.41130098936301385,1,0,0.5549275636672973,0.6317642748355865,0.009069496661951119,0.28322539495795346,5.791334131655935,0.5524071902036667,0.6728821694850922,0.00034927156839302363,0.000392335501298531,0.001011965935801763,0.133877728670925
1781867492.95963,51.615702867507935,rhymes_and_toys,speech_attention_movie,speech_social,1481,1,0.4603679213080455,0.40127640884150295,0.4308221650747742,1,0,0.5549090534448624,0.632001131772995,0.008137465623230533,0.27973628028963105,5.606511559057817,0.5528294295072556,0.6728634834289551,0.0004226525738584468,7.338100546542317e-05,0.0003935769462778062,0.1348643380267743
1781867492.99405,51.65012288093567,rhymes_and_toys,speech_attention_movie,speech_social,1482,1,0.4114242649744136,0.41793857429366643,0.41468141963404004,1,0,0.55486701130867,0.6321529686450957,0.004317577723994614,0.2813452288504693,5.537374896884987,0.5529545992612839,0.6726202368736267,0.0002735623402492155,0.0001490902336092313,0.000885013884643578,0.13536678169398414
1781867493.029262,51.68533492088318,rhymes_and_toys,speech_attention_movie,speech_social,1483,1,0.4131228485270563,0.42960083336914856,0.4213618409481024,1,0,0.5552603602409363,0.6318422973155975,0.005381033664769732,0.28258979865593203,5.7916540975084585,0.553252637386322,0.6727730929851532,0.0003349503169236486,6.13879766744331e-05,0.0003811570213165089,0.13436797687036006
1781867493.063071,51.719143867492676,rhymes_and_toys,speech_attention_movie,speech_social,1484,1,0.4131611459214474,0.4058570485332169,0.4095090972273322,1,0,0.5549288928508759,0.6323865950107574,0.004425185070992938,0.2815070832217664,5.838258151133914,0.5532507747411728,0.6739422976970673,0.0011692061955912642,0.0008342558786676156,0.00531252983133002,0.13576219633466965
1781867493.096409,51.75248193740845,rhymes_and_toys,speech_attention_movie,speech_social,1485,1,0.4095717677589648,0.415889791085321,0.41273077942214287,1,0,0.5549985826015472,0.6321330487728118,0.008105582820569163,0.27982741366151215,6.0896976836885,0.5528652220964432,0.6733369827270508,0.0007176747555711094,0.0004515314400201548,0.0005379444451808364,0.1348668202997556
1781867493.1335318,51.78960466384888,rhymes_and_toys,speech_attention_movie,speech_social,1486,1,0.43473785299097817,0.4059861708845145,0.42036201193774636,1,0,0.5548808813095093,0.6324045419692993,0.0014306288265949398,0.28078246782902655,5.812963910022829,0.553411990404129,0.6725551784038544,0.0009540301787984744,0.000236355423227365,0.0010124937721983018,0.1325902077297884
1781867493.1674721,51.82354497909546,rhymes_and_toys,speech_attention_movie,speech_social,1487,1,0.4347370524355994,0.4112039791566114,0.4229705157961054,1,0,0.5547017723321914,0.6317735493183136,0.005697806911028841,0.2817700646977668,6.047641149860363,0.5530802011489868,0.6732239425182343,0.0007465450760068897,0.0002074851027915847,0.0008764443458842811,0.13242054320282115
1781867493.200114,51.856186866760254,rhymes_and_toys,speech_attention_movie,speech_social,1488,1,0.4359781903589675,0.41995014954155585,0.42796416995026165,1,0,0.5549811065196991,0.6314203202724457,0.004926595698124314,0.2838318906930492,5.653053989729638,0.5532225370407104,0.6711727380752563,0.0020561369538445295,0.0013095918778376397,0.0006788536781624728,0.13249880617437793
1781867493.234793,51.89086580276489,rhymes_and_toys,speech_attention_movie,speech_social,1489,1,0.4301377930437525,0.4269916944101643,0.4285647437269584,1,0,0.5551756203174592,0.6311517238616944,0.008605555066579142,0.2792983988538408,5.477194861359524,0.5530472099781036,0.6723718345165253,0.0012118464648403788,0.0008442904890041507,0.0007964262721091909,0.13368774760539476
1781867493.2701151,51.92618799209595,rhymes_and_toys,speech_attention_movie,speech_social,1490,1,0.45555401860676675,0.41278167341849253,0.43416784601262964,1,0,0.5551635205745697,0.6311884820461273,0.008010110752933038,0.281484878904858,5.7868224620123305,0.5525328367948532,0.6720820963382721,0.0005903625865386844,0.0006214838783016944,0.00045515263055568027,0.13297721223205758
1781867493.303933,51.96000576019287,rhymes_and_toys,speech_attention_movie,speech_social,1491,1,0.4332634928257122,0.39776570098894226,0.4155145969073272,1,0,0.555341574549675,0.6309691548347474,0.009930163785691655,0.2767081932507975,5.887199020830395,0.5527410209178925,0.6729114055633545,0.0008550405954645582,0.0002646780089258739,0.0006608646353066793,0.13514667167943722
1781867493.338235,51.99430775642395,rhymes_and_toys,speech_attention_movie,speech_social,1492,1,0.42250486660797043,0.4195564024092722,0.4210306345086213,1,0,0.5550075769424438,0.6314214527606965,0.009846112159173194,0.28194439486367795,5.284166732169495,0.5526793003082275,0.6725826859474182,0.00033446377914312937,0.0005205768163214289,0.0007353428962692144,0.13473974654434526
1781867493.374253,52.0303258895874,rhymes_and_toys,speech_attention_movie,speech_social,1493,1,0.44179184197243965,0.4099624131377039,0.4258771275550718,1,0,0.5547249406576157,0.6315032064914703,0.007686550954444021,0.27762095203396525,5.969986497287597,0.5527472645044327,0.6731500625610352,0.0005714327201388112,0.00023696894099568182,0.0006812559257084965,0.1341764682107403
1781867493.406542,52.06261491775513,rhymes_and_toys,speech_attention_movie,speech_social,1494,1,0.41597103049235856,0.4168092530061938,0.4163901417492762,1,0,0.5545776009559631,0.6310224056243896,0.009752073595675695,0.27769120910076506,5.716380185647205,0.5525167882442474,0.6728236079216003,0.0003996147371124968,0.00017181798302631437,0.0005776989210427201,0.1347529655684951
1781867493.440393,52.096465826034546,rhymes_and_toys,speech_attention_movie,speech_social,1495,1,0.42823887844006525,0.435893876958743,0.43206637769940415,1,0,0.5548567622900009,0.6305958449840545,0.011787690930837525,0.27599230043474077,5.902156383457973,0.5522709488868713,0.6731904745101929,0.00044161984042908817,4.2005103316591354e-05,0.0003166290853932241,0.1326275466804469
1781867493.475347,52.13141989707947,rhymes_and_toys,speech_attention_movie,speech_social,1496,1,0.44803479573992927,0.41788872525948906,0.43296176049970914,1,0,0.5551751881837845,0.6294447183609009,0.011003550262688205,0.2815278426154534,5.429606206699227,0.5522107034921646,0.6709915995597839,0.0021997001057233387,0.0017580802652942505,0.0008126919947045496,0.1334425934717506
1781867493.511146,52.167218923568726,rhymes_and_toys,speech_attention_movie,speech_social,1497,1,0.458566334648684,0.4235811903570318,0.4410737625028579,1,0,0.5548993259668351,0.6292389512062073,0.010711828303231445,0.2783414585962805,5.6786417509759985,0.5521941930055618,0.6702830195426941,0.0007087723448237128,0.0014909277608996258,0.0011659053208258473,0.13254500228304258
1781867493.544435,52.2005078792572,rhymes_and_toys,speech_attention_movie,speech_social,1498,1,0.4556477415611119,0.4240824936355204,0.43986511759831615,1,0,0.5547127902507782,0.6286992728710175,0.011018829507963231,0.27823964240007554,5.211766960996104,0.5522789806127548,0.6690543591976166,0.0012315823894078345,0.0005228100445841217,0.0002872617265575001,0.13252304719764502
1781867493.578735,52.23480796813965,rhymes_and_toys,speech_attention_movie,speech_social,1499,1,0.44172027675329795,0.42055006451014926,0.4311351706317236,1,0,0.554290497303009,0.6284180402755737,0.010233030683359066,0.27822856095328974,5.439628267078276,0.5520510822534561,0.6710803210735321,0.002038739606922425,0.0008071572175145905,0.0011418818543187561,0.1316864793080878
1781867493.612986,52.2690589427948,rhymes_and_toys,speech_attention_movie,speech_social,1500,1,0.44056792185655075,0.4127459872552054,0.42665695455587804,1,0,0.5543888241052628,0.6287899196147919,0.010534886649260515,0.2768452154171409,5.1720044644856875,0.5517817437648773,0.6720046699047089,0.0009627896879006073,0.0010759499190218177,0.0011330565183146255,0.13380767015028464
1781867493.6474519,52.30352473258972,rhymes_and_toys,speech_attention_movie,speech_social,1501,1,0.4683545519267808,0.4255488029933979,0.44695167746008935,1,0,0.554128909111023,0.6286868631839753,0.013263882121892667,0.2744240468006794,5.102817861862961,0.5512405335903168,0.6725600063800812,0.0007754399099393858,0.00018734977796122144,0.004520277265178426,0.1318540086679988
1781867493.681229,52.3373019695282,rhymes_and_toys,speech_attention_movie,speech_social,1502,1,0.4684908626474988,0.39843675396920397,0.4334638083083514,1,0,0.5545477420091629,0.6292931616306305,0.01071063765753511,0.27675544250817824,4.869998185077924,0.5519464313983917,0.671544998884201,0.0012363381140035547,0.00046089820406416883,0.0012710870862858124,0.13348183982617529
1781867493.71839,52.374462842941284,rhymes_and_toys,speech_attention_movie,speech_social,1503,1,0.433712538825875,0.40657650506080395,0.4201445219433395,1,0,0.554211962223053,0.6297590911388398,0.013194235436475937,0.27821572093632585,5.214623808217766,0.551720067858696,0.6713268458843231,0.00031437427289669355,0.0009219638411068611,0.000748333963353418,0.13491556304755503
1781867493.750061,52.40613389015198,rhymes_and_toys,speech_attention_movie,speech_social,1504,1,0.44585464501041067,0.42186036993945647,0.43385750747493357,1,0,0.5546381741762161,0.6297111511230469,0.010963846344466508,0.2788473940760627,4.655132524952476,0.5518800765275955,0.6716076135635376,0.00032316135878920476,8.787085892511212e-06,0.0010117894130472864,0.13342156340003564
1781867493.785595,52.441667795181274,rhymes_and_toys,speech_attention_movie,speech_social,1505,1,0.4494150411250997,0.4180800430627235,0.43374754209391164,1,0,0.5547392666339874,0.6290672361850738,0.013115156137635742,0.2808193201105069,5.01034329005444,0.5516920685768127,0.6714617013931274,0.0002379860311685145,8.517532762069026e-05,0.0007898689084602742,0.13227323398630147
1781867493.820829,52.47690176963806,rhymes_and_toys,speech_attention_movie,speech_social,1506,1,0.46267554976513825,0.4073663837533853,0.4350209667592618,1,0,0.5544172257184983,0.6291327059268952,0.01543181063102392,0.28127913869339494,4.848035402845637,0.5514076948165894,0.6706574559211731,0.0008530411564881601,0.0006150551253196456,0.0010646677894410117,0.1319408893713937
1781867493.854648,52.51072096824646,rhymes_and_toys,speech_attention_movie,speech_social,1507,1,0.47478561675611025,0.42408401436784643,0.44943481556197834,1,0,0.5548773258924484,0.6291848421096802,0.010852327536616767,0.2773628021044667,5.1316556093821175,0.5519232600927353,0.6708154380321503,0.0005392271333642606,0.00031381402312389954,0.000725774643120303,0.13273792548214
1781867493.888472,52.54454493522644,rhymes_and_toys,speech_attention_movie,speech_social,1508,1,0.4774328842910095,0.3994562498075059,0.4384445670492577,1,0,0.5543688058853149,0.6288214445114135,0.010060470455673121,0.2775461915218786,5.172051058395743,0.5518307983875275,0.6697650253772736,0.0010544742350835675,0.000515247101719307,0.0008292396588960512,0.13398755643028498
1781867493.9261189,52.582191705703735,rhymes_and_toys,speech_attention_movie,speech_social,1509,1,0.45854917425442226,0.41453505490647274,0.4365421145804475,1,0,0.5545957982540131,0.6288772761821747,0.01251039625030789,0.27771166377456735,5.242062129034718,0.5517197102308273,0.6707645952701569,0.0010057238931823022,4.8750341901265294e-05,0.0008073491136603485,0.13473054120861516
1781867493.957883,52.61395573616028,rhymes_and_toys,speech_attention_movie,speech_social,1510,1,0.4542030259261036,0.4219525239959067,0.4380777749610052,1,0,0.5544422119855881,0.6279910027980804,0.018258880235656402,0.2785540706038694,5.339341465559125,0.5514296144247055,0.6708259284496307,0.0002965085759870142,0.0007092153171952881,0.0009067216753272645,0.13262238144640948
1781867493.99279,52.64886283874512,rhymes_and_toys,speech_attention_movie,speech_social,1511,1,0.433323180030958,0.40737507454574823,0.4203491272883531,1,0,0.5544080436229706,0.6279742062091827,0.011724111244675086,0.27815079596050923,4.973590963210398,0.5516844391822815,0.6703849136829376,0.0005093424010575246,0.00021283382507051045,0.0010171004843834031,0.13361647920146733
1781867494.027345,52.68341779708862,rhymes_and_toys,speech_attention_movie,speech_social,1512,1,0.42438906984631874,0.4047223765514019,0.41455572319886036,1,0,0.5544859141111373,0.6285654425621032,0.011613235232060204,0.2776243120478319,5.306173685888071,0.5518303215503693,0.6709255874156952,0.0005600087058367019,5.066630477917726e-05,0.000685931620072009,0.13388807631175195
1781867494.060642,52.71671485900879,rhymes_and_toys,speech_attention_movie,speech_social,1513,1,0.43883502654738976,0.41825729876424317,0.42854616265581646,1,0,0.5541980803012848,0.6284479796886444,0.01485676843041793,0.2804340460508709,5.460576869865592,0.5511158555746078,0.6695062220096588,0.001589043670379615,0.001029034964542913,0.001095351898965284,0.1323591283078818
1781867494.09519,52.7512629032135,rhymes_and_toys,speech_attention_movie,speech_social,1514,1,0.4488522435070906,0.40784088049975875,0.4283465620034247,1,0,0.5545342117547989,0.6279848158359528,0.015621111022197312,0.27804557526630924,5.027081117859068,0.551049217581749,0.6703460812568665,0.0008424987698581212,0.0007465449005214938,0.0004854432198937175,0.13248575785378755
1781867494.130017,52.78608989715576,rhymes_and_toys,speech_attention_movie,speech_social,1515,1,0.44267730068911815,0.4083308674722801,0.4255040840806991,1,0,0.5545986264944076,0.6276941657066345,0.015878907761025546,0.2785062579647744,5.272733528166263,0.5513428598642349,0.669416606426239,0.0009747559955360502,0.00013225722567792903,0.0005425666227565231,0.13321799499347242
1781867494.164695,52.820767879486084,rhymes_and_toys,speech_attention_movie,speech_social,1516,1,0.46054252246973015,0.39828508577857485,0.42941380412415253,1,0,0.5546107530593871,0.6270700395107269,0.015610003850321694,0.2748920819860236,5.021850610868622,0.5513261705636978,0.6698697209358215,0.0004534217590132008,0.0005213342365228494,0.0008238898951501316,0.13264169662318706
1781867494.19797,52.854042768478394,rhymes_and_toys,speech_attention_movie,speech_social,1517,1,0.4641537052895443,0.4180240297675711,0.4410888675285577,1,0,0.5546439945697785,0.6274514675140381,0.019167988307546707,0.2742553637015354,5.107890171086496,0.5512333810329437,0.6693609952926636,0.0005171186295464931,6.369687053329228e-05,0.0007634178779771501,0.1332705068181721
1781867494.2340312,52.89010405540466,rhymes_and_toys,speech_attention_movie,speech_social,1518,1,0.4540550577280875,0.3987351696413292,0.4263951136847084,1,0,0.5548736840486527,0.6267031013965607,0.015254082598451763,0.27541210588495096,5.280402235263714,0.5513870716094971,0.6701121032238007,0.0007666706708478755,0.00024955204130138245,0.0010507540734886825,0.13472851702989985
1781867494.2687418,52.92481470108032,rhymes_and_toys,speech_attention_movie,speech_social,1519,1,0.4262454130133441,0.4140784743704363,0.4201619436918902,1,0,0.5552070319652558,0.6263895213603974,0.014188155499632928,0.2757417213481465,5.202805573226569,0.5516867637634277,0.671043187379837,0.0009781273397413924,0.0002114566688935169,0.0010211831493386807,0.13523440793269534
1781867494.302231,52.958303928375244,rhymes_and_toys,speech_attention_movie,speech_social,1520,1,0.4547406037723949,0.42390358509176906,0.439322094432082,1,0,0.5551223576068878,0.6269521296024323,0.016727087599427454,0.2769298861770696,5.554946108915561,0.5517400205135345,0.6703825891017914,0.0006627415532383819,0.00031538578650301056,0.0007031587837936933,0.13343867487852615
1781867494.336499,52.99257183074951,rhymes_and_toys,speech_attention_movie,speech_social,1521,1,0.4570542371367992,0.4288557905550054,0.4429550138459023,1,0,0.5548231333494187,0.6277944803237916,0.013506698565902024,0.2794087726631001,5.614018074627292,0.551704615354538,0.6693578064441681,0.0010253940806582748,0.0003626525274198929,0.0008114202887508215,0.1314035432991868
1781867494.3724768,53.028549671173096,rhymes_and_toys,speech_attention_movie,speech_social,1522,1,0.4498342633075247,0.4124242642158933,0.431129263761709,1,0,0.5550968080759049,0.6270414292812347,0.012819952140640621,0.2802632967524436,4.893969153985528,0.5516369491815567,0.6693606078624725,6.772413831453724e-05,0.0009576699423437375,0.001014190306228423,0.132182982172529
1781867494.4052548,53.06132769584656,rhymes_and_toys,speech_attention_movie,speech_social,1523,1,0.46503805763389366,0.39320778536871615,0.42912292150130493,1,0,0.5550787150859833,0.6281186819076539,0.01136012321438571,0.27846304184534365,5.265490790331733,0.5519587695598602,0.6696014702320099,0.0004019739257098331,0.00033424978739529583,0.0006906616849220803,0.13263157215172167
1781867494.439601,53.09567379951477,rhymes_and_toys,speech_attention_movie,speech_social,1524,1,0.4616187703786939,0.414194807524479,0.43790678895158647,1,0,0.5550767600536346,0.628028404712677,0.012318168355655867,0.27876110614518335,5.371850192271607,0.5518864244222641,0.6698724627494812,0.00028048308943542954,0.00012149083627440354,0.0011489839630242891,0.13218136166753244
1781867494.475233,53.13130593299866,rhymes_and_toys,speech_attention_movie,speech_social,1525,1,0.46225440952090197,0.41536439392472646,0.43880940172281424,1,0,0.5554766982793808,0.6288160622119904,0.014315379447588449,0.275478256864775,5.453949241500719,0.5518361032009125,0.6700984835624695,0.00023155481688404302,4.892827255138652e-05,0.0012590336155000334,0.13327356668687548
1781867494.5098639,53.16593670845032,rhymes_and_toys,speech_attention_movie,speech_social,1526,1,0.4555197518620938,0.4089680579317439,0.4322439048969189,1,0,0.5554677218198776,0.6289868235588074,0.014800291668082874,0.27515432589760674,5.07983484396486,0.5521606802940369,0.671970009803772,0.001899463282420828,0.001667908465536785,0.0005785110168388431,0.13349443024588367
1781867494.543902,53.19997477531433,rhymes_and_toys,speech_attention_movie,speech_social,1527,1,0.454151497067804,0.4112066138576797,0.4326790554627419,1,0,0.5557108759880066,0.6283340930938721,0.020200357707283043,0.2761190578124917,5.530619450527858,0.5516646653413773,0.6708922982215881,0.0011863781385524192,0.0007130851438684087,0.0003222541073948172,0.13357293267779347
1781867494.5776992,53.23377203941345,rhymes_and_toys,speech_attention_movie,speech_social,1528,1,0.44988746949112596,0.40357717469771315,0.4267323220944196,1,0,0.5561016529798508,0.6278999090194702,0.023784171528645696,0.2768783199626758,4.501653110857023,0.551722913980484,0.6704027950763702,0.0004929566239903878,0.0006934215145620314,0.0005917420527433724,0.13398727066118415
1781867494.611337,53.267409801483154,rhymes_and_toys,speech_attention_movie,speech_social,1529,1,0.4642114171797045,0.40086692411139985,0.43253917064555214,1,0,0.5557524383068084,0.6278895854949951,0.01717221292788512,0.2752076191289278,4.763860733157418,0.5518430769443512,0.6699901521205902,0.00042978290664034816,6.317371735003964e-05,0.0010695268873092366,0.13337464368596527
1781867494.647273,53.303345918655396,rhymes_and_toys,speech_attention_movie,speech_social,1530,1,0.48072328893506144,0.3966475598707411,0.43868542440290126,1,0,0.5556140124797821,0.6281726598739624,0.016761619837160815,0.2764220511670442,4.632036517369499,0.5518823266029358,0.6702908277511597,0.00030322659929061044,0.00012655630734973773,0.0008428438643578956,0.13429476325884024
1781867494.681623,53.337695837020874,rhymes_and_toys,speech_attention_movie,speech_social,1531,1,0.48122164168710907,0.4155718531328581,0.4483967474099836,1,0,0.5559026271104812,0.6284422039985658,0.018714666327892083,0.27592803768964064,5.001707184861847,0.55199234187603,0.6706288456916809,0.0003554707982777307,5.224419898712025e-05,0.0010356374134988238,0.1335341625040978
1781867494.718133,53.37420582771301,rhymes_and_toys,speech_attention_movie,speech_social,1532,1,0.4655433552599452,0.4283534868402525,0.44694842105009885,1,0,0.5560127377510071,0.6283544063568115,0.01947929144930489,0.2764863633299107,5.310462809665457,0.5517102479934692,0.6704921424388885,0.00031347206877519146,4.199872950253923e-05,0.0006530172029519651,0.13214434270947223
1781867494.750029,53.40610194206238,rhymes_and_toys,speech_attention_movie,speech_social,1533,1,0.46123951855583656,0.41778705394870613,0.4395132862522714,1,0,0.5554202675819397,0.6284175932407379,0.019752766958466866,0.27752605870690206,5.080704404896991,0.5517747700214386,0.6710002422332764,0.0005121801374030637,0.0001987080686278723,0.0009582791167715028,0.13320659554038025
1781867494.784511,53.44058394432068,rhymes_and_toys,speech_attention_movie,speech_social,1534,1,0.4670186385290366,0.4344098413646384,0.45071423994683746,1,0,0.5557421535253525,0.6277384221553802,0.023478780854142824,0.27806446169933624,5.16712476653375,0.551285907626152,0.6710141897201538,0.0004890613191773699,2.311881822569383e-05,0.0010007077022181918,0.1327206950798287
1781867494.820263,53.476335763931274,rhymes_and_toys,speech_attention_movie,speech_social,1535,1,0.46755945081355915,0.4138202633765409,0.44068985709505004,1,0,0.555298563838005,0.6272275447845459,0.022441047096140174,0.2768916253454276,4.701616802962007,0.5511094927787781,0.671554446220398,0.0005683302599985554,7.926894082118546e-05,0.0009532574596989946,0.13263770860258495
1781867494.8529532,53.50902605056763,rhymes_and_toys,speech_attention_movie,speech_social,1536,1,0.4550031387589008,0.4292213806995709,0.44211225972923585,1,0,0.555123719573021,0.6272511541843414,0.020456050416550582,0.2798533257445886,4.617622147736998,0.5514704436063766,0.6691476702690125,0.0024336918416495673,0.001865361581651012,0.000772869910425484,0.13296432439587505
1781867494.886166,53.54223895072937,rhymes_and_toys,speech_attention_movie,speech_social,1537,1,0.4699131339869325,0.41854030764519706,0.4442267208160648,1,0,0.5545181989669801,0.6267391383647918,0.011875525429128748,0.27698528836247166,4.477089590420457,0.5514968633651733,0.6693949103355408,0.0002486476506058395,0.002185044191043728,0.0006510822851299226,0.13191608520193232
1781867494.926244,53.582316875457764,rhymes_and_toys,speech_attention_movie,speech_social,1538,1,0.4588547964873601,0.427314048381731,0.44308442243454554,1,0,0.5547064155340194,0.6264133095741272,0.013418630808456119,0.2774112886868783,5.254998757434402,0.5515314936637878,0.6692474782466888,0.00015144463808723166,9.720301251860784e-05,0.0008284884741768324,0.13234175994726297
1781867494.956522,53.61259484291077,rhymes_and_toys,speech_attention_movie,speech_social,1539,1,0.46049706969233994,0.4134397807882439,0.4369684252402919,1,0,0.554170361161232,0.62634397149086,0.012490184958248392,0.27702610332752564,5.177614789068373,0.5513731837272644,0.6690372228622437,0.00026319073443084893,0.00011174609634361727,0.0009689222187060199,0.13158797388015397
1781867494.989413,53.64548587799072,rhymes_and_toys,speech_attention_movie,speech_social,1540,1,0.45655084174731403,0.4065190305381808,0.4315349361427474,1,0,0.5541620403528214,0.6265172362327576,0.013755764968340474,0.2759210556363425,5.017793796473145,0.5512821823358536,0.6707794070243835,0.0017445592303071244,0.0014813684958762754,0.0011015029521427222,0.13346997176882516
1781867495.023944,53.68001675605774,rhymes_and_toys,speech_attention_movie,speech_social,1541,1,0.44901832417301196,0.4248685395438332,0.43694343185842255,1,0,0.5543650209903717,0.6271360337734222,0.010521154716912258,0.27317959944595027,5.04295334094695,0.551694467663765,0.6709800362586975,0.0004585098486100374,0.001286049381697087,0.004321123401644463,0.13245764125060147
1781867495.059156,53.71522879600525,rhymes_and_toys,speech_attention_movie,speech_social,1542,1,0.42886214947268614,0.4163055703470628,0.42258385990987446,1,0,0.5540873557329178,0.6269360840320588,0.01080784557199902,0.27553227975253025,5.477177217268459,0.5514183193445206,0.6707499921321869,0.00035941368138056855,9.909616722946884e-05,0.0008700174985906299,0.1326406163855097
1781867495.094507,53.750579833984375,rhymes_and_toys,speech_attention_movie,speech_social,1543,1,0.4387973354484401,0.41876470305092445,0.42878101924968226,1,0,0.5539937198162079,0.6275455415248872,0.0070849038316771725,0.2765794264505205,4.971524147639056,0.5518903136253357,0.6696732938289642,0.0011756095598814827,0.0008161958785009142,0.0008182779842889376,0.13455244208141268
1781867495.129318,53.785390853881836,rhymes_and_toys,speech_attention_movie,speech_social,1544,1,0.44686084521051633,0.41831991532341445,0.4325903802669654,1,0,0.5542742669582367,0.6272988975048066,0.00853065886145132,0.2760527358811801,5.273354169979376,0.5517191290855408,0.6696032583713531,0.000184957054441276,0.0009906525054402067,0.001189501485546734,0.13238026208431536
1781867495.163348,53.81942081451416,rhymes_and_toys,speech_attention_movie,speech_social,1545,1,0.4402075514443326,0.4165326275258515,0.42837008948509203,1,0,0.5541812390089035,0.6272979378700256,0.01319083311836808,0.2732031183679002,4.755973575461468,0.5511955320835114,0.6701834499835968,0.0007815216743328902,0.0005965646198916141,0.0007537874760503032,0.13333203754592404
1781867495.1964931,53.85256600379944,rhymes_and_toys,speech_attention_movie,speech_social,1546,1,0.4529871323341712,0.4149003836094496,0.4339437579718104,1,0,0.5542733788490295,0.6263824105262756,0.01547108451713224,0.27629244872598846,4.322011017504414,0.5511692464351654,0.6693583428859711,0.0008255256857671521,4.40040114342619e-05,0.0007482023528931199,0.13327512026848237
1781867495.232525,53.88859796524048,rhymes_and_toys,speech_attention_movie,speech_social,1547,1,0.46764384192107866,0.43951217452917385,0.4535780082251263,1,0,0.5543353587388993,0.6263806462287903,0.01390513620258955,0.2784280139329251,4.680458901203298,0.5513584613800049,0.6691987216472626,0.000247550470000445,0.0005779752157667071,0.003860453987500577,0.13346178389554295
1781867495.265805,53.92187786102295,rhymes_and_toys,speech_attention_movie,speech_social,1548,1,0.4810213313806193,0.40851846301916417,0.44476989719989174,1,0,0.5545804351568222,0.6265610158443451,0.01349663729684713,0.27785778066627614,4.650696552819439,0.5514507293701172,0.6689646244049072,0.0002516245236016201,4.074053601175109e-06,0.0017084529334621327,0.1339716463292278
1781867495.301986,53.95805883407593,rhymes_and_toys,speech_attention_movie,speech_social,1549,1,0.47237238720588204,0.4335938225981133,0.45298310490199767,1,0,0.5546273767948151,0.6264635145664215,0.01646262563833799,0.2798338742806274,4.247730142252862,0.5513754189014435,0.6696377694606781,0.0006773447665706338,0.00042572024296901365,0.0009268418743629407,0.13278333387936883
1781867495.334481,53.990553855895996,rhymes_and_toys,speech_attention_movie,speech_social,1550,1,0.4760056710965027,0.43070555484046535,0.45335561296848403,1,0,0.5548342227935791,0.6259755611419677,0.017224271048031745,0.27970960252424454,4.509745553176292,0.5512452125549316,0.6685523986816406,0.0010931529722140348,0.000415808205643401,0.0009737453248892796,0.1325903891644779
1781867495.3716538,54.02772665023804,rhymes_and_toys,speech_attention_movie,speech_social,1551,1,0.4654099378514976,0.4231963300294025,0.44430313394045007,1,0,0.5548168927431106,0.6260827422142029,0.01396893021621754,0.27934401598249725,4.873792645760352,0.5512944906949997,0.669061154127121,0.0005111364185757778,0.000582016553638257,0.0012607685926020666,0.13264195307440038
1781867495.404237,54.06030988693237,rhymes_and_toys,speech_attention_movie,speech_social,1552,1,0.458013134228629,0.41359455545969115,0.43580384484416007,1,0,0.5547108888626098,0.6265058517456055,0.0122219958013457,0.27578453127771685,4.724280577487253,0.5516881793737411,0.6704087555408478,0.0014039303209375032,0.0008927939023617254,0.0008960321809978395,0.13316764374609572
1781867495.43848,54.094552755355835,rhymes_and_toys,speech_attention_movie,speech_social,1553,1,0.4401309652244116,0.43282294065762383,0.43647695294101774,1,0,0.5544427007436752,0.6267054200172424,0.0066650408438915995,0.27405877366051534,4.841954956253581,0.5517670214176178,0.6704593002796173,9.36527548976934e-05,0.0013102775660398097,0.0007950227834569147,0.13305239840422867
1781867495.473739,54.12981176376343,rhymes_and_toys,speech_attention_movie,speech_social,1554,1,0.4556074878050598,0.425106822903596,0.4403571553543279,1,0,0.5545588523149491,0.6268757581710815,0.013869195934878276,0.2775007589542692,4.904976000249663,0.5511727184057236,0.6690237820148468,0.0015536758859029378,0.0014600231310052444,0.0008672224416950222,0.1334618220117818
1781867495.508723,54.164795875549316,rhymes_and_toys,speech_attention_movie,speech_social,1555,1,0.46039405168536407,0.41732184763106417,0.4388579496582141,1,0,0.5540971249341965,0.6266369760036469,0.011960337193076235,0.2713408858283383,5.278637713149959,0.5512418746948242,0.6697893440723419,0.000768679293462709,0.0007849965924402289,0.0012575401151777507,0.1326828140013849
1781867495.5421708,54.198243618011475,rhymes_and_toys,speech_attention_movie,speech_social,1556,1,0.4507707196683377,0.4030006028133549,0.4268856612408463,1,0,0.5537448465824127,0.6262414813041688,0.011624019447329123,0.27434240704482227,4.9823773884858555,0.5509121119976044,0.6693253517150879,0.0005692383894888497,0.00019944090397385926,0.0010751856977569002,0.13360043251439863
1781867495.576127,54.232199907302856,rhymes_and_toys,speech_attention_movie,speech_social,1557,1,0.45961546616385474,0.43819620205920096,0.44890583411152785,1,0,0.5536176979541778,0.6259749352931976,0.014546933381814805,0.278657766674228,4.1661905313015675,0.5506062507629395,0.668262392282486,0.0011060894404288297,0.00053685105093998,0.000774083957406945,0.13210912174292258
1781867495.611198,54.26727080345154,rhymes_and_toys,speech_attention_movie,speech_social,1558,1,0.4578401793627029,0.40174650271714696,0.42979334103992495,1,0,0.5532889813184738,0.6254602015018462,0.014252170322669204,0.27852965481634945,4.366264628884746,0.550258070230484,0.6678299605846405,0.0005551818229035089,0.0005509076175253208,0.0004875179930264052,0.13377856501005964
1781867495.645358,54.30143094062805,rhymes_and_toys,speech_attention_movie,speech_social,1559,1,0.4942442741262509,0.4056763000496721,0.4499602870879615,1,0,0.553240442276001,0.6250528693199158,0.01533944732290108,0.27471505849294264,4.576636748292317,0.5500731021165848,0.668430894613266,0.0006287566380719158,7.357481516840692e-05,0.0007859195614185214,0.1330016132821602
1781867495.6796238,54.33569669723511,rhymes_and_toys,speech_attention_movie,speech_social,1560,1,0.466290693185796,0.42232343130403427,0.4443070622449151,1,0,0.5528771430253983,0.6248324632644653,0.02294508221425676,0.27362001506060024,4.792998719887645,0.5492001622915268,0.6690421998500824,0.001065700722872714,0.0004369440848007983,0.000804323057181559,0.13224999413073524
1781867495.713442,54.36951494216919,rhymes_and_toys,speech_attention_movie,speech_social,1561,1,0.4550521697547354,0.4179502525500981,0.43650121115241675,1,0,0.5528269678354263,0.6245934724807739,0.017620591627428673,0.2751989565083733,4.363352520457403,0.5495184659957886,0.6671636700630188,0.0019053061195073036,0.0008396053966345895,0.001120696402956732,0.13344225671372853
1781867495.748977,54.4050498008728,rhymes_and_toys,speech_attention_movie,speech_social,1562,1,0.4530578576877963,0.42236828701135154,0.4377130723495739,1,0,0.5528884679079056,0.6249207973480224,0.01586898858651779,0.27300642509753803,5.191032923228863,0.5493626892566681,0.6680244207382202,0.0008747331692068758,0.0010305729503004278,0.0022410887834862486,0.13550801300977836
1781867495.781386,54.437458753585815,rhymes_and_toys,speech_attention_movie,speech_social,1563,1,0.44291378317291247,0.3944716742716728,0.41869272872229263,1,0,0.5525479108095169,0.6240162670612335,0.013657367722223122,0.27545491954607704,4.686738693034889,0.5493334233760834,0.6665803790092468,0.0014443382591286754,0.0005696050899217997,0.0006586119544379136,0.1351462873901131
1781867495.819648,54.47572088241577,rhymes_and_toys,speech_attention_movie,speech_social,1564,1,0.4664975286147066,0.40803195307862655,0.43726474084666656,1,0,0.552083683013916,0.6245404839515686,0.016110877078183487,0.27475558306641307,4.6118540141767275,0.5487807542085648,0.6671757996082306,0.0008123846985387556,0.0006319535605899198,0.0005954033610623966,0.1336103529298322
1781867495.851112,54.507184743881226,rhymes_and_toys,speech_attention_movie,speech_social,1565,1,0.4586510582760123,0.4039616263787014,0.4313063423273569,1,0,0.5518428713083268,0.6239396452903747,0.013500022487626225,0.273085565981792,4.2094849909900685,0.5493538230657578,0.6663358211517334,0.0010168440010463202,0.0002044593025075646,0.0011271223965940854,0.13315968267860395
1781867495.885762,54.54183483123779,rhymes_and_toys,speech_attention_movie,speech_social,1566,1,0.47174325516625404,0.4127578178624528,0.4422505365143534,1,0,0.5517341673374176,0.6240380823612213,0.014281229206483082,0.27305496018260217,3.826055606487125,0.5489548146724701,0.6676405370235443,0.0013643647621033423,0.0003475207610570221,0.0009282269614384203,0.13197528008403592
1781867495.92225,54.578322887420654,rhymes_and_toys,speech_attention_movie,speech_social,1567,1,0.4614400115840626,0.4061134340303446,0.4337767228072036,1,0,0.550915190577507,0.6232280433177948,0.013724391992986978,0.27329648177268606,4.743865352319559,0.5479926913976669,0.6673893332481384,0.000994376454214464,0.00036998830788887837,0.0007095655352357936,0.13100045793608023
1781867495.954614,54.61068677902222,rhymes_and_toys,speech_attention_movie,speech_social,1568,1,0.4743936116785014,0.4160278422818079,0.4452107269801546,1,0,0.5506131291389464,0.6229650259017945,0.00950066190196254,0.2750034315852222,4.345538756257327,0.5483520030975342,0.6666721105575562,0.0008021927982396564,0.00019218365597480753,0.0008370678152097214,0.13175324248607065
1781867495.9888918,54.64496469497681,rhymes_and_toys,speech_attention_movie,speech_social,1569,1,0.4486464782968925,0.42168262097153364,0.4351645496342131,1,0,0.5506834566593171,0.6233516871929169,0.008450562370472888,0.2759044802175193,5.308329433901913,0.5485339909791946,0.6662870347499847,0.0004259142714772969,0.0003762785267623595,0.0007994551472751605,0.13311598392839066
1781867496.023846,54.67991876602173,rhymes_and_toys,speech_attention_movie,speech_social,1570,1,0.44808059855197946,0.4207979651271304,0.43443928183955494,1,0,0.5501293241977692,0.6229330778121949,0.005010165532250901,0.27257589519452763,4.664489459216208,0.548813208937645,0.666741281747818,0.0005332007158300574,0.00010728644435276048,0.00035386759745251607,0.13211124442254596
1781867496.058613,54.714685916900635,rhymes_and_toys,speech_attention_movie,speech_social,1571,1,0.46008719617333477,0.4107143320503963,0.43540076411186557,1,0,0.5498236298561097,0.6233407258987427,0.003091806115048247,0.27114954680837966,3.9408278874677842,0.5488391220569611,0.6677189767360687,0.0009780383324815498,0.00044483761665149236,0.0006279226157757525,0.13246537162208852
1781867496.0941901,54.75026297569275,rhymes_and_toys,speech_attention_movie,speech_social,1572,1,0.4648087882461241,0.4201201156251794,0.44246445193565176,1,0,0.5502741008996963,0.6235293924808503,0.00704917566003795,0.274554088808016,4.062489090455092,0.5484604984521866,0.6679532527923584,0.000445242747996034,0.0005327955844855157,0.0003168818470126479,0.1325755743544347
1781867496.128938,54.78501081466675,rhymes_and_toys,speech_attention_movie,speech_social,1573,1,0.4554706582964967,0.4180672919761314,0.4367689751363141,1,0,0.5504740566015244,0.6233609914779663,0.011029614625003402,0.27511044451936045,4.152007017758971,0.5482314079999924,0.6680367887020111,0.00024384561404309718,0.00020139713395293685,0.0005098857364151567,0.13397195044368568
1781867496.1616142,54.817687034606934,rhymes_and_toys,speech_attention_movie,speech_social,1574,1,0.4518426952797699,0.4097009627621071,0.43077182902093847,1,0,0.5503200709819793,0.622856879234314,0.0076233394084122994,0.2714424974727083,4.361697654590539,0.5483319759368896,0.6676300168037415,0.0004190194352934862,0.000175173821250389,0.00381119831717023,0.13382650576641053
1781867496.195797,54.85186982154846,rhymes_and_toys,speech_attention_movie,speech_social,1575,1,0.47579111939047786,0.3958073852112472,0.4357992523008625,1,0,0.549937516450882,0.6234108090400696,0.0031989868169884114,0.2718739256276105,3.7187034838944224,0.548968106508255,0.6666508913040161,0.0011676253029281334,0.0007486058676346471,0.006703512498703639,0.1330798585295052
1781867496.230046,54.88611888885498,rhymes_and_toys,speech_attention_movie,speech_social,1576,1,0.42456811346943546,0.39960490793008563,0.41208651069976054,1,0,0.5493872076272964,0.6234571874141693,0.004415999800189626,0.2727163029284946,4.567032122775458,0.5486119985580444,0.6690849661827087,0.0024599864607931688,0.0012923611578650354,0.008295687808645801,0.13473870003818067
1781867496.265613,54.92168593406677,rhymes_and_toys,speech_attention_movie,speech_social,1577,1,0.4337511559728846,0.4059144523357179,0.41983280415430124,1,0,0.5497277677059174,0.6225976049900055,0.007286593916025004,0.2731527474969175,4.7588026861229125,0.5487372875213623,0.6669772565364838,0.002111430149713478,0.00034855631107969095,0.005296738943584975,0.133674819330624
1781867496.3001559,54.956228733062744,rhymes_and_toys,speech_attention_movie,speech_social,1578,1,0.44943682445018707,0.42056843612602895,0.43500263028810804,1,0,0.54981549680233,0.6235805094242096,0.005799074642614805,0.27183236424496465,4.761606859253776,0.5484892725944519,0.668541431427002,0.0015837154075457997,0.0005277147421676781,0.005015685195598185,0.13266021961059685
1781867496.3336608,54.98973369598389,rhymes_and_toys,speech_attention_movie,speech_social,1579,1,0.42715721873370655,0.40672245253074796,0.41693983563222725,1,0,0.5497327595949173,0.6228407084941865,0.001631443860593504,0.27361409066174536,4.725956802423396,0.5488826483488083,0.6674317717552185,0.0011773228407272163,0.0004063925668185834,0.0009248931633349557,0.13298434979743495
1781867496.3701031,55.02617597579956,rhymes_and_toys,speech_attention_movie,speech_social,1580,1,0.455711206034136,0.4016103194635383,0.42866076274883713,1,0,0.5499795228242874,0.6232599079608917,0.008002099359719754,0.2726947825775357,4.199942284256861,0.5485283434391022,0.6663434505462646,0.001144541402877434,3.278143784978243e-05,0.00028102684884049543,0.13423495148117445
1781867496.402001,55.05807375907898,rhymes_and_toys,speech_attention_movie,speech_social,1581,1,0.46118441661432275,0.4243933886732467,0.44278890264378473,1,0,0.5501345157623291,0.6226758539676667,0.009939625706389897,0.273097400700243,4.237145016419884,0.5483247935771942,0.6661348938941956,0.000291424816041835,0.0008531165868355989,0.000477988793276125,0.13246405581914664
1781867496.437102,55.09317493438721,rhymes_and_toys,speech_attention_movie,speech_social,1582,1,0.45983888761077407,0.4166445465499927,0.4382417170803834,1,0,0.5500388711690902,0.6229787647724152,0.0050461594793378495,0.2714730995086901,4.098177121041675,0.5486720353364944,0.6669150292873383,0.0008539250968532519,0.0005625002808114169,0.0008467332447158976,0.13187159951965569
1781867496.4712052,55.127278089523315,rhymes_and_toys,speech_attention_movie,speech_social,1583,1,0.42323032850029524,0.4198982902014104,0.4215643093508528,1,0,0.5501084923744202,0.6228139400482178,0.007095244548118403,0.27420140692876793,4.541939645061539,0.5481748431921005,0.667398989200592,0.0006938423640018213,0.00016008273285143067,0.0007438156510865829,0.13311108727785492
1781867496.5087192,55.16479206085205,rhymes_and_toys,speech_attention_movie,speech_social,1584,1,0.4616610085460779,0.41351184657564377,0.43758642756086086,1,0,0.5502389639616012,0.6228065609931945,0.006925034740754415,0.27322453963087895,4.2904180896675745,0.5483069121837616,0.6672598421573639,0.00019184399442648376,0.0005019983695753375,0.0010037515866218193,0.13259525445548534
1781867496.540096,55.19616889953613,rhymes_and_toys,speech_attention_movie,speech_social,1585,1,0.4524968205861532,0.40390507077459936,0.42820094568037625,1,0,0.5502316027879715,0.622507131099701,0.00605015045269888,0.2700680161225929,3.9852843167480483,0.5486844480037689,0.6679125428199768,0.0007540235078324423,0.0005621795134059585,0.0005981979298755208,0.13329507700853685
1781867496.575595,55.2316677570343,rhymes_and_toys,speech_attention_movie,speech_social,1586,1,0.4239967891247884,0.4207575662479444,0.4223771776863664,1,0,0.5497922956943512,0.6235686838626862,0.004942264564032103,0.27409797693238397,4.232476507544902,0.5487145781517029,0.6666025519371033,0.0013103373378738417,0.0005563138300413994,0.0007828942269046019,0.13399180213865527
1781867496.6081548,55.264227628707886,rhymes_and_toys,speech_attention_movie,speech_social,1587,1,0.43484417235194794,0.42487030000774306,0.4298572361798455,1,0,0.5496127307415009,0.6234893858432771,0.001917882792643131,0.2745028983192343,4.0846491742546505,0.5490778237581253,0.667498916387558,0.0009671693743208438,0.00034316796355299793,0.0027577616942528597,0.13402111083734608
1781867496.6436312,55.29970407485962,rhymes_and_toys,speech_attention_movie,speech_social,1588,1,0.43868067029739816,0.4222868583016993,0.4304837642995487,1,0,0.5491911172866821,0.6240691602230073,0.0017781317274445623,0.2739185063967189,4.843650819715201,0.5489429831504822,0.6680395007133484,0.0005571475592334896,0.00041002181508735416,0.0007518857033127996,0.13291945664752083
1781867496.678327,55.334399938583374,rhymes_and_toys,speech_attention_movie,speech_social,1589,1,0.4557179258174039,0.41327163571711684,0.43449478076726034,1,0,0.5494085758924484,0.6236661911010742,0.005490349135946462,0.2750423650284663,5.055578413120806,0.5485475808382034,0.6676750183105469,0.0005377642703893083,1.9383288844181308e-05,0.0008258739145460982,0.13206607205782261
1781867496.718025,55.37409782409668,rhymes_and_toys,speech_attention_movie,speech_social,1590,1,0.456192730425357,0.405860915056517,0.431026822740937,1,0,0.549727800488472,0.623727136850357,0.00948747784966387,0.2732403002358034,4.063100326147843,0.5485267490148544,0.6679439842700958,0.0002697714815545398,0.0002679927888347685,0.0029358648392135175,0.13375631509609656
1781867496.7469492,55.403022050857544,rhymes_and_toys,speech_attention_movie,speech_social,1591,1,0.439073776622262,0.4262234323351841,0.43264860447872305,1,0,0.5498251706361771,0.6235638320446014,0.0033305843899839693,0.2736763608514643,3.5348544280914167,0.5488710999488831,0.6675892472267151,0.0004943844007580477,0.00022461291920350786,0.0009266010106966171,0.13365325664567848
1781867496.780749,55.436821937561035,rhymes_and_toys,speech_attention_movie,speech_social,1592,1,0.46029100547568036,0.426338971353648,0.4433149884146642,1,0,0.5498174399137497,0.6230939209461213,0.012153895592361958,0.2746698397867496,4.470816052630556,0.5480532646179199,0.6681220233440399,0.0009760660939523001,0.0004816816931942524,0.0007146069082251371,0.13252719334327256
1781867496.816437,55.47250986099243,rhymes_and_toys,speech_attention_movie,speech_social,1593,1,0.4412133845312979,0.4179379127047271,0.42957564861801245,1,0,0.549787724018097,0.6229778707027436,0.0051794380249346374,0.2733026778880831,4.170516905718282,0.5487687140703201,0.6673589050769806,0.0010460484732838081,6.998237933150805e-05,0.0010178150119020306,0.13434771502046328
1781867496.8505359,55.506608724594116,rhymes_and_toys,speech_attention_movie,speech_social,1594,1,0.45766310445734115,0.4173686128563802,0.4375158586568607,1,0,0.5495296031236648,0.6228238463401794,0.007336570553151106,0.27452696266706816,4.071043469782559,0.5482484102249146,0.6668968498706818,0.0006958527899000512,0.0003501956833837569,0.0004409490671760278,0.13221757340287466
1781867496.885529,55.54160189628601,rhymes_and_toys,speech_attention_movie,speech_social,1595,1,0.4467313939094157,0.4309611736384487,0.4388462837739322,1,0,0.5495618373155594,0.6220852911472321,0.008533024680907478,0.2737122739264469,4.181429716929125,0.5481394529342651,0.6667301654815674,0.00019913657815704,0.0004967162117430113,0.0008837512600182789,0.13243385170356128
1781867496.9207182,55.57679104804993,rhymes_and_toys,speech_attention_movie,speech_social,1596,1,0.4416612053436946,0.42118389756138225,0.4314225514525384,1,0,0.5496171683073043,0.6226658523082733,0.0015318760259449757,0.27443041796875756,4.270533353220121,0.5485983490943909,0.6661322712898254,0.0007536996419641537,0.0005545630638071138,0.0022316493135275776,0.1325884885713899
1781867496.9533079,55.6093807220459,rhymes_and_toys,speech_attention_movie,speech_social,1597,1,0.4443979511622296,0.41840598546007846,0.431401968311154,1,0,0.5492905676364899,0.6225022137165069,0.003366227281239674,0.2754857540671515,4.392788464251216,0.5483254790306091,0.6672298908233643,0.0011310290500752946,0.00037732940811114083,0.0007952865905448503,0.1315903885203251
1781867496.988396,55.644468784332275,rhymes_and_toys,speech_attention_movie,speech_social,1598,1,0.42239158826252327,0.42908637241483927,0.4257389803386813,1,0,0.5491603642702103,0.622000652551651,0.006167850728374112,0.27524752813573156,4.19645079420597,0.5480895340442657,0.6671372652053833,0.00025347493305440236,0.0008775541170208922,0.0010887180221808355,0.13240373043611472
1781867497.023722,55.679794788360596,rhymes_and_toys,speech_attention_movie,speech_social,1599,1,0.44887534116196987,0.44420787096482234,0.4465416060633961,1,0,0.5492432951927185,0.6226229429244995,0.007195062625446062,0.2713128502978351,4.390508840906131,0.5476572662591934,0.6680387258529663,0.000999743335637758,0.0007462684025833557,0.0011510931633197507,0.13108462057159728
1781867497.056751,55.71282386779785,rhymes_and_toys,speech_attention_movie,speech_social,1600,1,0.4549270182301939,0.42226796220310586,0.43859749021664984,1,0,0.5489853769540787,0.6226535916328431,0.0046389171288516735,0.2738767122887387,4.341921716618541,0.5478544533252716,0.6668567657470703,0.0011982956358754702,0.00019855230023771214,0.0008187761304554484,0.13232082824306604
1781867497.092685,55.74875783920288,rhymes_and_toys,speech_attention_movie,speech_social,1601,1,0.43051924472404124,0.4303400062270406,0.4304296254755409,1,0,0.5488489031791687,0.6223442375659942,0.008827903868807748,0.26933967501789313,4.28715534511987,0.5474114567041397,0.6676226854324341,0.0008848044816579611,0.00031349115421750904,0.0004724896098467672,0.13395702913478072
1781867497.127959,55.78403186798096,rhymes_and_toys,speech_attention_movie,speech_social,1602,1,0.4285482626737512,0.4360278550777729,0.43228805887576205,1,0,0.5489039361476898,0.6223374068737031,0.006631218452695576,0.27051545257437276,3.8358492442915937,0.5474683344364166,0.6671358346939087,0.0004901619304185943,0.0003946425512393668,0.0026562149422496746,0.1333604774342289
1781867497.1607192,55.816792011260986,rhymes_and_toys,speech_attention_movie,speech_social,1603,1,0.4602519764394031,0.4401688791253793,0.4502104277823912,1,0,0.5490291208028792,0.6220738530158996,0.010194622755458401,0.27076897079325,3.642151749675214,0.5470796078443527,0.667163074016571,0.0003896797968547003,0.00010048213356389399,0.0007845638631402646,0.13166613136609778
1781867497.194744,55.85081696510315,rhymes_and_toys,speech_attention_movie,speech_social,1604,1,0.45258146946556566,0.4407233487032622,0.44665240908441395,1,0,0.5491231471300124,0.6222668468952179,0.009495350404077998,0.27323910835301274,3.6662562564628134,0.5472395420074463,0.6657514572143555,0.001420648067897806,0.0010309682710431057,0.0006199844905793749,0.1318224587963743
1781867497.228837,55.884909868240356,rhymes_and_toys,speech_attention_movie,speech_social,1605,1,0.46102826091292165,0.42849365839552256,0.44476095965422213,1,0,0.5488657236099244,0.6227929294109344,0.0030024782473517544,0.273991787586855,3.5735742350106854,0.547548770904541,0.6669339537620544,0.001222260445289143,0.00019838762260866293,0.0009122879265260348,0.1317562493349144
1781867497.264821,55.920893907547,rhymes_and_toys,speech_attention_movie,speech_social,1606,1,0.4257100033408764,0.4106714824358864,0.41819074288838143,1,0,0.5486802905797958,0.6226694166660309,0.00653349196302654,0.2697235501895504,3.7017988492709075,0.5474503487348557,0.6674512624740601,0.000526588289845571,0.000695672155443572,0.0009440774308452476,0.132687011261946
1781867497.297122,55.95319485664368,rhymes_and_toys,speech_attention_movie,speech_social,1607,1,0.4145783119185116,0.390820467637368,0.4026993897779398,1,0,0.5487161785364151,0.6229487478733062,0.007949371257770406,0.2714481369999128,4.007060314211973,0.547388955950737,0.6656957268714905,0.0017566087571884578,0.0012300204673428867,0.0016388547711692874,0.13393713369722066
1781867497.332701,55.988773822784424,rhymes_and_toys,speech_attention_movie,speech_social,1608,1,0.41864180804943574,0.3961784048908078,0.40741010647012177,1,0,0.5486912697553634,0.623394101858139,0.005201626557624254,0.2703016750329428,4.2316351326958905,0.5476702153682709,0.6675306856632233,0.00185638913682152,9.978037963306223e-05,0.005034331039802268,0.13435810696373457
1781867497.36727,56.0233428478241,rhymes_and_toys,speech_attention_movie,speech_social,1609,1,0.39660062912488486,0.3958649048917137,0.3962327670082993,1,0,0.5491446286439896,0.6232698142528534,0.007508571250297619,0.2749024595155083,4.518863478784334,0.5475064814090729,0.6660694479942322,0.0014703823770275412,0.00038600675979397875,0.003176884610431813,0.13335270715324476
1781867497.4017,56.05777287483215,rhymes_and_toys,speech_attention_movie,speech_social,1610,1,0.3944153385078339,0.37501862323786755,0.3847169808728507,1,0,0.5492263078689575,0.623719048500061,0.009393656866310027,0.27361763809887263,4.117525118794917,0.547187864780426,0.6668627560138702,0.0008549000936205049,0.0006154822834070363,0.0028240534352117035,0.13535500421695673
1781867497.434537,56.09060978889465,rhymes_and_toys,speech_attention_movie,speech_social,1611,1,0.4350592036183447,0.3725733167819021,0.4038162602001234,1,0,0.5495583087205886,0.6236952841281891,0.008624872599855412,0.27389725208214943,3.773339788291424,0.54743592441082,0.6672370433807373,0.00044902629458360246,0.00040587379903690246,0.0052532393101119,0.13503609784368836
1781867497.470989,56.12706184387207,rhymes_and_toys,speech_attention_movie,speech_social,1612,1,0.4199452276154306,0.3830417456513774,0.401493486633404,1,0,0.5495146304368973,0.6233808040618896,0.008405882088331887,0.2688284329937602,3.5215973343207714,0.5475708544254303,0.6681330502033234,0.000906109449770556,0.0004570831551869535,0.0007319940410029879,0.13539706890125167
1781867497.503962,56.16003489494324,rhymes_and_toys,speech_attention_movie,speech_social,1613,1,0.40128131735131595,0.39209304214840407,0.39668717974986,1,0,0.5494132906198501,0.6231055974960327,0.0077193638063724115,0.27332661502496214,3.8934199093317905,0.5477217584848404,0.6670171022415161,0.0011261047414020612,0.00021999529163150525,0.0010882337575250135,0.135449600520208
1781867497.539288,56.19536089897156,rhymes_and_toys,speech_attention_movie,speech_social,1614,1,0.42644258696866105,0.4133895360924433,0.41991606153055216,1,0,0.549316692352295,0.6229037702083589,0.010822507939648405,0.2738528939120253,3.4853767849239357,0.5477326661348343,0.6658896505832672,0.0011275044206195321,1.3996792174709137e-06,0.0007519800633034081,0.132316528933917
1781867497.5752268,56.23129963874817,rhymes_and_toys,speech_attention_movie,speech_social,1615,1,0.43558668176439674,0.4089389526137781,0.4222628171890874,1,0,0.5491529673337936,0.6228782176971436,0.007989311616567138,0.2702017597429417,2.9888754705739617,0.5477698445320129,0.6678029000759125,0.0019136106851510137,0.0007861062645314815,0.0010107363516097738,0.13226901336915103
1781867497.608481,56.2645537853241,rhymes_and_toys,speech_attention_movie,speech_social,1616,1,0.44560840940813806,0.38853969934041527,0.4170740543742767,1,0,0.5493514060974121,0.6229271590709686,0.012425883445938285,0.2707634681810435,3.156538979786795,0.5473579168319702,0.6670204401016235,0.0008842669514500348,0.0010293437337009787,0.0007860718232787753,0.13195030719133202
1781867497.64207,56.29814291000366,rhymes_and_toys,speech_attention_movie,speech_social,1617,1,0.41484415329733926,0.3757193646223751,0.3952817589598572,1,0,0.5492899715900421,0.624464339017868,0.007088101552922273,0.27277608918315077,3.253837354923109,0.5477873682975769,0.6671409904956818,0.00044605039941617307,0.00043821655203386177,0.000720158864152453,0.1382005578859581
1781867497.678546,56.33461880683899,rhymes_and_toys,speech_attention_movie,speech_social,1618,1,0.239050511785311,0.19657708629596238,0.2178137990406367,1,0,0.5489013671875,0.6290019690990448,0.008314285499079898,0.2660745494265178,2.9606367786943677,0.5475184917449951,0.6687078177928925,0.0015897302852411264,0.0011436798858249534,0.0005938628023640602,0.15815121220118247
1781867497.712523,56.36859583854675,rhymes_and_toys,speech_attention_movie,speech_social,1619,1,0.1773968348614937,0.1193791760890261,0.1483880054752599,0,1,0.5480810046195984,0.632004338502884,0.009677908474631128,0.2671509444640133,2.2459895068902616,0.5472419410943985,0.6692651510238647,0.000622174085519017,0.0009675561997221095,0.0008838075328292133,0.16824757077998442
1781867497.745802,56.40187478065491,rhymes_and_toys,speech_attention_movie,speech_social,1620,1,0.17316943967476892,0.1204336092187825,0.14680152444677572,0,1,0.5502218037843705,0.6301675915718079,0.006612001736654048,0.27003810176615006,1.7333446709241966,0.5479416996240616,0.6684259474277496,0.0010926686028109257,0.00047049451729190876,0.0006777024902894192,0.16562901198043053
1781867497.780004,56.43607687950134,rhymes_and_toys,speech_attention_movie,speech_social,1621,1,0.21712509675001362,0.17311441203114913,0.19511975439058138,1,0,0.5501304626464845,0.6271008789539337,0.006675099605453788,0.270129309283061,3.4593678133748353,0.5478333234786987,0.6682348251342773,0.00021971144700679257,0.0008729571558041332,0.0006074094104990754,0.15729203353510848
1781867497.815676,56.47174882888794,rhymes_and_toys,speech_attention_movie,speech_social,1622,1,0.3337249643651599,0.2267853312213896,0.28025514779327476,1,0,0.5514726281166077,0.6249839484691619,0.015525153164679662,0.27500159667757607,4.442670314640607,0.5477953255176544,0.6674851179122925,0.0007506695436340721,0.0005309580966272795,0.0011768999200560829,0.147152864181775
1781867497.8487198,56.5047926902771,rhymes_and_toys,speech_attention_movie,speech_social,1623,1,0.3590343418388316,0.3405353391310953,0.34978484048496344,1,0,0.5512329936027527,0.622879683971405,0.012357731391869442,0.2708571154484797,4.620305122149421,0.5483876168727875,0.6670040190219879,0.0007630630325324619,1.2393488898389737e-05,0.0011127677994271128,0.14108797853571498
1781867497.884091,56.54016375541687,rhymes_and_toys,speech_attention_movie,speech_social,1624,1,0.39487125083233726,0.37017915477066426,0.38252520280150076,1,0,0.550564306974411,0.6227138936519623,0.01152774379432083,0.27115472089333104,4.107475205782657,0.5487315654754639,0.666583925485611,0.0005429357425964298,0.00022012728993603208,0.00046768599120313695,0.13751287444428684
1781867497.9197671,56.57583999633789,rhymes_and_toys,speech_attention_movie,speech_social,1625,1,0.4184747702686084,0.3861301766382451,0.40230247345342673,1,0,0.550143900513649,0.6229383409023285,0.0070810462193503735,0.2675523836760076,4.3097224433815375,0.5485982000827789,0.6679093241691589,0.001332091587810954,0.0007891558452145243,0.0003791845916357564,0.1357511068874034
1781867497.95243,56.60850286483765,rhymes_and_toys,speech_attention_movie,speech_social,1626,1,0.4203430267184683,0.40179702477576695,0.4110700257471176,1,0,0.5499349147081375,0.6226115465164184,0.0077758929668072215,0.2683151613930728,4.13924274636779,0.5482494235038757,0.6682699918746948,0.0005017233259555922,0.0008303682618553619,0.000584362290732636,0.1342009236132935
1781867497.986738,56.6428108215332,rhymes_and_toys,speech_attention_movie,speech_social,1627,1,0.4642382245311288,0.41342367184004425,0.43883094818558654,1,0,0.5494273126125335,0.6233230412006379,0.008591844704725416,0.2679913467878998,3.7190130832185844,0.5477634966373444,0.6673470437526703,0.001043052326379466,0.0005413290004238738,0.0005036689539330246,0.13277906429425845
1781867498.022165,56.67823791503906,rhymes_and_toys,speech_attention_movie,speech_social,1628,1,0.43318527272664925,0.41415508352560515,0.4236701781261272,1,0,0.5494926363229752,0.6227335035800934,0.011176771896924195,0.2693432614375292,3.8200961581098727,0.5476434975862503,0.6665884256362915,0.000768050270985935,0.000275002055393531,0.0003841859699459144,0.133626869055151
1781867498.055894,56.71196675300598,rhymes_and_toys,speech_attention_movie,speech_social,1629,1,0.434512437654672,0.40494928857977136,0.4197308631172217,1,0,0.5492673099040986,0.6226103842258454,0.007357209279398267,0.27139074320484835,3.6953527608948837,0.5482432693243027,0.6660731732845306,0.0007907029301586405,2.2652659172705527e-05,0.00046781602026109014,0.1341349931716853
1781867498.093163,56.74923586845398,rhymes_and_toys,speech_attention_movie,speech_social,1630,1,0.41910010498840744,0.41571250028662865,0.41740630263751805,1,0,0.548676961660385,0.6224337279796601,0.011973102887884318,0.26807852905938934,3.988232748289166,0.5472780168056488,0.66679847240448,0.0012073819769099286,0.00041667904675128805,0.001060670472373329,0.13274147394528213
1781867498.126133,56.78220582008362,rhymes_and_toys,speech_attention_movie,speech_social,1631,1,0.42853793553606534,0.4277755647199605,0.4281567501280129,1,0,0.5485952198505402,0.623115462064743,0.009860743070124734,0.2709005177534748,3.751982874576194,0.5470887720584869,0.6660703718662262,0.0007522924751277315,0.00045508950178219706,0.0009713419150738666,0.13397582427019436
1781867498.1594062,56.815479040145874,rhymes_and_toys,speech_attention_movie,speech_social,1632,1,0.4412066095957015,0.4198846114493919,0.4305456105225467,1,0,0.5482185930013657,0.6227245450019836,0.0016190609059553484,0.27275015636494315,3.6420742598153306,0.5477581471204758,0.6658433675765991,0.0007068195817333047,4.5472893394426866e-05,0.0008136819620566823,0.1340808182599965
1781867498.192787,56.848859786987305,rhymes_and_toys,speech_attention_movie,speech_social,1633,1,0.39784879510141574,0.40629146157607404,0.4020701283387449,1,0,0.5479310303926468,0.6227361381053924,0.001037925134121792,0.26963160329051344,4.411489326828644,0.5475918054580688,0.6681124567985535,0.0022751781129928435,0.0015683585312595387,0.001058062706774204,0.1347636550785453
1781867498.228193,56.8842658996582,rhymes_and_toys,speech_attention_movie,speech_social,1634,1,0.40618037370143734,0.40927262086571836,0.40772649728357785,1,0,0.5479993641376495,0.6228961408138276,-0.003579900285070293,0.2699699332932599,3.5915710789535504,0.5480174720287323,0.6686985194683075,0.000724335200207475,0.0015508429127853683,0.0008374549372605508,0.13317088231792906
1781867498.2620978,56.9181706905365,rhymes_and_toys,speech_attention_movie,speech_social,1635,1,0.4124527925587335,0.4154119896924853,0.4139323911256094,1,0,0.5477524667978286,0.623561716079712,-0.0013754133000969237,0.26913768565975593,3.60882723357283,0.5473825335502625,0.6684175431728363,0.0006943302888815385,3.0004911325936514e-05,0.0006184753981457947,0.13281441763026713
1781867498.296918,56.952990770339966,rhymes_and_toys,speech_attention_movie,speech_social,1636,1,0.4185716565361824,0.40885323004912766,0.413712443292655,1,0,0.548397296667099,0.6240430116653443,0.002173054533222607,0.27184432605309944,3.7185966824482692,0.5473846197128296,0.6677824854850769,0.0006350611142689901,5.926917461254841e-05,0.0005916203179095802,0.13428836464390068
1781867498.3304179,56.98649072647095,rhymes_and_toys,speech_attention_movie,speech_social,1637,1,0.45155594960330514,0.39715909002355776,0.42435751981343145,1,0,0.54834643304348,0.6239808380603791,0.0005440161150209576,0.26908711661457885,3.619785008715672,0.5474842637777328,0.6701297760009766,0.0023494045427943926,0.0017143434285254023,0.0040397546248342135,0.13231031537500448
1781867498.366341,57.02241396903992,rhymes_and_toys,speech_attention_movie,speech_social,1638,1,0.43233908864502996,0.4113790154313131,0.42185905203817153,1,0,0.5483218729496002,0.6242012917995452,0.0035803485568234442,0.2713282757992241,3.457468573595939,0.5472970604896545,0.6694662570953369,0.0006894217933954269,0.0016599827493989656,0.0002640241263583113,0.1325611935728033
1781867498.3993359,57.05540871620178,rhymes_and_toys,speech_attention_movie,speech_social,1639,1,0.42778787857885214,0.42510254706361184,0.426445212821232,1,0,0.549045267701149,0.6240340888500213,0.004301624522727255,0.2732300546487512,3.7629064458416317,0.547551155090332,0.6677164733409882,0.0017681366613122066,0.0010787148679167798,0.00011728158504221859,0.1334382613970891
1781867498.43354,57.08961296081543,rhymes_and_toys,speech_attention_movie,speech_social,1640,1,0.4500117403329346,0.4307305921095145,0.4403711662212245,1,0,0.5489750504493713,0.6234582960605621,0.005269878577556811,0.27026005813280074,3.634298018822985,0.547611266374588,0.6684901118278503,0.0007759702796172743,0.0009921663816949322,0.0007469311178883516,0.13199901755120746
1781867498.469696,57.1257688999176,rhymes_and_toys,speech_attention_movie,speech_social,1641,1,0.4138140367972149,0.41271570649057965,0.41326487164389725,1,0,0.5486013501882553,0.6236024856567383,0.0030876384027734207,0.27213581064125913,3.736255780701654,0.5478607416152954,0.667317271232605,0.0011990800463611707,0.0004231097667438964,0.0007594148479091382,0.13362027295967951
1781867498.504273,57.160345792770386,rhymes_and_toys,speech_attention_movie,speech_social,1642,1,0.4281624361241407,0.4139113790128934,0.421036907568517,1,0,0.5487006843090058,0.6234224796295167,-0.00031446003222139447,0.2693594604140107,3.701309825722236,0.5481687784194946,0.667617678642273,0.00043026885144603096,0.0007688111949151397,0.0006804519859320447,0.13164488136451116
1781867498.537268,57.19334077835083,rhymes_and_toys,speech_attention_movie,speech_social,1643,1,0.4175699448367959,0.40078704704066587,0.4091784959387309,1,0,0.5484004080295563,0.6233887851238251,0.003074957594662672,0.27303065705721247,3.93522663215994,0.5477454513311386,0.6675525009632111,0.0004283152502350093,1.953601211021681e-06,0.0008818678586324614,0.13268344522437933
1781867498.57333,57.22940278053284,rhymes_and_toys,speech_attention_movie,speech_social,1644,1,0.42720614710668897,0.3925555052328478,0.4098808261697684,1,0,0.5488119721412659,0.623438560962677,-0.00021169713698159423,0.2702344700684753,3.2740956419361775,0.5481676608324051,0.6687047183513641,0.0012271372264429051,0.0007988219762078959,0.002409122276410269,0.13349806846974738
1781867498.6066492,57.26272201538086,rhymes_and_toys,speech_attention_movie,speech_social,1645,1,0.4403424640450153,0.415937899455811,0.42814018175041313,1,0,0.5489488393068314,0.6234499037265777,0.005708005772680051,0.2710706425136858,3.5027158303141546,0.547741562128067,0.6686310470104218,0.00043242059654326594,0.0007947166298996392,0.0006604533013446773,0.13222514292256143
1781867498.640075,57.29614782333374,rhymes_and_toys,speech_attention_movie,speech_social,1646,1,0.4566864348954242,0.4163806539257869,0.43653354441060555,1,0,0.5490758329629898,0.6233503520488739,0.009362464624888801,0.2720992338392494,2.7052441400646785,0.5472050160169601,0.6683212518692017,0.0006195601333748691,0.00018713953683160316,0.005468880522707896,0.13162719778204102
1781867498.676609,57.33268189430237,rhymes_and_toys,speech_attention_movie,speech_social,1647,1,0.45574243703303563,0.40227438689948014,0.4290084119662579,1,0,0.5492426604032516,0.6231177270412445,0.005821300471685367,0.2729025461091542,3.174962317683113,0.5476001054048538,0.6674680411815643,0.0009402468303189137,0.0003206866969440446,0.006405725357294404,0.13278761938405548
1781867498.709475,57.36554789543152,rhymes_and_toys,speech_attention_movie,speech_social,1648,1,0.4368688010020011,0.41711635603708075,0.4269925785195409,1,0,0.5486871719360351,0.623159122467041,0.004875918986703421,0.27217141822265456,3.915057821213289,0.5480876266956329,0.6673747897148132,0.0004963595924470126,0.0004438872378719011,0.0008515722617895706,0.13217910438170974
1781867498.744085,57.4001579284668,rhymes_and_toys,speech_attention_movie,speech_social,1649,1,0.43766290527307283,0.40799472977077084,0.4228288175219218,1,0,0.5485250860452652,0.6229610919952393,0.006502545913096966,0.26850616850363396,3.8881673332815625,0.5475220382213593,0.668858140707016,0.001587520232406548,0.0010911606399595353,0.000631814604463867,0.1316039818164359
1781867498.778805,57.43487787246704,rhymes_and_toys,speech_attention_movie,speech_social,1650,1,0.44378946955997606,0.4247181179122163,0.4342537937360962,1,0,0.5486004561185837,0.6230475008487701,0.0034078028140380173,0.2725033103245816,3.8425767410043856,0.5475904941558838,0.6678996980190277,0.0009608842808214886,0.0006266359515850594,0.001563396753354437,0.13216403497888063
1781867498.814692,57.47076487541199,rhymes_and_toys,speech_attention_movie,speech_social,1651,1,0.4370969952508988,0.42932162833629095,0.4332093117935949,1,0,0.5485408276319503,0.6232993245124817,0.004132000273913035,0.27016613220847385,3.501012557669876,0.5473563373088837,0.668137788772583,0.00033394106654553306,0.0006269432142759555,0.0004445434996363897,0.13233960761851807
1781867498.846397,57.50246977806091,rhymes_and_toys,speech_attention_movie,speech_social,1652,1,0.4323061858357594,0.43079078319499287,0.43154848451537614,1,0,0.5483283847570419,0.6230626761913299,-0.00013761051327186008,0.2710160425164432,3.226588470230654,0.5475241094827652,0.6681598424911499,0.0001692154509244424,0.00016472561562109065,0.0008187305852019344,0.13253254244591742
1781867498.883847,57.53991985321045,rhymes_and_toys,speech_attention_movie,speech_social,1653,1,0.4257369666337192,0.403362890175502,0.4145499284046106,1,0,0.5483015477657318,0.6232188403606416,0.002622496379130817,0.2689878156135951,3.514056436401848,0.5470182597637177,0.6677106618881226,0.0006764962323594195,0.0005072807814349771,0.0008356548477895587,0.13347185962608954
1781867498.9169831,57.57305598258972,rhymes_and_toys,speech_attention_movie,speech_social,1654,1,0.44819939317442614,0.4155709895565646,0.43188519136549536,1,0,0.5479282587766647,0.6228221833705903,0.0008994836169768816,0.27006103399015213,3.2828556817558434,0.5471168607473373,0.6677404940128326,0.00010301509421190813,0.0005734811381475114,0.000379445320993163,0.13065625970381903
1781867498.951283,57.60735583305359,rhymes_and_toys,speech_attention_movie,speech_social,1655,1,0.44332686611472233,0.41066859044455817,0.4269977282796402,1,0,0.5475063502788544,0.6232866108417511,-0.0010601996140070739,0.26993014197477244,3.0419824500398804,0.5472041070461273,0.6681982278823853,0.0004659744756831194,0.0003629593814712112,0.00032794344539666906,0.13253923983428778
1781867498.986292,57.642364740371704,rhymes_and_toys,speech_attention_movie,speech_social,1656,1,0.4278809847089353,0.42436051864189395,0.42612075167541463,1,0,0.5475247234106064,0.6229466080665589,0.003024784502819007,0.27109878619255634,4.217554162985549,0.54686239361763,0.6674370169639587,0.0008343920718386085,0.00036841759615548913,0.0005315482972193901,0.13181607465074585
1781867499.0215838,57.67765665054321,rhymes_and_toys,speech_attention_movie,speech_social,1657,1,0.4446030557762877,0.4093169352616692,0.42695999551897845,1,0,0.547328132390976,0.6234110951423645,0.0028085313954948656,0.2706762607818575,3.9358728100564804,0.5467761904001236,0.6678260862827301,0.0003985046166830055,0.000435887455155603,0.0003632286879276955,0.1334648632916487
1781867499.053997,57.71006989479065,rhymes_and_toys,speech_attention_movie,speech_social,1658,1,0.4414952794918002,0.4242588798053289,0.43287707964856453,1,0,0.5473718374967576,0.6226131737232208,0.0044641980866431405,0.27200715493419775,3.6591613565654706,0.5468744486570358,0.6684766113758087,0.0006579039305068549,0.0002593993138238494,0.0007807619586444046,0.13202430972862209
1781867499.087778,57.74385094642639,rhymes_and_toys,speech_attention_movie,speech_social,1659,1,0.4766219727101045,0.4111866042485942,0.4439042884793494,1,0,0.547898742556572,0.6232394218444824,0.007307446834045663,0.2711071412320632,3.1016544600883997,0.5469345301389694,0.6681917309761047,0.00029114708758089247,0.0003667568429259624,0.0005631823451383305,0.1324213300045303
1781867499.124935,57.78100776672363,rhymes_and_toys,speech_attention_movie,speech_social,1660,1,0.46277386232770906,0.4252725253827129,0.44402319385521094,1,0,0.5477148860692977,0.6235665023326874,0.004607095659038508,0.27208616364658134,3.080362069168489,0.5467254370450974,0.666514128446579,0.0016905827897432922,0.0013994357021623997,0.0007736230559648442,0.13295765190541978
1781867499.157142,57.81321477890015,rhymes_and_toys,speech_attention_movie,speech_social,1661,1,0.41770115051119044,0.42840667939122024,0.42305391495120537,1,0,0.5479866892099381,0.6231858909130097,0.004291617372446626,0.2731251737169871,3.4255348791135134,0.5470864176750183,0.6667514741420746,0.0004320185115807254,0.0012585642781625668,0.0007378273885699901,0.1329432411763539
1781867499.192169,57.84824180603027,rhymes_and_toys,speech_attention_movie,speech_social,1662,1,0.4325201740664351,0.42861013707616286,0.430565155571299,1,0,0.5478656172752381,0.6228433191776275,0.005859541746190875,0.2737769322845357,3.392439535420439,0.5472773909568787,0.6670920550823212,0.0003904691681090316,4.154934347169384e-05,0.0007792205770205464,0.13175215162122283
1781867499.226261,57.882333755493164,rhymes_and_toys,speech_attention_movie,speech_social,1663,1,0.44354035463676533,0.40657366730028965,0.4250570109685275,1,0,0.5478492677211761,0.6232165575027466,0.003461942512315085,0.27168871836722114,3.3290323274752707,0.5473096966743469,0.6675240695476532,0.000433220680066476,4.2751511957444426e-05,0.00031949552177055264,0.13337384449366926
1781867499.261014,57.9170868396759,rhymes_and_toys,speech_attention_movie,speech_social,1664,1,0.45018165077391165,0.3968820873788192,0.4235318690763654,1,0,0.5475072741508484,0.6238289833068847,0.003414024477734202,0.2694924484629677,3.2791513422240435,0.5473202466964722,0.6684232950210571,0.0008992873595160594,0.0004660666794495834,0.0006688530823419354,0.13389571994367808
1781867499.2958012,57.951874017715454,rhymes_and_toys,speech_attention_movie,speech_social,1665,1,0.4427084778576972,0.40029003575767147,0.4214992568076843,1,0,0.5473239451646805,0.6233893096446991,0.0011774325371587588,0.26915098330369447,2.7383179888821845,0.5474104285240173,0.6682418584823608,0.00020261288111439525,0.0006966744784016642,0.0004607452085117241,0.13339836463109128
1781867499.3304121,57.98648500442505,rhymes_and_toys,speech_attention_movie,speech_social,1666,1,0.4322393009196774,0.4273586992047883,0.4297990000622328,1,0,0.5474236279726028,0.6233516275882721,0.006919605726042108,0.2731808086602017,3.129964130031033,0.5467905700206757,0.6673072576522827,0.0011214737071138588,0.0009188608259994636,0.000498148609260652,0.133673573471669
1781867499.365168,58.02124094963074,rhymes_and_toys,speech_attention_movie,speech_social,1667,1,0.44430467600012424,0.4169020860612811,0.43060338103070267,1,0,0.5478678047657013,0.6227165341377259,0.001120866055375845,0.27424810086988477,2.903910338802261,0.5471036434173584,0.66745325922966,0.00034544379037280894,0.0007760299167410498,0.000692029391539931,0.1313667068899981
1781867499.3984032,58.05447602272034,rhymes_and_toys,speech_attention_movie,speech_social,1668,1,0.45661766290107375,0.43863797757271383,0.4476278202368938,1,0,0.547942653298378,0.6224974393844604,-0.0008674827821272506,0.2729076309389217,3.0733750723414968,0.5475950837135315,0.6682612299919128,0.0009456903919138034,0.0006002466015409945,0.0005174612013200795,0.1321011704134242
1781867499.433717,58.08978986740112,rhymes_and_toys,speech_attention_movie,speech_social,1669,1,0.416011617897201,0.41492049128424047,0.4154660545907207,1,0,0.5477648705244065,0.62223362326622,0.006921099989595207,0.2691925316869238,4.015231626659641,0.546512633562088,0.6679172813892365,0.0011357812164510639,0.00019009082453726048,0.0006958221341243303,0.13254829845402163
1781867499.4683678,58.12444067001343,rhymes_and_toys,speech_attention_movie,speech_social,1670,1,0.4419530017672478,0.4276933710240138,0.4348231863956308,1,0,0.5480801671743393,0.6231265604496002,0.0059961311993555946,0.272718119564918,3.0027659150156207,0.5468482375144958,0.6651870012283325,0.002750828924142204,0.0016150477076911402,0.000770782820535917,0.13357158859224205
1781867499.501426,58.157498836517334,rhymes_and_toys,speech_attention_movie,speech_social,1671,1,0.4545114871924894,0.43565417046971555,0.4450828288311025,1,0,0.5486837685108185,0.6226172387599944,0.00413040887495536,0.273849679853551,2.9934783546689716,0.5474224984645844,0.6661072075366974,0.0010846913333990673,0.0016661375907431367,0.0008725073366452284,0.13221819516783312
1781867499.536351,58.192423820495605,rhymes_and_toys,speech_attention_movie,speech_social,1672,1,0.4590659729193871,0.42829451365723237,0.44368024328830974,1,0,0.5479310035705567,0.6230282664299012,0.005080901122042675,0.27039846687503477,3.585264274521565,0.5469290167093277,0.6677729189395905,0.0017372733580237666,0.0006525820246246993,0.0006512334759913773,0.13050532721565722
1781867499.5716941,58.22776699066162,rhymes_and_toys,speech_attention_movie,speech_social,1673,1,0.4463013185650438,0.4232111689420816,0.4347562437535627,1,0,0.548338958621025,0.6234657108783721,0.0004129844532149624,0.27081059046128025,3.167023898028026,0.5475758463144302,0.6681480705738068,0.0007477481438908916,0.0009895252141328748,0.0005212657496216271,0.13231128322459723
1781867499.6048598,58.2609326839447,rhymes_and_toys,speech_attention_movie,speech_social,1674,1,0.4533373564188957,0.4347536741314648,0.44404551527518027,1,0,0.5481351166963577,0.623729920387268,0.006820861611394036,0.27175592605871646,3.9843133066436707,0.5468885749578476,0.6685571074485779,0.0007997831471726995,5.203500328180785e-05,0.00016360253689457673,0.13088107027787751
1781867499.639075,58.29514789581299,rhymes_and_toys,speech_attention_movie,speech_social,1675,1,0.4599208134940658,0.44568348554796783,0.45280214952101683,1,0,0.5484244465827942,0.624097043275833,0.0025957054201908763,0.272062584226602,3.7820723034171997,0.5467935800552368,0.6679807603359222,0.0005841232967349649,0.00021565985043773455,0.0018424838283720231,0.13125171289204915
1781867499.675487,58.331559896469116,rhymes_and_toys,speech_attention_movie,speech_social,1676,1,0.45863982452248453,0.43022787114704963,0.4444338478347671,1,0,0.5482288271188736,0.6239465057849884,0.003448311539512398,0.2736704817895686,2.978918891596787,0.5467489510774612,0.6682634949684143,0.000286235249519894,0.00029788804721507094,0.0009181411489403952,0.13140261723557733
1781867499.7085109,58.36458373069763,rhymes_and_toys,speech_attention_movie,speech_social,1677,1,0.4516901533210229,0.42829486124386307,0.439992507282443,1,0,0.5479901313781739,0.6236224830150604,0.00212567215309171,0.2720494548575728,2.8583314871406516,0.5468712747097015,0.667853832244873,0.0004275355167277938,0.00014130026720789981,0.0009539891610887741,0.13261389901684897
1781867499.7425768,58.3986496925354,rhymes_and_toys,speech_attention_movie,speech_social,1678,1,0.44260685338537403,0.4410290660146716,0.4418179597000228,1,0,0.5479495018720627,0.6236877858638763,0.003886396218709089,0.2743890783983737,3.691248820892429,0.5464591383934021,0.6674365401268005,0.0005865058013509434,0.00015897028462314957,0.00037187424621818084,0.13185182729176537
1781867499.777847,58.43391990661621,rhymes_and_toys,speech_attention_movie,speech_social,1679,1,0.43106434627532536,0.421956559260046,0.4265104527676857,1,0,0.5476309150457382,0.6236274302005769,0.0012185524064990344,0.26989097353074204,3.91045580587722,0.5464231818914413,0.6693544983863831,0.001918295273291904,0.0013317894719409606,0.00039700543151047126,0.13102883336300072
1781867499.811894,58.46796679496765,rhymes_and_toys,speech_attention_movie,speech_social,1680,1,0.4335661820146639,0.4152585881363099,0.4244123850754869,1,0,0.5474514096975327,0.6235629558563232,0.00439597686244304,0.2738594848465746,4.21174207238657,0.545773833990097,0.6679504811763763,0.0015469056283352526,0.0003713896449566514,0.0008597934725604833,0.13159777383476212
1781867499.846852,58.50292491912842,rhymes_and_toys,speech_attention_movie,speech_social,1681,1,0.45118234094471027,0.421470347959107,0.43632634445190865,1,0,0.5475968331098556,0.6241399586200714,0.006916006259314568,0.2714572956424812,3.2238315022974486,0.5456929504871368,0.6684317886829376,0.00048805640752207056,0.0010588492208131821,0.0010466880499785032,0.13249783262697207
1781867499.880407,58.53647994995117,rhymes_and_toys,speech_attention_movie,speech_social,1682,1,0.4590235403581312,0.42344896046352387,0.44123625041082754,1,0,0.5473017126321793,0.6242978215217589,0.001127512772108231,0.2738985956587647,2.736332081119989,0.546046257019043,0.6679448485374451,0.0006016113452885053,0.00011355493776643474,0.0014054495201721367,0.13213825185171557
1781867499.916773,58.57284593582153,rhymes_and_toys,speech_attention_movie,speech_social,1683,1,0.4473903199384266,0.43488296440039753,0.44113664216941206,1,0,0.5469985067844391,0.6247695446014405,0.0004172492066273571,0.2768038693194785,3.0343103217332708,0.5461671650409698,0.667864590883255,0.00014512078011905352,0.00045649056516945175,0.0009764205577752198,0.13196286328570286
1781867499.948283,58.604355812072754,rhymes_and_toys,speech_attention_movie,speech_social,1684,1,0.461031010842221,0.42245408970263276,0.44174255027242687,1,0,0.5462357699871063,0.6246449530124665,-0.0039642003400300425,0.27294175542170407,3.146071705070932,0.5461309105157852,0.6690275967121124,0.0011635707750509644,0.001018449994931911,0.0008310175561003298,0.13226355869645484
1781867499.9836679,58.63974070549011,rhymes_and_toys,speech_attention_movie,speech_social,1685,1,0.44644286700058095,0.41961506093533085,0.43302896396795587,1,0,0.5460353881120682,0.6247034132480622,-0.007702736839377357,0.27232390369975584,3.406993767616748,0.5462161302566528,0.6700299382209778,0.0010059577051884552,0.00015761306986250925,0.004692943423017929,0.13218413717261168
1781867500.019547,58.67561984062195,rhymes_and_toys,speech_attention_movie,speech_social,1686,1,0.4546296796016068,0.4221581860332064,0.4383939328174066,1,0,0.5461594432592392,0.6241929411888123,-0.002376389098086974,0.27143864405266155,3.093383053078064,0.5454856008291245,0.6690828800201416,0.001196073777095715,0.00019011607190725982,0.000982569716777857,0.13204140579587434
1781867500.05286,58.708932876586914,rhymes_and_toys,speech_attention_movie,speech_social,1687,1,0.44790224026581993,0.4072827735568642,0.4275925069113421,1,0,0.5462680965662002,0.6238756299018859,0.000763373126383389,0.26854486594434773,3.4402471630978333,0.5449295341968536,0.6684430241584778,0.0008477178913002551,0.00034835588579545994,0.0029844657697589197,0.13282594383973562
1781867500.088077,58.744149923324585,rhymes_and_toys,speech_attention_movie,speech_social,1688,1,0.43137678100574983,0.4134972783528735,0.4224370296793116,1,0,0.5461580991744995,0.6228631138801575,0.004456026764047299,0.27384256565436493,3.460864478221786,0.5448135286569595,0.6674120724201202,0.0010374578411234668,0.0001897399498232117,0.0007287296236648938,0.13276412298676507
1781867500.122388,58.77846074104309,rhymes_and_toys,speech_attention_movie,speech_social,1689,1,0.4243971947300404,0.4232531290109454,0.4238251618704929,1,0,0.5456637859344482,0.6226076185703278,0.003802378644358893,0.2719598795531013,3.4455170584144836,0.5446106046438217,0.6677928566932678,0.00043147979997271044,0.0006059780411507563,0.00037072587942952635,0.13218165219451225
1781867500.1563962,58.81246900558472,rhymes_and_toys,speech_attention_movie,speech_social,1690,1,0.45774192246884116,0.4164472493471717,0.4370945859080064,1,0,0.5456670373678207,0.6225620031356811,0.005394367618071887,0.2729288338683691,2.7610469368759922,0.5443495810031891,0.6670893132686615,0.0007504043518503242,0.0003189245518776138,0.00048007403019695777,0.1317665924586011
1781867500.190497,58.846569776535034,rhymes_and_toys,speech_attention_movie,speech_social,1691,1,0.4620725968371754,0.4280894788385659,0.4450810378378707,1,0,0.5457095891237259,0.622127377986908,-0.0014083726244283354,0.2768865554341111,2.972335273643979,0.5449848771095276,0.6660370230674744,0.001229193154163868,0.0004787888023135438,0.0006454719290783978,0.13118230329755218
1781867500.224908,58.88098096847534,rhymes_and_toys,speech_attention_movie,speech_social,1692,1,0.4671634340984449,0.40242775177352336,0.43479559293598413,1,0,0.5455545097589493,0.6225662469863891,0.00014532819833704995,0.2706722896670016,3.3142079582654085,0.5448497384786606,0.6690720319747925,0.003038016049505484,0.001808822895341616,0.0005436811453961264,0.13236332766394962
1781867500.25952,58.91559290885925,rhymes_and_toys,speech_attention_movie,speech_social,1693,1,0.4660005232986723,0.4086267481704644,0.4373136357345684,1,0,0.5453224986791612,0.6228829741477966,0.002608046305787981,0.2714371273945065,2.8380651345073478,0.5441682189702988,0.668037474155426,0.0012388618655403058,0.0017991541839651782,0.0023268395848537525,0.13233809411107317
1781867500.295032,58.95110487937927,rhymes_and_toys,speech_attention_movie,speech_social,1694,1,0.4426026302329466,0.4133327721762839,0.42796770120461525,1,0,0.5453799664974213,0.6223052322864533,0.00507330675545408,0.2716463697737895,2.2860075466510494,0.5439498722553253,0.667407363653183,0.0006668692023003278,0.000571992663239978,0.004082677077446074,0.13212512772260387
1781867500.3289862,58.98505902290344,rhymes_and_toys,speech_attention_movie,speech_social,1695,1,0.4391052572509752,0.391420116741892,0.4152626869964336,1,0,0.5450030565261841,0.6224010050296783,0.003138619466605483,0.27103233817712674,2.4825409099027174,0.5436021387577057,0.6681379079818726,0.0008090819498340589,0.00014221274753373106,0.0007788335109745383,0.13276684231533473
1781867500.3636649,59.0197377204895,rhymes_and_toys,speech_attention_movie,speech_social,1696,1,0.4535185804948156,0.3995631733076861,0.42654087690125086,1,0,0.5450782477855682,0.6226641714572907,0.0018778357505318196,0.2711780582154759,2.525158727071432,0.5438863337039948,0.667523980140686,0.0006765161946917371,0.0001325657551423218,0.0014168282636869852,0.13122835482885567
1781867500.396872,59.05294489860535,rhymes_and_toys,speech_attention_movie,speech_social,1697,1,0.4424523592919218,0.41949814993687967,0.4309752546144007,1,0,0.5443485915660857,0.6222441434860229,0.004392969987560067,0.27199527154258685,2.5183077783717556,0.5434763133525848,0.6675418615341187,0.0004104100788253133,0.00026610611586642377,0.00028487961887495284,0.1306234113130474
1781867500.4303858,59.086458683013916,rhymes_and_toys,speech_attention_movie,speech_social,1698,1,0.4582203521693484,0.4199040586533745,0.43906220541136143,1,0,0.5446468830108643,0.6220547080039978,0.005070536334661633,0.26920004250466756,2.8643078863914386,0.5431462973356247,0.6688327789306641,0.0013324332239004768,0.0009220231450751635,0.0005828471485773859,0.13172422906535142
1781867500.4676569,59.12372970581055,rhymes_and_toys,speech_attention_movie,speech_social,1699,1,0.44459875403390897,0.42492919612540836,0.4347639750796587,1,0,0.5442280471324921,0.6228175163269043,0.002814102675571615,0.26892423939025223,2.620006876538984,0.5432149767875671,0.6682140231132507,0.0006225557233709708,0.000709877500529506,0.00045893482124179937,0.13244692315038686
1781867500.500486,59.15655875205994,rhymes_and_toys,speech_attention_movie,speech_social,1700,1,0.45467027527955545,0.43190006859039026,0.44328517193497285,1,0,0.5443768113851547,0.6223551332950592,0.003630364610484482,0.27484913264983385,3.138979685646291,0.5433469712734222,0.6663274466991425,0.0018911882800413595,0.0012686325566703886,0.0007022905698041853,0.132328711717036
1781867500.535254,59.19132685661316,rhymes_and_toys,speech_attention_movie,speech_social,1701,1,0.4374382380797138,0.413459592256867,0.4254489151682904,1,0,0.5447960823774338,0.622676432132721,-0.0027342659189613836,0.27341952677279385,3.2467458126219473,0.5440035760402679,0.6676141619682312,0.0014445642954021194,0.0004466239846392401,0.002260566776383042,0.1325060991356619
1781867500.570772,59.226844787597656,rhymes_and_toys,speech_attention_movie,speech_social,1702,1,0.4477184196250811,0.422054049112656,0.43488623436886853,1,0,0.5446185052394867,0.6230502545833587,0.003072456255205023,0.27252080904588577,3.210985167388993,0.5433606654405594,0.6692255437374115,0.001734902085209492,0.0002903377898073726,0.0011283405755263243,0.13206148690451194
1781867500.603543,59.259615898132324,rhymes_and_toys,speech_attention_movie,speech_social,1703,1,0.44893743718824874,0.41143118705898774,0.43018431212361824,1,0,0.5452969521284103,0.622981584072113,-0.008989836097216824,0.27212646301938664,3.2743823844933755,0.5449967682361603,0.6678265929222107,0.002152648541012687,0.000417746455803195,0.0007827660391223858,0.131167117926416
1781867500.638463,59.294535875320435,rhymes_and_toys,speech_attention_movie,speech_social,1704,1,0.4653048140717587,0.4144320370979235,0.43986842558484107,1,0,0.5451971054077148,0.6235157370567321,-0.0022907580926376527,0.2707190304304818,3.3749618469232434,0.5444143265485764,0.6691060960292816,0.0014058330343393393,0.0007468155066733477,0.0005801651326497943,0.13041697380232314
1781867500.676129,59.33220195770264,rhymes_and_toys,speech_attention_movie,speech_social,1705,1,0.4428715593635712,0.39594548269198526,0.41940852102777826,1,0,0.5450832843780518,0.6234644234180451,0.0007867124564476319,0.27335697939413345,2.735262672247119,0.5442848205566406,0.6685301959514618,0.0005902818831542578,0.0008155511511850815,0.0019500708371154338,0.1324916003935546
1781867500.706243,59.36231589317322,rhymes_and_toys,speech_attention_movie,speech_social,1706,1,0.44748059272648383,0.4049285399687347,0.4262045663476093,1,0,0.5455365091562271,0.6232370138168335,-0.000647025894655412,0.2760740775684714,2.770722591577361,0.5444882214069366,0.6675349473953247,0.0010158206507027195,0.0004255387675484617,0.0009143677058934202,0.1320870080927531
1781867500.741027,59.39709997177124,rhymes_and_toys,speech_attention_movie,speech_social,1707,1,0.44343290482113984,0.41907717928477195,0.4312550420529559,1,0,0.545651426911354,0.6232882976531983,0.0009704519995705173,0.27609468324621,2.957863849724008,0.5446973145008087,0.6680513024330139,0.0005570838777527302,0.00045873677294998934,0.004564853713652121,0.1307950132980522
1781867500.7769768,59.43304967880249,rhymes_and_toys,speech_attention_movie,speech_social,1708,1,0.44831280653110545,0.42177201167954115,0.4350424091053233,1,0,0.5454616278409958,0.6236285388469696,-0.0015962023910097813,0.2713761071062901,2.777919645062041,0.5451352447271347,0.6686030030250549,0.0007043837209847619,0.00014729984323203166,0.005676072804787588,0.13118706582634015
1781867500.810375,59.466447830200195,rhymes_and_toys,speech_attention_movie,speech_social,1709,1,0.44244397590516127,0.42153967334954917,0.4319918246273552,1,0,0.5452832400798797,0.6235143721103669,-0.004644800938187008,0.27378253412845815,3.0185216394434744,0.5453760921955109,0.6682755649089813,0.00040647659573589114,0.0002979071252488707,0.0013382042139661629,0.13094157457570124
1781867500.844276,59.500348806381226,rhymes_and_toys,speech_attention_movie,speech_social,1710,1,0.43546774991462217,0.40706959971792755,0.42126867481627484,1,0,0.545701801776886,0.6240406990051269,-0.00039124602254029514,0.27160963732126947,3.162416246137212,0.5449236333370209,0.6693483889102936,0.0011643325798145923,0.0007578559840787011,0.002728337578391531,0.13073370170769302
1781867500.879524,59.53559684753418,rhymes_and_toys,speech_attention_movie,speech_social,1711,1,0.4441816823624661,0.4021264345455399,0.423154058454003,1,0,0.5460308760404586,0.6244645178318023,-0.004514460561819907,0.273467858675246,2.9891357821711444,0.5457247793674469,0.6681901514530182,0.0014083142296743084,0.00024398164985971606,0.0005649074619326859,0.13208224805376537
1781867500.915881,59.571953773498535,rhymes_and_toys,speech_attention_movie,speech_social,1712,1,0.45105819770535027,0.417225570550821,0.43414188412808563,1,0,0.5457484811544417,0.6242913246154785,4.2487336273648135e-06,0.273999211418979,3.4376382713044182,0.5453766733407974,0.6691636145114899,0.001033831771614087,0.00037448245806022125,0.0006409498243720603,0.13059324610421394
1781867500.948928,59.6050009727478,rhymes_and_toys,speech_attention_movie,speech_social,1713,1,0.43669914835298296,0.40539202972729044,0.42104558904013667,1,0,0.5458090841770172,0.6246199488639832,-0.001399917242033376,0.2772774946850537,3.257751394843154,0.5453253835439682,0.6686637699604034,0.0005024691219463874,0.0005313626496676997,0.0013752171394913893,0.13258538869584383
1781867500.983086,59.639158964157104,rhymes_and_toys,speech_attention_movie,speech_social,1714,1,0.4280705536187841,0.4027421830817821,0.4154063683502831,1,0,0.545559749007225,0.6237793266773224,-0.0037189265087003375,0.2767909979250977,3.3879393799492226,0.5456518530845642,0.6683561503887177,0.00044856678635529654,5.390233559109087e-05,0.0005131377890242254,0.13270635479861967
1781867501.018382,59.67445492744446,rhymes_and_toys,speech_attention_movie,speech_social,1715,1,0.4446599984856471,0.39891959081044864,0.4217897946480479,1,0,0.5455902606248855,0.6243904829025269,-0.0055246790515864255,0.273382318880283,3.511249215289585,0.5455387979745865,0.6699390113353729,0.0015868932649483719,0.0011383264785930754,0.0006303697079014569,0.13221150349120517
1781867501.052518,59.7085907459259,rhymes_and_toys,speech_attention_movie,speech_social,1716,1,0.4476604924990677,0.420111554131483,0.43388602331527537,1,0,0.5455719709396363,0.6247555315494537,0.00019794002312759358,0.26964213671210613,3.2513092691077023,0.5448953807353973,0.6713948845863342,0.0,0.0,0.0014394186772993941,0.13248080193445808
