timestamp,elapsed_time,stimulus_id,stimulus_type,paper_category,frame_index,face_detected,left_ear,right_ear,avg_ear,eye_open,blink_state,gaze_x,gaze_y,yaw_proxy,pitch_proxy,roll_proxy_deg,head_center_x,head_center_y,head_movement,head_acceleration,mouth_open,eyebrow_signal
1781867461.073288,19.729360818862915,spinning_top,nonsocial_movie,non_social,555,1,0.4300937054025096,0.407362575389937,0.4187281403962233,1,0,0.5268137127161026,0.6184858024120331,-0.009490819195675357,0.26278354742073146,4.929112420275331,0.5257710665464401,0.6685502231121063,0.0,0.0,0.003367204706400634,0.13563037697804312
1781867461.106128,19.762200832366943,spinning_top,nonsocial_movie,non_social,556,1,0.4275783812771984,0.4128210101804998,0.4201996957288491,1,0,0.5266360461711883,0.6186789691448211,-0.008203785405034435,0.2605323001760641,5.207425828564101,0.5256302356719971,0.669370174407959,0.000831957608755911,0.000831957608755911,0.00045018469793585176,0.13586581124735397
1781867461.13994,19.79601287841797,spinning_top,nonsocial_movie,non_social,557,1,0.44100057854052355,0.425181605923578,0.4330910922320508,1,0,0.5265050560235978,0.6185606777668,-0.012141521881306343,0.2600419521079217,4.870161911328684,0.5262412428855896,0.6696537435054779,0.0006736031829866914,0.00015835442576921967,0.0002681188132272147,0.13566404283329733
1781867461.1767051,19.832777976989746,spinning_top,nonsocial_movie,non_social,558,1,0.42805671225044867,0.4151341257282608,0.4215954189893547,1,0,0.526777270436287,0.6185297489166259,-0.009147369571051178,0.2605020390832843,5.11669991708515,0.5259666591882706,0.6695985794067383,0.0002800701423271393,0.00039353304065955206,0.0007672056852299865,0.13643871847769154
1781867461.210315,19.866387844085693,spinning_top,nonsocial_movie,non_social,559,1,0.40401787991521393,0.4167518386562841,0.410384859285749,1,0,0.5268413901329041,0.6182045817375184,-0.010853269837014158,0.2611910921761268,5.1145868440922,0.5260531157255173,0.6692708730697632,0.0003389191291832419,5.884898685610255e-05,0.0002057263436767097,0.13766792612149456
1781867461.242614,19.89868688583374,spinning_top,nonsocial_movie,non_social,560,1,0.4237199046755683,0.4222591656130514,0.4229895351443098,1,0,0.5271134942770004,0.6180115044116974,-0.011736105162876853,0.26255626278069655,4.9957361646750265,0.5261351764202118,0.6689322292804718,0.00034844450582463326,9.525376641391389e-06,0.00011725275128665079,0.1359075256813353
1781867461.278574,19.93464684486389,spinning_top,nonsocial_movie,non_social,561,1,0.4384042480664768,0.420213411054301,0.4293088295603889,1,0,0.5272846668958664,0.617589032649994,-0.010935369113670339,0.26330424815523,5.086190781096798,0.5262556076049805,0.6686795055866241,0.00027995166671550834,6.849283910912492e-05,0.004511106829838421,0.13515797689830591
1781867461.3117208,19.967793703079224,spinning_top,nonsocial_movie,non_social,562,1,0.41719044164556623,0.4224425627214366,0.4198165021835014,1,0,0.527624750137329,0.6173293590545654,-0.011020252098165317,0.26264762673285624,4.893643663466284,0.5263366401195526,0.6682910025119781,0.00039686383990895045,0.00011691217319344211,0.007890829721831555,0.1351295422966935
1781867461.346994,20.003066778182983,spinning_top,nonsocial_movie,non_social,563,1,0.4205805797425873,0.4107511971277441,0.4156658884351657,1,0,0.5273918628692627,0.6166022479534149,-0.010715511291353874,0.2646758094222434,4.838095574162988,0.5265427082777023,0.6680847704410553,0.0002915403109011613,0.00010532352900778917,0.0069816615767027785,0.13581188012003412
1781867461.3840508,20.04012370109558,spinning_top,nonsocial_movie,non_social,564,1,0.4293356762574555,0.40269566943962665,0.4160156728485411,1,0,0.527434241771698,0.6166531383991242,-0.017675382524749143,0.2643900584977491,4.912426237865675,0.5271412581205368,0.668446809053421,0.000699524031896596,0.00040798372099543474,0.008083829674620088,0.13434063183202047
1781867461.419009,20.075081825256348,spinning_top,nonsocial_movie,non_social,565,1,0.43799482283670216,0.40644786152612045,0.4222213421814113,1,0,0.5278664708137513,0.617041826248169,-0.012979831482882134,0.26167464247677774,4.417524435954248,0.5266375839710236,0.6699056625366211,0.0015433538590786226,0.0008438298271820266,0.003968277281284508,0.13340298784268906
1781867461.450061,20.106133937835693,spinning_top,nonsocial_movie,non_social,566,1,0.43999898475257926,0.41790343565633764,0.4289512102044585,1,0,0.5277919679880142,0.6169162273406983,-0.01135632798206436,0.2631222113327396,4.759751452745571,0.526772990822792,0.6680035293102264,0.00190694672879459,0.00036359286971596747,0.005163541094136578,0.13314712700333828
1781867461.484792,20.140864849090576,spinning_top,nonsocial_movie,non_social,567,1,0.42546293234269367,0.41415293389805397,0.4198079331203738,1,0,0.5277510046958923,0.6169086039066315,-0.009932914176456722,0.2627954900698374,4.844566437310542,0.5260008722543716,0.6688733696937561,0.0011630947409900084,0.0007438519878045816,0.011315168375745255,0.1345991523563304
1781867461.520921,20.17699384689331,spinning_top,nonsocial_movie,non_social,568,1,0.4446581836313832,0.4082745327975287,0.42646635821445594,1,0,0.5277528166770935,0.6172915339469909,-0.01494152109114616,0.26306191399496465,4.8830718353151985,0.5272377729415894,0.6683628559112549,0.0013381134601233757,0.0001750187191333673,0.005859224313587749,0.13361470436722386
1781867461.553536,20.209608793258667,spinning_top,nonsocial_movie,non_social,569,1,0.4562088493701828,0.41347656598079335,0.43484270767548805,1,0,0.5277995020151138,0.6173188865184784,-0.011853435422492203,0.2614383435453317,4.821177271711671,0.5269376635551453,0.6694960296154022,0.0011722407123124711,0.00016587274781090463,0.0013351513359937599,0.1329805376145315
1781867461.588585,20.24465775489807,spinning_top,nonsocial_movie,non_social,570,1,0.43189010786992277,0.4183236338423676,0.4251068708561452,1,0,0.5276728332042695,0.6170618414878846,-0.01167296465080244,0.2629310342460685,4.794287916378443,0.5271267592906952,0.6692925095558167,0.0002778085885225335,0.0008944321237899376,0.0004569904000137674,0.13511872767042463
1781867461.623868,20.279940843582153,spinning_top,nonsocial_movie,non_social,571,1,0.4374097007840003,0.41245703428697245,0.4249333675354864,1,0,0.5279009491205215,0.6169260978698731,-0.014074773994160886,0.26189610768251365,4.82046419472824,0.5271403044462204,0.6694792807102203,0.00018726167615261744,9.054691236991605e-05,0.0003351405108366083,0.1352271221173115
1781867461.65698,20.313052892684937,spinning_top,nonsocial_movie,non_social,572,1,0.46215272225539294,0.41468421445630943,0.4384184683558512,1,0,0.5280429124832153,0.616679847240448,-0.01692874354024121,0.26306359253799416,4.968807388001455,0.5273714363574982,0.6690036654472351,0.000528802268145121,0.00034154059199250356,0.001190111713121543,0.1335117106548797
1781867461.691083,20.347155809402466,spinning_top,nonsocial_movie,non_social,573,1,0.45058083339339594,0.4027804360723073,0.4266806347328516,1,0,0.5281278222799302,0.6162070214748383,-0.01667147919836473,0.26055624562562835,4.511151658303777,0.527185246348381,0.6691137254238129,0.0002162866568684542,0.0003125156112766668,0.00016467267027407023,0.1342647883325824
1781867461.725821,20.38189387321472,spinning_top,nonsocial_movie,non_social,574,1,0.4417022562154879,0.4265122706992457,0.43410726345736683,1,0,0.5281766414642334,0.6161414682865143,-0.012996599848907801,0.26297078795404033,4.589742080854027,0.5269565284252167,0.6687216460704803,0.00045391420740737814,0.00023762755053892393,0.003796081791513939,0.13298483364272803
1781867461.7614331,20.417505979537964,spinning_top,nonsocial_movie,non_social,575,1,0.4258832547545134,0.42184255498232764,0.4238629048684205,1,0,0.5279572606086731,0.6166683793067932,-0.006891765889158707,0.2611445140408113,4.690452066705625,0.5262418240308762,0.6698466837406158,0.001332858631105922,0.0008789444236985439,0.0011964425824961997,0.13450846312803752
1781867461.794506,20.450578927993774,spinning_top,nonsocial_movie,non_social,576,1,0.4396104864702892,0.42624437504607554,0.4329274307581824,1,0,0.5277092546224594,0.6169417560100556,-0.01259721017617511,0.2620032862036065,4.545857900645896,0.5267367511987686,0.6684100329875946,0.0015195125164586647,0.00018665388535274267,0.004622321034331045,0.1338621855884977
1781867461.8291771,20.485249996185303,spinning_top,nonsocial_movie,non_social,577,1,0.440470212595301,0.42229647344868165,0.43138334302199133,1,0,0.5278326839208602,0.61699578166008,-0.01266189018231598,0.26222949117473565,4.859805504980412,0.5269852131605148,0.6691288352012634,0.0007605326875355054,0.0007589798289231593,0.005262613815121047,0.13272009940423798
1781867461.8629801,20.519052982330322,spinning_top,nonsocial_movie,non_social,578,1,0.43833021208916095,0.4369271597241605,0.4376286859066607,1,0,0.5281037896871567,0.6169027090072632,-0.010199792292750226,0.26469925436576364,4.962401916792471,0.5266934633255005,0.6690423786640167,0.00030429048467473847,0.0004562422028607669,0.0020135374879950087,0.1335185744363943
1781867461.89811,20.554182767868042,spinning_top,nonsocial_movie,non_social,579,1,0.4432353738273388,0.4289050977180624,0.4360702357727006,1,0,0.5284488528966904,0.617146337032318,-0.006445872252831269,0.2620723849463993,4.801229190868462,0.5265342146158218,0.6693561673164368,0.00035188559209194977,4.7595107417211296e-05,0.0009892837972558814,0.13353614321736795
1781867461.93203,20.5881028175354,spinning_top,nonsocial_movie,non_social,580,1,0.44784678414353085,0.4387821365681549,0.4433144603558429,1,0,0.5283594906330109,0.6166826486587524,-0.012960780909700204,0.2670420834574776,5.133204671528594,0.5273504704236984,0.667439192533493,0.0020835224650419307,0.001731636872949981,0.0003627398233300163,0.13373763093230376
1781867461.9680572,20.62413001060486,spinning_top,nonsocial_movie,non_social,581,1,0.4290296068661178,0.4189584930181869,0.42399404994215234,1,0,0.5281875550746917,0.6172420978546143,-0.01461575366358078,0.2641553014999978,5.019432854897877,0.5278932303190231,0.6690674722194672,0.001716357491820649,0.0003671649732212817,0.0026301510479489858,0.13456541807135156
1781867462.000586,20.65665888786316,spinning_top,nonsocial_movie,non_social,582,1,0.4373538448939048,0.4276958893780309,0.4325248671359678,1,0,0.5282715797424317,0.6171292841434479,-0.014939912709056641,0.2616997900569537,4.460388915185997,0.5274815559387207,0.6709615886211395,0.001938337622418151,0.00022198013059750187,0.0002011094048756253,0.1335037315602134
1781867462.035712,20.691784858703613,spinning_top,nonsocial_movie,non_social,583,1,0.4338308713975532,0.4183432785747605,0.42608707498615683,1,0,0.5279340952634811,0.6166433155536651,-0.012405793687471325,0.26296638195204863,5.357685126837095,0.5273211598396301,0.6693685948848724,0.001601048391645192,0.00033728923077295885,0.0004607297648267911,0.1327866925834303
1781867462.067963,20.72403573989868,spinning_top,nonsocial_movie,non_social,584,1,0.4406394339776847,0.42418883829488724,0.432414136136286,1,0,0.5279959112405777,0.6167568862438202,-0.01663574205041309,0.2639051814904965,4.577905231907795,0.5275699496269226,0.6688624322414398,0.0005640008686763988,0.0010370475229687934,0.0025866436832514624,0.13258112718300447
1781867462.103263,20.75933575630188,spinning_top,nonsocial_movie,non_social,585,1,0.43461607134047164,0.4282319046893113,0.43142398801489146,1,0,0.5279106676578522,0.6167823672294617,-0.01150661287161538,0.26254583815374827,4.724859576017674,0.5271167755126953,0.6691504418849945,0.0005369509592003644,2.7049909476034324e-05,0.0007581765748721387,0.13379596454107368
1781867462.138741,20.794813871383667,spinning_top,nonsocial_movie,non_social,586,1,0.4431350781211068,0.4259129361825794,0.43452400715184314,1,0,0.5282057762145995,0.617301732301712,-0.011380845313790596,0.26056638741283733,4.407052357816951,0.5265579223632812,0.6686096489429474,0.0007776720702056846,0.00024072111100532012,0.005982890798211512,0.13348011918163827
1781867462.176214,20.832286834716797,spinning_top,nonsocial_movie,non_social,587,1,0.44618217742640776,0.4308476273583501,0.4385149023923789,1,0,0.5281833618879319,0.6172111570835113,-0.010488115623219555,0.262981621702428,5.41759888209077,0.5270641446113586,0.6678159832954407,0.0009413639702478423,0.00016369190004215776,0.0026915562354155437,0.13381946450871451
1781867462.2073689,20.863441705703735,spinning_top,nonsocial_movie,non_social,588,1,0.44525219060391813,0.4286524616047001,0.4369523261043091,1,0,0.528096181154251,0.6167428135871886,-0.012371796272948698,0.2647604398178517,4.890867539969829,0.5273246318101883,0.6687552332878113,0.0009747020718775047,3.333810162966242e-05,0.000759948258937677,0.13405962249220696
1781867462.242186,20.898258924484253,spinning_top,nonsocial_movie,non_social,589,1,0.44967714792593866,0.4308277936194137,0.44025247077267615,1,0,0.5279384970664978,0.6166250526905059,-0.015447020763226812,0.2628134438091234,4.6555227058797035,0.5273503810167313,0.6690933406352997,0.0003390864197564337,0.0006356156521210711,0.006800925604922955,0.13242199566412985
1781867462.276573,20.932645797729492,spinning_top,nonsocial_movie,non_social,590,1,0.44960337448836035,0.4315031301986843,0.44055325234352233,1,0,0.527947536110878,0.6170422911643982,-0.014489150835910432,0.2623714557190685,4.071313197842198,0.5273094773292542,0.6700684130191803,0.0009759299490515962,0.0006368435292951624,0.0022153927954160135,0.13325375144310375
1781867462.311671,20.96774387359619,spinning_top,nonsocial_movie,non_social,591,1,0.44055895343872253,0.43291616300371355,0.43673755822121807,1,0,0.5279296785593033,0.6170917689800262,-0.013779816012775467,0.26342447664345214,4.633128604122279,0.5272446274757385,0.6693326830863953,0.0007385824513870262,0.00023734749766456998,0.0015153070855494233,0.13260760825024423
1781867462.344676,21.000748872756958,spinning_top,nonsocial_movie,non_social,592,1,0.44426532728569984,0.43183619455583383,0.43805076092076684,1,0,0.5279724031686783,0.617122906446457,-0.0054938151459131114,0.2645900504496026,4.653026466222921,0.5263885855674744,0.6696273386478424,0.0009053339983653968,0.0001667515469783706,0.004636178968866496,0.13248833409180383
1781867462.379002,21.035074949264526,spinning_top,nonsocial_movie,non_social,593,1,0.45458081140344536,0.42323830057576806,0.4389095559896067,1,0,0.5276114791631699,0.6173242032527924,-0.014003765099213134,0.26447101184876654,4.313077451436453,0.5269048362970352,0.6687793135643005,0.0009928047935461974,8.747079518080063e-05,0.0006775780624720094,0.13417830322007976
1781867462.41417,21.070242881774902,spinning_top,nonsocial_movie,non_social,594,1,0.4488396650820692,0.4360122130160308,0.44242593904905003,1,0,0.5277407079935074,0.6169017970561981,-0.013131518193183636,0.26286164859275435,4.416625093508736,0.5266654640436172,0.6683506667613983,0.0004909553516814867,0.0005018494418647107,0.003428612701800363,0.13277100627988084
1781867462.449168,21.10524082183838,spinning_top,nonsocial_movie,non_social,595,1,0.4571084456747182,0.4286377063672235,0.4428730760209708,1,0,0.5278062760829926,0.6166882753372191,-0.012264540618175373,0.262695698610574,5.147812417191833,0.5267573595046997,0.6697070300579071,0.0013594727536378752,0.0008685174019563885,0.00017428149891485326,0.13301766992773564
1781867462.4830039,21.139076709747314,spinning_top,nonsocial_movie,non_social,596,1,0.4566286724121511,0.4124617354491438,0.43454520393064744,1,0,0.5276619702577591,0.6169475018978119,-0.01806706939393961,0.2609674851515705,4.325691771613041,0.5271572470664978,0.670280396938324,0.0006990419455510515,0.0006604308080868237,2.8499801739058765e-05,0.13354931809584947
1781867462.519362,21.175434827804565,spinning_top,nonsocial_movie,non_social,597,1,0.45018404612063107,0.4231336185454768,0.4366588323330539,1,0,0.5273381859064102,0.6170594751834869,-0.00853567709520527,0.262414777826669,4.444666834393859,0.5265067219734192,0.6688327193260193,0.0015871210936450751,0.0008880791480940236,0.0003953532310562788,0.13389526965598314
1781867462.552178,21.208250761032104,spinning_top,nonsocial_movie,non_social,598,1,0.45312248424227214,0.4278985491088709,0.4405105166755715,1,0,0.5274631053209304,0.6168199956417084,-0.00986923520483645,0.26162131794894145,4.388882192367728,0.5268459618091583,0.6690469086170197,0.00040119910086085106,0.0011859219927842241,0.0006784000454908531,0.133513508450562
1781867462.586448,21.242520809173584,spinning_top,nonsocial_movie,non_social,599,1,0.443955110542907,0.4340730226874692,0.4390140666151881,1,0,0.5274637043476105,0.616709417104721,-0.008449265244201894,0.259326130045793,4.6001034625649595,0.526347428560257,0.6699108779430389,0.0009974860382794206,0.0005962869374185695,0.00010283954512567025,0.13396364825034643
1781867462.622347,21.278419971466064,spinning_top,nonsocial_movie,non_social,600,1,0.4511953501492085,0.4254666684726719,0.43833100931094016,1,0,0.5272041410207748,0.6166631042957306,-0.01307051393961819,0.2595384015298939,4.288713114784529,0.5264669954776764,0.6700056493282318,0.00015257084646996358,0.000844915191809457,5.520611646375715e-05,0.13461253093821543
1781867462.655146,21.311218738555908,spinning_top,nonsocial_movie,non_social,601,1,0.44952552818220665,0.4269765240666836,0.4382510261244451,1,0,0.5271038025617599,0.616231733560562,-0.012614817148841603,0.25769081259525933,4.394338864641204,0.5263318419456482,0.669873982667923,0.00018868647714285228,3.61156306728887e-05,0.0075322737688933725,0.1327102885893045
1781867462.689853,21.34592580795288,spinning_top,nonsocial_movie,non_social,602,1,0.4504551027179284,0.420600572713555,0.43552783771574166,1,0,0.5270395547151565,0.6169124901294708,-0.014188467639123521,0.2607883365652426,4.267842548280398,0.5264760255813599,0.6689883470535278,0.0008972955824543524,0.0007086091053115002,0.00014755152705563768,0.1348425271213727
1781867462.724633,21.38070583343506,spinning_top,nonsocial_movie,non_social,603,1,0.4548974980934898,0.4220719882324397,0.4384847431629647,1,0,0.527215951681137,0.61614488363266,-0.011913972970985329,0.2590993092178974,4.1002651609886955,0.5259663611650467,0.6685940027236938,0.0006444107911325352,0.0002528847913218172,0.0005151636849957116,0.1336959720568346
1781867462.760386,21.41645884513855,spinning_top,nonsocial_movie,non_social,604,1,0.4572126309257743,0.4324095193818727,0.4448110751538235,1,0,0.5272629022598266,0.6162316918373107,-0.013314520126747853,0.2623482340305583,4.3884670807440305,0.5264468789100647,0.6672963798046112,0.0013837349975359245,0.0007393242064033893,0.00034525937026370186,0.13493591384454712
1781867462.793448,21.44952082633972,spinning_top,nonsocial_movie,non_social,605,1,0.4430599486861537,0.43257729177719995,0.43781862023167684,1,0,0.5272453397512435,0.6160007059574126,-0.00782696008629052,0.2605924478984835,4.520719631125635,0.5254949331283569,0.6677802503108978,0.0010678630240650137,0.00031587197347091077,0.006654872994603408,0.13507879600264466
1781867462.828026,21.4840989112854,spinning_top,nonsocial_movie,non_social,606,1,0.45975115527234794,0.44373597502440343,0.45174356514837566,1,0,0.5272691696882248,0.6160752296447753,-0.018512303074798432,0.26259774879913267,5.172958647640038,0.5273203104734421,0.6677376329898834,0.0018258747733622188,0.0007580117492972051,0.000663149981906029,0.13474285261753433
1781867462.8632,21.519272804260254,spinning_top,nonsocial_movie,non_social,607,1,0.4239797437461477,0.4244987087399656,0.42423922624305666,1,0,0.5273284107446671,0.6139678895473479,-0.010867037796008254,0.25856904718999346,4.463738540861674,0.5266541838645935,0.6694233417510986,0.001812550326654081,1.3324446708137816e-05,0.00023517862298943408,0.13367405100379845
1781867462.896428,21.55250096321106,spinning_top,nonsocial_movie,non_social,608,1,0.45000165116327223,0.4193734968471875,0.43468757400522984,1,0,0.5271771818399429,0.6129436492919922,-0.01371564321985827,0.2606805192089841,4.538778792704479,0.5267244577407837,0.666630893945694,0.002793331910744606,0.000980781584090525,0.0005585136586087972,0.1315373814683003
1781867462.931075,21.5871479511261,spinning_top,nonsocial_movie,non_social,609,1,0.4472831518783654,0.4220416822177048,0.4346624170480351,1,0,0.5270664870738984,0.6123618543148042,-0.010205767541481716,0.26062081327678976,4.298084808775459,0.526268720626831,0.6675167977809906,0.000996253944748606,0.001797077965996,0.0004205086192479043,0.1314393650055888
1781867462.967648,21.62372088432312,spinning_top,nonsocial_movie,non_social,610,1,0.4433600334322228,0.43920488531074175,0.44128245937148225,1,0,0.5270133882761001,0.6125201404094696,-0.005684057524027077,0.2615237079186708,4.543613140792536,0.5255401879549026,0.6662344038486481,0.0014748878098947316,0.00047863386514612554,0.0011341256088994332,0.13011535197073243
1781867462.99998,21.656052827835083,spinning_top,nonsocial_movie,non_social,611,1,0.45091896247928676,0.42684459288515014,0.4388817776822185,1,0,0.5270110875368118,0.6125344336032867,-0.01552031661169099,0.26134562846643167,4.3607180683389855,0.5269211232662201,0.6670228242874146,0.001590153804607634,0.00011526599471290235,1.23057143752263e-05,0.1314668202422647
1781867463.033547,21.689619779586792,spinning_top,nonsocial_movie,non_social,612,1,0.4502422160835876,0.427156839124651,0.43869952760411934,1,0,0.526904284954071,0.6130003988742828,-0.01074466014576465,0.2628641950370259,4.405206899061423,0.525793120265007,0.6666341125965118,0.0011930999745998429,0.0003970538300077911,0.002274998938296189,0.1309318396175828
1781867463.0708039,21.726876735687256,spinning_top,nonsocial_movie,non_social,613,1,0.45393251346160257,0.42293696367240025,0.43843473856700144,1,0,0.5267592817544937,0.6132219552993774,-0.011753597384611108,0.2621267097628957,4.27196546798582,0.5263523012399673,0.6663910448551178,0.0006097255855415478,0.000583374389058295,0.003559418973727405,0.13076334502955722
1781867463.103403,21.75947594642639,spinning_top,nonsocial_movie,non_social,614,1,0.4461977874467558,0.4288239180139926,0.4375108527303742,1,0,0.526737368106842,0.6129633903503418,-0.01209672639704981,0.2637293813994866,4.812195472837097,0.5262161195278168,0.66722172498703,0.0008417689352060837,0.00023204334966453585,0.0005602862347201712,0.13161298172136046
1781867463.136176,21.792248964309692,spinning_top,nonsocial_movie,non_social,615,1,0.4393496892973054,0.429992730777243,0.43467121003727416,1,0,0.5267771154642105,0.612567138671875,-0.01196349379278855,0.261945154474309,4.506857298288404,0.526451900601387,0.6666988432407379,0.0005735835033013339,0.0002681854319047498,0.0011007520099312125,0.13141295258741553
1781867463.172385,21.828457832336426,spinning_top,nonsocial_movie,non_social,616,1,0.4608994747383461,0.4233082720636595,0.44210387340100277,1,0,0.5267281919717789,0.6128924727439881,-0.012965478274431133,0.26176403669533826,4.523470018151987,0.5262771546840668,0.6673578321933746,0.0006817643106802641,0.00010818080737893024,0.0023572392553244926,0.1312335343145938
1781867463.2058299,21.861902713775635,spinning_top,nonsocial_movie,non_social,617,1,0.46780989352716823,0.4138718144619095,0.4408408539945389,1,0,0.5276579856872559,0.6156312048435211,-0.01634997498763971,0.2587199327626888,4.156142898384252,0.5264952480792999,0.6684038043022156,0.0010684673048425455,0.0003867029941622814,0.000960912021885866,0.13537019145495366
1781867463.240853,21.896925926208496,spinning_top,nonsocial_movie,non_social,618,1,0.4367162106932675,0.4174061180030368,0.4270611643481521,1,0,0.5274514347314835,0.6163291513919831,-0.010756674971840045,0.2588626092689031,4.294964981358088,0.5260471701622009,0.6685517132282257,0.0004718589515790159,0.0005966083532635296,7.814805259627849e-05,0.13699747405321633
1781867463.2755709,21.93164372444153,spinning_top,nonsocial_movie,non_social,619,1,0.44451808883283767,0.41104004323730087,0.42777906603506927,1,0,0.527410426735878,0.6168754994869232,-0.009674814762179644,0.2582601361239841,4.877075121489184,0.5258682668209076,0.6689871251583099,0.00047073342178518895,1.1255297938269596e-06,0.0027687509256511785,0.13726422738702604
1781867463.3101199,21.966192722320557,spinning_top,nonsocial_movie,non_social,620,1,0.4357371016341345,0.4018193661485214,0.41877823389132796,1,0,0.527010726928711,0.6173750162124634,-0.014861548291494395,0.25920311521885814,4.374811615411635,0.5265836715698242,0.6686471402645111,0.0007920818662132476,0.0003213484444280587,5.531484996389711e-05,0.140405436413647
1781867463.3439739,22.000046730041504,spinning_top,nonsocial_movie,non_social,621,1,0.4367482125248312,0.40642079492448396,0.4215845037246576,1,0,0.5273497998714447,0.6180821180343627,-0.014446928467851918,0.25518788954852095,4.430681827374735,0.5264137983322144,0.6703543066978455,0.0017155973152111147,0.0009235154489978671,0.0027670166629071217,0.13843602406250793
1781867463.378876,22.03494882583618,spinning_top,nonsocial_movie,non_social,622,1,0.4214733621263878,0.4137364224717569,0.4176048922990724,1,0,0.527121478319168,0.6168429911136628,-0.012129526075023413,0.25907173828247637,4.299040595972889,0.5264980494976044,0.6697378754615784,0.0006221621395708262,0.0010934351756402886,0.0001254278302805351,0.13946363897842506
1781867463.414622,22.07069492340088,spinning_top,nonsocial_movie,non_social,623,1,0.4298214646595049,0.42799076001077585,0.42890611233514037,1,0,0.5272425979375839,0.616882985830307,-0.013991089529689318,0.2570015938344693,4.697026003674865,0.5265102386474609,0.6698459386825562,0.00010874849471288814,0.0005134136448579381,0.00010257863881655709,0.13713433651204082
1781867463.447356,22.103428840637207,spinning_top,nonsocial_movie,non_social,624,1,0.41749573486366587,0.4296152872766707,0.4235555110701683,1,0,0.527128055691719,0.6165463030338287,-0.014618820794247988,0.2594622470718096,4.404361889347503,0.5264321118593216,0.6703290641307831,0.0004894016691322585,0.00038065317441937033,0.0006682194065975052,0.13865597363480797
1781867463.4827368,22.13880968093872,spinning_top,nonsocial_movie,non_social,625,1,0.41523103649883186,0.42584920038202084,0.4205401184404264,1,0,0.527188566327095,0.6170052587985992,-0.012458754110043022,0.2575368765547398,4.840087724022603,0.5262689888477325,0.6697660088539124,0.0005862084626835858,9.680679355132736e-05,0.001048890569207768,0.13799311291195507
1781867463.517884,22.173956871032715,spinning_top,nonsocial_movie,non_social,626,1,0.41082230326337915,0.4187852578616592,0.4148037805625192,1,0,0.5271636992692947,0.6170984089374543,-0.007215781017691975,0.25989617895501416,5.325343052976451,0.5261538624763489,0.6695440709590912,0.0002500210202075445,0.0003361874424760413,0.0009607859344727013,0.1394278528633139
1781867463.5518038,22.207876682281494,spinning_top,nonsocial_movie,non_social,627,1,0.4271053981745319,0.4237738650631534,0.4254396316188427,1,0,0.5271823644638061,0.6163810193538666,-0.009566235864720654,0.25798731514422946,4.685706477566617,0.5261338651180267,0.6692427396774292,0.00030199409869717677,5.1973078489632246e-05,0.00013296218040884182,0.1370000545348422
1781867463.585305,22.24137783050537,spinning_top,nonsocial_movie,non_social,628,1,0.4135711084526396,0.4084834348951855,0.41102727167391256,1,0,0.5262571036815643,0.6126646995544434,-0.010831668303606174,0.2588795163338757,4.715492565421618,0.5264082849025726,0.6697694957256317,0.0005939513047953909,0.0002919572060982141,0.00011003523803786625,0.13269640730714347
1781867463.622242,22.27831482887268,spinning_top,nonsocial_movie,non_social,629,1,0.4215144733422296,0.4057701151191438,0.41364229423068666,1,0,0.5260741680860519,0.611901080608368,-0.013689860402711421,0.26175927126034904,4.92459867966551,0.526235967874527,0.667858213186264,0.0019190346801051402,0.0013250833753097493,0.000310542580706219,0.1327619553224958
1781867463.653426,22.30949878692627,spinning_top,nonsocial_movie,non_social,630,1,0.4138844990340683,0.386901346150478,0.40039292259227316,1,0,0.5256246894598007,0.6117418289184571,-0.01598167529936672,0.2605968582094246,4.775787672996639,0.526303231716156,0.6664933860301971,0.0013664836590052375,0.0005525510210999027,6.196679320150325e-05,0.13252071023537634
1781867463.688719,22.344791889190674,spinning_top,nonsocial_movie,non_social,631,1,0.4250096036740892,0.3983197072458302,0.41166465545995967,1,0,0.5258106261491775,0.6108923375606536,-0.011109141614550892,0.26138786831764443,4.6966958535368715,0.5258484184741974,0.6658570766448975,0.0007821411118726393,0.0005843425471325982,0.000248206064758671,0.13026001842802706
1781867463.721751,22.37782382965088,spinning_top,nonsocial_movie,non_social,632,1,0.44103511214480223,0.3994998527625851,0.42026748245369366,1,0,0.5255417704582215,0.6108798086643219,-0.017205820636401036,0.26123361997681854,5.015183379214276,0.5261282026767731,0.66573566198349,0.0003049929835514285,0.0004771481283212108,4.968657921120822e-05,0.1308960808090308
1781867463.759742,22.415814876556396,spinning_top,nonsocial_movie,non_social,633,1,0.43464258099443503,0.4011882194212103,0.4179154002078227,1,0,0.5256240725517273,0.6110445976257324,-0.00965354948552642,0.26344103001569263,4.653655268700393,0.5252657383680344,0.6653295755386353,0.0009532842621919745,0.000648291278640546,0.0012342797238187133,0.13208258811838686
1781867463.7915132,22.447586059570312,spinning_top,nonsocial_movie,non_social,634,1,0.4389191447385734,0.404360082761982,0.4216396137502777,1,0,0.5255650371313095,0.6107853651046753,-0.013431772375268977,0.2641506065161818,4.727479869740946,0.5257496535778046,0.6646752953529358,0.0008137914300641552,0.0001394928321278193,0.00018513956910317658,0.13111393971808566
1781867463.82703,22.483102798461914,spinning_top,nonsocial_movie,non_social,635,1,0.44095749772673926,0.402746686832962,0.42185209227985065,1,0,0.5260581374168396,0.6109788179397584,-0.010471513664994117,0.2630111329075323,4.879329714143866,0.5252878963947296,0.6641198396682739,0.0007223231366531847,9.146829341097047e-05,0.00020626731278080456,0.13009164651331995
1781867463.860118,22.516190767288208,spinning_top,nonsocial_movie,non_social,636,1,0.43236650357221307,0.4124233706129085,0.4223949370925608,1,0,0.5259819120168686,0.6112106382846832,-0.011239661031899465,0.26247865229472694,5.2865917998739915,0.5255846232175827,0.6642491221427917,0.00032366767774669663,0.0003986554589064881,0.0033953273215531357,0.13079118612003007
1781867463.8952441,22.55131697654724,spinning_top,nonsocial_movie,non_social,637,1,0.43316206603211216,0.4186397031463369,0.42590088458922454,1,0,0.5258569359779357,0.6108667790889739,-0.01496834107080791,0.26170098217046556,5.083202448873263,0.525765910744667,0.6644128262996674,0.00024426260142460123,7.94050763220954e-05,0.00027276361256271293,0.1295940984816091
1781867463.928307,22.58437991142273,spinning_top,nonsocial_movie,non_social,638,1,0.436899239972242,0.4106491661127744,0.42377420304250824,1,0,0.5259599536657333,0.6108412981033325,-0.01117768670930109,0.26384393482892327,4.6896512075034416,0.5253762900829315,0.6644131243228912,0.0003896207757154101,0.0001453581742908089,0.0001314801969133481,0.130391321726875
1781867463.967104,22.62317681312561,spinning_top,nonsocial_movie,non_social,639,1,0.4545440258607087,0.4149983073745734,0.43477116661764104,1,0,0.5259421646595002,0.6101642906665802,-0.015620271714915182,0.2624552658429677,4.932959594594791,0.525700256228447,0.6642747819423676,0.0003522679061298256,3.735286958558452e-05,0.0026553234882783824,0.12803044109210335
1781867463.99749,22.653562784194946,spinning_top,nonsocial_movie,non_social,640,1,0.44311538500758046,0.41056387934959787,0.42683963217858917,1,0,0.5256098240613938,0.6106954336166381,-0.010523089330698994,0.2611571465802537,5.0350580630594175,0.5248770713806152,0.6647383570671082,0.0009447408057123421,0.0005924728995825165,0.00019625311907075732,0.12865864597207935
1781867464.033267,22.689339876174927,spinning_top,nonsocial_movie,non_social,641,1,0.4546438650267412,0.4190242945413955,0.43683407978406835,1,0,0.5253115832805634,0.6102491378784181,-0.01816292005087584,0.26558141087709586,4.2517052415653245,0.5259717404842377,0.6631942987442017,0.001892727278548699,0.0009479864728363568,0.0005795006567494637,0.1296432278362873
1781867464.069197,22.72526979446411,spinning_top,nonsocial_movie,non_social,642,1,0.44313467576926896,0.4141248325222571,0.42862975414576304,1,0,0.525653064250946,0.6101151764392853,-0.011045409858403023,0.2645335922630156,4.25885744512016,0.5249523669481277,0.6636706292629242,0.0011251725064130077,0.0007675547721356913,0.007143543089976374,0.1279238604262583
1781867464.101886,22.75795888900757,spinning_top,nonsocial_movie,non_social,643,1,0.4759189521928399,0.4013006941399746,0.4386098231664073,1,0,0.5252720206975937,0.6101990699768067,-0.016062059314602885,0.26670354132012064,4.796437950928625,0.5253342688083649,0.6633653044700623,0.0004889501610478921,0.0006362223453651156,0.00010827866311388545,0.12870406932516804
1781867464.135832,22.79190492630005,spinning_top,nonsocial_movie,non_social,644,1,0.4691126251369261,0.40211516017626403,0.43561389265659506,1,0,0.5251070231199264,0.6103521168231965,-0.01221314796949993,0.2626903944217496,4.704950723283064,0.5249502658843994,0.6650268733501434,0.0017053648843776026,0.0012164147233297107,7.129319584899999e-05,0.12876209263977506
1781867464.171205,22.827277898788452,spinning_top,nonsocial_movie,non_social,645,1,0.4448581360605243,0.40325675851340337,0.4240574472869638,1,0,0.5248433977365494,0.6098409593105316,-0.016219353029823552,0.26212358252453016,4.744994269337427,0.5251040309667587,0.6639970541000366,0.00104123551055634,0.0006641293738212626,0.00018150804454591056,0.1296033634970406
1781867464.2055738,22.86164665222168,spinning_top,nonsocial_movie,non_social,646,1,0.4537608909245297,0.41145133049350674,0.4326061107090182,1,0,0.5250359773635864,0.609871119260788,-0.012242570201926484,0.26300897293140746,5.310655141478102,0.5249356031417847,0.6637705862522125,0.0002822332693421717,0.0007590022412141684,0.00016402759682060473,0.12901444910172638
1781867464.2392719,22.895344734191895,spinning_top,nonsocial_movie,non_social,647,1,0.45458852968280666,0.4176626712885582,0.43612560048568244,1,0,0.5249748021364212,0.6101888597011567,-0.010951734878027652,0.2612925498783923,5.111575118021938,0.5246824324131012,0.6648352742195129,0.0010943746550320004,0.0008121413856898288,0.00034225125085321365,0.12877243664514174
1781867464.274893,22.930965900421143,spinning_top,nonsocial_movie,non_social,648,1,0.4359374188026627,0.4129374653987704,0.42443744210071654,1,0,0.5250940144062042,0.6103851854801179,-0.013124276984548188,0.2605344997481954,5.049618521680992,0.5249429792165756,0.6641714572906494,0.0007131181892551501,0.0003812564657768503,0.0014886718322692054,0.13058071607882035
1781867464.30778,22.963852882385254,spinning_top,nonsocial_movie,non_social,649,1,0.4615511532661692,0.4161179589291102,0.43883455609763966,1,0,0.5250242471694946,0.6105347216129302,-0.015491909226993276,0.2659893349473822,5.390549008941728,0.5250512063503265,0.6635306775569916,0.0006498551989070696,6.326299034808047e-05,0.00024365809611903082,0.12953969072664318
1781867464.344345,23.000417947769165,spinning_top,nonsocial_movie,non_social,650,1,0.4285784889150734,0.43987869559195497,0.4342285922535142,1,0,0.5254963994026185,0.6102512300014495,-0.009694339005930504,0.2620354271742267,5.152109370473437,0.5246433913707733,0.6647672951221466,0.0013021275129563726,0.000652272314049303,0.008440485278048797,0.12959164118909025
1781867464.3787909,23.034863710403442,spinning_top,nonsocial_movie,non_social,651,1,0.46505664068047836,0.4222405750725769,0.4436486078765276,1,0,0.5255747139453888,0.6099430859088898,-0.01392053607427978,0.2642641020905912,4.882889200565394,0.5253714472055435,0.6636714935302734,0.001315616367827152,1.3488854870779285e-05,0.0014713112382737966,0.12950147587044844
1781867464.4122,23.068272829055786,spinning_top,nonsocial_movie,non_social,652,1,0.44348226555731063,0.42131955476013994,0.4324009101587253,1,0,0.525627824664116,0.6102607607841491,-0.011612217898695458,0.2623035830564731,4.784694625516519,0.5253816246986389,0.664615660905838,0.0009442222272570184,0.0003713941405701335,0.006845453751156387,0.1302726147534337
1781867464.4462879,23.102360725402832,spinning_top,nonsocial_movie,non_social,653,1,0.4568824314844486,0.4385856800159502,0.4477340557501994,1,0,0.5257639080286026,0.6101475894451142,-0.013615944331163513,0.26454063095950864,4.743729314658069,0.5256513804197311,0.6642164587974548,0.00048179920340278787,0.00046242302385423055,0.0014598413532147725,0.1286904963255229
1781867464.481088,23.137160778045654,spinning_top,nonsocial_movie,non_social,654,1,0.4539218575159426,0.44047857249184535,0.44720021500389395,1,0,0.5259117722511291,0.6101240396499634,-0.011455000048512368,0.26666189496125425,5.124557024533287,0.5257089585065842,0.6630653440952301,0.0011525538138254486,0.0006707546104226607,0.005984878356169066,0.12913257777391499
1781867464.51534,23.1714129447937,spinning_top,nonsocial_movie,non_social,655,1,0.4523856124600781,0.42039098898913646,0.43638830072460727,1,0,0.526013445854187,0.6108504593372345,-0.015936710497444374,0.2639424297069251,5.039050419581308,0.5261529088020325,0.6642664968967438,0.0012805701532570474,0.00012801633943159882,0.0011569554179587977,0.12857401106711275
1781867464.5502899,23.2063627243042,spinning_top,nonsocial_movie,non_social,656,1,0.4531734976838442,0.41943241594304664,0.43630295681344544,1,0,0.5259736239910126,0.6112873494625091,-0.012513501930255924,0.26607277171069305,5.35738392409211,0.525951623916626,0.6636633276939392,0.0006358684551894365,0.0006447016980676109,0.004251755041348798,0.13031298139844338
1781867464.58422,23.24029278755188,spinning_top,nonsocial_movie,non_social,657,1,0.4536514102854501,0.41884507887442307,0.4362482445799366,1,0,0.5261097997426987,0.6114892601966857,-0.016343647764682293,0.2626074106512693,4.737446052712319,0.5261655151844025,0.6644210815429688,0.0007873629214981603,0.0001514944663087238,0.005474736220210095,0.12973306194542386
1781867464.619875,23.27594780921936,spinning_top,nonsocial_movie,non_social,658,1,0.44699338985821685,0.42042148333930024,0.43370743659875854,1,0,0.5260530680418014,0.6115009903907775,-0.009448752479138622,0.2652721126462951,5.377333225146462,0.5257251560688019,0.6654302775859833,0.0011010871009728104,0.00031372417947465,0.0037709849146336464,0.12928309198652246
1781867464.652363,23.308435916900635,spinning_top,nonsocial_movie,non_social,659,1,0.4597653013687824,0.4146814664780183,0.4372233839234003,1,0,0.5260511487722397,0.6114749670028686,-0.014222124858916134,0.2646360215711062,5.051608187143755,0.5260861366987228,0.6654580533504486,0.0003620476602186048,0.0007390394407542056,0.0007390445680673057,0.1290845403414655
1781867464.687497,23.3435697555542,spinning_top,nonsocial_movie,non_social,660,1,0.44787184221874193,0.4238812792707199,0.4358765607447309,1,0,0.5262167096138,0.6116736531257629,-0.00947324126609407,0.2635586656452815,4.61171203253144,0.525532677769661,0.6645812690258026,0.0010368546369203685,0.0006748069767017638,0.006503966496100668,0.12910383740055145
1781867464.721215,23.37728786468506,spinning_top,nonsocial_movie,non_social,661,1,0.4449768193215369,0.42976697797238894,0.4373718986469629,1,0,0.5259422719478607,0.6114561080932617,-0.010163811160872038,0.2646693841245483,5.144769903204322,0.5255570113658905,0.6650398969650269,0.0004592730239656353,0.0005775816129547332,0.007173205248382937,0.12942902902167602
1781867464.758741,23.41481375694275,spinning_top,nonsocial_movie,non_social,662,1,0.42171650798473187,0.4330869930170128,0.42740175050087237,1,0,0.526028448343277,0.6121350884437561,-0.010008759496624395,0.2631011549946437,4.792536360187553,0.5253611505031586,0.6650992333889008,0.00020465162776836304,0.00025462139619727227,0.003684843340156236,0.1302202729398313
1781867464.7907882,23.446861028671265,spinning_top,nonsocial_movie,non_social,663,1,0.43829200904678395,0.4204027785159419,0.4293473937813629,1,0,0.5257513344287872,0.6158014237880707,-0.008922817553958339,0.25582884123412775,5.13842425498642,0.5256716012954712,0.668505072593689,0.0034199591201240854,0.0032153074923557223,0.0032690884851936555,0.13325365626506794
1781867464.8262432,23.48231601715088,spinning_top,nonsocial_movie,non_social,664,1,0.4114751265772992,0.42631475387436646,0.41889494022583285,1,0,0.5262394428253174,0.6160025119781494,-0.012381215645354004,0.26300544309318835,4.868929872541823,0.5258238613605499,0.6665547788143158,0.001956228246723643,0.0014637308734004421,0.0005917771556984791,0.13728119948958847
1781867464.859537,23.515609741210938,spinning_top,nonsocial_movie,non_social,665,1,0.408130476692754,0.43101766787471174,0.4195740722837329,1,0,0.525823438167572,0.616195023059845,-0.006164147427653837,0.2579359515361651,5.423827301977559,0.5249639749526978,0.6682597994804382,0.0019095811337341785,4.664711298946471e-05,0.008688743054443197,0.13644330736706603
1781867464.8940082,23.55008101463318,spinning_top,nonsocial_movie,non_social,666,1,0.4089408908581426,0.4168766463761801,0.41290876861716136,1,0,0.5261202573776245,0.6170472145080567,-0.00943186270768594,0.2581171423833996,5.290824216555049,0.5256468057632446,0.6682804226875305,0.0006831421759069437,0.001226438957827235,0.0008113946600457866,0.13860024333581492
1781867464.927485,23.583557844161987,spinning_top,nonsocial_movie,non_social,667,1,0.40016986821940664,0.4277565204171349,0.4139631943182708,1,0,0.525959923863411,0.6172883629798889,-0.00466353666226243,0.25716188994380534,5.151163617017246,0.5250324308872223,0.6689849197864532,0.000934758070667489,0.00025161589476054523,0.00046276306083485705,0.13931905001699202
1781867464.962671,23.618743896484375,spinning_top,nonsocial_movie,non_social,668,1,0.42811658447559253,0.4276029490763813,0.4278597667759869,1,0,0.5264735460281372,0.6168399333953858,-0.007880494643333609,0.25759932469488916,5.202976655194215,0.5257554352283478,0.6690862476825714,0.000730070284163131,0.0002046877865043579,0.0002692964968352509,0.1360634793426839
1781867464.995373,23.651445865631104,spinning_top,nonsocial_movie,non_social,669,1,0.42700020274027856,0.4220295152567304,0.4245148589985045,1,0,0.5262532114982605,0.6171518743038178,-0.007572029641795004,0.25735051941890263,4.887077346115887,0.5253330171108246,0.6700570285320282,0.0010587032273889976,0.0003286329432258666,0.004163247814053293,0.1369901844600812
1781867465.031111,23.68718385696411,spinning_top,nonsocial_movie,non_social,670,1,0.45520050725524885,0.42418102385660783,0.43969076555592834,1,0,0.5270496159791946,0.6168870687484742,-0.010483965775951514,0.26004594420883537,5.294953769214129,0.5262026190757751,0.6687780320644379,0.0015466219775867743,0.0004879187501977767,0.00023312379111077244,0.13677239634448796
1781867465.0670989,23.723171710968018,spinning_top,nonsocial_movie,non_social,671,1,0.4309124865369246,0.41529983808542154,0.42310616231117304,1,0,0.5270447820425034,0.6172259330749512,-0.008418864950820172,0.2573656123166374,5.514507003500844,0.5262436270713806,0.6689618825912476,0.00018836844722983613,0.0013582535303569383,0.0002764394811476496,0.13724125096030076
1781867465.1003551,23.756428003311157,spinning_top,nonsocial_movie,non_social,672,1,0.41982217194675914,0.41411280801934996,0.41696748998305455,1,0,0.527403610944748,0.6167905688285827,-0.009501829083368609,0.2561249395870859,5.265837461138824,0.526430532336235,0.6697956025600433,0.000854413579245517,0.0006660451320156809,0.00022164884847679725,0.13748462862926417
1781867465.134457,23.79052996635437,spinning_top,nonsocial_movie,non_social,673,1,0.4231983665637161,0.41981798081153743,0.4215081736876268,1,0,0.5276553243398666,0.6172073185443878,-0.004971971227304678,0.25744742195784964,5.550305758591648,0.5259226560592651,0.6684169471263885,0.0014692273879337672,0.0006148138086882501,0.00017664033495281526,0.1379925103002859
1781867465.171509,23.827581882476807,spinning_top,nonsocial_movie,non_social,674,1,0.42243341240214644,0.41491176486680176,0.4186725886344741,1,0,0.5277441263198852,0.6169642031192779,-0.008587960932804907,0.2602219365504264,5.317152788201071,0.5267432630062103,0.668076753616333,0.0008883284221832693,0.0005808989657504978,0.001915510615982708,0.13738104433661014
1781867465.2033489,23.859421730041504,spinning_top,nonsocial_movie,non_social,675,1,0.4199339220364857,0.4317200941718832,0.42582700810418445,1,0,0.5277891248464583,0.6177476406097413,-0.0024411561628065663,0.25876904074262774,5.5872327192993145,0.5262444615364075,0.6688170433044434,0.0008926543164069793,4.325894223709955e-06,0.00031133662354802105,0.13832632739804293
1781867465.238231,23.894303798675537,spinning_top,nonsocial_movie,non_social,676,1,0.4369923402804781,0.4238299128177746,0.4304111265491264,1,0,0.5278268605470657,0.618365478515625,-0.005955656011522036,0.2586170557572502,4.992476571686817,0.526457354426384,0.6684888601303101,0.00039118739548553346,0.0005014669209214458,0.0005882334496841052,0.1374442568761325
1781867465.27311,23.929182767868042,spinning_top,nonsocial_movie,non_social,677,1,0.46584337464701037,0.4252544169912343,0.4455488958191223,1,0,0.5286316275596619,0.6189214885234833,-0.009007016215253861,0.26162292740592447,5.398722551061516,0.5275222212076187,0.6698597371578217,0.0017358701236948198,0.0013446827282092863,0.00032582064107349214,0.1366780756059421
1781867465.307122,23.963194847106934,spinning_top,nonsocial_movie,non_social,678,1,0.4418762800627803,0.4071539712255415,0.4245151256441609,1,0,0.5288158088922501,0.6195309400558471,-0.0088655642448844,0.2616138035472585,5.42298238695413,0.5283874720335007,0.670588880777359,0.0011315075826530917,0.0006043625410417281,0.0005177877855172023,0.1375982741642839
1781867465.342728,23.99880075454712,spinning_top,nonsocial_movie,non_social,679,1,0.44015802798222964,0.4248012223716647,0.43247962517694716,1,0,0.5296861380338669,0.6199848055839539,-0.011025808596989418,0.2671919529541097,5.734107415419576,0.5293032824993134,0.6692703366279602,0.001605387019757497,0.00047387943710440537,0.0005326702964364116,0.1374496621068158
1781867465.3760252,24.032098054885864,spinning_top,nonsocial_movie,non_social,680,1,0.4162557935888758,0.42104306386064905,0.4186494287247624,1,0,0.5301150947809219,0.6202283561229707,-0.0026976997597462607,0.2650105986362966,5.675060789077768,0.5287096798419952,0.6705713868141174,0.0014300684255219684,0.00017531859423552867,0.0009614830237318581,0.13593807304170452
1781867465.410364,24.066436767578125,spinning_top,nonsocial_movie,non_social,681,1,0.4226912475754261,0.4177661645066319,0.420228706041029,1,0,0.5301802068948747,0.6208081364631652,-0.004543547853828403,0.2622831668351015,5.653839451492011,0.5284754484891891,0.6709953546524048,0.0004843687175483396,0.0009456997079736289,0.005562077670013556,0.13653243499551823
1781867465.4446158,24.100688695907593,spinning_top,nonsocial_movie,non_social,682,1,0.4455910784860293,0.4239798944441404,0.43478548646508486,1,0,0.5306028008460999,0.6207985937595367,-0.0052354583492580506,0.2639026872568103,5.508355488888937,0.5291003435850143,0.6701641380786896,0.0010399109929245065,0.000555542275376167,0.0004033622605856026,0.13687957477205123
1781867465.479326,24.135398864746094,spinning_top,nonsocial_movie,non_social,683,1,0.4331208774743776,0.4186539764384982,0.4258874269564379,1,0,0.5304337710142135,0.6206206381320953,-0.0053444059814637054,0.26232654326971533,5.2240098088158895,0.5286249816417694,0.6704283654689789,0.0005438612790636023,0.0004960497138609042,0.0005282089142269862,0.13870008885144483
1781867465.512945,24.169017791748047,spinning_top,nonsocial_movie,non_social,684,1,0.4494202553676195,0.41205958380658764,0.43073991958710356,1,0,0.5302680492401123,0.6209745287895203,-0.011396088447907654,0.2615963490291138,5.370852855030548,0.529691070318222,0.6711969971656799,0.0013142829798921043,0.000770421700828502,0.000128925077101562,0.13782096158768728
1781867465.550016,24.20608878135681,spinning_top,nonsocial_movie,non_social,685,1,0.42027713646161086,0.44134934792950675,0.43081324219555883,1,0,0.5299633294343948,0.6203090786933898,-0.0032995478468203303,0.26198262086730734,5.14681977237891,0.5283650755882263,0.6708336472511292,0.0013748764251308196,6.0593445238715316e-05,0.00022611206367195634,0.13600305954223962
1781867465.582911,24.238983869552612,spinning_top,nonsocial_movie,non_social,686,1,0.42899809270082484,0.44026238589609346,0.4346302392984591,1,0,0.5299663513898849,0.6206772744655609,-0.005915874842550031,0.2638663196756523,5.359033682811263,0.5291958302259445,0.6702640056610107,0.0010072957903629535,0.00036758063476786604,0.0003324073252143046,0.13820959663792381
1781867465.6174982,24.273571014404297,spinning_top,nonsocial_movie,non_social,687,1,0.4446444873847255,0.43150840607404933,0.4380764467293874,1,0,0.5297747850418091,0.6210721433162689,-0.007661278071188263,0.26309703110050725,5.522411011095952,0.5287213176488876,0.6704736053943634,0.0005187429363438819,0.0004885528540190717,0.0011909050866521051,0.13645696021869044
1781867465.65199,24.30806279182434,spinning_top,nonsocial_movie,non_social,688,1,0.4417217759499206,0.4192299736731704,0.4304758748115455,1,0,0.5299311250448226,0.6218749105930328,-0.007602866376292297,0.26130257124003037,5.560072465050283,0.5288213491439819,0.6712674796581268,0.0008001516398013099,0.0002814087034574281,0.0007340157637145108,0.13790258326455562
1781867465.685663,24.34173583984375,spinning_top,nonsocial_movie,non_social,689,1,0.42557573043001823,0.41471314425419753,0.4201444373421079,1,0,0.5299583554267884,0.6215681731700897,-0.008371897186877275,0.26210800487082425,4.977977062870513,0.5285711884498596,0.6723531782627106,0.001114146234961479,0.00031399459516016903,0.0005323778372167112,0.1388405021117031
1781867465.720531,24.376603841781616,spinning_top,nonsocial_movie,non_social,690,1,0.4505456623988346,0.40458095308414876,0.42756330774149165,1,0,0.5301122397184372,0.621144038438797,-0.008462506436992534,0.2628699314672154,5.277706433424903,0.5293440818786621,0.6721562445163727,0.0007975883353790643,0.0003165578995824147,0.0007916165203883933,0.1378123587150746
1781867465.755079,24.411151885986328,spinning_top,nonsocial_movie,non_social,691,1,0.4474998749433521,0.43491365523901054,0.4412067650911813,1,0,0.5301977038383484,0.621461832523346,-0.012271312446847184,0.263512484630359,4.900273616239306,0.5291323512792587,0.6720404922962189,0.00024130566341105822,0.000556282671968006,0.00022827639514714118,0.13791458231093634
1781867465.789106,24.445178747177124,spinning_top,nonsocial_movie,non_social,692,1,0.444105192274907,0.4234318743450998,0.4337685333100034,1,0,0.5298554390668869,0.6214918732643127,-0.008276133613594144,0.26041033657464907,5.42442274616957,0.5283598750829697,0.6716741621494293,0.0008549369861458048,0.0006136313227347466,0.0002529786356042408,0.13851208253624148
1781867465.825226,24.48129892349243,spinning_top,nonsocial_movie,non_social,693,1,0.45956083051017904,0.4121068695701908,0.43583385004018493,1,0,0.5297974526882172,0.6213639378547668,-0.010644983202610475,0.2606841867100419,5.057591140702256,0.5286912173032761,0.6718389689922333,0.00037006615948040984,0.000484870826665395,3.980904433379768e-05,0.1384692469030481
1781867465.859232,24.515304803848267,spinning_top,nonsocial_movie,non_social,694,1,0.44316336796029177,0.4219375105095268,0.4325504392349093,1,0,0.5295389056205749,0.6214433073997498,-0.010545091969876304,0.263978568012005,5.2031139699872195,0.5286153852939606,0.670178234577179,0.0016624648239835463,0.0012923986645031365,0.012803359792284941,0.1377924167121501
1781867465.8925388,24.548611640930176,spinning_top,nonsocial_movie,non_social,695,1,0.43976086104815465,0.4104337886276852,0.42509732483791995,1,0,0.5296782732009888,0.6205869436264038,-0.0062764589480677245,0.2642210410767188,5.231880089623206,0.5284548848867416,0.6700636148452759,0.00019722592035271736,0.001465238903630829,0.000368450404142715,0.13739797194478234
1781867465.927638,24.58371090888977,spinning_top,nonsocial_movie,non_social,696,1,0.4405649136649468,0.4239442152049164,0.4322545644349316,1,0,0.5296976149082184,0.620849573612213,-0.0059115912676907505,0.2628219995684222,5.633723674491174,0.5283767282962799,0.670597493648529,0.0005395692997156564,0.00034234337936293906,0.00036242204446077875,0.13859649960406611
1781867465.9613628,24.617435693740845,spinning_top,nonsocial_movie,non_social,697,1,0.43726859428240816,0.4086203195980966,0.4229444569402524,1,0,0.5297663658857346,0.6206881821155548,-0.008484139245341268,0.2621243614881719,5.692318328309412,0.5288732051849365,0.6713044345378876,0.0008638603602534209,0.00032429106053776446,0.0013944612841644778,0.13886595506670915
1781867465.9961689,24.652241706848145,spinning_top,nonsocial_movie,non_social,698,1,0.4327130189895971,0.4291849974251702,0.43094900820738363,1,0,0.5293821185827255,0.6210117340087891,-0.006377195578477865,0.2621987433326867,5.483630822370179,0.5284215360879898,0.6705727279186249,0.0008598834512941304,3.9769089592904755e-06,0.0041029758997170596,0.1378297036521665
1781867466.030785,24.68685793876648,spinning_top,nonsocial_movie,non_social,699,1,0.4485041579601236,0.40017495639648487,0.42433955717830424,1,0,0.5294772207736969,0.6209634482860565,-0.009820586090676292,0.25903889095137683,5.835621764272693,0.5288707911968231,0.6719284951686859,0.0014282629271779386,0.0005683794758838082,0.006315438343331814,0.13762744256785875
1781867466.065431,24.721503973007202,spinning_top,nonsocial_movie,non_social,700,1,0.43712041447090805,0.41417037007480445,0.42564539227285625,1,0,0.5297536075115203,0.6212964475154876,-0.010424016046470579,0.26090943522708326,5.01690079214708,0.5291221439838409,0.6720907390117645,0.0002991676589448539,0.0011290952682330847,4.9137280661527975e-05,0.13855106234898415
1781867466.099015,24.755087852478027,spinning_top,nonsocial_movie,non_social,701,1,0.42618548648842747,0.416001532862199,0.4210935096753132,1,0,0.5296540647745133,0.6211070656776428,-0.006613786146820454,0.25942273023367285,5.174972463104313,0.5280854851007462,0.672087699174881,0.0010366633400036923,0.0007374956810588384,0.002248982265478215,0.13798984913418447
1781867466.134253,24.79032588005066,spinning_top,nonsocial_movie,non_social,702,1,0.4295944520887282,0.41187889033633135,0.4207366712125298,1,0,0.5296679019927979,0.6205778241157531,-0.006707423659163584,0.2612321040636536,5.36614243701392,0.5284267961978912,0.6708263754844666,0.0013066869238784983,0.000270023583874806,0.00019720074448973348,0.13831459477688965
1781867466.169699,24.825771808624268,spinning_top,nonsocial_movie,non_social,703,1,0.41814660363351325,0.4169299683334664,0.41753828598348985,1,0,0.5293279558420181,0.6200838506221771,-0.0043067684926484315,0.2623417851451273,5.522429843313544,0.5281650125980377,0.6708249747753143,0.0002617873471701692,0.001044899576708329,0.00013164889407064345,0.1369134650379235
1781867466.2026591,24.858731985092163,spinning_top,nonsocial_movie,non_social,704,1,0.43955326552597423,0.4119639089176855,0.42575858722182985,1,0,0.5291397392749786,0.6200564682483674,-0.00951013492174551,0.2623834002881701,4.941489897511141,0.5287935435771942,0.671585351228714,0.0009865209286396635,0.0007247335814694943,0.0006077312588996443,0.13699173694849895
1781867466.2367811,24.89285397529602,spinning_top,nonsocial_movie,non_social,705,1,0.42844189596940185,0.41308515183231154,0.4207635239008567,1,0,0.5287498861551285,0.6194828510284425,-0.009138130133724824,0.26187166683267193,4.783725801230066,0.5284048765897751,0.6711682975292206,0.0005700840423749808,0.0004164368862646827,0.0034882910361042027,0.13658129487619397
1781867466.272568,24.928640842437744,spinning_top,nonsocial_movie,non_social,706,1,0.41621015591006755,0.40882127497946086,0.4125157154447642,1,0,0.5287348359823227,0.6197465002536774,-0.008070454708766302,0.25864937447869524,4.887921597979752,0.5281509906053543,0.6706988215446472,0.0005337282015936917,3.635584078128906e-05,0.004791339635061298,0.1362876492626191
1781867466.3052878,24.961360692977905,spinning_top,nonsocial_movie,non_social,707,1,0.4256393875497963,0.42081995605926426,0.4232296718045303,1,0,0.528399983048439,0.61989466547966,-0.013557735115815742,0.2631474534413398,5.080742695547589,0.5283627957105637,0.6706405282020569,0.00021968048703309515,0.0003140477145605966,0.007232678653262417,0.1363980174993332
1781867466.342369,24.99844193458557,spinning_top,nonsocial_movie,non_social,708,1,0.4306512066316143,0.4258426119585973,0.4282469092951058,1,0,0.5279518991708756,0.6199930787086487,-0.012418658855263444,0.26042672413794754,5.135873724672892,0.528069481253624,0.6720105409622192,0.0014010597180910956,0.0011813792310580004,0.00984077627310878,0.1363490008751155
1781867466.375849,25.031921863555908,spinning_top,nonsocial_movie,non_social,709,1,0.4217257792561698,0.44382015654567875,0.43277296790092423,1,0,0.5278224915266037,0.6198966979980469,-0.006888729472545141,0.26057186564012813,5.5940285780670385,0.5273736715316772,0.6697126924991608,0.002400887071133448,0.0009998273530423525,0.00010172488241055793,0.13714920464399125
1781867466.4082298,25.064302682876587,spinning_top,nonsocial_movie,non_social,710,1,0.41990331068743164,0.4199843723221286,0.41994384150478015,1,0,0.5278877943754197,0.6196358859539033,-0.01186657079657257,0.2611620360002251,5.291240340035432,0.5281025022268295,0.6721231341362,0.002518218232752734,0.00011733116161928613,0.005371657521824678,0.13595837961467774
1781867466.4431841,25.099256992340088,spinning_top,nonsocial_movie,non_social,711,1,0.4090645011108015,0.4101668688547522,0.40961568498277684,1,0,0.5282572656869888,0.6176663517951966,-0.00878727131063326,0.26556233441280064,5.004719287159953,0.5276028513908386,0.6700737476348877,0.0021094160304850488,0.00040880220226768545,0.00043586174515090106,0.1352396266122874
1781867466.4780731,25.134145975112915,spinning_top,nonsocial_movie,non_social,712,1,0.44183954601576036,0.4082521740944232,0.4250458600550918,1,0,0.5280231028795243,0.6161292552947998,-0.007075415929613784,0.2662636829625336,4.8127709758083,0.5272767096757889,0.6691603064537048,0.0009699191769298765,0.0011394968535551721,0.0002813402105557584,0.13184180963313452
1781867466.51124,25.16731286048889,spinning_top,nonsocial_movie,non_social,713,1,0.4364175331982163,0.4056458961818128,0.42103171469001455,1,0,0.5279529631137847,0.6158267378807067,-0.008222237480552752,0.2676641381918549,5.274884186363589,0.5274890065193176,0.669540137052536,0.0004351335813066142,0.0005347855956232624,0.00044347520731831234,0.13234571659429492
1781867466.546918,25.202990770339966,spinning_top,nonsocial_movie,non_social,714,1,0.43995559792935074,0.4140125471361106,0.42698407253273063,1,0,0.528273069858551,0.6161775112152099,-0.006528039273432208,0.2652178465706934,5.5215840344369,0.5275796055793762,0.6683668196201324,0.001176810089549539,0.0007416765082429247,3.3135927479516135e-05,0.1324977397962195
1781867466.5816891,25.237761974334717,spinning_top,nonsocial_movie,non_social,715,1,0.444622923200129,0.42271073608477383,0.4336668296424514,1,0,0.5282011091709137,0.6156633198261261,-0.003883745282126308,0.26509368170057546,5.489994558766215,0.5276314467191696,0.669773519039154,0.00140765434651082,0.00023084425696128104,0.00044213737636445376,0.13187424238530238
1781867466.61615,25.272222757339478,spinning_top,nonsocial_movie,non_social,716,1,0.46085163219610087,0.42665194240357773,0.44375178729983933,1,0,0.528107663989067,0.6156985878944397,-0.007367490684478101,0.26645601772843,5.030264889419653,0.5275829434394836,0.6682685613632202,0.0015057390791543117,9.808473264349168e-05,0.0006216515367148133,0.131080428459287
1781867466.6498802,25.30595302581787,spinning_top,nonsocial_movie,non_social,717,1,0.4445256572587805,0.42377119189954526,0.4341484245791629,1,0,0.5282544791698456,0.6153882682323456,-0.00950041863746586,0.26584089872020156,4.713198243488979,0.5276668071746826,0.668670117855072,0.00041022035813676264,0.001095518721017549,0.00030862079207355075,0.13069423758602397
1781867466.6844301,25.340502977371216,spinning_top,nonsocial_movie,non_social,718,1,0.44640165155577854,0.42747868742832335,0.43694016949205094,1,0,0.5281222313642502,0.6152060508728028,-0.007274994798753168,0.26637758421612917,5.13396086398771,0.5274277925491333,0.6680602431297302,0.0006550382979927297,0.00024481793985596707,0.0002330554426826964,0.12970462569937974
1781867466.718901,25.3749737739563,spinning_top,nonsocial_movie,non_social,719,1,0.44310396309484557,0.4300232521611404,0.43656360762799296,1,0,0.52846257686615,0.6150390088558197,-0.010656288746124808,0.2630796471417847,5.212602689072073,0.5276309549808502,0.6675215363502502,0.0005757429703598855,7.92953276328442e-05,0.00026454450757274156,0.12925761019558338
1781867466.7541099,25.41018271446228,spinning_top,nonsocial_movie,non_social,720,1,0.45700931546992063,0.4200700981257941,0.43853970679785736,1,0,0.5283111870288849,0.6145366311073304,-0.009314036781579792,0.265663392552119,5.129848909286737,0.5274277329444885,0.6665627062320709,0.0009801297830342496,0.00040438681267436407,0.00020903406994171554,0.1297663430630135
1781867466.787345,25.44341778755188,spinning_top,nonsocial_movie,non_social,721,1,0.4387835318821277,0.42584263458542687,0.43231308323377726,1,0,0.5284729152917862,0.6141329050064087,-0.011887227917615244,0.26515742042338003,5.548187737239392,0.5279581546783447,0.6674546003341675,0.0010377004891112096,5.757070607695998e-05,0.010677853609742612,0.12880968186210778
1781867466.8238468,25.47991967201233,spinning_top,nonsocial_movie,non_social,722,1,0.4436666708150574,0.41539698331257285,0.4295318270638151,1,0,0.5280109703540802,0.61447114944458,-0.014626490728382336,0.26481086534171666,5.15956156112479,0.5282188206911087,0.6673743426799774,0.0002727417483011386,0.0007649587408100709,0.010664657878217075,0.1296243775740111
1781867466.856151,25.512223958969116,spinning_top,nonsocial_movie,non_social,723,1,0.4645561491096496,0.4123263043109487,0.43844122671029917,1,0,0.5279550105333328,0.6144023776054381,-0.006362870639755549,0.2657736750578385,5.2778176954354015,0.527261883020401,0.6675195097923279,0.000967885941693367,0.0006951441933922284,0.0036074734484774825,0.12908246797130904
1781867466.891222,25.547294855117798,spinning_top,nonsocial_movie,non_social,724,1,0.44842904871280814,0.39666745304070455,0.42254825087675635,1,0,0.5276434630155563,0.6140455901622772,-0.006997056819170845,0.2659148066098935,5.3225828035260125,0.5268684029579163,0.666883260011673,0.0007480911327882542,0.00021979480890511275,0.0006314957660737408,0.13044465315100934
1781867466.926707,25.58277988433838,spinning_top,nonsocial_movie,non_social,725,1,0.44148929933784875,0.4100556028897941,0.42577245111382145,1,0,0.5275256961584092,0.6137203276157379,-0.008344870589533575,0.2637190091348159,4.821564289180001,0.5264177620410919,0.6675550639629364,0.0008089485674932841,6.0857434705029884e-05,0.0003699510823600139,0.1297193881726195
1781867466.9609752,25.617048025131226,spinning_top,nonsocial_movie,non_social,726,1,0.4658512793017565,0.4173779946955947,0.44161463699867565,1,0,0.5272347688674927,0.6136840641498567,-0.00732702765669698,0.26499328091311164,5.53580925733672,0.5261376798152924,0.6666543781757355,0.0009432289968372426,0.00013428042934395847,4.526890588089643e-05,0.1289498455839419
1781867466.99343,25.649502754211426,spinning_top,nonsocial_movie,non_social,727,1,0.4536646469495199,0.42357486053557925,0.4386197537425496,1,0,0.5272562235593796,0.6140326499938965,-0.005530295868580331,0.26157535887366495,4.939735328474391,0.5256712436676025,0.6664341390132904,0.0005158177667996946,0.000427411230037548,7.550179109134947e-05,0.1312143622516447
1781867467.029343,25.685415744781494,spinning_top,nonsocial_movie,non_social,728,1,0.45038806572354,0.43045388873063517,0.4404209772270876,1,0,0.5268270254135132,0.6133566796779633,-0.0038299693759924714,0.26454088354248584,4.930504837207916,0.5252429246902466,0.6665153205394745,0.00043594447646097046,7.987329033872414e-05,0.000568863280503518,0.1298215278003363
1781867467.064865,25.720937967300415,spinning_top,nonsocial_movie,non_social,729,1,0.4769287927306135,0.44257955955356226,0.4597541761420879,1,0,0.5262608051300048,0.6117606103420257,-0.004965003393218737,0.26267215647058634,4.957619091097964,0.5254595577716827,0.6662627160549164,0.0003327745747369995,0.00010316990172397095,0.0024809796739634913,0.12845991430381742
1781867467.097756,25.753828763961792,spinning_top,nonsocial_movie,non_social,730,1,0.4853834141649039,0.43590333101990875,0.4606433725924063,1,0,0.5265460014343262,0.6112443506717682,-0.010606898855193784,0.2629990114632158,4.887719867371089,0.5255250483751297,0.665654182434082,0.0006120475364100506,0.0002792729616730511,0.0004170078611414556,0.12947349808996145
1781867467.13379,25.789862871170044,spinning_top,nonsocial_movie,non_social,731,1,0.4742643936203275,0.43790979109486233,0.4560870923575949,1,0,0.5264740794897079,0.6108192145824433,-0.014620653481973646,0.2617656392213218,5.096864914010432,0.525810495018959,0.6641649901866913,0.001516302521320248,0.0009042549849101974,0.0011200659243958604,0.12823411356435527
1781867467.168951,25.825023889541626,spinning_top,nonsocial_movie,non_social,732,1,0.4546580437687134,0.41488975392658217,0.4347738988476478,1,0,0.5262998193502426,0.6099294424057007,-0.014650292031018359,0.26095623077424074,4.4230967951357005,0.5258685648441315,0.6646617650985718,0.0005001573928969037,0.0010161451284233444,0.0007131045761805278,0.12957766622473646
1781867467.201679,25.857751846313477,spinning_top,nonsocial_movie,non_social,733,1,0.4493496382671036,0.42933045464713115,0.4393400464571174,1,0,0.5261068105697632,0.6100612819194794,-0.009580953408866708,0.26393660922281315,4.950326577486367,0.5255487412214279,0.6631793975830078,0.0015164763766173563,0.0010163189837204527,0.0009237363440755057,0.12912653031399363
1781867467.235316,25.89138889312744,spinning_top,nonsocial_movie,non_social,734,1,0.4577821892848039,0.4249768357346165,0.4413795125097102,1,0,0.5259974956512451,0.6100344777107238,-0.0062057731154406435,0.26069542739411206,4.712384036870691,0.5252122581005096,0.6646466255187988,0.001505316812577494,1.1159564039862294e-05,0.0009655913346131719,0.12993522021050063
1781867467.271007,25.927079916000366,spinning_top,nonsocial_movie,non_social,735,1,0.4493584200007827,0.42331475957623677,0.43633658978850975,1,0,0.5257893949747086,0.6094657838344575,-0.009071512163254232,0.26073111197690996,4.472792085226287,0.5249887108802795,0.6640634834766388,0.0006245222181853749,0.0008807945943921191,0.00010318619885135176,0.12891892017522266
1781867467.303326,25.95939874649048,spinning_top,nonsocial_movie,non_social,736,1,0.4456451495287655,0.42194598544955575,0.4337955674891606,1,0,0.5254635810852051,0.6097120881080628,-0.0058819206912051935,0.2610164004851606,4.238651461954405,0.5245849192142487,0.6642225384712219,0.00043398871051887546,0.00019053350766649944,0.00015660982811261667,0.13016558714276394
1781867467.3389199,25.99499273300171,spinning_top,nonsocial_movie,non_social,737,1,0.4650316229733625,0.42600356393644084,0.44551759345490166,1,0,0.525563234090805,0.6096038699150086,-0.006680135154976886,0.26216320104097146,5.118812798630135,0.52466781437397,0.6622394621372223,0.001984808140343711,0.0015508194298248354,0.00041799171737949537,0.1300475111370373
1781867467.3738859,26.029958724975586,spinning_top,nonsocial_movie,non_social,738,1,0.4730484782688895,0.424365358063004,0.44870691816594677,1,0,0.5254117280244828,0.6092611670494079,-0.008381006683624351,0.26400043940929646,4.400334747726675,0.5248115509748459,0.6628798842430115,0.000656354084328572,0.0013284540560151389,0.0003749223404782843,0.12987481325472786
1781867467.407261,26.063333749771118,spinning_top,nonsocial_movie,non_social,739,1,0.4687402050272428,0.41923608451551825,0.4439881447713805,1,0,0.5250226467847825,0.6091177821159363,-0.003343494241888699,0.26274902936532973,4.477501516791279,0.5238117873668671,0.6621009707450867,0.0012673726796362166,0.0006110185953076446,0.0008245989429472949,0.12914379010572485
1781867467.4427352,26.09880805015564,spinning_top,nonsocial_movie,non_social,740,1,0.47709480594833215,0.4293312734765176,0.4532130397124249,1,0,0.5251537650823593,0.609285318851471,-0.006894493109929085,0.259580704588084,5.111314934141351,0.5244240760803223,0.6630899012088776,0.0011631340983903344,0.00010423858124588214,0.00027686775485935713,0.1303345564124565
1781867467.47708,26.133152961730957,spinning_top,nonsocial_movie,non_social,741,1,0.46127896630534876,0.4371634400073616,0.44922120315635516,1,0,0.5251475900411606,0.6091248571872712,-0.005224459700218136,0.2620557058850902,4.729513520097096,0.5236376225948334,0.6628139317035675,0.0008334676074681635,0.0003296664909221709,0.0003314139727581734,0.12938028363008913
1781867467.511301,26.16737389564514,spinning_top,nonsocial_movie,non_social,742,1,0.46132249139840237,0.41496284445884934,0.4381426679286259,1,0,0.5252990484237671,0.6094861507415772,-0.009440075808971115,0.2620119147974544,4.404439356200418,0.5244180709123611,0.6617925465106964,0.0012854288344938626,0.0004519612270256991,0.0006281887960041702,0.13124494664018027
1781867467.545851,26.201923847198486,spinning_top,nonsocial_movie,non_social,743,1,0.4452522417220164,0.4280077575600899,0.43662999964105315,1,0,0.5249853074550628,0.6084671854972838,-0.005525597965178537,0.25928096554963187,4.054625506719416,0.523969978094101,0.6634319424629211,0.0016995311888715653,0.0004141023543777027,0.00018365760214795766,0.12894528628041632
1781867467.5797539,26.23582673072815,spinning_top,nonsocial_movie,non_social,744,1,0.4513467694379125,0.42172668695523763,0.4365367281965751,1,0,0.5248080492019653,0.6084426045417786,-0.01053381035456182,0.26276118197185155,4.916168088153554,0.524398148059845,0.6612797677516937,0.0021943530953818825,0.0004948219065103172,0.00016156563119298925,0.13024230169184306
1781867467.615736,26.271808862686157,spinning_top,nonsocial_movie,non_social,745,1,0.4587378612443127,0.43064989421043026,0.44469387772737146,1,0,0.5247274756431579,0.6085946738719941,-0.005594531301311112,0.2617173677557923,4.4424322266028575,0.523624062538147,0.6627083122730255,0.0016247916310498176,0.0005695614643320649,0.005232972817700432,0.12915991674347355
1781867467.6493208,26.3053936958313,spinning_top,nonsocial_movie,non_social,746,1,0.47274420341801227,0.4252532798133055,0.4489987416156589,1,0,0.5246247798204422,0.6083597600460053,-0.00619125327942275,0.2628955519746301,4.576374452696563,0.5237181931734085,0.6627331078052521,9.734164018105899e-05,0.0015274499908687587,0.0006772118460160821,0.1296680174238261
1781867467.683421,26.33949375152588,spinning_top,nonsocial_movie,non_social,747,1,0.4548157490890988,0.4306327203439314,0.4427242347165151,1,0,0.5245778739452363,0.6089113354682922,-0.007614168459678368,0.2595421371372483,4.404098703672253,0.5235243141651154,0.6639779806137085,0.0012598799066144807,0.0011625382664334218,0.00567613281260801,0.12957992428822104
1781867467.7182772,26.37435007095337,spinning_top,nonsocial_movie,non_social,748,1,0.4936160311276122,0.4232385773281778,0.458427304227895,1,0,0.5245823949575423,0.6088578701019287,-0.008236704438318938,0.2631163541684145,4.72638495629154,0.5236429870128632,0.6632615923881531,0.0007261510411112941,0.0005337288655031866,0.002298088366091171,0.12982287410531873
1781867467.752075,26.40814781188965,spinning_top,nonsocial_movie,non_social,749,1,0.4867086465470177,0.4197020418694564,0.45320534420823705,1,0,0.5243956059217453,0.6090247333049774,-0.017242396070565873,0.26486353105490523,4.901741243941082,0.524370938539505,0.6626970171928406,0.0009212266693394961,0.00019507562822820195,0.000326393230499524,0.12913457622034946
1781867467.787453,26.443525791168213,spinning_top,nonsocial_movie,non_social,750,1,0.4508212481743325,0.41640893243553606,0.4336150903049343,1,0,0.524490264058113,0.6087245345115662,-0.008102594962630015,0.26388259548484233,4.3361944978394185,0.5236253440380096,0.6637809574604034,0.0013156130374484642,0.00039438636810896815,0.00012524826406468532,0.1290594023977827
1781867467.821908,26.477980852127075,spinning_top,nonsocial_movie,non_social,751,1,0.4629328537725324,0.42195064905318336,0.4424417514128579,1,0,0.5246928781270981,0.6086492896080018,-0.009431515672999553,0.26209939467827864,4.485519296201368,0.5241177380084991,0.6632941663265228,0.0006923997618422407,0.0006232132756062236,0.0013394871954622765,0.12916156171508875
1781867467.855217,26.511289834976196,spinning_top,nonsocial_movie,non_social,752,1,0.48604655725297097,0.4135975055607421,0.4498220314068565,1,0,0.5244300425052643,0.6082509636878968,-0.010729391093051223,0.2626198305568289,4.596760858030885,0.5245248675346375,0.6630556881427765,0.00047183291023046857,0.0002205668516117721,0.0006268241482920521,0.12745847414619615
1781867467.889879,26.54595184326172,spinning_top,nonsocial_movie,non_social,753,1,0.4836162374804021,0.4324463909127306,0.4580313141965664,1,0,0.5242234647274018,0.6084397673606873,-0.010125874740113514,0.2631139786197252,4.23099340737637,0.5244378000497818,0.6640339195728302,0.0009820985071081298,0.0005102655968776612,0.0002160771639119568,0.12724820778138396
1781867467.926332,26.582404851913452,spinning_top,nonsocial_movie,non_social,754,1,0.4627475202017052,0.434621769644853,0.4486846449232791,1,0,0.5242902576923371,0.6088051319122314,-0.010963181037819805,0.26314101162568165,4.2831182333930204,0.5243239402770996,0.6639889776706696,0.00012240842456733489,0.0008596900825407949,0.0004854710472218399,0.12864628063256014
1781867467.958695,26.6147677898407,spinning_top,nonsocial_movie,non_social,755,1,0.4656033206278978,0.43329449910289913,0.4494489098653984,1,0,0.52467380464077,0.6088992416858674,-0.011663093427978296,0.265784795114403,4.683608026416467,0.5244371145963669,0.6641948223114014,0.00023490517801789552,0.00011249675345056064,0.0008028892369294381,0.1296071306150385
1781867467.992733,26.648805856704712,spinning_top,nonsocial_movie,non_social,756,1,0.4627254751946094,0.43746022967250353,0.45009285243355646,1,0,0.5247171550989151,0.6090557336807251,-0.008121454074404807,0.26396282087580697,5.029283768928521,0.5238535106182098,0.6634767949581146,0.0009252874598678468,0.0006903822818499513,1.514812500130453e-05,0.12871899800595463
1781867468.0278158,26.68388867378235,spinning_top,nonsocial_movie,non_social,757,1,0.45131277191179703,0.4234666992132727,0.43738973556253485,1,0,0.5247413754463196,0.609093189239502,-0.010046476802401564,0.2629104032889504,5.069584397428822,0.5245239734649658,0.6626730859279633,0.0010466463748692706,0.00012135891500142382,3.932669581318881e-05,0.12963119644835094
1781867468.063018,26.719090938568115,spinning_top,nonsocial_movie,non_social,758,1,0.4173801333577688,0.38413508685814335,0.4007576101079561,1,0,0.5247663497924805,0.609494960308075,-0.008817056654729557,0.259884949280543,4.803798528540653,0.5243806093931198,0.6651135683059692,0.0024446896519709814,0.0013980432771017108,0.00015608492404831222,0.1329192273714025
1781867468.095888,26.75196075439453,spinning_top,nonsocial_movie,non_social,759,1,0.31142929566089744,0.33639458650345644,0.3239119410821769,1,0,0.524561271071434,0.6124434769153595,-0.0010425773375739343,0.25455983736431476,5.105256626790246,0.5239771157503128,0.6666615307331085,0.001599685842789329,0.0008450038091816524,0.0001858865668938208,0.14282937283848304
1781867468.1340501,26.790122985839844,spinning_top,nonsocial_movie,non_social,760,1,0.3151039558058727,0.3398097116578848,0.3274568337318787,1,0,0.52545685172081,0.6133226037025452,-0.010205818007064717,0.2567591906680945,4.364008317734887,0.5255714356899261,0.6671372056007385,0.00166376760683201,6.408176404268102e-05,0.0012141309958971977,0.14508132434455165
1781867468.16783,26.82390284538269,spinning_top,nonsocial_movie,non_social,761,1,0.32149550769423824,0.3735353671372248,0.34751543741573154,1,0,0.5260959655046463,0.6127457439899444,-0.01104006756229327,0.2556470822877077,4.004329635701791,0.5261569321155548,0.6681240797042847,0.0011474870634015626,0.0005162805434304474,0.0002467722491116153,0.14279527428067373
1781867468.199038,26.85511088371277,spinning_top,nonsocial_movie,non_social,762,1,0.37970542234404425,0.39068712121069815,0.3851962717773712,1,0,0.5257524162530899,0.6115236282348633,-0.014526031696219802,0.2595913651037606,4.327590908813714,0.526991069316864,0.6665333807468414,0.0017961369780222648,0.0006486499146207021,0.005514723230406126,0.14059735945810078
1781867468.234368,26.890440940856934,spinning_top,nonsocial_movie,non_social,763,1,0.3981366139128268,0.40164786012272125,0.399892237017774,1,0,0.5267720460891724,0.610467517375946,-0.009925017854000236,0.2610945912774528,4.939993728829687,0.5270937085151672,0.6655192077159882,0.0010193535900453968,0.0007767833879768679,0.0006999981122758632,0.13744208875709868
1781867468.270297,26.9263699054718,spinning_top,nonsocial_movie,non_social,764,1,0.40151364395282063,0.4020499411033013,0.40178179252806095,1,0,0.5274647414684295,0.6102333486080169,-0.005197711851285637,0.2564708101004776,5.197300671559255,0.5268216580152512,0.6667380332946777,0.0012488183477882462,0.00022946475774284934,3.744861591090266e-05,0.13590104225852004
1781867468.3023958,26.958468675613403,spinning_top,nonsocial_movie,non_social,765,1,0.4407438965785874,0.41663304105727644,0.42868846881793193,1,0,0.5280698537826538,0.6098898708820344,-0.00627907133790932,0.2581279957349349,4.929187817150888,0.5270724594593048,0.6653383374214172,0.0014219880104845695,0.0001731696626963233,0.002503851348669869,0.13257512903399293
1781867468.3380768,26.994149684906006,spinning_top,nonsocial_movie,non_social,766,1,0.4338136186341561,0.4081456500045393,0.4209796343193477,1,0,0.5285858362913132,0.6101460754871368,-0.0029671784432534353,0.25985331266028694,5.4905299912219725,0.5270129889249802,0.6642204821109772,0.0011194361257043251,0.0003025518847802444,0.00032368906940114954,0.13314583298716892
1781867468.3737578,27.02983069419861,spinning_top,nonsocial_movie,non_social,767,1,0.4279919117109023,0.4218015900683685,0.4248967508896354,1,0,0.5287185728549957,0.6110313773155212,0.00031127818645401316,0.2578304360181392,5.415734556515998,0.5271007567644119,0.6648731827735901,0.0006585752414218576,0.00046086088428246757,1.570562823731147e-05,0.13244135660086304
1781867468.406327,27.062399864196777,spinning_top,nonsocial_movie,non_social,768,1,0.4438132425096652,0.45166033467390354,0.44773678859178434,1,0,0.5288482874631881,0.6114908516407014,-0.002666931522313994,0.2597875760216166,5.791111783359552,0.5273900777101517,0.6635830998420715,0.0013221272933569026,0.000663552051935045,6.908764466150115e-05,0.13103884396097137
1781867468.440027,27.096099853515625,spinning_top,nonsocial_movie,non_social,769,1,0.43201700000813403,0.42328593284220506,0.42765146642516955,1,0,0.5289292335510254,0.6125524044036865,-0.006687522949530428,0.2598967359880535,5.296539524918181,0.5277751088142395,0.6632800996303558,0.000489957222025404,0.0008321700713314986,0.0005969474417957738,0.13177703102721053
1781867468.47562,27.13169288635254,spinning_top,nonsocial_movie,non_social,770,1,0.4133805344133296,0.4162772848195966,0.4148289096164631,1,0,0.5292840421199798,0.6128293752670289,-0.0010283123595177938,0.2609523214170398,5.492610439726115,0.5274668335914612,0.6636241674423218,0.0004619699905946858,2.7987231430718165e-05,0.0006892977454534574,0.1329026940088134
1781867468.510239,27.166311740875244,spinning_top,nonsocial_movie,non_social,771,1,0.4315690072926471,0.42293575422429885,0.42725238075847294,1,0,0.5293160021305084,0.6136239528656007,-0.0032439317265536886,0.25894813343899337,4.846329715857524,0.527458667755127,0.6644842028617859,0.0008600741849490934,0.0003981041943544076,0.00042635305126564074,0.1342516623970308
1781867468.544472,27.200544834136963,spinning_top,nonsocial_movie,non_social,772,1,0.44387382998722424,0.4327028936649532,0.4382883618260887,1,0,0.5294842660427094,0.6136168837547302,-0.009301455007396717,0.2585882505629846,4.72603343952209,0.5283902138471603,0.6659428477287292,0.0017307290283123135,0.0008706548433632201,0.002506493145814648,0.13324422133202873
1781867468.578441,27.234513759613037,spinning_top,nonsocial_movie,non_social,773,1,0.4478082900137635,0.43719183834490455,0.442500064179334,1,0,0.5298556506633758,0.6134446382522583,-0.004063512762214235,0.25880379259691444,5.089550006859632,0.5278866738080978,0.6662896573543549,0.0006114159691778094,0.001119313059134504,0.0001908701992173932,0.1337787995883923
1781867468.6133828,27.269455671310425,spinning_top,nonsocial_movie,non_social,774,1,0.4307002478652084,0.4382064975164984,0.4344533726908534,1,0,0.5300845891237259,0.6131775379180908,-0.004987473679117692,0.2603499845373085,5.355947471371241,0.5283021181821823,0.6656169593334198,0.0007906431909074939,0.00017922722172968443,0.0005378275453713168,0.1341344250555167
1781867468.6462631,27.30233597755432,spinning_top,nonsocial_movie,non_social,775,1,0.4429572676152355,0.44118832247596096,0.44207279504559827,1,0,0.5304231613874435,0.6129700839519501,-0.008970799181923377,0.2622310114762284,5.215710043350828,0.5289828777313232,0.6655183434486389,0.0006878652894845612,0.00010277790142293269,0.0004622994652088957,0.13389102288531127
1781867468.682285,27.33835792541504,spinning_top,nonsocial_movie,non_social,776,1,0.41549450631786916,0.43609356023605855,0.42579403327696386,1,0,0.5304987639188766,0.6138332664966584,0.0016286367627383826,0.25750542323122766,5.081341089248365,0.527736559510231,0.6660232245922089,0.001344698507978269,0.0006568332184937077,0.0003854737555185093,0.13511865345781604
1781867468.717491,27.373563766479492,spinning_top,nonsocial_movie,non_social,777,1,0.4362670834632245,0.4370592590599333,0.43666317126157894,1,0,0.5306147336959839,0.6135898351669311,0.0017685096650180865,0.2591913403712955,5.073519708739096,0.5282545983791351,0.6647394299507141,0.0013843745704201914,3.96760624419225e-05,0.0001002898449581984,0.13301387446528404
1781867468.7508092,27.4068820476532,spinning_top,nonsocial_movie,non_social,778,1,0.43543363144927505,0.42585584364546497,0.43064473754737,1,0,0.5304717987775802,0.6138092041015626,-0.006468614991566696,0.26140734222239076,5.395277922944224,0.5290075391530991,0.664968729019165,0.0007870818711480163,0.0005972926992721751,0.0002180066998876316,0.13303296319774457
1781867468.785076,27.44114875793457,spinning_top,nonsocial_movie,non_social,779,1,0.419539820677704,0.43251526876781554,0.4260275447227598,1,0,0.5304946929216385,0.614163601398468,-0.0028158278132406137,0.26193263386037813,5.480104216568072,0.5284427851438522,0.6660079956054688,0.001182802658251888,0.0003957207871038718,7.776418377310299e-05,0.13358230492547638
1781867468.821868,27.477940797805786,spinning_top,nonsocial_movie,non_social,780,1,0.4285792048393213,0.4348315468550917,0.4317053758472065,1,0,0.5308936685323715,0.6150733947753906,-0.005526486759153804,0.2591961295220311,5.193539422537304,0.5292810350656509,0.6660838425159454,0.0008416743344218089,0.0003411283238300792,0.0021346691017996382,0.13460276823254064
1781867468.854184,27.51025676727295,spinning_top,nonsocial_movie,non_social,781,1,0.436761752293009,0.4381436358712113,0.4374526940821102,1,0,0.5309870392084122,0.6147758841514588,-0.0049998660540685365,0.26175867156023386,5.586392607061514,0.5291767567396164,0.6659704148769379,0.00015407724871439746,0.0006875970857074114,0.0023313029187357463,0.13416881643501383
1781867468.88853,27.544602870941162,spinning_top,nonsocial_movie,non_social,782,1,0.43863984767034286,0.4383616163662922,0.4385007320183175,1,0,0.5310051381587982,0.6151046276092529,0.0007402140742887027,0.26050484618520986,5.399041419422427,0.5289247632026672,0.6664162874221802,0.0005121553175209664,0.0003580780688065689,0.00044567280441575166,0.13419709811149277
1781867468.925867,27.581939935684204,spinning_top,nonsocial_movie,non_social,783,1,0.4209707875264034,0.43725899422863646,0.4291148908775199,1,0,0.5312727004289627,0.6149915933609009,-0.0032001269132661274,0.2596603710191644,5.561839229706166,0.5293187350034714,0.6665242612361908,0.00040849984619440864,0.00010365547132655772,0.0014870003651041887,0.13478188776774425
1781867468.958411,27.61448383331299,spinning_top,nonsocial_movie,non_social,784,1,0.43960867745042503,0.44518188027394795,0.4423952788621865,1,0,0.531095141172409,0.6146796584129334,-0.0014853155403872266,0.2598895926779912,5.148698252493244,0.5289561152458191,0.6659098863601685,0.0007134070205200286,0.00030490717432561995,0.00017863144157317752,0.13237914621939986
1781867468.9922261,27.648298978805542,spinning_top,nonsocial_movie,non_social,785,1,0.46962832953254746,0.44168234965925113,0.4556553395958993,1,0,0.5311687618494034,0.6142948031425476,-0.007903801427189477,0.261211204998273,5.208392130115225,0.5297313332557678,0.6649265289306641,0.0012521800178530082,0.0005387729973329796,0.0003424549096830951,0.13144470674483835
1781867469.0263412,27.682414054870605,spinning_top,nonsocial_movie,non_social,786,1,0.4338426238362086,0.4279161564995391,0.43087939016787385,1,0,0.5312984675168991,0.6144582092761994,0.00032470770276977405,0.2594427071587658,5.337457310945607,0.5288034528493881,0.6665294170379639,0.0018520832413977798,0.0005999032235447716,5.6699493918047447e-05,0.13317212957692354
1781867469.0606248,27.716697692871094,spinning_top,nonsocial_movie,non_social,787,1,0.445926588729919,0.4365621927234319,0.44124439072667543,1,0,0.5307414323091507,0.6144772410392761,-0.0050666084506655225,0.2555564424342278,5.456474182318189,0.5293240994215012,0.6664705276489258,0.0005239664237280238,0.001328116817669756,0.00031949778136672227,0.13275798431711178
1781867469.094332,27.750404834747314,spinning_top,nonsocial_movie,non_social,788,1,0.43254659421062164,0.4400121484992946,0.4362793713549581,1,0,0.5310222268104553,0.6144535660743713,0.004478848289164067,0.25730783839565363,5.495854066324248,0.5284227728843689,0.6666322350502014,0.0009157176476218836,0.0003917512238938598,0.00014537083680768453,0.13465856478065977
1781867469.129946,27.78601884841919,spinning_top,nonsocial_movie,non_social,789,1,0.4544966463611749,0.43367262071806784,0.44408463353962135,1,0,0.5310960114002228,0.6137273907661438,-0.003890888216981107,0.2596584927720345,5.716677671740268,0.5295157879590988,0.6658029854297638,0.0013719828302798805,0.000456265182657997,6.493394896155304e-05,0.13244225388493194
1781867469.163729,27.819801807403564,spinning_top,nonsocial_movie,non_social,790,1,0.42050490137681906,0.43164260527813825,0.42607375332747865,1,0,0.5305730372667312,0.614194369316101,-0.006764253771637831,0.26058892105957315,5.682881962077456,0.5289094746112823,0.6660511493682861,0.0006551345023148541,0.0007168483279650264,0.002167472002733589,0.1342875336453025
1781867469.197967,27.854039907455444,spinning_top,nonsocial_movie,non_social,791,1,0.4468100622510725,0.44769665615200327,0.44725335920153786,1,0,0.5306176245212555,0.6135222375392915,-0.006567916373223463,0.25879840752434524,5.243132056227408,0.528862789273262,0.6653939783573151,0.0006588271840526993,3.6926817378451224e-06,0.0002104378120921692,0.1321123471282336
1781867469.231717,27.887789964675903,spinning_top,nonsocial_movie,non_social,792,1,0.468596511270603,0.44846946264753995,0.45853298695907146,1,0,0.5303959429264069,0.6137232840061189,-0.004714754734184678,0.26152743897564257,5.5392973912949,0.528703510761261,0.664835661649704,0.0005805921032729823,7.823508077971697e-05,0.0028149375841586724,0.13255195522627788
1781867469.267833,27.923905849456787,spinning_top,nonsocial_movie,non_social,793,1,0.4572664594954814,0.4286571107925533,0.44296178514401735,1,0,0.530295979976654,0.6134449958801269,-0.0016503049512479936,0.25919582149325265,5.525423599057719,0.5286710411310196,0.6653870940208435,0.0005523874879362975,2.8204615336684807e-05,0.0003037814556174876,0.13369342952291732
1781867469.302457,27.958529949188232,spinning_top,nonsocial_movie,non_social,794,1,0.4438355506887273,0.42082357142803245,0.4323295610583799,1,0,0.5301113724708557,0.6132488012313844,-0.0038419478405232427,0.26215781108533676,5.854728366488814,0.5288612693548203,0.6646181643009186,0.0007921109084681134,0.00023972342053181592,0.00012884087149506778,0.13491040371989907
1781867469.336242,27.99231481552124,spinning_top,nonsocial_movie,non_social,795,1,0.45337591246068276,0.42661938079108463,0.4399976466258837,1,0,0.530008715391159,0.6132730066776275,-0.002869984402243426,0.2603529068500439,5.451493189201839,0.5288548469543457,0.6659142971038818,0.0012961487145174524,0.000504037806049339,0.00047411485357153684,0.13370547532369031
1781867469.371969,28.02804183959961,spinning_top,nonsocial_movie,non_social,796,1,0.44202792955396714,0.4188459901181231,0.43043695983604513,1,0,0.5301769286394119,0.6126248121261597,0.0006324724558009193,0.2565983074521313,5.834967692705422,0.5285201072692871,0.6659941673278809,0.0003441364692019442,0.0009520122453155082,0.00028268340336899103,0.13392996067217278
1781867469.404968,28.0610408782959,spinning_top,nonsocial_movie,non_social,797,1,0.4528226834929804,0.4317313947868566,0.4422770391399185,1,0,0.5301520109176636,0.6128553569316864,-0.0031869534498963513,0.25940703832663997,6.1920932343474595,0.5287888050079346,0.6657168865203857,0.00038611283449194417,4.1976365289999955e-05,0.001956299601984866,0.13464883734946734
1781867469.44011,28.096182823181152,spinning_top,nonsocial_movie,non_social,798,1,0.4428230042357172,0.43851652685917986,0.4406697655474485,1,0,0.5300400584936142,0.6128847658634186,-0.0013783577885181698,0.25812310093587537,5.623683783885451,0.5281138867139816,0.6657309532165527,0.0006750648675893333,0.0002889520330973892,0.00038042588755573517,0.13412154367752718
1781867469.473554,28.129626750946045,spinning_top,nonsocial_movie,non_social,799,1,0.46048430750393604,0.4435199550481419,0.45200213127603894,1,0,0.5301459103822708,0.6139260947704315,-0.005146817039045769,0.255287484502315,5.714291986792071,0.5287306904792786,0.6650354266166687,0.0009296258043055398,0.0002545609367162065,0.000586690649530923,0.13396018997352177
1781867469.5095308,28.165603637695312,spinning_top,nonsocial_movie,non_social,800,1,0.4615160624231866,0.4430708218749615,0.4522934421490741,1,0,0.5301779359579086,0.614016717672348,0.0018406340698853502,0.2578057567305755,5.469569919604528,0.5280163884162903,0.6646198630332947,0.0008263900586381551,0.00010323574566738474,0.00019458747496823165,0.13296306685457865
1781867469.541994,28.19806694984436,spinning_top,nonsocial_movie,non_social,801,1,0.4568965585106381,0.4416582211170209,0.4492773898138295,1,0,0.5303569436073303,0.6137171626091003,-0.00316786338944949,0.25789635393678606,5.614297350626868,0.5288196951150894,0.6652288436889648,0.0010080471672079768,0.00018165710856982175,0.0020102904811804254,0.13310275717563616
1781867469.5784042,28.234477043151855,spinning_top,nonsocial_movie,non_social,802,1,0.4751619298424079,0.45022608923103197,0.4626940095367199,1,0,0.530282261967659,0.6145321786403657,0.004209019818836041,0.2574276706190234,5.587887814665413,0.527995228767395,0.6656596958637238,0.0009302571445439275,7.779002266404935e-05,0.002249964027040244,0.13433754646738783
1781867469.611042,28.267114877700806,spinning_top,nonsocial_movie,non_social,803,1,0.46454415363120594,0.44295098609810307,0.4537475698646545,1,0,0.5307937055826186,0.6139975488185883,-0.0003903833788977598,0.2577343172103624,5.604395377326565,0.5290343463420868,0.6651908755302429,0.001139981508235284,0.00020972436369135644,2.070273148393164e-05,0.13458296094034597
1781867469.646092,28.302164793014526,spinning_top,nonsocial_movie,non_social,804,1,0.4443670333153327,0.4336605243225298,0.4390137788189312,1,0,0.5306198179721833,0.6137755453586579,0.000664072033622496,0.25829081141851845,5.711408130054426,0.5289549827575684,0.6655527949333191,0.0003705188697902267,0.0007694626384450573,0.00031170499084867665,0.1348974684975895
1781867469.680717,28.336789846420288,spinning_top,nonsocial_movie,non_social,805,1,0.44604278641331846,0.43615186478096574,0.4410973255971421,1,0,0.5309701770544052,0.6139415562152863,0.0026293720996333906,0.2606614348735439,5.643215772930966,0.5288931131362915,0.6643550097942352,0.0011993819614480989,0.0008288630916578723,0.00027050640459801785,0.13417913130586168
1781867469.717844,28.37391686439514,spinning_top,nonsocial_movie,non_social,806,1,0.45001855297700183,0.44146802515551603,0.44574328906625893,1,0,0.5311196506023407,0.6143679857254029,-0.0033755894209909717,0.25657187614144633,5.47945753546757,0.5293755233287811,0.6662375926971436,0.001943408855629873,0.000744026894181774,0.00016859996893025888,0.1330032888073413
1781867469.7487948,28.40486764907837,spinning_top,nonsocial_movie,non_social,807,1,0.43913529742237883,0.4483478325634158,0.4437415649928973,1,0,0.5309156686067581,0.6145439207553864,0.0008552947008279656,0.25596927982201206,5.320681605569617,0.5286692380905151,0.6666113138198853,0.0007990659017726662,0.0011443429538572068,0.00032186863145042277,0.13390871095641776
1781867469.784062,28.44013476371765,spinning_top,nonsocial_movie,non_social,808,1,0.44456170345508067,0.4473043708808545,0.4459330371679676,1,0,0.5306940734386444,0.6137066900730133,-0.0021730984615735585,0.2593859871807118,5.576005390893598,0.5289697498083115,0.6654268503189087,0.0012219906209454121,0.00042292471917274596,0.00043319027363075387,0.13325549371710801
1781867469.820183,28.476255893707275,spinning_top,nonsocial_movie,non_social,809,1,0.44287301666693657,0.4485445447657792,0.4457087807163579,1,0,0.5309474468231201,0.614079475402832,-0.000674962847088747,0.2587312976398695,5.4585102849820855,0.5292722433805466,0.6653884947299957,0.00030491558248868885,0.0009170750384567233,7.470599191273666e-05,0.133633859204752
1781867469.852593,28.508665800094604,spinning_top,nonsocial_movie,non_social,810,1,0.42609415310272014,0.42984657893729206,0.4279703660200061,1,0,0.5306600064039231,0.6133641302585602,0.00038993159071940876,0.261541251396368,5.219898397273385,0.5288486480712891,0.6641611158847809,0.0012984189677087618,0.000993503385220073,0.0007350484329890382,0.13447841645474146
1781867469.8861382,28.542211055755615,spinning_top,nonsocial_movie,non_social,811,1,0.4433201831812438,0.4510133367614815,0.4471667599713626,1,0,0.5303139328956604,0.6118418097496032,-0.0062625177619067334,0.2625996274307411,5.461460272618094,0.529655396938324,0.6631599366664886,0.001285769637844341,1.2649329864420928e-05,6.386881339107591e-05,0.13220441385845666
1781867469.925608,28.58168077468872,spinning_top,nonsocial_movie,non_social,812,1,0.422134066839723,0.44328838252316644,0.43271122468144474,1,0,0.5305501759052277,0.6108380615711212,-0.0031283647773497373,0.25913875749296567,4.6927179013875335,0.5292436182498932,0.6640429496765137,0.0009743067607890404,0.00031146287705530054,0.0015366326809229808,0.1308642562483394
1781867469.955858,28.61193084716797,spinning_top,nonsocial_movie,non_social,813,1,0.449018480123606,0.41571811140589193,0.432368295764749,1,0,0.5306772261857986,0.6107636272907258,0.0022033130612559406,0.2627826126785,5.212290112469097,0.5285840779542923,0.6635525524616241,0.0008218776246453697,0.0001524291361436707,0.0002457971414953747,0.13079379986703327
1781867469.990287,28.64635992050171,spinning_top,nonsocial_movie,non_social,814,1,0.43872885969455216,0.42468123361021803,0.43170504665238507,1,0,0.5300117313861847,0.6101498603820801,-0.005405177680113848,0.26551071158844985,5.5196866425786695,0.5290096700191498,0.6615390777587891,0.0020579623380000134,0.0012360847133546437,0.00042957747469567117,0.13114535408954756
1781867470.02462,28.68069291114807,spinning_top,nonsocial_movie,non_social,815,1,0.4350884252256856,0.4333645439529419,0.43422648458931373,1,0,0.5300715923309326,0.6103262245655059,-0.0008948986378168491,0.2631643894010729,5.272466242594297,0.5283161401748657,0.6619121432304382,0.0007875033276434372,0.001270459010356576,0.003421456326789439,0.13083158998734326
1781867470.0593338,28.71540665626526,spinning_top,nonsocial_movie,non_social,816,1,0.44977122170161193,0.4497401155843621,0.449755668642987,1,0,0.530107495188713,0.6099603831768036,0.00233066128556481,0.25913703615128647,5.099983163818059,0.5280357003211975,0.6632462739944458,0.0013632869862933727,0.0005757836586499355,0.004090642011529646,0.12892756604089983
1781867470.094399,28.750471830368042,spinning_top,nonsocial_movie,non_social,817,1,0.4478081438330004,0.44539409511440087,0.4466011194737006,1,0,0.5299743086099624,0.60981285572052,0.0008187041174027025,0.2615273704274741,5.826094399092665,0.5278048366308212,0.6619763076305389,0.0012907798452830629,7.250714101030985e-05,0.00019384710429095223,0.12965915839554568
1781867470.128855,28.78492784500122,spinning_top,nonsocial_movie,non_social,818,1,0.4502431289450993,0.4352522665826085,0.4427476977638539,1,0,0.5298027783632279,0.610318261384964,-0.0015726148288973086,0.25993397425128206,5.65390543361883,0.5276392251253128,0.6622569561004639,0.00032586919834186366,0.0009649106469411992,0.0024191580486235195,0.1302225889008414
1781867470.163218,28.81929087638855,spinning_top,nonsocial_movie,non_social,819,1,0.45206625988793,0.43552111410940403,0.443793686998667,1,0,0.5296830266714097,0.6091264426708222,-0.002567909213210513,0.26014577700555364,5.461332039482737,0.5279757380485535,0.6623426675796509,0.0003472569728204186,2.1387774478554954e-05,0.0040922284539152065,0.12933003473322932
1781867470.19757,28.85364294052124,spinning_top,nonsocial_movie,non_social,820,1,0.4311027832172488,0.4279058236094582,0.42950430341335355,1,0,0.5293422579765319,0.6086370825767518,-0.00343088394593022,0.2597675393293907,5.81204137592433,0.5280204117298126,0.6632587015628815,0.000917122672400234,0.0005698656995798154,0.0005317554856949876,0.13019742373419763
1781867470.231526,28.887598752975464,spinning_top,nonsocial_movie,non_social,821,1,0.44414694497487134,0.41010614999648576,0.4271265474856786,1,0,0.5292389392852783,0.6089799106121063,-0.00595143061281537,0.26148214955111043,5.180134404670018,0.5279133021831512,0.6626406908035278,0.0006272238465355615,0.00028989882586467257,0.00025336120346754806,0.12954370173561308
1781867470.267167,28.923239946365356,spinning_top,nonsocial_movie,non_social,822,1,0.454748597601567,0.41124885952919205,0.4329987285653795,1,0,0.5292276442050934,0.6092135906219482,-0.00012445718643864416,0.25890746125528635,5.272931189645931,0.5270373523235321,0.6624999344348907,0.0008871868528549616,0.00025996300631940007,7.791312147455274e-05,0.129961944093159
1781867470.300805,28.956877946853638,spinning_top,nonsocial_movie,non_social,823,1,0.44429520101763864,0.4473408731080984,0.4458180370628685,1,0,0.5290953367948532,0.6091071248054505,0.0022869412058382026,0.2597000737260599,4.899690001075038,0.5262070149183273,0.6620537042617798,0.0009426460490962842,5.545919624132267e-05,0.0002798514206945201,0.12965196406653715
1781867470.3351538,28.99122667312622,spinning_top,nonsocial_movie,non_social,824,1,0.47181549062007827,0.44670687562483,0.4592611831224541,1,0,0.5292563498020172,0.608774870634079,-0.002992845003583613,0.26088588615735664,5.448194951407355,0.5271010547876358,0.6622311770915985,0.0009114844448683562,3.1161604227928036e-05,0.00016279059246183237,0.12843091264628625
1781867470.3695831,29.02565598487854,spinning_top,nonsocial_movie,non_social,825,1,0.444606665079561,0.4274511370492089,0.43602890106438497,1,0,0.5289310485124588,0.6094982326030731,-0.0022654819514428015,0.26027860656248974,5.059863506008319,0.5271689593791962,0.6618506014347076,0.00038658616655656006,0.0005248982783117961,0.0005997089641243693,0.13078004457354805
1781867470.40402,29.06009292602539,spinning_top,nonsocial_movie,non_social,826,1,0.44742010456888337,0.44447190944643594,0.44594600700765963,1,0,0.5292715907096863,0.609443473815918,-0.0030795613062849316,0.2604011131765485,5.221745135035058,0.5272994637489319,0.6627140641212463,0.0008732692606319885,0.00048668309407542845,0.00040149916641656644,0.12896627841000033
1781867470.43814,29.094212770462036,spinning_top,nonsocial_movie,non_social,827,1,0.44849908927420407,0.4262238234302809,0.4373614563522425,1,0,0.5295037746429443,0.6100220263004303,-0.0020631328826339213,0.2642089437035454,5.441575518718474,0.5274095833301544,0.6615284979343414,0.0011906693519616886,0.0003174000913297001,0.0005380881962558905,0.13055101904356797
1781867470.4728372,29.128910064697266,spinning_top,nonsocial_movie,non_social,828,1,0.44850645506994813,0.43946971315851513,0.44398808411423163,1,0,0.5298246562480926,0.6095668137073517,-0.0026359225309643686,0.26378347940732627,5.4006126176558,0.5277630239725113,0.6623348891735077,0.0008804471127067966,0.000310222239254892,0.0029601079575349142,0.12960702090269485
1781867470.508736,29.164808750152588,spinning_top,nonsocial_movie,non_social,829,1,0.42967927812193374,0.4278780134923339,0.4287786458071338,1,0,0.5299196094274521,0.6092006921768188,-0.004119154376570326,0.26263252543772553,5.216650302238975,0.5281809717416763,0.6636323630809784,0.001363128342569887,0.00048268122986309047,0.0006072769843698756,0.12890986060001333
1781867470.540993,29.197065830230713,spinning_top,nonsocial_movie,non_social,830,1,0.4513994924099311,0.4434206345482536,0.44741006347909235,1,0,0.5301340341567993,0.6096404612064361,-0.0011102828999129785,0.26388204037412416,5.32004745661354,0.5280948877334595,0.6630436182022095,0.0005950050325394832,0.0007681233100304039,0.0002182958611392359,0.1278630662969104
1781867470.576972,29.233044862747192,spinning_top,nonsocial_movie,non_social,831,1,0.4598001711965475,0.42321531724810807,0.44150774422232775,1,0,0.5306516885757446,0.6100509643554688,-0.006457032548958864,0.26320987822909675,5.427895685358034,0.5289912223815918,0.6624968945980072,0.0010499154731855409,0.0004549104406460577,0.0002656450221936863,0.12900731199494575
1781867470.610527,29.266599893569946,spinning_top,nonsocial_movie,non_social,832,1,0.44784190247055505,0.43493489881677866,0.44138840064366686,1,0,0.5304061472415924,0.6102073609828949,-0.0016455231112951303,0.26034997332387666,5.622234628657033,0.5288424789905548,0.6641877591609955,0.001697394346269226,0.0006474788730836852,0.0004403527353007931,0.12961929018409382
1781867470.644532,29.300604820251465,spinning_top,nonsocial_movie,non_social,833,1,0.467096334713009,0.43210003631152766,0.4495981855122683,1,0,0.5304593324661255,0.6104652583599091,-0.004578062940180554,0.26122841701358274,5.269984049666179,0.5289144515991211,0.6641177535057068,0.00010040342701439694,0.0015969909192548291,0.0002531080372212604,0.13009525670925284
1781867470.679598,29.335670948028564,spinning_top,nonsocial_movie,non_social,834,1,0.47227341296884123,0.44951655641561883,0.46089498469223,1,0,0.5308304995298385,0.6105234801769257,-0.004417349331058022,0.26220575175971167,5.003384416841798,0.5291120558977127,0.6640267074108124,0.00021757033395526472,0.00011716690694086778,0.001177376264948862,0.1292903023631196
1781867470.7134342,29.36950707435608,spinning_top,nonsocial_movie,non_social,835,1,0.44292676556197424,0.46254799722020956,0.4527373813910919,1,0,0.5305200666189194,0.6110408782958985,-0.0024010963166955454,0.26134441032245614,5.233606906437957,0.5287629067897797,0.6631542146205902,0.0009397599526262569,0.0007221896186709922,0.007047504906179446,0.129572955510704
1781867470.748318,29.404390811920166,spinning_top,nonsocial_movie,non_social,836,1,0.4504653412066127,0.46153570073211686,0.4560005209693648,1,0,0.529727777838707,0.611949497461319,-0.0013191380024880199,0.25588192395552195,6.1340949103838325,0.5288558006286621,0.6662828624248505,0.0031300265731148075,0.0021902666204885505,0.00037163280618547287,0.13116995547923305
1781867470.78259,29.43866276741028,spinning_top,nonsocial_movie,non_social,837,1,0.4354248070222652,0.4411968011949524,0.4383108041086088,1,0,0.5298017531633377,0.6121518015861511,0.0005657721089114744,0.2623657723542651,5.465639223546617,0.5282969027757645,0.6637747287750244,0.002569650018069258,0.0005603765550455495,0.0016675165939864438,0.1324036469391466
1781867470.8181481,29.474220991134644,spinning_top,nonsocial_movie,non_social,838,1,0.4634783228500971,0.4490499549709014,0.4562641389104992,1,0,0.5293356746435165,0.6130890905857086,-0.0077774870415272465,0.2589880192077214,5.181668855855384,0.5291927307844162,0.6641929149627686,0.0009886291057342525,0.0015810209123350055,0.0006151316099645087,0.13190829057035505
1781867470.850983,29.50705575942993,spinning_top,nonsocial_movie,non_social,839,1,0.4619416309387776,0.4345034068953115,0.44822251891704457,1,0,0.5290323346853256,0.6127711057662963,-0.0022955789192475907,0.26001100555426776,5.383381616645312,0.528269499540329,0.6647744178771973,0.0010911010812697049,0.00010247197553545236,5.738350384442807e-05,0.1324937874919721
1781867470.885473,29.541545867919922,spinning_top,nonsocial_movie,non_social,840,1,0.4323244390002861,0.4541377613490429,0.4432311001746645,1,0,0.5295474112033844,0.6128742456436158,0.00304756207822947,0.26014556001146427,5.8011411456595265,0.5279819369316101,0.6642199754714966,0.0006245787661875519,0.000466522315082153,0.0002851643118949199,0.13378760191768443
1781867470.922135,29.578207969665527,spinning_top,nonsocial_movie,non_social,841,1,0.4502286158698214,0.4448694926053783,0.44754905423759983,1,0,0.5295950382947923,0.6129055142402648,-0.0034576348093371,0.25671499343417914,5.3936450173862855,0.5288044214248657,0.6653019189834595,0.0013590741351098327,0.0007344953689222808,0.000603815155799131,0.13052281058512052
1781867470.9547122,29.610785007476807,spinning_top,nonsocial_movie,non_social,842,1,0.4360371522598747,0.42469791273423857,0.4303675324970566,1,0,0.5299473196268082,0.6124415159225464,-0.0018528524039298198,0.2589196616749928,5.118711663495211,0.528262197971344,0.6661589443683624,0.0010141492907442605,0.0003449248443655722,0.00029739482090718325,0.13279532669607494
1781867470.98863,29.644702911376953,spinning_top,nonsocial_movie,non_social,843,1,0.44209077655125534,0.4378781032053214,0.4399844398782884,1,0,0.5303119331598282,0.6126227021217346,-0.006916636230698237,0.26081557640687775,5.259037134601917,0.5288563668727875,0.6644583940505981,0.0018013628359358242,0.0007872135451915637,0.000235144491677852,0.13293570508883318
1781867471.0239959,29.680068731307983,spinning_top,nonsocial_movie,non_social,844,1,0.4551154540313726,0.4374201780747217,0.44626781605304716,1,0,0.5300335496664047,0.6116827547550201,-0.0026687938744605314,0.2612366099186583,4.691490152346741,0.528217613697052,0.6641233563423157,0.0007212876579308166,0.0010800751780050077,0.00042527608413890606,0.13062654967282675
