timestamp,elapsed_time,stimulus_id,stimulus_type,paper_category,frame_index,face_detected,left_ear,right_ear,avg_ear,eye_open,blink_state,gaze_x,gaze_y,yaw_proxy,pitch_proxy,roll_proxy_deg,head_center_x,head_center_y,head_movement,head_acceleration,mouth_open,eyebrow_signal
1781866303.1177669,10.703534841537476,dog_in_grass,nonsocial_movie,non_social,290,1,0.4258229421022579,0.5582781430916807,0.4920505425969693,1,0,0.5367101550102233,0.8330700099468231,0.2251491342645384,0.31299946514019183,5.770131315031612,0.5082206428050995,0.8435374200344086,0.0,0.0,0.00203879563262356,0.13255572333777557
1781866303.155623,10.741390943527222,dog_in_grass,nonsocial_movie,non_social,291,1,0.4773032481008788,0.4950990931443415,0.48620117062261015,1,0,0.5364481300115586,0.8315168201923371,0.20984167545743396,0.3146370584215311,6.1575374212504075,0.509679913520813,0.8397600948810577,0.004049401972622113,0.004049401972622113,0.0021784465757176312,0.1334037736477882
1781866303.188834,10.774601936340332,dog_in_grass,nonsocial_movie,non_social,292,1,0.49635048683496386,0.4762009399007023,0.48627571336783304,1,0,0.53657665848732,0.8311891734600068,0.22505188820726582,0.30608095787686346,6.071663898663476,0.5079160928726196,0.8438573479652405,0.004460778644456392,0.00041137667183427894,0.0017379458977361724,0.13496704519434732
1781866303.2228281,10.808596134185791,dog_in_grass,nonsocial_movie,non_social,293,1,0.4270847946577725,0.5210029584443573,0.4740438765510649,1,0,0.537420892715454,0.8317860662937164,0.22319053464767152,0.301734178356154,6.110719220183448,0.5080260932445526,0.844872921705246,0.0010215136333961185,0.0034392650110602737,0.0021309786913389786,0.13454734405566393
1781866303.2562828,10.842050790786743,dog_in_grass,nonsocial_movie,non_social,294,1,0.37282714964239966,0.5047552315588433,0.43879119060062144,1,0,0.5409665554761887,0.8339821338653565,0.2339924609580316,0.2943096142263332,5.092013015901125,0.5071578025817871,0.8466700315475464,0.001995878869154834,0.0009743652357587155,0.0033934639840475316,0.14000504713904105
1781866303.292447,10.878215074539185,dog_in_grass,nonsocial_movie,non_social,295,1,0.3663043847178269,0.4762732105257863,0.4212887976218066,1,0,0.5411490440368653,0.8344176530838012,0.24473265623914345,0.2912252740041521,4.862868412886779,0.5074326246976852,0.8501799404621124,0.003520651613542141,0.0015247727443873072,0.0022493498479201363,0.1452530265822046
1781866303.324807,10.910574913024902,dog_in_grass,nonsocial_movie,non_social,296,1,0.3837086467787012,0.5100662015665859,0.44688742417264354,1,0,0.5415820270776748,0.8338958024978638,0.24938806966996035,0.2922774789122622,3.735260055674442,0.5077052116394043,0.846861869096756,0.0033292493487863195,0.00019140226475582167,0.0018114548423468176,0.14489083640734815
1781866303.36025,10.946017980575562,dog_in_grass,nonsocial_movie,non_social,297,1,0.3764648805590023,0.488469322370827,0.4324671014649146,1,0,0.542504957318306,0.8346189260482788,0.2381018998142557,0.29401497641454344,5.019145683114965,0.507664144039154,0.847395122051239,0.0005348319934850538,0.002794417355301266,0.0026264419030854907,0.1475255579108588
1781866303.3943229,10.980090856552124,dog_in_grass,nonsocial_movie,non_social,298,1,0.37225364852412623,0.45256183428986746,0.4124077414069969,1,0,0.5433386951684952,0.8350131750106812,0.24043303246469772,0.2928756323780808,6.031382208043914,0.5090195387601852,0.8490363359451294,0.0021285389109194225,0.0015937069174343688,0.0023789679458640052,0.14992663092470862
1781866303.429611,11.015378952026367,dog_in_grass,nonsocial_movie,non_social,299,1,0.3726633240856605,0.47592440993123714,0.42429386700844884,1,0,0.5436850279569626,0.8352693617343903,0.24264810046204402,0.291384416554935,5.7746012112205545,0.509157195687294,0.8479602336883545,0.0010848711889515112,0.0010436677219679113,0.001709856957097965,0.14934314042749117
1781866303.463059,11.048826932907104,dog_in_grass,nonsocial_movie,non_social,300,1,0.344780526115487,0.453302754363269,0.399041640239378,1,0,0.5445789277553559,0.8356066405773163,0.24634184037834173,0.2913626933896385,6.314989960736705,0.5094185918569565,0.8473058342933655,0.0007046747658857956,0.00038019642306571556,0.0022017699612888507,0.15031161784494257
1781866303.496438,11.082206010818481,dog_in_grass,nonsocial_movie,non_social,301,1,0.3283162094310944,0.4399697194389437,0.38414296443501905,1,0,0.5458298951387406,0.8355561375617981,0.2508671947699974,0.29170139628306296,6.46697107911587,0.5095804929733276,0.8465589880943298,0.0007641931800900973,5.951841420430166e-05,0.002291732944319918,0.15077268941364805
1781866303.5337129,11.119480848312378,dog_in_grass,nonsocial_movie,non_social,302,1,0.34301912163476,0.46836378961196723,0.4056914556233636,1,0,0.5454699188470841,0.8365328192710877,0.24622519427481618,0.2935808969046997,6.687481616405724,0.5100842118263245,0.8453838229179382,0.0012785718105245173,0.0005143786304344201,0.0026309931815411596,0.1495680831792594
1781866303.567819,11.153587102890015,dog_in_grass,nonsocial_movie,non_social,303,1,0.2862152303696908,0.4841494847086491,0.38518235753916996,1,0,0.5454842388629914,0.8376515448093413,0.24640500062471762,0.29254271705893836,7.22964038248944,0.5099683403968811,0.845403254032135,0.00011748938828751987,0.0011610824222369974,0.0021016816389721675,0.15161457895324335
1781866303.600728,11.186496019363403,dog_in_grass,nonsocial_movie,non_social,304,1,0.3020337977753936,0.46368348041135543,0.3828586390933745,1,0,0.544581589102745,0.8384732067584991,0.2504259480607926,0.29130883551558456,7.012127937144767,0.5096159875392914,0.8473745882511139,0.0020025761256862924,0.0018850867373987725,0.002038907056393014,0.1524753384009863
1781866303.636933,11.222701072692871,dog_in_grass,nonsocial_movie,non_social,305,1,0.29796536907935645,0.48624900890206424,0.39210718899071034,1,0,0.5448927104473114,0.8382834017276763,0.2638423389840959,0.2902609980315658,6.352924842353564,0.5084178298711777,0.8470081090927124,0.0012529520227057154,0.0007496241029805769,0.0017609947436255935,0.15092622468278205
1781866303.6698828,11.255650758743286,dog_in_grass,nonsocial_movie,non_social,306,1,0.2931100440386015,0.4874941618773448,0.3903021029579732,1,0,0.5459109961986541,0.8386137664318085,0.25318646240995635,0.28983049597074,6.882579076254223,0.5096071660518646,0.8477196395397186,0.0013859278941228876,0.00013297587141717217,0.0021693706517237977,0.1509691064378262
1781866303.705037,11.290805101394653,dog_in_grass,nonsocial_movie,non_social,307,1,0.2780828645174273,0.472269314401443,0.37517608945943515,1,0,0.5450500875711441,0.8381856799125671,0.2600431382287261,0.29395658147626336,6.2921588266366175,0.5086797475814819,0.8451023399829865,0.0027767538581727805,0.001390825964049893,0.0022280614169269326,0.1530121456136779
1781866303.7393332,11.325101137161255,dog_in_grass,nonsocial_movie,non_social,308,1,0.31390059357388406,0.4738545662706532,0.39387757992226863,1,0,0.5452356457710266,0.8386116981506349,0.25794002056255066,0.2918982791607737,7.098231615944732,0.5092185437679291,0.8456686735153198,0.0007816872778644808,0.0019950665803083,0.0031299678548907966,0.15193448206595758
1781866303.774484,11.360251903533936,dog_in_grass,nonsocial_movie,non_social,309,1,0.28586055451477604,0.4650914276145926,0.3754759910646843,1,0,0.5444205373525619,0.8388045310974122,0.26226650389391926,0.29312118387494834,6.59462568296219,0.5091647505760193,0.8451790511608124,0.0004925685307947097,0.00028911874706977105,0.0034999333087749143,0.15256375002285294
1781866303.8075001,11.39326810836792,dog_in_grass,nonsocial_movie,non_social,310,1,0.2761507388151203,0.4849470634309834,0.38054890112305184,1,0,0.5441453605890274,0.838868135213852,0.2562058907042602,0.295736850518648,6.732311841655327,0.5093265473842621,0.8439885675907135,0.0012014280410548625,0.0007088595102601528,0.0026038403148798957,0.1526399973824681
1781866303.842437,11.428205013275146,dog_in_grass,nonsocial_movie,non_social,311,1,0.26690725424291667,0.4793323521999652,0.3731198032214409,1,0,0.5434817761182785,0.8388116776943206,0.2537669694358498,0.29541344900603256,6.76268745454063,0.5095953643321991,0.8461005985736847,0.002129069614768016,0.0009276415737131535,0.0026389449288743306,0.153165295829625
1781866303.8777752,11.463543176651001,dog_in_grass,nonsocial_movie,non_social,312,1,0.3117581121785729,0.48939722906720506,0.40057767062288896,1,0,0.5441164880990982,0.8381087124347686,0.25194488344770405,0.29632132523434057,5.9443410783047055,0.5096655786037445,0.8456196486949921,0.0004860481763602299,0.001643021438407786,0.002760832024494395,0.15126576078133916
1781866303.911475,11.49724292755127,dog_in_grass,nonsocial_movie,non_social,313,1,0.2946048641619634,0.4613543035816194,0.3779795838717914,1,0,0.542874950170517,0.837656134366989,0.2518137049955692,0.2992780890337364,6.216165229346556,0.5092643946409225,0.8427428305149078,0.0029046568494899127,0.0024186086731296827,0.002621537389170963,0.1514007205700268
1781866303.947853,11.533621072769165,dog_in_grass,nonsocial_movie,non_social,314,1,0.4003224558418172,0.47088764918861886,0.435605052515218,1,0,0.5406126916408539,0.8364266157150269,0.2547059108786098,0.29838127529874275,6.392237983557646,0.509090930223465,0.8442300856113434,0.0014973368445334555,0.0014073200049564572,0.0032206501009907277,0.1454706055163492
1781866303.981793,11.567560911178589,dog_in_grass,nonsocial_movie,non_social,315,1,0.41380311880312676,0.5038460758354457,0.45882459731928626,1,0,0.5381263017654419,0.8303631365299224,0.2513842263263538,0.30345572966790135,6.916643946739378,0.5088441371917725,0.8417198657989502,0.0025223224034653605,0.001024985558931905,0.0024640924261656407,0.13838450796213694
1781866304.0145679,11.600335836410522,dog_in_grass,nonsocial_movie,non_social,316,1,0.4336264080694476,0.5223876356315982,0.4780070218505229,1,0,0.5382373809814454,0.8283898115158081,0.237264548646647,0.31010636476137443,8.207862343968692,0.5098752081394196,0.8404146134853363,0.0016633673380454165,0.000858955065419944,0.002176976317813377,0.13312147818946898
1781866304.0481322,11.633900165557861,dog_in_grass,nonsocial_movie,non_social,317,1,0.4888904843525175,0.5149086591815825,0.50189957176705,1,0,0.5376196742057799,0.8269343256950379,0.23891752776825503,0.31228187841339,8.057005811253735,0.5087871253490448,0.8383330702781677,0.002348775485656168,0.0006854081476107515,0.0017081495363620988,0.131751530759174
1781866304.083532,11.669300079345703,dog_in_grass,nonsocial_movie,non_social,318,1,0.48185377890749004,0.5170144514565108,0.4994341151820004,1,0,0.5375964730978012,0.826111763715744,0.22723263340190683,0.3113605958933752,7.032049438469464,0.5085135400295258,0.8378136157989502,0.0005870961446266628,0.0017616793410295054,0.0018221173296326483,0.132363978599635
1781866304.117621,11.703388929367065,dog_in_grass,nonsocial_movie,non_social,319,1,0.5196348907088584,0.5087081811039025,0.5141715359063804,1,0,0.5367782860994339,0.8261695981025696,0.22721090813399872,0.3097655093111815,7.122214908857152,0.5089978128671646,0.8393042683601379,0.0015673433699896044,0.0009802472253629415,0.0016017731237961234,0.13289213785471088
1781866304.15229,11.738058090209961,dog_in_grass,nonsocial_movie,non_social,320,1,0.5089463650039712,0.5020748802620925,0.5055106226330318,1,0,0.5365370005369187,0.8254960656166077,0.23389096035970502,0.3097585826126823,7.27830033932418,0.5076285153627396,0.8368842601776123,0.0027805422599046564,0.001213198889915052,0.0018981567292354637,0.13419487477840802
1781866304.188332,11.774100065231323,dog_in_grass,nonsocial_movie,non_social,321,1,0.5280473454767953,0.49779965451979086,0.5129234999982931,1,0,0.5361655235290528,0.8253085732460022,0.22422896280920743,0.30869377415997457,7.146736581959867,0.5084056407213211,0.8397404253482819,0.002960000558293249,0.00017945829838859244,0.0019541062234431006,0.1336649755066048
1781866304.220853,11.806621074676514,dog_in_grass,nonsocial_movie,non_social,322,1,0.5007582448243719,0.4760414884030555,0.4883998666137137,1,0,0.5355535328388215,0.8247939467430114,0.22768476406217714,0.3092713036240133,7.83293423575878,0.5071577727794647,0.837159276008606,0.002866968139694308,9.303241859894094e-05,0.0015623489160555156,0.13527348128870334
1781866304.2553768,11.841144800186157,dog_in_grass,nonsocial_movie,non_social,323,1,0.5378584338944153,0.45528419034204504,0.4965713121182302,1,0,0.5348748058080673,0.8239574611186982,0.22558705141521068,0.31117472732188917,7.208038659539073,0.507469892501831,0.837599515914917,0.0005396572024894932,0.0023273109372048146,0.0018860245960733778,0.1338911053840172
1781866304.290209,11.875977039337158,dog_in_grass,nonsocial_movie,non_social,324,1,0.5152366822387922,0.4552535064997338,0.485245094369263,1,0,0.5342542678117752,0.8241303563117981,0.22517427177782312,0.3096747942966666,6.911978539313005,0.5068032145500183,0.8386719822883606,0.001262791991422384,0.0007231347889328908,0.0019445783273543968,0.13707865908617325
1781866304.325127,11.910894870758057,dog_in_grass,nonsocial_movie,non_social,325,1,0.4998641676297049,0.4716049208061381,0.4857345442179215,1,0,0.5336700767278671,0.8225176930427551,0.22176499569276356,0.3088664390940118,7.8607007576292185,0.5057744532823563,0.8385246396064758,0.0010392591648605365,0.00022353282656184742,0.001414494591961356,0.1364776089803195
1781866304.3593972,11.945165157318115,dog_in_grass,nonsocial_movie,non_social,326,1,0.535887300565665,0.465019810685508,0.5004535556255865,1,0,0.5331227988004684,0.8221836745738984,0.21215852265183294,0.3064698839873114,7.500114387157532,0.506440281867981,0.8386280238628387,0.0006738071014012056,0.00036545206345933094,0.0022737164510552134,0.1357103274956461
1781866304.392711,11.978478908538818,dog_in_grass,nonsocial_movie,non_social,327,1,0.5355296255524463,0.4374425087710083,0.4864860671617273,1,0,0.5324869751930237,0.8209511578083039,0.22168236803310085,0.3079397449984377,7.487733309150451,0.5051178634166718,0.837122231721878,0.002004046040424726,0.0013302389390235203,0.0019382297388807054,0.13639188227895563
1781866304.4278772,12.01364517211914,dog_in_grass,nonsocial_movie,non_social,328,1,0.5087871875800574,0.4599864549390562,0.4843868212595568,1,0,0.5319591850042343,0.8193346977233886,0.22220633982638535,0.3105470344852524,7.720810961055486,0.5046920627355576,0.8354402780532837,0.0017350142256867351,0.0002690318147379907,0.003026721565167386,0.13752568931475123
1781866304.461122,12.046890020370483,dog_in_grass,nonsocial_movie,non_social,329,1,0.5078097575187064,0.4436578904018928,0.4757338239602996,1,0,0.5311294943094254,0.8187102794647216,0.20585755428119304,0.30991690626671253,7.9883259885270945,0.5055806338787079,0.8337564170360565,0.0019039292533539194,0.00016891502766718425,0.002460642715825464,0.138408366224118
1781866304.4961889,12.08195686340332,dog_in_grass,nonsocial_movie,non_social,330,1,0.5259485406361322,0.4607035644710518,0.49332605255359196,1,0,0.5308198779821396,0.8178949475288391,0.20596924186927618,0.3061335354472896,8.225762433947875,0.5045506060123444,0.83220574259758,0.0018615984044981343,4.233084885578507e-05,0.0016307625921332164,0.13903096998579487
1781866304.530807,12.116575002670288,dog_in_grass,nonsocial_movie,non_social,331,1,0.5278915334606192,0.46680875562002994,0.49735014454032456,1,0,0.5306570053100585,0.817664498090744,0.19148642287092915,0.3075452979788229,8.386847232846415,0.5065508484840393,0.8344248235225677,0.0029875224011238787,0.0011259239966257444,0.0013331624820295384,0.1370711199143065
1781866304.564715,12.150482892990112,dog_in_grass,nonsocial_movie,non_social,332,1,0.5052529394670793,0.4817269481652169,0.4934899438161481,1,0,0.5310710400342942,0.8176096320152283,0.2087029795858423,0.30466604612221254,8.091909576624673,0.5040638595819473,0.8333277106285095,0.002718229295228328,0.0002692931058955509,0.0021678776006169654,0.13624696128964417
1781866304.599767,12.185534954071045,dog_in_grass,nonsocial_movie,non_social,333,1,0.5181746561472944,0.46775803060174587,0.49296634337452017,1,0,0.5311213910579682,0.8173039078712463,0.19238106934086383,0.308876870525035,8.880873454197696,0.5059624463319778,0.833308219909668,0.001898686792367926,0.0008195425028604019,0.0027565602560074135,0.13563810305740528
1781866304.6342669,12.220034837722778,dog_in_grass,nonsocial_movie,non_social,334,1,0.5058420587800881,0.4689544523050648,0.48739825554257643,1,0,0.5315894305706024,0.817477148771286,0.2122911973492846,0.3059433228457764,8.322248459374364,0.5042081922292709,0.8320776224136353,0.002142843357342298,0.0002441565649743719,0.003038672496159735,0.13643048762044185
1781866304.668937,12.25470495223999,dog_in_grass,nonsocial_movie,non_social,335,1,0.43821691108390304,0.45258966522679633,0.4454032881553497,1,0,0.5313017636537551,0.8182212829589843,0.19347768797184156,0.3068244865256219,8.921179663614096,0.5059316158294678,0.8352646231651306,0.0036231426546228388,0.001480299297280541,0.001889112772317205,0.13968690201398248
1781866304.7025752,12.28834319114685,dog_in_grass,nonsocial_movie,non_social,336,1,0.19255466018362027,0.23410126140274756,0.21332796079318392,1,0,0.5340167135000229,0.8248767852783203,0.21985031115791762,0.30258957325017277,9.019434677564787,0.5032195299863815,0.8352294564247131,0.0027123138313809494,0.0009108288232418894,0.006532272089873308,0.16781722950446026
1781866304.7405398,12.326307773590088,dog_in_grass,nonsocial_movie,non_social,337,1,0.2205407135819702,0.19503151679991304,0.20778611519094162,1,0,0.5365229457616806,0.8282379865646362,0.2187949827580822,0.29995341120585395,8.776152120909897,0.5040878653526306,0.837700366973877,0.0026190466300255086,9.326720135544074e-05,0.0011250184207192947,0.17132679154131095
1781866304.772248,12.358016014099121,dog_in_grass,nonsocial_movie,non_social,338,1,0.17581137717926684,0.18076178779099422,0.17828658248513052,0,1,0.5353050082921982,0.8297765612602235,0.2251987294421824,0.30017613283088995,9.558907318948124,0.5041043758392334,0.8403101861476898,0.0026098713983966973,9.175231628811339e-06,0.0016432209058450636,0.17313967763765264
1781866304.807153,12.392920970916748,dog_in_grass,nonsocial_movie,non_social,339,1,0.14947230009158075,0.21329767111513778,0.18138498560335925,1,0,0.5358078986406326,0.830026638507843,0.23455106176849022,0.3003782341938177,10.11681979063376,0.503692016005516,0.8380741477012634,0.002273743293857147,0.0003361281045395504,0.0010086844113990688,0.1714510208292727
1781866304.841471,12.427238941192627,dog_in_grass,nonsocial_movie,non_social,340,1,0.16121063993405607,0.2618386816968768,0.21152466081546645,1,0,0.5361012518405914,0.8303465843200684,0.2321157728591039,0.29498604562327474,9.670072830469879,0.5043239593505859,0.8429157137870789,0.004882633977137367,0.0026088906832802197,0.002399701394515612,0.16790765999644816
1781866304.875353,12.461121082305908,dog_in_grass,nonsocial_movie,non_social,341,1,0.18596163969004947,0.24515785024022804,0.21555974496513874,1,0,0.5362847656011581,0.8303003191947937,0.23139495791790782,0.2976334162356668,8.579561731717957,0.5046979188919067,0.841623455286026,0.0013452798118191766,0.00353735416531819,0.0024841827150757657,0.1659716892339266
1781866304.90815,12.49391794204712,dog_in_grass,nonsocial_movie,non_social,342,1,0.22013869859431673,0.16962568081521173,0.19488218970476423,1,0,0.5359658926725388,0.8318923175334931,0.24767781497373526,0.2971112407731889,8.858596621294158,0.5030144900083542,0.8413409292697906,0.0017069721016550936,0.00036169228983591703,0.002303545394909821,0.16805306653092777
1781866304.9441001,12.529868125915527,dog_in_grass,nonsocial_movie,non_social,343,1,0.19830283451926764,0.2736893371417986,0.2359960858305331,1,0,0.538076964020729,0.8322229504585266,0.24152177064414998,0.2951387422273076,9.959873007812297,0.5041893422603607,0.8447057008743286,0.0035639817290145865,0.0018570096273594929,0.002191344181196121,0.1648206897701149
1781866304.9803689,12.566136837005615,dog_in_grass,nonsocial_movie,non_social,344,1,0.18753170691873605,0.25735104249452045,0.22244137470662825,1,0,0.5378909349441529,0.8328150689601899,0.24169093634140335,0.29559163396735955,9.762664413649407,0.5044121891260147,0.8437610864639282,0.0009705447490290625,0.002593436979985524,0.0018929873671970387,0.16597755176614884
1781866305.012983,12.598751068115234,dog_in_grass,nonsocial_movie,non_social,345,1,0.21062027564580915,0.3378516629474808,0.27423596929664495,1,0,0.53949733376503,0.8316339731216431,0.24093777003048092,0.29837242881142173,9.418235630507475,0.5053070783615112,0.8434455394744873,0.0009488923260058407,2.1652423023221746e-05,0.0018130697421966577,0.16063695533075947
1781866305.047298,12.633065938949585,dog_in_grass,nonsocial_movie,non_social,346,1,0.2159019220885517,0.3125573374503243,0.264229629769438,1,0,0.5398809909820557,0.8292506814002991,0.2403423608593311,0.30146492961049215,8.79132178862586,0.5060435831546783,0.8432872891426086,0.0007533143287485248,0.00019557799725731595,0.002156862582698847,0.1564420227432124
1781866305.0823839,12.66815185546875,dog_in_grass,nonsocial_movie,non_social,347,1,0.2737151754849977,0.39173405339909073,0.3327246144420442,1,0,0.5409203052520752,0.8290769934654236,0.24016194857233714,0.3021184782737645,8.224052945346768,0.5061348378658295,0.8409660160541534,0.0023230661147486996,0.001569751786000175,0.0019293086243492318,0.1517125258619395
1781866305.116083,12.701850891113281,dog_in_grass,nonsocial_movie,non_social,348,1,0.30688300902550353,0.36897278667364053,0.337927897849572,1,0,0.5412711501121521,0.8282671093940734,0.24907014260756408,0.29895676860134257,6.962154422189137,0.5056807994842529,0.839990109205246,0.001076357296481587,0.0012467088182671127,0.002569624130169446,0.15021683637589328
1781866305.1509051,12.73667311668396,dog_in_grass,nonsocial_movie,non_social,349,1,0.33241294065485294,0.4008123575297435,0.3666126490922982,1,0,0.5419355183839798,0.8285375714302063,0.24834265976240888,0.2994637685065686,6.504767747103432,0.5059500932693481,0.8397751152515411,0.00034458894761809185,0.000731768348863495,0.002241599548577909,0.15118532166640744
1781866305.1871219,12.772889852523804,dog_in_grass,nonsocial_movie,non_social,350,1,0.3004395685577273,0.43192610827461586,0.3661828384161716,1,0,0.5415920525789261,0.8278632879257202,0.2435814217030464,0.30135860003978676,7.688945283752636,0.5063185691833496,0.8376783728599548,0.0021288736824608143,0.0017842847348427224,0.0018086226208706194,0.1507889972990443
1781866305.219208,12.804975986480713,dog_in_grass,nonsocial_movie,non_social,351,1,0.3109133495861777,0.43084223770605035,0.37087779364611406,1,0,0.5419764161109925,0.8271417021751404,0.24649344343200796,0.30059569592675184,6.99142383732686,0.5067135542631149,0.8378970324993134,0.0004514700999198223,0.001677403582540992,0.0007353839250560286,0.1478498422408092
1781866305.2546802,12.840448141098022,dog_in_grass,nonsocial_movie,non_social,352,1,0.31873130357442375,0.4129761355503496,0.36585371956238666,1,0,0.5426436513662338,0.8271652042865754,0.2446648735629749,0.303575468140052,7.391407197636787,0.5077452063560486,0.8397859036922455,0.0021522407914411515,0.0017007706915213292,0.001803568927804565,0.14734046705003997
1781866305.2897868,12.87555480003357,dog_in_grass,nonsocial_movie,non_social,353,1,0.336957803829973,0.41133188086489925,0.3741448423474361,1,0,0.5429390400648118,0.8277100026607513,0.2653343554508387,0.30192283697597405,7.402146247127084,0.5062882155179977,0.840987503528595,0.0018885614813606705,0.000263679310080481,0.0021023337811846496,0.14735791802707934
1781866305.324793,12.910561084747314,dog_in_grass,nonsocial_movie,non_social,354,1,0.30631475063308977,0.4244547972206468,0.3653847739268683,1,0,0.5428648978471756,0.8288893222808837,0.2693056539024082,0.30144029205493267,7.4475461443277,0.5072808265686035,0.8380906879901886,0.00306215887264807,0.0011735973912873994,0.002354594947416748,0.1491048993494584
1781866305.358176,12.943943977355957,dog_in_grass,nonsocial_movie,non_social,355,1,0.27232127864379607,0.43503029083996164,0.3536757847418789,1,0,0.5425457298755645,0.8343442857265473,0.24430500620244383,0.2989854303820751,8.75080607195699,0.5082959532737732,0.8425333201885223,0.004557133208193538,0.0014949743355454678,0.0013228891395028464,0.15903214860608536
1781866305.3929348,12.978702783584595,dog_in_grass,nonsocial_movie,non_social,356,1,0.26087414688730864,0.43859928099779916,0.3497367139425539,1,0,0.5424270182847977,0.8360600590705871,0.2533565311301451,0.28980263121099925,8.324329351158793,0.5071869194507599,0.8448967635631561,0.002610712662413821,0.0019464205457797165,0.0012674721423848036,0.1630177037737409
1781866305.42622,13.011987924575806,dog_in_grass,nonsocial_movie,non_social,357,1,0.24374045460507945,0.35453242204085517,0.2991364383229673,1,0,0.5421932101249695,0.8373404681682586,0.2545998396184236,0.28997891895209926,8.879013131030815,0.5080454349517822,0.8494046926498413,0.004588951243593456,0.001978238581179635,0.0027129877011752746,0.16308203850979167
1781866305.460205,13.045973062515259,dog_in_grass,nonsocial_movie,non_social,358,1,0.27768619642234044,0.3318348195991504,0.3047605080107454,1,0,0.542070871591568,0.8386277496814728,0.25413620274974386,0.28495570614395044,8.301156148883605,0.5086853057146072,0.8500025272369385,0.0008756944596421199,0.003713256783951336,0.0015385430743779264,0.16209328031519268
1781866305.4946718,13.080439805984497,dog_in_grass,nonsocial_movie,non_social,359,1,0.24724378964377297,0.3214859315944553,0.28436486061911415,1,0,0.5425029516220092,0.839180302619934,0.26419023742056197,0.28270606897360595,7.510856945160484,0.5085168033838272,0.8500246405601501,0.00016994715220257792,0.000705747307439542,0.002040705768232006,0.1639665412182155
1781866305.530348,13.116116046905518,dog_in_grass,nonsocial_movie,non_social,360,1,0.22725658925460523,0.3379162609909171,0.28258642512276116,1,0,0.5420868784189224,0.8403745234012604,0.25775554860882455,0.2870977337303141,8.446198215655183,0.5074276775121689,0.8474830985069275,0.002765073447960242,0.002595126295757664,0.0021785035281183737,0.16513815671043686
1781866305.5625348,13.148302793502808,dog_in_grass,nonsocial_movie,non_social,361,1,0.23507392733925275,0.3943204461986921,0.3146971867689724,1,0,0.5410225927829743,0.8419954180717468,0.2598418920968467,0.28263303439460574,7.90457757314633,0.5074724406003952,0.8503054082393646,0.0028226646913646902,5.759124340444814e-05,0.001238291223855462,0.16535207151705736
1781866305.598804,13.184571981430054,dog_in_grass,nonsocial_movie,non_social,362,1,0.22861753381623665,0.3494301232271078,0.28902382852167224,1,0,0.5420835435390472,0.8423285007476806,0.24859529341460537,0.2887231151834691,8.571144491608939,0.5091308802366257,0.8493879437446594,0.001895300273324762,0.0009273644180399282,0.0020799993516414173,0.16611484840485932
1781866305.633527,13.219295024871826,dog_in_grass,nonsocial_movie,non_social,363,1,0.1811145789643134,0.4572357117540019,0.31917514535915764,1,0,0.5429651200771332,0.8427601039409638,0.25803154565737385,0.2892136453390822,9.158324068250026,0.508190929889679,0.8493109047412872,0.000943102148638117,0.000952198124686645,0.0018341246107603962,0.16352208237813656
1781866305.667412,13.253180027008057,dog_in_grass,nonsocial_movie,non_social,364,1,0.20531737602176636,0.4011333357974283,0.3032253559095973,1,0,0.5429388761520386,0.8432402193546296,0.26003473349941586,0.2885115734403246,8.797377178239218,0.508506566286087,0.8493677079677582,0.00032070693986097185,0.0006223952087771452,0.0018533382496744675,0.165654365351897
1781866305.701792,13.287559986114502,dog_in_grass,nonsocial_movie,non_social,365,1,0.2027386085275001,0.43539197092185555,0.31906528972467785,1,0,0.5429602235555648,0.842373538017273,0.26238379316830235,0.2886972367924541,9.181800467763448,0.5075903385877609,0.8486054241657257,0.001191868193224839,0.0008711612533638671,0.001125891981642855,0.1626637517662953
1781866305.739403,13.325170993804932,dog_in_grass,nonsocial_movie,non_social,366,1,0.19646028115781633,0.3928471498380341,0.2946537154979252,1,0,0.543038883805275,0.8425716519355774,0.26020359295195883,0.2897520334717899,8.375820076188374,0.508070632815361,0.8479325473308563,0.0008267077960015956,0.00036516039722324335,0.0013595384254777843,0.1653220326823445
1781866305.7704508,13.356218814849854,dog_in_grass,nonsocial_movie,non_social,367,1,0.1773283456747028,0.35062728272459986,0.26397781419965133,1,0,0.5430477619171142,0.8419992387294769,0.2584515330649811,0.29144436615849934,8.473629323367698,0.5083663910627365,0.8477769494056702,0.0003341910459794779,0.0004925167500221177,0.001023219146176134,0.16687279102195562
1781866305.804299,13.390067100524902,dog_in_grass,nonsocial_movie,non_social,368,1,0.25174731483739987,0.3684921321317948,0.3101197234845974,1,0,0.5438770741224289,0.8405645191669464,0.2610559463581389,0.2924306263626476,8.18530962819595,0.5091620087623596,0.8472775816917419,0.0009393485176799212,0.0006051574717004433,0.001910295653677303,0.16221141674276804
1781866305.839749,13.425517082214355,dog_in_grass,nonsocial_movie,non_social,369,1,0.24252971494580775,0.45865332340599607,0.3505915191759019,1,0,0.5437550157308579,0.8382433235645295,0.2664967011092451,0.29363440495042364,7.831731665908586,0.508456826210022,0.8462564051151276,0.0012410012218959745,0.00030165270421605333,0.0027181144324646385,0.1553322751617111
1781866305.873795,13.45956301689148,dog_in_grass,nonsocial_movie,non_social,370,1,0.2876543050779928,0.4201026045990485,0.35387845483852065,1,0,0.5447008013725281,0.8360331594944,0.2683292397238017,0.2945240122127784,7.315852012754701,0.5085535943508148,0.8448261320590973,0.00143354284480049,0.00019254162290451558,0.002577522372407945,0.15435332302114294
1781866305.907692,13.493459939956665,dog_in_grass,nonsocial_movie,non_social,371,1,0.2800340976904241,0.4240681094533119,0.352051103571868,1,0,0.546064504981041,0.8359114646911621,0.26207792915001893,0.29378539999440073,7.651049550145328,0.5091891288757324,0.8449508845806122,0.0006476629709861191,0.000785879873814371,0.0024241968447648718,0.15332157400958468
1781866305.9439979,13.529765844345093,dog_in_grass,nonsocial_movie,non_social,372,1,0.3378547175688627,0.4500104696471086,0.39393259360798566,1,0,0.5450692236423493,0.8353907525539398,0.26953030384420884,0.2938164162285446,6.884227854847752,0.5090556591749191,0.8446279764175415,0.0003494049839553954,0.0002982579870307237,0.0027705961723119275,0.15067281751550043
1781866305.977298,13.563066005706787,dog_in_grass,nonsocial_movie,non_social,373,1,0.3347181701047632,0.4554666610893412,0.3950924155970522,1,0,0.5459996223449707,0.8345011293888092,0.2776675221424924,0.29634208773199616,7.773427767584883,0.5081655383110046,0.8443205058574677,0.0009417288875722174,0.0005923239036168221,0.0044023339867794034,0.14642412511506075
1781866306.0116758,13.59744381904602,dog_in_grass,nonsocial_movie,non_social,374,1,0.33034189097974254,0.46760284721181783,0.39897236909578015,1,0,0.5459142416715622,0.8341645419597625,0.2701051955933988,0.2936471612497774,7.572583441191594,0.5090374201536179,0.8447818756103516,0.0009864278971900508,4.469900961783337e-05,0.00198941994072243,0.14870693760417455
1781866306.0459468,13.631714820861816,dog_in_grass,nonsocial_movie,non_social,375,1,0.3405441536157114,0.46578819292430346,0.4031661732700074,1,0,0.5467428743839264,0.834134292602539,0.2608003465075191,0.2971953051778485,7.035214359698137,0.5096273571252823,0.8436553180217743,0.0012716751278992727,0.0002852472307092219,0.0014133693996261907,0.1471380918886037
1781866306.0816581,13.667426109313965,dog_in_grass,nonsocial_movie,non_social,376,1,0.3227413616310986,0.5006506324014722,0.41169599701628545,1,0,0.5460417300462723,0.8344165742397308,0.26610208903067323,0.29468690931697433,7.979894185722082,0.5088616758584976,0.8453766703605652,0.0018839643511929446,0.000612289223293672,0.0017585359820729805,0.15007238381540533
1781866306.116595,13.702363014221191,dog_in_grass,nonsocial_movie,non_social,377,1,0.3058484847595592,0.4495966764662966,0.3777225806129279,1,0,0.5464609414339066,0.8358911395072937,0.2679242718408113,0.2934532161918535,7.818305512220825,0.5089180618524551,0.844631016254425,0.0007477830075083438,0.0011361813436846007,0.001548984983511326,0.15317383600424891
1781866306.150375,13.736142873764038,dog_in_grass,nonsocial_movie,non_social,378,1,0.29312941156601824,0.4342466601769956,0.3636880358715069,1,0,0.5457461416721344,0.836365795135498,0.2685169682962032,0.29269186357855304,7.3468542617123065,0.5093748271465302,0.8452004492282867,0.0007299920859792971,1.7790921529046706e-05,0.0015211959081486606,0.1541935993595156
1781866306.184036,13.769804000854492,dog_in_grass,nonsocial_movie,non_social,379,1,0.3008776990450674,0.4516223403072503,0.37625001967615884,1,0,0.5458280831575394,0.8360466480255127,0.26836803116677244,0.29397413067801914,7.747716232562398,0.5089943706989288,0.8448097705841064,0.0005453227590518944,0.00018466932692740273,0.0015269239299105935,0.15338112378177343
1781866306.217885,13.803653001785278,dog_in_grass,nonsocial_movie,non_social,380,1,0.29680650294240535,0.45328321029262053,0.37504485661751297,1,0,0.5458514660596847,0.8358114242553711,0.2722093737256398,0.29461183490125203,7.765108908703121,0.5087161809206009,0.8431220948696136,0.0017104499028194088,0.0011651271437675146,0.0013858355776947113,0.15521068010931147
1781866306.253116,13.838883876800537,dog_in_grass,nonsocial_movie,non_social,381,1,0.27492720169547585,0.44280171315779754,0.3588644574266367,1,0,0.545861354470253,0.835276973247528,0.2611735728448454,0.29497143023019484,8.82301149766268,0.5089691281318665,0.8447744250297546,0.0016715792681768278,3.8870634642580986e-05,0.001636532791022108,0.15491394650744125
1781866306.287266,13.873034000396729,dog_in_grass,nonsocial_movie,non_social,382,1,0.2759130057791025,0.44389548738803186,0.3599042465835672,1,0,0.5447873264551163,0.8355437815189362,0.27273218161129303,0.2922957319539379,8.137558158584971,0.5082594454288483,0.8456298410892487,0.0011114792727727658,0.000560099995404062,0.0014098911043072518,0.1567862176968824
1781866306.3232598,13.909027814865112,dog_in_grass,nonsocial_movie,non_social,383,1,0.2870007908916971,0.43912478124560866,0.3630627860686529,1,0,0.5446291208267212,0.8351205885410309,0.2710735330902684,0.2911178048802952,7.944224968613991,0.507912740111351,0.8438382148742676,0.001824864124089325,0.0007133848513165592,0.0020534071406099375,0.15543636487759807
1781866306.35566,13.941427946090698,dog_in_grass,nonsocial_movie,non_social,384,1,0.28796805684915405,0.4484042688920136,0.3681861628705838,1,0,0.5443495959043503,0.8346821248531342,0.2686879109625099,0.2962676799694671,7.850926511380861,0.507938340306282,0.8426476120948792,0.0011908779737101346,0.0006339861503791904,0.002325081206372787,0.15561786105942138
1781866306.3894012,13.97516918182373,dog_in_grass,nonsocial_movie,non_social,385,1,0.2836636920035423,0.37795294747084696,0.3308083197371946,1,0,0.5434646725654602,0.8343940496444702,0.27391360622147587,0.2947502081479956,8.255259743753635,0.5072914212942123,0.843060702085495,0.0007675594755614956,0.000423318498148639,0.0008429687352832795,0.15935765663066365
1781866306.4249752,14.010743141174316,dog_in_grass,nonsocial_movie,non_social,386,1,0.2810034937761819,0.40811695470128445,0.34456022423873317,1,0,0.5430132806301117,0.8332264304161072,0.2708978119046624,0.29394395007025,7.733049706279018,0.5073509812355042,0.8421395123004913,0.0009231132144010164,0.00015555373883952082,0.0013113247066235132,0.15775421224025427
1781866306.459373,14.045140981674194,dog_in_grass,nonsocial_movie,non_social,387,1,0.26764138129465814,0.4148226624057103,0.3412320218501842,1,0,0.5419654130935669,0.8323427677154541,0.27363014592926177,0.2946372420822573,7.581413656834457,0.5070971846580505,0.8430282175540924,0.0009242346728538794,1.1214584528629985e-06,0.001436141383591601,0.15813969621556156
1781866306.493154,14.078922033309937,dog_in_grass,nonsocial_movie,non_social,388,1,0.27325863761925845,0.4109712287931995,0.342114933206229,1,0,0.5419909924268722,0.8320821046829223,0.2773789962569486,0.2952766898189019,7.272001747257283,0.5063177347183228,0.8410602509975433,0.002116703705348781,0.0011924690324949016,0.001670665044247537,0.15629313323168742
1781866306.53076,14.116528034210205,dog_in_grass,nonsocial_movie,non_social,389,1,0.2727264615456651,0.42901654846445697,0.35087150500506104,1,0,0.5427554190158844,0.8321363985538482,0.26606268590976295,0.2923360738991781,7.960963407333436,0.5075899511575699,0.8425191044807434,0.0019356622003168932,0.00018104150503188768,0.0013471690023060842,0.1565014699227454
1781866306.5624619,14.148229837417603,dog_in_grass,nonsocial_movie,non_social,390,1,0.27839350365214044,0.378788534172466,0.32859101891230325,1,0,0.542636924982071,0.8327167093753814,0.27200629777541496,0.29429389982970167,7.7403887676528385,0.5073935985565186,0.8444983065128326,0.001988918054562775,5.325585424588181e-05,0.0013685996224704253,0.15818455716387958
1781866306.5976698,14.183437824249268,dog_in_grass,nonsocial_movie,non_social,391,1,0.28081188801410384,0.3883054514865241,0.334558669750314,1,0,0.543077826499939,0.8330951452255249,0.2712369235926931,0.2895683960377173,7.697083281248628,0.5068588703870773,0.8427779972553253,0.0018014988639073195,0.00018741919065545548,0.0015293101056124672,0.15897111557564975
1781866306.631524,14.217292070388794,dog_in_grass,nonsocial_movie,non_social,392,1,0.23859004184545193,0.3529096853473633,0.2957498635964076,1,0,0.5423109859228135,0.8330789029598236,0.2728855214071591,0.28894689080226676,7.935412728505402,0.5067693740129471,0.8436874151229858,0.0009138109536455957,0.0008876879102617238,0.0013943649717246113,0.1619576470088995
1781866306.666085,14.251852989196777,dog_in_grass,nonsocial_movie,non_social,393,1,0.2037385874364522,0.34016198600290026,0.27195028671967625,1,0,0.5424155682325362,0.8329052865505219,0.2696189586160787,0.29100218999190136,7.713540669548429,0.5068603605031967,0.8430655598640442,0.0006284763356573848,0.0002853346179882109,0.0016010807492446715,0.1629916445304601
1781866306.6990552,14.284823179244995,dog_in_grass,nonsocial_movie,non_social,394,1,0.2543202130462931,0.29147005454788616,0.27289513379708963,1,0,0.5416852831840515,0.8339214444160461,0.267389168265254,0.2920401999175866,7.012612358645587,0.5071184635162354,0.8436773717403412,0.000664026307699984,3.554997204259925e-05,0.0017296046158691426,0.16758179954883012
1781866306.7360609,14.321828842163086,dog_in_grass,nonsocial_movie,non_social,395,1,0.2450841503513359,0.33966130223624885,0.2923727262937924,1,0,0.5405873030424118,0.8369241178035736,0.24962844020422922,0.2915080089335237,8.209606181042295,0.5078935623168945,0.847019761800766,0.003431085756259938,0.0027670594485599536,0.0017998356193368486,0.16751516298907862
1781866306.770139,14.355906963348389,dog_in_grass,nonsocial_movie,non_social,396,1,0.20648030879073273,0.25620124332754174,0.23134077605913722,1,0,0.5417100578546524,0.8381913125514984,0.25474485020823673,0.29010412956899556,7.49648726295892,0.5070325881242752,0.8474914133548737,0.0009816984001457234,0.0024493873561142144,0.001637219404044209,0.1716162050784567
1781866306.80264,14.388407945632935,dog_in_grass,nonsocial_movie,non_social,397,1,0.23396306638420641,0.32981136724974786,0.28188721681697715,1,0,0.5410006791353226,0.8382965743541717,0.266984230185931,0.2873333186062128,7.619869216048882,0.5060170292854309,0.8484605252742767,0.0014037584078052377,0.0004220600076595142,0.0014963196677061376,0.16924047746795615
1781866306.8378859,14.423653841018677,dog_in_grass,nonsocial_movie,non_social,398,1,0.19761431217291728,0.400225001326851,0.29891965674988413,1,0,0.5399553686380386,0.8382154881954194,0.26449575759573263,0.2883257154397781,7.7569344826753905,0.5058050751686096,0.8448430299758911,0.003623699322719748,0.00221994091491451,0.0014033806366531365,0.16974204428020614
1781866306.871617,14.457385063171387,dog_in_grass,nonsocial_movie,non_social,399,1,0.19726146981469464,0.32127172583920854,0.2592665978269516,1,0,0.5398047775030136,0.8374297201633454,0.2638379725523994,0.29025830492637056,8.137789566046079,0.5058821588754654,0.8429514765739441,0.0018931233901359882,0.0017305759325837596,0.0018017147797181115,0.17258974086867526
1781866306.908001,14.49376893043518,dog_in_grass,nonsocial_movie,non_social,400,1,0.18128855785242307,0.3032699570050268,0.24227925742872491,1,0,0.5401034086942673,0.8374169051647187,0.26035275577141,0.29213060555442816,7.944322355522626,0.5060583651065826,0.8422760963439941,0.0006979878873532077,0.0011951355027827806,0.001401519570257163,0.17466526984878397
1781866306.941885,14.527652978897095,dog_in_grass,nonsocial_movie,non_social,401,1,0.22783401803846212,0.2569859073362684,0.24240996268736525,1,0,0.539289590716362,0.8373296499252318,0.2653952778043081,0.2883980246929858,7.3306240109380605,0.5057287514209747,0.8447483479976654,0.002494127787588345,0.0017961399002351373,0.0011464663049304375,0.17359488020584019
1781866306.976307,14.562074899673462,dog_in_grass,nonsocial_movie,non_social,402,1,0.3116805679554998,0.23303371552842225,0.272357141741961,1,0,0.5383444607257843,0.8357999742031097,0.26981215889077836,0.2863593425274499,6.558847682694221,0.5050214529037476,0.8445135653018951,0.0007452476814488654,0.0017488801061394795,0.0012240249095209642,0.16770292352425906
1781866307.009163,14.59493088722229,dog_in_grass,nonsocial_movie,non_social,403,1,0.36626157476206433,0.2163449333752938,0.2913032540686791,1,0,0.5363513916730881,0.8308098793029786,0.26999494878789954,0.29084886828556256,5.7606639741778265,0.5041235983371735,0.8384746015071869,0.006105344096487523,0.005360096415038658,0.002130018091638503,0.15975587529449417
1781866307.0446122,14.630380153656006,dog_in_grass,nonsocial_movie,non_social,404,1,0.37837215422503717,0.4222104615459408,0.40029130788548895,1,0,0.5350578308105469,0.8246851921081543,0.24645591212806953,0.3009312711037914,7.402278550203204,0.5067940354347229,0.8366998732089996,0.003206383449363925,0.002898960647123598,0.00167997366147451,0.1455973613171761
1781866307.07904,14.66480803489685,dog_in_grass,nonsocial_movie,non_social,405,1,0.41556986596427714,0.4053777888226104,0.41047382739344374,1,0,0.534525242447853,0.8209923565387726,0.24773949227565403,0.29861175210978164,7.145312366532591,0.5060145556926727,0.836548388004303,0.0007940632440231625,0.0024123202053407625,0.0014798490533301063,0.1424189215311055
1781866307.114259,14.700026988983154,dog_in_grass,nonsocial_movie,non_social,406,1,0.4547590224557326,0.46635556260569117,0.46055729253071187,1,0,0.5340018212795258,0.8194720208644867,0.24598500468278725,0.29694540013977344,7.3130292454193855,0.5061977803707123,0.8378306329250336,0.001295269593321057,0.0005012063492978945,0.001437944272114838,0.13830509735965862
1781866307.148017,14.733784914016724,dog_in_grass,nonsocial_movie,non_social,407,1,0.493394829257739,0.5229455780005796,0.5081702036291593,1,0,0.5337127774953843,0.8186686336994171,0.24682463080972952,0.29866818987982446,7.812974435851618,0.5044544488191605,0.837205171585083,0.0018521357364968756,0.0005568661431758187,0.0024455269931981305,0.13526330470748593
1781866307.184722,14.770489931106567,dog_in_grass,nonsocial_movie,non_social,408,1,0.46584337850542246,0.5157393129588641,0.4907913457321433,1,0,0.5328638911247253,0.8178969681262971,0.24863495723020876,0.29816571365368205,7.365737772384591,0.5039412826299667,0.8350344300270081,0.002230573569664376,0.0003784378331675004,0.0017358331430949682,0.13511662412677503
1781866307.216588,14.802356004714966,dog_in_grass,nonsocial_movie,non_social,409,1,0.47773881638556037,0.5330857921045271,0.5054123042450438,1,0,0.5334801077842712,0.8172007918357849,0.24180192567463293,0.2994072748683909,7.797845629945084,0.5042678415775299,0.8350754380226135,0.0003291236879003762,0.0019014498817639999,0.001125550623950619,0.13485306525100813
1781866307.251803,14.837570905685425,dog_in_grass,nonsocial_movie,non_social,410,1,0.4813845250988585,0.5315394944179384,0.5064620097583984,1,0,0.5332241237163544,0.8168229162693024,0.2354279228532385,0.3011464827425587,7.899958943141763,0.5045210272073746,0.8341371715068817,0.0009718266397374348,0.0006427029518370586,0.001196398539622652,0.13489019722004814
1781866307.285672,14.871439933776855,dog_in_grass,nonsocial_movie,non_social,411,1,0.4781305736857085,0.5265871723877044,0.5023588730367065,1,0,0.5334433197975159,0.8170956373214722,0.23445049118859765,0.30240205723448604,7.828947360775242,0.505035474896431,0.8343423902988434,0.00055386927821434,0.0004179573615230947,0.0015881096961455122,0.13561752249424114
1781866307.322866,14.908633947372437,dog_in_grass,nonsocial_movie,non_social,412,1,0.49739928660883564,0.5343545787418701,0.5158769326753528,1,0,0.5338041543960572,0.8176741302013397,0.23567445819047023,0.30465512501229286,7.76519171853299,0.5056082904338837,0.8353109359741211,0.0011252548000548045,0.0005713855218404645,0.001762655677807663,0.1329785618647723
1781866307.3544059,14.940173864364624,dog_in_grass,nonsocial_movie,non_social,413,1,0.49088122666135914,0.5065498727923112,0.4987155497268352,1,0,0.5337612479925156,0.8181976914405823,0.23132532773814038,0.30556454313560844,8.086871784303094,0.5063275992870331,0.8356707096099854,0.0008042650653124956,0.0003209897347423089,0.002277945108718745,0.13404185925145878
1781866307.389638,14.975405931472778,dog_in_grass,nonsocial_movie,non_social,414,1,0.5262304316340186,0.5013810255075208,0.5138057285707698,1,0,0.5338123500347137,0.8186177372932434,0.24193117747406304,0.3064420204939346,7.8262323284090884,0.504720076918602,0.8345657289028168,0.0019506692513650485,0.0011464041860525529,0.0026776175545854632,0.1356913194151065
1781866307.422515,15.008282899856567,dog_in_grass,nonsocial_movie,non_social,415,1,0.4919430143896048,0.5139358742991534,0.5029394443443791,1,0,0.533823561668396,0.8190804600715638,0.2305990789549556,0.3081110509609496,7.96551853036867,0.505915641784668,0.8354192674160004,0.0014689803751102403,0.00048168887625480816,0.002126829357003055,0.13618155153872746
1781866307.457991,15.043758869171143,dog_in_grass,nonsocial_movie,non_social,416,1,0.5063691983277787,0.4888250660306975,0.49759713217923807,1,0,0.5337125390768052,0.8192995667457581,0.22992103995044705,0.3045584183252769,8.2183204253743,0.5055722594261169,0.8362128138542175,0.0008646544938709397,0.0006043258812393007,0.002513222828363561,0.13655141265144913
1781866307.4920042,15.07777214050293,dog_in_grass,nonsocial_movie,non_social,417,1,0.2753694350860466,0.24335144341584478,0.2593604392509457,1,0,0.5353941649198533,0.8270268917083741,0.23722882964841768,0.2995017799508509,8.516389362311626,0.5039091855287552,0.8357104659080505,0.0017372876120850611,0.0008726331182141215,0.0018443233063726444,0.16615112379258215
1781866307.528043,15.113811016082764,dog_in_grass,nonsocial_movie,non_social,418,1,0.13085931987211705,0.1473692802669751,0.13911430006954606,0,1,0.5392582893371582,0.8319896876811981,0.23276547077441512,0.2939312206063981,9.828323863257372,0.5048494935035706,0.8419053852558136,0.006265876220672612,0.004528588608587551,0.0030507686967902203,0.18576798584189422
1781866307.560653,15.146420955657959,dog_in_grass,nonsocial_movie,non_social,419,1,0.13212150403095888,0.15106571166178406,0.14159360784637148,0,1,0.5375473618507385,0.8334375023841858,0.2426958339364267,0.2861645503412184,9.15393372409467,0.5046229660511017,0.8404430747032166,0.0014797522897291677,0.0047861239309434445,0.002036258731703405,0.18754098705874162
1781866307.596341,15.182108879089355,dog_in_grass,nonsocial_movie,non_social,420,1,0.1310173467116609,0.22430335981956823,0.17766035326561458,0,1,0.537753489613533,0.8334096431732178,0.24055243856637085,0.28568084679025335,9.778417276701989,0.5049221217632294,0.8423055410385132,0.001886339044342741,0.00040658675461357325,0.002326505269836812,0.18404028486219934
1781866307.6305542,15.216322183609009,dog_in_grass,nonsocial_movie,non_social,421,1,0.1361815883365904,0.20614721785190065,0.17116440309424552,0,1,0.5385094314813614,0.8334042012691498,0.23959611481510715,0.28751336743971334,9.165568972926033,0.5049175322055817,0.8430353105068207,0.0007297839001466158,0.0011565551441961252,0.002110436867826266,0.1834409506027062
1781866307.664824,15.25059199333191,dog_in_grass,nonsocial_movie,non_social,422,1,0.16378045463919594,0.2168300150297886,0.19030523483449227,1,0,0.5382899373769761,0.8328685462474823,0.24578370302376024,0.28872695101663853,9.27734905474843,0.5044218748807907,0.8435216248035431,0.0006943902208524686,3.539367929414718e-05,0.0011702309221699205,0.18091337892639833
1781866307.699657,15.285424947738647,dog_in_grass,nonsocial_movie,non_social,423,1,0.13969893400848193,0.21013720356795304,0.17491806878821747,0,1,0.538441276550293,0.8327510833740235,0.25551749728484535,0.28836340989991316,9.714901660848385,0.5027164965867996,0.8434200286865234,0.0017084018545440143,0.0010140116336915458,0.0008430955895245285,0.18229884536595373
1781866307.7349691,15.32073712348938,dog_in_grass,nonsocial_movie,non_social,424,1,0.16275643147932967,0.19336902796849534,0.17806272972391252,0,1,0.5387289464473725,0.8329229474067688,0.2524463952451736,0.2883415838264563,9.789229505604041,0.5038111805915833,0.8429767191410065,0.0011810403987483188,0.0005273614557956955,0.00409858868530818,0.18053849421287158
1781866307.766824,15.35259199142456,dog_in_grass,nonsocial_movie,non_social,425,1,0.18051391041166062,0.2190265505590842,0.1997702304853724,1,0,0.5381465911865235,0.8333179712295533,0.2514503454304652,0.2916056917291422,10.421630256565557,0.5043470859527588,0.8417966663837433,0.0012960397625308897,0.00011499936378257087,0.0025772473185965597,0.17994433068099763
1781866307.803082,15.388849973678589,dog_in_grass,nonsocial_movie,non_social,426,1,0.1962406533840726,0.19883186377423004,0.1975362585791513,1,0,0.5389359593391418,0.8337898015975952,0.2547675385089654,0.2867522786830333,10.006277483749288,0.5036650896072388,0.8425431847572327,0.0010111422735005649,0.0002848974890303248,0.003025020890312726,0.180993884633402
1781866307.837835,15.423603057861328,dog_in_grass,nonsocial_movie,non_social,427,1,0.19627816029430264,0.20607397903569138,0.20117606966499701,1,0,0.5382462263107299,0.8338805735111237,0.2541509086280544,0.2861203982090985,9.303434268981277,0.5039164274930954,0.842006266117096,0.0005928341749537917,0.0004183080985467732,0.002838567546470272,0.18305341461346653
1781866307.871011,15.45677900314331,dog_in_grass,nonsocial_movie,non_social,428,1,0.13892003440632691,0.20544443024119466,0.1721822323237608,0,1,0.537789398431778,0.8335009098052979,0.24633733523783968,0.2910406658415958,9.174258234322044,0.5043507069349289,0.8406943082809448,0.00138196671357799,0.0007891325386241983,0.0034923524306904523,0.1846425987499289
1781866307.9058402,15.491608142852783,dog_in_grass,nonsocial_movie,non_social,429,1,0.13899569369989637,0.2298274789749484,0.18441158633742238,1,0,0.5375630855560303,0.8331434190273285,0.24969146128309377,0.29243767979303176,9.32774718388495,0.5033582895994186,0.8422418236732483,0.0018383949676925861,0.00045642825411459616,0.002262990801664453,0.18233399113099702
1781866307.941725,15.527493000030518,dog_in_grass,nonsocial_movie,non_social,430,1,0.14810572814000328,0.21090358724692138,0.17950465769346233,0,1,0.537864625453949,0.8336442172527313,0.2500514114401083,0.2906659279394044,9.31199415208646,0.5037812292575836,0.8411610424518585,0.0011605886450234953,0.0006778063226690909,0.003451288954483393,0.18333575294176455
1781866307.974539,15.560307025909424,dog_in_grass,nonsocial_movie,non_social,431,1,0.15481438326865016,0.22567360071700887,0.19024399199282951,1,0,0.5383065849542618,0.8338710904121399,0.24840368573919241,0.28695105753624345,9.465391757164488,0.5041615068912506,0.8444359600543976,0.0032969222590300135,0.002136333614006518,0.0035105732793398073,0.18092011251808363
1781866308.0094059,15.595173835754395,dog_in_grass,nonsocial_movie,non_social,432,1,0.15387026364475526,0.25988749337434386,0.20687887850954956,1,0,0.5384288102388382,0.8340733826160431,0.2468179617182998,0.2856561754171446,10.133386016216267,0.5045066624879837,0.8451665639877319,0.0008080312452868403,0.0024888910137431733,0.0027048054078945283,0.17968328099183872
1781866308.0436301,15.629398107528687,dog_in_grass,nonsocial_movie,non_social,433,1,0.18053746758774286,0.2535479435881591,0.21704270558795097,1,0,0.5383156478404999,0.8340723454952239,0.24852359252362968,0.28534962878785464,9.962841143968975,0.5040392726659775,0.8448345959186554,0.0005732853082030067,0.00023474593708383356,0.0023350655511892183,0.1782106027821324
1781866308.077733,15.663501024246216,dog_in_grass,nonsocial_movie,non_social,434,1,0.14961334837093074,0.31867858698053075,0.23414596767573076,1,0,0.538069835305214,0.8340652883052826,0.25320779607268307,0.28466981445374145,10.506405856671327,0.5035252273082733,0.8441538214683533,0.000853051277451338,0.0002797659692483313,0.004053509426525206,0.17819402651698305
1781866308.113983,15.699750900268555,dog_in_grass,nonsocial_movie,non_social,435,1,0.15320258259171168,0.30034771059266147,0.22677514659218656,1,0,0.538474577665329,0.8346599519252778,0.25417268669781673,0.28578715124638326,9.867349543571013,0.5037132799625397,0.8427509665489197,0.001415403025910167,0.000562351748458829,0.002966772417442751,0.18059849253760638
1781866308.147121,15.73288893699646,dog_in_grass,nonsocial_movie,non_social,436,1,0.1450218742789771,0.2302815318447168,0.18765170306184695,1,0,0.5385495454072953,0.8346476495265961,0.24629020355875988,0.2871470332017554,9.498380878388991,0.5043442845344543,0.8439011573791504,0.0013119091873007203,0.00010349383860944672,0.0032085389913490614,0.18113975184765377
1781866308.181317,15.767085075378418,dog_in_grass,nonsocial_movie,non_social,437,1,0.167945502753524,0.2786808434633408,0.2233131731084324,1,0,0.5385888636112213,0.8348910093307496,0.25322687987211323,0.28259235473117666,9.594188502930319,0.5039378702640533,0.8450934588909149,0.0012596648181724983,5.224436912822203e-05,0.005056851244024023,0.178551441668779
1781866308.214869,15.800637006759644,dog_in_grass,nonsocial_movie,non_social,438,1,0.16850812739095034,0.2644878125816337,0.216497969986292,1,0,0.5382993876934051,0.8352322995662689,0.25224748773363315,0.28367324565926877,9.191581997786555,0.5040230751037598,0.8445099294185638,0.0005897173134746173,0.000669947504697881,0.002419907189968266,0.17949393641978614
1781866308.249643,15.835411071777344,dog_in_grass,nonsocial_movie,non_social,439,1,0.15072182675738066,0.20209384253590318,0.17640783464664192,0,1,0.5387418299913407,0.834758424758911,0.2498870253451493,0.28812267890956256,9.059892645948416,0.5039308965206146,0.8436447083950043,0.0008701174120773105,0.00028040009860269327,0.0025085883682454536,0.1821312791485245
1781866308.284256,15.870023965835571,dog_in_grass,nonsocial_movie,non_social,440,1,0.1161417674607564,0.17081797543733485,0.14347987144904562,0,1,0.5388196676969528,0.8353672385215759,0.25564700770823373,0.2886205529973624,10.072071168258441,0.5033494830131531,0.8436775505542755,0.0005823403421405191,0.0002877770699367914,0.0022577628427124918,0.1855826285983349
1781866308.318954,15.904721975326538,dog_in_grass,nonsocial_movie,non_social,441,1,0.13120423426558248,0.18956305762856476,0.1603836459470736,0,1,0.5396802574396133,0.8338634133338928,0.25538625127113007,0.2833498122223714,10.278899626455523,0.5035070180892944,0.8447211384773254,0.001055411319510324,0.0004730709773698049,0.0051663197526698075,0.18210091455265734
1781866308.353761,15.939528942108154,dog_in_grass,nonsocial_movie,non_social,442,1,0.15978628742594903,0.09322919625328148,0.12650774183961525,0,1,0.5354980140924454,0.8309000730514526,0.25040463441983735,0.2860297678006234,9.352326497908313,0.5035873502492905,0.8420458734035492,0.0026764708985708486,0.0016210595790605246,0.004274300202328886,0.17891159093048056
1781866308.388813,15.974581003189087,dog_in_grass,nonsocial_movie,non_social,443,1,0.21409140857372982,0.1253333275189905,0.16971236804636017,0,1,0.5353032022714614,0.8282534718513489,0.24545111701690878,0.28679884281595885,9.194357643770664,0.504138171672821,0.8410966396331787,0.0010974739137820163,0.0015789969847888323,0.004092971871955494,0.17072857947454775
1781866308.422197,16.007965087890625,dog_in_grass,nonsocial_movie,non_social,444,1,0.3348367028804732,0.30292064665373963,0.3188786747671064,1,0,0.5339726120233537,0.8253188550472259,0.2444127591826643,0.2873376557518631,8.48494943559622,0.5045207887887955,0.8409619331359863,0.0004056373969722577,0.0006918365168097585,0.0028478116788103747,0.15726749126662576
1781866308.4564009,16.042168855667114,dog_in_grass,nonsocial_movie,non_social,445,1,0.4061162029780898,0.34252372983969487,0.3743199664088923,1,0,0.532626923918724,0.8215998232364654,0.24407718386100505,0.2906673404445144,7.751286427652906,0.505190521478653,0.8395998477935791,0.001517833441410602,0.0011121960444383443,0.001760878690913214,0.15229304551576472
1781866308.491642,16.077409982681274,dog_in_grass,nonsocial_movie,non_social,446,1,0.4499447047128285,0.46778863948450683,0.45886667209866766,1,0,0.5325616627931595,0.8193844735622406,0.2399907389130467,0.29694726802706867,7.8869508890891975,0.5042757093906403,0.8374602496623993,0.0023269639703532756,0.0008091305289426737,0.0017745399192360175,0.14460960616879417
1781866308.52617,16.111937999725342,dog_in_grass,nonsocial_movie,non_social,447,1,0.467963940569813,0.47102895268463346,0.46949644662722323,1,0,0.5321857988834381,0.8185474872589111,0.2339665677893462,0.2975524041455193,8.41268321431305,0.504452258348465,0.8372616767883301,0.000265707961538788,0.002061256008814488,0.0024295792416644487,0.14057474395804245
1781866308.5599859,16.145753860473633,dog_in_grass,nonsocial_movie,non_social,448,1,0.48416273054871084,0.4706189528171333,0.47739084168292206,1,0,0.5325159162282944,0.81788529753685,0.23273010590919513,0.3015917169536219,7.932306820856057,0.5043324083089828,0.8361208736896515,0.0011470814016095524,0.0008813734400707643,0.0026956666460277966,0.1401595406465296
1781866308.594187,16.179955005645752,dog_in_grass,nonsocial_movie,non_social,449,1,0.4786232563694286,0.4871380338758112,0.4828806451226199,1,0,0.5325478762388229,0.8176775217056275,0.22982774025225286,0.3017357317472908,8.28260847707286,0.5046329200267792,0.8353474140167236,0.0008297874174621866,0.0003172939841473658,0.0023997144747180538,0.13914687255707314
1781866308.629604,16.21537208557129,dog_in_grass,nonsocial_movie,non_social,450,1,0.4769335056494971,0.4900837173052868,0.483508611477392,1,0,0.5324349075555801,0.8179016828536987,0.2249824839448494,0.3011971571205316,8.126039832472879,0.5053721070289612,0.8357916176319122,0.0008623887035098749,3.26012860476883e-05,0.0022122506404185873,0.13852316937001496
1781866308.662781,16.248548984527588,dog_in_grass,nonsocial_movie,non_social,451,1,0.5138107261244337,0.4671979315339733,0.4905043288292035,1,0,0.5327536582946777,0.8182536542415619,0.23127125411243477,0.3039350256903324,8.011237894340503,0.5046693980693817,0.8333440124988556,0.002546482037878625,0.00168409333436875,0.0011778277653840966,0.13821635600318885
1781866308.6989021,16.284670114517212,dog_in_grass,nonsocial_movie,non_social,452,1,0.4967353129732535,0.5141066638916718,0.5054209884324626,1,0,0.533375284075737,0.81856409907341,0.23359798837790025,0.3059005024092729,7.950629221225581,0.5044701248407364,0.8340083658695221,0.0006935958627116204,0.0018528861751670044,0.0014529942763461538,0.13835063264086808
1781866308.734113,16.319880962371826,dog_in_grass,nonsocial_movie,non_social,453,1,0.4871936324268753,0.540095869858987,0.5136447511429312,1,0,0.5333825200796127,0.8187054514884948,0.23400125612799674,0.3038404474675255,8.029397335034462,0.5050078630447388,0.835131049156189,0.0012448213278237288,0.0005512254651121084,0.0012411238668822795,0.13811127522434957
1781866308.766706,16.352473974227905,dog_in_grass,nonsocial_movie,non_social,454,1,0.47371114672534426,0.5427910715345643,0.5082511091299543,1,0,0.5338195204734802,0.8187906265258789,0.2285318657744596,0.303329175108557,7.979738600112183,0.5058573782444,0.8351923227310181,0.0008517220940117964,0.00039309923381193243,0.0010920277888541582,0.1385855175835166
1781866308.799847,16.38561487197876,dog_in_grass,nonsocial_movie,non_social,455,1,0.47314801500475256,0.5097544388305507,0.49145122691765164,1,0,0.5337173551321029,0.8186313509941101,0.2237680109050172,0.30298065094268095,8.03618353418297,0.5060546100139618,0.834747701883316,0.0004864031960583058,0.00036531889795349054,0.0022881507883975986,0.14051188444917923
1781866308.836968,16.422735929489136,dog_in_grass,nonsocial_movie,non_social,456,1,0.47028846507611355,0.5069940528676591,0.4886412589718863,1,0,0.5336767792701721,0.8182597458362579,0.22194160968252524,0.30642959046362417,8.105724545953942,0.5056255161762238,0.8333432078361511,0.001468579262452812,0.0009821760663945062,0.0017071117360179507,0.14020436731601746
1781866308.869801,16.45556902885437,dog_in_grass,nonsocial_movie,non_social,457,1,0.47780913962924126,0.5424873474419699,0.5101482435356056,1,0,0.5338036596775055,0.8185785472393036,0.229497829533493,0.30388254354338373,7.850829989385469,0.5050450563430786,0.8340686857700348,0.0009291134755491387,0.0005394657869036732,0.0015630922122428883,0.1399625143320481
1781866308.905919,16.491687059402466,dog_in_grass,nonsocial_movie,non_social,458,1,0.4752702443872221,0.5302350738466142,0.5027526591169181,1,0,0.5339091151952744,0.8186360418796539,0.2312171574811435,0.3046123193921006,7.998126008566658,0.5053549110889435,0.8328965902328491,0.0012123604710751435,0.00028324699552600486,0.0012502131300061235,0.13996148333988928
1781866308.9398,16.52556800842285,dog_in_grass,nonsocial_movie,non_social,459,1,0.48484880817721787,0.5308558958301202,0.5078523520036691,1,0,0.533764386177063,0.8188507795333863,0.2275549489237549,0.3031475495148479,7.764473215260364,0.5061719417572021,0.833040863275528,0.0008296709129040335,0.00038268955817111,0.0016310058712340843,0.14054113458003858
1781866308.974551,16.56031894683838,dog_in_grass,nonsocial_movie,non_social,460,1,0.42070057891136525,0.4568198526025959,0.43876021575698054,1,0,0.5352651089429855,0.8196967780590058,0.22875467606835978,0.30195824513094294,7.87581516017415,0.5061680525541306,0.833507627248764,0.0004667801758983214,0.00036289073700571215,0.0011164065643947843,0.14608980467992508
1781866309.007494,16.59326195716858,dog_in_grass,nonsocial_movie,non_social,461,1,0.3376082768433148,0.3734965836389464,0.3555524302411306,1,0,0.5371286749839783,0.8257871031761169,0.23185423362829577,0.29203205824700035,7.238022481487513,0.505788654088974,0.8400090932846069,0.006512526684059106,0.0060457465081607846,0.0023390899193776785,0.16679383961496974
1781866309.0428538,16.628621816635132,dog_in_grass,nonsocial_movie,non_social,462,1,0.27474434976612144,0.3914840298809832,0.33311418982355234,1,0,0.5381726562976837,0.8266872823238374,0.22553947676958291,0.2967722503364335,7.535525178203759,0.5060234516859055,0.8394907414913177,0.0005690505189619818,0.005943476165097124,0.00314477433439998,0.16693757085157335
1781866309.0762188,16.661986827850342,dog_in_grass,nonsocial_movie,non_social,463,1,0.23411610392073415,0.32185134826907386,0.277983726094904,1,0,0.5383347511291504,0.8268393456935883,0.2357968207797742,0.29811264990700337,7.908722360710644,0.5043763071298599,0.8381393849849701,0.0021305514769088723,0.0015615009579468906,0.0029522794956857146,0.169628172122687
1781866309.110375,16.69614291191101,dog_in_grass,nonsocial_movie,non_social,464,1,0.2150169440034728,0.42207245022944995,0.3185446971164614,1,0,0.5383163303136825,0.8275421679019928,0.23918310112773664,0.2941924239069982,8.162429800097613,0.5045295059680939,0.8399051427841187,0.0017723911784056578,0.0003581602985032145,0.004461754517781036,0.16707934682312786
1781866309.145052,16.730819940567017,dog_in_grass,nonsocial_movie,non_social,465,1,0.21599879243527542,0.41914571540401263,0.31757225391964405,1,0,0.5379683345556259,0.8278487741947174,0.24289008072009682,0.29267600490655077,8.395909651968209,0.504203736782074,0.8406271636486053,0.0007921109084681134,0.0009802802699375444,0.0019010833905012186,0.168594956328448
1781866309.178988,16.764755964279175,dog_in_grass,nonsocial_movie,non_social,466,1,0.20745853267896383,0.40960431370781897,0.3085314231933914,1,0,0.5378150820732117,0.828238594532013,0.24300936995276373,0.28781781623943137,8.659926700411615,0.5041551887989044,0.8424573242664337,0.0018308044116507227,0.0010386935031826093,0.0031003717099135136,0.169272790627948
1781866309.2144692,16.80023717880249,dog_in_grass,nonsocial_movie,non_social,467,1,0.2337071001223524,0.4007507668291412,0.31722893347574677,1,0,0.537665954232216,0.828412926197052,0.24635391292035974,0.2868365355194478,8.850761694510608,0.5040358603000641,0.8410912454128265,0.0013712806878637897,0.00045952372378693304,0.002687270309649473,0.16700860601383935
1781866309.248082,16.833849906921387,dog_in_grass,nonsocial_movie,non_social,468,1,0.2083096644920503,0.39380280583243044,0.30105623516224034,1,0,0.537771502137184,0.8290310502052307,0.24733093834304573,0.28584778980662773,9.17812025466236,0.5038157105445862,0.8419332206249237,0.0008702805137557961,0.0005010001741079936,0.0028559652934867256,0.16734490917788106
1781866309.283065,16.86883306503296,dog_in_grass,nonsocial_movie,non_social,469,1,0.17666200215488,0.38208447352856684,0.2793732378417234,1,0,0.5376715898513794,0.8295702695846559,0.24877181653794855,0.28563017535591056,9.273610180185061,0.5038283169269562,0.8417082130908966,0.00022536040301129857,0.0006449201107444976,0.002056399187505483,0.1684353244478509
1781866309.3179462,16.903714179992676,dog_in_grass,nonsocial_movie,non_social,470,1,0.219227745256689,0.33657891636718457,0.2779033308119368,1,0,0.5380582362413406,0.8301846027374268,0.25199621375035297,0.28628107954165766,8.810930230552021,0.5038230419158936,0.8419217765331268,0.0002136285786100101,1.173182440128846e-05,0.0020945539650933515,0.1682749576449226
1781866309.3525,16.938267946243286,dog_in_grass,nonsocial_movie,non_social,471,1,0.23393508486962836,0.31360144389303257,0.27376826438133045,1,0,0.53787060379982,0.8306747674942017,0.2525857272612631,0.28999887007942826,8.367564112626459,0.5036846846342087,0.8409351706504822,0.0009962599585772096,0.0007826313799671994,0.0018323704557561247,0.1696331403846573
1781866309.388175,16.97394299507141,dog_in_grass,nonsocial_movie,non_social,472,1,0.1967309361440626,0.34121077877518313,0.26897085745962285,1,0,0.5374158412218094,0.831396895647049,0.2447765483462169,0.2896610334769413,8.597274788435271,0.50411257147789,0.8402513265609741,0.0008066783062353162,0.00018958165234189337,0.005444810378373723,0.1715898001755322
1781866309.421291,17.00705909729004,dog_in_grass,nonsocial_movie,non_social,473,1,0.21730096567355742,0.27504132303794715,0.24617114435575227,1,0,0.5376667976379395,0.831852662563324,0.24977187202210807,0.28803730404305594,8.290715203060481,0.5036968439817429,0.8421183228492737,0.0019127217496481602,0.001106043443412844,0.0013472696044607346,0.17318246257129685
1781866309.455053,17.040821075439453,dog_in_grass,nonsocial_movie,non_social,474,1,0.19733658542834243,0.23090001883501335,0.21411830213167787,1,0,0.5371512591838836,0.8317594408988953,0.2468187191995222,0.289246359665137,8.21228472901269,0.5043709576129913,0.8400574028491974,0.002168368150141824,0.0002556464004936636,0.0018231779060876878,0.17529913471049263
1781866309.490164,17.075932025909424,dog_in_grass,nonsocial_movie,non_social,475,1,0.17909679346913818,0.22091262405017525,0.2000047087596567,1,0,0.5381785869598389,0.8324769616127015,0.24874459554884934,0.29002715177425603,8.978661098199225,0.5041969120502472,0.842715710401535,0.002663999042928937,0.0004956308927871133,0.0026366679824746148,0.17650070117187802
1781866309.524878,17.11064600944519,dog_in_grass,nonsocial_movie,non_social,476,1,0.21121852609410194,0.31175983711313543,0.26148918160361867,1,0,0.5384376317262649,0.8322678804397583,0.25727921052024,0.2885512648024305,9.394664196328353,0.5038799196481705,0.8398604094982147,0.002872843092038993,0.000208844049110056,0.003104493288388773,0.17130616626718684
1781866309.558555,17.144322872161865,dog_in_grass,nonsocial_movie,non_social,477,1,0.22401873818436394,0.22600949914633772,0.22501411866535082,1,0,0.5379142701625824,0.8310600757598876,0.25240583684121504,0.29116602247402357,8.821984776153982,0.5044211596250534,0.8395082950592041,0.0006456975226342465,0.0022271455694047467,0.0038715603770915485,0.1731239390679901
1781866309.5927758,17.17854380607605,dog_in_grass,nonsocial_movie,non_social,478,1,0.32499813491564733,0.2179782428650634,0.27148818889035536,1,0,0.5356179714202881,0.8289666831493377,0.2537205629050271,0.2877058941364435,6.67842713296735,0.5044459253549576,0.8395104110240936,2.485595874433828e-05,0.0006208415638899082,0.001970543465438534,0.16565725342845622
1781866309.627527,17.213294982910156,dog_in_grass,nonsocial_movie,non_social,479,1,0.3665004199171556,0.27455560480626406,0.3205280123617098,1,0,0.5355484485626221,0.8248025119304657,0.2537316039737217,0.29634178735490563,7.849353121684066,0.5042336136102676,0.8390553295612335,0.0005021707028214432,0.00047731474407710495,0.0009383519844465868,0.1550539075202364
1781866309.661083,17.246850967407227,dog_in_grass,nonsocial_movie,non_social,480,1,0.422682683917574,0.4663392766821495,0.44451098029986175,1,0,0.5344041913747788,0.8231567561626434,0.25762088399177613,0.29287826963008196,8.049184909089552,0.5041782557964325,0.8390466570854187,5.6033020526874075e-05,0.00044613768229456914,0.0007692182996100951,0.1468348518221055
1781866309.69796,17.283727884292603,dog_in_grass,nonsocial_movie,non_social,481,1,0.4485807607733257,0.4204239669853601,0.43450236387934293,1,0,0.5344848334789276,0.8219862461090088,0.24903832898842393,0.29611608244046544,7.81672037684536,0.5051014274358749,0.8374722301959991,0.0018251207921664218,0.0017690877716395477,0.0007798727988645643,0.14517944467819935
1781866309.730567,17.31633496284485,dog_in_grass,nonsocial_movie,non_social,482,1,0.4519424700434458,0.4635614618352196,0.4577519659393327,1,0,0.5348272234201431,0.8212252616882325,0.24331664693276656,0.29850590301421787,8.237834010094444,0.5053353309631348,0.8389965295791626,0.001542141196381534,0.00028297959578488783,0.0014485035822476532,0.14165735685635997
1781866309.76529,17.35105800628662,dog_in_grass,nonsocial_movie,non_social,483,1,0.46216288378950443,0.4750321814001545,0.4685975325948295,1,0,0.53448928296566,0.820101672410965,0.2452142464062537,0.2975338474742491,8.464188502308488,0.5052585154771805,0.8367204368114471,0.002277388615526342,0.0007352474191448081,0.0014089104772485816,0.14160523816656878
1781866309.798851,17.384618997573853,dog_in_grass,nonsocial_movie,non_social,484,1,0.4580167336744327,0.5128086871982322,0.4854127104363325,1,0,0.5347630321979523,0.819677186012268,0.24844694907813422,0.29644394116557243,8.2898518377189,0.5046343803405762,0.835868239402771,0.0010563072905638872,0.001221081324962455,0.001994203702528128,0.14032671152607598
1781866309.834681,17.420449018478394,dog_in_grass,nonsocial_movie,non_social,485,1,0.47766149516585465,0.4960620603065696,0.4868617777362121,1,0,0.5347350001335144,0.8201409578323364,0.2519529152901513,0.29720833544345343,8.14740066387096,0.5050592571496964,0.8356155157089233,0.0004943577331853404,0.0005619495573785468,0.0009468434402837315,0.14106296652588374
1781866309.869057,17.454824924468994,dog_in_grass,nonsocial_movie,non_social,486,1,0.4793420979914546,0.5305725724561128,0.5049573352237837,1,0,0.5346543163061142,0.8198163390159607,0.2485687194762703,0.2981731396569055,8.348910317324119,0.505113273859024,0.8368402421474457,0.0012259170665678022,0.0007315593333824618,0.0015882307584301676,0.13928563496447743
1781866309.905982,17.49175000190735,dog_in_grass,nonsocial_movie,non_social,487,1,0.4734664418190361,0.5409620734146615,0.5072142576168488,1,0,0.5350697249174118,0.8194841742515564,0.2417147661164729,0.2982264570160063,7.903946787323312,0.5054601579904556,0.8357933461666107,0.0011028688930817825,0.00012304817348601977,0.0058106428457632385,0.13965770855489906
1781866309.9383879,17.524155855178833,dog_in_grass,nonsocial_movie,non_social,488,1,0.49689694937311213,0.5512392842887508,0.5240681168309315,1,0,0.5355267107486725,0.8197403132915497,0.2447810700127729,0.29716861490307545,7.487442215009688,0.5057478547096252,0.8354805707931519,0.00042496804169642226,0.0006779008513853602,0.0018717015916349684,0.1385889344450502
1781866309.971683,17.557451009750366,dog_in_grass,nonsocial_movie,non_social,489,1,0.487893600014898,0.5196920533716832,0.5037928266932906,1,0,0.535238441824913,0.8198736190795899,0.24421347491556522,0.29683592180080204,7.535751557414029,0.5057690292596817,0.8353388607501984,0.0001432832783124875,0.00028168476338393477,0.0017119586321374504,0.1403138875778378
1781866310.006712,17.592479944229126,dog_in_grass,nonsocial_movie,non_social,490,1,0.4644331391921036,0.5100466297575144,0.487239884474809,1,0,0.5354964464902878,0.8201279103755952,0.2285344540638512,0.30182827534939377,7.798005287523712,0.5068237632513046,0.834141343832016,0.0015957789829477754,0.0014524957046352879,0.0021583012715579147,0.14250872193926808
1781866310.041488,17.62725591659546,dog_in_grass,nonsocial_movie,non_social,491,1,0.42434571872858057,0.48244963981127603,0.4533976792699283,1,0,0.5353832244873047,0.8209087967872619,0.23492306216127004,0.30108397077570714,8.34736995227063,0.5062115490436554,0.834815263748169,0.0009104802520841297,0.0006852987308636457,0.002538331445500773,0.14581288404270867
1781866310.0753438,17.66111183166504,dog_in_grass,nonsocial_movie,non_social,492,1,0.16471285873672734,0.2725119547009014,0.21861240671881438,1,0,0.5384120225906373,0.8296887397766113,0.23189302636269785,0.29493752445697574,11.357007195594486,0.506376251578331,0.8403111696243286,0.005498373243472558,0.0045878929913884285,0.002134183845746585,0.17863450503241787
1781866310.109576,17.69534397125244,dog_in_grass,nonsocial_movie,non_social,493,1,0.1650302088496469,0.1569323783915496,0.16098129362059826,0,1,0.5396640866994857,0.8308739602565766,0.24293934864948896,0.2918493956639393,10.075095285891564,0.5058191567659378,0.8400982916355133,0.000596382149395379,0.004901991094077179,0.0030686386004062267,0.1837563219261132
1781866310.14447,17.73023796081543,dog_in_grass,nonsocial_movie,non_social,494,1,0.13982315995675995,0.1373625726821125,0.13859286631943624,0,1,0.5405651837587356,0.8313010692596435,0.24958606123984692,0.29038922475617734,9.942849626285389,0.5047194063663483,0.841022253036499,0.0014363688982670295,0.0008399867488716505,0.002569061530576572,0.18526566426557445
1781866310.179581,17.7653489112854,dog_in_grass,nonsocial_movie,non_social,495,1,0.130118342080955,0.2003910067712873,0.16525467442612113,0,1,0.539318710565567,0.8316164970397949,0.24651234354500598,0.294445066621293,9.722972411726092,0.5046971589326859,0.8396358788013458,0.001386552728244108,4.9816170022921576e-05,0.0025202720985519904,0.17926356247669148
1781866310.212765,17.798532962799072,dog_in_grass,nonsocial_movie,non_social,496,1,0.12647417390770593,0.1985625900961515,0.1625183820019287,0,1,0.5406547427177429,0.8316790401935578,0.2513206889993974,0.2928942291528741,9.672010512658565,0.5046505182981491,0.8412444889545441,0.0016092861690086267,0.00022273344076451877,0.002484730270025824,0.17984152910513823
1781866310.2469702,17.832738161087036,dog_in_grass,nonsocial_movie,non_social,497,1,0.15178314595906997,0.24764080037784392,0.19971197316845696,1,0,0.5395714968442917,0.8322100102901459,0.2608404556632336,0.2862294055734081,9.860508597853451,0.5042186081409454,0.8408865332603455,0.0005609622651345724,0.0010483239038740543,0.0057508320924380945,0.1776653868705226
1781866310.283508,17.86927604675293,dog_in_grass,nonsocial_movie,non_social,498,1,0.16190501013300704,0.18969047652865056,0.17579774333082882,0,1,0.5389834076166153,0.8320514559745789,0.2559280532528624,0.2887989232905699,9.307582804400843,0.5044132173061371,0.8428497910499573,0.0019728795897489704,0.001411917324614398,0.0025039417825586004,0.17790812388339855
1781866310.316193,17.901961088180542,dog_in_grass,nonsocial_movie,non_social,499,1,0.20698287346503744,0.2878483566412101,0.24741561505312376,1,0,0.5392428874969483,0.831557285785675,0.2575825646560417,0.28887488628553937,9.029803018293627,0.5041360259056091,0.8411801159381866,0.0016925277106720924,0.000280351879076878,0.0023260388334608,0.17318957074631
1781866310.350813,17.936580896377563,dog_in_grass,nonsocial_movie,non_social,500,1,0.21273578197571477,0.33576623298612945,0.2742510074809221,1,0,0.5382084250450134,0.8301290631294251,0.26260146155740866,0.29337686845280453,9.772996532221597,0.5045610517263412,0.8392214775085449,0.0020042234023078384,0.0003116956916357459,0.002669671997315884,0.16842427068990795
1781866310.385337,17.971105098724365,dog_in_grass,nonsocial_movie,non_social,501,1,0.25918035570436027,0.29584086055163905,0.27751060812799966,1,0,0.5376641154289246,0.828925895690918,0.2593405287028574,0.29443712641203784,9.006652417741233,0.5052390098571777,0.8387750685214996,0.0008117316125925509,0.0011924917897152875,0.0013604181144538704,0.1661075572542936
1781866310.419429,18.005197048187256,dog_in_grass,nonsocial_movie,non_social,502,1,0.1932321885711122,0.324286743382865,0.2587594659769886,1,0,0.5391235589981078,0.8290213704109192,0.2587595720024105,0.290420300965592,9.245785467683694,0.5055297911167145,0.8387347459793091,0.0002935637040004837,0.0005181679085920672,0.0017806975753467053,0.16622972549986587
1781866310.452886,18.038654088974,dog_in_grass,nonsocial_movie,non_social,503,1,0.21886578221626096,0.3159160807939243,0.26739093150509263,1,0,0.5393496423959732,0.828701275587082,0.2574666234697475,0.2928441514810467,8.710169983496362,0.5055676400661469,0.836776614189148,0.001958497549299661,0.0016649338452991772,0.0017153920872363788,0.16492080212082033
1781866310.489524,18.075291872024536,dog_in_grass,nonsocial_movie,non_social,504,1,0.22403749201136616,0.3161323523431644,0.27008492217726526,1,0,0.5399081617593765,0.827897822856903,0.25944659778753304,0.296491746810475,9.179940666329063,0.5058807879686356,0.8361468613147736,0.0007033137931363806,0.0012551837561632804,0.0017725750547867675,0.1649493060557637
1781866310.523287,18.109055042266846,dog_in_grass,nonsocial_movie,non_social,505,1,0.19621439714977512,0.33985215343034947,0.26803327529006227,1,0,0.539643007516861,0.8280238330364227,0.25554235572751016,0.2965456275517041,9.598292894306091,0.5062142610549927,0.8355927765369415,0.0006466948587623937,5.661893437398685e-05,0.0016183764336377836,0.16698428934288836
1781866310.557646,18.14341402053833,dog_in_grass,nonsocial_movie,non_social,506,1,0.20747321413169764,0.35893683961856127,0.28320502687512944,1,0,0.5405003309249878,0.8277208566665649,0.2522378161869876,0.29603376389021596,9.265310455162536,0.5068003833293915,0.8373788595199585,0.0018797956651639604,0.0012331008064015666,0.0018479495219422572,0.16404743481457398
1781866310.5916202,18.177388191223145,dog_in_grass,nonsocial_movie,non_social,507,1,0.2013422609907446,0.3539672201643487,0.27765474057754663,1,0,0.541774770617485,0.8278973519802093,0.2624645222811152,0.2935627968758735,9.328782934047162,0.5062463879585266,0.8368846476078033,0.0007423990066371007,0.0011373966585268597,0.0004819289636508081,0.16399751715525843
1781866310.62637,18.212137937545776,dog_in_grass,nonsocial_movie,non_social,508,1,0.2075967324047799,0.35347212122083016,0.28053442681280505,1,0,0.5410868287086487,0.8279110074043274,0.25935337980171724,0.2957677929918302,9.664535909783709,0.5059808790683746,0.8377864956855774,0.0009401196339479779,0.00019772062731087715,0.0009096920536493322,0.16402719045134714
1781866310.659595,18.245362997055054,dog_in_grass,nonsocial_movie,non_social,509,1,0.21101943365682885,0.34101254734880254,0.27601599050281567,1,0,0.5405512690544129,0.8282004475593567,0.2589716120084098,0.29307037670781083,9.826070006850204,0.5063257366418839,0.8368244171142578,0.0010220185533536016,8.189891940562374e-05,0.0022702588477775043,0.1648816121655133
1781866310.6972868,18.2830548286438,dog_in_grass,nonsocial_movie,non_social,510,1,0.2277818689526503,0.32321025738484077,0.27549606316874553,1,0,0.540885454416275,0.8288048207759857,0.2657385479013343,0.29029568441368053,9.482610733986538,0.5055502951145172,0.8378843665122986,0.0013133172841212814,0.0002912987307676798,0.0019960602006673604,0.1647656846847776
1781866310.730336,18.3161039352417,dog_in_grass,nonsocial_movie,non_social,511,1,0.23058708285255183,0.33299422260137373,0.2817906527269628,1,0,0.5410496950149536,0.8290314435958863,0.26618865351106286,0.2913696548831008,9.494708883839602,0.5051729828119278,0.8384465575218201,0.0006770696455107946,0.0006362476386104868,0.002057078279429878,0.16261925345735948
1781866310.763244,18.34901189804077,dog_in_grass,nonsocial_movie,non_social,512,1,0.23558022929804875,0.3902995740739077,0.31293990168597824,1,0,0.5403944164514541,0.8287925124168396,0.26251697037753097,0.2873659957102502,9.245751516856531,0.5054862350225449,0.8408258557319641,0.0023998306024074125,0.0017227609568966178,0.0022313811940109286,0.16050086365993757
1781866310.79817,18.38393807411194,dog_in_grass,nonsocial_movie,non_social,513,1,0.24105179540047322,0.38209574156618736,0.3115737684833303,1,0,0.5406526565551758,0.830240112543106,0.2661507610455802,0.28672524013860085,8.702943672991443,0.5051960647106171,0.8406175971031189,0.0003571700805117403,0.002042660521895672,0.0031675011341660343,0.1640095930973706
1781866310.832484,18.418251991271973,dog_in_grass,nonsocial_movie,non_social,514,1,0.2490366966845853,0.3386015230675893,0.2938191098760873,1,0,0.5400882512331009,0.8298741996288299,0.2603110792072048,0.28938863652810903,8.17947733887313,0.5057710260152817,0.8397307991981506,0.0010568779617901637,0.0006997078812784234,0.003021067620326392,0.16581715762315982
1781866310.866709,18.452476978302002,dog_in_grass,nonsocial_movie,non_social,515,1,0.21461659682865628,0.32014404625014903,0.26738032153940267,1,0,0.5402650922536849,0.8298427045345307,0.26066140124645054,0.2941569616240649,8.683121360936948,0.5055488348007202,0.8389646410942078,0.0007977262538400206,0.00025915170795014306,0.0023394159188372086,0.16807783015900638
1781866310.901393,18.4871609210968,dog_in_grass,nonsocial_movie,non_social,516,1,0.21469378827489602,0.3601616483814434,0.2874277183281697,1,0,0.5406204134225845,0.8295303523540496,0.2654114089208983,0.2922152344258792,9.507475436811934,0.5048192739486694,0.8379992842674255,0.0012100300987413957,0.00041230384490137503,0.00214999061160475,0.16549555231268134
1781866310.937004,18.522772073745728,dog_in_grass,nonsocial_movie,non_social,517,1,0.22587748765738908,0.3231365107865819,0.2745069992219855,1,0,0.540265542268753,0.8297992587089538,0.2594766044854781,0.29739218458015326,8.938953936595246,0.5055418163537979,0.8363592624664307,0.0017921325383317257,0.00058210243959033,0.002445803795732074,0.1675179636416734
1781866310.970145,18.555912971496582,dog_in_grass,nonsocial_movie,non_social,518,1,0.2168357031450304,0.28679943872913727,0.25181757093708385,1,0,0.540096965432167,0.8297733843326569,0.2680155212303543,0.2934987277229357,9.030479196114616,0.504889115691185,0.839301586151123,0.003013849170160494,0.0012217166318287684,0.0022270383293160204,0.16816747981814043
1781866311.0058508,18.59161877632141,dog_in_grass,nonsocial_movie,non_social,519,1,0.21801973881840644,0.3455088113900737,0.28176427510424007,1,0,0.5400903493165969,0.8297340154647828,0.26327697169124675,0.29088060890869183,9.338339032499299,0.5054738074541092,0.838772177696228,0.0007887571044027015,0.0022250920657577926,0.0017575249558300543,0.16624451108144317
1781866311.0392802,18.62504816055298,dog_in_grass,nonsocial_movie,non_social,520,1,0.22667204878934658,0.3366108183365652,0.2816414335629559,1,0,0.5406000941991806,0.8299366950988769,0.25871267109927376,0.28967774822948433,9.106822818123659,0.5061856657266617,0.8392415344715118,0.0008526652231129376,6.390811871023608e-05,0.002002687544581494,0.16471762121476732
1781866311.0746691,18.66043710708618,dog_in_grass,nonsocial_movie,non_social,521,1,0.1894801381484586,0.35146605148303495,0.2704730948157468,1,0,0.5407442629337311,0.8301791787147522,0.2556484040796046,0.2922925509257394,9.48223637541809,0.505540207028389,0.8403367698192596,0.0012712817933613874,0.0004186165702484498,0.004723201560646704,0.1647972192933286
1781866311.106805,18.692573070526123,dog_in_grass,nonsocial_movie,non_social,522,1,0.2317242275126857,0.36302461541741576,0.2973744214650507,1,0,0.5403583198785782,0.8306277990341187,0.25863827133306644,0.2904587555114397,8.654049569576195,0.5057743787765503,0.8404662311077118,0.0002675754713059797,0.0010037063220554078,0.0029022144088307303,0.16417535374667364
1781866311.14291,18.728677988052368,dog_in_grass,nonsocial_movie,non_social,523,1,0.21867943594571884,0.35657396292386195,0.2876266994347904,1,0,0.5409986048936843,0.8307747185230255,0.25056008773217553,0.29343395944183737,8.970687727731116,0.506216287612915,0.8407005071640015,0.0005001686617610963,0.0002325931904551166,0.003368349572297909,0.16489078808007107
1781866311.176472,18.762239933013916,dog_in_grass,nonsocial_movie,non_social,524,1,0.24281865099420244,0.38790726799082603,0.31536295949251425,1,0,0.5403408944606781,0.8307433009147644,0.25352913421883894,0.29110233283534154,8.736887991725855,0.5060571730136871,0.8408211469650269,0.0001996782844450111,0.0003004903773160852,0.002189772248778948,0.16364385132528134
1781866311.211694,18.797461986541748,dog_in_grass,nonsocial_movie,non_social,525,1,0.1914387534464653,0.3542185849845486,0.27282866921550697,1,0,0.5405122399330139,0.8301077008247375,0.2539725303595112,0.2926263154617408,8.671528871467947,0.5060029923915863,0.8391693234443665,0.0016527118572873352,0.001453033572842324,0.001758096436811564,0.16628041484738065
1781866311.24503,18.830797910690308,dog_in_grass,nonsocial_movie,non_social,526,1,0.19021060808164914,0.35055904953228795,0.27038482880696857,1,0,0.5405372649431228,0.829669839143753,0.25877143799345276,0.2953483586647613,8.415539550705288,0.5054968744516373,0.836540549993515,0.002677051591777724,0.001024339734490389,0.001896221791818474,0.16538153909773057
1781866311.282028,18.867795944213867,dog_in_grass,nonsocial_movie,non_social,527,1,0.21804869317851489,0.29847109613046163,0.2582598946544883,1,0,0.540109521150589,0.8293837428092956,0.2560829250999763,0.2951883496215963,8.290780910904749,0.5057717263698578,0.8383402824401855,0.0018205989279762305,0.0008564526638014938,0.0017873561239447032,0.16525879353598572
1781866311.3151941,18.900962114334106,dog_in_grass,nonsocial_movie,non_social,528,1,0.2333039683602834,0.34965372115564053,0.29147884475796193,1,0,0.5407437711954117,0.8291230201721191,0.2551422536834172,0.29386550589847016,8.489631734513358,0.5063653290271759,0.8374969363212585,0.0010313082909995269,0.0007892906369767036,0.0012812505318193761,0.16403542818915245
1781866311.348618,18.934386014938354,dog_in_grass,nonsocial_movie,non_social,529,1,0.25125805416786323,0.3466050686852524,0.29893156142655786,1,0,0.5412601470947266,0.828926682472229,0.2612075064518726,0.29636002893851776,8.711999447375895,0.5056171864271164,0.8371732831001282,0.0008151495308051571,0.00021615876019436973,0.0016592017618644477,0.16260641870129905
1781866311.3837938,18.96956181526184,dog_in_grass,nonsocial_movie,non_social,530,1,0.2555971112425651,0.35473611197155847,0.3051666116070618,1,0,0.5410143494606018,0.8286687910556794,0.266357576214936,0.2949122170180904,8.609157626247926,0.505292221903801,0.838619738817215,0.001482510061654453,0.0006673605308492959,0.0016906935872503476,0.16239547580485236
1781866311.4172502,19.003018140792847,dog_in_grass,nonsocial_movie,non_social,531,1,0.23054327722354553,0.3649411764936053,0.29774222685857543,1,0,0.5409522891044617,0.8287044107913971,0.2715036546328429,0.2966411117544629,9.080240349532358,0.5046593099832535,0.8378073573112488,0.0010298258155663975,0.0004526842460880556,0.0016034873455399153,0.1617109600616832
1781866311.4518101,19.037578105926514,dog_in_grass,nonsocial_movie,non_social,532,1,0.23178735861030855,0.33503522098593935,0.28341128979812397,1,0,0.5410167276859283,0.8289126753807068,0.27192302934387663,0.29438210475789306,8.826385005418613,0.504880964756012,0.8371859788894653,0.0006597287179930118,0.0003700970975733857,0.0011833713444276727,0.1626938220862848
1781866311.4899,19.07566809654236,dog_in_grass,nonsocial_movie,non_social,533,1,0.20764439445376665,0.39021677370665514,0.2989305840802109,1,0,0.5410767793655396,0.8286468327045441,0.26542014163095495,0.29480424663827787,9.363109682181314,0.5052001476287842,0.8372723758220673,0.0003306692248065238,0.000329059493186488,0.0015105740365678611,0.1610436156796505
1781866311.5210721,19.106840133666992,dog_in_grass,nonsocial_movie,non_social,534,1,0.21097806535523547,0.37637629260699884,0.29367717898111717,1,0,0.541173094511032,0.828445827960968,0.2688379174522517,0.2944658548872927,9.20883180252214,0.5054084360599518,0.8367573916912079,0.0005555112290451445,0.00022484200423862068,0.0011679017544035208,0.15972778480056277
1781866311.555703,19.141470909118652,dog_in_grass,nonsocial_movie,non_social,535,1,0.2064524010067966,0.360765095980478,0.2836087484936373,1,0,0.5409813553094864,0.8288377523422241,0.27079970266158215,0.2899758153404032,9.134751862158511,0.5054591000080109,0.8378290235996246,0.0010728288692843117,0.0005173176402391672,0.0018857939452320077,0.1603717392339559
1781866311.590503,19.176270961761475,dog_in_grass,nonsocial_movie,non_social,536,1,0.21801341594890478,0.37957583947851914,0.29879462771371196,1,0,0.5414978682994842,0.8288645505905151,0.2644367535500598,0.2890448543979366,9.216465483364503,0.5060103237628937,0.838262140750885,0.0007010264578908633,0.00037180241139344835,0.0015732245045890518,0.15932086509360663
1781866311.624771,19.21053910255432,dog_in_grass,nonsocial_movie,non_social,537,1,0.2239984976396601,0.325004546434766,0.27450152203721306,1,0,0.5419917911291122,0.8287654042243957,0.2746023723909803,0.28974492247429745,8.343674594228471,0.5052879452705383,0.8381642699241638,0.0007289783158233674,2.7951857932504028e-05,0.0016480001081359658,0.16061146031564866
1781866311.658437,19.244204998016357,dog_in_grass,nonsocial_movie,non_social,538,1,0.24385563500650773,0.3827885864395346,0.3133221107230212,1,0,0.5413749396800995,0.8289990425109863,0.27240856997859875,0.2905073526126269,8.433678597352271,0.5055450648069382,0.8392301499843597,0.0010964537193706506,0.0003674754035472832,0.001102272126124284,0.15829204625031193
1781866311.693444,19.27921199798584,dog_in_grass,nonsocial_movie,non_social,539,1,0.2597368114233536,0.3659966814097705,0.31286674641656204,1,0,0.5419205695390701,0.8286253392696381,0.28388463457905166,0.29211872789806226,8.07030495337068,0.5051742196083069,0.8382464051246643,0.0010513230285336037,4.513069083704685e-05,0.0014805956088935898,0.15846151607231873
1781866311.72843,19.31419801712036,dog_in_grass,nonsocial_movie,non_social,540,1,0.22390512607224447,0.30383768367100583,0.26387140487162514,1,0,0.5414730817079545,0.8278864681720733,0.2813909743475176,0.2958967318330939,8.006063602493933,0.5048694908618927,0.8366620540618896,0.0016133901880841935,0.0005620671595505898,0.0013060442880100558,0.16229065811113033
1781866311.762586,19.34835410118103,dog_in_grass,nonsocial_movie,non_social,541,1,0.2598571100530504,0.3803099116741263,0.3200835108635883,1,0,0.5410786390304565,0.8272450387477874,0.273890514795463,0.3004094986680382,8.181912589039477,0.5054256767034531,0.8355641663074493,0.0012307315758126104,0.0003826586122715832,0.0014060034859065774,0.15723562199485416
1781866311.7962072,19.381975173950195,dog_in_grass,nonsocial_movie,non_social,542,1,0.21732924835544523,0.40385774411411623,0.3105934962347807,1,0,0.5413138270378113,0.8266485154628753,0.2710947025056293,0.3016729187844145,8.973766502979455,0.5055816918611526,0.83587446808815,0.000347315309967818,0.0008834162658447923,0.0021287056800083646,0.15911500830426764
1781866311.831597,19.417365074157715,dog_in_grass,nonsocial_movie,non_social,543,1,0.2180278388505627,0.36733883108279836,0.29268333496668053,1,0,0.5409033924341202,0.8271486639976502,0.2780778300110155,0.30124225357212914,8.712910603833794,0.5051314830780029,0.8356916010379791,0.0004859303514531242,0.00013861504148530616,0.0021248228677371514,0.1625467596981632
1781866311.8648682,19.45063614845276,dog_in_grass,nonsocial_movie,non_social,544,1,0.24448045844440244,0.38046566868763754,0.31247306356602,1,0,0.5411699324846267,0.826624047756195,0.27240742579271177,0.3013646626343806,7.982458170858185,0.5054740756750107,0.8361992835998535,0.0006124632814755992,0.000126532930022475,0.0027858209512354737,0.15968628516076575
1781866311.9005492,19.48631715774536,dog_in_grass,nonsocial_movie,non_social,545,1,0.25649298048617813,0.41819939108789844,0.3373461857870383,1,0,0.5416262865066528,0.8268895864486694,0.2722384151764452,0.3003058218572301,8.630149376516272,0.5049659013748169,0.8338415324687958,0.0024118937612136846,0.0017994304797380855,0.002609872295120527,0.15925259817813847
1781866311.936026,19.521794080734253,dog_in_grass,nonsocial_movie,non_social,546,1,0.2639201867957636,0.3849634461552691,0.3244418164755164,1,0,0.5419927924871444,0.8262349486351013,0.2658828826977101,0.30466683645218956,8.014674934854268,0.5054372251033783,0.8328945338726044,0.0010578054633501926,0.001354088297863492,0.0020240523665161422,0.16032577410851173
1781866311.969156,19.55492401123047,dog_in_grass,nonsocial_movie,non_social,547,1,0.2890731303939508,0.4279439522518911,0.3585085413229209,1,0,0.5418430745601654,0.8266893684864044,0.2732682196439382,0.29697742347564243,8.226384374732314,0.5046486705541611,0.836250364780426,0.0034472335805660593,0.0023894281172158667,0.0024771814069444475,0.1570761721506244
1781866312.002717,19.5884850025177,dog_in_grass,nonsocial_movie,non_social,548,1,0.25756399580203837,0.4004226041093177,0.32899329995567805,1,0,0.5417016625404358,0.8261580049991608,0.2786933036199186,0.29657888762496804,9.024360499687642,0.5042171478271484,0.8370866477489471,0.0009410531692560809,0.0025061804113099785,0.002111250882578486,0.15716013699220882
1781866312.038978,19.624746084213257,dog_in_grass,nonsocial_movie,non_social,549,1,0.2491213140809193,0.3579961392929675,0.3035587266869434,1,0,0.5409043550491333,0.8261063277721405,0.28105055556141784,0.2990451020588175,8.693431611074839,0.5045599341392517,0.8352798223495483,0.0018390542351105386,0.0008980010658544577,0.001068021628291963,0.16017871370409073
1781866312.07294,19.658708095550537,dog_in_grass,nonsocial_movie,non_social,550,1,0.24069521820585899,0.40980584024755984,0.3252505292267094,1,0,0.5412679195404053,0.8257388055324555,0.2696132633013613,0.2975253062535057,9.190756209069258,0.505087286233902,0.8366582095623016,0.001475822326709359,0.0003632319084011797,0.002009398618958466,0.15727270450159306
1781866312.107716,19.69348406791687,dog_in_grass,nonsocial_movie,non_social,551,1,0.2734853138287811,0.40772786407416645,0.3406065889514738,1,0,0.541076323390007,0.8262072145938874,0.2677289956370357,0.2969267847338377,8.800021789227547,0.5056968182325363,0.836045116186142,0.0008645303610920967,0.0006112919656172622,0.0025119403841768117,0.1574762023598139
1781866312.142019,19.727787017822266,dog_in_grass,nonsocial_movie,non_social,552,1,0.2666862829661116,0.3798137679328751,0.32325002544949333,1,0,0.5411733776330948,0.8261540651321411,0.2698157976147224,0.29697348516493677,8.895291440709935,0.5056098401546478,0.8367909491062164,0.000750887428780091,0.00011364293231200576,0.002182778189818493,0.15684849906604026
1781866312.1755679,19.761335849761963,dog_in_grass,nonsocial_movie,non_social,553,1,0.25062539599817824,0.4261958362154889,0.33841061610683354,1,0,0.5409969598054886,0.8260762095451355,0.27202140714556194,0.29519765935173853,9.007233956329078,0.5056241154670715,0.8366421163082123,0.00014951583965098364,0.0006013715891291073,0.0009416948239788316,0.15569523385207196
1781866312.2100961,19.79586410522461,dog_in_grass,nonsocial_movie,non_social,554,1,0.2404786915638354,0.4152957864544939,0.3278872390091646,1,0,0.5410949170589447,0.8261032342910767,0.27243423306731784,0.29741621815604524,8.637669964651133,0.5053887218236923,0.8353295624256134,0.0013334946051892095,0.0011839787655382257,0.0020763687644623284,0.15647859559436775
1781866312.243177,19.82894492149353,dog_in_grass,nonsocial_movie,non_social,555,1,0.24843952691734966,0.3645584242541663,0.306498975585758,1,0,0.5413810819387437,0.8263071835041047,0.2790420666816879,0.2934793469235242,8.39263110540906,0.5048757791519165,0.8372111022472382,0.0019502057032242093,0.0006167110980349999,0.002095341478209548,0.16099361294578338
1781866312.281225,19.866992950439453,dog_in_grass,nonsocial_movie,non_social,556,1,0.2653705134885757,0.3525809323783311,0.30897572293345343,1,0,0.5411018818616867,0.8265830218791962,0.276148750664839,0.29320922121703885,8.366762548943479,0.5046268403530121,0.8378553092479706,0.0006906324531852216,0.0012595732500389877,0.0017409348816146385,0.1594963157884622
1781866312.313545,19.89931297302246,dog_in_grass,nonsocial_movie,non_social,557,1,0.2649406038427319,0.3621646807905318,0.3135526423166318,1,0,0.5411746710538864,0.8268335878849029,0.27199139502390507,0.2932991447457259,8.617639684859839,0.50499427318573,0.8381783664226532,0.0004892574216841396,0.00020137503150108196,0.0016096373255598158,0.15968677152723285
1781866312.347806,19.933573961257935,dog_in_grass,nonsocial_movie,non_social,558,1,0.24406237451152726,0.33295746654853225,0.2885099205300298,1,0,0.540912663936615,0.8261975526809693,0.2732162087684407,0.2920096649933996,8.839099749787534,0.5049158930778503,0.8376572132110596,0.0005270143368690994,3.7756915184959726e-05,0.002128063934299592,0.16043191629104805
1781866312.382163,19.967931032180786,dog_in_grass,nonsocial_movie,non_social,559,1,0.24717617664803734,0.38279978692761363,0.3149879817878255,1,0,0.541488978266716,0.8265095949172974,0.2776605572759395,0.2912967472734638,8.773979959896092,0.505164310336113,0.838545948266983,0.0009228007010346293,0.00039578636416552995,0.0009097612092025045,0.16079810846887216
1781866312.4166489,20.002416849136353,dog_in_grass,nonsocial_movie,non_social,560,1,0.2854957516400247,0.41836089305427127,0.351928322347148,1,0,0.5413114041090011,0.8263326704502105,0.2728116123443404,0.29007598477732455,8.604423589486238,0.5056583732366562,0.8393289148807526,0.0009258157851165095,3.0150840818802226e-06,0.0016580548471373689,0.1563899759551398
1781866312.450899,20.036666870117188,dog_in_grass,nonsocial_movie,non_social,561,1,0.30419033782299426,0.40570417267352943,0.3549472552482619,1,0,0.5414802014827729,0.8260763347148896,0.27453460309138655,0.2888523526526378,8.044682849587819,0.5052903443574905,0.8392820060253143,0.00037100632962046504,0.0005548094554960445,0.0021027289375401934,0.15632795328381519
1781866312.48929,20.075057983398438,dog_in_grass,nonsocial_movie,non_social,562,1,0.28654853547789066,0.38267439729295843,0.33461146638542455,1,0,0.5419808268547058,0.8256616473197937,0.27629840579204623,0.28654835738159123,8.939391066552513,0.5047187805175781,0.8395143449306488,0.0006169818393011624,0.00024597550968069733,0.002039217908848373,0.15838167112822468
1781866312.520097,20.105865001678467,dog_in_grass,nonsocial_movie,non_social,563,1,0.2271533899834064,0.3531405141348282,0.29014695205911734,1,0,0.5409649014472961,0.8252748787403107,0.2792456050577614,0.28997380922117794,9.508183991127478,0.504873126745224,0.8372385203838348,0.002281052416291546,0.0016640705769903836,0.0015068477918890888,0.16060571310918786
1781866312.554312,20.140079975128174,dog_in_grass,nonsocial_movie,non_social,564,1,0.23022878845847217,0.3285972481129915,0.27941301828573184,1,0,0.5414374202489853,0.8245340466499329,0.27258267402103975,0.29521224437580185,9.427162417667764,0.5051482617855072,0.8365076780319214,0.000780916022208551,0.001500136394082995,0.0026613593771063052,0.16132444647519528
1781866312.5885,20.174268007278442,dog_in_grass,nonsocial_movie,non_social,565,1,0.21921031153539797,0.3167483226885179,0.26797931711195794,1,0,0.541193076968193,0.8243503391742706,0.26488845390856686,0.2939354396077639,9.259689119885191,0.5055196732282639,0.8350894749164581,0.0014660308784334203,0.0006851148562248693,0.0019340072914495522,0.16205161045006064
1781866312.623965,20.20973300933838,dog_in_grass,nonsocial_movie,non_social,566,1,0.2415099200555459,0.3369721042871337,0.2892410121713398,1,0,0.5404904156923294,0.8239766418933868,0.26315764908994066,0.29247415131743,8.960577587708869,0.5058418959379196,0.8339208662509918,0.001212218498300058,0.00025381238013336225,0.0016980705104716134,0.16024900379507517
1781866312.6578329,20.243600845336914,dog_in_grass,nonsocial_movie,non_social,567,1,0.23753573117015403,0.3049933319912104,0.2712645315806822,1,0,0.5411786526441574,0.8236596167087555,0.2735978970562861,0.2912021807921949,8.873498579308743,0.5043999254703522,0.8347106873989105,0.0016441095690483305,0.0004318910707482725,0.0015271484522210732,0.16075422933878455
1781866312.692943,20.278711080551147,dog_in_grass,nonsocial_movie,non_social,568,1,0.2320786871226646,0.3383798340286664,0.2852292605756655,1,0,0.5404001593589782,0.8239060401916505,0.2705851030322047,0.29578311635741283,9.196090681348966,0.5053307265043259,0.8335511088371277,0.0014869475464160968,0.00015716202263223373,0.001553609868266046,0.16022391022047375
1781866312.7270179,20.312785863876343,dog_in_grass,nonsocial_movie,non_social,569,1,0.2689874945471035,0.3678718884979566,0.3184296915225301,1,0,0.5405215501785279,0.8240250289440154,0.2652241563274199,0.2921138668471237,8.657037276911694,0.5057664215564728,0.8346363306045532,0.00116941714668441,0.0003175303997316869,0.001620324618548175,0.15763297062945425
1781866312.76118,20.34694790840149,dog_in_grass,nonsocial_movie,non_social,570,1,0.27274761699197575,0.34530571890982364,0.3090266679508997,1,0,0.540468555688858,0.8238334834575654,0.26984554073258055,0.2916027535126739,8.252634480933523,0.5052790939807892,0.8354339599609375,0.0009347196136744138,0.00023469753300999613,0.0021576144051146727,0.15688023815784155
1781866312.794755,20.380522966384888,dog_in_grass,nonsocial_movie,non_social,571,1,0.2775705041649807,0.3492274419156932,0.3133989730403369,1,0,0.539768996834755,0.823127955198288,0.27742860483398973,0.29357158705664893,9.088031127296633,0.5045691877603531,0.8353120684623718,0.000720294647513397,0.0002144249661610168,0.0024572473556332447,0.15658222497413068
1781866312.830438,20.416205883026123,dog_in_grass,nonsocial_movie,non_social,572,1,0.29425877730646094,0.342443496985739,0.31835113714609997,1,0,0.5400883555412292,0.8231303632259368,0.2694775764310179,0.2936122296068836,9.086028404423915,0.5047273188829422,0.8343383967876434,0.0009864289037227606,0.00026613425620936363,0.0016962926543552497,0.15517348293939867
1781866312.863678,20.449445962905884,dog_in_grass,nonsocial_movie,non_social,573,1,0.28436917348187357,0.37694084626392654,0.3306550098729001,1,0,0.5401497781276703,0.8229193389415741,0.268838366997172,0.29276087942772666,9.046638663306151,0.504853755235672,0.8347089886665344,0.00039156671461140416,0.0005948621891113564,0.0022765782775062623,0.1551791763484184
1781866312.9010072,20.486775159835815,dog_in_grass,nonsocial_movie,non_social,574,1,0.27476285702436687,0.3441473262256117,0.3094550916249893,1,0,0.539893826842308,0.8229865372180938,0.27252607675047297,0.29233198986186565,8.687806691788767,0.5050550401210785,0.835283488035202,0.0006087406095313335,0.00021717389491992932,0.0016030432789705866,0.15663557189707114
1781866312.9346979,20.520465850830078,dog_in_grass,nonsocial_movie,non_social,575,1,0.3054755930851338,0.38087710978379324,0.3431763514344635,1,0,0.5404479265213012,0.8228799939155578,0.2713940599906997,0.29135975362714067,8.365576216492515,0.5050126165151596,0.8355857729911804,0.000305247370095174,0.0003034932394361595,0.0024337339632660745,0.1534865805534009
1781866312.9677172,20.55348515510559,dog_in_grass,nonsocial_movie,non_social,576,1,0.29569696772174575,0.35793281563332674,0.32681489167753625,1,0,0.5400057941675186,0.8228393018245697,0.26524544527753,0.29232660508171016,8.203470245740665,0.5049957185983658,0.8351675868034363,0.00041852745096582206,0.00011328008087064807,0.0025424567564179957,0.15409168642032653
1781866313.001605,20.58737301826477,dog_in_grass,nonsocial_movie,non_social,577,1,0.2965368256206138,0.35967439255561506,0.3281056090881144,1,0,0.5391759783029556,0.8225553214550019,0.2699720474438186,0.2932191910283699,8.29121669437043,0.5047295391559601,0.836927056312561,0.001779489940713102,0.00136096248974728,0.001985788017234192,0.15234803880802197
1781866313.037986,20.623754024505615,dog_in_grass,nonsocial_movie,non_social,578,1,0.4230529293040051,0.42851994784061387,0.42578643857230947,1,0,0.534871870279312,0.8195077776908875,0.2595592333672994,0.2962886310259648,7.573301126700742,0.505431666970253,0.8345230221748352,0.002504468726687341,0.0007249787859742391,0.0018080388902447454,0.1407773130073205
1781866313.0728052,20.658573150634766,dog_in_grass,nonsocial_movie,non_social,579,1,0.456757421563833,0.4964790478694669,0.47661823471664994,1,0,0.5339717537164688,0.8157033324241638,0.2556855339704379,0.3018639571386585,8.225003093612324,0.5053838640451431,0.8322146534919739,0.0023088635939925084,0.00019560513269483272,0.0007843972326165125,0.13396466748943248
1781866313.105112,20.690880060195923,dog_in_grass,nonsocial_movie,non_social,580,1,0.4685203778362894,0.5067935715322351,0.4876569746842623,1,0,0.5339449644088745,0.8151684522628784,0.2543303411971786,0.30335129531368904,9.066713991097041,0.5049512833356857,0.828027218580246,0.0,0.0,0.0009470972073011775,0.1333871332588934
